id,region,latitude,longitude,timestamp,phytoplankton_index,fish_activity_index,biodiversity_index,ecological_risk_score,ecological_risk,data_source
1,Sundarbans,21.87478,89.08838,2025-01-01 00:00:00,0.469,0.577,0.619,0.405,MEDIUM,SYNTHETIC_DEMO_DATA
2,Goa Coast,15.4019,74.0945,2025-01-01 02:54:51,0.448,0.705,0.689,0.241,LOW,SYNTHETIC_DEMO_DATA
3,Gujarat Coast,22.27714,69.62142,2025-01-01 05:49:42,0.411,0.676,0.734,0.346,MEDIUM,SYNTHETIC_DEMO_DATA
4,Kerala Coast,10.17355,76.45388,2025-01-01 08:44:33,0.479,0.643,0.772,0.373,MEDIUM,SYNTHETIC_DEMO_DATA
5,Kerala Coast,9.5699,76.64861,2025-01-01 11:39:24,0.647,0.751,0.708,0.343,MEDIUM,SYNTHETIC_DEMO_DATA
6,Andaman & Nicobar,11.8975,92.65089,2025-01-01 14:34:15,0.531,0.823,0.722,0.263,LOW,SYNTHETIC_DEMO_DATA
7,Sundarbans,22.21563,89.51648,2025-01-01 17:29:06,0.674,0.724,0.485,0.64,HIGH,SYNTHETIC_DEMO_DATA
8,Gujarat Coast,22.28261,69.66796,2025-01-01 20:23:57,0.39,0.526,0.767,0.271,LOW,SYNTHETIC_DEMO_DATA
9,Visakhapatnam,17.97226,83.20243,2025-01-01 23:18:48,0.406,0.778,0.67,0.265,LOW,SYNTHETIC_DEMO_DATA
10,Sundarbans,21.81309,89.04338,2025-01-02 02:13:39,0.69,0.633,0.592,0.518,MEDIUM,SYNTHETIC_DEMO_DATA
11,Mumbai Coast,18.83296,72.93773,2025-01-02 05:08:30,0.402,0.659,0.746,0.23,LOW,SYNTHETIC_DEMO_DATA
12,Lakshadweep,10.53401,72.72996,2025-01-02 08:03:21,0.337,0.716,0.832,0.233,LOW,SYNTHETIC_DEMO_DATA
13,Goa Coast,15.13532,73.9208,2025-01-02 10:58:12,0.439,0.72,0.669,0.4,MEDIUM,SYNTHETIC_DEMO_DATA
14,Goa Coast,15.51913,73.90865,2025-01-02 13:53:03,0.378,0.524,0.613,0.424,MEDIUM,SYNTHETIC_DEMO_DATA
15,Goa Coast,15.51299,73.86238,2025-01-02 16:47:54,0.473,0.722,0.53,0.444,MEDIUM,SYNTHETIC_DEMO_DATA
16,Goa Coast,15.40944,73.64112,2025-01-02 19:42:45,0.341,0.662,0.616,0.255,LOW,SYNTHETIC_DEMO_DATA
17,Mumbai Coast,18.97278,73.0358,2025-01-02 22:37:36,0.438,0.739,0.708,0.333,MEDIUM,SYNTHETIC_DEMO_DATA
18,Odisha Coast,19.78725,85.74449,2025-01-03 01:32:27,0.616,0.61,0.702,0.477,MEDIUM,SYNTHETIC_DEMO_DATA
19,Andaman & Nicobar,11.58284,92.55674,2025-01-03 04:27:19,0.348,0.668,0.565,0.284,LOW,SYNTHETIC_DEMO_DATA
20,Kerala Coast,9.85711,76.1859,2025-01-03 07:22:10,0.6,0.554,0.834,0.348,MEDIUM,SYNTHETIC_DEMO_DATA
21,Mumbai Coast,19.14613,73.0141,2025-01-03 10:17:01,0.404,0.642,0.761,0.279,LOW,SYNTHETIC_DEMO_DATA
22,Chennai Coast,13.04897,80.55618,2025-01-03 13:11:52,0.374,0.726,0.808,0.209,LOW,SYNTHETIC_DEMO_DATA
23,Odisha Coast,19.93445,85.46129,2025-01-03 16:06:43,0.454,0.573,0.562,0.563,MEDIUM,SYNTHETIC_DEMO_DATA
24,Lakshadweep,10.49056,72.57351,2025-01-03 19:01:34,0.297,0.606,0.67,0.361,MEDIUM,SYNTHETIC_DEMO_DATA
25,Goa Coast,15.49401,73.59018,2025-01-03 21:56:25,0.452,0.497,0.594,0.606,HIGH,SYNTHETIC_DEMO_DATA
26,Gujarat Coast,22.35536,69.32992,2025-01-04 00:51:16,0.332,0.605,0.643,0.396,MEDIUM,SYNTHETIC_DEMO_DATA
27,Kerala Coast,10.25001,76.35449,2025-01-04 03:46:07,0.572,0.732,0.635,0.297,LOW,SYNTHETIC_DEMO_DATA
28,Andaman & Nicobar,11.42001,92.94198,2025-01-04 06:40:58,0.53,0.732,0.77,0.171,LOW,SYNTHETIC_DEMO_DATA
29,Mumbai Coast,18.86059,72.86211,2025-01-04 09:35:49,0.769,0.715,0.731,0.446,MEDIUM,SYNTHETIC_DEMO_DATA
30,Kerala Coast,9.87693,76.1775,2025-01-04 12:30:40,0.187,0.386,0.61,0.59,MEDIUM,SYNTHETIC_DEMO_DATA
31,Kerala Coast,9.77756,76.23592,2025-01-04 15:25:31,0.537,0.801,0.675,0.291,LOW,SYNTHETIC_DEMO_DATA
32,Visakhapatnam,17.59155,83.26017,2025-01-04 18:20:22,0.286,0.557,0.686,0.389,MEDIUM,SYNTHETIC_DEMO_DATA
33,Sundarbans,22.44436,89.2141,2025-01-04 21:15:13,0.389,0.429,0.586,0.631,HIGH,SYNTHETIC_DEMO_DATA
34,Mumbai Coast,18.72824,72.86589,2025-01-05 00:10:04,0.378,0.785,0.67,0.336,MEDIUM,SYNTHETIC_DEMO_DATA
35,Andaman & Nicobar,11.63555,92.81624,2025-01-05 03:04:55,0.523,0.689,0.628,0.238,LOW,SYNTHETIC_DEMO_DATA
36,Sundarbans,22.01671,89.2171,2025-01-05 05:59:47,0.642,0.843,0.774,0.365,MEDIUM,SYNTHETIC_DEMO_DATA
37,Andaman & Nicobar,11.70215,93.26635,2025-01-05 08:54:38,0.39,0.864,0.645,0.232,LOW,SYNTHETIC_DEMO_DATA
38,Andaman & Nicobar,11.60036,92.64969,2025-01-05 11:49:29,0.596,0.571,0.748,0.266,LOW,SYNTHETIC_DEMO_DATA
39,Visakhapatnam,17.81542,83.296,2025-01-05 14:44:20,0.181,0.626,0.769,0.184,LOW,SYNTHETIC_DEMO_DATA
40,Gujarat Coast,22.25871,69.80495,2025-01-05 17:39:11,0.398,0.546,0.706,0.392,MEDIUM,SYNTHETIC_DEMO_DATA
41,Odisha Coast,19.55661,86.07165,2025-01-05 20:34:02,0.77,0.554,0.624,0.568,MEDIUM,SYNTHETIC_DEMO_DATA
42,Goa Coast,15.59916,74.04947,2025-01-05 23:28:53,0.439,0.539,0.719,0.368,MEDIUM,SYNTHETIC_DEMO_DATA
43,Goa Coast,15.5584,73.70051,2025-01-06 02:23:44,0.618,0.664,0.653,0.346,MEDIUM,SYNTHETIC_DEMO_DATA
44,Chennai Coast,12.69664,80.0436,2025-01-06 05:18:35,0.342,0.531,0.565,0.488,MEDIUM,SYNTHETIC_DEMO_DATA
45,Sundarbans,22.06079,89.0634,2025-01-06 08:13:26,0.55,0.649,0.707,0.382,MEDIUM,SYNTHETIC_DEMO_DATA
46,Lakshadweep,10.59764,72.85749,2025-01-06 11:08:17,0.433,0.624,0.643,0.311,MEDIUM,SYNTHETIC_DEMO_DATA
47,Kerala Coast,9.55289,76.1905,2025-01-06 14:03:08,0.487,0.671,0.545,0.453,MEDIUM,SYNTHETIC_DEMO_DATA
48,Andaman & Nicobar,11.82406,92.82513,2025-01-06 16:57:59,0.351,0.686,0.693,0.276,LOW,SYNTHETIC_DEMO_DATA
49,Gujarat Coast,21.99275,69.30456,2025-01-06 19:52:50,0.333,0.63,0.587,0.308,MEDIUM,SYNTHETIC_DEMO_DATA
50,Goa Coast,15.27526,73.48468,2025-01-06 22:47:41,0.268,0.666,0.754,0.295,LOW,SYNTHETIC_DEMO_DATA
51,Goa Coast,15.48193,73.39096,2025-01-07 01:42:32,0.561,0.793,0.793,0.173,LOW,SYNTHETIC_DEMO_DATA
52,Odisha Coast,20.19543,85.9885,2025-01-07 04:37:23,0.417,0.693,0.575,0.416,MEDIUM,SYNTHETIC_DEMO_DATA
53,Chennai Coast,13.27572,80.16234,2025-01-07 07:32:15,0.309,0.684,0.819,0.335,MEDIUM,SYNTHETIC_DEMO_DATA
54,Kerala Coast,9.5508,76.55422,2025-01-07 10:27:06,0.664,0.809,0.723,0.381,MEDIUM,SYNTHETIC_DEMO_DATA
55,Kerala Coast,10.07658,76.32311,2025-01-07 13:21:57,0.572,0.614,0.7,0.402,MEDIUM,SYNTHETIC_DEMO_DATA
56,Sundarbans,21.91375,89.26954,2025-01-07 16:16:48,0.535,0.659,0.557,0.356,MEDIUM,SYNTHETIC_DEMO_DATA
57,Mumbai Coast,19.26364,72.89694,2025-01-07 19:11:39,0.402,0.727,0.707,0.229,LOW,SYNTHETIC_DEMO_DATA
58,Odisha Coast,19.76672,85.70019,2025-01-07 22:06:30,0.508,0.714,0.646,0.349,MEDIUM,SYNTHETIC_DEMO_DATA
59,Goa Coast,15.45603,74.10626,2025-01-08 01:01:21,0.555,0.707,0.542,0.39,MEDIUM,SYNTHETIC_DEMO_DATA
60,Gujarat Coast,22.71091,69.61569,2025-01-08 03:56:12,0.376,0.635,0.574,0.336,MEDIUM,SYNTHETIC_DEMO_DATA
61,Lakshadweep,10.76365,73.12356,2025-01-08 06:51:03,0.326,0.434,0.658,0.512,MEDIUM,SYNTHETIC_DEMO_DATA
62,Goa Coast,15.34973,73.89964,2025-01-08 09:45:54,0.406,0.609,0.605,0.332,MEDIUM,SYNTHETIC_DEMO_DATA
63,Chennai Coast,13.02728,80.53728,2025-01-08 12:40:45,0.479,0.804,0.799,0.183,LOW,SYNTHETIC_DEMO_DATA
64,Lakshadweep,10.63959,72.59343,2025-01-08 15:35:36,0.541,0.743,0.727,0.174,LOW,SYNTHETIC_DEMO_DATA
65,Kerala Coast,9.6578,76.6647,2025-01-08 18:30:27,0.51,0.742,0.671,0.243,LOW,SYNTHETIC_DEMO_DATA
66,Chennai Coast,12.81554,80.52656,2025-01-08 21:25:18,0.329,0.585,0.659,0.377,MEDIUM,SYNTHETIC_DEMO_DATA
67,Lakshadweep,10.54059,72.65612,2025-01-09 00:20:09,0.379,0.697,0.646,0.294,LOW,SYNTHETIC_DEMO_DATA
68,Chennai Coast,13.64906,80.19504,2025-01-09 03:15:00,0.58,0.645,0.778,0.257,LOW,SYNTHETIC_DEMO_DATA
69,Sundarbans,21.82364,89.14441,2025-01-09 06:09:51,0.646,0.687,0.671,0.475,MEDIUM,SYNTHETIC_DEMO_DATA
70,Kerala Coast,9.84211,76.00122,2025-01-09 09:04:43,0.397,0.613,0.65,0.481,MEDIUM,SYNTHETIC_DEMO_DATA
71,Goa Coast,15.39143,73.73462,2025-01-09 11:59:34,0.601,0.525,0.658,0.269,LOW,SYNTHETIC_DEMO_DATA
72,Odisha Coast,19.80023,85.91068,2025-01-09 14:54:25,0.493,0.619,0.686,0.46,MEDIUM,SYNTHETIC_DEMO_DATA
73,Kerala Coast,9.97706,76.04496,2025-01-09 17:49:16,0.549,0.637,0.441,0.52,MEDIUM,SYNTHETIC_DEMO_DATA
74,Odisha Coast,20.3679,86.00327,2025-01-09 20:44:07,0.33,0.805,0.583,0.239,LOW,SYNTHETIC_DEMO_DATA
75,Gujarat Coast,22.38347,69.93285,2025-01-09 23:38:58,0.476,0.719,0.782,0.244,LOW,SYNTHETIC_DEMO_DATA
76,Kerala Coast,9.94123,76.07378,2025-01-10 02:33:49,0.588,0.531,0.611,0.422,MEDIUM,SYNTHETIC_DEMO_DATA
77,Chennai Coast,13.56926,79.95102,2025-01-10 05:28:40,0.337,0.499,0.45,0.606,HIGH,SYNTHETIC_DEMO_DATA
78,Visakhapatnam,17.6925,83.39767,2025-01-10 08:23:31,0.514,0.629,0.581,0.42,MEDIUM,SYNTHETIC_DEMO_DATA
79,Mumbai Coast,19.19741,72.80988,2025-01-10 11:18:22,0.463,0.576,0.72,0.389,MEDIUM,SYNTHETIC_DEMO_DATA
80,Gujarat Coast,22.4034,69.50898,2025-01-10 14:13:13,0.335,0.703,0.717,0.337,MEDIUM,SYNTHETIC_DEMO_DATA
81,Lakshadweep,10.51887,72.56849,2025-01-10 17:08:04,0.291,0.619,0.624,0.275,LOW,SYNTHETIC_DEMO_DATA
82,Kerala Coast,10.10904,76.32466,2025-01-10 20:02:55,0.86,0.82,0.641,0.354,MEDIUM,SYNTHETIC_DEMO_DATA
83,Odisha Coast,19.85908,85.90236,2025-01-10 22:57:46,0.401,0.856,0.698,0.245,LOW,SYNTHETIC_DEMO_DATA
84,Andaman & Nicobar,11.70525,92.67844,2025-01-11 01:52:37,0.501,0.745,0.774,0.213,LOW,SYNTHETIC_DEMO_DATA
85,Gujarat Coast,22.41775,69.58032,2025-01-11 04:47:28,0.488,0.648,0.706,0.153,LOW,SYNTHETIC_DEMO_DATA
86,Goa Coast,15.39382,73.75087,2025-01-11 07:42:19,0.372,0.587,0.744,0.228,LOW,SYNTHETIC_DEMO_DATA
87,Sundarbans,22.06007,89.34354,2025-01-11 10:37:11,0.537,0.702,0.576,0.427,MEDIUM,SYNTHETIC_DEMO_DATA
88,Chennai Coast,13.30539,80.46493,2025-01-11 13:32:02,0.278,0.649,0.649,0.286,LOW,SYNTHETIC_DEMO_DATA
89,Goa Coast,15.36818,74.10657,2025-01-11 16:26:53,0.495,0.574,0.435,0.663,HIGH,SYNTHETIC_DEMO_DATA
90,Andaman & Nicobar,11.60295,92.54806,2025-01-11 19:21:44,0.492,0.7,0.636,0.395,MEDIUM,SYNTHETIC_DEMO_DATA
91,Kerala Coast,9.78076,76.05582,2025-01-11 22:16:35,0.434,0.821,0.721,0.344,MEDIUM,SYNTHETIC_DEMO_DATA
92,Andaman & Nicobar,11.85526,92.45934,2025-01-12 01:11:26,0.687,0.673,0.486,0.553,MEDIUM,SYNTHETIC_DEMO_DATA
93,Andaman & Nicobar,11.80012,92.77078,2025-01-12 04:06:17,0.47,0.813,0.596,0.297,LOW,SYNTHETIC_DEMO_DATA
94,Chennai Coast,13.31249,80.41093,2025-01-12 07:01:08,0.296,0.708,0.77,0.177,LOW,SYNTHETIC_DEMO_DATA
95,Andaman & Nicobar,12.03313,92.60646,2025-01-12 09:55:59,0.435,0.576,0.662,0.425,MEDIUM,SYNTHETIC_DEMO_DATA
96,Visakhapatnam,17.65318,82.96575,2025-01-12 12:50:50,0.23,0.775,0.631,0.246,LOW,SYNTHETIC_DEMO_DATA
97,Visakhapatnam,17.66392,83.30277,2025-01-12 15:45:41,0.31,0.7,0.74,0.173,LOW,SYNTHETIC_DEMO_DATA
98,Gujarat Coast,22.71833,69.66725,2025-01-12 18:40:32,0.318,0.706,0.673,0.226,LOW,SYNTHETIC_DEMO_DATA
99,Gujarat Coast,22.50901,69.6944,2025-01-12 21:35:23,0.409,0.565,0.566,0.505,MEDIUM,SYNTHETIC_DEMO_DATA
100,Odisha Coast,19.64125,85.37896,2025-01-13 00:30:14,0.508,0.695,0.683,0.232,LOW,SYNTHETIC_DEMO_DATA
101,Andaman & Nicobar,11.93375,92.74966,2025-01-13 03:25:05,0.456,0.731,0.655,0.329,MEDIUM,SYNTHETIC_DEMO_DATA
102,Odisha Coast,19.74391,85.77333,2025-01-13 06:19:56,0.49,0.586,0.558,0.5,MEDIUM,SYNTHETIC_DEMO_DATA
103,Andaman & Nicobar,11.72353,92.91401,2025-01-13 09:14:47,0.569,0.743,0.682,0.31,MEDIUM,SYNTHETIC_DEMO_DATA
104,Sundarbans,21.81086,88.97922,2025-01-13 12:09:38,0.681,0.532,0.521,0.58,MEDIUM,SYNTHETIC_DEMO_DATA
105,Goa Coast,15.05835,73.82257,2025-01-13 15:04:30,0.325,0.694,0.719,0.177,LOW,SYNTHETIC_DEMO_DATA
106,Goa Coast,15.56634,73.81933,2025-01-13 17:59:21,0.595,0.715,0.799,0.252,LOW,SYNTHETIC_DEMO_DATA
107,Goa Coast,15.53314,73.82162,2025-01-13 20:54:12,0.331,0.524,0.417,0.54,MEDIUM,SYNTHETIC_DEMO_DATA
108,Gujarat Coast,22.19996,69.30239,2025-01-13 23:49:03,0.524,0.682,0.585,0.475,MEDIUM,SYNTHETIC_DEMO_DATA
109,Kerala Coast,9.58224,76.05875,2025-01-14 02:43:54,0.553,0.66,0.534,0.488,MEDIUM,SYNTHETIC_DEMO_DATA
110,Goa Coast,15.26868,73.96811,2025-01-14 05:38:45,0.574,0.848,0.803,0.239,LOW,SYNTHETIC_DEMO_DATA
111,Visakhapatnam,17.78248,83.3783,2025-01-14 08:33:36,0.387,0.734,0.795,0.2,LOW,SYNTHETIC_DEMO_DATA
112,Goa Coast,15.3104,73.34233,2025-01-14 11:28:27,0.385,0.661,0.752,0.287,LOW,SYNTHETIC_DEMO_DATA
113,Mumbai Coast,18.87807,72.88606,2025-01-14 14:23:18,0.704,0.712,0.654,0.302,MEDIUM,SYNTHETIC_DEMO_DATA
114,Kerala Coast,10.26178,75.70753,2025-01-14 17:18:09,0.331,0.565,0.657,0.242,LOW,SYNTHETIC_DEMO_DATA
115,Mumbai Coast,19.01265,72.58012,2025-01-14 20:13:00,0.252,0.66,0.643,0.414,MEDIUM,SYNTHETIC_DEMO_DATA
116,Mumbai Coast,18.9791,72.80324,2025-01-14 23:07:51,0.417,0.375,0.537,0.523,MEDIUM,SYNTHETIC_DEMO_DATA
117,Sundarbans,21.9803,89.23509,2025-01-15 02:02:42,0.543,0.595,0.692,0.466,MEDIUM,SYNTHETIC_DEMO_DATA
118,Odisha Coast,19.87306,85.68138,2025-01-15 04:57:33,0.462,0.57,0.664,0.477,MEDIUM,SYNTHETIC_DEMO_DATA
119,Visakhapatnam,17.57782,83.44188,2025-01-15 07:52:24,0.307,0.592,0.737,0.211,LOW,SYNTHETIC_DEMO_DATA
120,Odisha Coast,19.78879,85.77165,2025-01-15 10:47:15,0.677,0.597,0.577,0.387,MEDIUM,SYNTHETIC_DEMO_DATA
121,Kerala Coast,10.10328,76.32006,2025-01-15 13:42:06,0.611,0.63,0.748,0.22,LOW,SYNTHETIC_DEMO_DATA
122,Gujarat Coast,22.62018,69.64,2025-01-15 16:36:58,0.384,0.547,0.601,0.368,MEDIUM,SYNTHETIC_DEMO_DATA
123,Gujarat Coast,22.69624,69.71585,2025-01-15 19:31:49,0.409,0.612,0.57,0.439,MEDIUM,SYNTHETIC_DEMO_DATA
124,Kerala Coast,9.80907,76.15631,2025-01-15 22:26:40,0.584,0.691,0.775,0.201,LOW,SYNTHETIC_DEMO_DATA
125,Andaman & Nicobar,11.64948,92.61089,2025-01-16 01:21:31,0.457,0.545,0.627,0.422,MEDIUM,SYNTHETIC_DEMO_DATA
126,Mumbai Coast,19.13047,72.94612,2025-01-16 04:16:22,0.459,0.624,0.59,0.508,MEDIUM,SYNTHETIC_DEMO_DATA
127,Sundarbans,21.9673,89.00011,2025-01-16 07:11:13,0.528,0.659,0.679,0.377,MEDIUM,SYNTHETIC_DEMO_DATA
128,Goa Coast,15.42025,73.87521,2025-01-16 10:06:04,0.437,0.585,0.561,0.453,MEDIUM,SYNTHETIC_DEMO_DATA
129,Mumbai Coast,19.37125,73.06812,2025-01-16 13:00:55,0.558,0.647,0.71,0.344,MEDIUM,SYNTHETIC_DEMO_DATA
130,Gujarat Coast,22.03699,69.31697,2025-01-16 15:55:46,0.493,0.572,0.663,0.384,MEDIUM,SYNTHETIC_DEMO_DATA
131,Mumbai Coast,18.89712,72.66862,2025-01-16 18:50:37,0.333,0.75,0.673,0.251,LOW,SYNTHETIC_DEMO_DATA
132,Mumbai Coast,19.07532,72.87091,2025-01-16 21:45:28,0.377,0.652,0.687,0.345,MEDIUM,SYNTHETIC_DEMO_DATA
133,Sundarbans,22.06732,89.21916,2025-01-17 00:40:19,0.447,0.671,0.764,0.307,MEDIUM,SYNTHETIC_DEMO_DATA
134,Mumbai Coast,18.77145,72.76841,2025-01-17 03:35:10,0.427,0.609,0.538,0.433,MEDIUM,SYNTHETIC_DEMO_DATA
135,Goa Coast,15.38791,73.59189,2025-01-17 06:30:01,0.441,0.703,0.509,0.422,MEDIUM,SYNTHETIC_DEMO_DATA
136,Chennai Coast,12.92577,79.93972,2025-01-17 09:24:52,0.462,0.541,0.592,0.5,MEDIUM,SYNTHETIC_DEMO_DATA
137,Gujarat Coast,22.24545,69.52204,2025-01-17 12:19:43,0.368,0.778,0.616,0.396,MEDIUM,SYNTHETIC_DEMO_DATA
138,Sundarbans,21.95781,89.26308,2025-01-17 15:14:34,0.493,0.721,0.584,0.376,MEDIUM,SYNTHETIC_DEMO_DATA
139,Chennai Coast,13.18185,80.21945,2025-01-17 18:09:26,0.553,0.662,0.643,0.362,MEDIUM,SYNTHETIC_DEMO_DATA
140,Kerala Coast,10.08907,76.5993,2025-01-17 21:04:17,0.625,0.707,0.604,0.346,MEDIUM,SYNTHETIC_DEMO_DATA
141,Lakshadweep,10.57261,72.36658,2025-01-17 23:59:08,0.26,0.632,0.574,0.333,MEDIUM,SYNTHETIC_DEMO_DATA
142,Visakhapatnam,17.67333,83.22933,2025-01-18 02:53:59,0.437,0.735,0.804,0.318,MEDIUM,SYNTHETIC_DEMO_DATA
143,Visakhapatnam,17.67159,83.13361,2025-01-18 05:48:50,0.5,0.637,0.634,0.387,MEDIUM,SYNTHETIC_DEMO_DATA
144,Kerala Coast,9.9513,76.37228,2025-01-18 08:43:41,0.482,0.597,0.646,0.265,LOW,SYNTHETIC_DEMO_DATA
145,Lakshadweep,10.30282,72.71595,2025-01-18 11:38:32,0.479,0.694,0.659,0.286,LOW,SYNTHETIC_DEMO_DATA
146,Andaman & Nicobar,11.81343,92.59765,2025-01-18 14:33:23,0.612,0.792,0.693,0.363,MEDIUM,SYNTHETIC_DEMO_DATA
147,Sundarbans,22.16091,89.24498,2025-01-18 17:28:14,0.473,0.549,0.615,0.458,MEDIUM,SYNTHETIC_DEMO_DATA
148,Visakhapatnam,17.28933,83.36813,2025-01-18 20:23:05,0.344,0.739,0.715,0.288,LOW,SYNTHETIC_DEMO_DATA
149,Andaman & Nicobar,11.55102,92.50688,2025-01-18 23:17:56,0.486,0.768,0.766,0.295,LOW,SYNTHETIC_DEMO_DATA
150,Sundarbans,22.31079,89.20692,2025-01-19 02:12:47,0.408,0.563,0.551,0.506,MEDIUM,SYNTHETIC_DEMO_DATA
151,Andaman & Nicobar,12.06557,93.06452,2025-01-19 05:07:38,0.459,0.707,0.704,0.173,LOW,SYNTHETIC_DEMO_DATA
152,Visakhapatnam,17.67392,83.08635,2025-01-19 08:02:29,0.271,0.599,0.682,0.351,MEDIUM,SYNTHETIC_DEMO_DATA
153,Lakshadweep,10.50522,72.69834,2025-01-19 10:57:20,0.69,0.6,0.548,0.51,MEDIUM,SYNTHETIC_DEMO_DATA
154,Visakhapatnam,17.93503,83.08657,2025-01-19 13:52:11,0.344,0.659,0.728,0.304,MEDIUM,SYNTHETIC_DEMO_DATA
155,Kerala Coast,10.16767,76.20758,2025-01-19 16:47:02,0.482,0.665,0.661,0.437,MEDIUM,SYNTHETIC_DEMO_DATA
156,Gujarat Coast,22.05785,69.78859,2025-01-19 19:41:54,0.261,0.605,0.665,0.336,MEDIUM,SYNTHETIC_DEMO_DATA
157,Odisha Coast,19.88464,85.92674,2025-01-19 22:36:45,0.379,0.553,0.655,0.344,MEDIUM,SYNTHETIC_DEMO_DATA
158,Mumbai Coast,19.20492,72.94484,2025-01-20 01:31:36,0.625,0.703,0.727,0.225,LOW,SYNTHETIC_DEMO_DATA
159,Mumbai Coast,18.77367,72.94708,2025-01-20 04:26:27,0.318,0.666,0.673,0.27,LOW,SYNTHETIC_DEMO_DATA
160,Goa Coast,15.56048,73.70986,2025-01-20 07:21:18,0.471,0.549,0.413,0.538,MEDIUM,SYNTHETIC_DEMO_DATA
161,Lakshadweep,10.48854,72.55934,2025-01-20 10:16:09,0.418,0.619,0.735,0.268,LOW,SYNTHETIC_DEMO_DATA
162,Gujarat Coast,22.33329,69.67143,2025-01-20 13:11:00,0.315,0.67,0.626,0.435,MEDIUM,SYNTHETIC_DEMO_DATA
163,Kerala Coast,9.80343,76.23541,2025-01-20 16:05:51,0.527,0.645,0.668,0.469,MEDIUM,SYNTHETIC_DEMO_DATA
164,Kerala Coast,9.61724,76.39424,2025-01-20 19:00:42,0.548,0.588,0.651,0.434,MEDIUM,SYNTHETIC_DEMO_DATA
165,Kerala Coast,10.11694,76.34863,2025-01-20 21:55:33,0.555,0.724,0.721,0.325,MEDIUM,SYNTHETIC_DEMO_DATA
166,Andaman & Nicobar,11.60157,92.52338,2025-01-21 00:50:24,0.543,0.36,0.742,0.39,MEDIUM,SYNTHETIC_DEMO_DATA
167,Chennai Coast,12.68082,80.57388,2025-01-21 03:45:15,0.19,0.535,0.659,0.211,LOW,SYNTHETIC_DEMO_DATA
168,Odisha Coast,19.82884,85.90868,2025-01-21 06:40:06,0.464,0.712,0.753,0.239,LOW,SYNTHETIC_DEMO_DATA
169,Chennai Coast,12.95065,80.37458,2025-01-21 09:34:57,0.272,0.518,0.801,0.324,MEDIUM,SYNTHETIC_DEMO_DATA
170,Sundarbans,22.07015,89.00078,2025-01-21 12:29:48,0.597,0.619,0.69,0.467,MEDIUM,SYNTHETIC_DEMO_DATA
171,Odisha Coast,19.90614,85.86335,2025-01-21 15:24:39,0.696,0.584,0.517,0.608,HIGH,SYNTHETIC_DEMO_DATA
172,Sundarbans,21.84131,89.40948,2025-01-21 18:19:30,0.469,0.807,0.816,0.214,LOW,SYNTHETIC_DEMO_DATA
173,Goa Coast,15.12625,73.52979,2025-01-21 21:14:22,0.447,0.597,0.78,0.307,MEDIUM,SYNTHETIC_DEMO_DATA
174,Goa Coast,15.5165,73.73258,2025-01-22 00:09:13,0.544,0.558,0.578,0.327,MEDIUM,SYNTHETIC_DEMO_DATA
175,Gujarat Coast,22.28881,69.95382,2025-01-22 03:04:04,0.534,0.619,0.543,0.468,MEDIUM,SYNTHETIC_DEMO_DATA
176,Kerala Coast,10.15357,76.20782,2025-01-22 05:58:55,0.513,0.674,0.601,0.337,MEDIUM,SYNTHETIC_DEMO_DATA
177,Goa Coast,15.51925,73.78915,2025-01-22 08:53:46,0.265,0.667,0.617,0.211,LOW,SYNTHETIC_DEMO_DATA
178,Odisha Coast,19.76408,85.82774,2025-01-22 11:48:37,0.524,0.605,0.656,0.528,MEDIUM,SYNTHETIC_DEMO_DATA
179,Lakshadweep,10.80983,72.88111,2025-01-22 14:43:28,0.328,0.61,0.774,0.3,LOW,SYNTHETIC_DEMO_DATA
180,Mumbai Coast,19.17641,72.74756,2025-01-22 17:38:19,0.551,0.743,0.794,0.279,LOW,SYNTHETIC_DEMO_DATA
181,Lakshadweep,10.66091,72.65028,2025-01-22 20:33:10,0.449,0.723,0.708,0.245,LOW,SYNTHETIC_DEMO_DATA
182,Odisha Coast,19.91038,85.77117,2025-01-22 23:28:01,0.475,0.495,0.527,0.444,MEDIUM,SYNTHETIC_DEMO_DATA
183,Kerala Coast,10.08282,76.31907,2025-01-23 02:22:52,0.529,0.531,0.428,0.662,HIGH,SYNTHETIC_DEMO_DATA
184,Gujarat Coast,22.11766,69.75611,2025-01-23 05:17:43,0.329,0.577,0.685,0.496,MEDIUM,SYNTHETIC_DEMO_DATA
185,Kerala Coast,9.851,76.1571,2025-01-23 08:12:34,0.548,0.754,0.71,0.224,LOW,SYNTHETIC_DEMO_DATA
186,Kerala Coast,9.63603,76.31478,2025-01-23 11:07:25,0.437,0.753,0.755,0.258,LOW,SYNTHETIC_DEMO_DATA
187,Odisha Coast,19.64648,85.63412,2025-01-23 14:02:16,0.37,0.707,0.808,0.299,LOW,SYNTHETIC_DEMO_DATA
188,Chennai Coast,13.15796,80.20966,2025-01-23 16:57:07,0.426,0.652,0.621,0.289,LOW,SYNTHETIC_DEMO_DATA
189,Visakhapatnam,17.45059,83.61787,2025-01-23 19:51:58,0.523,0.631,0.655,0.2,LOW,SYNTHETIC_DEMO_DATA
190,Chennai Coast,12.81357,80.42909,2025-01-23 22:46:50,0.442,0.795,0.602,0.358,MEDIUM,SYNTHETIC_DEMO_DATA
191,Gujarat Coast,22.04213,69.53299,2025-01-24 01:41:41,0.383,0.855,0.771,0.259,LOW,SYNTHETIC_DEMO_DATA
192,Gujarat Coast,22.24528,69.55715,2025-01-24 04:36:32,0.317,0.648,0.632,0.492,MEDIUM,SYNTHETIC_DEMO_DATA
193,Gujarat Coast,22.25783,69.57164,2025-01-24 07:31:23,0.387,0.654,0.665,0.212,LOW,SYNTHETIC_DEMO_DATA
194,Chennai Coast,13.33742,80.14167,2025-01-24 10:26:14,0.451,0.616,0.607,0.373,MEDIUM,SYNTHETIC_DEMO_DATA
195,Lakshadweep,10.55664,73.05664,2025-01-24 13:21:05,0.459,0.676,0.481,0.478,MEDIUM,SYNTHETIC_DEMO_DATA
196,Sundarbans,21.96319,89.52288,2025-01-24 16:15:56,0.462,0.706,0.606,0.398,MEDIUM,SYNTHETIC_DEMO_DATA
197,Chennai Coast,12.92513,80.47521,2025-01-24 19:10:47,0.341,0.747,0.717,0.188,LOW,SYNTHETIC_DEMO_DATA
198,Odisha Coast,19.814,86.00876,2025-01-24 22:05:38,0.373,0.675,0.831,0.318,MEDIUM,SYNTHETIC_DEMO_DATA
199,Chennai Coast,13.33108,80.09938,2025-01-25 01:00:29,0.398,0.647,0.647,0.342,MEDIUM,SYNTHETIC_DEMO_DATA
200,Lakshadweep,10.34061,72.72576,2025-01-25 03:55:20,0.597,0.79,0.579,0.483,MEDIUM,SYNTHETIC_DEMO_DATA
201,Chennai Coast,13.13637,80.01386,2025-01-25 06:50:11,0.379,0.802,0.649,0.25,LOW,SYNTHETIC_DEMO_DATA
202,Lakshadweep,10.35408,72.83815,2025-01-25 09:45:02,0.713,0.533,0.56,0.491,MEDIUM,SYNTHETIC_DEMO_DATA
203,Kerala Coast,9.8294,76.32596,2025-01-25 12:39:53,0.714,0.75,0.688,0.309,MEDIUM,SYNTHETIC_DEMO_DATA
204,Gujarat Coast,22.42445,69.4391,2025-01-25 15:34:44,0.45,0.784,0.646,0.335,MEDIUM,SYNTHETIC_DEMO_DATA
205,Kerala Coast,10.29929,76.21826,2025-01-25 18:29:35,0.373,0.673,0.647,0.383,MEDIUM,SYNTHETIC_DEMO_DATA
206,Visakhapatnam,17.61193,83.04105,2025-01-25 21:24:26,0.552,0.543,0.554,0.479,MEDIUM,SYNTHETIC_DEMO_DATA
207,Goa Coast,15.70675,73.63852,2025-01-26 00:19:17,0.325,0.571,0.769,0.239,LOW,SYNTHETIC_DEMO_DATA
208,Lakshadweep,10.94815,72.62093,2025-01-26 03:14:09,0.453,0.725,0.872,0.202,LOW,SYNTHETIC_DEMO_DATA
209,Visakhapatnam,17.73113,83.40013,2025-01-26 06:09:00,0.565,0.74,0.673,0.252,LOW,SYNTHETIC_DEMO_DATA
210,Goa Coast,15.48566,73.69713,2025-01-26 09:03:51,0.523,0.669,0.648,0.373,MEDIUM,SYNTHETIC_DEMO_DATA
211,Visakhapatnam,17.3422,83.04549,2025-01-26 11:58:42,0.332,0.775,0.701,0.139,LOW,SYNTHETIC_DEMO_DATA
212,Goa Coast,15.48137,73.8536,2025-01-26 14:53:33,0.323,0.561,0.488,0.537,MEDIUM,SYNTHETIC_DEMO_DATA
213,Goa Coast,15.57269,73.80246,2025-01-26 17:48:24,0.45,0.517,0.698,0.276,LOW,SYNTHETIC_DEMO_DATA
214,Kerala Coast,10.16054,76.58428,2025-01-26 20:43:15,0.544,0.493,0.644,0.298,LOW,SYNTHETIC_DEMO_DATA
215,Goa Coast,15.27289,73.77834,2025-01-26 23:38:06,0.515,0.639,0.693,0.185,LOW,SYNTHETIC_DEMO_DATA
216,Visakhapatnam,17.54896,83.47042,2025-01-27 02:32:57,0.483,0.749,0.698,0.233,LOW,SYNTHETIC_DEMO_DATA
217,Sundarbans,21.95754,89.25663,2025-01-27 05:27:48,0.672,0.592,0.641,0.408,MEDIUM,SYNTHETIC_DEMO_DATA
218,Sundarbans,22.07473,89.05431,2025-01-27 08:22:39,0.52,0.663,0.571,0.505,MEDIUM,SYNTHETIC_DEMO_DATA
219,Kerala Coast,10.03193,76.21986,2025-01-27 11:17:30,0.484,0.645,0.615,0.288,LOW,SYNTHETIC_DEMO_DATA
220,Lakshadweep,10.57393,72.48274,2025-01-27 14:12:21,0.56,0.92,0.529,0.213,LOW,SYNTHETIC_DEMO_DATA
221,Odisha Coast,19.67621,85.77705,2025-01-27 17:07:12,0.478,0.601,0.634,0.314,MEDIUM,SYNTHETIC_DEMO_DATA
222,Kerala Coast,9.87635,75.92561,2025-01-27 20:02:03,0.625,0.678,0.842,0.195,LOW,SYNTHETIC_DEMO_DATA
223,Goa Coast,15.81309,73.6267,2025-01-27 22:56:54,0.241,0.559,0.695,0.474,MEDIUM,SYNTHETIC_DEMO_DATA
224,Visakhapatnam,17.57296,82.94063,2025-01-28 01:51:45,0.526,0.568,0.528,0.406,MEDIUM,SYNTHETIC_DEMO_DATA
225,Goa Coast,15.78464,73.67437,2025-01-28 04:46:37,0.526,0.583,0.788,0.358,MEDIUM,SYNTHETIC_DEMO_DATA
226,Chennai Coast,13.25676,80.19244,2025-01-28 07:41:28,0.488,0.508,0.534,0.478,MEDIUM,SYNTHETIC_DEMO_DATA
227,Andaman & Nicobar,12.05138,92.89098,2025-01-28 10:36:19,0.455,0.783,0.597,0.338,MEDIUM,SYNTHETIC_DEMO_DATA
228,Mumbai Coast,18.63689,73.12402,2025-01-28 13:31:10,0.379,0.672,0.668,0.307,MEDIUM,SYNTHETIC_DEMO_DATA
229,Mumbai Coast,18.93899,72.8468,2025-01-28 16:26:01,0.466,0.556,0.671,0.38,MEDIUM,SYNTHETIC_DEMO_DATA
230,Odisha Coast,19.8895,85.72605,2025-01-28 19:20:52,0.412,0.813,0.672,0.332,MEDIUM,SYNTHETIC_DEMO_DATA
231,Kerala Coast,9.84608,76.27228,2025-01-28 22:15:43,0.517,0.723,0.811,0.223,LOW,SYNTHETIC_DEMO_DATA
232,Andaman & Nicobar,11.71276,92.41754,2025-01-29 01:10:34,0.513,0.803,0.648,0.226,LOW,SYNTHETIC_DEMO_DATA
233,Sundarbans,21.67367,89.36828,2025-01-29 04:05:25,0.467,0.822,0.669,0.403,MEDIUM,SYNTHETIC_DEMO_DATA
234,Goa Coast,15.62701,74.25763,2025-01-29 07:00:16,0.327,0.614,0.72,0.219,LOW,SYNTHETIC_DEMO_DATA
235,Kerala Coast,10.09261,76.29311,2025-01-29 09:55:07,0.694,0.791,0.789,0.321,MEDIUM,SYNTHETIC_DEMO_DATA
236,Goa Coast,15.83198,74.20017,2025-01-29 12:49:58,0.543,0.806,0.583,0.354,MEDIUM,SYNTHETIC_DEMO_DATA
237,Gujarat Coast,22.51742,69.64184,2025-01-29 15:44:49,0.387,0.572,0.445,0.574,MEDIUM,SYNTHETIC_DEMO_DATA
238,Kerala Coast,9.79741,76.02739,2025-01-29 18:39:40,0.414,0.588,0.7,0.286,LOW,SYNTHETIC_DEMO_DATA
239,Chennai Coast,12.76406,80.20322,2025-01-29 21:34:31,0.333,0.745,0.721,0.261,LOW,SYNTHETIC_DEMO_DATA
240,Gujarat Coast,22.55818,69.6394,2025-01-30 00:29:22,0.489,0.575,0.904,0.191,LOW,SYNTHETIC_DEMO_DATA
241,Odisha Coast,19.84822,85.94429,2025-01-30 03:24:13,0.469,0.599,0.494,0.664,HIGH,SYNTHETIC_DEMO_DATA
242,Mumbai Coast,19.03773,73.00719,2025-01-30 06:19:05,0.431,0.736,0.65,0.349,MEDIUM,SYNTHETIC_DEMO_DATA
243,Sundarbans,22.12361,89.16253,2025-01-30 09:13:56,0.442,0.726,0.526,0.492,MEDIUM,SYNTHETIC_DEMO_DATA
244,Gujarat Coast,22.5063,69.56272,2025-01-30 12:08:47,0.328,0.561,0.752,0.307,MEDIUM,SYNTHETIC_DEMO_DATA
245,Gujarat Coast,21.97084,69.67029,2025-01-30 15:03:38,0.627,0.754,0.604,0.397,MEDIUM,SYNTHETIC_DEMO_DATA
246,Sundarbans,21.76799,89.36181,2025-01-30 17:58:29,0.565,0.679,0.558,0.456,MEDIUM,SYNTHETIC_DEMO_DATA
247,Goa Coast,15.53424,73.74678,2025-01-30 20:53:20,0.483,0.71,0.767,0.219,LOW,SYNTHETIC_DEMO_DATA
248,Kerala Coast,9.89196,76.33762,2025-01-30 23:48:11,0.61,0.673,0.686,0.274,LOW,SYNTHETIC_DEMO_DATA
249,Goa Coast,15.65659,73.99935,2025-01-31 02:43:02,0.336,0.499,0.612,0.4,MEDIUM,SYNTHETIC_DEMO_DATA
250,Sundarbans,21.77494,89.31015,2025-01-31 05:37:53,0.557,0.83,0.845,0.254,LOW,SYNTHETIC_DEMO_DATA
251,Odisha Coast,20.18755,85.77207,2025-01-31 08:32:44,0.498,0.645,0.599,0.477,MEDIUM,SYNTHETIC_DEMO_DATA
252,Kerala Coast,9.78612,76.54829,2025-01-31 11:27:35,0.503,0.764,0.609,0.339,MEDIUM,SYNTHETIC_DEMO_DATA
253,Odisha Coast,19.61665,85.71202,2025-01-31 14:22:26,0.753,0.623,0.613,0.496,MEDIUM,SYNTHETIC_DEMO_DATA
254,Chennai Coast,12.90853,80.32406,2025-01-31 17:17:17,0.403,0.655,0.719,0.176,LOW,SYNTHETIC_DEMO_DATA
255,Gujarat Coast,22.62584,69.60377,2025-01-31 20:12:08,0.49,0.678,0.644,0.3,MEDIUM,SYNTHETIC_DEMO_DATA
256,Odisha Coast,19.83291,86.3288,2025-01-31 23:06:59,0.299,0.642,0.517,0.579,MEDIUM,SYNTHETIC_DEMO_DATA
257,Gujarat Coast,22.42414,69.87416,2025-02-01 02:01:50,0.358,0.605,0.694,0.428,MEDIUM,SYNTHETIC_DEMO_DATA
258,Odisha Coast,19.94957,85.96737,2025-02-01 04:56:41,0.568,0.676,0.718,0.337,MEDIUM,SYNTHETIC_DEMO_DATA
259,Odisha Coast,19.53959,85.81187,2025-02-01 07:51:33,0.317,0.817,0.59,0.379,MEDIUM,SYNTHETIC_DEMO_DATA
260,Mumbai Coast,18.83349,72.26623,2025-02-01 10:46:24,0.475,0.664,0.537,0.435,MEDIUM,SYNTHETIC_DEMO_DATA
261,Goa Coast,15.42383,73.79668,2025-02-01 13:41:15,0.592,0.608,0.668,0.342,MEDIUM,SYNTHETIC_DEMO_DATA
262,Odisha Coast,19.86222,86.07949,2025-02-01 16:36:06,0.509,0.75,0.597,0.416,MEDIUM,SYNTHETIC_DEMO_DATA
263,Visakhapatnam,17.77904,83.13995,2025-02-01 19:30:57,0.542,0.713,0.728,0.127,LOW,SYNTHETIC_DEMO_DATA
264,Lakshadweep,10.49155,72.70765,2025-02-01 22:25:48,0.304,0.639,0.417,0.403,MEDIUM,SYNTHETIC_DEMO_DATA
265,Lakshadweep,10.55908,72.6861,2025-02-02 01:20:39,0.393,0.536,0.485,0.319,MEDIUM,SYNTHETIC_DEMO_DATA
266,Mumbai Coast,19.03624,72.9151,2025-02-02 04:15:30,0.508,0.567,0.642,0.309,MEDIUM,SYNTHETIC_DEMO_DATA
267,Kerala Coast,9.85083,76.18948,2025-02-02 07:10:21,0.477,0.832,0.681,0.248,LOW,SYNTHETIC_DEMO_DATA
268,Chennai Coast,13.16278,80.14809,2025-02-02 10:05:12,0.321,0.648,0.772,0.307,MEDIUM,SYNTHETIC_DEMO_DATA
269,Gujarat Coast,22.51711,69.78798,2025-02-02 13:00:03,0.336,0.632,0.574,0.324,MEDIUM,SYNTHETIC_DEMO_DATA
270,Mumbai Coast,19.13506,72.87084,2025-02-02 15:54:54,0.247,0.568,0.751,0.336,MEDIUM,SYNTHETIC_DEMO_DATA
271,Visakhapatnam,17.639,83.49465,2025-02-02 18:49:45,0.455,0.736,0.656,0.367,MEDIUM,SYNTHETIC_DEMO_DATA
272,Sundarbans,22.08244,89.09796,2025-02-02 21:44:36,0.443,0.642,0.688,0.38,MEDIUM,SYNTHETIC_DEMO_DATA
273,Odisha Coast,19.59839,85.74738,2025-02-03 00:39:27,0.598,0.796,0.653,0.32,MEDIUM,SYNTHETIC_DEMO_DATA
274,Lakshadweep,10.31349,72.59901,2025-02-03 03:34:18,0.404,0.643,0.618,0.269,LOW,SYNTHETIC_DEMO_DATA
275,Kerala Coast,10.09361,76.45978,2025-02-03 06:29:09,0.459,0.637,0.757,0.342,MEDIUM,SYNTHETIC_DEMO_DATA
276,Kerala Coast,9.78984,76.1254,2025-02-03 09:24:01,0.541,0.55,0.595,0.487,MEDIUM,SYNTHETIC_DEMO_DATA
277,Kerala Coast,9.7395,76.07603,2025-02-03 12:18:52,0.43,0.593,0.639,0.332,MEDIUM,SYNTHETIC_DEMO_DATA
278,Goa Coast,15.08361,73.82736,2025-02-03 15:13:43,0.403,0.681,0.665,0.362,MEDIUM,SYNTHETIC_DEMO_DATA
279,Sundarbans,21.84191,89.13167,2025-02-03 18:08:34,0.542,0.69,0.592,0.44,MEDIUM,SYNTHETIC_DEMO_DATA
280,Sundarbans,21.85891,88.87003,2025-02-03 21:03:25,0.387,0.678,0.66,0.422,MEDIUM,SYNTHETIC_DEMO_DATA
281,Visakhapatnam,17.78432,83.03327,2025-02-03 23:58:16,0.356,0.707,0.659,0.354,MEDIUM,SYNTHETIC_DEMO_DATA
282,Kerala Coast,9.84359,76.68387,2025-02-04 02:53:07,0.652,0.723,0.63,0.46,MEDIUM,SYNTHETIC_DEMO_DATA
283,Gujarat Coast,22.00053,69.71813,2025-02-04 05:47:58,0.371,0.564,0.673,0.318,MEDIUM,SYNTHETIC_DEMO_DATA
284,Kerala Coast,9.7727,76.44475,2025-02-04 08:42:49,0.536,0.817,0.604,0.268,LOW,SYNTHETIC_DEMO_DATA
285,Kerala Coast,9.80676,75.99308,2025-02-04 11:37:40,0.504,0.66,0.646,0.369,MEDIUM,SYNTHETIC_DEMO_DATA
286,Lakshadweep,10.68498,72.35788,2025-02-04 14:32:31,0.445,0.664,0.635,0.199,LOW,SYNTHETIC_DEMO_DATA
287,Odisha Coast,19.50046,85.83293,2025-02-04 17:27:22,0.411,0.64,0.65,0.446,MEDIUM,SYNTHETIC_DEMO_DATA
288,Mumbai Coast,18.92147,72.53094,2025-02-04 20:22:13,0.494,0.448,0.501,0.551,MEDIUM,SYNTHETIC_DEMO_DATA
289,Mumbai Coast,18.73149,73.10541,2025-02-04 23:17:04,0.492,0.634,0.496,0.476,MEDIUM,SYNTHETIC_DEMO_DATA
290,Kerala Coast,9.93147,76.09936,2025-02-05 02:11:55,0.656,0.644,0.751,0.271,LOW,SYNTHETIC_DEMO_DATA
291,Andaman & Nicobar,11.80672,92.90727,2025-02-05 05:06:46,0.628,0.809,0.828,0.222,LOW,SYNTHETIC_DEMO_DATA
292,Visakhapatnam,17.53543,83.51979,2025-02-05 08:01:37,0.423,0.548,0.681,0.241,LOW,SYNTHETIC_DEMO_DATA
293,Lakshadweep,10.62534,72.96839,2025-02-05 10:56:28,0.373,0.673,0.636,0.325,MEDIUM,SYNTHETIC_DEMO_DATA
294,Chennai Coast,13.38431,80.54598,2025-02-05 13:51:20,0.455,0.87,0.645,0.213,LOW,SYNTHETIC_DEMO_DATA
295,Mumbai Coast,19.2327,72.94343,2025-02-05 16:46:11,0.732,0.716,0.643,0.466,MEDIUM,SYNTHETIC_DEMO_DATA
296,Mumbai Coast,18.69043,72.6925,2025-02-05 19:41:02,0.472,0.702,0.604,0.385,MEDIUM,SYNTHETIC_DEMO_DATA
297,Andaman & Nicobar,11.88543,92.56634,2025-02-05 22:35:53,0.472,0.653,0.714,0.166,LOW,SYNTHETIC_DEMO_DATA
298,Kerala Coast,9.73766,76.39895,2025-02-06 01:30:44,0.577,0.682,0.628,0.482,MEDIUM,SYNTHETIC_DEMO_DATA
299,Visakhapatnam,17.54285,83.43944,2025-02-06 04:25:35,0.423,0.602,0.698,0.179,LOW,SYNTHETIC_DEMO_DATA
300,Sundarbans,21.80609,89.11474,2025-02-06 07:20:26,0.653,0.664,0.77,0.314,MEDIUM,SYNTHETIC_DEMO_DATA
301,Chennai Coast,13.20016,80.61137,2025-02-06 10:15:17,0.412,0.631,0.752,0.172,LOW,SYNTHETIC_DEMO_DATA
302,Andaman & Nicobar,11.99379,92.66011,2025-02-06 13:10:08,0.386,0.731,0.612,0.256,LOW,SYNTHETIC_DEMO_DATA
303,Sundarbans,21.97097,89.27045,2025-02-06 16:04:59,0.457,0.673,0.731,0.268,LOW,SYNTHETIC_DEMO_DATA
304,Andaman & Nicobar,12.00179,92.69732,2025-02-06 18:59:50,0.373,0.694,0.732,0.249,LOW,SYNTHETIC_DEMO_DATA
305,Mumbai Coast,18.7141,72.75157,2025-02-06 21:54:41,0.525,0.657,0.702,0.357,MEDIUM,SYNTHETIC_DEMO_DATA
306,Odisha Coast,19.61875,85.98247,2025-02-07 00:49:32,0.357,0.717,0.717,0.245,LOW,SYNTHETIC_DEMO_DATA
307,Chennai Coast,13.18383,79.9873,2025-02-07 03:44:23,0.418,0.691,0.587,0.258,LOW,SYNTHETIC_DEMO_DATA
308,Mumbai Coast,18.83696,72.92879,2025-02-07 06:39:14,0.633,0.761,0.633,0.387,MEDIUM,SYNTHETIC_DEMO_DATA
309,Chennai Coast,12.96276,79.90577,2025-02-07 09:34:05,0.539,0.647,0.563,0.392,MEDIUM,SYNTHETIC_DEMO_DATA
310,Odisha Coast,19.99471,85.72712,2025-02-07 12:28:56,0.495,0.845,0.545,0.344,MEDIUM,SYNTHETIC_DEMO_DATA
311,Gujarat Coast,22.59134,69.443,2025-02-07 15:23:48,0.415,0.611,0.779,0.29,LOW,SYNTHETIC_DEMO_DATA
312,Gujarat Coast,22.53182,69.52145,2025-02-07 18:18:39,0.374,0.664,0.615,0.509,MEDIUM,SYNTHETIC_DEMO_DATA
313,Odisha Coast,19.7452,85.87649,2025-02-07 21:13:30,0.601,0.653,0.793,0.276,LOW,SYNTHETIC_DEMO_DATA
314,Visakhapatnam,17.4926,83.48728,2025-02-08 00:08:21,0.497,0.677,0.559,0.409,MEDIUM,SYNTHETIC_DEMO_DATA
315,Visakhapatnam,17.76716,83.11332,2025-02-08 03:03:12,0.418,0.54,0.695,0.346,MEDIUM,SYNTHETIC_DEMO_DATA
316,Gujarat Coast,22.04252,69.60594,2025-02-08 05:58:03,0.328,0.697,0.831,0.304,MEDIUM,SYNTHETIC_DEMO_DATA
317,Goa Coast,15.78759,73.99105,2025-02-08 08:52:54,0.353,0.686,0.49,0.306,MEDIUM,SYNTHETIC_DEMO_DATA
318,Goa Coast,15.49066,73.84923,2025-02-08 11:47:45,0.512,0.718,0.706,0.266,LOW,SYNTHETIC_DEMO_DATA
319,Lakshadweep,10.6351,73.04573,2025-02-08 14:42:36,0.492,0.759,0.766,0.238,LOW,SYNTHETIC_DEMO_DATA
320,Goa Coast,15.41951,74.01302,2025-02-08 17:37:27,0.437,0.53,0.625,0.211,LOW,SYNTHETIC_DEMO_DATA
321,Chennai Coast,13.1638,79.90945,2025-02-08 20:32:18,0.326,0.6,0.697,0.253,LOW,SYNTHETIC_DEMO_DATA
322,Odisha Coast,19.79171,85.79506,2025-02-08 23:27:09,0.45,0.872,0.671,0.258,LOW,SYNTHETIC_DEMO_DATA
323,Gujarat Coast,22.22585,69.61912,2025-02-09 02:22:00,0.362,0.837,0.777,0.235,LOW,SYNTHETIC_DEMO_DATA
324,Lakshadweep,10.42025,72.84957,2025-02-09 05:16:51,0.41,0.688,0.736,0.225,LOW,SYNTHETIC_DEMO_DATA
325,Lakshadweep,10.86395,72.64601,2025-02-09 08:11:42,0.352,0.573,0.64,0.368,MEDIUM,SYNTHETIC_DEMO_DATA
326,Visakhapatnam,17.69724,83.37014,2025-02-09 11:06:33,0.626,0.77,0.643,0.205,LOW,SYNTHETIC_DEMO_DATA
327,Visakhapatnam,17.61545,83.33843,2025-02-09 14:01:24,0.378,0.623,0.665,0.28,LOW,SYNTHETIC_DEMO_DATA
328,Sundarbans,22.06457,89.08447,2025-02-09 16:56:16,0.501,0.69,0.781,0.296,LOW,SYNTHETIC_DEMO_DATA
329,Odisha Coast,20.08219,85.69753,2025-02-09 19:51:07,0.361,0.555,0.617,0.29,LOW,SYNTHETIC_DEMO_DATA
330,Mumbai Coast,19.23161,72.89354,2025-02-09 22:45:58,0.483,0.648,0.483,0.563,MEDIUM,SYNTHETIC_DEMO_DATA
331,Mumbai Coast,19.00473,72.90696,2025-02-10 01:40:49,0.455,0.67,0.637,0.301,MEDIUM,SYNTHETIC_DEMO_DATA
332,Chennai Coast,13.01527,80.35502,2025-02-10 04:35:40,0.545,0.654,0.61,0.467,MEDIUM,SYNTHETIC_DEMO_DATA
333,Chennai Coast,13.00975,80.49666,2025-02-10 07:30:31,0.501,0.551,0.707,0.335,MEDIUM,SYNTHETIC_DEMO_DATA
334,Andaman & Nicobar,11.68459,92.63992,2025-02-10 10:25:22,0.364,0.579,0.384,0.494,MEDIUM,SYNTHETIC_DEMO_DATA
335,Kerala Coast,9.81496,76.43044,2025-02-10 13:20:13,0.745,0.709,0.612,0.393,MEDIUM,SYNTHETIC_DEMO_DATA
336,Andaman & Nicobar,11.83221,92.58364,2025-02-10 16:15:04,0.409,0.558,0.65,0.329,MEDIUM,SYNTHETIC_DEMO_DATA
337,Lakshadweep,10.47004,72.6257,2025-02-10 19:09:55,0.407,0.777,0.817,0.173,LOW,SYNTHETIC_DEMO_DATA
338,Chennai Coast,12.90747,80.692,2025-02-10 22:04:46,0.374,0.689,0.77,0.192,LOW,SYNTHETIC_DEMO_DATA
339,Visakhapatnam,17.64691,83.00106,2025-02-11 00:59:37,0.448,0.764,0.706,0.278,LOW,SYNTHETIC_DEMO_DATA
340,Lakshadweep,10.84027,72.90988,2025-02-11 03:54:28,0.263,0.645,0.641,0.311,MEDIUM,SYNTHETIC_DEMO_DATA
341,Gujarat Coast,21.8866,69.8076,2025-02-11 06:49:19,0.271,0.685,0.656,0.195,LOW,SYNTHETIC_DEMO_DATA
342,Visakhapatnam,18.01914,83.23185,2025-02-11 09:44:10,0.394,0.492,0.704,0.274,LOW,SYNTHETIC_DEMO_DATA
343,Gujarat Coast,22.30144,69.77926,2025-02-11 12:39:01,0.242,0.781,0.624,0.213,LOW,SYNTHETIC_DEMO_DATA
344,Mumbai Coast,19.08107,73.11646,2025-02-11 15:33:52,0.477,0.725,0.665,0.386,MEDIUM,SYNTHETIC_DEMO_DATA
345,Lakshadweep,10.8556,72.87545,2025-02-11 18:28:44,0.498,0.596,0.553,0.401,MEDIUM,SYNTHETIC_DEMO_DATA
346,Visakhapatnam,17.50195,83.31351,2025-02-11 21:23:35,0.546,0.596,0.659,0.268,LOW,SYNTHETIC_DEMO_DATA
347,Lakshadweep,10.03973,72.7384,2025-02-12 00:18:26,0.499,0.645,0.57,0.225,LOW,SYNTHETIC_DEMO_DATA
348,Lakshadweep,10.3286,72.67674,2025-02-12 03:13:17,0.491,0.748,0.61,0.266,LOW,SYNTHETIC_DEMO_DATA
349,Odisha Coast,19.79649,85.93894,2025-02-12 06:08:08,0.381,0.651,0.58,0.391,MEDIUM,SYNTHETIC_DEMO_DATA
350,Odisha Coast,19.93903,86.02056,2025-02-12 09:02:59,0.506,0.758,0.709,0.337,MEDIUM,SYNTHETIC_DEMO_DATA
351,Mumbai Coast,18.7613,72.8362,2025-02-12 11:57:50,0.521,0.837,0.731,0.264,LOW,SYNTHETIC_DEMO_DATA
352,Sundarbans,21.87517,89.40655,2025-02-12 14:52:41,0.674,0.852,0.638,0.303,MEDIUM,SYNTHETIC_DEMO_DATA
353,Visakhapatnam,17.80349,83.09539,2025-02-12 17:47:32,0.405,0.574,0.719,0.355,MEDIUM,SYNTHETIC_DEMO_DATA
354,Kerala Coast,9.87279,76.08149,2025-02-12 20:42:23,0.589,0.699,0.695,0.292,LOW,SYNTHETIC_DEMO_DATA
355,Lakshadweep,10.52321,72.48587,2025-02-12 23:37:14,0.38,0.631,0.76,0.153,LOW,SYNTHETIC_DEMO_DATA
356,Lakshadweep,10.72537,72.63537,2025-02-13 02:32:05,0.193,0.364,0.472,0.701,HIGH,SYNTHETIC_DEMO_DATA
357,Odisha Coast,20.10325,85.54773,2025-02-13 05:26:56,0.546,0.491,0.579,0.431,MEDIUM,SYNTHETIC_DEMO_DATA
358,Andaman & Nicobar,11.47001,92.76549,2025-02-13 08:21:47,0.27,0.71,0.601,0.329,MEDIUM,SYNTHETIC_DEMO_DATA
359,Sundarbans,21.92723,88.99139,2025-02-13 11:16:38,0.495,0.678,0.682,0.32,MEDIUM,SYNTHETIC_DEMO_DATA
360,Goa Coast,15.01065,73.98947,2025-02-13 14:11:29,0.148,0.546,0.523,0.449,MEDIUM,SYNTHETIC_DEMO_DATA
361,Andaman & Nicobar,11.80093,92.43654,2025-02-13 17:06:20,0.419,0.649,0.667,0.189,LOW,SYNTHETIC_DEMO_DATA
362,Andaman & Nicobar,11.81747,92.55888,2025-02-13 20:01:12,0.487,0.628,0.555,0.466,MEDIUM,SYNTHETIC_DEMO_DATA
363,Visakhapatnam,17.65516,83.61625,2025-02-13 22:56:03,0.306,0.753,0.647,0.224,LOW,SYNTHETIC_DEMO_DATA
364,Andaman & Nicobar,12.25372,92.46753,2025-02-14 01:50:54,0.483,0.664,0.614,0.318,MEDIUM,SYNTHETIC_DEMO_DATA
365,Odisha Coast,19.61967,85.79075,2025-02-14 04:45:45,0.38,0.607,0.676,0.278,LOW,SYNTHETIC_DEMO_DATA
366,Mumbai Coast,19.08911,72.6634,2025-02-14 07:40:36,0.328,0.721,0.693,0.286,LOW,SYNTHETIC_DEMO_DATA
367,Kerala Coast,10.18007,76.5319,2025-02-14 10:35:27,0.551,0.483,0.631,0.497,MEDIUM,SYNTHETIC_DEMO_DATA
368,Chennai Coast,13.11373,80.49684,2025-02-14 13:30:18,0.369,0.418,0.554,0.616,HIGH,SYNTHETIC_DEMO_DATA
369,Sundarbans,21.58442,89.2019,2025-02-14 16:25:09,0.381,0.609,0.691,0.418,MEDIUM,SYNTHETIC_DEMO_DATA
370,Goa Coast,15.27853,74.1545,2025-02-14 19:20:00,0.442,0.673,0.74,0.148,LOW,SYNTHETIC_DEMO_DATA
371,Chennai Coast,13.12654,79.96156,2025-02-14 22:14:51,0.408,0.814,0.648,0.149,LOW,SYNTHETIC_DEMO_DATA
372,Gujarat Coast,22.2072,69.71982,2025-02-15 01:09:42,0.362,0.624,0.509,0.38,MEDIUM,SYNTHETIC_DEMO_DATA
373,Kerala Coast,10.0571,76.22053,2025-02-15 04:04:33,0.429,0.658,0.605,0.433,MEDIUM,SYNTHETIC_DEMO_DATA
374,Chennai Coast,13.06811,80.28121,2025-02-15 06:59:24,0.379,0.788,0.79,0.247,LOW,SYNTHETIC_DEMO_DATA
375,Andaman & Nicobar,11.93686,92.974,2025-02-15 09:54:15,0.45,0.652,0.604,0.473,MEDIUM,SYNTHETIC_DEMO_DATA
376,Sundarbans,21.40537,89.218,2025-02-15 12:49:06,0.495,0.741,0.748,0.321,MEDIUM,SYNTHETIC_DEMO_DATA
377,Goa Coast,15.23246,74.0209,2025-02-15 15:43:57,0.355,0.625,0.629,0.293,LOW,SYNTHETIC_DEMO_DATA
378,Goa Coast,15.54423,73.67509,2025-02-15 18:38:48,0.527,0.584,0.559,0.575,MEDIUM,SYNTHETIC_DEMO_DATA
379,Chennai Coast,12.92896,79.92861,2025-02-15 21:33:40,0.364,0.773,0.721,0.285,LOW,SYNTHETIC_DEMO_DATA
380,Visakhapatnam,17.79849,83.27225,2025-02-16 00:28:31,0.383,0.674,0.502,0.369,MEDIUM,SYNTHETIC_DEMO_DATA
381,Sundarbans,22.11207,89.07258,2025-02-16 03:23:22,0.28,0.585,0.642,0.651,HIGH,SYNTHETIC_DEMO_DATA
382,Lakshadweep,10.32976,72.68278,2025-02-16 06:18:13,0.443,0.892,0.784,0.163,LOW,SYNTHETIC_DEMO_DATA
383,Lakshadweep,9.95342,72.601,2025-02-16 09:13:04,0.552,0.411,0.369,0.648,HIGH,SYNTHETIC_DEMO_DATA
384,Visakhapatnam,17.64775,83.27446,2025-02-16 12:07:55,0.335,0.708,0.787,0.15,LOW,SYNTHETIC_DEMO_DATA
385,Sundarbans,21.94785,88.91179,2025-02-16 15:02:46,0.482,0.756,0.713,0.287,LOW,SYNTHETIC_DEMO_DATA
386,Odisha Coast,19.60539,85.74198,2025-02-16 17:57:37,0.368,0.362,0.413,0.736,HIGH,SYNTHETIC_DEMO_DATA
387,Sundarbans,21.96477,89.29179,2025-02-16 20:52:28,0.536,0.725,0.647,0.314,MEDIUM,SYNTHETIC_DEMO_DATA
388,Andaman & Nicobar,11.83128,92.50653,2025-02-16 23:47:19,0.492,0.645,0.735,0.202,LOW,SYNTHETIC_DEMO_DATA
389,Andaman & Nicobar,11.53151,92.24713,2025-02-17 02:42:10,0.328,0.638,0.69,0.4,MEDIUM,SYNTHETIC_DEMO_DATA
390,Odisha Coast,19.79475,85.82174,2025-02-17 05:37:01,0.487,0.635,0.62,0.454,MEDIUM,SYNTHETIC_DEMO_DATA
391,Goa Coast,15.29464,73.5008,2025-02-17 08:31:52,0.38,0.6,0.524,0.551,MEDIUM,SYNTHETIC_DEMO_DATA
392,Odisha Coast,19.86702,85.86619,2025-02-17 11:26:43,0.38,0.74,0.724,0.387,MEDIUM,SYNTHETIC_DEMO_DATA
393,Chennai Coast,12.52549,80.6167,2025-02-17 14:21:34,0.549,0.845,0.817,0.182,LOW,SYNTHETIC_DEMO_DATA
394,Mumbai Coast,18.52204,72.79036,2025-02-17 17:16:25,0.532,0.764,0.664,0.289,LOW,SYNTHETIC_DEMO_DATA
395,Goa Coast,15.38429,73.96927,2025-02-17 20:11:16,0.304,0.468,0.677,0.45,MEDIUM,SYNTHETIC_DEMO_DATA
396,Andaman & Nicobar,11.70135,92.74008,2025-02-17 23:06:07,0.469,0.52,0.589,0.372,MEDIUM,SYNTHETIC_DEMO_DATA
397,Sundarbans,22.01412,89.2999,2025-02-18 02:00:59,0.439,0.687,0.454,0.46,MEDIUM,SYNTHETIC_DEMO_DATA
398,Odisha Coast,19.92402,85.80952,2025-02-18 04:55:50,0.319,0.615,0.766,0.209,LOW,SYNTHETIC_DEMO_DATA
399,Visakhapatnam,17.49242,83.25063,2025-02-18 07:50:41,0.594,0.548,0.421,0.602,HIGH,SYNTHETIC_DEMO_DATA
400,Chennai Coast,13.06598,79.91865,2025-02-18 10:45:32,0.326,0.505,0.681,0.217,LOW,SYNTHETIC_DEMO_DATA
401,Lakshadweep,10.60233,72.36975,2025-02-18 13:40:23,0.429,0.656,0.797,0.119,LOW,SYNTHETIC_DEMO_DATA
402,Goa Coast,15.22181,73.71169,2025-02-18 16:35:14,0.558,0.81,0.753,0.213,LOW,SYNTHETIC_DEMO_DATA
403,Chennai Coast,13.10155,80.15076,2025-02-18 19:30:05,0.517,0.605,0.615,0.342,MEDIUM,SYNTHETIC_DEMO_DATA
404,Lakshadweep,10.22173,72.80552,2025-02-18 22:24:56,0.31,0.552,0.665,0.231,LOW,SYNTHETIC_DEMO_DATA
405,Kerala Coast,10.14401,76.33644,2025-02-19 01:19:47,0.403,0.633,0.643,0.323,MEDIUM,SYNTHETIC_DEMO_DATA
406,Mumbai Coast,18.8392,72.33728,2025-02-19 04:14:38,0.476,0.727,0.695,0.326,MEDIUM,SYNTHETIC_DEMO_DATA
407,Kerala Coast,9.9315,76.08147,2025-02-19 07:09:29,0.568,0.731,0.638,0.477,MEDIUM,SYNTHETIC_DEMO_DATA
408,Odisha Coast,19.72749,85.78953,2025-02-19 10:04:20,0.554,0.735,0.886,0.233,LOW,SYNTHETIC_DEMO_DATA
409,Lakshadweep,10.42009,72.35998,2025-02-19 12:59:11,0.539,0.872,0.675,0.135,LOW,SYNTHETIC_DEMO_DATA
410,Sundarbans,22.1589,89.11161,2025-02-19 15:54:02,0.482,0.763,0.694,0.236,LOW,SYNTHETIC_DEMO_DATA
411,Odisha Coast,19.65875,85.78179,2025-02-19 18:48:53,0.608,0.635,0.63,0.384,MEDIUM,SYNTHETIC_DEMO_DATA
412,Visakhapatnam,17.70515,83.35395,2025-02-19 21:43:44,0.404,0.695,0.644,0.32,MEDIUM,SYNTHETIC_DEMO_DATA
413,Visakhapatnam,17.54839,83.30205,2025-02-20 00:38:35,0.312,0.439,0.555,0.413,MEDIUM,SYNTHETIC_DEMO_DATA
414,Odisha Coast,19.77519,85.37556,2025-02-20 03:33:27,0.494,0.605,0.56,0.419,MEDIUM,SYNTHETIC_DEMO_DATA
415,Sundarbans,22.3874,89.3066,2025-02-20 06:28:18,0.513,0.685,0.576,0.523,MEDIUM,SYNTHETIC_DEMO_DATA
416,Gujarat Coast,22.15987,69.70741,2025-02-20 09:23:09,0.356,0.612,0.688,0.389,MEDIUM,SYNTHETIC_DEMO_DATA
417,Lakshadweep,10.80868,72.61354,2025-02-20 12:18:00,0.34,0.68,0.675,0.37,MEDIUM,SYNTHETIC_DEMO_DATA
418,Odisha Coast,20.0241,85.6958,2025-02-20 15:12:51,0.245,0.684,0.737,0.328,MEDIUM,SYNTHETIC_DEMO_DATA
419,Visakhapatnam,17.52676,83.27406,2025-02-20 18:07:42,0.473,0.731,0.706,0.251,LOW,SYNTHETIC_DEMO_DATA
420,Mumbai Coast,19.00885,72.92424,2025-02-20 21:02:33,0.705,0.667,0.679,0.472,MEDIUM,SYNTHETIC_DEMO_DATA
421,Lakshadweep,10.48783,72.7247,2025-02-20 23:57:24,0.463,0.705,0.771,0.304,MEDIUM,SYNTHETIC_DEMO_DATA
422,Gujarat Coast,22.46328,69.49076,2025-02-21 02:52:15,0.503,0.631,0.512,0.526,MEDIUM,SYNTHETIC_DEMO_DATA
423,Goa Coast,15.51006,73.62983,2025-02-21 05:47:06,0.565,0.72,0.659,0.257,LOW,SYNTHETIC_DEMO_DATA
424,Mumbai Coast,19.09605,72.61176,2025-02-21 08:41:57,0.285,0.693,0.494,0.308,MEDIUM,SYNTHETIC_DEMO_DATA
425,Kerala Coast,9.89573,76.61851,2025-02-21 11:36:48,0.388,0.796,0.78,0.306,MEDIUM,SYNTHETIC_DEMO_DATA
426,Odisha Coast,19.65141,85.62596,2025-02-21 14:31:39,0.371,0.62,0.581,0.434,MEDIUM,SYNTHETIC_DEMO_DATA
427,Andaman & Nicobar,11.91288,92.85463,2025-02-21 17:26:30,0.47,0.573,0.638,0.53,MEDIUM,SYNTHETIC_DEMO_DATA
428,Andaman & Nicobar,11.44678,92.98686,2025-02-21 20:21:21,0.599,0.737,0.785,0.208,LOW,SYNTHETIC_DEMO_DATA
429,Sundarbans,21.98252,89.23741,2025-02-21 23:16:12,0.69,0.641,0.568,0.513,MEDIUM,SYNTHETIC_DEMO_DATA
430,Goa Coast,15.6812,73.34091,2025-02-22 02:11:03,0.477,0.577,0.536,0.576,MEDIUM,SYNTHETIC_DEMO_DATA
431,Sundarbans,21.95132,89.32391,2025-02-22 05:05:55,0.482,0.676,0.724,0.462,MEDIUM,SYNTHETIC_DEMO_DATA
432,Goa Coast,15.29816,73.62642,2025-02-22 08:00:46,0.578,0.715,0.584,0.344,MEDIUM,SYNTHETIC_DEMO_DATA
433,Andaman & Nicobar,11.8983,92.89103,2025-02-22 10:55:37,0.378,0.729,0.648,0.143,LOW,SYNTHETIC_DEMO_DATA
434,Odisha Coast,19.58051,85.7849,2025-02-22 13:50:28,0.522,0.693,0.79,0.268,LOW,SYNTHETIC_DEMO_DATA
435,Kerala Coast,9.73901,76.28521,2025-02-22 16:45:19,0.575,0.703,0.73,0.303,MEDIUM,SYNTHETIC_DEMO_DATA
436,Odisha Coast,19.55295,85.92865,2025-02-22 19:40:10,0.458,0.749,0.501,0.481,MEDIUM,SYNTHETIC_DEMO_DATA
437,Mumbai Coast,18.76433,72.61312,2025-02-22 22:35:01,0.553,0.865,0.824,0.261,LOW,SYNTHETIC_DEMO_DATA
438,Lakshadweep,10.38711,72.42812,2025-02-23 01:29:52,0.434,0.648,0.71,0.11,LOW,SYNTHETIC_DEMO_DATA
439,Sundarbans,21.90333,89.07841,2025-02-23 04:24:43,0.633,0.939,0.723,0.261,LOW,SYNTHETIC_DEMO_DATA
440,Chennai Coast,12.81995,80.40932,2025-02-23 07:19:34,0.276,0.637,0.631,0.231,LOW,SYNTHETIC_DEMO_DATA
441,Lakshadweep,10.73776,72.26854,2025-02-23 10:14:25,0.483,0.621,0.641,0.39,MEDIUM,SYNTHETIC_DEMO_DATA
442,Chennai Coast,13.52363,80.27177,2025-02-23 13:09:16,0.439,0.488,0.619,0.414,MEDIUM,SYNTHETIC_DEMO_DATA
443,Odisha Coast,20.16907,85.94358,2025-02-23 16:04:07,0.603,0.7,0.689,0.437,MEDIUM,SYNTHETIC_DEMO_DATA
444,Kerala Coast,9.77351,75.97668,2025-02-23 18:58:58,0.464,0.522,0.679,0.38,MEDIUM,SYNTHETIC_DEMO_DATA
445,Mumbai Coast,18.90274,73.05484,2025-02-23 21:53:49,0.529,0.683,0.87,0.225,LOW,SYNTHETIC_DEMO_DATA
446,Gujarat Coast,21.82888,69.80603,2025-02-24 00:48:40,0.631,0.904,0.734,0.24,LOW,SYNTHETIC_DEMO_DATA
447,Chennai Coast,12.88383,80.39851,2025-02-24 03:43:31,0.516,0.618,0.646,0.335,MEDIUM,SYNTHETIC_DEMO_DATA
448,Lakshadweep,10.40151,72.70271,2025-02-24 06:38:23,0.558,0.577,0.679,0.441,MEDIUM,SYNTHETIC_DEMO_DATA
449,Mumbai Coast,19.23214,73.11566,2025-02-24 09:33:14,0.406,0.612,0.654,0.33,MEDIUM,SYNTHETIC_DEMO_DATA
450,Visakhapatnam,17.73346,83.44197,2025-02-24 12:28:05,0.67,0.734,0.621,0.345,MEDIUM,SYNTHETIC_DEMO_DATA
451,Lakshadweep,10.46658,72.44785,2025-02-24 15:22:56,0.631,0.688,0.606,0.331,MEDIUM,SYNTHETIC_DEMO_DATA
452,Lakshadweep,10.85632,72.51044,2025-02-24 18:17:47,0.476,0.697,0.673,0.22,LOW,SYNTHETIC_DEMO_DATA
453,Kerala Coast,10.04712,76.43439,2025-02-24 21:12:38,0.505,0.682,0.606,0.393,MEDIUM,SYNTHETIC_DEMO_DATA
454,Sundarbans,21.96064,89.25846,2025-02-25 00:07:29,0.435,0.543,0.543,0.546,MEDIUM,SYNTHETIC_DEMO_DATA
455,Mumbai Coast,19.28915,72.71383,2025-02-25 03:02:20,0.599,0.82,0.73,0.344,MEDIUM,SYNTHETIC_DEMO_DATA
456,Mumbai Coast,18.76697,73.05304,2025-02-25 05:57:11,0.386,0.82,0.714,0.184,LOW,SYNTHETIC_DEMO_DATA
457,Odisha Coast,19.64548,85.896,2025-02-25 08:52:02,0.477,0.649,0.674,0.326,MEDIUM,SYNTHETIC_DEMO_DATA
458,Gujarat Coast,22.21559,69.51416,2025-02-25 11:46:53,0.296,0.725,0.728,0.349,MEDIUM,SYNTHETIC_DEMO_DATA
459,Andaman & Nicobar,11.59454,92.5952,2025-02-25 14:41:44,0.511,0.685,0.667,0.204,LOW,SYNTHETIC_DEMO_DATA
460,Odisha Coast,19.45559,85.85895,2025-02-25 17:36:35,0.516,0.74,0.743,0.255,LOW,SYNTHETIC_DEMO_DATA
461,Goa Coast,15.4265,73.78502,2025-02-25 20:31:26,0.481,0.604,0.636,0.424,MEDIUM,SYNTHETIC_DEMO_DATA
462,Odisha Coast,20.15877,85.98876,2025-02-25 23:26:17,0.425,0.595,0.654,0.356,MEDIUM,SYNTHETIC_DEMO_DATA
463,Goa Coast,15.53511,73.78123,2025-02-26 02:21:08,0.403,0.569,0.639,0.347,MEDIUM,SYNTHETIC_DEMO_DATA
464,Kerala Coast,9.90403,75.76441,2025-02-26 05:15:59,0.441,0.504,0.695,0.451,MEDIUM,SYNTHETIC_DEMO_DATA
465,Sundarbans,21.90706,88.8514,2025-02-26 08:10:51,0.378,0.784,0.574,0.464,MEDIUM,SYNTHETIC_DEMO_DATA
466,Lakshadweep,10.33906,72.77096,2025-02-26 11:05:42,0.32,0.591,0.602,0.241,LOW,SYNTHETIC_DEMO_DATA
467,Odisha Coast,20.03655,85.75797,2025-02-26 14:00:33,0.371,0.582,0.643,0.419,MEDIUM,SYNTHETIC_DEMO_DATA
468,Mumbai Coast,18.82835,72.64494,2025-02-26 16:55:24,0.409,0.712,0.632,0.334,MEDIUM,SYNTHETIC_DEMO_DATA
469,Odisha Coast,19.89042,85.71815,2025-02-26 19:50:15,0.302,0.669,0.596,0.438,MEDIUM,SYNTHETIC_DEMO_DATA
470,Lakshadweep,10.20208,72.707,2025-02-26 22:45:06,0.385,0.639,0.588,0.283,LOW,SYNTHETIC_DEMO_DATA
471,Goa Coast,15.9056,73.65734,2025-02-27 01:39:57,0.308,0.539,0.519,0.319,MEDIUM,SYNTHETIC_DEMO_DATA
472,Andaman & Nicobar,11.55618,92.56746,2025-02-27 04:34:48,0.585,0.598,0.605,0.295,LOW,SYNTHETIC_DEMO_DATA
473,Kerala Coast,10.12953,76.37053,2025-02-27 07:29:39,0.511,0.683,0.63,0.441,MEDIUM,SYNTHETIC_DEMO_DATA
474,Kerala Coast,10.08769,76.1509,2025-02-27 10:24:30,0.677,0.678,0.781,0.31,MEDIUM,SYNTHETIC_DEMO_DATA
475,Gujarat Coast,22.55146,69.67532,2025-02-27 13:19:21,0.416,0.732,0.684,0.421,MEDIUM,SYNTHETIC_DEMO_DATA
476,Goa Coast,15.59797,73.9772,2025-02-27 16:14:12,0.458,0.693,0.642,0.221,LOW,SYNTHETIC_DEMO_DATA
477,Andaman & Nicobar,11.85403,92.69773,2025-02-27 19:09:03,0.387,0.697,0.557,0.394,MEDIUM,SYNTHETIC_DEMO_DATA
478,Sundarbans,22.10859,89.30782,2025-02-27 22:03:54,0.317,0.627,0.644,0.371,MEDIUM,SYNTHETIC_DEMO_DATA
479,Gujarat Coast,22.16585,69.47591,2025-02-28 00:58:45,0.378,0.632,0.692,0.345,MEDIUM,SYNTHETIC_DEMO_DATA
480,Odisha Coast,19.80166,85.56618,2025-02-28 03:53:36,0.542,0.576,0.765,0.302,MEDIUM,SYNTHETIC_DEMO_DATA
481,Visakhapatnam,17.77487,83.60722,2025-02-28 06:48:27,0.358,0.717,0.762,0.144,LOW,SYNTHETIC_DEMO_DATA
482,Andaman & Nicobar,11.72556,92.45337,2025-02-28 09:43:18,0.425,0.689,0.711,0.268,LOW,SYNTHETIC_DEMO_DATA
483,Visakhapatnam,17.52053,83.40732,2025-02-28 12:38:10,0.42,0.499,0.596,0.519,MEDIUM,SYNTHETIC_DEMO_DATA
484,Goa Coast,15.53407,73.78027,2025-02-28 15:33:01,0.405,0.717,0.654,0.241,LOW,SYNTHETIC_DEMO_DATA
485,Kerala Coast,10.31254,75.88666,2025-02-28 18:27:52,0.524,0.659,0.745,0.422,MEDIUM,SYNTHETIC_DEMO_DATA
486,Visakhapatnam,17.83913,83.4376,2025-02-28 21:22:43,0.533,0.75,0.671,0.243,LOW,SYNTHETIC_DEMO_DATA
487,Chennai Coast,13.06215,80.35822,2025-03-01 00:17:34,0.342,0.736,0.635,0.259,LOW,SYNTHETIC_DEMO_DATA
488,Mumbai Coast,18.7808,72.5925,2025-03-01 03:12:25,0.397,0.541,0.461,0.462,MEDIUM,SYNTHETIC_DEMO_DATA
489,Goa Coast,15.39345,73.56498,2025-03-01 06:07:16,0.556,0.702,0.863,0.268,LOW,SYNTHETIC_DEMO_DATA
490,Gujarat Coast,22.36469,70.16584,2025-03-01 09:02:07,0.425,0.687,0.648,0.35,MEDIUM,SYNTHETIC_DEMO_DATA
491,Lakshadweep,10.70907,72.61988,2025-03-01 11:56:58,0.316,0.598,0.534,0.48,MEDIUM,SYNTHETIC_DEMO_DATA
492,Andaman & Nicobar,11.6041,92.47987,2025-03-01 14:51:49,0.591,0.721,0.749,0.181,LOW,SYNTHETIC_DEMO_DATA
493,Goa Coast,15.58235,73.7547,2025-03-01 17:46:40,0.607,0.566,0.6,0.575,MEDIUM,SYNTHETIC_DEMO_DATA
494,Gujarat Coast,22.2296,69.50901,2025-03-01 20:41:31,0.591,0.686,0.568,0.376,MEDIUM,SYNTHETIC_DEMO_DATA
495,Visakhapatnam,17.63874,82.90154,2025-03-01 23:36:22,0.355,0.897,0.725,0.135,LOW,SYNTHETIC_DEMO_DATA
496,Kerala Coast,9.84552,76.07581,2025-03-02 02:31:13,0.605,0.65,0.717,0.424,MEDIUM,SYNTHETIC_DEMO_DATA
497,Odisha Coast,19.69034,85.94754,2025-03-02 05:26:04,0.367,0.597,0.701,0.354,MEDIUM,SYNTHETIC_DEMO_DATA
498,Chennai Coast,13.20679,80.27395,2025-03-02 08:20:55,0.233,0.613,0.616,0.341,MEDIUM,SYNTHETIC_DEMO_DATA
499,Lakshadweep,10.63111,72.38143,2025-03-02 11:15:46,0.318,0.538,0.565,0.354,MEDIUM,SYNTHETIC_DEMO_DATA
500,Kerala Coast,9.77844,75.9795,2025-03-02 14:10:38,0.539,0.697,0.734,0.308,MEDIUM,SYNTHETIC_DEMO_DATA
501,Odisha Coast,19.9118,86.00208,2025-03-02 17:05:29,0.413,0.665,0.635,0.467,MEDIUM,SYNTHETIC_DEMO_DATA
502,Gujarat Coast,22.08821,69.58861,2025-03-02 20:00:20,0.258,0.545,0.589,0.463,MEDIUM,SYNTHETIC_DEMO_DATA
503,Lakshadweep,10.34031,72.87774,2025-03-02 22:55:11,0.526,0.728,0.651,0.308,MEDIUM,SYNTHETIC_DEMO_DATA
504,Andaman & Nicobar,11.66629,92.52837,2025-03-03 01:50:02,0.522,0.625,0.687,0.304,MEDIUM,SYNTHETIC_DEMO_DATA
505,Visakhapatnam,17.53478,83.21687,2025-03-03 04:44:53,0.413,0.698,0.634,0.198,LOW,SYNTHETIC_DEMO_DATA
506,Kerala Coast,9.8611,76.41452,2025-03-03 07:39:44,0.555,0.652,0.663,0.344,MEDIUM,SYNTHETIC_DEMO_DATA
507,Mumbai Coast,18.9716,72.93684,2025-03-03 10:34:35,0.445,0.627,0.546,0.429,MEDIUM,SYNTHETIC_DEMO_DATA
508,Visakhapatnam,17.64113,83.07361,2025-03-03 13:29:26,0.182,0.622,0.607,0.237,LOW,SYNTHETIC_DEMO_DATA
509,Visakhapatnam,17.7422,83.11095,2025-03-03 16:24:17,0.413,0.641,0.55,0.473,MEDIUM,SYNTHETIC_DEMO_DATA
510,Visakhapatnam,18.1383,83.17648,2025-03-03 19:19:08,0.303,0.624,0.635,0.276,LOW,SYNTHETIC_DEMO_DATA
511,Lakshadweep,10.41247,72.54408,2025-03-03 22:13:59,0.294,0.677,0.83,0.227,LOW,SYNTHETIC_DEMO_DATA
512,Goa Coast,15.30437,73.72638,2025-03-04 01:08:50,0.402,0.614,0.736,0.245,LOW,SYNTHETIC_DEMO_DATA
513,Andaman & Nicobar,11.90451,92.73033,2025-03-04 04:03:41,0.45,0.59,0.553,0.545,MEDIUM,SYNTHETIC_DEMO_DATA
514,Andaman & Nicobar,11.37278,92.91456,2025-03-04 06:58:32,0.153,0.505,0.695,0.401,MEDIUM,SYNTHETIC_DEMO_DATA
515,Lakshadweep,10.72815,72.87973,2025-03-04 09:53:23,0.363,0.654,0.628,0.316,MEDIUM,SYNTHETIC_DEMO_DATA
516,Odisha Coast,20.06448,85.90576,2025-03-04 12:48:14,0.596,0.881,0.72,0.314,MEDIUM,SYNTHETIC_DEMO_DATA
517,Andaman & Nicobar,11.87865,92.72141,2025-03-04 15:43:06,0.564,0.753,0.769,0.222,LOW,SYNTHETIC_DEMO_DATA
518,Sundarbans,21.67312,88.94284,2025-03-04 18:37:57,0.496,0.762,0.628,0.28,LOW,SYNTHETIC_DEMO_DATA
519,Kerala Coast,9.71169,76.41892,2025-03-04 21:32:48,0.37,0.687,0.737,0.382,MEDIUM,SYNTHETIC_DEMO_DATA
520,Mumbai Coast,19.30886,72.6789,2025-03-05 00:27:39,0.453,0.603,0.577,0.453,MEDIUM,SYNTHETIC_DEMO_DATA
521,Chennai Coast,13.12091,80.13162,2025-03-05 03:22:30,0.403,0.661,0.749,0.203,LOW,SYNTHETIC_DEMO_DATA
522,Odisha Coast,19.6081,85.89637,2025-03-05 06:17:21,0.567,0.812,0.698,0.314,MEDIUM,SYNTHETIC_DEMO_DATA
523,Odisha Coast,19.56368,85.67967,2025-03-05 09:12:12,0.465,0.604,0.689,0.474,MEDIUM,SYNTHETIC_DEMO_DATA
524,Andaman & Nicobar,11.85017,92.6414,2025-03-05 12:07:03,0.336,0.703,0.62,0.264,LOW,SYNTHETIC_DEMO_DATA
525,Chennai Coast,13.14259,80.02958,2025-03-05 15:01:54,0.254,0.681,0.794,0.229,LOW,SYNTHETIC_DEMO_DATA
526,Chennai Coast,13.2981,80.38607,2025-03-05 17:56:45,0.418,0.704,0.794,0.15,LOW,SYNTHETIC_DEMO_DATA
527,Lakshadweep,10.89084,72.4175,2025-03-05 20:51:36,0.496,0.736,0.685,0.288,LOW,SYNTHETIC_DEMO_DATA
528,Odisha Coast,19.99307,85.82533,2025-03-05 23:46:27,0.388,0.634,0.664,0.371,MEDIUM,SYNTHETIC_DEMO_DATA
529,Lakshadweep,10.48485,72.81091,2025-03-06 02:41:18,0.531,0.744,0.571,0.458,MEDIUM,SYNTHETIC_DEMO_DATA
530,Lakshadweep,10.74563,72.60067,2025-03-06 05:36:09,0.505,0.371,0.493,0.574,MEDIUM,SYNTHETIC_DEMO_DATA
531,Mumbai Coast,18.90645,73.40473,2025-03-06 08:31:00,0.602,0.781,0.678,0.334,MEDIUM,SYNTHETIC_DEMO_DATA
532,Odisha Coast,19.68084,85.86862,2025-03-06 11:25:51,0.598,0.646,0.544,0.515,MEDIUM,SYNTHETIC_DEMO_DATA
533,Odisha Coast,19.77534,85.43894,2025-03-06 14:20:42,0.416,0.752,0.765,0.276,LOW,SYNTHETIC_DEMO_DATA
534,Visakhapatnam,17.82535,83.02401,2025-03-06 17:15:34,0.536,0.776,0.792,0.152,LOW,SYNTHETIC_DEMO_DATA
535,Mumbai Coast,18.83447,73.02511,2025-03-06 20:10:25,0.369,0.673,0.634,0.21,LOW,SYNTHETIC_DEMO_DATA
536,Odisha Coast,19.70392,85.85599,2025-03-06 23:05:16,0.403,0.562,0.602,0.534,MEDIUM,SYNTHETIC_DEMO_DATA
537,Kerala Coast,9.87377,76.09807,2025-03-07 02:00:07,0.492,0.539,0.423,0.557,MEDIUM,SYNTHETIC_DEMO_DATA
538,Odisha Coast,19.47547,86.04687,2025-03-07 04:54:58,0.185,0.594,0.743,0.336,MEDIUM,SYNTHETIC_DEMO_DATA
539,Mumbai Coast,18.88451,72.63384,2025-03-07 07:49:49,0.477,0.576,0.819,0.257,LOW,SYNTHETIC_DEMO_DATA
540,Sundarbans,22.35239,89.47418,2025-03-07 10:44:40,0.397,0.668,0.628,0.365,MEDIUM,SYNTHETIC_DEMO_DATA
541,Goa Coast,15.33258,73.92423,2025-03-07 13:39:31,0.538,0.703,0.548,0.451,MEDIUM,SYNTHETIC_DEMO_DATA
542,Sundarbans,22.09982,89.06581,2025-03-07 16:34:22,0.314,0.598,0.748,0.39,MEDIUM,SYNTHETIC_DEMO_DATA
543,Odisha Coast,19.44591,85.96167,2025-03-07 19:29:13,0.415,0.683,0.732,0.321,MEDIUM,SYNTHETIC_DEMO_DATA
544,Odisha Coast,20.05304,85.77134,2025-03-07 22:24:04,0.658,0.616,0.759,0.477,MEDIUM,SYNTHETIC_DEMO_DATA
545,Andaman & Nicobar,11.73005,92.35988,2025-03-08 01:18:55,0.494,0.565,0.573,0.406,MEDIUM,SYNTHETIC_DEMO_DATA
546,Sundarbans,22.23335,89.56287,2025-03-08 04:13:46,0.349,0.773,0.673,0.363,MEDIUM,SYNTHETIC_DEMO_DATA
547,Kerala Coast,10.07502,76.12839,2025-03-08 07:08:37,0.336,0.737,0.634,0.266,LOW,SYNTHETIC_DEMO_DATA
548,Mumbai Coast,18.48364,72.49383,2025-03-08 10:03:28,0.586,0.721,0.692,0.221,LOW,SYNTHETIC_DEMO_DATA
549,Mumbai Coast,18.34644,73.05237,2025-03-08 12:58:19,0.458,0.636,0.691,0.238,LOW,SYNTHETIC_DEMO_DATA
550,Gujarat Coast,22.34422,69.44886,2025-03-08 15:53:10,0.38,0.701,0.677,0.317,MEDIUM,SYNTHETIC_DEMO_DATA
551,Andaman & Nicobar,11.70305,92.67174,2025-03-08 18:48:02,0.391,0.721,0.751,0.269,LOW,SYNTHETIC_DEMO_DATA
552,Chennai Coast,13.25534,80.15733,2025-03-08 21:42:53,0.431,0.657,0.594,0.397,MEDIUM,SYNTHETIC_DEMO_DATA
553,Andaman & Nicobar,11.58717,93.11759,2025-03-09 00:37:44,0.403,0.651,0.839,0.286,LOW,SYNTHETIC_DEMO_DATA
554,Chennai Coast,13.33774,80.11118,2025-03-09 03:32:35,0.349,0.724,0.73,0.208,LOW,SYNTHETIC_DEMO_DATA
555,Lakshadweep,10.39628,72.77632,2025-03-09 06:27:26,0.487,0.506,0.55,0.506,MEDIUM,SYNTHETIC_DEMO_DATA
556,Mumbai Coast,18.98363,73.27429,2025-03-09 09:22:17,0.653,0.677,0.553,0.428,MEDIUM,SYNTHETIC_DEMO_DATA
557,Goa Coast,15.37613,73.82199,2025-03-09 12:17:08,0.304,0.684,0.755,0.282,LOW,SYNTHETIC_DEMO_DATA
558,Andaman & Nicobar,11.32072,92.48927,2025-03-09 15:11:59,0.419,0.72,0.813,0.209,LOW,SYNTHETIC_DEMO_DATA
559,Goa Coast,15.2012,73.92541,2025-03-09 18:06:50,0.578,0.615,0.645,0.351,MEDIUM,SYNTHETIC_DEMO_DATA
560,Andaman & Nicobar,11.87242,92.88015,2025-03-09 21:01:41,0.511,0.722,0.642,0.232,LOW,SYNTHETIC_DEMO_DATA
561,Mumbai Coast,19.34476,72.61802,2025-03-09 23:56:32,0.394,0.737,0.65,0.364,MEDIUM,SYNTHETIC_DEMO_DATA
562,Sundarbans,21.8114,88.93443,2025-03-10 02:51:23,0.362,0.636,0.551,0.55,MEDIUM,SYNTHETIC_DEMO_DATA
563,Kerala Coast,9.97142,76.58584,2025-03-10 05:46:14,0.476,0.652,0.667,0.35,MEDIUM,SYNTHETIC_DEMO_DATA
564,Odisha Coast,19.98968,85.94617,2025-03-10 08:41:05,0.478,0.695,0.641,0.461,MEDIUM,SYNTHETIC_DEMO_DATA
565,Andaman & Nicobar,11.60387,92.75496,2025-03-10 11:35:56,0.522,0.655,0.618,0.376,MEDIUM,SYNTHETIC_DEMO_DATA
566,Visakhapatnam,17.56622,83.2568,2025-03-10 14:30:47,0.601,0.596,0.482,0.684,HIGH,SYNTHETIC_DEMO_DATA
567,Visakhapatnam,17.27206,82.97313,2025-03-10 17:25:38,0.471,0.757,0.687,0.331,MEDIUM,SYNTHETIC_DEMO_DATA
568,Visakhapatnam,17.85319,83.33927,2025-03-10 20:20:30,0.461,0.438,0.623,0.442,MEDIUM,SYNTHETIC_DEMO_DATA
569,Gujarat Coast,22.23288,69.38941,2025-03-10 23:15:21,0.266,0.553,0.657,0.509,MEDIUM,SYNTHETIC_DEMO_DATA
570,Mumbai Coast,18.79167,72.39036,2025-03-11 02:10:12,0.642,0.561,0.605,0.519,MEDIUM,SYNTHETIC_DEMO_DATA
571,Lakshadweep,10.5893,72.91689,2025-03-11 05:05:03,0.366,0.778,0.753,0.204,LOW,SYNTHETIC_DEMO_DATA
572,Kerala Coast,10.23049,76.45789,2025-03-11 07:59:54,0.437,0.695,0.713,0.202,LOW,SYNTHETIC_DEMO_DATA
573,Visakhapatnam,17.55883,83.29529,2025-03-11 10:54:45,0.388,0.663,0.62,0.477,MEDIUM,SYNTHETIC_DEMO_DATA
574,Sundarbans,22.22196,89.09453,2025-03-11 13:49:36,0.608,0.748,0.693,0.386,MEDIUM,SYNTHETIC_DEMO_DATA
575,Sundarbans,22.39855,89.36301,2025-03-11 16:44:27,0.409,0.648,0.587,0.689,HIGH,SYNTHETIC_DEMO_DATA
576,Chennai Coast,13.12739,80.26285,2025-03-11 19:39:18,0.382,0.562,0.613,0.479,MEDIUM,SYNTHETIC_DEMO_DATA
577,Lakshadweep,10.35863,72.89883,2025-03-11 22:34:09,0.461,0.753,0.7,0.269,LOW,SYNTHETIC_DEMO_DATA
578,Mumbai Coast,18.99097,72.85273,2025-03-12 01:29:00,0.52,0.464,0.67,0.488,MEDIUM,SYNTHETIC_DEMO_DATA
579,Andaman & Nicobar,11.70716,92.9199,2025-03-12 04:23:51,0.529,0.665,0.684,0.305,MEDIUM,SYNTHETIC_DEMO_DATA
580,Odisha Coast,19.84896,85.89761,2025-03-12 07:18:42,0.373,0.669,0.744,0.214,LOW,SYNTHETIC_DEMO_DATA
581,Sundarbans,21.90259,89.06533,2025-03-12 10:13:33,0.457,0.619,0.577,0.466,MEDIUM,SYNTHETIC_DEMO_DATA
582,Andaman & Nicobar,11.6263,92.4771,2025-03-12 13:08:24,0.66,0.598,0.576,0.508,MEDIUM,SYNTHETIC_DEMO_DATA
583,Odisha Coast,19.90799,86.07699,2025-03-12 16:03:15,0.574,0.552,0.658,0.428,MEDIUM,SYNTHETIC_DEMO_DATA
584,Sundarbans,21.84974,89.08759,2025-03-12 18:58:06,0.59,0.593,0.602,0.547,MEDIUM,SYNTHETIC_DEMO_DATA
585,Kerala Coast,10.06288,76.47969,2025-03-12 21:52:57,0.382,0.642,0.765,0.208,LOW,SYNTHETIC_DEMO_DATA
586,Lakshadweep,10.56546,72.43203,2025-03-13 00:47:49,0.311,0.543,0.67,0.442,MEDIUM,SYNTHETIC_DEMO_DATA
587,Gujarat Coast,22.60713,69.49746,2025-03-13 03:42:40,0.379,0.625,0.562,0.34,MEDIUM,SYNTHETIC_DEMO_DATA
588,Sundarbans,22.31895,88.83759,2025-03-13 06:37:31,0.568,0.504,0.519,0.55,MEDIUM,SYNTHETIC_DEMO_DATA
589,Andaman & Nicobar,12.1258,92.5077,2025-03-13 09:32:22,0.478,0.668,0.668,0.291,LOW,SYNTHETIC_DEMO_DATA
590,Andaman & Nicobar,11.30985,92.91038,2025-03-13 12:27:13,0.561,0.662,0.738,0.332,MEDIUM,SYNTHETIC_DEMO_DATA
591,Andaman & Nicobar,11.72071,92.93589,2025-03-13 15:22:04,0.641,0.83,0.782,0.212,LOW,SYNTHETIC_DEMO_DATA
592,Lakshadweep,10.76806,72.67481,2025-03-13 18:16:55,0.469,0.571,0.549,0.528,MEDIUM,SYNTHETIC_DEMO_DATA
593,Visakhapatnam,17.35835,83.28219,2025-03-13 21:11:46,0.443,0.585,0.6,0.414,MEDIUM,SYNTHETIC_DEMO_DATA
594,Lakshadweep,10.7387,72.54265,2025-03-14 00:06:37,0.278,0.688,0.563,0.363,MEDIUM,SYNTHETIC_DEMO_DATA
595,Chennai Coast,12.88774,80.2563,2025-03-14 03:01:28,0.311,0.617,0.61,0.511,MEDIUM,SYNTHETIC_DEMO_DATA
596,Andaman & Nicobar,11.6303,92.80328,2025-03-14 05:56:19,0.316,0.648,0.746,0.236,LOW,SYNTHETIC_DEMO_DATA
597,Mumbai Coast,18.72041,72.98404,2025-03-14 08:51:10,0.505,0.768,0.701,0.213,LOW,SYNTHETIC_DEMO_DATA
598,Goa Coast,15.53134,74.04892,2025-03-14 11:46:01,0.556,0.84,0.79,0.159,LOW,SYNTHETIC_DEMO_DATA
599,Gujarat Coast,22.03281,69.63323,2025-03-14 14:40:52,0.297,0.591,0.793,0.334,MEDIUM,SYNTHETIC_DEMO_DATA
600,Gujarat Coast,22.58208,69.58797,2025-03-14 17:35:43,0.462,0.668,0.686,0.393,MEDIUM,SYNTHETIC_DEMO_DATA
601,Gujarat Coast,22.07461,69.34014,2025-03-14 20:30:34,0.343,0.681,0.782,0.25,LOW,SYNTHETIC_DEMO_DATA
602,Goa Coast,15.85512,73.96487,2025-03-14 23:25:25,0.586,0.692,0.559,0.29,LOW,SYNTHETIC_DEMO_DATA
603,Goa Coast,15.74585,73.88173,2025-03-15 02:20:17,0.33,0.647,0.639,0.381,MEDIUM,SYNTHETIC_DEMO_DATA
604,Odisha Coast,19.78367,86.04405,2025-03-15 05:15:08,0.659,0.685,0.617,0.432,MEDIUM,SYNTHETIC_DEMO_DATA
605,Andaman & Nicobar,11.81266,92.75675,2025-03-15 08:09:59,0.286,0.366,0.517,0.615,HIGH,SYNTHETIC_DEMO_DATA
606,Mumbai Coast,18.81084,72.72105,2025-03-15 11:04:50,0.376,0.816,0.757,0.254,LOW,SYNTHETIC_DEMO_DATA
607,Chennai Coast,13.22766,80.27973,2025-03-15 13:59:41,0.359,0.562,0.522,0.371,MEDIUM,SYNTHETIC_DEMO_DATA
608,Mumbai Coast,18.529,72.50047,2025-03-15 16:54:32,0.624,0.768,0.58,0.196,LOW,SYNTHETIC_DEMO_DATA
609,Lakshadweep,10.83136,72.52818,2025-03-15 19:49:23,0.407,0.67,0.747,0.179,LOW,SYNTHETIC_DEMO_DATA
610,Andaman & Nicobar,11.62999,92.64089,2025-03-15 22:44:14,0.432,0.648,0.808,0.229,LOW,SYNTHETIC_DEMO_DATA
611,Andaman & Nicobar,11.74292,92.47346,2025-03-16 01:39:05,0.472,0.429,0.626,0.231,LOW,SYNTHETIC_DEMO_DATA
612,Kerala Coast,9.88148,76.66158,2025-03-16 04:33:56,0.443,0.815,0.741,0.246,LOW,SYNTHETIC_DEMO_DATA
613,Goa Coast,15.5918,73.69994,2025-03-16 07:28:47,0.437,0.669,0.674,0.299,LOW,SYNTHETIC_DEMO_DATA
614,Chennai Coast,13.2769,80.27701,2025-03-16 10:23:38,0.372,0.647,0.692,0.291,LOW,SYNTHETIC_DEMO_DATA
615,Gujarat Coast,22.0292,69.70394,2025-03-16 13:18:29,0.382,0.777,0.681,0.218,LOW,SYNTHETIC_DEMO_DATA
616,Gujarat Coast,22.13257,69.75747,2025-03-16 16:13:20,0.254,0.701,0.732,0.174,LOW,SYNTHETIC_DEMO_DATA
617,Visakhapatnam,18.04885,83.51216,2025-03-16 19:08:11,0.306,0.482,0.497,0.442,MEDIUM,SYNTHETIC_DEMO_DATA
618,Visakhapatnam,17.76776,83.43233,2025-03-16 22:03:02,0.384,0.635,0.815,0.232,LOW,SYNTHETIC_DEMO_DATA
619,Sundarbans,21.71209,89.16828,2025-03-17 00:57:53,0.34,0.532,0.627,0.419,MEDIUM,SYNTHETIC_DEMO_DATA
620,Odisha Coast,19.99818,86.15474,2025-03-17 03:52:45,0.511,0.801,0.803,0.256,LOW,SYNTHETIC_DEMO_DATA
621,Kerala Coast,9.78974,76.27906,2025-03-17 06:47:36,0.55,0.718,0.635,0.429,MEDIUM,SYNTHETIC_DEMO_DATA
622,Kerala Coast,9.70825,76.33322,2025-03-17 09:42:27,0.542,0.691,0.586,0.359,MEDIUM,SYNTHETIC_DEMO_DATA
623,Odisha Coast,19.5375,85.77278,2025-03-17 12:37:18,0.325,0.448,0.517,0.565,MEDIUM,SYNTHETIC_DEMO_DATA
624,Kerala Coast,9.91195,76.49947,2025-03-17 15:32:09,0.566,0.711,0.623,0.353,MEDIUM,SYNTHETIC_DEMO_DATA
625,Gujarat Coast,22.26447,69.56997,2025-03-17 18:27:00,0.517,0.622,0.546,0.586,MEDIUM,SYNTHETIC_DEMO_DATA
626,Visakhapatnam,17.55387,82.79399,2025-03-17 21:21:51,0.243,0.554,0.744,0.216,LOW,SYNTHETIC_DEMO_DATA
627,Chennai Coast,13.3486,80.36993,2025-03-18 00:16:42,0.3,0.705,0.685,0.235,LOW,SYNTHETIC_DEMO_DATA
628,Chennai Coast,12.7561,80.40805,2025-03-18 03:11:33,0.372,0.795,0.827,0.19,LOW,SYNTHETIC_DEMO_DATA
629,Mumbai Coast,18.80125,72.63917,2025-03-18 06:06:24,0.504,0.575,0.869,0.276,LOW,SYNTHETIC_DEMO_DATA
630,Chennai Coast,12.82728,80.32358,2025-03-18 09:01:15,0.372,0.624,0.646,0.229,LOW,SYNTHETIC_DEMO_DATA
631,Goa Coast,15.92106,73.62446,2025-03-18 11:56:06,0.561,0.702,0.75,0.352,MEDIUM,SYNTHETIC_DEMO_DATA
632,Chennai Coast,13.19159,80.13379,2025-03-18 14:50:57,0.447,0.613,0.789,0.292,LOW,SYNTHETIC_DEMO_DATA
633,Kerala Coast,9.60896,76.12183,2025-03-18 17:45:48,0.533,0.786,0.644,0.383,MEDIUM,SYNTHETIC_DEMO_DATA
634,Chennai Coast,13.0476,80.18592,2025-03-18 20:40:39,0.352,0.679,0.624,0.323,MEDIUM,SYNTHETIC_DEMO_DATA
635,Odisha Coast,19.49878,85.9069,2025-03-18 23:35:30,0.306,0.61,0.762,0.229,LOW,SYNTHETIC_DEMO_DATA
636,Gujarat Coast,22.00939,69.87016,2025-03-19 02:30:21,0.329,0.646,0.664,0.369,MEDIUM,SYNTHETIC_DEMO_DATA
637,Visakhapatnam,17.74995,83.02682,2025-03-19 05:25:13,0.385,0.665,0.641,0.305,MEDIUM,SYNTHETIC_DEMO_DATA
638,Visakhapatnam,17.66625,83.58886,2025-03-19 08:20:04,0.31,0.63,0.693,0.228,LOW,SYNTHETIC_DEMO_DATA
639,Goa Coast,15.47567,73.49426,2025-03-19 11:14:55,0.57,0.563,0.621,0.405,MEDIUM,SYNTHETIC_DEMO_DATA
640,Lakshadweep,10.94642,72.99639,2025-03-19 14:09:46,0.225,0.592,0.671,0.318,MEDIUM,SYNTHETIC_DEMO_DATA
641,Gujarat Coast,22.30054,69.25001,2025-03-19 17:04:37,0.581,0.659,0.744,0.388,MEDIUM,SYNTHETIC_DEMO_DATA
642,Lakshadweep,10.64614,73.12102,2025-03-19 19:59:28,0.409,0.81,0.567,0.272,LOW,SYNTHETIC_DEMO_DATA
643,Andaman & Nicobar,11.61368,92.57041,2025-03-19 22:54:19,0.519,0.699,0.693,0.244,LOW,SYNTHETIC_DEMO_DATA
644,Kerala Coast,9.93123,76.16542,2025-03-20 01:49:10,0.518,0.905,0.677,0.279,LOW,SYNTHETIC_DEMO_DATA
645,Goa Coast,15.80825,73.78355,2025-03-20 04:44:01,0.427,0.56,0.708,0.363,MEDIUM,SYNTHETIC_DEMO_DATA
646,Chennai Coast,13.13237,80.37038,2025-03-20 07:38:52,0.235,0.612,0.67,0.276,LOW,SYNTHETIC_DEMO_DATA
647,Kerala Coast,9.92775,76.01399,2025-03-20 10:33:43,0.56,0.616,0.531,0.525,MEDIUM,SYNTHETIC_DEMO_DATA
648,Mumbai Coast,18.87842,72.81941,2025-03-20 13:28:34,0.485,0.718,0.687,0.258,LOW,SYNTHETIC_DEMO_DATA
649,Lakshadweep,10.73562,72.99677,2025-03-20 16:23:25,0.359,0.666,0.671,0.303,MEDIUM,SYNTHETIC_DEMO_DATA
650,Andaman & Nicobar,11.94902,92.53785,2025-03-20 19:18:16,0.516,0.632,0.8,0.191,LOW,SYNTHETIC_DEMO_DATA
651,Kerala Coast,9.74395,76.17646,2025-03-20 22:13:07,0.717,0.888,0.695,0.272,LOW,SYNTHETIC_DEMO_DATA
652,Gujarat Coast,22.53716,69.99111,2025-03-21 01:07:58,0.403,0.467,0.579,0.317,MEDIUM,SYNTHETIC_DEMO_DATA
653,Visakhapatnam,17.55886,83.25743,2025-03-21 04:02:49,0.268,0.655,0.663,0.2,LOW,SYNTHETIC_DEMO_DATA
654,Andaman & Nicobar,11.7265,93.00659,2025-03-21 06:57:41,0.437,0.608,0.704,0.267,LOW,SYNTHETIC_DEMO_DATA
655,Mumbai Coast,19.12769,72.89316,2025-03-21 09:52:32,0.513,0.523,0.528,0.48,MEDIUM,SYNTHETIC_DEMO_DATA
656,Mumbai Coast,19.1357,73.01227,2025-03-21 12:47:23,0.615,0.786,0.709,0.328,MEDIUM,SYNTHETIC_DEMO_DATA
657,Goa Coast,15.53195,73.55731,2025-03-21 15:42:14,0.489,0.653,0.813,0.314,MEDIUM,SYNTHETIC_DEMO_DATA
658,Gujarat Coast,22.59071,69.6267,2025-03-21 18:37:05,0.401,0.738,0.773,0.314,MEDIUM,SYNTHETIC_DEMO_DATA
659,Sundarbans,21.74151,89.19993,2025-03-21 21:31:56,0.454,0.767,0.656,0.376,MEDIUM,SYNTHETIC_DEMO_DATA
660,Visakhapatnam,17.99522,82.91231,2025-03-22 00:26:47,0.306,0.569,0.716,0.274,LOW,SYNTHETIC_DEMO_DATA
661,Odisha Coast,19.80565,85.78224,2025-03-22 03:21:38,0.572,0.712,0.556,0.391,MEDIUM,SYNTHETIC_DEMO_DATA
662,Goa Coast,15.5239,73.90625,2025-03-22 06:16:29,0.543,0.7,0.663,0.392,MEDIUM,SYNTHETIC_DEMO_DATA
663,Sundarbans,22.22719,89.47321,2025-03-22 09:11:20,0.611,0.68,0.653,0.519,MEDIUM,SYNTHETIC_DEMO_DATA
664,Visakhapatnam,17.5223,83.39927,2025-03-22 12:06:11,0.544,0.541,0.59,0.398,MEDIUM,SYNTHETIC_DEMO_DATA
665,Mumbai Coast,18.94087,72.98688,2025-03-22 15:01:02,0.546,0.656,0.573,0.384,MEDIUM,SYNTHETIC_DEMO_DATA
666,Gujarat Coast,22.30296,69.91311,2025-03-22 17:55:53,0.346,0.533,0.683,0.338,MEDIUM,SYNTHETIC_DEMO_DATA
667,Mumbai Coast,18.90679,72.69522,2025-03-22 20:50:44,0.363,0.69,0.809,0.304,MEDIUM,SYNTHETIC_DEMO_DATA
668,Andaman & Nicobar,11.4493,92.49064,2025-03-22 23:45:35,0.479,0.663,0.673,0.421,MEDIUM,SYNTHETIC_DEMO_DATA
669,Lakshadweep,10.61523,72.68956,2025-03-23 02:40:26,0.341,0.647,0.699,0.323,MEDIUM,SYNTHETIC_DEMO_DATA
670,Odisha Coast,19.73605,85.59568,2025-03-23 05:35:17,0.402,0.59,0.703,0.386,MEDIUM,SYNTHETIC_DEMO_DATA
671,Lakshadweep,10.22019,72.88136,2025-03-23 08:30:09,0.443,0.677,0.709,0.246,LOW,SYNTHETIC_DEMO_DATA
672,Gujarat Coast,22.06576,69.57978,2025-03-23 11:25:00,0.226,0.772,0.726,0.28,LOW,SYNTHETIC_DEMO_DATA
673,Gujarat Coast,22.53038,69.81026,2025-03-23 14:19:51,0.225,0.529,0.694,0.285,LOW,SYNTHETIC_DEMO_DATA
674,Sundarbans,22.1229,89.00209,2025-03-23 17:14:42,0.582,0.7,0.689,0.34,MEDIUM,SYNTHETIC_DEMO_DATA
675,Gujarat Coast,22.14457,69.72648,2025-03-23 20:09:33,0.341,0.628,0.67,0.35,MEDIUM,SYNTHETIC_DEMO_DATA
676,Goa Coast,15.47866,74.07074,2025-03-23 23:04:24,0.372,0.724,0.539,0.396,MEDIUM,SYNTHETIC_DEMO_DATA
677,Mumbai Coast,18.66563,72.94414,2025-03-24 01:59:15,0.424,0.77,0.824,0.213,LOW,SYNTHETIC_DEMO_DATA
678,Sundarbans,21.80224,89.25622,2025-03-24 04:54:06,0.488,0.609,0.671,0.396,MEDIUM,SYNTHETIC_DEMO_DATA
679,Mumbai Coast,18.7473,72.53821,2025-03-24 07:48:57,0.512,0.573,0.631,0.374,MEDIUM,SYNTHETIC_DEMO_DATA
680,Lakshadweep,10.44526,72.92629,2025-03-24 10:43:48,0.414,0.512,0.652,0.333,MEDIUM,SYNTHETIC_DEMO_DATA
681,Goa Coast,15.29694,73.85958,2025-03-24 13:38:39,0.51,0.706,0.664,0.334,MEDIUM,SYNTHETIC_DEMO_DATA
682,Odisha Coast,19.75521,85.96874,2025-03-24 16:33:30,0.627,0.572,0.533,0.477,MEDIUM,SYNTHETIC_DEMO_DATA
683,Lakshadweep,10.40149,72.38835,2025-03-24 19:28:21,0.207,0.614,0.703,0.286,LOW,SYNTHETIC_DEMO_DATA
684,Lakshadweep,10.38217,72.38013,2025-03-24 22:23:12,0.355,0.729,0.782,0.257,LOW,SYNTHETIC_DEMO_DATA
685,Odisha Coast,19.93209,85.88442,2025-03-25 01:18:03,0.423,0.78,0.703,0.216,LOW,SYNTHETIC_DEMO_DATA
686,Andaman & Nicobar,12.11468,92.33539,2025-03-25 04:12:54,0.469,0.605,0.504,0.403,MEDIUM,SYNTHETIC_DEMO_DATA
687,Kerala Coast,9.90814,76.48139,2025-03-25 07:07:45,0.624,0.61,0.756,0.343,MEDIUM,SYNTHETIC_DEMO_DATA
688,Mumbai Coast,19.37281,72.68364,2025-03-25 10:02:36,0.542,0.837,0.633,0.342,MEDIUM,SYNTHETIC_DEMO_DATA
689,Kerala Coast,10.30646,76.19675,2025-03-25 12:57:28,0.447,0.646,0.692,0.2,LOW,SYNTHETIC_DEMO_DATA
690,Goa Coast,15.67208,73.75302,2025-03-25 15:52:19,0.686,0.761,0.74,0.248,LOW,SYNTHETIC_DEMO_DATA
691,Lakshadweep,10.41512,72.39836,2025-03-25 18:47:10,0.533,0.778,0.515,0.354,MEDIUM,SYNTHETIC_DEMO_DATA
692,Goa Coast,15.30771,73.88291,2025-03-25 21:42:01,0.431,0.714,0.716,0.269,LOW,SYNTHETIC_DEMO_DATA
693,Lakshadweep,10.22237,72.50494,2025-03-26 00:36:52,0.426,0.532,0.635,0.349,MEDIUM,SYNTHETIC_DEMO_DATA
694,Lakshadweep,10.59101,72.75115,2025-03-26 03:31:43,0.53,0.843,0.887,0.152,LOW,SYNTHETIC_DEMO_DATA
695,Sundarbans,22.05862,89.08252,2025-03-26 06:26:34,0.66,0.583,0.611,0.51,MEDIUM,SYNTHETIC_DEMO_DATA
696,Visakhapatnam,17.63992,82.88857,2025-03-26 09:21:25,0.53,0.613,0.72,0.341,MEDIUM,SYNTHETIC_DEMO_DATA
697,Goa Coast,15.40281,73.67187,2025-03-26 12:16:16,0.478,0.81,0.613,0.291,LOW,SYNTHETIC_DEMO_DATA
698,Mumbai Coast,18.93812,72.46692,2025-03-26 15:11:07,0.327,0.551,0.643,0.484,MEDIUM,SYNTHETIC_DEMO_DATA
699,Sundarbans,21.9855,89.07425,2025-03-26 18:05:58,0.457,0.812,0.754,0.384,MEDIUM,SYNTHETIC_DEMO_DATA
700,Sundarbans,22.38337,88.92261,2025-03-26 21:00:49,0.478,0.637,0.841,0.278,LOW,SYNTHETIC_DEMO_DATA
701,Mumbai Coast,19.04309,72.87614,2025-03-26 23:55:40,0.716,0.512,0.825,0.383,MEDIUM,SYNTHETIC_DEMO_DATA
702,Gujarat Coast,22.41604,69.51275,2025-03-27 02:50:31,0.305,0.583,0.604,0.43,MEDIUM,SYNTHETIC_DEMO_DATA
703,Odisha Coast,19.79522,85.68957,2025-03-27 05:45:22,0.57,0.753,0.779,0.257,LOW,SYNTHETIC_DEMO_DATA
704,Odisha Coast,19.95297,85.5545,2025-03-27 08:40:13,0.331,0.741,0.655,0.391,MEDIUM,SYNTHETIC_DEMO_DATA
705,Odisha Coast,19.73352,85.91529,2025-03-27 11:35:04,0.565,0.645,0.765,0.284,LOW,SYNTHETIC_DEMO_DATA
706,Mumbai Coast,19.072,72.73713,2025-03-27 14:29:56,0.443,0.656,0.59,0.442,MEDIUM,SYNTHETIC_DEMO_DATA
707,Sundarbans,21.8889,89.16049,2025-03-27 17:24:47,0.555,0.506,0.64,0.48,MEDIUM,SYNTHETIC_DEMO_DATA
708,Mumbai Coast,19.09264,72.75255,2025-03-27 20:19:38,0.383,0.748,0.748,0.2,LOW,SYNTHETIC_DEMO_DATA
709,Kerala Coast,9.88928,76.28126,2025-03-27 23:14:29,0.548,0.642,0.721,0.428,MEDIUM,SYNTHETIC_DEMO_DATA
710,Kerala Coast,9.93385,76.08936,2025-03-28 02:09:20,0.569,0.823,0.672,0.34,MEDIUM,SYNTHETIC_DEMO_DATA
711,Gujarat Coast,22.35473,69.18531,2025-03-28 05:04:11,0.341,0.732,0.749,0.393,MEDIUM,SYNTHETIC_DEMO_DATA
712,Mumbai Coast,19.00711,72.82632,2025-03-28 07:59:02,0.553,0.598,0.839,0.25,LOW,SYNTHETIC_DEMO_DATA
713,Goa Coast,15.48925,73.42251,2025-03-28 10:53:53,0.544,0.795,0.743,0.219,LOW,SYNTHETIC_DEMO_DATA
714,Goa Coast,15.64255,73.39344,2025-03-28 13:48:44,0.581,0.525,0.593,0.431,MEDIUM,SYNTHETIC_DEMO_DATA
715,Lakshadweep,10.29215,72.34915,2025-03-28 16:43:35,0.315,0.7,0.687,0.17,LOW,SYNTHETIC_DEMO_DATA
716,Goa Coast,15.27908,73.64512,2025-03-28 19:38:26,0.494,0.514,0.628,0.469,MEDIUM,SYNTHETIC_DEMO_DATA
717,Mumbai Coast,18.9955,72.795,2025-03-28 22:33:17,0.518,0.761,0.586,0.28,LOW,SYNTHETIC_DEMO_DATA
718,Kerala Coast,9.76073,76.7651,2025-03-29 01:28:08,0.493,0.806,0.67,0.262,LOW,SYNTHETIC_DEMO_DATA
719,Visakhapatnam,17.85985,83.1313,2025-03-29 04:22:59,0.23,0.514,0.555,0.417,MEDIUM,SYNTHETIC_DEMO_DATA
720,Mumbai Coast,19.24591,72.76001,2025-03-29 07:17:50,0.58,0.622,0.866,0.296,LOW,SYNTHETIC_DEMO_DATA
721,Odisha Coast,19.74981,85.58762,2025-03-29 10:12:41,0.318,0.608,0.785,0.331,MEDIUM,SYNTHETIC_DEMO_DATA
722,Lakshadweep,10.52849,72.69221,2025-03-29 13:07:32,0.466,0.697,0.677,0.189,LOW,SYNTHETIC_DEMO_DATA
723,Andaman & Nicobar,11.44904,92.52186,2025-03-29 16:02:24,0.564,0.713,0.773,0.184,LOW,SYNTHETIC_DEMO_DATA
724,Odisha Coast,19.75899,85.4422,2025-03-29 18:57:15,0.63,0.772,0.653,0.41,MEDIUM,SYNTHETIC_DEMO_DATA
725,Goa Coast,15.54987,73.92886,2025-03-29 21:52:06,0.273,0.548,0.713,0.317,MEDIUM,SYNTHETIC_DEMO_DATA
726,Odisha Coast,19.79795,86.04467,2025-03-30 00:46:57,0.413,0.879,0.747,0.21,LOW,SYNTHETIC_DEMO_DATA
727,Goa Coast,15.66259,73.96924,2025-03-30 03:41:48,0.503,0.721,0.631,0.341,MEDIUM,SYNTHETIC_DEMO_DATA
728,Sundarbans,22.0965,89.16516,2025-03-30 06:36:39,0.353,0.747,0.726,0.34,MEDIUM,SYNTHETIC_DEMO_DATA
729,Kerala Coast,9.78497,76.43077,2025-03-30 09:31:30,0.453,0.632,0.519,0.463,MEDIUM,SYNTHETIC_DEMO_DATA
730,Gujarat Coast,22.16506,69.5105,2025-03-30 12:26:21,0.383,0.633,0.794,0.273,LOW,SYNTHETIC_DEMO_DATA
731,Goa Coast,15.41118,73.7149,2025-03-30 15:21:12,0.416,0.622,0.584,0.338,MEDIUM,SYNTHETIC_DEMO_DATA
732,Kerala Coast,9.95702,76.04335,2025-03-30 18:16:03,0.489,0.657,0.659,0.514,MEDIUM,SYNTHETIC_DEMO_DATA
733,Lakshadweep,10.78381,72.8193,2025-03-30 21:10:54,0.659,0.54,0.576,0.455,MEDIUM,SYNTHETIC_DEMO_DATA
734,Goa Coast,15.52396,73.85156,2025-03-31 00:05:45,0.429,0.636,0.618,0.369,MEDIUM,SYNTHETIC_DEMO_DATA
735,Visakhapatnam,17.45805,83.27295,2025-03-31 03:00:36,0.476,0.526,0.564,0.483,MEDIUM,SYNTHETIC_DEMO_DATA
736,Gujarat Coast,22.60365,69.34121,2025-03-31 05:55:27,0.437,0.657,0.69,0.349,MEDIUM,SYNTHETIC_DEMO_DATA
737,Goa Coast,15.86142,73.93404,2025-03-31 08:50:18,0.489,0.683,0.868,0.162,LOW,SYNTHETIC_DEMO_DATA
738,Chennai Coast,13.19392,80.13619,2025-03-31 11:45:09,0.407,0.67,0.643,0.29,LOW,SYNTHETIC_DEMO_DATA
739,Goa Coast,15.48441,73.6013,2025-03-31 14:40:00,0.54,0.688,0.632,0.495,MEDIUM,SYNTHETIC_DEMO_DATA
740,Andaman & Nicobar,11.68846,92.18844,2025-03-31 17:34:52,0.505,0.585,0.691,0.208,LOW,SYNTHETIC_DEMO_DATA
741,Andaman & Nicobar,11.67419,92.71212,2025-03-31 20:29:43,0.273,0.536,0.794,0.268,LOW,SYNTHETIC_DEMO_DATA
742,Goa Coast,15.29907,73.88554,2025-03-31 23:24:34,0.532,0.665,0.577,0.457,MEDIUM,SYNTHETIC_DEMO_DATA
743,Gujarat Coast,22.10261,69.67744,2025-04-01 02:19:25,0.375,0.749,0.548,0.383,MEDIUM,SYNTHETIC_DEMO_DATA
744,Visakhapatnam,18.00795,83.26343,2025-04-01 05:14:16,0.417,0.546,0.612,0.405,MEDIUM,SYNTHETIC_DEMO_DATA
745,Goa Coast,15.58912,73.90367,2025-04-01 08:09:07,0.502,0.576,0.774,0.319,MEDIUM,SYNTHETIC_DEMO_DATA
746,Chennai Coast,12.89678,80.32427,2025-04-01 11:03:58,0.659,0.715,0.591,0.39,MEDIUM,SYNTHETIC_DEMO_DATA
747,Mumbai Coast,18.96259,73.06574,2025-04-01 13:58:49,0.442,0.845,0.755,0.259,LOW,SYNTHETIC_DEMO_DATA
748,Chennai Coast,12.75604,80.08376,2025-04-01 16:53:40,0.472,0.62,0.701,0.406,MEDIUM,SYNTHETIC_DEMO_DATA
749,Chennai Coast,13.20959,80.09391,2025-04-01 19:48:31,0.371,0.674,0.532,0.407,MEDIUM,SYNTHETIC_DEMO_DATA
750,Odisha Coast,20.08793,85.57501,2025-04-01 22:43:22,0.407,0.701,0.576,0.506,MEDIUM,SYNTHETIC_DEMO_DATA
751,Lakshadweep,10.29091,72.6158,2025-04-02 01:38:13,0.611,0.526,0.499,0.518,MEDIUM,SYNTHETIC_DEMO_DATA
752,Odisha Coast,19.65625,86.23867,2025-04-02 04:33:04,0.571,0.713,0.654,0.501,MEDIUM,SYNTHETIC_DEMO_DATA
753,Sundarbans,21.83,89.44119,2025-04-02 07:27:55,0.251,0.632,0.625,0.434,MEDIUM,SYNTHETIC_DEMO_DATA
754,Lakshadweep,10.68203,72.73054,2025-04-02 10:22:46,0.472,0.788,0.746,0.181,LOW,SYNTHETIC_DEMO_DATA
755,Mumbai Coast,18.89408,72.97582,2025-04-02 13:17:37,0.525,0.719,0.464,0.503,MEDIUM,SYNTHETIC_DEMO_DATA
756,Kerala Coast,9.89367,76.42635,2025-04-02 16:12:28,0.522,0.753,0.747,0.273,LOW,SYNTHETIC_DEMO_DATA
757,Goa Coast,15.80379,73.91451,2025-04-02 19:07:20,0.633,0.528,0.657,0.42,MEDIUM,SYNTHETIC_DEMO_DATA
758,Chennai Coast,13.22867,80.38063,2025-04-02 22:02:11,0.495,0.797,0.682,0.347,MEDIUM,SYNTHETIC_DEMO_DATA
759,Odisha Coast,19.66026,85.87778,2025-04-03 00:57:02,0.473,0.74,0.693,0.426,MEDIUM,SYNTHETIC_DEMO_DATA
760,Goa Coast,15.69379,73.80692,2025-04-03 03:51:53,0.52,0.67,0.721,0.314,MEDIUM,SYNTHETIC_DEMO_DATA
761,Odisha Coast,19.97485,85.97376,2025-04-03 06:46:44,0.415,0.835,0.819,0.168,LOW,SYNTHETIC_DEMO_DATA
762,Mumbai Coast,18.83714,72.65493,2025-04-03 09:41:35,0.48,0.765,0.698,0.237,LOW,SYNTHETIC_DEMO_DATA
763,Lakshadweep,10.56541,73.14079,2025-04-03 12:36:26,0.329,0.62,0.762,0.248,LOW,SYNTHETIC_DEMO_DATA
764,Lakshadweep,10.63156,72.67907,2025-04-03 15:31:17,0.463,0.736,0.588,0.332,MEDIUM,SYNTHETIC_DEMO_DATA
765,Chennai Coast,13.32821,80.14163,2025-04-03 18:26:08,0.512,0.626,0.802,0.313,MEDIUM,SYNTHETIC_DEMO_DATA
766,Goa Coast,15.46397,74.13993,2025-04-03 21:20:59,0.597,0.738,0.786,0.259,LOW,SYNTHETIC_DEMO_DATA
767,Gujarat Coast,22.28743,69.65476,2025-04-04 00:15:50,0.478,0.69,0.89,0.244,LOW,SYNTHETIC_DEMO_DATA
768,Kerala Coast,10.11164,76.23432,2025-04-04 03:10:41,0.767,0.544,0.729,0.324,MEDIUM,SYNTHETIC_DEMO_DATA
769,Odisha Coast,20.053,85.94824,2025-04-04 06:05:32,0.49,0.508,0.54,0.526,MEDIUM,SYNTHETIC_DEMO_DATA
770,Chennai Coast,13.22026,80.15659,2025-04-04 09:00:23,0.416,0.501,0.469,0.527,MEDIUM,SYNTHETIC_DEMO_DATA
771,Gujarat Coast,22.38032,69.93933,2025-04-04 11:55:14,0.323,0.796,0.804,0.17,LOW,SYNTHETIC_DEMO_DATA
772,Lakshadweep,10.83792,72.5982,2025-04-04 14:50:05,0.494,0.742,0.716,0.287,LOW,SYNTHETIC_DEMO_DATA
773,Sundarbans,21.66312,89.28958,2025-04-04 17:44:56,0.534,0.807,0.821,0.308,MEDIUM,SYNTHETIC_DEMO_DATA
774,Goa Coast,15.76053,73.74678,2025-04-04 20:39:47,0.376,0.718,0.572,0.426,MEDIUM,SYNTHETIC_DEMO_DATA
775,Andaman & Nicobar,11.55134,92.37819,2025-04-04 23:34:39,0.698,0.758,0.481,0.463,MEDIUM,SYNTHETIC_DEMO_DATA
776,Lakshadweep,10.79649,72.60043,2025-04-05 02:29:30,0.414,0.628,0.674,0.296,LOW,SYNTHETIC_DEMO_DATA
777,Kerala Coast,9.90021,75.90416,2025-04-05 05:24:21,0.475,0.809,0.736,0.268,LOW,SYNTHETIC_DEMO_DATA
778,Odisha Coast,19.94067,85.69485,2025-04-05 08:19:12,0.233,0.774,0.726,0.18,LOW,SYNTHETIC_DEMO_DATA
779,Visakhapatnam,17.63128,83.06334,2025-04-05 11:14:03,0.245,0.671,0.832,0.207,LOW,SYNTHETIC_DEMO_DATA
780,Andaman & Nicobar,11.36985,92.82967,2025-04-05 14:08:54,0.481,0.559,0.613,0.348,MEDIUM,SYNTHETIC_DEMO_DATA
781,Andaman & Nicobar,11.72275,92.67219,2025-04-05 17:03:45,0.386,0.523,0.623,0.436,MEDIUM,SYNTHETIC_DEMO_DATA
782,Gujarat Coast,21.98015,69.64416,2025-04-05 19:58:36,0.505,0.69,0.675,0.3,LOW,SYNTHETIC_DEMO_DATA
783,Odisha Coast,19.68993,86.17501,2025-04-05 22:53:27,0.46,0.559,0.541,0.551,MEDIUM,SYNTHETIC_DEMO_DATA
784,Odisha Coast,19.71951,85.64609,2025-04-06 01:48:18,0.425,0.703,0.847,0.245,LOW,SYNTHETIC_DEMO_DATA
785,Kerala Coast,9.58931,76.39766,2025-04-06 04:43:09,0.554,0.572,0.505,0.497,MEDIUM,SYNTHETIC_DEMO_DATA
786,Mumbai Coast,19.23054,73.13346,2025-04-06 07:38:00,0.311,0.69,0.689,0.221,LOW,SYNTHETIC_DEMO_DATA
787,Sundarbans,21.73741,89.33125,2025-04-06 10:32:51,0.627,0.751,0.734,0.303,MEDIUM,SYNTHETIC_DEMO_DATA
788,Gujarat Coast,22.11719,69.59148,2025-04-06 13:27:42,0.411,0.523,0.799,0.41,MEDIUM,SYNTHETIC_DEMO_DATA
789,Mumbai Coast,19.16017,72.704,2025-04-06 16:22:33,0.666,0.656,0.666,0.509,MEDIUM,SYNTHETIC_DEMO_DATA
790,Sundarbans,22.00304,89.63542,2025-04-06 19:17:24,0.614,0.798,0.714,0.41,MEDIUM,SYNTHETIC_DEMO_DATA
791,Sundarbans,22.06407,89.22703,2025-04-06 22:12:15,0.632,0.787,0.729,0.382,MEDIUM,SYNTHETIC_DEMO_DATA
792,Kerala Coast,9.97062,75.94107,2025-04-07 01:07:07,0.511,0.661,0.601,0.365,MEDIUM,SYNTHETIC_DEMO_DATA
793,Goa Coast,15.71214,73.91197,2025-04-07 04:01:58,0.358,0.741,0.673,0.289,LOW,SYNTHETIC_DEMO_DATA
794,Andaman & Nicobar,11.45153,92.67227,2025-04-07 06:56:49,0.518,0.762,0.842,0.184,LOW,SYNTHETIC_DEMO_DATA
795,Kerala Coast,10.22934,76.54373,2025-04-07 09:51:40,0.762,0.674,0.623,0.467,MEDIUM,SYNTHETIC_DEMO_DATA
796,Visakhapatnam,17.66674,83.29321,2025-04-07 12:46:31,0.44,0.74,0.611,0.326,MEDIUM,SYNTHETIC_DEMO_DATA
797,Lakshadweep,10.44417,72.43668,2025-04-07 15:41:22,0.687,0.795,0.702,0.222,LOW,SYNTHETIC_DEMO_DATA
798,Kerala Coast,9.95134,76.5997,2025-04-07 18:36:13,0.347,0.721,0.715,0.235,LOW,SYNTHETIC_DEMO_DATA
799,Chennai Coast,13.10837,80.21213,2025-04-07 21:31:04,0.393,0.723,0.696,0.291,LOW,SYNTHETIC_DEMO_DATA
800,Kerala Coast,10.03652,76.23842,2025-04-08 00:25:55,0.373,0.636,0.72,0.298,LOW,SYNTHETIC_DEMO_DATA
801,Sundarbans,21.56976,89.30054,2025-04-08 03:20:46,0.57,0.68,0.614,0.296,LOW,SYNTHETIC_DEMO_DATA
802,Chennai Coast,12.94686,80.2389,2025-04-08 06:15:37,0.35,0.745,0.748,0.233,LOW,SYNTHETIC_DEMO_DATA
803,Mumbai Coast,18.73797,72.62703,2025-04-08 09:10:28,0.648,0.715,0.553,0.298,LOW,SYNTHETIC_DEMO_DATA
804,Lakshadweep,10.35918,72.64729,2025-04-08 12:05:19,0.388,0.733,0.805,0.268,LOW,SYNTHETIC_DEMO_DATA
805,Goa Coast,15.4842,73.66229,2025-04-08 15:00:10,0.458,0.595,0.596,0.291,LOW,SYNTHETIC_DEMO_DATA
806,Goa Coast,15.50804,73.71811,2025-04-08 17:55:01,0.681,0.787,0.748,0.255,LOW,SYNTHETIC_DEMO_DATA
807,Mumbai Coast,19.22464,72.57999,2025-04-08 20:49:52,0.291,0.483,0.595,0.413,MEDIUM,SYNTHETIC_DEMO_DATA
808,Odisha Coast,19.59037,85.97646,2025-04-08 23:44:43,0.394,0.593,0.603,0.371,MEDIUM,SYNTHETIC_DEMO_DATA
809,Chennai Coast,13.03433,80.35628,2025-04-09 02:39:35,0.602,0.615,0.669,0.292,LOW,SYNTHETIC_DEMO_DATA
810,Lakshadweep,10.23078,72.50775,2025-04-09 05:34:26,0.604,0.474,0.351,0.746,HIGH,SYNTHETIC_DEMO_DATA
811,Sundarbans,21.81144,89.06215,2025-04-09 08:29:17,0.397,0.565,0.703,0.448,MEDIUM,SYNTHETIC_DEMO_DATA
812,Andaman & Nicobar,11.58506,92.36941,2025-04-09 11:24:08,0.471,0.775,0.597,0.298,LOW,SYNTHETIC_DEMO_DATA
813,Gujarat Coast,22.25823,69.65824,2025-04-09 14:18:59,0.376,0.772,0.712,0.34,MEDIUM,SYNTHETIC_DEMO_DATA
814,Visakhapatnam,17.83305,82.64475,2025-04-09 17:13:50,0.385,0.704,0.758,0.298,LOW,SYNTHETIC_DEMO_DATA
815,Goa Coast,15.4495,73.75127,2025-04-09 20:08:41,0.326,0.535,0.554,0.558,MEDIUM,SYNTHETIC_DEMO_DATA
816,Andaman & Nicobar,11.39697,92.60792,2025-04-09 23:03:32,0.601,0.935,0.784,0.14,LOW,SYNTHETIC_DEMO_DATA
817,Sundarbans,22.05236,89.27376,2025-04-10 01:58:23,0.642,0.661,0.468,0.619,HIGH,SYNTHETIC_DEMO_DATA
818,Odisha Coast,20.19172,85.82467,2025-04-10 04:53:14,0.586,0.8,0.556,0.522,MEDIUM,SYNTHETIC_DEMO_DATA
819,Gujarat Coast,22.40476,69.56725,2025-04-10 07:48:05,0.331,0.49,0.542,0.462,MEDIUM,SYNTHETIC_DEMO_DATA
820,Lakshadweep,10.33802,72.79648,2025-04-10 10:42:56,0.305,0.594,0.724,0.258,LOW,SYNTHETIC_DEMO_DATA
821,Sundarbans,21.90378,89.36215,2025-04-10 13:37:47,0.435,0.576,0.628,0.378,MEDIUM,SYNTHETIC_DEMO_DATA
822,Gujarat Coast,22.01074,69.66247,2025-04-10 16:32:38,0.288,0.593,0.683,0.408,MEDIUM,SYNTHETIC_DEMO_DATA
823,Odisha Coast,19.66531,85.66804,2025-04-10 19:27:29,0.353,0.663,0.609,0.513,MEDIUM,SYNTHETIC_DEMO_DATA
824,Gujarat Coast,22.23437,69.64864,2025-04-10 22:22:20,0.269,0.652,0.623,0.333,MEDIUM,SYNTHETIC_DEMO_DATA
825,Gujarat Coast,22.06114,69.51935,2025-04-11 01:17:11,0.309,0.756,0.719,0.276,LOW,SYNTHETIC_DEMO_DATA
826,Sundarbans,22.3193,89.29555,2025-04-11 04:12:03,0.529,0.626,0.722,0.306,MEDIUM,SYNTHETIC_DEMO_DATA
827,Gujarat Coast,22.32715,69.66835,2025-04-11 07:06:54,0.421,0.537,0.606,0.306,MEDIUM,SYNTHETIC_DEMO_DATA
828,Andaman & Nicobar,12.02034,92.53712,2025-04-11 10:01:45,0.507,0.724,0.821,0.232,LOW,SYNTHETIC_DEMO_DATA
829,Andaman & Nicobar,11.52127,92.8139,2025-04-11 12:56:36,0.61,0.854,0.729,0.188,LOW,SYNTHETIC_DEMO_DATA
830,Sundarbans,22.12499,89.52461,2025-04-11 15:51:27,0.439,0.601,0.562,0.539,MEDIUM,SYNTHETIC_DEMO_DATA
831,Visakhapatnam,17.52013,83.199,2025-04-11 18:46:18,0.559,0.747,0.752,0.3,MEDIUM,SYNTHETIC_DEMO_DATA
832,Visakhapatnam,17.4751,83.13021,2025-04-11 21:41:09,0.38,0.688,0.71,0.353,MEDIUM,SYNTHETIC_DEMO_DATA
833,Kerala Coast,10.17029,76.61584,2025-04-12 00:36:00,0.682,0.724,0.663,0.331,MEDIUM,SYNTHETIC_DEMO_DATA
834,Odisha Coast,19.92751,86.00494,2025-04-12 03:30:51,0.636,0.633,0.529,0.434,MEDIUM,SYNTHETIC_DEMO_DATA
835,Andaman & Nicobar,11.55668,92.72424,2025-04-12 06:25:42,0.479,0.7,0.635,0.256,LOW,SYNTHETIC_DEMO_DATA
836,Goa Coast,15.68301,73.79655,2025-04-12 09:20:33,0.518,0.762,0.71,0.356,MEDIUM,SYNTHETIC_DEMO_DATA
837,Andaman & Nicobar,11.39252,92.65701,2025-04-12 12:15:24,0.408,0.664,0.746,0.256,LOW,SYNTHETIC_DEMO_DATA
838,Odisha Coast,19.58486,86.01307,2025-04-12 15:10:15,0.475,0.599,0.541,0.413,MEDIUM,SYNTHETIC_DEMO_DATA
839,Sundarbans,21.93994,89.28428,2025-04-12 18:05:06,0.479,0.592,0.622,0.607,HIGH,SYNTHETIC_DEMO_DATA
840,Lakshadweep,10.71056,72.4375,2025-04-12 20:59:57,0.272,0.625,0.515,0.52,MEDIUM,SYNTHETIC_DEMO_DATA
841,Visakhapatnam,17.6279,83.14357,2025-04-12 23:54:48,0.274,0.573,0.652,0.279,LOW,SYNTHETIC_DEMO_DATA
842,Gujarat Coast,22.28068,69.74239,2025-04-13 02:49:39,0.28,0.726,0.707,0.191,LOW,SYNTHETIC_DEMO_DATA
843,Lakshadweep,10.41664,72.74742,2025-04-13 05:44:31,0.45,0.764,0.736,0.265,LOW,SYNTHETIC_DEMO_DATA
844,Sundarbans,22.09556,89.32908,2025-04-13 08:39:22,0.497,0.548,0.714,0.473,MEDIUM,SYNTHETIC_DEMO_DATA
845,Sundarbans,22.2612,89.277,2025-04-13 11:34:13,0.386,0.54,0.481,0.504,MEDIUM,SYNTHETIC_DEMO_DATA
846,Sundarbans,21.84722,89.40235,2025-04-13 14:29:04,0.346,0.434,0.582,0.65,HIGH,SYNTHETIC_DEMO_DATA
847,Odisha Coast,19.76909,85.82647,2025-04-13 17:23:55,0.439,0.623,0.636,0.328,MEDIUM,SYNTHETIC_DEMO_DATA
848,Sundarbans,21.97863,89.06219,2025-04-13 20:18:46,0.585,0.513,0.545,0.493,MEDIUM,SYNTHETIC_DEMO_DATA
849,Andaman & Nicobar,11.88023,92.74184,2025-04-13 23:13:37,0.594,0.617,0.833,0.3,MEDIUM,SYNTHETIC_DEMO_DATA
850,Gujarat Coast,22.45039,69.14505,2025-04-14 02:08:28,0.286,0.822,0.844,0.266,LOW,SYNTHETIC_DEMO_DATA
851,Lakshadweep,10.73645,72.6324,2025-04-14 05:03:19,0.247,0.602,0.605,0.266,LOW,SYNTHETIC_DEMO_DATA
852,Andaman & Nicobar,11.97668,92.41563,2025-04-14 07:58:10,0.422,0.644,0.728,0.441,MEDIUM,SYNTHETIC_DEMO_DATA
853,Lakshadweep,10.36203,72.52068,2025-04-14 10:53:01,0.412,0.648,0.716,0.337,MEDIUM,SYNTHETIC_DEMO_DATA
854,Visakhapatnam,17.66043,83.03418,2025-04-14 13:47:52,0.515,0.68,0.761,0.291,LOW,SYNTHETIC_DEMO_DATA
855,Visakhapatnam,17.57541,83.58267,2025-04-14 16:42:43,0.335,0.648,0.631,0.333,MEDIUM,SYNTHETIC_DEMO_DATA
856,Andaman & Nicobar,11.73528,92.39729,2025-04-14 19:37:34,0.577,0.691,0.579,0.389,MEDIUM,SYNTHETIC_DEMO_DATA
857,Visakhapatnam,18.00684,83.00554,2025-04-14 22:32:25,0.39,0.548,0.611,0.388,MEDIUM,SYNTHETIC_DEMO_DATA
858,Sundarbans,21.88177,88.88912,2025-04-15 01:27:16,0.726,0.476,0.543,0.587,MEDIUM,SYNTHETIC_DEMO_DATA
859,Gujarat Coast,22.34629,69.4418,2025-04-15 04:22:07,0.416,0.525,0.532,0.615,HIGH,SYNTHETIC_DEMO_DATA
860,Andaman & Nicobar,11.68967,92.71562,2025-04-15 07:16:59,0.513,0.52,0.737,0.335,MEDIUM,SYNTHETIC_DEMO_DATA
861,Lakshadweep,10.37305,72.69612,2025-04-15 10:11:50,0.409,0.657,0.664,0.339,MEDIUM,SYNTHETIC_DEMO_DATA
862,Lakshadweep,10.36049,72.76724,2025-04-15 13:06:41,0.402,0.723,0.744,0.251,LOW,SYNTHETIC_DEMO_DATA
863,Odisha Coast,19.75338,85.113,2025-04-15 16:01:32,0.666,0.645,0.591,0.376,MEDIUM,SYNTHETIC_DEMO_DATA
864,Goa Coast,15.4698,73.81056,2025-04-15 18:56:23,0.477,0.6,0.501,0.561,MEDIUM,SYNTHETIC_DEMO_DATA
865,Andaman & Nicobar,11.90689,93.00494,2025-04-15 21:51:14,0.655,0.629,0.681,0.345,MEDIUM,SYNTHETIC_DEMO_DATA
866,Gujarat Coast,22.13023,69.9176,2025-04-16 00:46:05,0.358,0.582,0.638,0.359,MEDIUM,SYNTHETIC_DEMO_DATA
867,Andaman & Nicobar,11.4675,92.39378,2025-04-16 03:40:56,0.295,0.582,0.603,0.315,MEDIUM,SYNTHETIC_DEMO_DATA
868,Andaman & Nicobar,11.56578,92.96469,2025-04-16 06:35:47,0.506,0.584,0.761,0.326,MEDIUM,SYNTHETIC_DEMO_DATA
869,Kerala Coast,9.84789,76.14018,2025-04-16 09:30:38,0.477,0.872,0.835,0.212,LOW,SYNTHETIC_DEMO_DATA
870,Sundarbans,22.41781,89.36751,2025-04-16 12:25:29,0.504,0.652,0.692,0.417,MEDIUM,SYNTHETIC_DEMO_DATA
871,Kerala Coast,9.86869,76.18189,2025-04-16 15:20:20,0.552,0.828,0.68,0.309,MEDIUM,SYNTHETIC_DEMO_DATA
872,Visakhapatnam,17.59794,83.50139,2025-04-16 18:15:11,0.298,0.655,0.796,0.316,MEDIUM,SYNTHETIC_DEMO_DATA
873,Odisha Coast,19.97318,86.30114,2025-04-16 21:10:02,0.348,0.502,0.589,0.481,MEDIUM,SYNTHETIC_DEMO_DATA
874,Odisha Coast,19.72628,86.10435,2025-04-17 00:04:53,0.419,0.527,0.655,0.428,MEDIUM,SYNTHETIC_DEMO_DATA
875,Gujarat Coast,21.99669,69.6509,2025-04-17 02:59:44,0.208,0.603,0.616,0.408,MEDIUM,SYNTHETIC_DEMO_DATA
876,Mumbai Coast,18.84279,73.10114,2025-04-17 05:54:35,0.591,0.797,0.634,0.226,LOW,SYNTHETIC_DEMO_DATA
877,Mumbai Coast,18.51078,72.7915,2025-04-17 08:49:26,0.488,0.642,0.684,0.438,MEDIUM,SYNTHETIC_DEMO_DATA
878,Goa Coast,15.18138,74.11516,2025-04-17 11:44:18,0.339,0.625,0.746,0.34,MEDIUM,SYNTHETIC_DEMO_DATA
879,Mumbai Coast,18.95591,72.92007,2025-04-17 14:39:09,0.587,0.696,0.539,0.341,MEDIUM,SYNTHETIC_DEMO_DATA
880,Gujarat Coast,22.40304,69.63053,2025-04-17 17:34:00,0.374,0.59,0.852,0.256,LOW,SYNTHETIC_DEMO_DATA
881,Sundarbans,22.02883,89.38145,2025-04-17 20:28:51,0.712,0.671,0.833,0.364,MEDIUM,SYNTHETIC_DEMO_DATA
882,Andaman & Nicobar,11.69444,92.75187,2025-04-17 23:23:42,0.578,0.762,0.755,0.215,LOW,SYNTHETIC_DEMO_DATA
883,Kerala Coast,9.73724,76.57873,2025-04-18 02:18:33,0.513,0.628,0.563,0.44,MEDIUM,SYNTHETIC_DEMO_DATA
884,Odisha Coast,19.90786,85.81088,2025-04-18 05:13:24,0.57,0.857,0.746,0.382,MEDIUM,SYNTHETIC_DEMO_DATA
885,Andaman & Nicobar,11.30809,92.41659,2025-04-18 08:08:15,0.413,0.718,0.803,0.273,LOW,SYNTHETIC_DEMO_DATA
886,Goa Coast,15.24619,74.02771,2025-04-18 11:03:06,0.485,0.624,0.645,0.266,LOW,SYNTHETIC_DEMO_DATA
887,Sundarbans,21.6307,89.5401,2025-04-18 13:57:57,0.429,0.519,0.722,0.467,MEDIUM,SYNTHETIC_DEMO_DATA
888,Odisha Coast,19.76812,86.17142,2025-04-18 16:52:48,0.358,0.559,0.435,0.687,HIGH,SYNTHETIC_DEMO_DATA
889,Sundarbans,21.84893,89.06386,2025-04-18 19:47:39,0.618,0.705,0.824,0.374,MEDIUM,SYNTHETIC_DEMO_DATA
890,Visakhapatnam,17.95933,83.45821,2025-04-18 22:42:30,0.515,0.724,0.582,0.4,MEDIUM,SYNTHETIC_DEMO_DATA
891,Sundarbans,21.79424,89.14053,2025-04-19 01:37:21,0.368,0.573,0.61,0.401,MEDIUM,SYNTHETIC_DEMO_DATA
892,Goa Coast,15.41106,73.48032,2025-04-19 04:32:12,0.623,0.792,0.713,0.279,LOW,SYNTHETIC_DEMO_DATA
893,Mumbai Coast,19.33517,73.02104,2025-04-19 07:27:03,0.436,0.611,0.667,0.357,MEDIUM,SYNTHETIC_DEMO_DATA
894,Lakshadweep,10.55511,72.37557,2025-04-19 10:21:54,0.402,0.578,0.628,0.422,MEDIUM,SYNTHETIC_DEMO_DATA
895,Goa Coast,15.95858,74.00451,2025-04-19 13:16:46,0.546,0.739,0.795,0.31,MEDIUM,SYNTHETIC_DEMO_DATA
896,Gujarat Coast,22.22547,69.33853,2025-04-19 16:11:37,0.314,0.511,0.732,0.356,MEDIUM,SYNTHETIC_DEMO_DATA
897,Mumbai Coast,19.13214,72.98253,2025-04-19 19:06:28,0.766,0.671,0.728,0.406,MEDIUM,SYNTHETIC_DEMO_DATA
898,Sundarbans,22.16314,89.31101,2025-04-19 22:01:19,0.499,0.726,0.752,0.424,MEDIUM,SYNTHETIC_DEMO_DATA
899,Sundarbans,21.93015,89.22761,2025-04-20 00:56:10,0.614,0.669,0.71,0.446,MEDIUM,SYNTHETIC_DEMO_DATA
900,Gujarat Coast,22.04725,69.71533,2025-04-20 03:51:01,0.448,0.8,0.677,0.227,LOW,SYNTHETIC_DEMO_DATA
901,Sundarbans,22.17721,89.20599,2025-04-20 06:45:52,0.389,0.68,0.552,0.462,MEDIUM,SYNTHETIC_DEMO_DATA
902,Sundarbans,22.11007,89.1301,2025-04-20 09:40:43,0.53,0.58,0.554,0.503,MEDIUM,SYNTHETIC_DEMO_DATA
903,Visakhapatnam,17.54303,83.29082,2025-04-20 12:35:34,0.307,0.761,0.767,0.292,LOW,SYNTHETIC_DEMO_DATA
904,Andaman & Nicobar,11.94231,92.74745,2025-04-20 15:30:25,0.596,0.635,0.729,0.415,MEDIUM,SYNTHETIC_DEMO_DATA
905,Kerala Coast,10.11807,76.66166,2025-04-20 18:25:16,0.603,0.619,0.644,0.364,MEDIUM,SYNTHETIC_DEMO_DATA
906,Goa Coast,15.30896,73.73248,2025-04-20 21:20:07,0.416,0.645,0.581,0.353,MEDIUM,SYNTHETIC_DEMO_DATA
907,Kerala Coast,9.92374,76.5599,2025-04-21 00:14:58,0.502,0.48,0.577,0.583,MEDIUM,SYNTHETIC_DEMO_DATA
908,Odisha Coast,20.21222,85.77876,2025-04-21 03:09:49,0.575,0.682,0.756,0.387,MEDIUM,SYNTHETIC_DEMO_DATA
909,Chennai Coast,13.07091,80.35345,2025-04-21 06:04:40,0.597,0.626,0.868,0.181,LOW,SYNTHETIC_DEMO_DATA
910,Sundarbans,21.83641,89.28493,2025-04-21 08:59:31,0.402,0.552,0.723,0.462,MEDIUM,SYNTHETIC_DEMO_DATA
911,Goa Coast,15.57381,73.80758,2025-04-21 11:54:22,0.46,0.668,0.645,0.476,MEDIUM,SYNTHETIC_DEMO_DATA
912,Odisha Coast,20.03416,85.93318,2025-04-21 14:49:14,0.519,0.643,0.589,0.61,HIGH,SYNTHETIC_DEMO_DATA
913,Chennai Coast,13.2323,80.15906,2025-04-21 17:44:05,0.544,0.683,0.564,0.331,MEDIUM,SYNTHETIC_DEMO_DATA
914,Lakshadweep,10.56154,72.70244,2025-04-21 20:38:56,0.341,0.601,0.597,0.446,MEDIUM,SYNTHETIC_DEMO_DATA
915,Mumbai Coast,18.98717,72.69438,2025-04-21 23:33:47,0.37,0.649,0.759,0.23,LOW,SYNTHETIC_DEMO_DATA
916,Kerala Coast,10.08269,76.38593,2025-04-22 02:28:38,0.592,0.64,0.64,0.423,MEDIUM,SYNTHETIC_DEMO_DATA
917,Mumbai Coast,19.09625,72.79442,2025-04-22 05:23:29,0.434,1.0,0.722,0.171,LOW,SYNTHETIC_DEMO_DATA
918,Goa Coast,15.33117,74.05642,2025-04-22 08:18:20,0.504,0.727,0.681,0.436,MEDIUM,SYNTHETIC_DEMO_DATA
919,Visakhapatnam,17.68217,83.46591,2025-04-22 11:13:11,0.452,0.651,0.771,0.243,LOW,SYNTHETIC_DEMO_DATA
920,Gujarat Coast,22.20392,70.00669,2025-04-22 14:08:02,0.309,0.511,0.726,0.33,MEDIUM,SYNTHETIC_DEMO_DATA
921,Andaman & Nicobar,11.85851,92.47816,2025-04-22 17:02:53,0.554,0.914,0.614,0.432,MEDIUM,SYNTHETIC_DEMO_DATA
922,Mumbai Coast,19.04813,72.67007,2025-04-22 19:57:44,0.333,0.497,0.733,0.312,MEDIUM,SYNTHETIC_DEMO_DATA
923,Kerala Coast,9.65943,75.92789,2025-04-22 22:52:35,0.776,0.76,0.586,0.432,MEDIUM,SYNTHETIC_DEMO_DATA
924,Odisha Coast,19.66487,85.77141,2025-04-23 01:47:26,0.393,0.745,0.492,0.323,MEDIUM,SYNTHETIC_DEMO_DATA
925,Visakhapatnam,17.66618,83.19388,2025-04-23 04:42:17,0.543,0.67,0.737,0.296,LOW,SYNTHETIC_DEMO_DATA
926,Lakshadweep,10.87114,72.62661,2025-04-23 07:37:08,0.468,0.485,0.563,0.462,MEDIUM,SYNTHETIC_DEMO_DATA
927,Mumbai Coast,19.14842,72.91457,2025-04-23 10:31:59,0.477,0.597,0.698,0.406,MEDIUM,SYNTHETIC_DEMO_DATA
928,Chennai Coast,12.86501,80.34287,2025-04-23 13:26:50,0.46,0.432,0.452,0.648,HIGH,SYNTHETIC_DEMO_DATA
929,Kerala Coast,10.2434,76.06922,2025-04-23 16:21:42,0.518,0.685,0.725,0.292,LOW,SYNTHETIC_DEMO_DATA
930,Mumbai Coast,18.91361,73.21895,2025-04-23 19:16:33,0.556,0.749,0.6,0.431,MEDIUM,SYNTHETIC_DEMO_DATA
931,Mumbai Coast,18.95654,73.01171,2025-04-23 22:11:24,0.408,0.734,0.603,0.252,LOW,SYNTHETIC_DEMO_DATA
932,Gujarat Coast,22.14989,69.70684,2025-04-24 01:06:15,0.32,0.507,0.699,0.403,MEDIUM,SYNTHETIC_DEMO_DATA
933,Visakhapatnam,17.58017,83.09423,2025-04-24 04:01:06,0.272,0.791,0.706,0.317,MEDIUM,SYNTHETIC_DEMO_DATA
934,Gujarat Coast,22.66377,69.64482,2025-04-24 06:55:57,0.465,0.819,0.75,0.237,LOW,SYNTHETIC_DEMO_DATA
935,Kerala Coast,9.91833,76.20039,2025-04-24 09:50:48,0.588,0.774,0.661,0.336,MEDIUM,SYNTHETIC_DEMO_DATA
936,Lakshadweep,10.35297,72.37084,2025-04-24 12:45:39,0.502,0.897,0.651,0.129,LOW,SYNTHETIC_DEMO_DATA
937,Odisha Coast,19.93383,86.04407,2025-04-24 15:40:30,0.67,0.66,0.518,0.468,MEDIUM,SYNTHETIC_DEMO_DATA
938,Odisha Coast,19.47974,85.92712,2025-04-24 18:35:21,0.423,0.71,0.698,0.224,LOW,SYNTHETIC_DEMO_DATA
939,Kerala Coast,9.74542,75.93763,2025-04-24 21:30:12,0.501,0.656,0.655,0.348,MEDIUM,SYNTHETIC_DEMO_DATA
940,Mumbai Coast,18.9052,72.80029,2025-04-25 00:25:03,0.478,0.618,0.456,0.628,HIGH,SYNTHETIC_DEMO_DATA
941,Gujarat Coast,22.528,69.36021,2025-04-25 03:19:54,0.453,0.63,0.621,0.273,LOW,SYNTHETIC_DEMO_DATA
942,Kerala Coast,10.20575,76.34914,2025-04-25 06:14:45,0.66,0.459,0.674,0.504,MEDIUM,SYNTHETIC_DEMO_DATA
943,Lakshadweep,10.44645,72.9116,2025-04-25 09:09:36,0.575,0.655,0.689,0.134,LOW,SYNTHETIC_DEMO_DATA
944,Kerala Coast,10.13458,76.34007,2025-04-25 12:04:27,0.56,0.716,0.751,0.328,MEDIUM,SYNTHETIC_DEMO_DATA
945,Odisha Coast,19.75763,85.59546,2025-04-25 14:59:18,0.458,0.542,0.676,0.45,MEDIUM,SYNTHETIC_DEMO_DATA
946,Odisha Coast,19.51229,85.94036,2025-04-25 17:54:10,0.398,0.734,0.697,0.217,LOW,SYNTHETIC_DEMO_DATA
947,Lakshadweep,10.8189,72.57599,2025-04-25 20:49:01,0.531,0.664,0.644,0.297,LOW,SYNTHETIC_DEMO_DATA
948,Odisha Coast,19.95718,86.0416,2025-04-25 23:43:52,0.396,0.622,0.627,0.428,MEDIUM,SYNTHETIC_DEMO_DATA
949,Lakshadweep,10.57501,72.61481,2025-04-26 02:38:43,0.225,0.576,0.685,0.344,MEDIUM,SYNTHETIC_DEMO_DATA
950,Visakhapatnam,17.56322,82.89664,2025-04-26 05:33:34,0.596,0.759,0.778,0.304,MEDIUM,SYNTHETIC_DEMO_DATA
951,Sundarbans,22.1161,89.32203,2025-04-26 08:28:25,0.418,0.63,0.603,0.429,MEDIUM,SYNTHETIC_DEMO_DATA
952,Chennai Coast,13.02133,79.95566,2025-04-26 11:23:16,0.487,0.642,0.678,0.267,LOW,SYNTHETIC_DEMO_DATA
953,Gujarat Coast,22.38151,69.40781,2025-04-26 14:18:07,0.341,0.656,0.643,0.278,LOW,SYNTHETIC_DEMO_DATA
954,Kerala Coast,9.86458,76.4258,2025-04-26 17:12:58,0.278,0.65,0.704,0.364,MEDIUM,SYNTHETIC_DEMO_DATA
955,Goa Coast,15.25083,73.98462,2025-04-26 20:07:49,0.272,0.55,0.587,0.42,MEDIUM,SYNTHETIC_DEMO_DATA
956,Gujarat Coast,22.63765,69.38389,2025-04-26 23:02:40,0.482,0.634,0.58,0.469,MEDIUM,SYNTHETIC_DEMO_DATA
957,Kerala Coast,9.79677,76.4984,2025-04-27 01:57:31,0.579,0.654,0.587,0.333,MEDIUM,SYNTHETIC_DEMO_DATA
958,Gujarat Coast,22.69318,69.65511,2025-04-27 04:52:22,0.415,0.791,0.567,0.295,LOW,SYNTHETIC_DEMO_DATA
959,Lakshadweep,10.44104,72.74877,2025-04-27 07:47:13,0.507,0.672,0.614,0.269,LOW,SYNTHETIC_DEMO_DATA
960,Kerala Coast,10.03879,76.12743,2025-04-27 10:42:04,0.712,0.659,0.619,0.428,MEDIUM,SYNTHETIC_DEMO_DATA
961,Odisha Coast,19.62536,85.61786,2025-04-27 13:36:55,0.398,0.726,0.698,0.28,LOW,SYNTHETIC_DEMO_DATA
962,Kerala Coast,10.00627,76.52676,2025-04-27 16:31:46,0.487,0.746,0.749,0.321,MEDIUM,SYNTHETIC_DEMO_DATA
963,Andaman & Nicobar,11.73964,92.30626,2025-04-27 19:26:37,0.52,0.703,0.798,0.2,LOW,SYNTHETIC_DEMO_DATA
964,Visakhapatnam,17.81701,83.07896,2025-04-27 22:21:29,0.404,0.559,0.737,0.223,LOW,SYNTHETIC_DEMO_DATA
965,Lakshadweep,10.23194,72.63163,2025-04-28 01:16:20,0.435,0.892,0.616,0.211,LOW,SYNTHETIC_DEMO_DATA
966,Mumbai Coast,19.25823,72.71559,2025-04-28 04:11:11,0.43,0.605,0.53,0.392,MEDIUM,SYNTHETIC_DEMO_DATA
967,Gujarat Coast,22.24337,69.29563,2025-04-28 07:06:02,0.313,0.65,0.768,0.28,LOW,SYNTHETIC_DEMO_DATA
968,Chennai Coast,12.71767,80.59801,2025-04-28 10:00:53,0.465,0.677,0.653,0.274,LOW,SYNTHETIC_DEMO_DATA
969,Lakshadweep,10.6659,72.67767,2025-04-28 12:55:44,0.614,0.528,0.621,0.334,MEDIUM,SYNTHETIC_DEMO_DATA
970,Sundarbans,22.00413,89.05178,2025-04-28 15:50:35,0.639,0.469,0.547,0.604,HIGH,SYNTHETIC_DEMO_DATA
971,Visakhapatnam,17.72308,83.11213,2025-04-28 18:45:26,0.462,0.623,0.72,0.257,LOW,SYNTHETIC_DEMO_DATA
972,Kerala Coast,9.95002,76.23569,2025-04-28 21:40:17,0.606,0.611,0.603,0.455,MEDIUM,SYNTHETIC_DEMO_DATA
973,Kerala Coast,9.89601,76.0262,2025-04-29 00:35:08,0.638,0.576,0.756,0.306,MEDIUM,SYNTHETIC_DEMO_DATA
974,Kerala Coast,9.78539,76.10294,2025-04-29 03:29:59,0.352,0.715,0.64,0.211,LOW,SYNTHETIC_DEMO_DATA
975,Odisha Coast,19.82675,85.88247,2025-04-29 06:24:50,0.387,0.761,0.57,0.331,MEDIUM,SYNTHETIC_DEMO_DATA
976,Visakhapatnam,17.62778,83.70313,2025-04-29 09:19:41,0.477,0.681,0.715,0.152,LOW,SYNTHETIC_DEMO_DATA
977,Sundarbans,22.11433,88.75947,2025-04-29 12:14:32,0.41,0.671,0.685,0.47,MEDIUM,SYNTHETIC_DEMO_DATA
978,Mumbai Coast,18.99468,72.60914,2025-04-29 15:09:23,0.446,0.253,0.445,0.691,HIGH,SYNTHETIC_DEMO_DATA
979,Chennai Coast,13.00449,80.08471,2025-04-29 18:04:14,0.469,0.614,0.741,0.316,MEDIUM,SYNTHETIC_DEMO_DATA
980,Mumbai Coast,18.89512,72.67415,2025-04-29 20:59:05,0.385,0.585,0.64,0.418,MEDIUM,SYNTHETIC_DEMO_DATA
981,Mumbai Coast,18.94482,72.8689,2025-04-29 23:53:57,0.407,0.736,0.701,0.24,LOW,SYNTHETIC_DEMO_DATA
982,Goa Coast,15.8994,73.71871,2025-04-30 02:48:48,0.37,0.731,0.613,0.225,LOW,SYNTHETIC_DEMO_DATA
983,Mumbai Coast,18.84626,72.72598,2025-04-30 05:43:39,0.456,0.564,0.453,0.461,MEDIUM,SYNTHETIC_DEMO_DATA
984,Gujarat Coast,22.70051,69.95913,2025-04-30 08:38:30,0.242,0.687,0.677,0.303,MEDIUM,SYNTHETIC_DEMO_DATA
985,Mumbai Coast,19.11239,72.89945,2025-04-30 11:33:21,0.674,0.755,0.676,0.226,LOW,SYNTHETIC_DEMO_DATA
986,Gujarat Coast,22.30217,69.70383,2025-04-30 14:28:12,0.428,0.768,0.5,0.373,MEDIUM,SYNTHETIC_DEMO_DATA
987,Gujarat Coast,22.39748,69.55295,2025-04-30 17:23:03,0.438,0.579,0.631,0.344,MEDIUM,SYNTHETIC_DEMO_DATA
988,Chennai Coast,13.26644,80.01752,2025-04-30 20:17:54,0.411,0.671,0.772,0.138,LOW,SYNTHETIC_DEMO_DATA
989,Visakhapatnam,17.69217,83.19671,2025-04-30 23:12:45,0.479,0.728,0.636,0.245,LOW,SYNTHETIC_DEMO_DATA
990,Goa Coast,15.46123,73.7051,2025-05-01 02:07:36,0.491,0.657,0.679,0.295,LOW,SYNTHETIC_DEMO_DATA
991,Chennai Coast,12.76989,80.33857,2025-05-01 05:02:27,0.544,0.439,0.587,0.442,MEDIUM,SYNTHETIC_DEMO_DATA
992,Mumbai Coast,18.8403,73.03873,2025-05-01 07:57:18,0.585,0.657,0.732,0.267,LOW,SYNTHETIC_DEMO_DATA
993,Odisha Coast,19.4693,86.03499,2025-05-01 10:52:09,0.61,0.695,0.768,0.471,MEDIUM,SYNTHETIC_DEMO_DATA
994,Kerala Coast,9.90478,76.15349,2025-05-01 13:47:00,0.537,0.736,0.683,0.363,MEDIUM,SYNTHETIC_DEMO_DATA
995,Mumbai Coast,19.22916,72.88682,2025-05-01 16:41:51,0.727,0.664,0.731,0.483,MEDIUM,SYNTHETIC_DEMO_DATA
996,Gujarat Coast,22.32993,69.7131,2025-05-01 19:36:42,0.431,0.553,0.723,0.259,LOW,SYNTHETIC_DEMO_DATA
997,Mumbai Coast,18.80961,72.66431,2025-05-01 22:31:33,0.769,0.848,0.804,0.211,LOW,SYNTHETIC_DEMO_DATA
998,Chennai Coast,12.91878,80.12526,2025-05-02 01:26:25,0.377,0.62,0.519,0.57,MEDIUM,SYNTHETIC_DEMO_DATA
999,Lakshadweep,10.76952,72.56134,2025-05-02 04:21:16,0.508,0.763,0.65,0.241,LOW,SYNTHETIC_DEMO_DATA
1000,Mumbai Coast,18.83311,73.0163,2025-05-02 07:16:07,0.639,0.623,0.58,0.444,MEDIUM,SYNTHETIC_DEMO_DATA
1001,Andaman & Nicobar,11.63786,92.92942,2025-05-02 10:10:58,0.568,0.762,0.756,0.345,MEDIUM,SYNTHETIC_DEMO_DATA
1002,Goa Coast,15.31797,73.55957,2025-05-02 13:05:49,0.458,0.676,0.576,0.495,MEDIUM,SYNTHETIC_DEMO_DATA
1003,Mumbai Coast,18.71631,72.87556,2025-05-02 16:00:40,0.294,0.605,0.681,0.311,MEDIUM,SYNTHETIC_DEMO_DATA
1004,Andaman & Nicobar,11.52945,92.69056,2025-05-02 18:55:31,0.43,0.678,0.7,0.218,LOW,SYNTHETIC_DEMO_DATA
1005,Odisha Coast,19.655,85.52641,2025-05-02 21:50:22,0.459,0.724,0.722,0.356,MEDIUM,SYNTHETIC_DEMO_DATA
1006,Lakshadweep,10.75993,72.66768,2025-05-03 00:45:13,0.499,0.67,0.592,0.219,LOW,SYNTHETIC_DEMO_DATA
1007,Andaman & Nicobar,11.94404,92.91636,2025-05-03 03:40:04,0.486,0.621,0.482,0.462,MEDIUM,SYNTHETIC_DEMO_DATA
1008,Mumbai Coast,19.08031,73.10395,2025-05-03 06:34:55,0.573,0.638,0.681,0.472,MEDIUM,SYNTHETIC_DEMO_DATA
1009,Goa Coast,15.66182,73.62433,2025-05-03 09:29:46,0.563,0.769,0.769,0.233,LOW,SYNTHETIC_DEMO_DATA
1010,Mumbai Coast,18.74594,73.18103,2025-05-03 12:24:37,0.601,0.495,0.467,0.66,HIGH,SYNTHETIC_DEMO_DATA
1011,Visakhapatnam,17.86447,83.13946,2025-05-03 15:19:28,0.444,0.627,0.635,0.396,MEDIUM,SYNTHETIC_DEMO_DATA
1012,Goa Coast,15.52295,73.57968,2025-05-03 18:14:19,0.42,0.599,0.688,0.298,LOW,SYNTHETIC_DEMO_DATA
1013,Visakhapatnam,17.82157,83.14818,2025-05-03 21:09:10,0.363,0.688,0.651,0.372,MEDIUM,SYNTHETIC_DEMO_DATA
1014,Chennai Coast,12.84608,80.3703,2025-05-04 00:04:01,0.204,0.641,0.56,0.421,MEDIUM,SYNTHETIC_DEMO_DATA
1015,Mumbai Coast,18.46095,73.15488,2025-05-04 02:58:53,0.384,0.602,0.688,0.274,LOW,SYNTHETIC_DEMO_DATA
1016,Andaman & Nicobar,11.79866,92.76988,2025-05-04 05:53:44,0.39,0.548,0.766,0.319,MEDIUM,SYNTHETIC_DEMO_DATA
1017,Chennai Coast,13.07466,80.6403,2025-05-04 08:48:35,0.476,0.692,0.691,0.226,LOW,SYNTHETIC_DEMO_DATA
1018,Kerala Coast,10.01884,76.23594,2025-05-04 11:43:26,0.521,0.754,0.691,0.344,MEDIUM,SYNTHETIC_DEMO_DATA
1019,Sundarbans,21.94215,89.23344,2025-05-04 14:38:17,0.375,0.549,0.504,0.424,MEDIUM,SYNTHETIC_DEMO_DATA
1020,Odisha Coast,19.92529,86.03149,2025-05-04 17:33:08,0.398,0.872,0.672,0.271,LOW,SYNTHETIC_DEMO_DATA
1021,Sundarbans,22.15425,89.13497,2025-05-04 20:27:59,0.446,0.782,0.644,0.35,MEDIUM,SYNTHETIC_DEMO_DATA
1022,Sundarbans,22.22656,89.05439,2025-05-04 23:22:50,0.494,0.602,0.668,0.378,MEDIUM,SYNTHETIC_DEMO_DATA
1023,Andaman & Nicobar,11.9696,92.47952,2025-05-05 02:17:41,0.37,0.747,0.676,0.279,LOW,SYNTHETIC_DEMO_DATA
1024,Andaman & Nicobar,11.58207,92.73109,2025-05-05 05:12:32,0.349,0.7,0.727,0.164,LOW,SYNTHETIC_DEMO_DATA
1025,Andaman & Nicobar,11.96141,92.56354,2025-05-05 08:07:23,0.489,0.635,0.637,0.364,MEDIUM,SYNTHETIC_DEMO_DATA
1026,Sundarbans,22.02631,89.52799,2025-05-05 11:02:14,0.393,0.647,0.635,0.32,MEDIUM,SYNTHETIC_DEMO_DATA
1027,Sundarbans,21.65362,89.20509,2025-05-05 13:57:05,0.391,0.651,0.539,0.428,MEDIUM,SYNTHETIC_DEMO_DATA
1028,Visakhapatnam,17.77935,82.73909,2025-05-05 16:51:56,0.512,0.75,0.647,0.408,MEDIUM,SYNTHETIC_DEMO_DATA
1029,Mumbai Coast,18.98037,72.86821,2025-05-05 19:46:47,0.409,0.639,0.764,0.315,MEDIUM,SYNTHETIC_DEMO_DATA
1030,Chennai Coast,13.45158,80.15585,2025-05-05 22:41:38,0.294,0.525,0.621,0.566,MEDIUM,SYNTHETIC_DEMO_DATA
1031,Kerala Coast,9.68321,75.89032,2025-05-06 01:36:29,0.492,0.67,0.7,0.319,MEDIUM,SYNTHETIC_DEMO_DATA
1032,Odisha Coast,19.87051,86.0712,2025-05-06 04:31:21,0.46,0.663,0.565,0.303,MEDIUM,SYNTHETIC_DEMO_DATA
1033,Goa Coast,15.64348,73.71815,2025-05-06 07:26:12,0.559,0.552,0.662,0.277,LOW,SYNTHETIC_DEMO_DATA
1034,Chennai Coast,13.12796,80.65836,2025-05-06 10:21:03,0.426,0.822,0.697,0.279,LOW,SYNTHETIC_DEMO_DATA
1035,Sundarbans,21.61881,88.94064,2025-05-06 13:15:54,0.522,0.727,0.65,0.331,MEDIUM,SYNTHETIC_DEMO_DATA
1036,Goa Coast,15.7014,73.3737,2025-05-06 16:10:45,0.346,0.661,0.628,0.302,MEDIUM,SYNTHETIC_DEMO_DATA
1037,Lakshadweep,10.70665,72.77608,2025-05-06 19:05:36,0.449,0.661,0.617,0.38,MEDIUM,SYNTHETIC_DEMO_DATA
1038,Sundarbans,22.00045,89.03698,2025-05-06 22:00:27,0.342,0.616,0.825,0.346,MEDIUM,SYNTHETIC_DEMO_DATA
1039,Kerala Coast,10.16026,75.9802,2025-05-07 00:55:18,0.574,0.57,0.685,0.43,MEDIUM,SYNTHETIC_DEMO_DATA
1040,Andaman & Nicobar,11.87945,92.74425,2025-05-07 03:50:09,0.287,0.719,0.671,0.287,LOW,SYNTHETIC_DEMO_DATA
1041,Goa Coast,15.66678,73.96374,2025-05-07 06:45:00,0.535,0.642,0.738,0.312,MEDIUM,SYNTHETIC_DEMO_DATA
1042,Andaman & Nicobar,11.73421,92.57416,2025-05-07 09:39:51,0.47,0.58,0.747,0.19,LOW,SYNTHETIC_DEMO_DATA
1043,Kerala Coast,10.03042,76.20904,2025-05-07 12:34:42,0.454,0.625,0.686,0.334,MEDIUM,SYNTHETIC_DEMO_DATA
1044,Chennai Coast,13.19383,80.21291,2025-05-07 15:29:33,0.414,0.711,0.822,0.184,LOW,SYNTHETIC_DEMO_DATA
1045,Goa Coast,15.89676,73.82343,2025-05-07 18:24:24,0.547,0.809,0.655,0.218,LOW,SYNTHETIC_DEMO_DATA
1046,Odisha Coast,19.73402,85.90881,2025-05-07 21:19:15,0.459,0.502,0.628,0.585,MEDIUM,SYNTHETIC_DEMO_DATA
1047,Visakhapatnam,17.99251,83.04121,2025-05-08 00:14:06,0.595,0.75,0.63,0.303,MEDIUM,SYNTHETIC_DEMO_DATA
1048,Gujarat Coast,22.29603,69.84052,2025-05-08 03:08:57,0.598,0.513,0.63,0.588,MEDIUM,SYNTHETIC_DEMO_DATA
1049,Gujarat Coast,22.06508,69.80022,2025-05-08 06:03:49,0.452,0.757,0.824,0.217,LOW,SYNTHETIC_DEMO_DATA
1050,Odisha Coast,19.72511,85.62779,2025-05-08 08:58:40,0.407,0.659,0.694,0.332,MEDIUM,SYNTHETIC_DEMO_DATA
1051,Mumbai Coast,18.45437,72.8981,2025-05-08 11:53:31,0.722,0.685,0.688,0.449,MEDIUM,SYNTHETIC_DEMO_DATA
1052,Chennai Coast,13.55832,80.20801,2025-05-08 14:48:22,0.433,0.594,0.46,0.669,HIGH,SYNTHETIC_DEMO_DATA
1053,Mumbai Coast,18.97897,72.7188,2025-05-08 17:43:13,0.557,0.646,0.626,0.332,MEDIUM,SYNTHETIC_DEMO_DATA
1054,Lakshadweep,10.94454,72.55676,2025-05-08 20:38:04,0.59,0.751,0.592,0.34,MEDIUM,SYNTHETIC_DEMO_DATA
1055,Sundarbans,22.07079,88.75608,2025-05-08 23:32:55,0.424,0.714,0.616,0.412,MEDIUM,SYNTHETIC_DEMO_DATA
1056,Lakshadweep,10.53297,72.91222,2025-05-09 02:27:46,0.327,0.669,0.732,0.171,LOW,SYNTHETIC_DEMO_DATA
1057,Kerala Coast,10.17572,76.32906,2025-05-09 05:22:37,0.448,0.5,0.517,0.614,HIGH,SYNTHETIC_DEMO_DATA
1058,Goa Coast,15.22784,74.25035,2025-05-09 08:17:28,0.694,0.841,0.714,0.311,MEDIUM,SYNTHETIC_DEMO_DATA
1059,Kerala Coast,9.7266,76.47461,2025-05-09 11:12:19,0.55,0.714,0.601,0.413,MEDIUM,SYNTHETIC_DEMO_DATA
1060,Chennai Coast,13.05616,80.21212,2025-05-09 14:07:10,0.488,0.749,0.605,0.368,MEDIUM,SYNTHETIC_DEMO_DATA
1061,Goa Coast,15.2936,73.39993,2025-05-09 17:02:01,0.347,0.7,0.69,0.222,LOW,SYNTHETIC_DEMO_DATA
1062,Gujarat Coast,22.22096,69.6597,2025-05-09 19:56:52,0.492,0.819,0.623,0.286,LOW,SYNTHETIC_DEMO_DATA
1063,Odisha Coast,19.99117,85.77065,2025-05-09 22:51:43,0.661,0.785,0.759,0.321,MEDIUM,SYNTHETIC_DEMO_DATA
1064,Goa Coast,15.73751,73.61302,2025-05-10 01:46:34,0.384,0.52,0.488,0.516,MEDIUM,SYNTHETIC_DEMO_DATA
1065,Goa Coast,15.5228,73.82006,2025-05-10 04:41:25,0.561,0.687,0.859,0.305,MEDIUM,SYNTHETIC_DEMO_DATA
1066,Chennai Coast,12.83421,80.23057,2025-05-10 07:36:16,0.432,0.724,0.633,0.192,LOW,SYNTHETIC_DEMO_DATA
1067,Lakshadweep,10.6474,72.4655,2025-05-10 10:31:08,0.431,0.676,0.797,0.394,MEDIUM,SYNTHETIC_DEMO_DATA
1068,Gujarat Coast,21.97273,69.52795,2025-05-10 13:25:59,0.265,0.687,0.715,0.38,MEDIUM,SYNTHETIC_DEMO_DATA
1069,Chennai Coast,12.90947,80.13715,2025-05-10 16:20:50,0.409,0.511,0.77,0.257,LOW,SYNTHETIC_DEMO_DATA
1070,Sundarbans,21.91945,89.30371,2025-05-10 19:15:41,0.533,0.655,0.721,0.411,MEDIUM,SYNTHETIC_DEMO_DATA
1071,Gujarat Coast,22.44802,69.58817,2025-05-10 22:10:32,0.429,0.685,0.641,0.319,MEDIUM,SYNTHETIC_DEMO_DATA
1072,Visakhapatnam,17.40869,83.27951,2025-05-11 01:05:23,0.386,0.747,0.678,0.244,LOW,SYNTHETIC_DEMO_DATA
1073,Goa Coast,15.21957,74.13937,2025-05-11 04:00:14,0.442,0.636,0.565,0.46,MEDIUM,SYNTHETIC_DEMO_DATA
1074,Mumbai Coast,19.4254,72.99381,2025-05-11 06:55:05,0.661,0.687,0.581,0.44,MEDIUM,SYNTHETIC_DEMO_DATA
1075,Kerala Coast,9.73509,75.95903,2025-05-11 09:49:56,0.633,0.691,0.696,0.347,MEDIUM,SYNTHETIC_DEMO_DATA
1076,Odisha Coast,19.65836,85.64806,2025-05-11 12:44:47,0.471,0.631,0.688,0.388,MEDIUM,SYNTHETIC_DEMO_DATA
1077,Goa Coast,15.52879,74.02145,2025-05-11 15:39:38,0.673,0.623,0.452,0.527,MEDIUM,SYNTHETIC_DEMO_DATA
1078,Odisha Coast,20.1317,85.67495,2025-05-11 18:34:29,0.58,0.657,0.68,0.396,MEDIUM,SYNTHETIC_DEMO_DATA
1079,Kerala Coast,9.71615,76.20355,2025-05-11 21:29:20,0.613,0.566,0.713,0.4,MEDIUM,SYNTHETIC_DEMO_DATA
1080,Andaman & Nicobar,11.27979,92.76214,2025-05-12 00:24:11,0.717,0.606,0.487,0.483,MEDIUM,SYNTHETIC_DEMO_DATA
1081,Lakshadweep,10.7006,72.48037,2025-05-12 03:19:02,0.492,0.738,0.864,0.227,LOW,SYNTHETIC_DEMO_DATA
1082,Lakshadweep,10.54175,72.51055,2025-05-12 06:13:53,0.397,0.74,0.764,0.184,LOW,SYNTHETIC_DEMO_DATA
1083,Lakshadweep,10.7745,72.7221,2025-05-12 09:08:44,0.472,0.82,0.743,0.299,LOW,SYNTHETIC_DEMO_DATA
1084,Mumbai Coast,18.92263,72.75339,2025-05-12 12:03:36,0.581,0.827,0.76,0.251,LOW,SYNTHETIC_DEMO_DATA
1085,Visakhapatnam,17.62117,83.6063,2025-05-12 14:58:27,0.477,0.754,0.645,0.321,MEDIUM,SYNTHETIC_DEMO_DATA
1086,Andaman & Nicobar,11.84905,92.82553,2025-05-12 17:53:18,0.331,0.742,0.605,0.29,LOW,SYNTHETIC_DEMO_DATA
1087,Andaman & Nicobar,11.62624,92.74345,2025-05-12 20:48:09,0.467,0.701,0.655,0.285,LOW,SYNTHETIC_DEMO_DATA
1088,Lakshadweep,10.5353,72.78049,2025-05-12 23:43:00,0.37,0.728,0.743,0.136,LOW,SYNTHETIC_DEMO_DATA
1089,Gujarat Coast,22.29668,69.71951,2025-05-13 02:37:51,0.5,0.732,0.576,0.305,MEDIUM,SYNTHETIC_DEMO_DATA
1090,Odisha Coast,19.7058,86.10676,2025-05-13 05:32:42,0.478,0.618,0.725,0.294,LOW,SYNTHETIC_DEMO_DATA
1091,Mumbai Coast,18.64508,72.84448,2025-05-13 08:27:33,0.449,0.863,0.8,0.183,LOW,SYNTHETIC_DEMO_DATA
1092,Kerala Coast,9.93274,76.36833,2025-05-13 11:22:24,0.378,0.496,0.666,0.501,MEDIUM,SYNTHETIC_DEMO_DATA
1093,Andaman & Nicobar,11.51805,92.61713,2025-05-13 14:17:15,0.624,0.58,0.546,0.443,MEDIUM,SYNTHETIC_DEMO_DATA
1094,Chennai Coast,13.30107,79.90371,2025-05-13 17:12:06,0.408,0.654,0.66,0.356,MEDIUM,SYNTHETIC_DEMO_DATA
1095,Chennai Coast,12.91982,80.29757,2025-05-13 20:06:57,0.374,0.631,0.793,0.323,MEDIUM,SYNTHETIC_DEMO_DATA
1096,Sundarbans,22.13068,88.99801,2025-05-13 23:01:48,0.46,0.705,0.764,0.316,MEDIUM,SYNTHETIC_DEMO_DATA
1097,Andaman & Nicobar,12.10297,92.66544,2025-05-14 01:56:39,0.489,0.631,0.577,0.444,MEDIUM,SYNTHETIC_DEMO_DATA
1098,Goa Coast,15.59037,73.99378,2025-05-14 04:51:30,0.573,0.594,0.574,0.359,MEDIUM,SYNTHETIC_DEMO_DATA
1099,Sundarbans,22.30792,89.04655,2025-05-14 07:46:21,0.603,0.606,0.688,0.305,MEDIUM,SYNTHETIC_DEMO_DATA
1100,Kerala Coast,9.9479,76.08274,2025-05-14 10:41:12,0.397,0.7,0.839,0.256,LOW,SYNTHETIC_DEMO_DATA
1101,Kerala Coast,10.03089,76.14504,2025-05-14 13:36:04,0.601,0.795,0.672,0.257,LOW,SYNTHETIC_DEMO_DATA
1102,Kerala Coast,10.27763,76.40723,2025-05-14 16:30:55,0.609,0.653,0.593,0.467,MEDIUM,SYNTHETIC_DEMO_DATA
1103,Lakshadweep,10.42492,72.36666,2025-05-14 19:25:46,0.625,0.71,0.605,0.18,LOW,SYNTHETIC_DEMO_DATA
1104,Odisha Coast,19.41834,85.63974,2025-05-14 22:20:37,0.49,0.643,0.574,0.52,MEDIUM,SYNTHETIC_DEMO_DATA
1105,Chennai Coast,13.07274,80.35199,2025-05-15 01:15:28,0.504,0.669,0.623,0.337,MEDIUM,SYNTHETIC_DEMO_DATA
1106,Odisha Coast,19.76108,86.06321,2025-05-15 04:10:19,0.5,0.748,0.88,0.194,LOW,SYNTHETIC_DEMO_DATA
1107,Visakhapatnam,17.45291,83.21783,2025-05-15 07:05:10,0.539,0.681,0.727,0.118,LOW,SYNTHETIC_DEMO_DATA
1108,Lakshadweep,10.40455,72.66767,2025-05-15 10:00:01,0.465,0.625,0.704,0.288,LOW,SYNTHETIC_DEMO_DATA
1109,Lakshadweep,10.85959,72.75235,2025-05-15 12:54:52,0.653,0.844,0.644,0.354,MEDIUM,SYNTHETIC_DEMO_DATA
1110,Sundarbans,22.12404,88.92394,2025-05-15 15:49:43,0.666,0.816,0.692,0.322,MEDIUM,SYNTHETIC_DEMO_DATA
1111,Gujarat Coast,22.23071,69.64871,2025-05-15 18:44:34,0.506,0.707,0.618,0.4,MEDIUM,SYNTHETIC_DEMO_DATA
1112,Visakhapatnam,17.50503,83.27156,2025-05-15 21:39:25,0.309,0.671,0.713,0.157,LOW,SYNTHETIC_DEMO_DATA
1113,Odisha Coast,19.8753,86.27525,2025-05-16 00:34:16,0.532,0.735,0.628,0.341,MEDIUM,SYNTHETIC_DEMO_DATA
1114,Visakhapatnam,17.67073,83.17931,2025-05-16 03:29:07,0.388,0.549,0.56,0.448,MEDIUM,SYNTHETIC_DEMO_DATA
1115,Odisha Coast,20.09712,85.76255,2025-05-16 06:23:58,0.459,0.65,0.609,0.366,MEDIUM,SYNTHETIC_DEMO_DATA
1116,Kerala Coast,10.23099,76.05162,2025-05-16 09:18:49,0.516,0.439,0.285,0.855,CRITICAL,SYNTHETIC_DEMO_DATA
1117,Lakshadweep,10.78258,72.51316,2025-05-16 12:13:40,0.488,0.756,0.688,0.24,LOW,SYNTHETIC_DEMO_DATA
1118,Mumbai Coast,19.05904,72.77902,2025-05-16 15:08:32,0.495,0.671,0.726,0.361,MEDIUM,SYNTHETIC_DEMO_DATA
1119,Goa Coast,15.33847,73.62686,2025-05-16 18:03:23,0.453,0.785,0.69,0.204,LOW,SYNTHETIC_DEMO_DATA
1120,Kerala Coast,9.7191,76.14339,2025-05-16 20:58:14,0.522,0.75,0.745,0.255,LOW,SYNTHETIC_DEMO_DATA
1121,Sundarbans,22.27478,89.13428,2025-05-16 23:53:05,0.276,0.533,0.667,0.477,MEDIUM,SYNTHETIC_DEMO_DATA
1122,Sundarbans,22.12718,89.25456,2025-05-17 02:47:56,0.321,0.768,0.687,0.248,LOW,SYNTHETIC_DEMO_DATA
1123,Visakhapatnam,18.01862,83.02615,2025-05-17 05:42:47,0.374,0.58,0.504,0.571,MEDIUM,SYNTHETIC_DEMO_DATA
1124,Visakhapatnam,17.50033,83.11296,2025-05-17 08:37:38,0.417,0.435,0.519,0.394,MEDIUM,SYNTHETIC_DEMO_DATA
1125,Andaman & Nicobar,11.65643,92.48931,2025-05-17 11:32:29,0.42,0.456,0.592,0.586,MEDIUM,SYNTHETIC_DEMO_DATA
1126,Andaman & Nicobar,12.07184,92.54935,2025-05-17 14:27:20,0.347,0.535,0.586,0.393,MEDIUM,SYNTHETIC_DEMO_DATA
1127,Andaman & Nicobar,11.41083,92.93871,2025-05-17 17:22:11,0.464,0.605,0.745,0.499,MEDIUM,SYNTHETIC_DEMO_DATA
1128,Gujarat Coast,21.94425,69.57138,2025-05-17 20:17:02,0.259,0.465,0.585,0.608,HIGH,SYNTHETIC_DEMO_DATA
1129,Mumbai Coast,19.0777,72.81485,2025-05-17 23:11:53,0.542,0.79,0.636,0.232,LOW,SYNTHETIC_DEMO_DATA
1130,Gujarat Coast,22.0042,69.62688,2025-05-18 02:06:44,0.346,0.684,0.488,0.563,MEDIUM,SYNTHETIC_DEMO_DATA
1131,Kerala Coast,9.80213,76.30247,2025-05-18 05:01:35,0.398,0.469,0.717,0.349,MEDIUM,SYNTHETIC_DEMO_DATA
1132,Gujarat Coast,22.33914,69.553,2025-05-18 07:56:26,0.423,0.442,0.439,0.726,HIGH,SYNTHETIC_DEMO_DATA
1133,Goa Coast,15.57949,73.52391,2025-05-18 10:51:17,0.44,0.665,0.699,0.326,MEDIUM,SYNTHETIC_DEMO_DATA
1134,Goa Coast,15.23549,73.6566,2025-05-18 13:46:08,0.394,0.696,0.742,0.181,LOW,SYNTHETIC_DEMO_DATA
1135,Gujarat Coast,22.08595,69.31565,2025-05-18 16:41:00,0.43,0.662,0.674,0.273,LOW,SYNTHETIC_DEMO_DATA
1136,Sundarbans,21.84281,89.08598,2025-05-18 19:35:51,0.489,0.641,0.658,0.419,MEDIUM,SYNTHETIC_DEMO_DATA
1137,Goa Coast,15.64392,73.54698,2025-05-18 22:30:42,0.438,0.272,0.432,0.651,HIGH,SYNTHETIC_DEMO_DATA
1138,Chennai Coast,13.20867,79.89372,2025-05-19 01:25:33,0.306,0.66,0.598,0.422,MEDIUM,SYNTHETIC_DEMO_DATA
1139,Goa Coast,15.3048,73.67838,2025-05-19 04:20:24,0.422,0.848,0.682,0.186,LOW,SYNTHETIC_DEMO_DATA
1140,Mumbai Coast,18.88886,72.65655,2025-05-19 07:15:15,0.694,0.718,0.639,0.36,MEDIUM,SYNTHETIC_DEMO_DATA
1141,Andaman & Nicobar,11.68588,92.89875,2025-05-19 10:10:06,0.508,0.589,0.645,0.338,MEDIUM,SYNTHETIC_DEMO_DATA
1142,Chennai Coast,12.97735,80.36323,2025-05-19 13:04:57,0.393,0.716,0.646,0.279,LOW,SYNTHETIC_DEMO_DATA
1143,Lakshadweep,10.7953,72.57569,2025-05-19 15:59:48,0.417,0.743,0.607,0.419,MEDIUM,SYNTHETIC_DEMO_DATA
1144,Andaman & Nicobar,11.70467,92.68997,2025-05-19 18:54:39,0.528,0.702,0.668,0.292,LOW,SYNTHETIC_DEMO_DATA
1145,Chennai Coast,12.85879,79.88226,2025-05-19 21:49:30,0.354,0.634,0.734,0.26,LOW,SYNTHETIC_DEMO_DATA
1146,Kerala Coast,9.89475,76.45268,2025-05-20 00:44:21,0.545,0.637,0.601,0.371,MEDIUM,SYNTHETIC_DEMO_DATA
1147,Mumbai Coast,18.95551,72.80262,2025-05-20 03:39:12,0.515,0.662,0.708,0.232,LOW,SYNTHETIC_DEMO_DATA
1148,Goa Coast,15.36919,73.93679,2025-05-20 06:34:03,0.459,0.67,0.791,0.244,LOW,SYNTHETIC_DEMO_DATA
1149,Gujarat Coast,22.55091,69.74362,2025-05-20 09:28:54,0.387,0.696,0.717,0.257,LOW,SYNTHETIC_DEMO_DATA
1150,Andaman & Nicobar,11.70112,92.22264,2025-05-20 12:23:45,0.659,0.785,0.706,0.309,MEDIUM,SYNTHETIC_DEMO_DATA
1151,Chennai Coast,12.89509,80.42469,2025-05-20 15:18:36,0.312,0.446,0.755,0.302,MEDIUM,SYNTHETIC_DEMO_DATA
1152,Mumbai Coast,19.14326,72.79815,2025-05-20 18:13:28,0.539,0.896,0.723,0.231,LOW,SYNTHETIC_DEMO_DATA
1153,Kerala Coast,10.04054,76.29179,2025-05-20 21:08:19,0.627,0.72,0.761,0.283,LOW,SYNTHETIC_DEMO_DATA
1154,Lakshadweep,10.64225,72.45356,2025-05-21 00:03:10,0.417,0.625,0.539,0.345,MEDIUM,SYNTHETIC_DEMO_DATA
1155,Chennai Coast,12.86509,80.29616,2025-05-21 02:58:01,0.338,0.478,0.56,0.349,MEDIUM,SYNTHETIC_DEMO_DATA
1156,Mumbai Coast,19.2251,72.92545,2025-05-21 05:52:52,0.554,0.82,0.648,0.315,MEDIUM,SYNTHETIC_DEMO_DATA
1157,Odisha Coast,20.13593,85.8761,2025-05-21 08:47:43,0.59,0.684,0.576,0.53,MEDIUM,SYNTHETIC_DEMO_DATA
1158,Andaman & Nicobar,11.87154,92.73705,2025-05-21 11:42:34,0.66,0.627,0.558,0.406,MEDIUM,SYNTHETIC_DEMO_DATA
1159,Chennai Coast,12.89773,80.37558,2025-05-21 14:37:25,0.32,0.401,0.465,0.604,HIGH,SYNTHETIC_DEMO_DATA
1160,Chennai Coast,12.79338,80.14553,2025-05-21 17:32:16,0.351,0.584,0.747,0.26,LOW,SYNTHETIC_DEMO_DATA
1161,Mumbai Coast,18.98899,72.8494,2025-05-21 20:27:07,0.4,0.665,0.67,0.336,MEDIUM,SYNTHETIC_DEMO_DATA
1162,Kerala Coast,10.40012,76.10137,2025-05-21 23:21:58,0.634,0.69,0.744,0.225,LOW,SYNTHETIC_DEMO_DATA
1163,Andaman & Nicobar,11.76656,92.60258,2025-05-22 02:16:49,0.446,0.617,0.694,0.268,LOW,SYNTHETIC_DEMO_DATA
1164,Mumbai Coast,18.89245,72.8403,2025-05-22 05:11:40,0.559,0.594,0.614,0.438,MEDIUM,SYNTHETIC_DEMO_DATA
1165,Mumbai Coast,18.71525,73.03763,2025-05-22 08:06:31,0.221,0.739,0.609,0.32,MEDIUM,SYNTHETIC_DEMO_DATA
1166,Odisha Coast,19.72493,86.13623,2025-05-22 11:01:22,0.449,0.725,0.845,0.212,LOW,SYNTHETIC_DEMO_DATA
1167,Sundarbans,21.83768,89.04027,2025-05-22 13:56:13,0.531,0.552,0.704,0.47,MEDIUM,SYNTHETIC_DEMO_DATA
1168,Chennai Coast,12.67201,80.11349,2025-05-22 16:51:04,0.427,0.77,0.68,0.239,LOW,SYNTHETIC_DEMO_DATA
1169,Lakshadweep,10.32586,72.85253,2025-05-22 19:45:55,0.494,0.608,0.61,0.496,MEDIUM,SYNTHETIC_DEMO_DATA
1170,Lakshadweep,10.75306,72.80504,2025-05-22 22:40:47,0.379,0.594,0.711,0.433,MEDIUM,SYNTHETIC_DEMO_DATA
1171,Gujarat Coast,22.28266,69.73954,2025-05-23 01:35:38,0.45,0.741,0.785,0.21,LOW,SYNTHETIC_DEMO_DATA
1172,Gujarat Coast,22.45604,69.76926,2025-05-23 04:30:29,0.29,0.683,0.683,0.195,LOW,SYNTHETIC_DEMO_DATA
1173,Chennai Coast,13.05871,80.12096,2025-05-23 07:25:20,0.454,0.721,0.699,0.259,LOW,SYNTHETIC_DEMO_DATA
1174,Odisha Coast,19.8698,85.76565,2025-05-23 10:20:11,0.47,0.598,0.575,0.49,MEDIUM,SYNTHETIC_DEMO_DATA
1175,Sundarbans,21.77437,89.11004,2025-05-23 13:15:02,0.358,0.654,0.632,0.459,MEDIUM,SYNTHETIC_DEMO_DATA
1176,Chennai Coast,12.7712,80.17497,2025-05-23 16:09:53,0.406,0.589,0.76,0.227,LOW,SYNTHETIC_DEMO_DATA
1177,Chennai Coast,13.11261,80.33384,2025-05-23 19:04:44,0.394,0.581,0.749,0.308,MEDIUM,SYNTHETIC_DEMO_DATA
1178,Odisha Coast,20.05939,85.60941,2025-05-23 21:59:35,0.481,0.642,0.62,0.301,MEDIUM,SYNTHETIC_DEMO_DATA
1179,Visakhapatnam,17.6535,83.26182,2025-05-24 00:54:26,0.53,0.615,0.552,0.399,MEDIUM,SYNTHETIC_DEMO_DATA
1180,Sundarbans,22.11097,88.80905,2025-05-24 03:49:17,0.382,0.792,0.691,0.32,MEDIUM,SYNTHETIC_DEMO_DATA
1181,Gujarat Coast,22.18325,69.36377,2025-05-24 06:44:08,0.386,0.677,0.604,0.305,MEDIUM,SYNTHETIC_DEMO_DATA
1182,Lakshadweep,10.56244,72.6962,2025-05-24 09:38:59,0.496,0.478,0.637,0.3,LOW,SYNTHETIC_DEMO_DATA
1183,Gujarat Coast,22.54216,69.42581,2025-05-24 12:33:50,0.387,0.669,0.484,0.474,MEDIUM,SYNTHETIC_DEMO_DATA
1184,Kerala Coast,9.94626,76.77408,2025-05-24 15:28:41,0.523,0.5,0.471,0.545,MEDIUM,SYNTHETIC_DEMO_DATA
1185,Kerala Coast,9.89688,76.25802,2025-05-24 18:23:32,0.671,0.806,0.632,0.333,MEDIUM,SYNTHETIC_DEMO_DATA
1186,Chennai Coast,12.71317,80.46298,2025-05-24 21:18:23,0.547,0.664,0.672,0.256,LOW,SYNTHETIC_DEMO_DATA
1187,Odisha Coast,19.94104,85.92683,2025-05-25 00:13:15,0.373,0.676,0.613,0.412,MEDIUM,SYNTHETIC_DEMO_DATA
1188,Mumbai Coast,19.23591,72.95093,2025-05-25 03:08:06,0.433,0.693,0.804,0.36,MEDIUM,SYNTHETIC_DEMO_DATA
1189,Mumbai Coast,18.45824,72.88088,2025-05-25 06:02:57,0.545,0.732,0.722,0.194,LOW,SYNTHETIC_DEMO_DATA
1190,Sundarbans,21.80667,89.03297,2025-05-25 08:57:48,0.452,0.727,0.675,0.282,LOW,SYNTHETIC_DEMO_DATA
1191,Kerala Coast,9.60614,76.28292,2025-05-25 11:52:39,0.586,0.67,0.609,0.392,MEDIUM,SYNTHETIC_DEMO_DATA
1192,Visakhapatnam,17.59186,83.28903,2025-05-25 14:47:30,0.318,0.616,0.542,0.412,MEDIUM,SYNTHETIC_DEMO_DATA
1193,Odisha Coast,20.17796,85.39111,2025-05-25 17:42:21,0.531,0.379,0.577,0.714,HIGH,SYNTHETIC_DEMO_DATA
1194,Goa Coast,15.42372,73.54911,2025-05-25 20:37:12,0.484,0.682,0.665,0.306,MEDIUM,SYNTHETIC_DEMO_DATA
1195,Mumbai Coast,19.11654,72.74802,2025-05-25 23:32:03,0.494,0.606,0.665,0.427,MEDIUM,SYNTHETIC_DEMO_DATA
1196,Gujarat Coast,22.3413,69.4301,2025-05-26 02:26:54,0.491,0.722,0.704,0.429,MEDIUM,SYNTHETIC_DEMO_DATA
1197,Goa Coast,15.55789,73.66509,2025-05-26 05:21:45,0.416,0.575,0.634,0.304,MEDIUM,SYNTHETIC_DEMO_DATA
1198,Lakshadweep,10.26093,72.40541,2025-05-26 08:16:36,0.382,0.635,0.596,0.449,MEDIUM,SYNTHETIC_DEMO_DATA
1199,Andaman & Nicobar,11.69066,92.57701,2025-05-26 11:11:27,0.497,0.606,0.398,0.467,MEDIUM,SYNTHETIC_DEMO_DATA
1200,Gujarat Coast,22.57321,69.54406,2025-05-26 14:06:18,0.506,0.75,0.679,0.428,MEDIUM,SYNTHETIC_DEMO_DATA
1201,Andaman & Nicobar,11.75066,92.99525,2025-05-26 17:01:09,0.276,0.792,0.613,0.233,LOW,SYNTHETIC_DEMO_DATA
1202,Kerala Coast,9.54166,76.44329,2025-05-26 19:56:00,0.517,0.917,0.767,0.311,MEDIUM,SYNTHETIC_DEMO_DATA
1203,Lakshadweep,10.73049,72.71638,2025-05-26 22:50:51,0.538,0.531,0.564,0.515,MEDIUM,SYNTHETIC_DEMO_DATA
1204,Goa Coast,15.27508,73.82311,2025-05-27 01:45:43,0.571,0.737,0.774,0.311,MEDIUM,SYNTHETIC_DEMO_DATA
1205,Gujarat Coast,22.30748,69.8244,2025-05-27 04:40:34,0.335,0.698,0.735,0.294,LOW,SYNTHETIC_DEMO_DATA
1206,Lakshadweep,10.42973,72.83227,2025-05-27 07:35:25,0.422,0.682,0.875,0.233,LOW,SYNTHETIC_DEMO_DATA
1207,Mumbai Coast,18.77344,73.11375,2025-05-27 10:30:16,0.303,0.609,0.644,0.3,MEDIUM,SYNTHETIC_DEMO_DATA
1208,Goa Coast,15.84179,74.24805,2025-05-27 13:25:07,0.421,0.683,0.689,0.221,LOW,SYNTHETIC_DEMO_DATA
1209,Visakhapatnam,17.9746,83.14937,2025-05-27 16:19:58,0.391,0.767,0.703,0.231,LOW,SYNTHETIC_DEMO_DATA
1210,Lakshadweep,10.69973,72.55158,2025-05-27 19:14:49,0.419,0.741,0.618,0.28,LOW,SYNTHETIC_DEMO_DATA
1211,Gujarat Coast,22.42738,69.84755,2025-05-27 22:09:40,0.388,0.626,0.741,0.24,LOW,SYNTHETIC_DEMO_DATA
1212,Goa Coast,15.11843,73.89065,2025-05-28 01:04:31,0.376,0.577,0.626,0.362,MEDIUM,SYNTHETIC_DEMO_DATA
1213,Kerala Coast,10.07035,76.60952,2025-05-28 03:59:22,0.7,0.627,0.678,0.35,MEDIUM,SYNTHETIC_DEMO_DATA
1214,Andaman & Nicobar,11.99123,92.54771,2025-05-28 06:54:13,0.669,0.601,0.467,0.497,MEDIUM,SYNTHETIC_DEMO_DATA
1215,Sundarbans,21.96155,89.44064,2025-05-28 09:49:04,0.409,0.812,0.678,0.326,MEDIUM,SYNTHETIC_DEMO_DATA
1216,Odisha Coast,19.67547,85.92777,2025-05-28 12:43:55,0.379,0.557,0.538,0.65,HIGH,SYNTHETIC_DEMO_DATA
1217,Mumbai Coast,18.86801,72.67236,2025-05-28 15:38:46,0.467,0.716,0.739,0.346,MEDIUM,SYNTHETIC_DEMO_DATA
1218,Goa Coast,15.66254,73.66364,2025-05-28 18:33:37,0.432,0.75,0.631,0.331,MEDIUM,SYNTHETIC_DEMO_DATA
1219,Andaman & Nicobar,11.51242,92.99965,2025-05-28 21:28:28,0.571,0.62,0.552,0.437,MEDIUM,SYNTHETIC_DEMO_DATA
1220,Kerala Coast,9.97852,76.16326,2025-05-29 00:23:19,0.51,0.644,0.709,0.3,LOW,SYNTHETIC_DEMO_DATA
1221,Gujarat Coast,21.91417,69.4797,2025-05-29 03:18:11,0.646,0.648,0.604,0.557,MEDIUM,SYNTHETIC_DEMO_DATA
1222,Mumbai Coast,19.14198,73.08085,2025-05-29 06:13:02,0.579,0.681,0.543,0.551,MEDIUM,SYNTHETIC_DEMO_DATA
1223,Lakshadweep,10.52095,72.57249,2025-05-29 09:07:53,0.455,0.501,0.55,0.588,MEDIUM,SYNTHETIC_DEMO_DATA
1224,Gujarat Coast,22.34573,69.39434,2025-05-29 12:02:44,0.423,0.676,0.838,0.204,LOW,SYNTHETIC_DEMO_DATA
1225,Kerala Coast,9.2529,76.41876,2025-05-29 14:57:35,0.51,0.701,0.686,0.198,LOW,SYNTHETIC_DEMO_DATA
1226,Lakshadweep,10.88048,72.35275,2025-05-29 17:52:26,0.343,0.567,0.721,0.257,LOW,SYNTHETIC_DEMO_DATA
1227,Odisha Coast,19.7024,85.57089,2025-05-29 20:47:17,0.703,0.901,0.794,0.237,LOW,SYNTHETIC_DEMO_DATA
1228,Lakshadweep,10.3315,72.79088,2025-05-29 23:42:08,0.524,0.607,0.599,0.551,MEDIUM,SYNTHETIC_DEMO_DATA
1229,Odisha Coast,19.65727,85.93415,2025-05-30 02:36:59,0.356,0.546,0.569,0.464,MEDIUM,SYNTHETIC_DEMO_DATA
1230,Visakhapatnam,17.46292,83.39252,2025-05-30 05:31:50,0.461,0.643,0.641,0.323,MEDIUM,SYNTHETIC_DEMO_DATA
1231,Andaman & Nicobar,11.76816,92.88536,2025-05-30 08:26:41,0.385,0.694,0.613,0.326,MEDIUM,SYNTHETIC_DEMO_DATA
1232,Goa Coast,15.53133,73.70199,2025-05-30 11:21:32,0.437,0.79,0.65,0.298,LOW,SYNTHETIC_DEMO_DATA
1233,Lakshadweep,10.4987,72.65033,2025-05-30 14:16:23,0.38,0.67,0.729,0.281,LOW,SYNTHETIC_DEMO_DATA
1234,Goa Coast,15.35985,73.58251,2025-05-30 17:11:14,0.538,0.602,0.563,0.499,MEDIUM,SYNTHETIC_DEMO_DATA
1235,Gujarat Coast,22.7558,69.49151,2025-05-30 20:06:05,0.255,0.431,0.658,0.445,MEDIUM,SYNTHETIC_DEMO_DATA
1236,Chennai Coast,13.2728,80.09953,2025-05-30 23:00:56,0.531,0.788,0.79,0.229,LOW,SYNTHETIC_DEMO_DATA
1237,Sundarbans,21.52622,89.41196,2025-05-31 01:55:47,0.485,0.703,0.648,0.338,MEDIUM,SYNTHETIC_DEMO_DATA
1238,Odisha Coast,19.89665,85.73503,2025-05-31 04:50:39,0.656,0.754,0.792,0.255,LOW,SYNTHETIC_DEMO_DATA
1239,Visakhapatnam,17.79512,83.24069,2025-05-31 07:45:30,0.368,0.55,0.599,0.297,LOW,SYNTHETIC_DEMO_DATA
1240,Sundarbans,21.36978,89.04487,2025-05-31 10:40:21,0.561,0.699,0.557,0.448,MEDIUM,SYNTHETIC_DEMO_DATA
1241,Mumbai Coast,19.04547,72.95648,2025-05-31 13:35:12,0.605,0.734,0.784,0.256,LOW,SYNTHETIC_DEMO_DATA
1242,Goa Coast,15.08003,73.95534,2025-05-31 16:30:03,0.525,0.652,0.691,0.278,LOW,SYNTHETIC_DEMO_DATA
1243,Lakshadweep,10.84406,72.57551,2025-05-31 19:24:54,0.449,0.721,0.742,0.322,MEDIUM,SYNTHETIC_DEMO_DATA
1244,Kerala Coast,9.69886,76.13626,2025-05-31 22:19:45,0.522,0.726,0.693,0.244,LOW,SYNTHETIC_DEMO_DATA
1245,Andaman & Nicobar,12.08468,92.34598,2025-06-01 01:14:36,0.809,0.733,0.644,0.321,MEDIUM,SYNTHETIC_DEMO_DATA
1246,Lakshadweep,10.94399,72.94655,2025-06-01 04:09:27,0.712,0.77,0.757,0.296,LOW,SYNTHETIC_DEMO_DATA
1247,Andaman & Nicobar,11.8063,92.13225,2025-06-01 07:04:18,0.84,0.694,0.714,0.441,MEDIUM,SYNTHETIC_DEMO_DATA
1248,Kerala Coast,10.0857,76.37176,2025-06-01 09:59:09,0.932,0.775,0.618,0.447,MEDIUM,SYNTHETIC_DEMO_DATA
1249,Chennai Coast,13.21634,80.2707,2025-06-01 12:54:00,0.645,0.735,0.635,0.384,MEDIUM,SYNTHETIC_DEMO_DATA
1250,Lakshadweep,10.69449,72.59408,2025-06-01 15:48:51,0.828,0.787,0.729,0.23,LOW,SYNTHETIC_DEMO_DATA
1251,Visakhapatnam,17.83137,83.18206,2025-06-01 18:43:42,0.549,0.593,0.447,0.613,HIGH,SYNTHETIC_DEMO_DATA
1252,Kerala Coast,9.84569,76.61057,2025-06-01 21:38:33,0.753,0.751,0.524,0.632,HIGH,SYNTHETIC_DEMO_DATA
1253,Sundarbans,22.16831,88.95831,2025-06-02 00:33:24,0.679,0.697,0.499,0.582,MEDIUM,SYNTHETIC_DEMO_DATA
1254,Goa Coast,15.42905,73.9225,2025-06-02 03:28:15,0.725,0.654,0.514,0.552,MEDIUM,SYNTHETIC_DEMO_DATA
1255,Gujarat Coast,22.2378,69.27472,2025-06-02 06:23:06,0.499,0.687,0.555,0.383,MEDIUM,SYNTHETIC_DEMO_DATA
1256,Sundarbans,21.9635,89.30543,2025-06-02 09:17:58,0.913,0.696,0.675,0.382,MEDIUM,SYNTHETIC_DEMO_DATA
1257,Visakhapatnam,18.16272,83.58436,2025-06-02 12:12:49,0.847,0.803,0.597,0.553,MEDIUM,SYNTHETIC_DEMO_DATA
1258,Mumbai Coast,19.17551,73.24765,2025-06-02 15:07:40,0.802,0.571,0.569,0.542,MEDIUM,SYNTHETIC_DEMO_DATA
1259,Mumbai Coast,18.94023,72.49427,2025-06-02 18:02:31,0.856,0.711,0.537,0.392,MEDIUM,SYNTHETIC_DEMO_DATA
1260,Andaman & Nicobar,11.62691,92.68828,2025-06-02 20:57:22,0.504,0.502,0.607,0.408,MEDIUM,SYNTHETIC_DEMO_DATA
1261,Visakhapatnam,17.79205,83.24931,2025-06-02 23:52:13,0.608,0.575,0.653,0.43,MEDIUM,SYNTHETIC_DEMO_DATA
1262,Lakshadweep,10.48616,72.8822,2025-06-03 02:47:04,0.498,0.767,0.73,0.236,LOW,SYNTHETIC_DEMO_DATA
1263,Kerala Coast,10.18776,76.35767,2025-06-03 05:41:55,0.963,0.782,0.538,0.462,MEDIUM,SYNTHETIC_DEMO_DATA
1264,Andaman & Nicobar,11.78246,92.39192,2025-06-03 08:36:46,0.7,0.782,0.631,0.32,MEDIUM,SYNTHETIC_DEMO_DATA
1265,Visakhapatnam,17.57096,83.17372,2025-06-03 11:31:37,0.689,0.62,0.647,0.275,LOW,SYNTHETIC_DEMO_DATA
1266,Sundarbans,22.16458,89.33471,2025-06-03 14:26:28,0.731,0.614,0.709,0.371,MEDIUM,SYNTHETIC_DEMO_DATA
1267,Sundarbans,22.25095,89.02247,2025-06-03 17:21:19,0.774,0.697,0.733,0.359,MEDIUM,SYNTHETIC_DEMO_DATA
1268,Chennai Coast,13.46633,80.1352,2025-06-03 20:16:10,0.621,0.645,0.515,0.405,MEDIUM,SYNTHETIC_DEMO_DATA
1269,Lakshadweep,10.87985,72.46939,2025-06-03 23:11:01,0.894,0.677,0.538,0.549,MEDIUM,SYNTHETIC_DEMO_DATA
1270,Sundarbans,22.03115,88.93445,2025-06-04 02:05:52,0.789,0.706,0.606,0.599,MEDIUM,SYNTHETIC_DEMO_DATA
1271,Chennai Coast,13.49315,80.12822,2025-06-04 05:00:43,0.774,0.434,0.398,0.726,HIGH,SYNTHETIC_DEMO_DATA
1272,Odisha Coast,19.66236,85.48176,2025-06-04 07:55:34,0.694,0.565,0.431,0.81,CRITICAL,SYNTHETIC_DEMO_DATA
1273,Lakshadweep,10.77252,72.30277,2025-06-04 10:50:26,0.778,0.644,0.723,0.434,MEDIUM,SYNTHETIC_DEMO_DATA
1274,Gujarat Coast,22.26817,69.23649,2025-06-04 13:45:17,0.858,0.987,0.691,0.351,MEDIUM,SYNTHETIC_DEMO_DATA
1275,Goa Coast,15.24253,74.22183,2025-06-04 16:40:08,0.682,0.891,0.652,0.3,LOW,SYNTHETIC_DEMO_DATA
1276,Goa Coast,15.86189,74.01066,2025-06-04 19:34:59,0.781,0.754,0.688,0.293,LOW,SYNTHETIC_DEMO_DATA
1277,Gujarat Coast,22.2436,69.26588,2025-06-04 22:29:50,0.819,0.584,0.563,0.608,HIGH,SYNTHETIC_DEMO_DATA
1278,Goa Coast,15.4849,73.93354,2025-06-05 01:24:41,0.785,0.544,0.578,0.626,HIGH,SYNTHETIC_DEMO_DATA
1279,Sundarbans,22.26626,89.34935,2025-06-05 04:19:32,0.673,0.637,0.632,0.46,MEDIUM,SYNTHETIC_DEMO_DATA
1280,Andaman & Nicobar,11.31695,92.35097,2025-06-05 07:14:23,0.742,0.544,0.528,0.6,HIGH,SYNTHETIC_DEMO_DATA
1281,Goa Coast,15.45367,73.73085,2025-06-05 10:09:14,0.915,0.647,0.691,0.471,MEDIUM,SYNTHETIC_DEMO_DATA
1282,Goa Coast,15.32995,73.93607,2025-06-05 13:04:05,0.91,0.556,0.541,0.394,MEDIUM,SYNTHETIC_DEMO_DATA
1283,Chennai Coast,13.24762,79.79411,2025-06-05 15:58:56,0.67,0.696,0.596,0.417,MEDIUM,SYNTHETIC_DEMO_DATA
1284,Andaman & Nicobar,11.99811,92.5785,2025-06-05 18:53:47,0.723,0.832,0.652,0.406,MEDIUM,SYNTHETIC_DEMO_DATA
1285,Chennai Coast,13.101,80.10994,2025-06-05 21:48:38,0.589,0.744,0.7,0.314,MEDIUM,SYNTHETIC_DEMO_DATA
1286,Sundarbans,21.65053,89.02015,2025-06-06 00:43:29,0.856,0.72,0.654,0.62,HIGH,SYNTHETIC_DEMO_DATA
1287,Lakshadweep,10.55483,72.50802,2025-06-06 03:38:20,0.489,0.611,0.8,0.188,LOW,SYNTHETIC_DEMO_DATA
1288,Visakhapatnam,17.89204,83.1058,2025-06-06 06:33:11,0.715,0.659,0.508,0.527,MEDIUM,SYNTHETIC_DEMO_DATA
1289,Odisha Coast,19.54769,85.90896,2025-06-06 09:28:02,0.764,0.608,0.536,0.657,HIGH,SYNTHETIC_DEMO_DATA
1290,Gujarat Coast,22.24935,69.31545,2025-06-06 12:22:54,0.599,0.669,0.528,0.646,HIGH,SYNTHETIC_DEMO_DATA
1291,Visakhapatnam,17.2694,83.23136,2025-06-06 15:17:45,0.685,0.721,0.71,0.253,LOW,SYNTHETIC_DEMO_DATA
1292,Andaman & Nicobar,11.31488,92.90876,2025-06-06 18:12:36,0.78,0.555,0.559,0.468,MEDIUM,SYNTHETIC_DEMO_DATA
1293,Kerala Coast,9.8976,76.06392,2025-06-06 21:07:27,0.971,0.673,0.446,0.518,MEDIUM,SYNTHETIC_DEMO_DATA
1294,Sundarbans,22.05481,89.03456,2025-06-07 00:02:18,0.861,0.647,0.711,0.574,MEDIUM,SYNTHETIC_DEMO_DATA
1295,Lakshadweep,10.61971,72.55122,2025-06-07 02:57:09,0.66,0.659,0.605,0.425,MEDIUM,SYNTHETIC_DEMO_DATA
1296,Mumbai Coast,18.9634,73.23878,2025-06-07 05:52:00,0.838,0.622,0.604,0.554,MEDIUM,SYNTHETIC_DEMO_DATA
1297,Visakhapatnam,17.88281,83.2364,2025-06-07 08:46:51,0.693,0.691,0.706,0.305,MEDIUM,SYNTHETIC_DEMO_DATA
1298,Gujarat Coast,22.46983,69.62029,2025-06-07 11:41:42,0.578,0.611,0.566,0.549,MEDIUM,SYNTHETIC_DEMO_DATA
1299,Mumbai Coast,19.36264,72.95715,2025-06-07 14:36:33,0.83,0.635,0.662,0.48,MEDIUM,SYNTHETIC_DEMO_DATA
1300,Sundarbans,22.12594,89.23091,2025-06-07 17:31:24,0.842,0.706,0.774,0.364,MEDIUM,SYNTHETIC_DEMO_DATA
1301,Goa Coast,15.4498,73.77218,2025-06-07 20:26:15,0.748,0.671,0.677,0.345,MEDIUM,SYNTHETIC_DEMO_DATA
1302,Kerala Coast,10.02968,76.73758,2025-06-07 23:21:06,0.807,0.785,0.636,0.524,MEDIUM,SYNTHETIC_DEMO_DATA
1303,Gujarat Coast,22.18453,69.58267,2025-06-08 02:15:57,0.56,0.579,0.62,0.526,MEDIUM,SYNTHETIC_DEMO_DATA
1304,Andaman & Nicobar,11.59883,92.68799,2025-06-08 05:10:48,0.729,0.701,0.481,0.549,MEDIUM,SYNTHETIC_DEMO_DATA
1305,Gujarat Coast,22.08983,69.39941,2025-06-08 08:05:39,0.615,0.726,0.687,0.354,MEDIUM,SYNTHETIC_DEMO_DATA
1306,Gujarat Coast,21.74316,69.61255,2025-06-08 11:00:30,0.791,0.647,0.658,0.457,MEDIUM,SYNTHETIC_DEMO_DATA
1307,Visakhapatnam,17.8213,83.42673,2025-06-08 13:55:22,0.74,0.999,0.751,0.274,LOW,SYNTHETIC_DEMO_DATA
1308,Visakhapatnam,17.74098,83.15668,2025-06-08 16:50:13,0.632,0.702,0.734,0.285,LOW,SYNTHETIC_DEMO_DATA
1309,Kerala Coast,9.88575,76.37824,2025-06-08 19:45:04,0.772,0.611,0.626,0.461,MEDIUM,SYNTHETIC_DEMO_DATA
1310,Andaman & Nicobar,12.15393,92.33212,2025-06-08 22:39:55,0.849,0.648,0.481,0.537,MEDIUM,SYNTHETIC_DEMO_DATA
1311,Mumbai Coast,19.03476,73.14178,2025-06-09 01:34:46,0.778,0.801,0.692,0.365,MEDIUM,SYNTHETIC_DEMO_DATA
1312,Chennai Coast,13.00678,80.18206,2025-06-09 04:29:37,0.707,0.673,0.549,0.442,MEDIUM,SYNTHETIC_DEMO_DATA
1313,Goa Coast,15.62668,73.69148,2025-06-09 07:24:28,0.32,0.778,0.692,0.28,LOW,SYNTHETIC_DEMO_DATA
1314,Andaman & Nicobar,11.35672,92.62391,2025-06-09 10:19:19,0.535,0.754,0.647,0.331,MEDIUM,SYNTHETIC_DEMO_DATA
1315,Lakshadweep,10.86314,72.46699,2025-06-09 13:14:10,0.515,0.667,0.508,0.39,MEDIUM,SYNTHETIC_DEMO_DATA
1316,Visakhapatnam,17.94299,83.41326,2025-06-09 16:09:01,0.535,0.55,0.638,0.282,LOW,SYNTHETIC_DEMO_DATA
1317,Goa Coast,15.5272,73.56802,2025-06-09 19:03:52,0.857,0.729,0.598,0.451,MEDIUM,SYNTHETIC_DEMO_DATA
1318,Mumbai Coast,18.82968,72.5817,2025-06-09 21:58:43,0.819,0.888,0.669,0.273,LOW,SYNTHETIC_DEMO_DATA
1319,Kerala Coast,10.06283,76.31304,2025-06-10 00:53:34,0.729,0.648,0.557,0.545,MEDIUM,SYNTHETIC_DEMO_DATA
1320,Chennai Coast,13.0804,80.32596,2025-06-10 03:48:25,0.928,0.748,0.795,0.439,MEDIUM,SYNTHETIC_DEMO_DATA
1321,Odisha Coast,19.60425,85.72624,2025-06-10 06:43:16,0.613,0.553,0.569,0.642,HIGH,SYNTHETIC_DEMO_DATA
1322,Visakhapatnam,17.40879,83.13086,2025-06-10 09:38:07,0.585,0.629,0.65,0.257,LOW,SYNTHETIC_DEMO_DATA
1323,Mumbai Coast,18.87827,72.87558,2025-06-10 12:32:58,0.666,0.778,0.529,0.379,MEDIUM,SYNTHETIC_DEMO_DATA
1324,Andaman & Nicobar,11.55415,92.38851,2025-06-10 15:27:50,0.859,0.536,0.472,0.588,MEDIUM,SYNTHETIC_DEMO_DATA
1325,Andaman & Nicobar,11.93827,92.40039,2025-06-10 18:22:41,0.63,0.695,0.571,0.373,MEDIUM,SYNTHETIC_DEMO_DATA
1326,Odisha Coast,19.92522,85.50446,2025-06-10 21:17:32,0.777,0.627,0.432,0.837,CRITICAL,SYNTHETIC_DEMO_DATA
1327,Gujarat Coast,22.25835,70.02354,2025-06-11 00:12:23,0.532,0.52,0.691,0.495,MEDIUM,SYNTHETIC_DEMO_DATA
1328,Sundarbans,21.97415,89.24805,2025-06-11 03:07:14,0.726,0.749,0.671,0.443,MEDIUM,SYNTHETIC_DEMO_DATA
1329,Gujarat Coast,22.32719,69.86983,2025-06-11 06:02:05,0.474,0.531,0.647,0.404,MEDIUM,SYNTHETIC_DEMO_DATA
1330,Chennai Coast,12.89778,80.25298,2025-06-11 08:56:56,0.622,0.652,0.637,0.336,MEDIUM,SYNTHETIC_DEMO_DATA
1331,Kerala Coast,10.14436,76.01844,2025-06-11 11:51:47,0.663,0.664,0.651,0.58,MEDIUM,SYNTHETIC_DEMO_DATA
1332,Goa Coast,15.2276,73.73717,2025-06-11 14:46:38,0.66,0.544,0.682,0.32,MEDIUM,SYNTHETIC_DEMO_DATA
1333,Kerala Coast,9.5648,76.46792,2025-06-11 17:41:29,0.668,0.507,0.501,0.572,MEDIUM,SYNTHETIC_DEMO_DATA
1334,Andaman & Nicobar,11.73717,92.68085,2025-06-11 20:36:20,0.763,0.773,0.645,0.269,LOW,SYNTHETIC_DEMO_DATA
1335,Mumbai Coast,18.83322,72.69926,2025-06-11 23:31:11,0.741,0.698,0.623,0.265,LOW,SYNTHETIC_DEMO_DATA
1336,Lakshadweep,10.32642,72.54371,2025-06-12 02:26:02,0.946,0.63,0.671,0.407,MEDIUM,SYNTHETIC_DEMO_DATA
1337,Gujarat Coast,22.08403,69.60431,2025-06-12 05:20:53,0.554,0.584,0.595,0.512,MEDIUM,SYNTHETIC_DEMO_DATA
1338,Visakhapatnam,17.59225,82.84364,2025-06-12 08:15:44,0.784,0.706,0.668,0.317,MEDIUM,SYNTHETIC_DEMO_DATA
1339,Goa Coast,15.31296,73.80299,2025-06-12 11:10:35,0.536,0.776,0.718,0.433,MEDIUM,SYNTHETIC_DEMO_DATA
1340,Kerala Coast,10.01895,76.17576,2025-06-12 14:05:26,0.61,0.555,0.625,0.31,MEDIUM,SYNTHETIC_DEMO_DATA
1341,Mumbai Coast,19.14556,72.7756,2025-06-12 17:00:18,0.636,0.83,0.676,0.298,LOW,SYNTHETIC_DEMO_DATA
1342,Odisha Coast,19.73593,85.51612,2025-06-12 19:55:09,0.691,0.824,0.565,0.386,MEDIUM,SYNTHETIC_DEMO_DATA
1343,Odisha Coast,19.78873,85.79924,2025-06-12 22:50:00,0.625,0.752,0.738,0.363,MEDIUM,SYNTHETIC_DEMO_DATA
1344,Mumbai Coast,19.3853,72.69157,2025-06-13 01:44:51,0.725,0.649,0.483,0.355,MEDIUM,SYNTHETIC_DEMO_DATA
1345,Odisha Coast,19.90601,85.91994,2025-06-13 04:39:42,0.616,0.658,0.669,0.375,MEDIUM,SYNTHETIC_DEMO_DATA
1346,Lakshadweep,10.5383,72.96377,2025-06-13 07:34:33,0.626,0.543,0.531,0.335,MEDIUM,SYNTHETIC_DEMO_DATA
1347,Andaman & Nicobar,11.5118,92.59123,2025-06-13 10:29:24,0.753,0.715,0.581,0.339,MEDIUM,SYNTHETIC_DEMO_DATA
1348,Goa Coast,15.26203,73.89879,2025-06-13 13:24:15,0.598,0.659,0.578,0.384,MEDIUM,SYNTHETIC_DEMO_DATA
1349,Goa Coast,15.16887,73.99027,2025-06-13 16:19:06,0.904,0.732,0.634,0.387,MEDIUM,SYNTHETIC_DEMO_DATA
1350,Mumbai Coast,18.58292,72.66845,2025-06-13 19:13:57,0.551,0.68,0.648,0.41,MEDIUM,SYNTHETIC_DEMO_DATA
1351,Sundarbans,21.57617,88.95895,2025-06-13 22:08:48,0.702,0.698,0.611,0.545,MEDIUM,SYNTHETIC_DEMO_DATA
1352,Chennai Coast,13.1373,80.08942,2025-06-14 01:03:39,0.445,0.692,0.714,0.298,LOW,SYNTHETIC_DEMO_DATA
1353,Kerala Coast,9.91807,75.89963,2025-06-14 03:58:30,0.848,0.717,0.851,0.397,MEDIUM,SYNTHETIC_DEMO_DATA
1354,Lakshadweep,10.43837,72.66532,2025-06-14 06:53:21,0.482,0.712,0.548,0.279,LOW,SYNTHETIC_DEMO_DATA
1355,Visakhapatnam,17.82279,83.51657,2025-06-14 09:48:12,0.694,0.569,0.444,0.707,HIGH,SYNTHETIC_DEMO_DATA
1356,Kerala Coast,10.15785,76.20833,2025-06-14 12:43:03,0.843,0.749,0.587,0.491,MEDIUM,SYNTHETIC_DEMO_DATA
1357,Chennai Coast,13.12635,80.28289,2025-06-14 15:37:54,0.753,0.775,0.508,0.371,MEDIUM,SYNTHETIC_DEMO_DATA
1358,Odisha Coast,19.57719,86.08715,2025-06-14 18:32:45,0.486,0.683,0.681,0.336,MEDIUM,SYNTHETIC_DEMO_DATA
1359,Odisha Coast,19.51382,85.80003,2025-06-14 21:27:37,0.506,0.764,0.749,0.285,LOW,SYNTHETIC_DEMO_DATA
1360,Chennai Coast,12.93667,80.1854,2025-06-15 00:22:28,0.709,0.592,0.624,0.512,MEDIUM,SYNTHETIC_DEMO_DATA
1361,Sundarbans,21.76934,88.84183,2025-06-15 03:17:19,0.784,0.727,0.63,0.33,MEDIUM,SYNTHETIC_DEMO_DATA
1362,Sundarbans,21.81684,89.29036,2025-06-15 06:12:10,0.743,0.837,0.663,0.314,MEDIUM,SYNTHETIC_DEMO_DATA
1363,Chennai Coast,13.23254,80.29604,2025-06-15 09:07:01,0.684,0.676,0.651,0.393,MEDIUM,SYNTHETIC_DEMO_DATA
1364,Visakhapatnam,17.9928,82.88363,2025-06-15 12:01:52,0.764,0.648,0.616,0.492,MEDIUM,SYNTHETIC_DEMO_DATA
1365,Mumbai Coast,18.61155,73.2182,2025-06-15 14:56:43,0.857,0.589,0.624,0.493,MEDIUM,SYNTHETIC_DEMO_DATA
1366,Sundarbans,21.88597,89.16743,2025-06-15 17:51:34,0.789,0.603,0.472,0.779,HIGH,SYNTHETIC_DEMO_DATA
1367,Chennai Coast,13.36468,79.92084,2025-06-15 20:46:25,0.785,0.656,0.607,0.41,MEDIUM,SYNTHETIC_DEMO_DATA
1368,Kerala Coast,9.82089,76.25679,2025-06-15 23:41:16,0.916,0.615,0.525,0.514,MEDIUM,SYNTHETIC_DEMO_DATA
1369,Lakshadweep,10.30856,72.4845,2025-06-16 02:36:07,0.83,0.699,0.61,0.387,MEDIUM,SYNTHETIC_DEMO_DATA
1370,Gujarat Coast,22.40599,69.70265,2025-06-16 05:30:58,0.665,0.638,0.555,0.502,MEDIUM,SYNTHETIC_DEMO_DATA
1371,Andaman & Nicobar,11.70759,92.41145,2025-06-16 08:25:49,0.902,0.811,0.713,0.269,LOW,SYNTHETIC_DEMO_DATA
1372,Chennai Coast,12.98575,79.96348,2025-06-16 11:20:40,0.452,0.834,0.661,0.189,LOW,SYNTHETIC_DEMO_DATA
1373,Kerala Coast,10.02753,76.19885,2025-06-16 14:15:31,0.693,0.731,0.595,0.381,MEDIUM,SYNTHETIC_DEMO_DATA
1374,Kerala Coast,9.70832,76.25012,2025-06-16 17:10:22,0.728,0.546,0.591,0.511,MEDIUM,SYNTHETIC_DEMO_DATA
1375,Andaman & Nicobar,11.42392,92.57104,2025-06-16 20:05:13,0.824,0.843,0.642,0.247,LOW,SYNTHETIC_DEMO_DATA
1376,Lakshadweep,10.25109,72.77284,2025-06-16 23:00:05,0.664,0.806,0.767,0.243,LOW,SYNTHETIC_DEMO_DATA
1377,Lakshadweep,10.83398,72.99668,2025-06-17 01:54:56,0.797,0.735,0.565,0.309,MEDIUM,SYNTHETIC_DEMO_DATA
1378,Goa Coast,15.62583,73.9363,2025-06-17 04:49:47,0.676,0.801,0.75,0.268,LOW,SYNTHETIC_DEMO_DATA
1379,Mumbai Coast,18.96535,72.67421,2025-06-17 07:44:38,0.821,0.577,0.57,0.38,MEDIUM,SYNTHETIC_DEMO_DATA
1380,Mumbai Coast,19.20403,72.66341,2025-06-17 10:39:29,0.668,0.637,0.518,0.713,HIGH,SYNTHETIC_DEMO_DATA
1381,Lakshadweep,10.73568,72.56052,2025-06-17 13:34:20,0.704,0.595,0.589,0.238,LOW,SYNTHETIC_DEMO_DATA
1382,Visakhapatnam,17.46721,83.11881,2025-06-17 16:29:11,0.484,0.725,0.517,0.379,MEDIUM,SYNTHETIC_DEMO_DATA
1383,Chennai Coast,13.43754,80.46098,2025-06-17 19:24:02,0.669,0.815,0.648,0.364,MEDIUM,SYNTHETIC_DEMO_DATA
1384,Andaman & Nicobar,11.80388,92.69398,2025-06-17 22:18:53,0.764,0.752,0.671,0.418,MEDIUM,SYNTHETIC_DEMO_DATA
1385,Chennai Coast,13.00443,80.14021,2025-06-18 01:13:44,0.515,0.748,0.501,0.375,MEDIUM,SYNTHETIC_DEMO_DATA
1386,Visakhapatnam,17.62469,83.19201,2025-06-18 04:08:35,0.806,0.69,0.614,0.271,LOW,SYNTHETIC_DEMO_DATA
1387,Mumbai Coast,18.9776,72.86339,2025-06-18 07:03:26,0.781,0.703,0.692,0.305,MEDIUM,SYNTHETIC_DEMO_DATA
1388,Chennai Coast,13.11485,80.28369,2025-06-18 09:58:17,0.731,0.779,0.848,0.261,LOW,SYNTHETIC_DEMO_DATA
1389,Andaman & Nicobar,11.85585,92.48386,2025-06-18 12:53:08,0.797,0.568,0.675,0.286,LOW,SYNTHETIC_DEMO_DATA
1390,Lakshadweep,10.64814,72.61069,2025-06-18 15:47:59,0.527,0.71,0.645,0.303,MEDIUM,SYNTHETIC_DEMO_DATA
1391,Chennai Coast,12.90576,80.132,2025-06-18 18:42:50,0.866,0.821,0.68,0.352,MEDIUM,SYNTHETIC_DEMO_DATA
1392,Mumbai Coast,19.02386,72.97112,2025-06-18 21:37:41,0.818,0.635,0.659,0.501,MEDIUM,SYNTHETIC_DEMO_DATA
1393,Lakshadweep,10.49934,72.66086,2025-06-19 00:32:33,0.737,0.624,0.361,0.595,MEDIUM,SYNTHETIC_DEMO_DATA
1394,Goa Coast,15.76525,73.86275,2025-06-19 03:27:24,0.766,0.746,0.754,0.316,MEDIUM,SYNTHETIC_DEMO_DATA
1395,Visakhapatnam,17.98727,83.08546,2025-06-19 06:22:15,0.536,0.647,0.736,0.312,MEDIUM,SYNTHETIC_DEMO_DATA
1396,Mumbai Coast,19.15431,72.79551,2025-06-19 09:17:06,0.521,0.51,0.516,0.505,MEDIUM,SYNTHETIC_DEMO_DATA
1397,Gujarat Coast,22.43838,69.43749,2025-06-19 12:11:57,0.63,0.827,0.709,0.245,LOW,SYNTHETIC_DEMO_DATA
1398,Gujarat Coast,22.63279,69.56872,2025-06-19 15:06:48,0.342,0.655,0.598,0.498,MEDIUM,SYNTHETIC_DEMO_DATA
1399,Sundarbans,21.42662,88.95485,2025-06-19 18:01:39,0.792,0.644,0.707,0.352,MEDIUM,SYNTHETIC_DEMO_DATA
1400,Visakhapatnam,17.59439,83.21086,2025-06-19 20:56:30,0.769,0.659,0.604,0.424,MEDIUM,SYNTHETIC_DEMO_DATA
1401,Andaman & Nicobar,11.76011,92.68168,2025-06-19 23:51:21,0.463,0.718,0.643,0.378,MEDIUM,SYNTHETIC_DEMO_DATA
1402,Visakhapatnam,18.16837,83.11767,2025-06-20 02:46:12,0.435,0.681,0.599,0.325,MEDIUM,SYNTHETIC_DEMO_DATA
1403,Visakhapatnam,17.57935,83.42708,2025-06-20 05:41:03,0.646,0.536,0.536,0.582,MEDIUM,SYNTHETIC_DEMO_DATA
1404,Chennai Coast,12.87864,80.11207,2025-06-20 08:35:54,0.833,0.554,0.54,0.531,MEDIUM,SYNTHETIC_DEMO_DATA
1405,Odisha Coast,20.13444,85.2845,2025-06-20 11:30:45,0.863,0.838,0.66,0.342,MEDIUM,SYNTHETIC_DEMO_DATA
1406,Odisha Coast,19.61965,85.36116,2025-06-20 14:25:36,0.734,0.583,0.541,0.608,HIGH,SYNTHETIC_DEMO_DATA
1407,Chennai Coast,13.2382,80.18809,2025-06-20 17:20:27,0.786,0.527,0.564,0.655,HIGH,SYNTHETIC_DEMO_DATA
1408,Andaman & Nicobar,11.7165,92.67177,2025-06-20 20:15:18,0.77,0.775,0.682,0.254,LOW,SYNTHETIC_DEMO_DATA
1409,Sundarbans,21.79152,89.39351,2025-06-20 23:10:09,0.694,0.643,0.496,0.482,MEDIUM,SYNTHETIC_DEMO_DATA
1410,Visakhapatnam,17.87971,83.29345,2025-06-21 02:05:01,0.67,0.683,0.484,0.563,MEDIUM,SYNTHETIC_DEMO_DATA
1411,Sundarbans,22.15957,89.22704,2025-06-21 04:59:52,0.82,0.565,0.543,0.669,HIGH,SYNTHETIC_DEMO_DATA
1412,Mumbai Coast,18.88345,72.97804,2025-06-21 07:54:43,0.75,0.67,0.656,0.47,MEDIUM,SYNTHETIC_DEMO_DATA
1413,Visakhapatnam,17.74453,83.45258,2025-06-21 10:49:34,0.667,0.72,0.661,0.304,MEDIUM,SYNTHETIC_DEMO_DATA
1414,Goa Coast,15.4679,74.30607,2025-06-21 13:44:25,0.688,0.725,0.503,0.474,MEDIUM,SYNTHETIC_DEMO_DATA
1415,Mumbai Coast,19.08191,73.10248,2025-06-21 16:39:16,0.507,0.673,0.695,0.316,MEDIUM,SYNTHETIC_DEMO_DATA
1416,Goa Coast,15.5836,73.8965,2025-06-21 19:34:07,0.716,0.594,0.716,0.393,MEDIUM,SYNTHETIC_DEMO_DATA
1417,Gujarat Coast,22.48251,69.68373,2025-06-21 22:28:58,0.761,0.597,0.51,0.637,HIGH,SYNTHETIC_DEMO_DATA
1418,Kerala Coast,9.94137,76.11201,2025-06-22 01:23:49,0.821,0.8,0.579,0.355,MEDIUM,SYNTHETIC_DEMO_DATA
1419,Andaman & Nicobar,11.4611,92.54665,2025-06-22 04:18:40,0.821,0.666,0.709,0.358,MEDIUM,SYNTHETIC_DEMO_DATA
1420,Kerala Coast,10.15029,76.37187,2025-06-22 07:13:31,0.782,0.668,0.595,0.409,MEDIUM,SYNTHETIC_DEMO_DATA
1421,Lakshadweep,10.32098,72.14396,2025-06-22 10:08:22,0.739,0.648,0.741,0.411,MEDIUM,SYNTHETIC_DEMO_DATA
1422,Lakshadweep,10.68723,72.59232,2025-06-22 13:03:13,0.773,0.721,0.736,0.316,MEDIUM,SYNTHETIC_DEMO_DATA
1423,Mumbai Coast,19.18004,73.122,2025-06-22 15:58:04,0.791,0.812,0.583,0.399,MEDIUM,SYNTHETIC_DEMO_DATA
1424,Gujarat Coast,22.02951,69.49688,2025-06-22 18:52:55,0.696,0.748,0.667,0.31,MEDIUM,SYNTHETIC_DEMO_DATA
1425,Visakhapatnam,17.26756,83.36749,2025-06-22 21:47:46,0.723,0.759,0.558,0.429,MEDIUM,SYNTHETIC_DEMO_DATA
1426,Andaman & Nicobar,11.373,92.9402,2025-06-23 00:42:37,0.613,0.728,0.637,0.282,LOW,SYNTHETIC_DEMO_DATA
1427,Gujarat Coast,22.01592,69.58234,2025-06-23 03:37:29,0.583,0.614,0.519,0.633,HIGH,SYNTHETIC_DEMO_DATA
1428,Lakshadweep,10.66976,72.61273,2025-06-23 06:32:20,0.836,0.861,0.622,0.271,LOW,SYNTHETIC_DEMO_DATA
1429,Visakhapatnam,17.59848,82.84211,2025-06-23 09:27:11,0.68,0.602,0.623,0.387,MEDIUM,SYNTHETIC_DEMO_DATA
1430,Goa Coast,15.63649,73.97401,2025-06-23 12:22:02,0.568,0.629,0.758,0.274,LOW,SYNTHETIC_DEMO_DATA
1431,Kerala Coast,10.14509,76.2781,2025-06-23 15:16:53,0.794,0.585,0.422,0.554,MEDIUM,SYNTHETIC_DEMO_DATA
1432,Odisha Coast,19.78258,86.13281,2025-06-23 18:11:44,0.856,0.691,0.461,0.366,MEDIUM,SYNTHETIC_DEMO_DATA
1433,Odisha Coast,19.77381,85.5985,2025-06-23 21:06:35,0.499,0.467,0.635,0.656,HIGH,SYNTHETIC_DEMO_DATA
1434,Mumbai Coast,19.10792,72.78072,2025-06-24 00:01:26,0.608,0.716,0.62,0.401,MEDIUM,SYNTHETIC_DEMO_DATA
1435,Chennai Coast,13.10099,80.41144,2025-06-24 02:56:17,0.839,0.485,0.459,0.571,MEDIUM,SYNTHETIC_DEMO_DATA
1436,Odisha Coast,19.96779,85.90493,2025-06-24 05:51:08,0.892,0.673,0.545,0.458,MEDIUM,SYNTHETIC_DEMO_DATA
1437,Kerala Coast,9.78375,76.35702,2025-06-24 08:45:59,0.964,0.649,0.605,0.512,MEDIUM,SYNTHETIC_DEMO_DATA
1438,Gujarat Coast,22.67362,69.67626,2025-06-24 11:40:50,0.41,0.815,0.724,0.359,MEDIUM,SYNTHETIC_DEMO_DATA
1439,Chennai Coast,13.12666,80.21697,2025-06-24 14:35:41,0.494,0.735,0.824,0.306,MEDIUM,SYNTHETIC_DEMO_DATA
1440,Lakshadweep,10.72784,72.15858,2025-06-24 17:30:32,0.618,0.83,0.642,0.275,LOW,SYNTHETIC_DEMO_DATA
1441,Goa Coast,15.39436,73.83469,2025-06-24 20:25:23,0.781,0.661,0.456,0.621,HIGH,SYNTHETIC_DEMO_DATA
1442,Mumbai Coast,18.92526,72.82666,2025-06-24 23:20:14,0.858,0.734,0.527,0.578,MEDIUM,SYNTHETIC_DEMO_DATA
1443,Lakshadweep,10.56864,72.57948,2025-06-25 02:15:05,0.556,0.701,0.771,0.277,LOW,SYNTHETIC_DEMO_DATA
1444,Kerala Coast,9.74993,76.28747,2025-06-25 05:09:56,0.64,0.583,0.564,0.445,MEDIUM,SYNTHETIC_DEMO_DATA
1445,Odisha Coast,19.69862,85.82727,2025-06-25 08:04:48,0.704,0.567,0.599,0.469,MEDIUM,SYNTHETIC_DEMO_DATA
1446,Sundarbans,21.63386,89.18634,2025-06-25 10:59:39,0.792,0.694,0.614,0.622,HIGH,SYNTHETIC_DEMO_DATA
1447,Lakshadweep,10.58555,72.4964,2025-06-25 13:54:30,0.524,0.662,0.771,0.345,MEDIUM,SYNTHETIC_DEMO_DATA
1448,Lakshadweep,10.65964,72.38282,2025-06-25 16:49:21,0.661,0.713,0.696,0.307,MEDIUM,SYNTHETIC_DEMO_DATA
1449,Goa Coast,15.54447,73.82621,2025-06-25 19:44:12,0.733,0.604,0.483,0.569,MEDIUM,SYNTHETIC_DEMO_DATA
1450,Odisha Coast,20.21091,85.78991,2025-06-25 22:39:03,0.715,0.57,0.573,0.628,HIGH,SYNTHETIC_DEMO_DATA
1451,Visakhapatnam,17.91985,83.65469,2025-06-26 01:33:54,0.932,0.611,0.467,0.614,HIGH,SYNTHETIC_DEMO_DATA
1452,Sundarbans,22.08581,89.21762,2025-06-26 04:28:45,0.764,0.604,0.517,0.597,MEDIUM,SYNTHETIC_DEMO_DATA
1453,Sundarbans,21.93237,89.45186,2025-06-26 07:23:36,0.81,0.835,0.626,0.359,MEDIUM,SYNTHETIC_DEMO_DATA
1454,Visakhapatnam,17.88144,83.4433,2025-06-26 10:18:27,0.745,0.581,0.499,0.526,MEDIUM,SYNTHETIC_DEMO_DATA
1455,Mumbai Coast,18.79917,72.81901,2025-06-26 13:13:18,0.73,0.614,0.513,0.506,MEDIUM,SYNTHETIC_DEMO_DATA
1456,Sundarbans,22.1299,89.14036,2025-06-26 16:08:09,0.986,0.762,0.636,0.425,MEDIUM,SYNTHETIC_DEMO_DATA
1457,Lakshadweep,10.66039,72.58663,2025-06-26 19:03:00,0.802,0.797,0.52,0.344,MEDIUM,SYNTHETIC_DEMO_DATA
1458,Kerala Coast,9.56084,76.1719,2025-06-26 21:57:51,0.851,0.71,0.443,0.634,HIGH,SYNTHETIC_DEMO_DATA
1459,Visakhapatnam,17.45304,83.20975,2025-06-27 00:52:42,0.721,0.534,0.694,0.377,MEDIUM,SYNTHETIC_DEMO_DATA
1460,Mumbai Coast,19.02987,72.69997,2025-06-27 03:47:33,0.835,0.589,0.767,0.374,MEDIUM,SYNTHETIC_DEMO_DATA
1461,Goa Coast,15.53734,74.10033,2025-06-27 06:42:24,0.491,0.556,0.579,0.388,MEDIUM,SYNTHETIC_DEMO_DATA
1462,Chennai Coast,13.19541,79.77385,2025-06-27 09:37:16,0.774,0.77,0.691,0.38,MEDIUM,SYNTHETIC_DEMO_DATA
1463,Sundarbans,21.98356,89.01162,2025-06-27 12:32:07,0.807,0.903,0.661,0.348,MEDIUM,SYNTHETIC_DEMO_DATA
1464,Sundarbans,21.75645,89.07611,2025-06-27 15:26:58,0.691,0.8,0.6,0.469,MEDIUM,SYNTHETIC_DEMO_DATA
1465,Andaman & Nicobar,11.86394,92.98438,2025-06-27 18:21:49,0.649,0.63,0.661,0.429,MEDIUM,SYNTHETIC_DEMO_DATA
1466,Odisha Coast,19.6195,86.14186,2025-06-27 21:16:40,0.617,0.802,0.75,0.318,MEDIUM,SYNTHETIC_DEMO_DATA
1467,Gujarat Coast,22.50309,69.67112,2025-06-28 00:11:31,0.882,0.775,0.639,0.475,MEDIUM,SYNTHETIC_DEMO_DATA
1468,Chennai Coast,12.86947,79.78051,2025-06-28 03:06:22,0.713,0.587,0.598,0.364,MEDIUM,SYNTHETIC_DEMO_DATA
1469,Goa Coast,15.67459,73.77186,2025-06-28 06:01:13,0.622,0.64,0.593,0.4,MEDIUM,SYNTHETIC_DEMO_DATA
1470,Sundarbans,22.18402,89.19881,2025-06-28 08:56:04,0.63,0.58,0.402,0.716,HIGH,SYNTHETIC_DEMO_DATA
1471,Andaman & Nicobar,11.74076,92.77807,2025-06-28 11:50:55,0.825,0.683,0.551,0.441,MEDIUM,SYNTHETIC_DEMO_DATA
1472,Gujarat Coast,22.43292,69.40669,2025-06-28 14:45:46,0.527,0.562,0.646,0.439,MEDIUM,SYNTHETIC_DEMO_DATA
1473,Kerala Coast,9.95075,76.09145,2025-06-28 17:40:37,0.813,0.758,0.677,0.307,MEDIUM,SYNTHETIC_DEMO_DATA
1474,Visakhapatnam,17.89643,83.27044,2025-06-28 20:35:28,0.65,0.651,0.541,0.39,MEDIUM,SYNTHETIC_DEMO_DATA
1475,Lakshadweep,10.65403,72.72795,2025-06-28 23:30:19,0.628,0.795,0.608,0.261,LOW,SYNTHETIC_DEMO_DATA
1476,Chennai Coast,13.08522,80.46553,2025-06-29 02:25:10,0.706,0.752,0.546,0.383,MEDIUM,SYNTHETIC_DEMO_DATA
1477,Kerala Coast,9.81459,76.65019,2025-06-29 05:20:01,0.906,0.708,0.533,0.533,MEDIUM,SYNTHETIC_DEMO_DATA
1478,Chennai Coast,13.39974,80.23474,2025-06-29 08:14:52,0.685,0.761,0.613,0.339,MEDIUM,SYNTHETIC_DEMO_DATA
1479,Visakhapatnam,17.95462,83.29543,2025-06-29 11:09:44,0.643,0.596,0.603,0.404,MEDIUM,SYNTHETIC_DEMO_DATA
1480,Kerala Coast,10.23722,76.06293,2025-06-29 14:04:35,0.857,0.823,0.668,0.361,MEDIUM,SYNTHETIC_DEMO_DATA
1481,Odisha Coast,19.60986,85.88087,2025-06-29 16:59:26,0.737,0.783,0.76,0.436,MEDIUM,SYNTHETIC_DEMO_DATA
1482,Sundarbans,22.08742,89.08154,2025-06-29 19:54:17,0.859,0.654,0.384,0.723,HIGH,SYNTHETIC_DEMO_DATA
1483,Visakhapatnam,17.83839,83.17296,2025-06-29 22:49:08,0.564,0.675,0.613,0.465,MEDIUM,SYNTHETIC_DEMO_DATA
1484,Odisha Coast,19.69167,85.70335,2025-06-30 01:43:59,0.785,0.739,0.457,0.522,MEDIUM,SYNTHETIC_DEMO_DATA
1485,Kerala Coast,9.98491,76.3687,2025-06-30 04:38:50,1.0,0.829,0.506,0.367,MEDIUM,SYNTHETIC_DEMO_DATA
1486,Andaman & Nicobar,11.9596,92.96035,2025-06-30 07:33:41,0.778,0.793,0.74,0.272,LOW,SYNTHETIC_DEMO_DATA
1487,Odisha Coast,19.51977,85.63494,2025-06-30 10:28:32,0.548,0.593,0.567,0.495,MEDIUM,SYNTHETIC_DEMO_DATA
1488,Sundarbans,21.69377,89.38448,2025-06-30 13:23:23,0.654,0.548,0.586,0.631,HIGH,SYNTHETIC_DEMO_DATA
1489,Odisha Coast,19.47912,85.72494,2025-06-30 16:18:14,0.67,0.703,0.661,0.43,MEDIUM,SYNTHETIC_DEMO_DATA
1490,Mumbai Coast,19.08173,72.94415,2025-06-30 19:13:05,0.889,0.802,0.569,0.466,MEDIUM,SYNTHETIC_DEMO_DATA
1491,Visakhapatnam,17.67093,82.98298,2025-06-30 22:07:56,0.838,0.676,0.664,0.274,LOW,SYNTHETIC_DEMO_DATA
1492,Kerala Coast,9.95918,76.2111,2025-07-01 01:02:47,0.656,0.516,0.566,0.549,MEDIUM,SYNTHETIC_DEMO_DATA
1493,Sundarbans,22.15102,89.42066,2025-07-01 03:57:38,0.81,0.64,0.718,0.392,MEDIUM,SYNTHETIC_DEMO_DATA
1494,Chennai Coast,13.0803,80.12028,2025-07-01 06:52:29,0.723,0.572,0.512,0.446,MEDIUM,SYNTHETIC_DEMO_DATA
1495,Kerala Coast,10.14155,76.75429,2025-07-01 09:47:20,0.752,0.624,0.65,0.381,MEDIUM,SYNTHETIC_DEMO_DATA
1496,Kerala Coast,9.92174,76.05926,2025-07-01 12:42:12,0.887,0.599,0.473,0.73,HIGH,SYNTHETIC_DEMO_DATA
1497,Mumbai Coast,18.57946,72.7012,2025-07-01 15:37:03,0.856,0.644,0.735,0.42,MEDIUM,SYNTHETIC_DEMO_DATA
1498,Goa Coast,15.46843,73.96617,2025-07-01 18:31:54,0.749,0.726,0.583,0.306,MEDIUM,SYNTHETIC_DEMO_DATA
1499,Kerala Coast,9.92356,75.9571,2025-07-01 21:26:45,0.696,0.622,0.653,0.499,MEDIUM,SYNTHETIC_DEMO_DATA
1500,Andaman & Nicobar,11.47184,92.57785,2025-07-02 00:21:36,0.875,0.654,0.675,0.34,MEDIUM,SYNTHETIC_DEMO_DATA
1501,Mumbai Coast,18.86593,72.68181,2025-07-02 03:16:27,0.701,0.634,0.833,0.285,LOW,SYNTHETIC_DEMO_DATA
1502,Visakhapatnam,17.42698,83.66807,2025-07-02 06:11:18,0.736,0.673,0.794,0.213,LOW,SYNTHETIC_DEMO_DATA
1503,Visakhapatnam,17.36515,82.85555,2025-07-02 09:06:09,0.587,0.652,0.588,0.56,MEDIUM,SYNTHETIC_DEMO_DATA
1504,Chennai Coast,13.13489,80.35764,2025-07-02 12:01:00,0.6,0.912,0.646,0.381,MEDIUM,SYNTHETIC_DEMO_DATA
1505,Mumbai Coast,19.25009,72.6383,2025-07-02 14:55:51,0.828,0.789,0.652,0.444,MEDIUM,SYNTHETIC_DEMO_DATA
1506,Visakhapatnam,17.77047,83.41156,2025-07-02 17:50:42,0.567,0.48,0.623,0.584,MEDIUM,SYNTHETIC_DEMO_DATA
1507,Lakshadweep,10.3789,72.71914,2025-07-02 20:45:33,0.643,0.786,0.741,0.354,MEDIUM,SYNTHETIC_DEMO_DATA
1508,Kerala Coast,9.74734,76.1784,2025-07-02 23:40:24,0.943,0.615,0.565,0.494,MEDIUM,SYNTHETIC_DEMO_DATA
1509,Andaman & Nicobar,11.27763,92.78864,2025-07-03 02:35:15,0.933,0.7,0.43,0.448,MEDIUM,SYNTHETIC_DEMO_DATA
1510,Gujarat Coast,22.09971,69.57216,2025-07-03 05:30:06,0.578,0.916,0.698,0.299,LOW,SYNTHETIC_DEMO_DATA
1511,Chennai Coast,12.82732,80.12736,2025-07-03 08:24:57,0.611,0.665,0.575,0.456,MEDIUM,SYNTHETIC_DEMO_DATA
1512,Visakhapatnam,17.70213,83.14688,2025-07-03 11:19:48,0.65,0.628,0.453,0.49,MEDIUM,SYNTHETIC_DEMO_DATA
1513,Goa Coast,15.21615,73.96327,2025-07-03 14:14:40,0.956,0.724,0.65,0.299,LOW,SYNTHETIC_DEMO_DATA
1514,Chennai Coast,13.13957,80.21148,2025-07-03 17:09:31,0.564,0.694,0.724,0.23,LOW,SYNTHETIC_DEMO_DATA
1515,Visakhapatnam,17.39702,83.31402,2025-07-03 20:04:22,0.754,0.799,0.669,0.293,LOW,SYNTHETIC_DEMO_DATA
1516,Lakshadweep,10.38201,72.55332,2025-07-03 22:59:13,0.752,0.728,0.732,0.326,MEDIUM,SYNTHETIC_DEMO_DATA
1517,Kerala Coast,9.81836,76.30788,2025-07-04 01:54:04,0.794,0.773,0.678,0.378,MEDIUM,SYNTHETIC_DEMO_DATA
1518,Sundarbans,21.81423,89.31249,2025-07-04 04:48:55,0.665,0.669,0.545,0.648,HIGH,SYNTHETIC_DEMO_DATA
1519,Kerala Coast,9.794,76.12318,2025-07-04 07:43:46,0.853,0.776,0.633,0.421,MEDIUM,SYNTHETIC_DEMO_DATA
1520,Kerala Coast,10.10438,76.5424,2025-07-04 10:38:37,0.803,0.654,0.639,0.36,MEDIUM,SYNTHETIC_DEMO_DATA
1521,Andaman & Nicobar,11.48564,92.40359,2025-07-04 13:33:28,0.725,0.669,0.587,0.414,MEDIUM,SYNTHETIC_DEMO_DATA
1522,Goa Coast,15.4085,73.93239,2025-07-04 16:28:19,0.612,0.572,0.627,0.359,MEDIUM,SYNTHETIC_DEMO_DATA
1523,Odisha Coast,19.75009,85.90749,2025-07-04 19:23:10,0.728,0.803,0.519,0.47,MEDIUM,SYNTHETIC_DEMO_DATA
1524,Odisha Coast,19.6979,85.50018,2025-07-04 22:18:01,0.626,0.649,0.537,0.648,HIGH,SYNTHETIC_DEMO_DATA
1525,Gujarat Coast,22.3342,69.80541,2025-07-05 01:12:52,0.696,0.538,0.554,0.326,MEDIUM,SYNTHETIC_DEMO_DATA
1526,Sundarbans,22.06133,89.11589,2025-07-05 04:07:43,0.685,0.736,0.577,0.384,MEDIUM,SYNTHETIC_DEMO_DATA
1527,Chennai Coast,13.15708,80.49127,2025-07-05 07:02:34,0.672,0.669,0.6,0.432,MEDIUM,SYNTHETIC_DEMO_DATA
1528,Odisha Coast,19.91011,85.85458,2025-07-05 09:57:25,0.809,0.856,0.636,0.313,MEDIUM,SYNTHETIC_DEMO_DATA
1529,Sundarbans,21.99538,89.26278,2025-07-05 12:52:16,0.737,0.741,0.627,0.455,MEDIUM,SYNTHETIC_DEMO_DATA
1530,Lakshadweep,10.47248,72.85619,2025-07-05 15:47:08,0.662,0.522,0.682,0.503,MEDIUM,SYNTHETIC_DEMO_DATA
1531,Sundarbans,22.16726,89.15137,2025-07-05 18:41:59,0.617,0.512,0.696,0.586,MEDIUM,SYNTHETIC_DEMO_DATA
1532,Sundarbans,21.78563,88.82923,2025-07-05 21:36:50,0.703,0.73,0.499,0.499,MEDIUM,SYNTHETIC_DEMO_DATA
1533,Lakshadweep,10.4956,72.55299,2025-07-06 00:31:41,0.602,0.771,0.551,0.301,MEDIUM,SYNTHETIC_DEMO_DATA
1534,Odisha Coast,19.70116,85.59974,2025-07-06 03:26:32,0.446,0.708,0.716,0.352,MEDIUM,SYNTHETIC_DEMO_DATA
1535,Andaman & Nicobar,11.72958,92.44676,2025-07-06 06:21:23,0.72,0.79,0.539,0.395,MEDIUM,SYNTHETIC_DEMO_DATA
1536,Sundarbans,22.05193,89.2677,2025-07-06 09:16:14,0.785,0.803,0.687,0.516,MEDIUM,SYNTHETIC_DEMO_DATA
1537,Odisha Coast,19.70199,86.01344,2025-07-06 12:11:05,0.697,0.343,0.582,0.668,HIGH,SYNTHETIC_DEMO_DATA
1538,Odisha Coast,19.88465,85.79332,2025-07-06 15:05:56,0.848,0.794,0.57,0.369,MEDIUM,SYNTHETIC_DEMO_DATA
1539,Goa Coast,15.29099,74.08423,2025-07-06 18:00:47,0.809,0.751,0.625,0.434,MEDIUM,SYNTHETIC_DEMO_DATA
1540,Gujarat Coast,22.46222,69.30796,2025-07-06 20:55:38,0.662,0.668,0.605,0.527,MEDIUM,SYNTHETIC_DEMO_DATA
1541,Kerala Coast,10.0446,76.25579,2025-07-06 23:50:29,0.877,0.497,0.619,0.482,MEDIUM,SYNTHETIC_DEMO_DATA
1542,Visakhapatnam,17.73988,83.20542,2025-07-07 02:45:20,0.624,0.774,0.674,0.283,LOW,SYNTHETIC_DEMO_DATA
1543,Sundarbans,21.57804,89.05738,2025-07-07 05:40:11,0.925,0.809,0.581,0.455,MEDIUM,SYNTHETIC_DEMO_DATA
1544,Mumbai Coast,18.55581,72.67073,2025-07-07 08:35:02,0.764,0.694,0.549,0.461,MEDIUM,SYNTHETIC_DEMO_DATA
1545,Visakhapatnam,17.27102,83.39877,2025-07-07 11:29:53,0.624,0.681,0.738,0.344,MEDIUM,SYNTHETIC_DEMO_DATA
1546,Mumbai Coast,19.38285,72.86392,2025-07-07 14:24:44,0.542,0.692,0.398,0.468,MEDIUM,SYNTHETIC_DEMO_DATA
1547,Gujarat Coast,22.43824,69.87535,2025-07-07 17:19:35,0.395,0.647,0.561,0.377,MEDIUM,SYNTHETIC_DEMO_DATA
1548,Andaman & Nicobar,11.91313,92.53925,2025-07-07 20:14:27,0.59,0.794,0.639,0.289,LOW,SYNTHETIC_DEMO_DATA
1549,Kerala Coast,10.12053,76.15522,2025-07-07 23:09:18,0.545,0.869,0.631,0.292,LOW,SYNTHETIC_DEMO_DATA
1550,Sundarbans,21.64693,89.32729,2025-07-08 02:04:09,0.685,0.754,0.548,0.404,MEDIUM,SYNTHETIC_DEMO_DATA
1551,Visakhapatnam,17.25559,83.08486,2025-07-08 04:59:00,0.5,0.628,0.774,0.454,MEDIUM,SYNTHETIC_DEMO_DATA
1552,Andaman & Nicobar,11.5866,92.45824,2025-07-08 07:53:51,0.94,0.703,0.596,0.37,MEDIUM,SYNTHETIC_DEMO_DATA
1553,Mumbai Coast,18.77151,72.85128,2025-07-08 10:48:42,0.967,0.764,0.793,0.294,LOW,SYNTHETIC_DEMO_DATA
1554,Gujarat Coast,22.53476,69.21362,2025-07-08 13:43:33,0.81,0.725,0.595,0.412,MEDIUM,SYNTHETIC_DEMO_DATA
1555,Kerala Coast,10.1506,76.13414,2025-07-08 16:38:24,0.815,0.746,0.691,0.4,MEDIUM,SYNTHETIC_DEMO_DATA
1556,Odisha Coast,19.89876,86.09376,2025-07-08 19:33:15,0.844,0.539,0.612,0.433,MEDIUM,SYNTHETIC_DEMO_DATA
1557,Andaman & Nicobar,12.08265,92.57815,2025-07-08 22:28:06,0.573,0.749,0.702,0.247,LOW,SYNTHETIC_DEMO_DATA
1558,Goa Coast,15.77396,74.09888,2025-07-09 01:22:57,0.679,0.697,0.589,0.393,MEDIUM,SYNTHETIC_DEMO_DATA
1559,Lakshadweep,10.637,72.40051,2025-07-09 04:17:48,0.63,0.607,0.666,0.257,LOW,SYNTHETIC_DEMO_DATA
1560,Andaman & Nicobar,11.62572,92.69116,2025-07-09 07:12:39,0.415,0.663,0.584,0.354,MEDIUM,SYNTHETIC_DEMO_DATA
1561,Visakhapatnam,17.67209,83.32998,2025-07-09 10:07:30,0.742,0.741,0.484,0.547,MEDIUM,SYNTHETIC_DEMO_DATA
1562,Visakhapatnam,17.5558,83.0695,2025-07-09 13:02:21,0.633,0.661,0.562,0.566,MEDIUM,SYNTHETIC_DEMO_DATA
1563,Visakhapatnam,17.85188,83.21554,2025-07-09 15:57:12,0.526,0.595,0.506,0.559,MEDIUM,SYNTHETIC_DEMO_DATA
1564,Lakshadweep,10.81571,72.64213,2025-07-09 18:52:03,0.752,0.691,0.584,0.369,MEDIUM,SYNTHETIC_DEMO_DATA
1565,Mumbai Coast,19.03213,72.73849,2025-07-09 21:46:55,0.776,0.66,0.627,0.409,MEDIUM,SYNTHETIC_DEMO_DATA
1566,Kerala Coast,9.83605,76.16938,2025-07-10 00:41:46,0.693,0.699,0.558,0.513,MEDIUM,SYNTHETIC_DEMO_DATA
1567,Lakshadweep,10.61984,72.82629,2025-07-10 03:36:37,0.631,0.778,0.485,0.371,MEDIUM,SYNTHETIC_DEMO_DATA
1568,Gujarat Coast,22.31991,69.76709,2025-07-10 06:31:28,0.723,0.749,0.571,0.416,MEDIUM,SYNTHETIC_DEMO_DATA
1569,Lakshadweep,10.48084,72.49082,2025-07-10 09:26:19,0.791,0.878,0.748,0.29,LOW,SYNTHETIC_DEMO_DATA
1570,Lakshadweep,10.76559,72.92602,2025-07-10 12:21:10,0.845,0.933,0.642,0.27,LOW,SYNTHETIC_DEMO_DATA
1571,Sundarbans,21.99305,89.21364,2025-07-10 15:16:01,0.585,0.657,0.528,0.452,MEDIUM,SYNTHETIC_DEMO_DATA
1572,Chennai Coast,12.45963,80.4476,2025-07-10 18:10:52,0.58,0.594,0.746,0.45,MEDIUM,SYNTHETIC_DEMO_DATA
1573,Goa Coast,15.51935,73.7999,2025-07-10 21:05:43,0.767,0.605,0.743,0.287,LOW,SYNTHETIC_DEMO_DATA
1574,Andaman & Nicobar,11.65179,92.55168,2025-07-11 00:00:34,0.753,0.823,0.611,0.341,MEDIUM,SYNTHETIC_DEMO_DATA
1575,Odisha Coast,20.15647,85.70467,2025-07-11 02:55:25,0.626,0.72,0.597,0.416,MEDIUM,SYNTHETIC_DEMO_DATA
1576,Chennai Coast,13.4521,79.74762,2025-07-11 05:50:16,0.546,0.66,0.662,0.243,LOW,SYNTHETIC_DEMO_DATA
1577,Mumbai Coast,19.08462,73.09361,2025-07-11 08:45:07,0.626,0.546,0.514,0.577,MEDIUM,SYNTHETIC_DEMO_DATA
1578,Goa Coast,15.39756,73.96049,2025-07-11 11:39:58,0.906,0.841,0.783,0.206,LOW,SYNTHETIC_DEMO_DATA
1579,Odisha Coast,19.89241,85.47797,2025-07-11 14:34:49,0.854,0.763,0.643,0.396,MEDIUM,SYNTHETIC_DEMO_DATA
1580,Gujarat Coast,22.36335,69.69834,2025-07-11 17:29:40,0.748,0.777,0.616,0.393,MEDIUM,SYNTHETIC_DEMO_DATA
1581,Visakhapatnam,17.54668,83.61467,2025-07-11 20:24:31,0.799,0.826,0.645,0.356,MEDIUM,SYNTHETIC_DEMO_DATA
1582,Visakhapatnam,17.75988,83.18507,2025-07-11 23:19:23,0.654,0.587,0.522,0.492,MEDIUM,SYNTHETIC_DEMO_DATA
1583,Mumbai Coast,19.12159,72.7106,2025-07-12 02:14:14,0.671,0.743,0.729,0.42,MEDIUM,SYNTHETIC_DEMO_DATA
1584,Kerala Coast,10.24275,76.52321,2025-07-12 05:09:05,0.677,0.694,0.562,0.348,MEDIUM,SYNTHETIC_DEMO_DATA
1585,Gujarat Coast,22.29915,69.78477,2025-07-12 08:03:56,0.613,0.792,0.782,0.246,LOW,SYNTHETIC_DEMO_DATA
1586,Chennai Coast,13.09364,79.95511,2025-07-12 10:58:47,0.483,0.508,0.587,0.496,MEDIUM,SYNTHETIC_DEMO_DATA
1587,Andaman & Nicobar,11.72367,92.56592,2025-07-12 13:53:38,0.611,0.609,0.65,0.448,MEDIUM,SYNTHETIC_DEMO_DATA
1588,Sundarbans,22.11721,89.38415,2025-07-12 16:48:29,0.669,0.634,0.604,0.418,MEDIUM,SYNTHETIC_DEMO_DATA
1589,Andaman & Nicobar,11.8811,92.65981,2025-07-12 19:43:20,0.776,0.708,0.668,0.392,MEDIUM,SYNTHETIC_DEMO_DATA
1590,Sundarbans,21.92114,89.48216,2025-07-12 22:38:11,0.625,0.704,0.73,0.414,MEDIUM,SYNTHETIC_DEMO_DATA
1591,Goa Coast,15.63506,73.52655,2025-07-13 01:33:02,0.544,0.635,0.582,0.429,MEDIUM,SYNTHETIC_DEMO_DATA
1592,Chennai Coast,13.03298,80.50319,2025-07-13 04:27:53,0.563,0.603,0.481,0.442,MEDIUM,SYNTHETIC_DEMO_DATA
1593,Chennai Coast,12.74219,80.02998,2025-07-13 07:22:44,0.678,0.76,0.694,0.322,MEDIUM,SYNTHETIC_DEMO_DATA
1594,Sundarbans,21.85707,89.22806,2025-07-13 10:17:35,0.461,0.838,0.618,0.363,MEDIUM,SYNTHETIC_DEMO_DATA
1595,Goa Coast,15.51037,73.87818,2025-07-13 13:12:26,0.606,0.798,0.613,0.428,MEDIUM,SYNTHETIC_DEMO_DATA
1596,Odisha Coast,20.08203,85.78595,2025-07-13 16:07:17,0.569,0.672,0.51,0.582,MEDIUM,SYNTHETIC_DEMO_DATA
1597,Gujarat Coast,22.7136,69.33386,2025-07-13 19:02:08,0.595,0.577,0.785,0.331,MEDIUM,SYNTHETIC_DEMO_DATA
1598,Goa Coast,15.69931,73.80594,2025-07-13 21:56:59,0.705,0.644,0.61,0.401,MEDIUM,SYNTHETIC_DEMO_DATA
1599,Andaman & Nicobar,11.9218,92.95253,2025-07-14 00:51:51,0.692,0.695,0.659,0.459,MEDIUM,SYNTHETIC_DEMO_DATA
1600,Goa Coast,15.40205,73.87051,2025-07-14 03:46:42,0.803,0.556,0.529,0.507,MEDIUM,SYNTHETIC_DEMO_DATA
1601,Chennai Coast,13.14358,80.11445,2025-07-14 06:41:33,0.768,0.723,0.622,0.418,MEDIUM,SYNTHETIC_DEMO_DATA
1602,Goa Coast,15.56414,73.60463,2025-07-14 09:36:24,0.633,0.623,0.664,0.428,MEDIUM,SYNTHETIC_DEMO_DATA
1603,Andaman & Nicobar,11.99415,92.62647,2025-07-14 12:31:15,0.671,0.45,0.532,0.544,MEDIUM,SYNTHETIC_DEMO_DATA
1604,Chennai Coast,13.01654,80.22046,2025-07-14 15:26:06,0.692,0.765,0.677,0.36,MEDIUM,SYNTHETIC_DEMO_DATA
1605,Odisha Coast,20.00728,85.49221,2025-07-14 18:20:57,0.787,0.606,0.586,0.652,HIGH,SYNTHETIC_DEMO_DATA
1606,Andaman & Nicobar,11.70843,92.66519,2025-07-14 21:15:48,0.665,0.663,0.744,0.241,LOW,SYNTHETIC_DEMO_DATA
1607,Odisha Coast,19.58724,85.91278,2025-07-15 00:10:39,0.656,0.639,0.623,0.494,MEDIUM,SYNTHETIC_DEMO_DATA
1608,Mumbai Coast,19.07422,72.68468,2025-07-15 03:05:30,0.985,0.702,0.65,0.408,MEDIUM,SYNTHETIC_DEMO_DATA
1609,Visakhapatnam,17.86922,83.49168,2025-07-15 06:00:21,0.816,0.615,0.539,0.476,MEDIUM,SYNTHETIC_DEMO_DATA
1610,Odisha Coast,19.86666,85.96594,2025-07-15 08:55:12,0.705,0.759,0.487,0.433,MEDIUM,SYNTHETIC_DEMO_DATA
1611,Goa Coast,15.38634,73.88035,2025-07-15 11:50:03,0.667,0.777,0.696,0.261,LOW,SYNTHETIC_DEMO_DATA
1612,Odisha Coast,19.91157,85.83816,2025-07-15 14:44:54,0.691,0.504,0.546,0.581,MEDIUM,SYNTHETIC_DEMO_DATA
1613,Gujarat Coast,22.29726,69.06303,2025-07-15 17:39:45,0.487,0.795,0.797,0.28,LOW,SYNTHETIC_DEMO_DATA
1614,Gujarat Coast,22.39244,69.53478,2025-07-15 20:34:36,0.6,0.896,0.766,0.231,LOW,SYNTHETIC_DEMO_DATA
1615,Sundarbans,22.41389,88.99432,2025-07-15 23:29:27,0.713,0.732,0.604,0.494,MEDIUM,SYNTHETIC_DEMO_DATA
1616,Odisha Coast,19.77788,86.11292,2025-07-16 02:24:19,0.732,0.675,0.753,0.304,MEDIUM,SYNTHETIC_DEMO_DATA
1617,Goa Coast,15.33169,74.24061,2025-07-16 05:19:10,0.765,0.693,0.649,0.45,MEDIUM,SYNTHETIC_DEMO_DATA
1618,Mumbai Coast,18.88334,73.11445,2025-07-16 08:14:01,0.665,0.712,0.567,0.298,LOW,SYNTHETIC_DEMO_DATA
1619,Odisha Coast,19.70609,86.2516,2025-07-16 11:08:52,0.882,0.742,0.504,0.402,MEDIUM,SYNTHETIC_DEMO_DATA
1620,Lakshadweep,10.54632,72.59179,2025-07-16 14:03:43,0.594,0.534,0.683,0.332,MEDIUM,SYNTHETIC_DEMO_DATA
1621,Visakhapatnam,17.8702,83.51472,2025-07-16 16:58:34,0.724,0.548,0.706,0.336,MEDIUM,SYNTHETIC_DEMO_DATA
1622,Sundarbans,21.90027,89.04177,2025-07-16 19:53:25,0.79,0.744,0.652,0.409,MEDIUM,SYNTHETIC_DEMO_DATA
1623,Lakshadweep,10.38297,72.36276,2025-07-16 22:48:16,0.488,0.599,0.571,0.648,HIGH,SYNTHETIC_DEMO_DATA
1624,Sundarbans,21.86248,88.95298,2025-07-17 01:43:07,0.747,0.614,0.675,0.397,MEDIUM,SYNTHETIC_DEMO_DATA
1625,Mumbai Coast,19.06509,72.61082,2025-07-17 04:37:58,0.821,0.79,0.73,0.362,MEDIUM,SYNTHETIC_DEMO_DATA
1626,Lakshadweep,10.8872,72.41706,2025-07-17 07:32:49,0.67,0.61,0.614,0.49,MEDIUM,SYNTHETIC_DEMO_DATA
1627,Mumbai Coast,18.68446,72.60792,2025-07-17 10:27:40,0.837,0.675,0.667,0.449,MEDIUM,SYNTHETIC_DEMO_DATA
1628,Mumbai Coast,19.19933,72.62055,2025-07-17 13:22:31,0.895,0.826,0.647,0.452,MEDIUM,SYNTHETIC_DEMO_DATA
1629,Chennai Coast,12.90016,80.40352,2025-07-17 16:17:22,0.758,0.771,0.682,0.313,MEDIUM,SYNTHETIC_DEMO_DATA
1630,Odisha Coast,19.66889,85.65492,2025-07-17 19:12:13,0.769,0.706,0.588,0.439,MEDIUM,SYNTHETIC_DEMO_DATA
1631,Mumbai Coast,18.86184,72.7252,2025-07-17 22:07:04,0.703,0.598,0.566,0.538,MEDIUM,SYNTHETIC_DEMO_DATA
1632,Andaman & Nicobar,11.68076,92.66899,2025-07-18 01:01:55,0.795,0.731,0.748,0.252,LOW,SYNTHETIC_DEMO_DATA
1633,Sundarbans,21.92981,89.23465,2025-07-18 03:56:47,0.586,0.659,0.534,0.413,MEDIUM,SYNTHETIC_DEMO_DATA
1634,Andaman & Nicobar,11.60215,92.53365,2025-07-18 06:51:38,0.858,0.816,0.662,0.343,MEDIUM,SYNTHETIC_DEMO_DATA
1635,Kerala Coast,9.88289,76.14652,2025-07-18 09:46:29,0.697,0.629,0.646,0.318,MEDIUM,SYNTHETIC_DEMO_DATA
1636,Mumbai Coast,18.90036,72.70474,2025-07-18 12:41:20,0.657,0.608,0.618,0.528,MEDIUM,SYNTHETIC_DEMO_DATA
1637,Odisha Coast,19.91676,85.92497,2025-07-18 15:36:11,0.697,0.727,0.62,0.423,MEDIUM,SYNTHETIC_DEMO_DATA
1638,Gujarat Coast,22.12414,69.62005,2025-07-18 18:31:02,0.54,0.781,0.588,0.372,MEDIUM,SYNTHETIC_DEMO_DATA
1639,Odisha Coast,19.73429,85.79105,2025-07-18 21:25:53,0.649,0.68,0.709,0.424,MEDIUM,SYNTHETIC_DEMO_DATA
1640,Visakhapatnam,17.8151,83.24586,2025-07-19 00:20:44,0.78,0.633,0.603,0.589,MEDIUM,SYNTHETIC_DEMO_DATA
1641,Goa Coast,15.25298,74.14777,2025-07-19 03:15:35,0.81,0.569,0.706,0.371,MEDIUM,SYNTHETIC_DEMO_DATA
1642,Sundarbans,22.36897,89.17711,2025-07-19 06:10:26,0.842,0.672,0.616,0.51,MEDIUM,SYNTHETIC_DEMO_DATA
1643,Kerala Coast,9.68834,76.40447,2025-07-19 09:05:17,0.781,0.608,0.686,0.295,LOW,SYNTHETIC_DEMO_DATA
1644,Mumbai Coast,18.67997,72.90273,2025-07-19 12:00:08,0.707,0.744,0.646,0.409,MEDIUM,SYNTHETIC_DEMO_DATA
1645,Odisha Coast,19.70622,86.01506,2025-07-19 14:54:59,0.533,0.665,0.634,0.362,MEDIUM,SYNTHETIC_DEMO_DATA
1646,Visakhapatnam,17.77053,83.34439,2025-07-19 17:49:50,0.667,0.735,0.696,0.399,MEDIUM,SYNTHETIC_DEMO_DATA
1647,Chennai Coast,13.23527,79.62265,2025-07-19 20:44:41,0.666,0.543,0.501,0.457,MEDIUM,SYNTHETIC_DEMO_DATA
1648,Gujarat Coast,22.2106,69.62685,2025-07-19 23:39:32,0.43,0.643,0.577,0.308,MEDIUM,SYNTHETIC_DEMO_DATA
1649,Lakshadweep,10.72841,72.73466,2025-07-20 02:34:23,0.616,0.75,0.745,0.298,LOW,SYNTHETIC_DEMO_DATA
1650,Andaman & Nicobar,11.66917,92.69488,2025-07-20 05:29:14,0.704,0.848,0.508,0.553,MEDIUM,SYNTHETIC_DEMO_DATA
1651,Odisha Coast,20.07845,86.08749,2025-07-20 08:24:06,0.909,0.827,0.698,0.324,MEDIUM,SYNTHETIC_DEMO_DATA
1652,Sundarbans,22.16867,89.25563,2025-07-20 11:18:57,0.836,0.749,0.513,0.452,MEDIUM,SYNTHETIC_DEMO_DATA
1653,Sundarbans,21.88933,89.09714,2025-07-20 14:13:48,0.611,0.466,0.559,0.693,HIGH,SYNTHETIC_DEMO_DATA
1654,Mumbai Coast,18.91427,72.84408,2025-07-20 17:08:39,0.528,0.573,0.685,0.258,LOW,SYNTHETIC_DEMO_DATA
1655,Odisha Coast,19.84577,85.76274,2025-07-20 20:03:30,0.913,0.674,0.627,0.486,MEDIUM,SYNTHETIC_DEMO_DATA
1656,Visakhapatnam,17.59114,83.25727,2025-07-20 22:58:21,0.684,0.631,0.438,0.521,MEDIUM,SYNTHETIC_DEMO_DATA
1657,Andaman & Nicobar,11.41583,93.00246,2025-07-21 01:53:12,0.648,0.568,0.492,0.539,MEDIUM,SYNTHETIC_DEMO_DATA
1658,Andaman & Nicobar,11.53983,92.63343,2025-07-21 04:48:03,0.65,0.729,0.562,0.48,MEDIUM,SYNTHETIC_DEMO_DATA
1659,Andaman & Nicobar,11.47665,92.63748,2025-07-21 07:42:54,0.816,0.688,0.674,0.237,LOW,SYNTHETIC_DEMO_DATA
1660,Visakhapatnam,17.77959,83.49621,2025-07-21 10:37:45,0.82,0.808,0.578,0.497,MEDIUM,SYNTHETIC_DEMO_DATA
1661,Gujarat Coast,22.31245,69.57035,2025-07-21 13:32:36,0.576,0.745,0.485,0.433,MEDIUM,SYNTHETIC_DEMO_DATA
1662,Gujarat Coast,22.41021,69.49063,2025-07-21 16:27:27,0.529,0.764,0.617,0.38,MEDIUM,SYNTHETIC_DEMO_DATA
1663,Odisha Coast,19.54279,85.83563,2025-07-21 19:22:18,0.797,0.755,0.693,0.366,MEDIUM,SYNTHETIC_DEMO_DATA
1664,Mumbai Coast,19.1101,72.97859,2025-07-21 22:17:09,0.564,0.526,0.51,0.67,HIGH,SYNTHETIC_DEMO_DATA
1665,Mumbai Coast,19.08841,73.11446,2025-07-22 01:12:00,0.643,0.811,0.601,0.369,MEDIUM,SYNTHETIC_DEMO_DATA
1666,Chennai Coast,13.58357,80.12769,2025-07-22 04:06:51,0.427,0.424,0.505,0.592,MEDIUM,SYNTHETIC_DEMO_DATA
1667,Goa Coast,15.5355,74.09791,2025-07-22 07:01:42,0.766,0.762,0.702,0.265,LOW,SYNTHETIC_DEMO_DATA
1668,Gujarat Coast,22.57436,69.23686,2025-07-22 09:56:34,0.843,0.722,0.62,0.371,MEDIUM,SYNTHETIC_DEMO_DATA
1669,Mumbai Coast,19.01091,72.69723,2025-07-22 12:51:25,0.714,0.663,0.713,0.379,MEDIUM,SYNTHETIC_DEMO_DATA
1670,Goa Coast,15.39126,73.7643,2025-07-22 15:46:16,0.689,0.765,0.562,0.462,MEDIUM,SYNTHETIC_DEMO_DATA
1671,Goa Coast,15.54493,73.6728,2025-07-22 18:41:07,0.653,0.641,0.678,0.296,LOW,SYNTHETIC_DEMO_DATA
1672,Mumbai Coast,18.48201,72.95868,2025-07-22 21:35:58,0.705,0.655,0.419,0.635,HIGH,SYNTHETIC_DEMO_DATA
1673,Visakhapatnam,17.69444,82.97986,2025-07-23 00:30:49,0.609,0.752,0.705,0.312,MEDIUM,SYNTHETIC_DEMO_DATA
1674,Goa Coast,15.35678,74.00055,2025-07-23 03:25:40,0.809,0.684,0.421,0.608,HIGH,SYNTHETIC_DEMO_DATA
1675,Goa Coast,15.17256,73.68969,2025-07-23 06:20:31,0.746,0.84,0.671,0.228,LOW,SYNTHETIC_DEMO_DATA
1676,Lakshadweep,10.58466,72.46957,2025-07-23 09:15:22,0.429,0.645,0.703,0.296,LOW,SYNTHETIC_DEMO_DATA
1677,Odisha Coast,19.81423,85.81783,2025-07-23 12:10:13,0.722,0.796,0.666,0.461,MEDIUM,SYNTHETIC_DEMO_DATA
1678,Kerala Coast,9.81158,76.01292,2025-07-23 15:05:04,0.934,0.83,0.58,0.396,MEDIUM,SYNTHETIC_DEMO_DATA
1679,Lakshadweep,10.32591,72.50601,2025-07-23 17:59:55,0.646,0.737,0.733,0.275,LOW,SYNTHETIC_DEMO_DATA
1680,Mumbai Coast,19.1608,73.0349,2025-07-23 20:54:46,0.796,0.887,0.699,0.267,LOW,SYNTHETIC_DEMO_DATA
1681,Lakshadweep,10.77926,72.73407,2025-07-23 23:49:37,0.548,0.688,0.694,0.326,MEDIUM,SYNTHETIC_DEMO_DATA
1682,Sundarbans,21.74259,89.17826,2025-07-24 02:44:28,0.824,0.592,0.614,0.478,MEDIUM,SYNTHETIC_DEMO_DATA
1683,Sundarbans,21.78622,89.57101,2025-07-24 05:39:19,0.694,0.732,0.766,0.482,MEDIUM,SYNTHETIC_DEMO_DATA
1684,Goa Coast,15.58267,73.80792,2025-07-24 08:34:10,0.706,0.625,0.518,0.557,MEDIUM,SYNTHETIC_DEMO_DATA
1685,Chennai Coast,13.22994,80.17877,2025-07-24 11:29:02,0.7,0.775,0.65,0.418,MEDIUM,SYNTHETIC_DEMO_DATA
1686,Mumbai Coast,19.10115,72.90195,2025-07-24 14:23:53,0.818,0.688,0.475,0.622,HIGH,SYNTHETIC_DEMO_DATA
1687,Kerala Coast,9.68912,76.53239,2025-07-24 17:18:44,0.831,0.787,0.675,0.39,MEDIUM,SYNTHETIC_DEMO_DATA
1688,Kerala Coast,9.84597,76.28169,2025-07-24 20:13:35,0.634,0.662,0.623,0.34,MEDIUM,SYNTHETIC_DEMO_DATA
1689,Lakshadweep,10.46771,72.67206,2025-07-24 23:08:26,0.751,0.638,0.594,0.411,MEDIUM,SYNTHETIC_DEMO_DATA
1690,Sundarbans,21.92081,89.29929,2025-07-25 02:03:17,0.639,0.573,0.532,0.553,MEDIUM,SYNTHETIC_DEMO_DATA
1691,Goa Coast,15.77392,73.94569,2025-07-25 04:58:08,0.455,0.548,0.55,0.425,MEDIUM,SYNTHETIC_DEMO_DATA
1692,Andaman & Nicobar,11.99612,92.66255,2025-07-25 07:52:59,0.738,0.712,0.643,0.316,MEDIUM,SYNTHETIC_DEMO_DATA
1693,Gujarat Coast,22.26194,69.60945,2025-07-25 10:47:50,0.761,0.586,0.593,0.484,MEDIUM,SYNTHETIC_DEMO_DATA
1694,Chennai Coast,13.08389,80.25972,2025-07-25 13:42:41,0.731,0.672,0.585,0.35,MEDIUM,SYNTHETIC_DEMO_DATA
1695,Odisha Coast,19.68544,85.67057,2025-07-25 16:37:32,0.75,0.881,0.741,0.41,MEDIUM,SYNTHETIC_DEMO_DATA
1696,Gujarat Coast,22.15834,69.48989,2025-07-25 19:32:23,0.53,0.533,0.617,0.338,MEDIUM,SYNTHETIC_DEMO_DATA
1697,Kerala Coast,10.11617,76.4257,2025-07-25 22:27:14,0.9,0.48,0.573,0.652,HIGH,SYNTHETIC_DEMO_DATA
1698,Odisha Coast,19.55582,85.9029,2025-07-26 01:22:05,0.721,0.612,0.486,0.45,MEDIUM,SYNTHETIC_DEMO_DATA
1699,Chennai Coast,12.95316,80.29154,2025-07-26 04:16:56,0.614,0.501,0.516,0.632,HIGH,SYNTHETIC_DEMO_DATA
1700,Lakshadweep,10.54004,72.62071,2025-07-26 07:11:47,0.675,0.856,0.686,0.273,LOW,SYNTHETIC_DEMO_DATA
1701,Visakhapatnam,17.80103,83.13039,2025-07-26 10:06:38,0.759,0.671,0.671,0.405,MEDIUM,SYNTHETIC_DEMO_DATA
1702,Odisha Coast,20.00437,85.79996,2025-07-26 13:01:30,0.516,0.652,0.728,0.246,LOW,SYNTHETIC_DEMO_DATA
1703,Gujarat Coast,22.45898,69.52354,2025-07-26 15:56:21,0.538,0.709,0.594,0.402,MEDIUM,SYNTHETIC_DEMO_DATA
1704,Odisha Coast,19.94096,85.88553,2025-07-26 18:51:12,0.619,0.511,0.309,0.768,HIGH,SYNTHETIC_DEMO_DATA
1705,Lakshadweep,10.43403,72.54484,2025-07-26 21:46:03,0.675,0.573,0.339,0.502,MEDIUM,SYNTHETIC_DEMO_DATA
1706,Andaman & Nicobar,11.48434,92.91177,2025-07-27 00:40:54,0.722,0.683,0.673,0.269,LOW,SYNTHETIC_DEMO_DATA
1707,Lakshadweep,10.64502,72.62431,2025-07-27 03:35:45,0.68,0.681,0.535,0.558,MEDIUM,SYNTHETIC_DEMO_DATA
1708,Lakshadweep,10.75047,72.61922,2025-07-27 06:30:36,0.703,0.744,0.732,0.342,MEDIUM,SYNTHETIC_DEMO_DATA
1709,Visakhapatnam,17.39887,83.40426,2025-07-27 09:25:27,0.682,0.644,0.627,0.362,MEDIUM,SYNTHETIC_DEMO_DATA
1710,Visakhapatnam,17.41832,82.9848,2025-07-27 12:20:18,0.746,0.54,0.548,0.545,MEDIUM,SYNTHETIC_DEMO_DATA
1711,Chennai Coast,13.50655,79.99867,2025-07-27 15:15:09,0.591,0.668,0.581,0.456,MEDIUM,SYNTHETIC_DEMO_DATA
1712,Kerala Coast,10.1014,76.45807,2025-07-27 18:10:00,0.804,0.64,0.47,0.59,MEDIUM,SYNTHETIC_DEMO_DATA
1713,Andaman & Nicobar,11.96356,92.84646,2025-07-27 21:04:51,1.0,0.707,0.551,0.547,MEDIUM,SYNTHETIC_DEMO_DATA
1714,Goa Coast,15.47329,73.72515,2025-07-27 23:59:42,0.599,0.707,0.648,0.432,MEDIUM,SYNTHETIC_DEMO_DATA
1715,Gujarat Coast,22.37529,69.67912,2025-07-28 02:54:33,0.718,0.746,0.719,0.271,LOW,SYNTHETIC_DEMO_DATA
1716,Andaman & Nicobar,11.95298,92.94779,2025-07-28 05:49:24,0.572,0.608,0.694,0.255,LOW,SYNTHETIC_DEMO_DATA
1717,Gujarat Coast,22.10409,69.49611,2025-07-28 08:44:15,0.658,0.66,0.509,0.437,MEDIUM,SYNTHETIC_DEMO_DATA
1718,Chennai Coast,12.83794,80.1396,2025-07-28 11:39:06,0.647,0.526,0.589,0.444,MEDIUM,SYNTHETIC_DEMO_DATA
1719,Kerala Coast,9.80614,76.20137,2025-07-28 14:33:58,0.933,0.826,0.728,0.352,MEDIUM,SYNTHETIC_DEMO_DATA
1720,Mumbai Coast,18.81194,72.56841,2025-07-28 17:28:49,0.726,0.488,0.735,0.29,LOW,SYNTHETIC_DEMO_DATA
1721,Sundarbans,22.09497,88.78066,2025-07-28 20:23:40,0.596,0.555,0.503,0.726,HIGH,SYNTHETIC_DEMO_DATA
1722,Goa Coast,15.44767,73.41725,2025-07-28 23:18:31,0.818,0.681,0.605,0.559,MEDIUM,SYNTHETIC_DEMO_DATA
1723,Gujarat Coast,22.41462,69.60982,2025-07-29 02:13:22,0.795,0.828,0.553,0.416,MEDIUM,SYNTHETIC_DEMO_DATA
1724,Goa Coast,15.88915,74.10259,2025-07-29 05:08:13,0.839,0.659,0.599,0.43,MEDIUM,SYNTHETIC_DEMO_DATA
1725,Mumbai Coast,18.80688,72.60488,2025-07-29 08:03:04,0.783,0.671,0.573,0.563,MEDIUM,SYNTHETIC_DEMO_DATA
1726,Goa Coast,15.2949,74.03703,2025-07-29 10:57:55,0.768,0.711,0.715,0.366,MEDIUM,SYNTHETIC_DEMO_DATA
1727,Lakshadweep,10.8557,72.63665,2025-07-29 13:52:46,0.785,0.695,0.656,0.419,MEDIUM,SYNTHETIC_DEMO_DATA
1728,Mumbai Coast,18.72956,72.79949,2025-07-29 16:47:37,0.703,0.678,0.583,0.495,MEDIUM,SYNTHETIC_DEMO_DATA
1729,Kerala Coast,9.89123,75.76205,2025-07-29 19:42:28,0.701,0.596,0.441,0.604,HIGH,SYNTHETIC_DEMO_DATA
1730,Odisha Coast,19.69128,85.6455,2025-07-29 22:37:19,0.628,0.559,0.513,0.663,HIGH,SYNTHETIC_DEMO_DATA
1731,Goa Coast,15.6537,74.04734,2025-07-30 01:32:10,0.764,0.86,0.689,0.267,LOW,SYNTHETIC_DEMO_DATA
1732,Lakshadweep,10.66735,72.5542,2025-07-30 04:27:01,0.602,0.55,0.482,0.561,MEDIUM,SYNTHETIC_DEMO_DATA
1733,Gujarat Coast,22.30646,69.43398,2025-07-30 07:21:52,0.612,0.741,0.737,0.41,MEDIUM,SYNTHETIC_DEMO_DATA
1734,Andaman & Nicobar,11.47634,92.43843,2025-07-30 10:16:43,0.587,0.699,0.606,0.29,LOW,SYNTHETIC_DEMO_DATA
1735,Andaman & Nicobar,12.09547,92.59171,2025-07-30 13:11:34,0.688,0.508,0.612,0.484,MEDIUM,SYNTHETIC_DEMO_DATA
1736,Goa Coast,15.79814,73.69346,2025-07-30 16:06:25,0.882,0.795,0.606,0.319,MEDIUM,SYNTHETIC_DEMO_DATA
1737,Mumbai Coast,19.1501,72.97574,2025-07-30 19:01:17,0.729,0.63,0.443,0.457,MEDIUM,SYNTHETIC_DEMO_DATA
1738,Sundarbans,22.01284,89.3917,2025-07-30 21:56:08,0.779,0.596,0.707,0.47,MEDIUM,SYNTHETIC_DEMO_DATA
1739,Sundarbans,21.99405,89.34105,2025-07-31 00:50:59,0.746,0.628,0.59,0.541,MEDIUM,SYNTHETIC_DEMO_DATA
1740,Visakhapatnam,18.14153,83.45825,2025-07-31 03:45:50,0.921,0.493,0.411,0.705,HIGH,SYNTHETIC_DEMO_DATA
1741,Kerala Coast,10.20969,76.53985,2025-07-31 06:40:41,0.936,0.81,0.601,0.569,MEDIUM,SYNTHETIC_DEMO_DATA
1742,Goa Coast,15.16255,73.95543,2025-07-31 09:35:32,0.807,0.741,0.511,0.52,MEDIUM,SYNTHETIC_DEMO_DATA
1743,Kerala Coast,9.71037,76.24786,2025-07-31 12:30:23,0.657,0.751,0.694,0.328,MEDIUM,SYNTHETIC_DEMO_DATA
1744,Sundarbans,21.67477,89.10694,2025-07-31 15:25:14,0.962,0.896,0.774,0.335,MEDIUM,SYNTHETIC_DEMO_DATA
1745,Visakhapatnam,17.68596,83.15723,2025-07-31 18:20:05,0.743,0.832,0.624,0.383,MEDIUM,SYNTHETIC_DEMO_DATA
1746,Lakshadweep,10.28367,72.75805,2025-07-31 21:14:56,0.631,0.564,0.472,0.682,HIGH,SYNTHETIC_DEMO_DATA
1747,Lakshadweep,10.71322,72.48297,2025-08-01 00:09:47,0.428,0.556,0.652,0.471,MEDIUM,SYNTHETIC_DEMO_DATA
1748,Chennai Coast,13.10021,80.37159,2025-08-01 03:04:38,0.59,0.634,0.678,0.323,MEDIUM,SYNTHETIC_DEMO_DATA
1749,Andaman & Nicobar,11.64678,92.74647,2025-08-01 05:59:29,0.678,0.539,0.756,0.329,MEDIUM,SYNTHETIC_DEMO_DATA
1750,Goa Coast,15.3288,73.70802,2025-08-01 08:54:20,0.683,0.741,0.654,0.31,MEDIUM,SYNTHETIC_DEMO_DATA
1751,Lakshadweep,10.32568,72.64485,2025-08-01 11:49:11,0.698,0.585,0.713,0.254,LOW,SYNTHETIC_DEMO_DATA
1752,Andaman & Nicobar,11.87866,92.56498,2025-08-01 14:44:02,0.568,0.729,0.634,0.346,MEDIUM,SYNTHETIC_DEMO_DATA
1753,Gujarat Coast,22.10488,69.7063,2025-08-01 17:38:53,0.688,0.703,0.586,0.524,MEDIUM,SYNTHETIC_DEMO_DATA
1754,Chennai Coast,13.16417,80.42616,2025-08-01 20:33:45,0.639,0.684,0.632,0.479,MEDIUM,SYNTHETIC_DEMO_DATA
1755,Gujarat Coast,22.28604,69.87528,2025-08-01 23:28:36,0.605,0.697,0.652,0.393,MEDIUM,SYNTHETIC_DEMO_DATA
1756,Chennai Coast,12.88818,80.56091,2025-08-02 02:23:27,0.606,0.568,0.616,0.432,MEDIUM,SYNTHETIC_DEMO_DATA
1757,Chennai Coast,12.99734,80.40805,2025-08-02 05:18:18,0.644,0.509,0.42,0.651,HIGH,SYNTHETIC_DEMO_DATA
1758,Gujarat Coast,21.96833,69.91149,2025-08-02 08:13:09,0.746,0.694,0.666,0.435,MEDIUM,SYNTHETIC_DEMO_DATA
1759,Mumbai Coast,18.45987,72.79965,2025-08-02 11:08:00,0.814,0.82,0.668,0.461,MEDIUM,SYNTHETIC_DEMO_DATA
1760,Mumbai Coast,18.63757,72.85827,2025-08-02 14:02:51,0.48,0.617,0.644,0.441,MEDIUM,SYNTHETIC_DEMO_DATA
1761,Chennai Coast,12.84044,80.11104,2025-08-02 16:57:42,0.75,0.582,0.603,0.645,HIGH,SYNTHETIC_DEMO_DATA
1762,Kerala Coast,10.23804,76.21688,2025-08-02 19:52:33,0.66,0.739,0.701,0.368,MEDIUM,SYNTHETIC_DEMO_DATA
1763,Sundarbans,21.93546,89.27672,2025-08-02 22:47:24,0.914,0.823,0.682,0.388,MEDIUM,SYNTHETIC_DEMO_DATA
1764,Gujarat Coast,22.19658,69.59758,2025-08-03 01:42:15,0.693,0.63,0.437,0.859,CRITICAL,SYNTHETIC_DEMO_DATA
1765,Mumbai Coast,18.93473,73.22939,2025-08-03 04:37:06,0.59,0.688,0.707,0.407,MEDIUM,SYNTHETIC_DEMO_DATA
1766,Lakshadweep,10.51641,72.74186,2025-08-03 07:31:57,0.697,0.774,0.567,0.34,MEDIUM,SYNTHETIC_DEMO_DATA
1767,Mumbai Coast,19.04418,72.61541,2025-08-03 10:26:48,0.679,0.767,0.587,0.371,MEDIUM,SYNTHETIC_DEMO_DATA
1768,Kerala Coast,10.22362,76.30458,2025-08-03 13:21:39,0.739,0.646,0.651,0.387,MEDIUM,SYNTHETIC_DEMO_DATA
1769,Sundarbans,22.19996,89.18962,2025-08-03 16:16:30,0.756,0.664,0.556,0.461,MEDIUM,SYNTHETIC_DEMO_DATA
1770,Odisha Coast,19.90276,86.10706,2025-08-03 19:11:21,0.661,0.568,0.742,0.469,MEDIUM,SYNTHETIC_DEMO_DATA
1771,Chennai Coast,12.97211,80.16015,2025-08-03 22:06:13,0.669,0.678,0.501,0.641,HIGH,SYNTHETIC_DEMO_DATA
1772,Chennai Coast,13.10007,80.48953,2025-08-04 01:01:04,0.749,0.591,0.532,0.469,MEDIUM,SYNTHETIC_DEMO_DATA
1773,Chennai Coast,12.68946,80.63608,2025-08-04 03:55:55,0.551,0.652,0.56,0.376,MEDIUM,SYNTHETIC_DEMO_DATA
1774,Chennai Coast,13.18427,80.38367,2025-08-04 06:50:46,0.871,0.716,0.516,0.438,MEDIUM,SYNTHETIC_DEMO_DATA
1775,Goa Coast,15.33862,73.90608,2025-08-04 09:45:37,0.787,0.786,0.734,0.364,MEDIUM,SYNTHETIC_DEMO_DATA
1776,Odisha Coast,19.6502,85.9992,2025-08-04 12:40:28,0.718,0.675,0.579,0.622,HIGH,SYNTHETIC_DEMO_DATA
1777,Chennai Coast,13.24247,80.41746,2025-08-04 15:35:19,0.72,0.564,0.589,0.487,MEDIUM,SYNTHETIC_DEMO_DATA
1778,Odisha Coast,19.84237,85.72184,2025-08-04 18:30:10,1.0,0.544,0.399,0.784,HIGH,SYNTHETIC_DEMO_DATA
1779,Chennai Coast,13.24577,80.40152,2025-08-04 21:25:01,0.602,0.511,0.619,0.525,MEDIUM,SYNTHETIC_DEMO_DATA
1780,Gujarat Coast,22.14541,69.63766,2025-08-05 00:19:52,0.498,0.629,0.611,0.438,MEDIUM,SYNTHETIC_DEMO_DATA
1781,Sundarbans,21.96524,88.89814,2025-08-05 03:14:43,0.661,0.689,0.562,0.453,MEDIUM,SYNTHETIC_DEMO_DATA
1782,Chennai Coast,13.11278,80.18723,2025-08-05 06:09:34,0.512,0.662,0.709,0.305,MEDIUM,SYNTHETIC_DEMO_DATA
1783,Sundarbans,21.99347,89.50439,2025-08-05 09:04:25,0.917,0.883,0.571,0.401,MEDIUM,SYNTHETIC_DEMO_DATA
1784,Lakshadweep,10.61947,72.93054,2025-08-05 11:59:16,0.65,0.683,0.557,0.378,MEDIUM,SYNTHETIC_DEMO_DATA
1785,Goa Coast,15.29343,73.9149,2025-08-05 14:54:07,0.71,0.708,0.673,0.28,LOW,SYNTHETIC_DEMO_DATA
1786,Visakhapatnam,17.61895,83.10349,2025-08-05 17:48:58,0.511,0.684,0.582,0.438,MEDIUM,SYNTHETIC_DEMO_DATA
1787,Odisha Coast,19.52357,85.68614,2025-08-05 20:43:49,0.716,0.725,0.549,0.431,MEDIUM,SYNTHETIC_DEMO_DATA
1788,Sundarbans,21.78992,89.01556,2025-08-05 23:38:41,0.627,0.533,0.759,0.367,MEDIUM,SYNTHETIC_DEMO_DATA
1789,Kerala Coast,9.89656,76.44662,2025-08-06 02:33:32,0.799,0.7,0.484,0.573,MEDIUM,SYNTHETIC_DEMO_DATA
1790,Goa Coast,15.17997,73.86896,2025-08-06 05:28:23,0.645,0.622,0.649,0.408,MEDIUM,SYNTHETIC_DEMO_DATA
1791,Mumbai Coast,18.86055,73.02487,2025-08-06 08:23:14,0.639,0.668,0.737,0.357,MEDIUM,SYNTHETIC_DEMO_DATA
1792,Andaman & Nicobar,11.67597,92.76583,2025-08-06 11:18:05,0.774,0.646,0.617,0.39,MEDIUM,SYNTHETIC_DEMO_DATA
1793,Chennai Coast,13.28069,80.53829,2025-08-06 14:12:56,0.525,0.822,0.813,0.337,MEDIUM,SYNTHETIC_DEMO_DATA
1794,Visakhapatnam,17.33102,83.55474,2025-08-06 17:07:47,0.781,0.462,0.543,0.608,HIGH,SYNTHETIC_DEMO_DATA
1795,Kerala Coast,9.78731,76.16933,2025-08-06 20:02:38,0.984,0.573,0.645,0.547,MEDIUM,SYNTHETIC_DEMO_DATA
1796,Visakhapatnam,17.85504,83.31877,2025-08-06 22:57:29,0.654,0.685,0.548,0.463,MEDIUM,SYNTHETIC_DEMO_DATA
1797,Lakshadweep,10.8386,72.66854,2025-08-07 01:52:20,0.645,0.65,0.724,0.317,MEDIUM,SYNTHETIC_DEMO_DATA
1798,Odisha Coast,19.58697,86.01752,2025-08-07 04:47:11,0.521,0.736,0.854,0.224,LOW,SYNTHETIC_DEMO_DATA
1799,Kerala Coast,9.81289,76.05786,2025-08-07 07:42:02,0.837,0.618,0.494,0.555,MEDIUM,SYNTHETIC_DEMO_DATA
1800,Mumbai Coast,18.55166,72.76659,2025-08-07 10:36:53,0.977,0.617,0.638,0.367,MEDIUM,SYNTHETIC_DEMO_DATA
1801,Sundarbans,21.88208,88.84905,2025-08-07 13:31:44,0.89,0.597,0.592,0.415,MEDIUM,SYNTHETIC_DEMO_DATA
1802,Kerala Coast,9.99643,76.59599,2025-08-07 16:26:35,0.839,0.738,0.658,0.409,MEDIUM,SYNTHETIC_DEMO_DATA
1803,Kerala Coast,9.7509,75.95999,2025-08-07 19:21:26,0.867,0.67,0.496,0.573,MEDIUM,SYNTHETIC_DEMO_DATA
1804,Visakhapatnam,18.23047,83.45797,2025-08-07 22:16:17,0.689,0.694,0.646,0.368,MEDIUM,SYNTHETIC_DEMO_DATA
1805,Odisha Coast,19.59646,85.51868,2025-08-08 01:11:09,0.724,0.807,0.618,0.326,MEDIUM,SYNTHETIC_DEMO_DATA
1806,Sundarbans,21.84068,89.23053,2025-08-08 04:06:00,0.862,0.702,0.626,0.485,MEDIUM,SYNTHETIC_DEMO_DATA
1807,Sundarbans,21.98416,88.86941,2025-08-08 07:00:51,0.775,0.83,0.621,0.517,MEDIUM,SYNTHETIC_DEMO_DATA
1808,Kerala Coast,9.86781,76.18438,2025-08-08 09:55:42,0.691,0.678,0.5,0.508,MEDIUM,SYNTHETIC_DEMO_DATA
1809,Sundarbans,22.23679,88.82189,2025-08-08 12:50:33,0.87,0.778,0.444,0.522,MEDIUM,SYNTHETIC_DEMO_DATA
1810,Lakshadweep,10.1727,72.51778,2025-08-08 15:45:24,0.588,0.829,0.616,0.286,LOW,SYNTHETIC_DEMO_DATA
1811,Visakhapatnam,18.0016,83.19162,2025-08-08 18:40:15,0.722,0.725,0.592,0.477,MEDIUM,SYNTHETIC_DEMO_DATA
1812,Gujarat Coast,22.20231,69.87048,2025-08-08 21:35:06,0.591,0.65,0.538,0.454,MEDIUM,SYNTHETIC_DEMO_DATA
1813,Gujarat Coast,22.34797,69.33736,2025-08-09 00:29:57,0.709,0.829,0.709,0.386,MEDIUM,SYNTHETIC_DEMO_DATA
1814,Kerala Coast,10.22668,76.2005,2025-08-09 03:24:48,0.636,0.729,0.634,0.463,MEDIUM,SYNTHETIC_DEMO_DATA
1815,Andaman & Nicobar,11.66112,92.46742,2025-08-09 06:19:39,0.762,0.645,0.631,0.307,MEDIUM,SYNTHETIC_DEMO_DATA
1816,Odisha Coast,19.65659,85.89316,2025-08-09 09:14:30,0.841,0.757,0.433,0.602,HIGH,SYNTHETIC_DEMO_DATA
1817,Visakhapatnam,17.60842,83.35182,2025-08-09 12:09:21,0.879,0.739,0.668,0.344,MEDIUM,SYNTHETIC_DEMO_DATA
1818,Visakhapatnam,17.58183,83.24809,2025-08-09 15:04:12,0.641,0.734,0.758,0.209,LOW,SYNTHETIC_DEMO_DATA
1819,Odisha Coast,19.79815,85.76732,2025-08-09 17:59:03,0.558,0.633,0.66,0.408,MEDIUM,SYNTHETIC_DEMO_DATA
1820,Visakhapatnam,17.8301,83.28367,2025-08-09 20:53:54,0.556,0.635,0.613,0.26,LOW,SYNTHETIC_DEMO_DATA
1821,Chennai Coast,13.04647,80.43065,2025-08-09 23:48:45,0.324,0.647,0.686,0.368,MEDIUM,SYNTHETIC_DEMO_DATA
1822,Goa Coast,15.58606,73.78805,2025-08-10 02:43:37,0.672,0.745,0.621,0.343,MEDIUM,SYNTHETIC_DEMO_DATA
1823,Chennai Coast,12.76482,80.27571,2025-08-10 05:38:28,0.687,0.705,0.766,0.273,LOW,SYNTHETIC_DEMO_DATA
1824,Andaman & Nicobar,11.8051,92.54635,2025-08-10 08:33:19,0.889,0.807,0.663,0.37,MEDIUM,SYNTHETIC_DEMO_DATA
1825,Goa Coast,15.65853,73.81508,2025-08-10 11:28:10,0.527,0.498,0.474,0.6,HIGH,SYNTHETIC_DEMO_DATA
1826,Lakshadweep,10.8609,72.87188,2025-08-10 14:23:01,0.624,0.76,0.651,0.196,LOW,SYNTHETIC_DEMO_DATA
1827,Odisha Coast,19.642,85.69466,2025-08-10 17:17:52,0.511,0.637,0.637,0.39,MEDIUM,SYNTHETIC_DEMO_DATA
1828,Lakshadweep,10.66292,72.49181,2025-08-10 20:12:43,0.643,0.702,0.561,0.533,MEDIUM,SYNTHETIC_DEMO_DATA
1829,Gujarat Coast,22.59814,69.62336,2025-08-10 23:07:34,0.65,0.859,0.667,0.323,MEDIUM,SYNTHETIC_DEMO_DATA
1830,Lakshadweep,10.74459,72.72039,2025-08-11 02:02:25,0.76,0.691,0.635,0.341,MEDIUM,SYNTHETIC_DEMO_DATA
1831,Chennai Coast,13.26089,80.35993,2025-08-11 04:57:16,0.653,0.716,0.705,0.238,LOW,SYNTHETIC_DEMO_DATA
1832,Lakshadweep,10.31577,72.64822,2025-08-11 07:52:07,0.624,0.817,0.72,0.218,LOW,SYNTHETIC_DEMO_DATA
1833,Mumbai Coast,19.36833,72.98699,2025-08-11 10:46:58,0.643,0.743,0.562,0.415,MEDIUM,SYNTHETIC_DEMO_DATA
1834,Sundarbans,21.65267,89.49355,2025-08-11 13:41:49,0.915,0.686,0.658,0.438,MEDIUM,SYNTHETIC_DEMO_DATA
1835,Kerala Coast,10.13761,76.22026,2025-08-11 16:36:40,1.0,0.969,0.533,0.403,MEDIUM,SYNTHETIC_DEMO_DATA
1836,Odisha Coast,20.09426,86.01371,2025-08-11 19:31:31,0.875,0.752,0.565,0.505,MEDIUM,SYNTHETIC_DEMO_DATA
1837,Lakshadweep,10.39673,72.47243,2025-08-11 22:26:22,0.514,0.525,0.438,0.532,MEDIUM,SYNTHETIC_DEMO_DATA
1838,Chennai Coast,13.10686,80.29672,2025-08-12 01:21:13,0.491,0.49,0.789,0.405,MEDIUM,SYNTHETIC_DEMO_DATA
1839,Visakhapatnam,17.74692,83.45254,2025-08-12 04:16:04,0.64,0.803,0.639,0.375,MEDIUM,SYNTHETIC_DEMO_DATA
1840,Mumbai Coast,18.67157,72.95093,2025-08-12 07:10:56,0.768,0.403,0.454,0.711,HIGH,SYNTHETIC_DEMO_DATA
1841,Kerala Coast,9.66027,76.10244,2025-08-12 10:05:47,0.527,0.585,0.686,0.401,MEDIUM,SYNTHETIC_DEMO_DATA
1842,Sundarbans,21.82025,88.90894,2025-08-12 13:00:38,0.967,0.665,0.841,0.329,MEDIUM,SYNTHETIC_DEMO_DATA
1843,Andaman & Nicobar,11.91753,92.94885,2025-08-12 15:55:29,0.787,0.736,0.626,0.408,MEDIUM,SYNTHETIC_DEMO_DATA
1844,Andaman & Nicobar,11.60655,92.671,2025-08-12 18:50:20,0.581,0.6,0.602,0.618,HIGH,SYNTHETIC_DEMO_DATA
1845,Goa Coast,15.43797,74.00878,2025-08-12 21:45:11,0.702,0.695,0.597,0.413,MEDIUM,SYNTHETIC_DEMO_DATA
1846,Gujarat Coast,22.19868,69.64317,2025-08-13 00:40:02,0.672,0.667,0.744,0.307,MEDIUM,SYNTHETIC_DEMO_DATA
1847,Kerala Coast,9.89637,76.30679,2025-08-13 03:34:53,0.896,0.663,0.525,0.476,MEDIUM,SYNTHETIC_DEMO_DATA
1848,Mumbai Coast,19.219,72.79682,2025-08-13 06:29:44,0.709,0.557,0.503,0.599,MEDIUM,SYNTHETIC_DEMO_DATA
1849,Mumbai Coast,18.93111,72.43473,2025-08-13 09:24:35,0.565,0.581,0.401,0.653,HIGH,SYNTHETIC_DEMO_DATA
1850,Odisha Coast,19.74757,85.81965,2025-08-13 12:19:26,0.695,0.484,0.552,0.512,MEDIUM,SYNTHETIC_DEMO_DATA
1851,Sundarbans,22.18204,89.22046,2025-08-13 15:14:17,0.845,0.639,0.604,0.538,MEDIUM,SYNTHETIC_DEMO_DATA
1852,Visakhapatnam,17.59546,82.86663,2025-08-13 18:09:08,0.63,0.678,0.637,0.458,MEDIUM,SYNTHETIC_DEMO_DATA
1853,Kerala Coast,9.74387,75.91304,2025-08-13 21:03:59,0.753,0.571,0.639,0.409,MEDIUM,SYNTHETIC_DEMO_DATA
1854,Odisha Coast,19.75488,85.7593,2025-08-13 23:58:50,0.81,0.785,0.828,0.332,MEDIUM,SYNTHETIC_DEMO_DATA
1855,Odisha Coast,19.73403,85.71103,2025-08-14 02:53:41,0.687,0.728,0.763,0.405,MEDIUM,SYNTHETIC_DEMO_DATA
1856,Andaman & Nicobar,11.78179,92.4777,2025-08-14 05:48:32,0.799,0.629,0.431,0.588,MEDIUM,SYNTHETIC_DEMO_DATA
1857,Chennai Coast,13.12076,80.01536,2025-08-14 08:43:24,0.666,0.65,0.641,0.377,MEDIUM,SYNTHETIC_DEMO_DATA
1858,Mumbai Coast,18.81615,73.01483,2025-08-14 11:38:15,0.742,0.721,0.448,0.493,MEDIUM,SYNTHETIC_DEMO_DATA
1859,Mumbai Coast,18.77968,73.04793,2025-08-14 14:33:06,0.738,0.621,0.558,0.485,MEDIUM,SYNTHETIC_DEMO_DATA
1860,Goa Coast,15.59092,73.79689,2025-08-14 17:27:57,0.662,0.584,0.488,0.552,MEDIUM,SYNTHETIC_DEMO_DATA
1861,Goa Coast,15.22344,73.86455,2025-08-14 20:22:48,0.789,0.72,0.677,0.364,MEDIUM,SYNTHETIC_DEMO_DATA
1862,Visakhapatnam,17.47358,83.01622,2025-08-14 23:17:39,0.729,0.672,0.729,0.303,MEDIUM,SYNTHETIC_DEMO_DATA
1863,Andaman & Nicobar,11.95638,92.49385,2025-08-15 02:12:30,0.861,0.734,0.472,0.374,MEDIUM,SYNTHETIC_DEMO_DATA
1864,Chennai Coast,13.19622,80.16218,2025-08-15 05:07:21,0.648,0.697,0.679,0.427,MEDIUM,SYNTHETIC_DEMO_DATA
1865,Andaman & Nicobar,11.87473,92.4443,2025-08-15 08:02:12,0.698,0.667,0.517,0.358,MEDIUM,SYNTHETIC_DEMO_DATA
1866,Kerala Coast,10.12216,76.46616,2025-08-15 10:57:03,0.659,0.714,0.639,0.379,MEDIUM,SYNTHETIC_DEMO_DATA
1867,Odisha Coast,19.70229,86.04342,2025-08-15 13:51:54,0.636,0.585,0.587,0.551,MEDIUM,SYNTHETIC_DEMO_DATA
1868,Goa Coast,15.54246,74.18065,2025-08-15 16:46:45,0.76,0.663,0.354,0.629,HIGH,SYNTHETIC_DEMO_DATA
1869,Sundarbans,22.02088,89.1996,2025-08-15 19:41:36,0.746,0.655,0.555,0.543,MEDIUM,SYNTHETIC_DEMO_DATA
1870,Goa Coast,15.77339,73.73418,2025-08-15 22:36:27,0.63,0.593,0.73,0.368,MEDIUM,SYNTHETIC_DEMO_DATA
1871,Sundarbans,21.90426,88.98639,2025-08-16 01:31:18,0.613,0.699,0.594,0.405,MEDIUM,SYNTHETIC_DEMO_DATA
1872,Visakhapatnam,17.49414,83.2839,2025-08-16 04:26:09,0.874,0.836,0.768,0.201,LOW,SYNTHETIC_DEMO_DATA
1873,Gujarat Coast,21.90831,69.5406,2025-08-16 07:21:00,0.777,0.823,0.702,0.422,MEDIUM,SYNTHETIC_DEMO_DATA
1874,Lakshadweep,10.42142,72.54324,2025-08-16 10:15:52,0.613,0.584,0.44,0.58,MEDIUM,SYNTHETIC_DEMO_DATA
1875,Kerala Coast,10.21082,76.28009,2025-08-16 13:10:43,0.956,0.498,0.388,0.777,HIGH,SYNTHETIC_DEMO_DATA
1876,Odisha Coast,20.03067,85.70807,2025-08-16 16:05:34,0.666,0.645,0.681,0.369,MEDIUM,SYNTHETIC_DEMO_DATA
1877,Visakhapatnam,17.6612,83.30638,2025-08-16 19:00:25,0.719,0.71,0.46,0.504,MEDIUM,SYNTHETIC_DEMO_DATA
1878,Andaman & Nicobar,11.48632,92.64801,2025-08-16 21:55:16,0.551,0.681,0.614,0.465,MEDIUM,SYNTHETIC_DEMO_DATA
1879,Goa Coast,15.57266,73.75588,2025-08-17 00:50:07,0.722,0.591,0.662,0.353,MEDIUM,SYNTHETIC_DEMO_DATA
1880,Odisha Coast,19.89478,85.89316,2025-08-17 03:44:58,0.734,0.755,0.78,0.346,MEDIUM,SYNTHETIC_DEMO_DATA
1881,Chennai Coast,12.82088,79.9384,2025-08-17 06:39:49,0.658,0.491,0.44,0.723,HIGH,SYNTHETIC_DEMO_DATA
1882,Visakhapatnam,17.88435,83.16826,2025-08-17 09:34:40,0.68,0.763,0.584,0.342,MEDIUM,SYNTHETIC_DEMO_DATA
1883,Odisha Coast,19.76873,85.87829,2025-08-17 12:29:31,0.662,0.569,0.559,0.637,HIGH,SYNTHETIC_DEMO_DATA
1884,Andaman & Nicobar,11.44925,92.82039,2025-08-17 15:24:22,0.711,0.456,0.481,0.643,HIGH,SYNTHETIC_DEMO_DATA
1885,Gujarat Coast,22.28266,69.63205,2025-08-17 18:19:13,0.581,0.57,0.503,0.693,HIGH,SYNTHETIC_DEMO_DATA
1886,Odisha Coast,19.99634,85.98535,2025-08-17 21:14:04,0.711,0.843,0.574,0.319,MEDIUM,SYNTHETIC_DEMO_DATA
1887,Gujarat Coast,22.2965,69.54152,2025-08-18 00:08:55,0.456,0.741,0.518,0.515,MEDIUM,SYNTHETIC_DEMO_DATA
1888,Kerala Coast,9.9962,76.27969,2025-08-18 03:03:46,0.714,0.674,0.535,0.352,MEDIUM,SYNTHETIC_DEMO_DATA
1889,Sundarbans,21.52547,89.06003,2025-08-18 05:58:37,0.676,0.618,0.58,0.542,MEDIUM,SYNTHETIC_DEMO_DATA
1890,Kerala Coast,9.7126,76.08047,2025-08-18 08:53:28,0.69,0.667,0.685,0.356,MEDIUM,SYNTHETIC_DEMO_DATA
1891,Odisha Coast,20.01327,85.98307,2025-08-18 11:48:20,0.822,0.837,0.684,0.388,MEDIUM,SYNTHETIC_DEMO_DATA
1892,Visakhapatnam,17.44372,83.20645,2025-08-18 14:43:11,0.618,0.653,0.407,0.479,MEDIUM,SYNTHETIC_DEMO_DATA
1893,Andaman & Nicobar,11.53652,92.43796,2025-08-18 17:38:02,0.737,0.873,0.693,0.213,LOW,SYNTHETIC_DEMO_DATA
1894,Goa Coast,15.20263,73.95927,2025-08-18 20:32:53,0.577,0.637,0.635,0.549,MEDIUM,SYNTHETIC_DEMO_DATA
1895,Odisha Coast,19.69554,85.65731,2025-08-18 23:27:44,0.867,0.71,0.558,0.448,MEDIUM,SYNTHETIC_DEMO_DATA
1896,Andaman & Nicobar,12.11774,92.64611,2025-08-19 02:22:35,0.85,0.853,0.566,0.409,MEDIUM,SYNTHETIC_DEMO_DATA
1897,Mumbai Coast,18.6526,72.83677,2025-08-19 05:17:26,0.618,0.42,0.581,0.577,MEDIUM,SYNTHETIC_DEMO_DATA
1898,Andaman & Nicobar,11.73695,92.55985,2025-08-19 08:12:17,0.462,0.665,0.68,0.22,LOW,SYNTHETIC_DEMO_DATA
1899,Goa Coast,15.55872,73.98728,2025-08-19 11:07:08,0.791,0.796,0.623,0.352,MEDIUM,SYNTHETIC_DEMO_DATA
1900,Chennai Coast,12.67057,80.12803,2025-08-19 14:01:59,0.782,0.83,0.784,0.252,LOW,SYNTHETIC_DEMO_DATA
1901,Mumbai Coast,19.1752,72.54595,2025-08-19 16:56:50,0.744,0.551,0.714,0.361,MEDIUM,SYNTHETIC_DEMO_DATA
1902,Mumbai Coast,19.08593,72.66839,2025-08-19 19:51:41,0.912,0.835,0.689,0.336,MEDIUM,SYNTHETIC_DEMO_DATA
1903,Goa Coast,15.71671,73.76798,2025-08-19 22:46:32,0.683,0.559,0.57,0.494,MEDIUM,SYNTHETIC_DEMO_DATA
1904,Visakhapatnam,17.65143,83.45718,2025-08-20 01:41:23,0.732,0.513,0.467,0.593,MEDIUM,SYNTHETIC_DEMO_DATA
1905,Chennai Coast,13.3989,80.23944,2025-08-20 04:36:14,0.759,0.733,0.756,0.339,MEDIUM,SYNTHETIC_DEMO_DATA
1906,Visakhapatnam,17.58922,83.30836,2025-08-20 07:31:05,0.583,0.679,0.625,0.348,MEDIUM,SYNTHETIC_DEMO_DATA
1907,Visakhapatnam,17.64164,82.78762,2025-08-20 10:25:56,0.638,0.644,0.58,0.476,MEDIUM,SYNTHETIC_DEMO_DATA
1908,Odisha Coast,19.69872,85.75889,2025-08-20 13:20:48,0.73,0.712,0.659,0.379,MEDIUM,SYNTHETIC_DEMO_DATA
1909,Sundarbans,22.3355,89.22753,2025-08-20 16:15:39,0.64,0.585,0.559,0.522,MEDIUM,SYNTHETIC_DEMO_DATA
1910,Lakshadweep,10.65356,72.72974,2025-08-20 19:10:30,0.555,0.63,0.593,0.402,MEDIUM,SYNTHETIC_DEMO_DATA
1911,Sundarbans,21.99574,88.86982,2025-08-20 22:05:21,0.685,0.537,0.454,0.583,MEDIUM,SYNTHETIC_DEMO_DATA
1912,Andaman & Nicobar,11.56154,92.88279,2025-08-21 01:00:12,0.712,0.631,0.663,0.338,MEDIUM,SYNTHETIC_DEMO_DATA
1913,Sundarbans,21.91017,89.14874,2025-08-21 03:55:03,0.598,0.65,0.688,0.284,LOW,SYNTHETIC_DEMO_DATA
1914,Goa Coast,15.66511,73.78828,2025-08-21 06:49:54,0.613,0.509,0.417,0.574,MEDIUM,SYNTHETIC_DEMO_DATA
1915,Chennai Coast,13.10061,80.55525,2025-08-21 09:44:45,0.463,0.585,0.49,0.546,MEDIUM,SYNTHETIC_DEMO_DATA
1916,Mumbai Coast,19.0415,73.15958,2025-08-21 12:39:36,0.806,0.689,0.692,0.379,MEDIUM,SYNTHETIC_DEMO_DATA
1917,Visakhapatnam,17.61942,83.41295,2025-08-21 15:34:27,0.642,0.667,0.641,0.417,MEDIUM,SYNTHETIC_DEMO_DATA
1918,Kerala Coast,10.0588,76.2103,2025-08-21 18:29:18,0.997,0.786,0.657,0.434,MEDIUM,SYNTHETIC_DEMO_DATA
1919,Kerala Coast,9.64428,76.3481,2025-08-21 21:24:09,0.698,0.799,0.692,0.347,MEDIUM,SYNTHETIC_DEMO_DATA
1920,Mumbai Coast,18.83023,72.74782,2025-08-22 00:19:00,0.677,0.497,0.508,0.581,MEDIUM,SYNTHETIC_DEMO_DATA
1921,Chennai Coast,13.01454,80.25914,2025-08-22 03:13:51,0.503,0.604,0.681,0.329,MEDIUM,SYNTHETIC_DEMO_DATA
1922,Mumbai Coast,18.7973,72.81166,2025-08-22 06:08:42,0.754,0.588,0.521,0.471,MEDIUM,SYNTHETIC_DEMO_DATA
1923,Andaman & Nicobar,11.90631,92.65157,2025-08-22 09:03:33,0.856,0.716,0.56,0.471,MEDIUM,SYNTHETIC_DEMO_DATA
1924,Kerala Coast,9.41789,76.10562,2025-08-22 11:58:24,1.0,0.663,0.689,0.487,MEDIUM,SYNTHETIC_DEMO_DATA
1925,Chennai Coast,13.10765,80.48718,2025-08-22 14:53:15,0.606,0.562,0.445,0.55,MEDIUM,SYNTHETIC_DEMO_DATA
1926,Odisha Coast,19.83382,85.96764,2025-08-22 17:48:07,0.558,0.745,0.747,0.36,MEDIUM,SYNTHETIC_DEMO_DATA
1927,Chennai Coast,13.12189,80.07649,2025-08-22 20:42:58,0.578,0.747,0.574,0.311,MEDIUM,SYNTHETIC_DEMO_DATA
1928,Odisha Coast,19.68445,85.74461,2025-08-22 23:37:49,0.883,0.87,0.623,0.444,MEDIUM,SYNTHETIC_DEMO_DATA
1929,Odisha Coast,19.92612,85.70518,2025-08-23 02:32:40,0.857,0.839,0.665,0.421,MEDIUM,SYNTHETIC_DEMO_DATA
1930,Lakshadweep,10.52025,72.7254,2025-08-23 05:27:31,0.545,0.7,0.758,0.272,LOW,SYNTHETIC_DEMO_DATA
1931,Sundarbans,22.07267,89.24457,2025-08-23 08:22:22,0.871,0.852,0.691,0.291,LOW,SYNTHETIC_DEMO_DATA
1932,Kerala Coast,9.96206,76.17263,2025-08-23 11:17:13,0.863,0.868,0.726,0.275,LOW,SYNTHETIC_DEMO_DATA
1933,Andaman & Nicobar,11.72981,92.71825,2025-08-23 14:12:04,0.874,0.647,0.51,0.546,MEDIUM,SYNTHETIC_DEMO_DATA
1934,Lakshadweep,10.74529,72.76784,2025-08-23 17:06:55,0.592,0.683,0.522,0.336,MEDIUM,SYNTHETIC_DEMO_DATA
1935,Odisha Coast,19.93186,85.81552,2025-08-23 20:01:46,0.64,0.77,0.751,0.261,LOW,SYNTHETIC_DEMO_DATA
1936,Odisha Coast,19.92313,85.63891,2025-08-23 22:56:37,0.825,0.734,0.657,0.407,MEDIUM,SYNTHETIC_DEMO_DATA
1937,Chennai Coast,13.07377,80.19042,2025-08-24 01:51:28,0.593,0.676,0.671,0.286,LOW,SYNTHETIC_DEMO_DATA
1938,Mumbai Coast,18.86963,72.75207,2025-08-24 04:46:19,0.699,0.711,0.516,0.489,MEDIUM,SYNTHETIC_DEMO_DATA
1939,Lakshadweep,10.62703,72.38269,2025-08-24 07:41:10,0.569,0.691,0.563,0.41,MEDIUM,SYNTHETIC_DEMO_DATA
1940,Visakhapatnam,17.71957,83.15014,2025-08-24 10:36:01,0.834,0.577,0.575,0.358,MEDIUM,SYNTHETIC_DEMO_DATA
1941,Odisha Coast,20.00971,85.81079,2025-08-24 13:30:52,0.737,0.696,0.6,0.44,MEDIUM,SYNTHETIC_DEMO_DATA
1942,Visakhapatnam,18.16197,83.59324,2025-08-24 16:25:43,0.632,0.629,0.518,0.405,MEDIUM,SYNTHETIC_DEMO_DATA
1943,Andaman & Nicobar,11.78691,92.86843,2025-08-24 19:20:35,0.704,0.721,0.602,0.292,LOW,SYNTHETIC_DEMO_DATA
1944,Sundarbans,21.94277,88.77283,2025-08-24 22:15:26,0.82,0.809,0.59,0.364,MEDIUM,SYNTHETIC_DEMO_DATA
1945,Chennai Coast,12.83009,79.79562,2025-08-25 01:10:17,0.828,0.509,0.526,0.485,MEDIUM,SYNTHETIC_DEMO_DATA
1946,Odisha Coast,19.45234,85.41657,2025-08-25 04:05:08,0.726,0.665,0.735,0.348,MEDIUM,SYNTHETIC_DEMO_DATA
1947,Odisha Coast,19.34291,85.82878,2025-08-25 06:59:59,0.65,0.723,0.747,0.313,MEDIUM,SYNTHETIC_DEMO_DATA
1948,Lakshadweep,10.56499,72.70066,2025-08-25 09:54:50,0.465,0.503,0.565,0.483,MEDIUM,SYNTHETIC_DEMO_DATA
1949,Sundarbans,21.86793,88.90427,2025-08-25 12:49:41,0.752,0.752,0.69,0.424,MEDIUM,SYNTHETIC_DEMO_DATA
1950,Chennai Coast,12.88942,80.50738,2025-08-25 15:44:32,0.429,0.619,0.616,0.28,LOW,SYNTHETIC_DEMO_DATA
1951,Lakshadweep,10.44364,72.9452,2025-08-25 18:39:23,0.556,0.575,0.73,0.376,MEDIUM,SYNTHETIC_DEMO_DATA
1952,Gujarat Coast,22.43685,69.69431,2025-08-25 21:34:14,0.657,0.703,0.684,0.352,MEDIUM,SYNTHETIC_DEMO_DATA
1953,Sundarbans,22.21146,89.31265,2025-08-26 00:29:05,0.724,0.773,0.658,0.371,MEDIUM,SYNTHETIC_DEMO_DATA
1954,Kerala Coast,9.82038,76.21182,2025-08-26 03:23:56,0.795,0.673,0.703,0.404,MEDIUM,SYNTHETIC_DEMO_DATA
1955,Lakshadweep,10.6736,72.80224,2025-08-26 06:18:47,0.568,0.656,0.542,0.45,MEDIUM,SYNTHETIC_DEMO_DATA
1956,Kerala Coast,9.87566,76.27525,2025-08-26 09:13:38,0.562,0.713,0.621,0.333,MEDIUM,SYNTHETIC_DEMO_DATA
1957,Mumbai Coast,18.72737,72.75988,2025-08-26 12:08:29,0.725,0.761,0.622,0.453,MEDIUM,SYNTHETIC_DEMO_DATA
1958,Mumbai Coast,18.90291,72.79441,2025-08-26 15:03:20,0.758,0.617,0.62,0.496,MEDIUM,SYNTHETIC_DEMO_DATA
1959,Gujarat Coast,21.95358,69.57091,2025-08-26 17:58:11,0.325,0.584,0.568,0.397,MEDIUM,SYNTHETIC_DEMO_DATA
1960,Odisha Coast,19.55961,85.88104,2025-08-26 20:53:03,0.694,0.69,0.728,0.367,MEDIUM,SYNTHETIC_DEMO_DATA
1961,Andaman & Nicobar,11.31597,92.72884,2025-08-26 23:47:54,0.543,0.71,0.608,0.299,LOW,SYNTHETIC_DEMO_DATA
1962,Lakshadweep,10.73447,72.61979,2025-08-27 02:42:45,0.452,0.755,0.464,0.512,MEDIUM,SYNTHETIC_DEMO_DATA
1963,Odisha Coast,19.91442,85.85417,2025-08-27 05:37:36,0.706,0.593,0.562,0.434,MEDIUM,SYNTHETIC_DEMO_DATA
1964,Andaman & Nicobar,11.51558,92.18446,2025-08-27 08:32:27,0.841,0.638,0.606,0.493,MEDIUM,SYNTHETIC_DEMO_DATA
1965,Andaman & Nicobar,12.0392,92.42582,2025-08-27 11:27:18,0.902,0.79,0.634,0.332,MEDIUM,SYNTHETIC_DEMO_DATA
1966,Goa Coast,15.25796,73.67293,2025-08-27 14:22:09,0.779,0.526,0.628,0.419,MEDIUM,SYNTHETIC_DEMO_DATA
1967,Chennai Coast,12.68512,80.72247,2025-08-27 17:17:00,0.621,0.612,0.598,0.446,MEDIUM,SYNTHETIC_DEMO_DATA
1968,Kerala Coast,10.22969,76.42944,2025-08-27 20:11:51,0.926,0.604,0.566,0.546,MEDIUM,SYNTHETIC_DEMO_DATA
1969,Andaman & Nicobar,11.70667,92.52803,2025-08-27 23:06:42,0.828,0.742,0.48,0.329,MEDIUM,SYNTHETIC_DEMO_DATA
1970,Odisha Coast,19.93254,85.33925,2025-08-28 02:01:33,0.849,0.597,0.666,0.476,MEDIUM,SYNTHETIC_DEMO_DATA
1971,Andaman & Nicobar,11.94773,92.76312,2025-08-28 04:56:24,0.823,0.637,0.643,0.423,MEDIUM,SYNTHETIC_DEMO_DATA
1972,Lakshadweep,10.81332,72.98204,2025-08-28 07:51:15,0.57,0.641,0.487,0.517,MEDIUM,SYNTHETIC_DEMO_DATA
1973,Gujarat Coast,22.33712,69.48675,2025-08-28 10:46:06,0.731,0.687,0.812,0.315,MEDIUM,SYNTHETIC_DEMO_DATA
1974,Chennai Coast,13.19194,80.40534,2025-08-28 13:40:57,0.563,0.644,0.612,0.302,MEDIUM,SYNTHETIC_DEMO_DATA
1975,Mumbai Coast,19.10767,72.86738,2025-08-28 16:35:48,0.687,0.646,0.692,0.37,MEDIUM,SYNTHETIC_DEMO_DATA
1976,Sundarbans,21.9966,89.24941,2025-08-28 19:30:39,0.673,0.679,0.626,0.412,MEDIUM,SYNTHETIC_DEMO_DATA
1977,Lakshadweep,10.24228,72.65963,2025-08-28 22:25:31,0.773,0.797,0.652,0.235,LOW,SYNTHETIC_DEMO_DATA
1978,Chennai Coast,13.0456,80.29049,2025-08-29 01:20:22,0.847,0.812,0.851,0.284,LOW,SYNTHETIC_DEMO_DATA
1979,Sundarbans,22.21957,89.38799,2025-08-29 04:15:13,0.772,0.749,0.664,0.414,MEDIUM,SYNTHETIC_DEMO_DATA
1980,Goa Coast,15.38333,73.75427,2025-08-29 07:10:04,0.805,0.75,0.445,0.479,MEDIUM,SYNTHETIC_DEMO_DATA
1981,Gujarat Coast,22.22062,69.53321,2025-08-29 10:04:55,0.802,0.761,0.587,0.43,MEDIUM,SYNTHETIC_DEMO_DATA
1982,Gujarat Coast,22.45878,69.94204,2025-08-29 12:59:46,0.622,0.558,0.59,0.545,MEDIUM,SYNTHETIC_DEMO_DATA
1983,Sundarbans,21.96773,89.35258,2025-08-29 15:54:37,0.706,0.575,0.597,0.66,HIGH,SYNTHETIC_DEMO_DATA
1984,Goa Coast,15.57621,73.9351,2025-08-29 18:49:28,0.771,0.696,0.611,0.31,MEDIUM,SYNTHETIC_DEMO_DATA
1985,Gujarat Coast,22.65083,69.49124,2025-08-29 21:44:19,0.51,0.601,0.477,0.526,MEDIUM,SYNTHETIC_DEMO_DATA
1986,Goa Coast,15.50052,74.05207,2025-08-30 00:39:10,0.71,0.741,0.69,0.365,MEDIUM,SYNTHETIC_DEMO_DATA
1987,Andaman & Nicobar,12.00271,92.84909,2025-08-30 03:34:01,0.731,0.498,0.466,0.686,HIGH,SYNTHETIC_DEMO_DATA
1988,Visakhapatnam,17.53851,83.52616,2025-08-30 06:28:52,0.573,0.622,0.816,0.233,LOW,SYNTHETIC_DEMO_DATA
1989,Visakhapatnam,17.77248,83.31262,2025-08-30 09:23:43,0.601,0.616,0.541,0.46,MEDIUM,SYNTHETIC_DEMO_DATA
1990,Lakshadweep,10.57986,72.56731,2025-08-30 12:18:34,0.745,0.734,0.514,0.339,MEDIUM,SYNTHETIC_DEMO_DATA
1991,Mumbai Coast,19.00337,72.97155,2025-08-30 15:13:25,0.761,0.753,0.741,0.239,LOW,SYNTHETIC_DEMO_DATA
1992,Kerala Coast,9.8153,76.41923,2025-08-30 18:08:16,0.868,0.699,0.627,0.4,MEDIUM,SYNTHETIC_DEMO_DATA
1993,Visakhapatnam,17.33284,83.44083,2025-08-30 21:03:07,0.718,0.585,0.509,0.518,MEDIUM,SYNTHETIC_DEMO_DATA
1994,Gujarat Coast,22.72245,69.68261,2025-08-30 23:57:59,0.778,0.755,0.632,0.376,MEDIUM,SYNTHETIC_DEMO_DATA
1995,Goa Coast,15.193,73.79949,2025-08-31 02:52:50,0.719,0.68,0.635,0.596,MEDIUM,SYNTHETIC_DEMO_DATA
1996,Sundarbans,22.05809,89.37438,2025-08-31 05:47:41,0.821,0.78,0.747,0.449,MEDIUM,SYNTHETIC_DEMO_DATA
1997,Mumbai Coast,18.58794,72.93838,2025-08-31 08:42:32,0.869,0.731,0.585,0.504,MEDIUM,SYNTHETIC_DEMO_DATA
1998,Lakshadweep,10.67918,72.52415,2025-08-31 11:37:23,0.672,0.626,0.723,0.341,MEDIUM,SYNTHETIC_DEMO_DATA
1999,Visakhapatnam,17.58482,83.06735,2025-08-31 14:32:14,0.791,0.691,0.714,0.416,MEDIUM,SYNTHETIC_DEMO_DATA
2000,Visakhapatnam,17.65862,83.35869,2025-08-31 17:27:05,0.67,0.749,0.526,0.46,MEDIUM,SYNTHETIC_DEMO_DATA
2001,Andaman & Nicobar,11.57163,92.91139,2025-08-31 20:21:56,0.654,0.638,0.693,0.373,MEDIUM,SYNTHETIC_DEMO_DATA
2002,Sundarbans,21.94587,89.2202,2025-08-31 23:16:47,0.674,0.562,0.638,0.515,MEDIUM,SYNTHETIC_DEMO_DATA
2003,Chennai Coast,12.9681,80.5518,2025-09-01 02:11:38,0.553,0.665,0.708,0.302,MEDIUM,SYNTHETIC_DEMO_DATA
2004,Kerala Coast,9.81897,76.44315,2025-09-01 05:06:29,0.774,0.715,0.66,0.381,MEDIUM,SYNTHETIC_DEMO_DATA
2005,Goa Coast,15.78836,73.94502,2025-09-01 08:01:20,0.841,0.917,0.747,0.229,LOW,SYNTHETIC_DEMO_DATA
2006,Odisha Coast,19.99263,86.03806,2025-09-01 10:56:11,0.912,0.801,0.559,0.498,MEDIUM,SYNTHETIC_DEMO_DATA
2007,Kerala Coast,9.9171,76.36009,2025-09-01 13:51:02,0.746,0.637,0.791,0.334,MEDIUM,SYNTHETIC_DEMO_DATA
2008,Odisha Coast,19.68584,85.67307,2025-09-01 16:45:53,0.729,0.641,0.632,0.399,MEDIUM,SYNTHETIC_DEMO_DATA
2009,Goa Coast,15.50906,74.19549,2025-09-01 19:40:44,0.757,0.683,0.635,0.453,MEDIUM,SYNTHETIC_DEMO_DATA
2010,Gujarat Coast,22.45311,69.49652,2025-09-01 22:35:35,0.518,0.511,0.595,0.494,MEDIUM,SYNTHETIC_DEMO_DATA
2011,Kerala Coast,10.05275,75.91596,2025-09-02 01:30:27,0.682,0.649,0.63,0.503,MEDIUM,SYNTHETIC_DEMO_DATA
2012,Chennai Coast,12.95044,80.14834,2025-09-02 04:25:18,0.639,0.776,0.671,0.317,MEDIUM,SYNTHETIC_DEMO_DATA
2013,Odisha Coast,19.65348,85.70673,2025-09-02 07:20:09,0.738,0.765,0.594,0.381,MEDIUM,SYNTHETIC_DEMO_DATA
2014,Lakshadweep,10.65213,72.57999,2025-09-02 10:15:00,0.697,0.768,0.753,0.334,MEDIUM,SYNTHETIC_DEMO_DATA
2015,Gujarat Coast,22.43517,69.42062,2025-09-02 13:09:51,0.69,0.59,0.723,0.471,MEDIUM,SYNTHETIC_DEMO_DATA
2016,Chennai Coast,12.76418,80.01092,2025-09-02 16:04:42,0.784,0.767,0.784,0.279,LOW,SYNTHETIC_DEMO_DATA
2017,Kerala Coast,9.95852,76.08367,2025-09-02 18:59:33,0.867,0.791,0.803,0.364,MEDIUM,SYNTHETIC_DEMO_DATA
2018,Goa Coast,15.46653,73.7194,2025-09-02 21:54:24,0.728,0.52,0.296,0.839,CRITICAL,SYNTHETIC_DEMO_DATA
2019,Goa Coast,15.13952,73.29737,2025-09-03 00:49:15,0.64,0.599,0.509,0.492,MEDIUM,SYNTHETIC_DEMO_DATA
2020,Kerala Coast,9.71021,76.09164,2025-09-03 03:44:06,0.732,0.672,0.605,0.387,MEDIUM,SYNTHETIC_DEMO_DATA
2021,Chennai Coast,12.89157,79.80356,2025-09-03 06:38:57,0.655,0.807,0.457,0.428,MEDIUM,SYNTHETIC_DEMO_DATA
2022,Gujarat Coast,22.14674,69.55856,2025-09-03 09:33:48,0.721,0.741,0.794,0.315,MEDIUM,SYNTHETIC_DEMO_DATA
2023,Gujarat Coast,22.31859,69.78778,2025-09-03 12:28:39,0.628,0.473,0.389,0.812,CRITICAL,SYNTHETIC_DEMO_DATA
2024,Mumbai Coast,18.8519,72.59602,2025-09-03 15:23:30,0.78,0.64,0.454,0.502,MEDIUM,SYNTHETIC_DEMO_DATA
2025,Sundarbans,21.96251,88.9379,2025-09-03 18:18:21,0.832,0.709,0.598,0.491,MEDIUM,SYNTHETIC_DEMO_DATA
2026,Kerala Coast,10.00415,76.01425,2025-09-03 21:13:12,0.958,0.687,0.53,0.66,HIGH,SYNTHETIC_DEMO_DATA
2027,Gujarat Coast,22.02759,69.68417,2025-09-04 00:08:03,0.684,0.796,0.508,0.356,MEDIUM,SYNTHETIC_DEMO_DATA
2028,Lakshadweep,10.81557,72.71479,2025-09-04 03:02:54,0.706,0.686,0.627,0.389,MEDIUM,SYNTHETIC_DEMO_DATA
2029,Mumbai Coast,18.84413,72.87244,2025-09-04 05:57:46,0.717,0.725,0.718,0.406,MEDIUM,SYNTHETIC_DEMO_DATA
2030,Chennai Coast,13.17966,80.38285,2025-09-04 08:52:37,0.704,0.793,0.653,0.287,LOW,SYNTHETIC_DEMO_DATA
2031,Mumbai Coast,19.07678,73.21498,2025-09-04 11:47:28,0.729,0.762,0.723,0.266,LOW,SYNTHETIC_DEMO_DATA
2032,Odisha Coast,19.89261,85.80825,2025-09-04 14:42:19,0.835,0.725,0.555,0.503,MEDIUM,SYNTHETIC_DEMO_DATA
2033,Sundarbans,21.50336,89.033,2025-09-04 17:37:10,0.742,0.664,0.43,0.611,HIGH,SYNTHETIC_DEMO_DATA
2034,Gujarat Coast,21.85227,69.33209,2025-09-04 20:32:01,0.675,0.568,0.58,0.573,MEDIUM,SYNTHETIC_DEMO_DATA
2035,Lakshadweep,10.5041,72.85365,2025-09-04 23:26:52,0.625,0.638,0.676,0.367,MEDIUM,SYNTHETIC_DEMO_DATA
2036,Andaman & Nicobar,11.67083,92.60781,2025-09-05 02:21:43,0.634,0.762,0.757,0.347,MEDIUM,SYNTHETIC_DEMO_DATA
2037,Mumbai Coast,18.7295,72.45219,2025-09-05 05:16:34,0.655,0.852,0.63,0.318,MEDIUM,SYNTHETIC_DEMO_DATA
2038,Sundarbans,21.62024,89.05273,2025-09-05 08:11:25,0.608,0.676,0.753,0.442,MEDIUM,SYNTHETIC_DEMO_DATA
2039,Lakshadweep,10.27778,72.93371,2025-09-05 11:06:16,0.669,0.662,0.58,0.39,MEDIUM,SYNTHETIC_DEMO_DATA
2040,Kerala Coast,10.039,76.1798,2025-09-05 14:01:07,0.658,0.605,0.676,0.351,MEDIUM,SYNTHETIC_DEMO_DATA
2041,Visakhapatnam,18.10197,83.1196,2025-09-05 16:55:58,0.732,0.578,0.585,0.325,MEDIUM,SYNTHETIC_DEMO_DATA
2042,Andaman & Nicobar,11.70796,92.35758,2025-09-05 19:50:49,0.634,0.662,0.651,0.297,LOW,SYNTHETIC_DEMO_DATA
2043,Goa Coast,15.61283,73.54293,2025-09-05 22:45:40,0.495,0.518,0.604,0.585,MEDIUM,SYNTHETIC_DEMO_DATA
2044,Goa Coast,15.54538,73.77299,2025-09-06 01:40:31,0.595,0.808,0.566,0.457,MEDIUM,SYNTHETIC_DEMO_DATA
2045,Visakhapatnam,17.70753,83.12765,2025-09-06 04:35:22,0.684,0.613,0.51,0.545,MEDIUM,SYNTHETIC_DEMO_DATA
2046,Lakshadweep,10.6673,72.552,2025-09-06 07:30:14,0.644,0.649,0.609,0.296,LOW,SYNTHETIC_DEMO_DATA
2047,Kerala Coast,10.01736,76.41311,2025-09-06 10:25:05,0.779,0.726,0.642,0.345,MEDIUM,SYNTHETIC_DEMO_DATA
2048,Mumbai Coast,19.19101,72.38994,2025-09-06 13:19:56,0.915,0.57,0.612,0.445,MEDIUM,SYNTHETIC_DEMO_DATA
2049,Goa Coast,15.59844,73.64327,2025-09-06 16:14:47,0.613,0.646,0.633,0.494,MEDIUM,SYNTHETIC_DEMO_DATA
2050,Gujarat Coast,22.51687,70.07781,2025-09-06 19:09:38,0.666,0.786,0.652,0.391,MEDIUM,SYNTHETIC_DEMO_DATA
2051,Odisha Coast,19.96872,85.48047,2025-09-06 22:04:29,0.615,0.701,0.595,0.306,MEDIUM,SYNTHETIC_DEMO_DATA
2052,Chennai Coast,12.87187,80.47931,2025-09-07 00:59:20,0.83,0.625,0.634,0.414,MEDIUM,SYNTHETIC_DEMO_DATA
2053,Chennai Coast,12.86265,80.00808,2025-09-07 03:54:11,0.767,0.429,0.543,0.664,HIGH,SYNTHETIC_DEMO_DATA
2054,Lakshadweep,10.60985,72.47154,2025-09-07 06:49:02,0.555,0.692,0.573,0.479,MEDIUM,SYNTHETIC_DEMO_DATA
2055,Goa Coast,15.73292,73.44578,2025-09-07 09:43:53,0.886,0.759,0.647,0.446,MEDIUM,SYNTHETIC_DEMO_DATA
2056,Chennai Coast,13.4657,80.37412,2025-09-07 12:38:44,0.381,0.532,0.641,0.37,MEDIUM,SYNTHETIC_DEMO_DATA
2057,Goa Coast,15.66108,74.01233,2025-09-07 15:33:35,0.667,0.673,0.528,0.374,MEDIUM,SYNTHETIC_DEMO_DATA
2058,Goa Coast,15.97398,74.04502,2025-09-07 18:28:26,0.865,0.74,0.725,0.319,MEDIUM,SYNTHETIC_DEMO_DATA
2059,Chennai Coast,13.11679,80.27706,2025-09-07 21:23:17,0.561,0.635,0.583,0.262,LOW,SYNTHETIC_DEMO_DATA
2060,Kerala Coast,10.23506,76.07281,2025-09-08 00:18:08,0.64,0.591,0.684,0.405,MEDIUM,SYNTHETIC_DEMO_DATA
2061,Andaman & Nicobar,11.97955,92.17594,2025-09-08 03:12:59,0.492,0.609,0.621,0.321,MEDIUM,SYNTHETIC_DEMO_DATA
2062,Mumbai Coast,18.60315,72.78635,2025-09-08 06:07:50,0.761,0.808,0.734,0.277,LOW,SYNTHETIC_DEMO_DATA
2063,Odisha Coast,19.87409,86.02208,2025-09-08 09:02:42,0.601,0.749,0.628,0.457,MEDIUM,SYNTHETIC_DEMO_DATA
2064,Goa Coast,15.29857,74.21748,2025-09-08 11:57:33,0.611,0.669,0.526,0.379,MEDIUM,SYNTHETIC_DEMO_DATA
2065,Mumbai Coast,18.77527,73.09845,2025-09-08 14:52:24,0.87,0.697,0.538,0.502,MEDIUM,SYNTHETIC_DEMO_DATA
2066,Mumbai Coast,19.04435,72.83298,2025-09-08 17:47:15,0.841,0.676,0.569,0.443,MEDIUM,SYNTHETIC_DEMO_DATA
2067,Goa Coast,15.58176,73.78851,2025-09-08 20:42:06,0.64,0.753,0.774,0.311,MEDIUM,SYNTHETIC_DEMO_DATA
2068,Lakshadweep,10.51843,73.0345,2025-09-08 23:36:57,0.649,0.856,0.471,0.339,MEDIUM,SYNTHETIC_DEMO_DATA
2069,Chennai Coast,13.06914,80.66491,2025-09-09 02:31:48,0.689,0.793,0.763,0.278,LOW,SYNTHETIC_DEMO_DATA
2070,Kerala Coast,9.9347,76.22893,2025-09-09 05:26:39,0.52,0.639,0.714,0.402,MEDIUM,SYNTHETIC_DEMO_DATA
2071,Odisha Coast,19.83021,85.74807,2025-09-09 08:21:30,0.731,0.769,0.771,0.34,MEDIUM,SYNTHETIC_DEMO_DATA
2072,Gujarat Coast,22.40769,69.53042,2025-09-09 11:16:21,0.653,0.711,0.683,0.487,MEDIUM,SYNTHETIC_DEMO_DATA
2073,Kerala Coast,9.67184,76.22987,2025-09-09 14:11:12,0.647,0.788,0.759,0.305,MEDIUM,SYNTHETIC_DEMO_DATA
2074,Chennai Coast,12.85257,80.021,2025-09-09 17:06:03,0.595,0.7,0.654,0.278,LOW,SYNTHETIC_DEMO_DATA
2075,Gujarat Coast,22.27964,69.5361,2025-09-09 20:00:54,0.677,0.852,0.657,0.284,LOW,SYNTHETIC_DEMO_DATA
2076,Kerala Coast,9.57091,76.0504,2025-09-09 22:55:45,0.773,0.559,0.56,0.496,MEDIUM,SYNTHETIC_DEMO_DATA
2077,Kerala Coast,9.99072,76.42789,2025-09-10 01:50:36,0.662,0.62,0.578,0.495,MEDIUM,SYNTHETIC_DEMO_DATA
2078,Kerala Coast,9.88362,76.20158,2025-09-10 04:45:27,0.888,0.702,0.564,0.544,MEDIUM,SYNTHETIC_DEMO_DATA
2079,Visakhapatnam,17.78546,83.39256,2025-09-10 07:40:18,0.601,0.501,0.534,0.573,MEDIUM,SYNTHETIC_DEMO_DATA
2080,Odisha Coast,19.52133,85.59469,2025-09-10 10:35:10,0.711,0.558,0.697,0.363,MEDIUM,SYNTHETIC_DEMO_DATA
2081,Andaman & Nicobar,11.89958,92.53311,2025-09-10 13:30:01,0.503,0.681,0.584,0.36,MEDIUM,SYNTHETIC_DEMO_DATA
2082,Sundarbans,21.86556,89.33778,2025-09-10 16:24:52,0.526,0.738,0.535,0.462,MEDIUM,SYNTHETIC_DEMO_DATA
2083,Chennai Coast,12.8723,80.0479,2025-09-10 19:19:43,0.804,0.778,0.715,0.285,LOW,SYNTHETIC_DEMO_DATA
2084,Gujarat Coast,22.09225,69.70783,2025-09-10 22:14:34,0.644,0.802,0.724,0.349,MEDIUM,SYNTHETIC_DEMO_DATA
2085,Odisha Coast,19.6881,85.80672,2025-09-11 01:09:25,0.848,0.684,0.682,0.387,MEDIUM,SYNTHETIC_DEMO_DATA
2086,Gujarat Coast,22.1788,69.69896,2025-09-11 04:04:16,0.788,0.82,0.604,0.332,MEDIUM,SYNTHETIC_DEMO_DATA
2087,Goa Coast,15.40722,73.90631,2025-09-11 06:59:07,0.672,0.583,0.636,0.609,HIGH,SYNTHETIC_DEMO_DATA
2088,Gujarat Coast,22.25765,69.68637,2025-09-11 09:53:58,0.616,0.746,0.653,0.358,MEDIUM,SYNTHETIC_DEMO_DATA
2089,Chennai Coast,13.27982,79.94302,2025-09-11 12:48:49,0.754,0.709,0.82,0.34,MEDIUM,SYNTHETIC_DEMO_DATA
2090,Sundarbans,21.90433,89.10178,2025-09-11 15:43:40,0.83,0.761,0.63,0.436,MEDIUM,SYNTHETIC_DEMO_DATA
2091,Andaman & Nicobar,11.76051,92.44483,2025-09-11 18:38:31,0.762,0.674,0.52,0.374,MEDIUM,SYNTHETIC_DEMO_DATA
2092,Chennai Coast,12.99569,80.46202,2025-09-11 21:33:22,0.705,0.589,0.563,0.622,HIGH,SYNTHETIC_DEMO_DATA
2093,Andaman & Nicobar,11.7294,92.72109,2025-09-12 00:28:13,0.815,0.901,0.669,0.253,LOW,SYNTHETIC_DEMO_DATA
2094,Odisha Coast,19.78091,85.86777,2025-09-12 03:23:04,0.53,0.586,0.542,0.469,MEDIUM,SYNTHETIC_DEMO_DATA
2095,Odisha Coast,20.18799,85.99512,2025-09-12 06:17:55,0.735,0.717,0.649,0.537,MEDIUM,SYNTHETIC_DEMO_DATA
2096,Goa Coast,15.69347,73.71042,2025-09-12 09:12:46,0.705,0.684,0.64,0.34,MEDIUM,SYNTHETIC_DEMO_DATA
2097,Lakshadweep,10.56628,72.53899,2025-09-12 12:07:38,0.746,0.629,0.629,0.409,MEDIUM,SYNTHETIC_DEMO_DATA
2098,Andaman & Nicobar,11.8554,92.38525,2025-09-12 15:02:29,0.662,1.0,0.675,0.347,MEDIUM,SYNTHETIC_DEMO_DATA
2099,Goa Coast,15.44008,73.9098,2025-09-12 17:57:20,0.752,0.645,0.692,0.319,MEDIUM,SYNTHETIC_DEMO_DATA
2100,Visakhapatnam,17.89604,83.40662,2025-09-12 20:52:11,0.723,0.592,0.392,0.62,HIGH,SYNTHETIC_DEMO_DATA
2101,Lakshadweep,10.77913,72.70484,2025-09-12 23:47:02,0.499,0.817,0.683,0.161,LOW,SYNTHETIC_DEMO_DATA
2102,Gujarat Coast,22.29416,69.18315,2025-09-13 02:41:53,0.6,0.619,0.631,0.455,MEDIUM,SYNTHETIC_DEMO_DATA
2103,Odisha Coast,20.079,85.8632,2025-09-13 05:36:44,0.778,0.629,0.498,0.436,MEDIUM,SYNTHETIC_DEMO_DATA
2104,Odisha Coast,19.7812,85.93625,2025-09-13 08:31:35,0.768,0.763,0.667,0.409,MEDIUM,SYNTHETIC_DEMO_DATA
2105,Andaman & Nicobar,11.40514,92.53417,2025-09-13 11:26:26,0.775,0.702,0.674,0.317,MEDIUM,SYNTHETIC_DEMO_DATA
2106,Visakhapatnam,18.02292,83.28047,2025-09-13 14:21:17,0.572,0.77,0.766,0.25,LOW,SYNTHETIC_DEMO_DATA
2107,Goa Coast,15.2778,73.51566,2025-09-13 17:16:08,0.824,0.755,0.597,0.437,MEDIUM,SYNTHETIC_DEMO_DATA
2108,Odisha Coast,19.77259,85.60753,2025-09-13 20:10:59,0.784,0.834,0.676,0.331,MEDIUM,SYNTHETIC_DEMO_DATA
2109,Visakhapatnam,17.82952,83.09645,2025-09-13 23:05:50,0.604,0.659,0.787,0.203,LOW,SYNTHETIC_DEMO_DATA
2110,Visakhapatnam,17.72094,83.47476,2025-09-14 02:00:41,0.738,0.749,0.807,0.269,LOW,SYNTHETIC_DEMO_DATA
2111,Visakhapatnam,17.69917,83.14912,2025-09-14 04:55:32,0.632,0.531,0.502,0.523,MEDIUM,SYNTHETIC_DEMO_DATA
2112,Gujarat Coast,22.37227,69.31519,2025-09-14 07:50:23,0.664,0.812,0.653,0.37,MEDIUM,SYNTHETIC_DEMO_DATA
2113,Lakshadweep,10.47924,72.13801,2025-09-14 10:45:14,0.542,0.826,0.696,0.225,LOW,SYNTHETIC_DEMO_DATA
2114,Lakshadweep,10.88952,72.5809,2025-09-14 13:40:06,0.527,0.615,0.581,0.464,MEDIUM,SYNTHETIC_DEMO_DATA
2115,Goa Coast,15.33727,73.91124,2025-09-14 16:34:57,0.656,0.788,0.643,0.286,LOW,SYNTHETIC_DEMO_DATA
2116,Visakhapatnam,17.46447,83.3455,2025-09-14 19:29:48,0.895,0.785,0.548,0.329,MEDIUM,SYNTHETIC_DEMO_DATA
2117,Lakshadweep,10.68323,72.58333,2025-09-14 22:24:39,0.568,0.566,0.703,0.38,MEDIUM,SYNTHETIC_DEMO_DATA
2118,Mumbai Coast,19.20219,72.68292,2025-09-15 01:19:30,0.728,0.495,0.572,0.436,MEDIUM,SYNTHETIC_DEMO_DATA
2119,Mumbai Coast,19.09524,72.92123,2025-09-15 04:14:21,0.786,0.512,0.394,0.61,HIGH,SYNTHETIC_DEMO_DATA
2120,Goa Coast,15.64495,73.68779,2025-09-15 07:09:12,0.64,0.758,0.72,0.411,MEDIUM,SYNTHETIC_DEMO_DATA
2121,Goa Coast,15.75487,73.71054,2025-09-15 10:04:03,0.764,0.589,0.627,0.348,MEDIUM,SYNTHETIC_DEMO_DATA
2122,Lakshadweep,10.54632,72.22588,2025-09-15 12:58:54,0.556,0.632,0.682,0.293,LOW,SYNTHETIC_DEMO_DATA
2123,Mumbai Coast,19.18028,72.72894,2025-09-15 15:53:45,0.657,0.829,0.769,0.269,LOW,SYNTHETIC_DEMO_DATA
2124,Gujarat Coast,22.32972,70.06272,2025-09-15 18:48:36,0.669,0.485,0.472,0.759,HIGH,SYNTHETIC_DEMO_DATA
2125,Goa Coast,15.29683,73.75656,2025-09-15 21:43:27,0.906,0.714,0.585,0.336,MEDIUM,SYNTHETIC_DEMO_DATA
2126,Visakhapatnam,17.70808,83.35815,2025-09-16 00:38:18,0.553,0.672,0.729,0.324,MEDIUM,SYNTHETIC_DEMO_DATA
2127,Chennai Coast,12.69443,79.84131,2025-09-16 03:33:09,0.542,0.532,0.783,0.291,LOW,SYNTHETIC_DEMO_DATA
2128,Gujarat Coast,22.38072,68.92186,2025-09-16 06:28:00,0.606,0.557,0.715,0.541,MEDIUM,SYNTHETIC_DEMO_DATA
2129,Sundarbans,21.8348,88.97973,2025-09-16 09:22:51,0.759,0.538,0.56,0.565,MEDIUM,SYNTHETIC_DEMO_DATA
2130,Chennai Coast,13.09639,80.2371,2025-09-16 12:17:42,0.67,0.796,0.602,0.423,MEDIUM,SYNTHETIC_DEMO_DATA
2131,Goa Coast,15.40891,73.96921,2025-09-16 15:12:33,0.549,0.62,0.793,0.343,MEDIUM,SYNTHETIC_DEMO_DATA
2132,Lakshadweep,10.37845,72.8978,2025-09-16 18:07:25,0.79,0.81,0.637,0.326,MEDIUM,SYNTHETIC_DEMO_DATA
2133,Mumbai Coast,19.15022,72.40087,2025-09-16 21:02:16,0.865,0.772,0.625,0.404,MEDIUM,SYNTHETIC_DEMO_DATA
2134,Chennai Coast,13.4373,79.84932,2025-09-16 23:57:07,0.673,0.636,0.723,0.327,MEDIUM,SYNTHETIC_DEMO_DATA
2135,Kerala Coast,9.72802,76.48774,2025-09-17 02:51:58,0.776,0.749,0.797,0.325,MEDIUM,SYNTHETIC_DEMO_DATA
2136,Gujarat Coast,22.33036,69.82808,2025-09-17 05:46:49,0.539,0.576,0.577,0.588,MEDIUM,SYNTHETIC_DEMO_DATA
2137,Mumbai Coast,18.94877,72.96605,2025-09-17 08:41:40,0.824,0.768,0.602,0.481,MEDIUM,SYNTHETIC_DEMO_DATA
2138,Sundarbans,21.40221,89.46898,2025-09-17 11:36:31,0.648,0.764,0.553,0.404,MEDIUM,SYNTHETIC_DEMO_DATA
2139,Mumbai Coast,18.89041,73.01628,2025-09-17 14:31:22,0.629,0.751,0.739,0.344,MEDIUM,SYNTHETIC_DEMO_DATA
2140,Kerala Coast,9.77461,76.30053,2025-09-17 17:26:13,0.912,0.694,0.519,0.364,MEDIUM,SYNTHETIC_DEMO_DATA
2141,Goa Coast,15.84181,73.84604,2025-09-17 20:21:04,0.764,0.648,0.655,0.33,MEDIUM,SYNTHETIC_DEMO_DATA
2142,Andaman & Nicobar,11.44694,92.43068,2025-09-17 23:15:55,0.868,0.73,0.554,0.439,MEDIUM,SYNTHETIC_DEMO_DATA
2143,Lakshadweep,10.64534,72.68395,2025-09-18 02:10:46,0.601,0.607,0.431,0.559,MEDIUM,SYNTHETIC_DEMO_DATA
2144,Gujarat Coast,22.24827,69.6123,2025-09-18 05:05:37,0.59,0.531,0.543,0.582,MEDIUM,SYNTHETIC_DEMO_DATA
2145,Chennai Coast,13.00145,80.37849,2025-09-18 08:00:28,0.808,0.624,0.562,0.554,MEDIUM,SYNTHETIC_DEMO_DATA
2146,Kerala Coast,9.84283,76.22163,2025-09-18 10:55:19,0.797,0.808,0.675,0.39,MEDIUM,SYNTHETIC_DEMO_DATA
2147,Odisha Coast,19.55162,85.85737,2025-09-18 13:50:10,0.844,0.585,0.498,0.758,HIGH,SYNTHETIC_DEMO_DATA
2148,Lakshadweep,10.54814,72.81827,2025-09-18 16:45:01,0.721,0.813,0.693,0.223,LOW,SYNTHETIC_DEMO_DATA
2149,Andaman & Nicobar,11.59265,92.79696,2025-09-18 19:39:53,0.751,0.659,0.63,0.271,LOW,SYNTHETIC_DEMO_DATA
2150,Andaman & Nicobar,11.63992,92.62091,2025-09-18 22:34:44,0.928,0.758,0.771,0.339,MEDIUM,SYNTHETIC_DEMO_DATA
2151,Chennai Coast,13.31013,80.33423,2025-09-19 01:29:35,0.741,0.827,0.669,0.316,MEDIUM,SYNTHETIC_DEMO_DATA
2152,Chennai Coast,13.48582,80.57507,2025-09-19 04:24:26,0.691,0.571,0.56,0.47,MEDIUM,SYNTHETIC_DEMO_DATA
2153,Andaman & Nicobar,11.89905,92.59972,2025-09-19 07:19:17,0.613,0.594,0.624,0.438,MEDIUM,SYNTHETIC_DEMO_DATA
2154,Mumbai Coast,18.53058,72.88514,2025-09-19 10:14:08,0.738,0.647,0.625,0.437,MEDIUM,SYNTHETIC_DEMO_DATA
2155,Goa Coast,14.92849,73.75908,2025-09-19 13:08:59,0.617,0.641,0.618,0.367,MEDIUM,SYNTHETIC_DEMO_DATA
2156,Kerala Coast,9.98785,76.54831,2025-09-19 16:03:50,0.915,0.683,0.651,0.394,MEDIUM,SYNTHETIC_DEMO_DATA
2157,Kerala Coast,9.87821,76.75982,2025-09-19 18:58:41,0.86,0.66,0.575,0.449,MEDIUM,SYNTHETIC_DEMO_DATA
2158,Gujarat Coast,22.383,69.6143,2025-09-19 21:53:32,0.589,0.787,0.617,0.417,MEDIUM,SYNTHETIC_DEMO_DATA
2159,Andaman & Nicobar,11.91318,92.71859,2025-09-20 00:48:23,0.756,0.553,0.63,0.5,MEDIUM,SYNTHETIC_DEMO_DATA
2160,Chennai Coast,12.90359,80.11122,2025-09-20 03:43:14,0.757,0.605,0.481,0.584,MEDIUM,SYNTHETIC_DEMO_DATA
2161,Andaman & Nicobar,11.8533,92.69499,2025-09-20 06:38:05,0.725,0.767,0.743,0.247,LOW,SYNTHETIC_DEMO_DATA
2162,Visakhapatnam,17.72665,82.99363,2025-09-20 09:32:56,0.563,0.529,0.517,0.553,MEDIUM,SYNTHETIC_DEMO_DATA
2163,Kerala Coast,9.72276,76.29986,2025-09-20 12:27:47,0.808,0.764,0.531,0.534,MEDIUM,SYNTHETIC_DEMO_DATA
2164,Lakshadweep,10.67334,72.70858,2025-09-20 15:22:38,0.781,0.621,0.682,0.239,LOW,SYNTHETIC_DEMO_DATA
2165,Lakshadweep,10.42524,73.08481,2025-09-20 18:17:29,0.733,0.66,0.588,0.415,MEDIUM,SYNTHETIC_DEMO_DATA
2166,Lakshadweep,10.44427,72.77334,2025-09-20 21:12:21,0.729,0.738,0.651,0.345,MEDIUM,SYNTHETIC_DEMO_DATA
2167,Chennai Coast,13.29629,80.18569,2025-09-21 00:07:12,0.398,0.602,0.784,0.193,LOW,SYNTHETIC_DEMO_DATA
2168,Andaman & Nicobar,11.81448,92.72815,2025-09-21 03:02:03,0.671,0.852,0.535,0.378,MEDIUM,SYNTHETIC_DEMO_DATA
2169,Lakshadweep,10.61416,72.75198,2025-09-21 05:56:54,0.7,0.638,0.545,0.501,MEDIUM,SYNTHETIC_DEMO_DATA
2170,Lakshadweep,10.41394,72.55431,2025-09-21 08:51:45,0.628,0.655,0.706,0.406,MEDIUM,SYNTHETIC_DEMO_DATA
2171,Sundarbans,21.95892,89.21382,2025-09-21 11:46:36,0.683,0.884,0.59,0.444,MEDIUM,SYNTHETIC_DEMO_DATA
2172,Goa Coast,15.26818,74.1522,2025-09-21 14:41:27,0.97,0.757,0.504,0.396,MEDIUM,SYNTHETIC_DEMO_DATA
2173,Lakshadweep,10.58378,72.84529,2025-09-21 17:36:18,0.8,0.726,0.668,0.382,MEDIUM,SYNTHETIC_DEMO_DATA
2174,Goa Coast,15.86936,73.82646,2025-09-21 20:31:09,0.653,0.591,0.595,0.538,MEDIUM,SYNTHETIC_DEMO_DATA
2175,Visakhapatnam,17.54757,83.13381,2025-09-21 23:26:00,0.687,0.698,0.764,0.301,MEDIUM,SYNTHETIC_DEMO_DATA
2176,Goa Coast,15.33151,73.80884,2025-09-22 02:20:51,0.75,0.679,0.583,0.487,MEDIUM,SYNTHETIC_DEMO_DATA
2177,Odisha Coast,19.83671,86.25655,2025-09-22 05:15:42,0.832,0.629,0.519,0.457,MEDIUM,SYNTHETIC_DEMO_DATA
2178,Kerala Coast,9.62191,76.47949,2025-09-22 08:10:33,0.718,0.563,0.712,0.378,MEDIUM,SYNTHETIC_DEMO_DATA
2179,Gujarat Coast,22.36097,69.5685,2025-09-22 11:05:24,0.694,0.581,0.539,0.554,MEDIUM,SYNTHETIC_DEMO_DATA
2180,Kerala Coast,10.09824,76.18882,2025-09-22 14:00:15,0.877,0.751,0.557,0.468,MEDIUM,SYNTHETIC_DEMO_DATA
2181,Gujarat Coast,22.04337,69.57206,2025-09-22 16:55:06,0.652,0.606,0.628,0.506,MEDIUM,SYNTHETIC_DEMO_DATA
2182,Visakhapatnam,17.83818,83.6255,2025-09-22 19:49:57,0.622,0.536,0.658,0.462,MEDIUM,SYNTHETIC_DEMO_DATA
2183,Gujarat Coast,22.33322,69.77157,2025-09-22 22:44:49,0.696,0.656,0.673,0.471,MEDIUM,SYNTHETIC_DEMO_DATA
2184,Gujarat Coast,22.24763,69.88519,2025-09-23 01:39:40,0.704,0.807,0.563,0.392,MEDIUM,SYNTHETIC_DEMO_DATA
2185,Gujarat Coast,22.05936,69.96856,2025-09-23 04:34:31,0.595,0.891,0.596,0.305,MEDIUM,SYNTHETIC_DEMO_DATA
2186,Visakhapatnam,17.78937,83.43849,2025-09-23 07:29:22,0.673,0.59,0.699,0.329,MEDIUM,SYNTHETIC_DEMO_DATA
2187,Chennai Coast,13.18748,80.54664,2025-09-23 10:24:13,0.751,0.931,0.695,0.23,LOW,SYNTHETIC_DEMO_DATA
2188,Visakhapatnam,17.57101,83.31367,2025-09-23 13:19:04,0.545,0.389,0.641,0.521,MEDIUM,SYNTHETIC_DEMO_DATA
2189,Kerala Coast,9.8387,76.45314,2025-09-23 16:13:55,0.791,0.876,0.598,0.33,MEDIUM,SYNTHETIC_DEMO_DATA
2190,Mumbai Coast,19.06026,72.76525,2025-09-23 19:08:46,0.844,0.58,0.545,0.473,MEDIUM,SYNTHETIC_DEMO_DATA
2191,Chennai Coast,12.62962,80.5025,2025-09-23 22:03:37,0.536,0.844,0.773,0.263,LOW,SYNTHETIC_DEMO_DATA
2192,Kerala Coast,9.93076,76.3294,2025-09-24 00:58:28,0.908,0.669,0.633,0.369,MEDIUM,SYNTHETIC_DEMO_DATA
2193,Visakhapatnam,17.75266,83.36528,2025-09-24 03:53:19,0.681,0.762,0.648,0.476,MEDIUM,SYNTHETIC_DEMO_DATA
2194,Visakhapatnam,17.69037,83.44993,2025-09-24 06:48:10,0.796,0.823,0.554,0.348,MEDIUM,SYNTHETIC_DEMO_DATA
2195,Gujarat Coast,22.11235,69.75433,2025-09-24 09:43:01,0.678,0.821,0.664,0.416,MEDIUM,SYNTHETIC_DEMO_DATA
2196,Andaman & Nicobar,11.87739,92.84814,2025-09-24 12:37:52,0.705,0.716,0.671,0.264,LOW,SYNTHETIC_DEMO_DATA
2197,Visakhapatnam,17.43025,83.35293,2025-09-24 15:32:43,0.62,0.665,0.634,0.286,LOW,SYNTHETIC_DEMO_DATA
2198,Andaman & Nicobar,11.74879,92.90183,2025-09-24 18:27:34,0.906,0.688,0.706,0.392,MEDIUM,SYNTHETIC_DEMO_DATA
2199,Mumbai Coast,19.19809,73.02777,2025-09-24 21:22:25,0.965,0.692,0.568,0.517,MEDIUM,SYNTHETIC_DEMO_DATA
2200,Odisha Coast,19.87713,85.7637,2025-09-25 00:17:17,0.727,0.702,0.601,0.501,MEDIUM,SYNTHETIC_DEMO_DATA
2201,Chennai Coast,13.39139,80.5237,2025-09-25 03:12:08,0.581,0.731,0.699,0.344,MEDIUM,SYNTHETIC_DEMO_DATA
2202,Sundarbans,21.61485,88.76398,2025-09-25 06:06:59,0.646,0.835,0.718,0.341,MEDIUM,SYNTHETIC_DEMO_DATA
2203,Sundarbans,21.88757,89.01777,2025-09-25 09:01:50,0.692,0.697,0.737,0.399,MEDIUM,SYNTHETIC_DEMO_DATA
2204,Chennai Coast,13.19169,80.46184,2025-09-25 11:56:41,0.618,0.623,0.583,0.413,MEDIUM,SYNTHETIC_DEMO_DATA
2205,Kerala Coast,10.12673,76.29387,2025-09-25 14:51:32,0.632,0.616,0.486,0.568,MEDIUM,SYNTHETIC_DEMO_DATA
2206,Goa Coast,15.12254,73.35858,2025-09-25 17:46:23,0.54,0.636,0.687,0.414,MEDIUM,SYNTHETIC_DEMO_DATA
2207,Odisha Coast,19.99833,85.90711,2025-09-25 20:41:14,0.785,0.837,0.701,0.305,MEDIUM,SYNTHETIC_DEMO_DATA
2208,Andaman & Nicobar,11.6966,92.5501,2025-09-25 23:36:05,0.847,0.792,0.669,0.375,MEDIUM,SYNTHETIC_DEMO_DATA
2209,Visakhapatnam,17.97674,83.17256,2025-09-26 02:30:56,0.818,0.616,0.67,0.43,MEDIUM,SYNTHETIC_DEMO_DATA
2210,Odisha Coast,19.8371,85.73931,2025-09-26 05:25:47,0.768,0.696,0.464,0.577,MEDIUM,SYNTHETIC_DEMO_DATA
2211,Gujarat Coast,22.14833,69.35827,2025-09-26 08:20:38,0.689,0.741,0.766,0.33,MEDIUM,SYNTHETIC_DEMO_DATA
2212,Goa Coast,15.76057,73.93613,2025-09-26 11:15:29,0.794,0.711,0.678,0.362,MEDIUM,SYNTHETIC_DEMO_DATA
2213,Gujarat Coast,22.37448,69.88722,2025-09-26 14:10:20,0.651,0.684,0.726,0.341,MEDIUM,SYNTHETIC_DEMO_DATA
2214,Odisha Coast,19.71523,85.6925,2025-09-26 17:05:11,0.962,0.592,0.664,0.539,MEDIUM,SYNTHETIC_DEMO_DATA
2215,Odisha Coast,20.12827,85.93141,2025-09-26 20:00:02,0.843,0.711,0.632,0.485,MEDIUM,SYNTHETIC_DEMO_DATA
2216,Chennai Coast,13.27828,80.08673,2025-09-26 22:54:53,0.618,0.688,0.648,0.428,MEDIUM,SYNTHETIC_DEMO_DATA
2217,Kerala Coast,10.03928,76.55924,2025-09-27 01:49:44,0.797,0.876,0.769,0.254,LOW,SYNTHETIC_DEMO_DATA
2218,Lakshadweep,10.59744,72.5619,2025-09-27 04:44:36,0.906,0.823,0.681,0.36,MEDIUM,SYNTHETIC_DEMO_DATA
2219,Visakhapatnam,17.91053,83.33422,2025-09-27 07:39:27,0.537,0.648,0.7,0.321,MEDIUM,SYNTHETIC_DEMO_DATA
2220,Odisha Coast,19.83084,85.92682,2025-09-27 10:34:18,0.794,0.684,0.591,0.455,MEDIUM,SYNTHETIC_DEMO_DATA
2221,Lakshadweep,10.58661,72.43069,2025-09-27 13:29:09,0.664,0.6,0.586,0.333,MEDIUM,SYNTHETIC_DEMO_DATA
2222,Odisha Coast,19.70326,85.73198,2025-09-27 16:24:00,0.662,0.851,0.641,0.395,MEDIUM,SYNTHETIC_DEMO_DATA
2223,Sundarbans,21.735,89.22737,2025-09-27 19:18:51,0.783,0.486,0.481,0.642,HIGH,SYNTHETIC_DEMO_DATA
2224,Kerala Coast,10.05518,75.70054,2025-09-27 22:13:42,0.95,0.712,0.555,0.467,MEDIUM,SYNTHETIC_DEMO_DATA
2225,Kerala Coast,9.98985,76.42904,2025-09-28 01:08:33,0.68,0.736,0.718,0.42,MEDIUM,SYNTHETIC_DEMO_DATA
2226,Gujarat Coast,21.8385,69.64743,2025-09-28 04:03:24,0.698,0.684,0.77,0.297,LOW,SYNTHETIC_DEMO_DATA
2227,Andaman & Nicobar,11.70631,92.37621,2025-09-28 06:58:15,0.636,0.563,0.641,0.376,MEDIUM,SYNTHETIC_DEMO_DATA
2228,Lakshadweep,10.4938,72.61717,2025-09-28 09:53:06,0.605,0.603,0.546,0.317,MEDIUM,SYNTHETIC_DEMO_DATA
2229,Visakhapatnam,18.10661,83.05449,2025-09-28 12:47:57,0.672,0.774,0.728,0.218,LOW,SYNTHETIC_DEMO_DATA
2230,Lakshadweep,10.58499,72.6909,2025-09-28 15:42:48,0.941,0.785,0.683,0.43,MEDIUM,SYNTHETIC_DEMO_DATA
2231,Gujarat Coast,22.50166,69.68812,2025-09-28 18:37:39,0.61,0.674,0.708,0.356,MEDIUM,SYNTHETIC_DEMO_DATA
2232,Sundarbans,22.00598,89.02482,2025-09-28 21:32:30,0.85,0.803,0.682,0.418,MEDIUM,SYNTHETIC_DEMO_DATA
2233,Lakshadweep,10.72578,72.61864,2025-09-29 00:27:21,0.731,0.718,0.606,0.419,MEDIUM,SYNTHETIC_DEMO_DATA
2234,Odisha Coast,19.69406,85.7637,2025-09-29 03:22:12,0.772,0.714,0.666,0.323,MEDIUM,SYNTHETIC_DEMO_DATA
2235,Mumbai Coast,18.93504,72.788,2025-09-29 06:17:04,0.627,0.641,0.504,0.524,MEDIUM,SYNTHETIC_DEMO_DATA
2236,Goa Coast,15.66228,73.87929,2025-09-29 09:11:55,0.742,0.716,0.857,0.31,MEDIUM,SYNTHETIC_DEMO_DATA
2237,Visakhapatnam,17.91919,83.22657,2025-09-29 12:06:46,0.75,0.761,0.899,0.241,LOW,SYNTHETIC_DEMO_DATA
2238,Visakhapatnam,17.63646,83.00152,2025-09-29 15:01:37,0.581,0.758,0.621,0.376,MEDIUM,SYNTHETIC_DEMO_DATA
2239,Kerala Coast,10.21963,76.41072,2025-09-29 17:56:28,0.811,0.649,0.617,0.421,MEDIUM,SYNTHETIC_DEMO_DATA
2240,Andaman & Nicobar,11.62758,92.68629,2025-09-29 20:51:19,0.535,0.583,0.442,0.537,MEDIUM,SYNTHETIC_DEMO_DATA
2241,Visakhapatnam,17.63034,83.39095,2025-09-29 23:46:10,0.734,0.847,0.595,0.301,MEDIUM,SYNTHETIC_DEMO_DATA
2242,Gujarat Coast,22.33376,69.8398,2025-09-30 02:41:01,0.725,0.664,0.472,0.48,MEDIUM,SYNTHETIC_DEMO_DATA
2243,Kerala Coast,10.17539,76.37487,2025-09-30 05:35:52,0.899,0.769,0.704,0.458,MEDIUM,SYNTHETIC_DEMO_DATA
2244,Odisha Coast,20.10449,85.88838,2025-09-30 08:30:43,0.643,0.636,0.702,0.608,HIGH,SYNTHETIC_DEMO_DATA
2245,Goa Coast,15.50697,73.85391,2025-09-30 11:25:34,0.754,0.791,0.646,0.366,MEDIUM,SYNTHETIC_DEMO_DATA
2246,Andaman & Nicobar,11.88817,92.55932,2025-09-30 14:20:25,0.723,0.501,0.643,0.317,MEDIUM,SYNTHETIC_DEMO_DATA
2247,Mumbai Coast,18.97387,72.69313,2025-09-30 17:15:16,0.827,0.689,0.464,0.509,MEDIUM,SYNTHETIC_DEMO_DATA
2248,Odisha Coast,19.95611,85.80272,2025-09-30 20:10:07,0.654,0.726,0.619,0.387,MEDIUM,SYNTHETIC_DEMO_DATA
2249,Odisha Coast,19.7853,85.41874,2025-09-30 23:04:58,0.796,0.827,0.48,0.42,MEDIUM,SYNTHETIC_DEMO_DATA
2250,Kerala Coast,10.22772,76.34863,2025-10-01 01:59:49,0.514,0.72,0.613,0.323,MEDIUM,SYNTHETIC_DEMO_DATA
2251,Mumbai Coast,18.85702,72.89326,2025-10-01 04:54:40,0.455,0.602,0.654,0.352,MEDIUM,SYNTHETIC_DEMO_DATA
2252,Mumbai Coast,18.962,72.8219,2025-10-01 07:49:32,0.448,0.582,0.65,0.354,MEDIUM,SYNTHETIC_DEMO_DATA
2253,Visakhapatnam,17.73771,83.24565,2025-10-01 10:44:23,0.44,0.656,0.753,0.246,LOW,SYNTHETIC_DEMO_DATA
2254,Mumbai Coast,19.18796,72.89736,2025-10-01 13:39:14,0.512,0.601,0.774,0.309,MEDIUM,SYNTHETIC_DEMO_DATA
2255,Visakhapatnam,17.63308,82.85825,2025-10-01 16:34:05,0.572,0.614,0.636,0.344,MEDIUM,SYNTHETIC_DEMO_DATA
2256,Gujarat Coast,21.96446,69.8534,2025-10-01 19:28:56,0.306,0.707,0.581,0.344,MEDIUM,SYNTHETIC_DEMO_DATA
2257,Goa Coast,15.24901,73.80585,2025-10-01 22:23:47,0.458,0.617,0.635,0.399,MEDIUM,SYNTHETIC_DEMO_DATA
2258,Gujarat Coast,22.13852,69.3416,2025-10-02 01:18:38,0.211,0.769,0.667,0.144,LOW,SYNTHETIC_DEMO_DATA
2259,Sundarbans,21.95216,89.28143,2025-10-02 04:13:29,0.464,0.71,0.632,0.366,MEDIUM,SYNTHETIC_DEMO_DATA
2260,Lakshadweep,10.55272,72.50446,2025-10-02 07:08:20,0.479,0.735,0.61,0.293,LOW,SYNTHETIC_DEMO_DATA
2261,Sundarbans,21.55865,88.98915,2025-10-02 10:03:11,0.713,0.804,0.716,0.389,MEDIUM,SYNTHETIC_DEMO_DATA
2262,Lakshadweep,10.66178,72.80055,2025-10-02 12:58:02,0.502,0.479,0.612,0.405,MEDIUM,SYNTHETIC_DEMO_DATA
2263,Sundarbans,21.70368,88.98606,2025-10-02 15:52:53,0.494,0.629,0.747,0.245,LOW,SYNTHETIC_DEMO_DATA
2264,Mumbai Coast,18.70159,72.60526,2025-10-02 18:47:44,0.453,0.649,0.589,0.387,MEDIUM,SYNTHETIC_DEMO_DATA
2265,Odisha Coast,19.6971,85.71914,2025-10-02 21:42:35,0.67,0.473,0.567,0.623,HIGH,SYNTHETIC_DEMO_DATA
2266,Sundarbans,22.0393,89.13576,2025-10-03 00:37:26,0.506,0.819,0.646,0.315,MEDIUM,SYNTHETIC_DEMO_DATA
2267,Gujarat Coast,22.2974,69.15731,2025-10-03 03:32:17,0.322,0.752,0.673,0.261,LOW,SYNTHETIC_DEMO_DATA
2268,Goa Coast,15.59025,74.02508,2025-10-03 06:27:08,0.522,0.592,0.514,0.512,MEDIUM,SYNTHETIC_DEMO_DATA
2269,Odisha Coast,19.62525,85.95232,2025-10-03 09:22:00,0.525,0.685,0.708,0.283,LOW,SYNTHETIC_DEMO_DATA
2270,Lakshadweep,10.39655,72.60899,2025-10-03 12:16:51,0.294,0.627,0.7,0.261,LOW,SYNTHETIC_DEMO_DATA
2271,Chennai Coast,12.74148,80.30322,2025-10-03 15:11:42,0.412,0.607,0.354,0.403,MEDIUM,SYNTHETIC_DEMO_DATA
2272,Chennai Coast,13.11822,80.48329,2025-10-03 18:06:33,0.433,0.67,0.684,0.305,MEDIUM,SYNTHETIC_DEMO_DATA
2273,Visakhapatnam,17.90536,83.34127,2025-10-03 21:01:24,0.334,0.632,0.732,0.241,LOW,SYNTHETIC_DEMO_DATA
2274,Kerala Coast,9.5562,76.11795,2025-10-03 23:56:15,0.361,0.604,0.608,0.453,MEDIUM,SYNTHETIC_DEMO_DATA
2275,Odisha Coast,19.8526,85.78671,2025-10-04 02:51:06,0.639,0.672,0.597,0.377,MEDIUM,SYNTHETIC_DEMO_DATA
2276,Kerala Coast,10.10132,76.34159,2025-10-04 05:45:57,0.255,0.723,0.803,0.309,MEDIUM,SYNTHETIC_DEMO_DATA
2277,Visakhapatnam,17.52378,83.45265,2025-10-04 08:40:48,0.459,0.881,0.785,0.202,LOW,SYNTHETIC_DEMO_DATA
2278,Sundarbans,22.00937,89.19057,2025-10-04 11:35:39,0.564,0.529,0.901,0.449,MEDIUM,SYNTHETIC_DEMO_DATA
2279,Chennai Coast,13.67117,80.48861,2025-10-04 14:30:30,0.458,0.66,0.738,0.332,MEDIUM,SYNTHETIC_DEMO_DATA
2280,Gujarat Coast,22.56065,69.6834,2025-10-04 17:25:21,0.352,0.819,0.656,0.268,LOW,SYNTHETIC_DEMO_DATA
2281,Goa Coast,15.22763,73.65787,2025-10-04 20:20:12,0.31,0.407,0.432,0.513,MEDIUM,SYNTHETIC_DEMO_DATA
2282,Chennai Coast,12.77223,80.51806,2025-10-04 23:15:03,0.416,0.541,0.542,0.553,MEDIUM,SYNTHETIC_DEMO_DATA
2283,Chennai Coast,12.91583,80.37234,2025-10-05 02:09:54,0.502,0.742,0.591,0.351,MEDIUM,SYNTHETIC_DEMO_DATA
2284,Goa Coast,15.34269,73.9833,2025-10-05 05:04:45,0.626,0.834,0.672,0.162,LOW,SYNTHETIC_DEMO_DATA
2285,Gujarat Coast,22.45557,69.31323,2025-10-05 07:59:36,0.487,0.61,0.649,0.581,MEDIUM,SYNTHETIC_DEMO_DATA
2286,Andaman & Nicobar,11.59323,92.67577,2025-10-05 10:54:28,0.335,0.58,0.697,0.342,MEDIUM,SYNTHETIC_DEMO_DATA
2287,Lakshadweep,10.24862,72.78469,2025-10-05 13:49:19,0.356,0.668,0.673,0.305,MEDIUM,SYNTHETIC_DEMO_DATA
2288,Andaman & Nicobar,11.95169,92.78256,2025-10-05 16:44:10,0.323,0.841,0.646,0.222,LOW,SYNTHETIC_DEMO_DATA
2289,Lakshadweep,10.67599,72.58067,2025-10-05 19:39:01,0.285,0.574,0.784,0.291,LOW,SYNTHETIC_DEMO_DATA
2290,Kerala Coast,9.95613,76.00484,2025-10-05 22:33:52,0.567,0.412,0.466,0.631,HIGH,SYNTHETIC_DEMO_DATA
2291,Chennai Coast,13.15191,80.19272,2025-10-06 01:28:43,0.271,0.523,0.475,0.533,MEDIUM,SYNTHETIC_DEMO_DATA
2292,Chennai Coast,13.08064,80.14141,2025-10-06 04:23:34,0.406,0.653,0.674,0.335,MEDIUM,SYNTHETIC_DEMO_DATA
2293,Visakhapatnam,17.79455,83.38308,2025-10-06 07:18:25,0.534,0.751,0.85,0.286,LOW,SYNTHETIC_DEMO_DATA
2294,Goa Coast,15.27785,73.7477,2025-10-06 10:13:16,0.553,0.634,0.513,0.542,MEDIUM,SYNTHETIC_DEMO_DATA
2295,Goa Coast,15.67996,73.47145,2025-10-06 13:08:07,0.459,0.628,0.721,0.282,LOW,SYNTHETIC_DEMO_DATA
2296,Andaman & Nicobar,11.69191,92.55384,2025-10-06 16:02:58,0.356,0.666,0.603,0.247,LOW,SYNTHETIC_DEMO_DATA
2297,Odisha Coast,19.94315,86.10225,2025-10-06 18:57:49,0.614,0.406,0.511,0.639,HIGH,SYNTHETIC_DEMO_DATA
2298,Kerala Coast,10.11102,76.55408,2025-10-06 21:52:40,0.345,0.668,0.681,0.43,MEDIUM,SYNTHETIC_DEMO_DATA
2299,Visakhapatnam,18.08929,83.41104,2025-10-07 00:47:31,0.522,0.623,0.718,0.39,MEDIUM,SYNTHETIC_DEMO_DATA
2300,Andaman & Nicobar,11.51023,92.70346,2025-10-07 03:42:22,0.341,0.524,0.823,0.195,LOW,SYNTHETIC_DEMO_DATA
2301,Visakhapatnam,17.6604,83.08141,2025-10-07 06:37:13,0.424,0.696,0.715,0.296,LOW,SYNTHETIC_DEMO_DATA
2302,Odisha Coast,19.83051,85.79911,2025-10-07 09:32:04,0.416,0.584,0.639,0.442,MEDIUM,SYNTHETIC_DEMO_DATA
2303,Mumbai Coast,19.00911,72.88931,2025-10-07 12:26:56,0.396,0.613,0.601,0.367,MEDIUM,SYNTHETIC_DEMO_DATA
2304,Andaman & Nicobar,11.82798,92.84141,2025-10-07 15:21:47,0.557,0.594,0.613,0.467,MEDIUM,SYNTHETIC_DEMO_DATA
2305,Lakshadweep,11.02156,72.22689,2025-10-07 18:16:38,0.349,0.6,0.721,0.264,LOW,SYNTHETIC_DEMO_DATA
2306,Sundarbans,22.25305,89.28679,2025-10-07 21:11:29,0.412,0.691,0.804,0.311,MEDIUM,SYNTHETIC_DEMO_DATA
2307,Chennai Coast,13.21182,80.30998,2025-10-08 00:06:20,0.353,0.723,0.731,0.269,LOW,SYNTHETIC_DEMO_DATA
2308,Odisha Coast,19.73687,85.91867,2025-10-08 03:01:11,0.553,0.731,0.732,0.339,MEDIUM,SYNTHETIC_DEMO_DATA
2309,Chennai Coast,13.3071,79.93893,2025-10-08 05:56:02,0.379,0.751,0.68,0.335,MEDIUM,SYNTHETIC_DEMO_DATA
2310,Mumbai Coast,19.26998,72.63524,2025-10-08 08:50:53,0.686,0.662,0.722,0.378,MEDIUM,SYNTHETIC_DEMO_DATA
2311,Visakhapatnam,17.76764,83.43615,2025-10-08 11:45:44,0.378,0.636,0.636,0.349,MEDIUM,SYNTHETIC_DEMO_DATA
2312,Sundarbans,22.30622,89.13322,2025-10-08 14:40:35,0.584,0.659,0.737,0.408,MEDIUM,SYNTHETIC_DEMO_DATA
2313,Mumbai Coast,18.96069,72.69597,2025-10-08 17:35:26,0.454,0.513,0.544,0.53,MEDIUM,SYNTHETIC_DEMO_DATA
2314,Sundarbans,22.04851,89.20777,2025-10-08 20:30:17,0.287,0.703,0.726,0.335,MEDIUM,SYNTHETIC_DEMO_DATA
2315,Visakhapatnam,17.63738,83.36832,2025-10-08 23:25:08,0.533,0.663,0.726,0.327,MEDIUM,SYNTHETIC_DEMO_DATA
2316,Sundarbans,21.73132,89.3121,2025-10-09 02:19:59,0.415,0.587,0.693,0.246,LOW,SYNTHETIC_DEMO_DATA
2317,Sundarbans,22.39682,89.2196,2025-10-09 05:14:50,0.406,0.663,0.57,0.488,MEDIUM,SYNTHETIC_DEMO_DATA
2318,Kerala Coast,9.6778,76.29912,2025-10-09 08:09:41,0.252,0.568,0.66,0.312,MEDIUM,SYNTHETIC_DEMO_DATA
2319,Andaman & Nicobar,11.98395,92.32054,2025-10-09 11:04:32,0.497,0.541,0.603,0.312,MEDIUM,SYNTHETIC_DEMO_DATA
2320,Goa Coast,15.58714,73.69647,2025-10-09 13:59:23,0.395,0.516,0.639,0.32,MEDIUM,SYNTHETIC_DEMO_DATA
2321,Sundarbans,21.88585,89.15796,2025-10-09 16:54:15,0.477,0.483,0.566,0.586,MEDIUM,SYNTHETIC_DEMO_DATA
2322,Sundarbans,21.86615,88.73926,2025-10-09 19:49:06,0.453,0.778,0.613,0.455,MEDIUM,SYNTHETIC_DEMO_DATA
2323,Chennai Coast,12.8689,80.09459,2025-10-09 22:43:57,0.36,0.624,0.705,0.402,MEDIUM,SYNTHETIC_DEMO_DATA
2324,Gujarat Coast,22.20585,69.54313,2025-10-10 01:38:48,0.513,0.763,0.648,0.41,MEDIUM,SYNTHETIC_DEMO_DATA
2325,Goa Coast,15.56831,74.32539,2025-10-10 04:33:39,0.351,0.725,0.563,0.448,MEDIUM,SYNTHETIC_DEMO_DATA
2326,Andaman & Nicobar,12.0087,92.48501,2025-10-10 07:28:30,0.438,0.528,0.587,0.564,MEDIUM,SYNTHETIC_DEMO_DATA
2327,Chennai Coast,13.36573,80.33775,2025-10-10 10:23:21,0.306,0.727,0.757,0.254,LOW,SYNTHETIC_DEMO_DATA
2328,Odisha Coast,20.00694,85.62482,2025-10-10 13:18:12,0.596,0.562,0.499,0.525,MEDIUM,SYNTHETIC_DEMO_DATA
2329,Sundarbans,22.09621,89.57838,2025-10-10 16:13:03,0.414,0.694,0.588,0.427,MEDIUM,SYNTHETIC_DEMO_DATA
2330,Odisha Coast,19.82844,85.77273,2025-10-10 19:07:54,0.358,0.695,0.705,0.412,MEDIUM,SYNTHETIC_DEMO_DATA
2331,Sundarbans,21.4988,89.35174,2025-10-10 22:02:45,0.541,0.746,0.634,0.322,MEDIUM,SYNTHETIC_DEMO_DATA
2332,Andaman & Nicobar,11.73434,92.5894,2025-10-11 00:57:36,0.284,0.522,0.543,0.408,MEDIUM,SYNTHETIC_DEMO_DATA
2333,Visakhapatnam,17.66982,83.03672,2025-10-11 03:52:27,0.338,0.716,0.624,0.28,LOW,SYNTHETIC_DEMO_DATA
2334,Andaman & Nicobar,11.91167,92.66238,2025-10-11 06:47:18,0.402,0.779,0.6,0.294,LOW,SYNTHETIC_DEMO_DATA
2335,Mumbai Coast,18.74905,72.97883,2025-10-11 09:42:09,0.549,0.477,0.675,0.54,MEDIUM,SYNTHETIC_DEMO_DATA
2336,Mumbai Coast,18.8258,72.95616,2025-10-11 12:37:00,0.586,0.6,0.709,0.378,MEDIUM,SYNTHETIC_DEMO_DATA
2337,Kerala Coast,10.43612,76.36579,2025-10-11 15:31:51,0.633,0.59,0.49,0.607,HIGH,SYNTHETIC_DEMO_DATA
2338,Andaman & Nicobar,11.67862,92.67574,2025-10-11 18:26:43,0.575,0.773,0.761,0.204,LOW,SYNTHETIC_DEMO_DATA
2339,Sundarbans,22.06295,89.26381,2025-10-11 21:21:34,0.466,0.694,0.753,0.247,LOW,SYNTHETIC_DEMO_DATA
2340,Sundarbans,21.9147,89.17255,2025-10-12 00:16:25,0.579,0.692,0.574,0.388,MEDIUM,SYNTHETIC_DEMO_DATA
2341,Kerala Coast,10.06043,76.5286,2025-10-12 03:11:16,0.456,0.649,0.553,0.585,MEDIUM,SYNTHETIC_DEMO_DATA
2342,Chennai Coast,13.05883,80.1661,2025-10-12 06:06:07,0.293,0.676,0.665,0.213,LOW,SYNTHETIC_DEMO_DATA
2343,Mumbai Coast,18.81722,72.77921,2025-10-12 09:00:58,0.352,0.641,0.746,0.319,MEDIUM,SYNTHETIC_DEMO_DATA
2344,Goa Coast,15.69669,74.06428,2025-10-12 11:55:49,0.537,0.645,0.625,0.25,LOW,SYNTHETIC_DEMO_DATA
2345,Mumbai Coast,18.83472,72.52652,2025-10-12 14:50:40,0.33,0.568,0.649,0.385,MEDIUM,SYNTHETIC_DEMO_DATA
2346,Visakhapatnam,18.2173,83.19279,2025-10-12 17:45:31,0.626,0.883,0.761,0.094,LOW,SYNTHETIC_DEMO_DATA
2347,Chennai Coast,13.39689,80.49736,2025-10-12 20:40:22,0.336,0.779,0.725,0.187,LOW,SYNTHETIC_DEMO_DATA
2348,Goa Coast,15.41151,73.48588,2025-10-12 23:35:13,0.329,0.494,0.624,0.343,MEDIUM,SYNTHETIC_DEMO_DATA
2349,Visakhapatnam,17.81055,83.0352,2025-10-13 02:30:04,0.286,0.74,0.561,0.24,LOW,SYNTHETIC_DEMO_DATA
2350,Mumbai Coast,18.71681,72.70191,2025-10-13 05:24:55,0.376,0.631,0.656,0.285,LOW,SYNTHETIC_DEMO_DATA
2351,Mumbai Coast,18.77306,72.92412,2025-10-13 08:19:46,0.437,0.579,0.619,0.375,MEDIUM,SYNTHETIC_DEMO_DATA
2352,Goa Coast,15.39877,74.03126,2025-10-13 11:14:37,0.651,0.916,0.699,0.221,LOW,SYNTHETIC_DEMO_DATA
2353,Goa Coast,15.67536,73.43556,2025-10-13 14:09:28,0.652,0.69,0.763,0.271,LOW,SYNTHETIC_DEMO_DATA
2354,Kerala Coast,10.07425,76.35582,2025-10-13 17:04:19,0.574,0.65,0.535,0.347,MEDIUM,SYNTHETIC_DEMO_DATA
2355,Chennai Coast,13.37917,80.05976,2025-10-13 19:59:11,0.419,0.706,0.731,0.257,LOW,SYNTHETIC_DEMO_DATA
2356,Chennai Coast,12.63568,80.24737,2025-10-13 22:54:02,0.288,0.54,0.588,0.512,MEDIUM,SYNTHETIC_DEMO_DATA
2357,Kerala Coast,10.024,76.36131,2025-10-14 01:48:53,0.478,0.76,0.655,0.266,LOW,SYNTHETIC_DEMO_DATA
2358,Visakhapatnam,17.89276,83.28164,2025-10-14 04:43:44,0.365,0.745,0.604,0.31,MEDIUM,SYNTHETIC_DEMO_DATA
2359,Gujarat Coast,21.93868,69.66236,2025-10-14 07:38:35,0.437,0.533,0.61,0.343,MEDIUM,SYNTHETIC_DEMO_DATA
2360,Visakhapatnam,17.66381,83.16512,2025-10-14 10:33:26,0.43,0.722,0.531,0.385,MEDIUM,SYNTHETIC_DEMO_DATA
2361,Gujarat Coast,22.03544,69.77393,2025-10-14 13:28:17,0.352,0.632,0.644,0.397,MEDIUM,SYNTHETIC_DEMO_DATA
2362,Goa Coast,15.639,73.94379,2025-10-14 16:23:08,0.554,0.788,0.597,0.361,MEDIUM,SYNTHETIC_DEMO_DATA
2363,Lakshadweep,10.98823,72.40787,2025-10-14 19:17:59,0.358,0.661,0.523,0.448,MEDIUM,SYNTHETIC_DEMO_DATA
2364,Odisha Coast,19.7826,85.52081,2025-10-14 22:12:50,0.463,0.554,0.628,0.403,MEDIUM,SYNTHETIC_DEMO_DATA
2365,Goa Coast,15.75284,73.85206,2025-10-15 01:07:41,0.486,0.746,0.759,0.178,LOW,SYNTHETIC_DEMO_DATA
2366,Sundarbans,22.02389,89.02551,2025-10-15 04:02:32,0.406,0.618,0.721,0.34,MEDIUM,SYNTHETIC_DEMO_DATA
2367,Chennai Coast,13.28095,79.86356,2025-10-15 06:57:23,0.506,0.751,0.694,0.394,MEDIUM,SYNTHETIC_DEMO_DATA
2368,Odisha Coast,19.90394,86.19941,2025-10-15 09:52:14,0.393,0.61,0.614,0.383,MEDIUM,SYNTHETIC_DEMO_DATA
2369,Odisha Coast,19.97499,85.68444,2025-10-15 12:47:05,0.516,0.607,0.603,0.436,MEDIUM,SYNTHETIC_DEMO_DATA
2370,Odisha Coast,19.78821,86.02275,2025-10-15 15:41:56,0.573,0.55,0.735,0.503,MEDIUM,SYNTHETIC_DEMO_DATA
2371,Sundarbans,21.79637,88.80883,2025-10-15 18:36:47,0.408,0.765,0.735,0.386,MEDIUM,SYNTHETIC_DEMO_DATA
2372,Andaman & Nicobar,11.78202,92.717,2025-10-15 21:31:39,0.46,0.678,0.69,0.439,MEDIUM,SYNTHETIC_DEMO_DATA
2373,Sundarbans,22.06127,89.13187,2025-10-16 00:26:30,0.383,0.554,0.451,0.712,HIGH,SYNTHETIC_DEMO_DATA
2374,Chennai Coast,13.28192,80.5357,2025-10-16 03:21:21,0.446,0.664,0.757,0.358,MEDIUM,SYNTHETIC_DEMO_DATA
2375,Gujarat Coast,21.91801,69.39124,2025-10-16 06:16:12,0.354,0.606,0.71,0.314,MEDIUM,SYNTHETIC_DEMO_DATA
2376,Lakshadweep,10.31469,72.51023,2025-10-16 09:11:03,0.333,0.737,0.554,0.266,LOW,SYNTHETIC_DEMO_DATA
2377,Andaman & Nicobar,11.72718,92.65061,2025-10-16 12:05:54,0.459,0.794,0.634,0.24,LOW,SYNTHETIC_DEMO_DATA
2378,Odisha Coast,19.62563,85.73238,2025-10-16 15:00:45,0.621,0.619,0.756,0.288,LOW,SYNTHETIC_DEMO_DATA
2379,Lakshadweep,10.82763,72.66817,2025-10-16 17:55:36,0.283,0.612,0.733,0.273,LOW,SYNTHETIC_DEMO_DATA
2380,Gujarat Coast,22.31841,69.48838,2025-10-16 20:50:27,0.465,0.709,0.701,0.281,LOW,SYNTHETIC_DEMO_DATA
2381,Odisha Coast,19.88235,85.69258,2025-10-16 23:45:18,0.608,0.787,0.506,0.528,MEDIUM,SYNTHETIC_DEMO_DATA
2382,Kerala Coast,9.6345,75.95661,2025-10-17 02:40:09,0.472,0.573,0.67,0.382,MEDIUM,SYNTHETIC_DEMO_DATA
2383,Lakshadweep,10.78583,72.75555,2025-10-17 05:35:00,0.339,0.468,0.411,0.652,HIGH,SYNTHETIC_DEMO_DATA
2384,Chennai Coast,13.32764,80.5003,2025-10-17 08:29:51,0.3,0.652,0.609,0.37,MEDIUM,SYNTHETIC_DEMO_DATA
2385,Odisha Coast,19.96624,85.69148,2025-10-17 11:24:42,0.498,0.629,0.594,0.443,MEDIUM,SYNTHETIC_DEMO_DATA
2386,Andaman & Nicobar,11.99025,92.70753,2025-10-17 14:19:33,0.427,0.727,0.663,0.358,MEDIUM,SYNTHETIC_DEMO_DATA
2387,Lakshadweep,10.4255,72.5718,2025-10-17 17:14:24,0.417,0.596,0.563,0.431,MEDIUM,SYNTHETIC_DEMO_DATA
2388,Lakshadweep,10.44764,72.84532,2025-10-17 20:09:15,0.251,0.733,0.765,0.203,LOW,SYNTHETIC_DEMO_DATA
2389,Lakshadweep,10.35433,72.6644,2025-10-17 23:04:07,0.26,0.74,0.604,0.198,LOW,SYNTHETIC_DEMO_DATA
2390,Andaman & Nicobar,11.52986,93.1976,2025-10-18 01:58:58,0.281,0.619,0.725,0.337,MEDIUM,SYNTHETIC_DEMO_DATA
2391,Kerala Coast,10.03355,76.07444,2025-10-18 04:53:49,0.509,0.701,0.715,0.305,MEDIUM,SYNTHETIC_DEMO_DATA
2392,Odisha Coast,19.84411,86.1273,2025-10-18 07:48:40,0.558,0.594,0.62,0.477,MEDIUM,SYNTHETIC_DEMO_DATA
2393,Gujarat Coast,22.54162,69.27059,2025-10-18 10:43:31,0.41,0.515,0.689,0.54,MEDIUM,SYNTHETIC_DEMO_DATA
2394,Visakhapatnam,17.75225,83.35661,2025-10-18 13:38:22,0.332,0.631,0.665,0.236,LOW,SYNTHETIC_DEMO_DATA
2395,Kerala Coast,9.87129,76.44722,2025-10-18 16:33:13,0.437,0.648,0.715,0.354,MEDIUM,SYNTHETIC_DEMO_DATA
2396,Gujarat Coast,22.19422,69.75298,2025-10-18 19:28:04,0.393,0.676,0.536,0.532,MEDIUM,SYNTHETIC_DEMO_DATA
2397,Lakshadweep,10.64763,72.38317,2025-10-18 22:22:55,0.302,0.778,0.705,0.269,LOW,SYNTHETIC_DEMO_DATA
2398,Visakhapatnam,17.79355,83.33566,2025-10-19 01:17:46,0.314,0.581,0.533,0.535,MEDIUM,SYNTHETIC_DEMO_DATA
2399,Visakhapatnam,17.65398,83.37696,2025-10-19 04:12:37,0.534,0.648,0.671,0.415,MEDIUM,SYNTHETIC_DEMO_DATA
2400,Goa Coast,15.84056,73.91989,2025-10-19 07:07:28,0.42,0.762,0.791,0.273,LOW,SYNTHETIC_DEMO_DATA
2401,Sundarbans,21.58769,88.90657,2025-10-19 10:02:19,0.412,0.649,0.427,0.649,HIGH,SYNTHETIC_DEMO_DATA
2402,Mumbai Coast,19.02848,72.79796,2025-10-19 12:57:10,0.532,0.452,0.526,0.506,MEDIUM,SYNTHETIC_DEMO_DATA
2403,Goa Coast,15.73196,73.99785,2025-10-19 15:52:01,0.313,0.599,0.658,0.416,MEDIUM,SYNTHETIC_DEMO_DATA
2404,Mumbai Coast,18.82555,72.48083,2025-10-19 18:46:52,0.299,0.639,0.69,0.203,LOW,SYNTHETIC_DEMO_DATA
2405,Chennai Coast,13.09222,79.75545,2025-10-19 21:41:43,0.491,0.877,0.722,0.181,LOW,SYNTHETIC_DEMO_DATA
2406,Andaman & Nicobar,11.95807,92.44536,2025-10-20 00:36:34,0.525,0.681,0.678,0.224,LOW,SYNTHETIC_DEMO_DATA
2407,Chennai Coast,13.35415,80.12383,2025-10-20 03:31:26,0.406,0.631,0.705,0.323,MEDIUM,SYNTHETIC_DEMO_DATA
2408,Goa Coast,15.22733,73.69768,2025-10-20 06:26:17,0.307,0.492,0.551,0.504,MEDIUM,SYNTHETIC_DEMO_DATA
2409,Kerala Coast,9.94214,76.3207,2025-10-20 09:21:08,0.483,0.581,0.601,0.407,MEDIUM,SYNTHETIC_DEMO_DATA
2410,Sundarbans,22.01614,89.53063,2025-10-20 12:15:59,0.572,0.582,0.596,0.383,MEDIUM,SYNTHETIC_DEMO_DATA
2411,Mumbai Coast,19.06361,73.20443,2025-10-20 15:10:50,0.532,0.716,0.49,0.405,MEDIUM,SYNTHETIC_DEMO_DATA
2412,Sundarbans,21.94107,89.31377,2025-10-20 18:05:41,0.615,0.734,0.647,0.391,MEDIUM,SYNTHETIC_DEMO_DATA
2413,Lakshadweep,10.54847,72.28689,2025-10-20 21:00:32,0.303,0.617,0.635,0.466,MEDIUM,SYNTHETIC_DEMO_DATA
2414,Gujarat Coast,22.43886,69.55101,2025-10-20 23:55:23,0.308,0.601,0.632,0.393,MEDIUM,SYNTHETIC_DEMO_DATA
2415,Chennai Coast,13.07936,79.79132,2025-10-21 02:50:14,0.418,0.583,0.528,0.471,MEDIUM,SYNTHETIC_DEMO_DATA
2416,Kerala Coast,9.79142,76.33266,2025-10-21 05:45:05,0.397,0.623,0.682,0.279,LOW,SYNTHETIC_DEMO_DATA
2417,Gujarat Coast,22.23366,69.51668,2025-10-21 08:39:56,0.292,0.637,0.709,0.23,LOW,SYNTHETIC_DEMO_DATA
2418,Visakhapatnam,17.55157,83.24535,2025-10-21 11:34:47,0.414,0.538,0.658,0.248,LOW,SYNTHETIC_DEMO_DATA
2419,Visakhapatnam,17.77532,83.35099,2025-10-21 14:29:38,0.358,0.642,0.649,0.349,MEDIUM,SYNTHETIC_DEMO_DATA
2420,Kerala Coast,9.7933,76.01419,2025-10-21 17:24:29,0.531,0.769,0.571,0.407,MEDIUM,SYNTHETIC_DEMO_DATA
2421,Visakhapatnam,17.60465,83.17361,2025-10-21 20:19:20,0.55,0.582,0.771,0.302,MEDIUM,SYNTHETIC_DEMO_DATA
2422,Goa Coast,15.7335,74.03845,2025-10-21 23:14:11,0.594,0.811,0.731,0.259,LOW,SYNTHETIC_DEMO_DATA
2423,Odisha Coast,19.89103,86.18999,2025-10-22 02:09:02,0.458,0.593,0.785,0.417,MEDIUM,SYNTHETIC_DEMO_DATA
2424,Andaman & Nicobar,11.58113,92.31191,2025-10-22 05:03:54,0.523,0.451,0.577,0.532,MEDIUM,SYNTHETIC_DEMO_DATA
2425,Chennai Coast,13.29202,79.97931,2025-10-22 07:58:45,0.35,0.684,0.664,0.29,LOW,SYNTHETIC_DEMO_DATA
2426,Mumbai Coast,19.17646,73.03275,2025-10-22 10:53:36,0.73,0.589,0.609,0.463,MEDIUM,SYNTHETIC_DEMO_DATA
2427,Odisha Coast,19.77768,85.46193,2025-10-22 13:48:27,0.453,0.869,0.713,0.245,LOW,SYNTHETIC_DEMO_DATA
2428,Chennai Coast,13.22117,80.02359,2025-10-22 16:43:18,0.411,0.389,0.39,0.663,HIGH,SYNTHETIC_DEMO_DATA
2429,Goa Coast,15.21476,73.65856,2025-10-22 19:38:09,0.419,0.524,0.608,0.523,MEDIUM,SYNTHETIC_DEMO_DATA
2430,Visakhapatnam,17.43526,83.52551,2025-10-22 22:33:00,0.479,0.672,0.682,0.261,LOW,SYNTHETIC_DEMO_DATA
2431,Odisha Coast,19.745,86.0545,2025-10-23 01:27:51,0.438,0.646,0.625,0.438,MEDIUM,SYNTHETIC_DEMO_DATA
2432,Mumbai Coast,19.00465,72.91022,2025-10-23 04:22:42,0.496,0.724,0.713,0.305,MEDIUM,SYNTHETIC_DEMO_DATA
2433,Odisha Coast,19.86544,85.59051,2025-10-23 07:17:33,0.426,0.514,0.602,0.424,MEDIUM,SYNTHETIC_DEMO_DATA
2434,Chennai Coast,13.13362,80.34242,2025-10-23 10:12:24,0.637,0.642,0.612,0.497,MEDIUM,SYNTHETIC_DEMO_DATA
2435,Kerala Coast,10.10541,76.19679,2025-10-23 13:07:15,0.559,0.659,0.553,0.292,LOW,SYNTHETIC_DEMO_DATA
2436,Mumbai Coast,19.12516,72.67492,2025-10-23 16:02:06,0.534,0.714,0.705,0.244,LOW,SYNTHETIC_DEMO_DATA
2437,Gujarat Coast,22.67928,69.59459,2025-10-23 18:56:57,0.324,0.648,0.765,0.234,LOW,SYNTHETIC_DEMO_DATA
2438,Gujarat Coast,22.21977,69.67794,2025-10-23 21:51:48,0.412,0.784,0.579,0.438,MEDIUM,SYNTHETIC_DEMO_DATA
2439,Andaman & Nicobar,11.64952,92.42523,2025-10-24 00:46:39,0.356,0.77,0.751,0.164,LOW,SYNTHETIC_DEMO_DATA
2440,Sundarbans,22.18244,89.08534,2025-10-24 03:41:30,0.343,0.587,0.733,0.294,LOW,SYNTHETIC_DEMO_DATA
2441,Chennai Coast,12.96759,80.25525,2025-10-24 06:36:22,0.298,0.662,0.685,0.261,LOW,SYNTHETIC_DEMO_DATA
2442,Sundarbans,22.06879,89.48208,2025-10-24 09:31:13,0.648,0.721,0.755,0.466,MEDIUM,SYNTHETIC_DEMO_DATA
2443,Sundarbans,22.32851,89.12444,2025-10-24 12:26:04,0.526,0.756,0.713,0.468,MEDIUM,SYNTHETIC_DEMO_DATA
2444,Visakhapatnam,17.57609,83.18765,2025-10-24 15:20:55,0.396,0.633,0.628,0.397,MEDIUM,SYNTHETIC_DEMO_DATA
2445,Mumbai Coast,18.96083,72.998,2025-10-24 18:15:46,0.251,0.563,0.558,0.454,MEDIUM,SYNTHETIC_DEMO_DATA
2446,Andaman & Nicobar,11.69862,92.80622,2025-10-24 21:10:37,0.333,0.67,0.682,0.228,LOW,SYNTHETIC_DEMO_DATA
2447,Goa Coast,15.59565,73.73115,2025-10-25 00:05:28,0.523,0.503,0.777,0.341,MEDIUM,SYNTHETIC_DEMO_DATA
2448,Gujarat Coast,22.76537,69.55004,2025-10-25 03:00:19,0.453,0.536,0.624,0.425,MEDIUM,SYNTHETIC_DEMO_DATA
2449,Goa Coast,15.28449,73.80911,2025-10-25 05:55:10,0.29,0.546,0.593,0.273,LOW,SYNTHETIC_DEMO_DATA
2450,Odisha Coast,19.88566,85.95739,2025-10-25 08:50:01,0.537,0.587,0.616,0.365,MEDIUM,SYNTHETIC_DEMO_DATA
2451,Andaman & Nicobar,11.85394,92.55133,2025-10-25 11:44:52,0.41,0.601,0.687,0.306,MEDIUM,SYNTHETIC_DEMO_DATA
2452,Andaman & Nicobar,12.18359,92.73823,2025-10-25 14:39:43,0.387,0.647,0.635,0.347,MEDIUM,SYNTHETIC_DEMO_DATA
2453,Sundarbans,21.92174,89.21179,2025-10-25 17:34:34,0.441,0.681,0.559,0.457,MEDIUM,SYNTHETIC_DEMO_DATA
2454,Kerala Coast,10.06838,76.31543,2025-10-25 20:29:25,0.425,0.767,0.671,0.326,MEDIUM,SYNTHETIC_DEMO_DATA
2455,Andaman & Nicobar,11.62954,93.05367,2025-10-25 23:24:16,0.475,0.848,0.656,0.278,LOW,SYNTHETIC_DEMO_DATA
2456,Kerala Coast,10.18113,76.54596,2025-10-26 02:19:07,0.507,0.556,0.49,0.568,MEDIUM,SYNTHETIC_DEMO_DATA
2457,Andaman & Nicobar,11.5754,92.5014,2025-10-26 05:13:58,0.503,0.607,0.743,0.268,LOW,SYNTHETIC_DEMO_DATA
2458,Lakshadweep,10.63456,72.84882,2025-10-26 08:08:50,0.285,0.386,0.577,0.445,MEDIUM,SYNTHETIC_DEMO_DATA
2459,Kerala Coast,9.9602,76.4385,2025-10-26 11:03:41,0.485,0.633,0.669,0.415,MEDIUM,SYNTHETIC_DEMO_DATA
2460,Sundarbans,22.16129,89.577,2025-10-26 13:58:32,0.33,0.62,0.723,0.284,LOW,SYNTHETIC_DEMO_DATA
2461,Chennai Coast,13.22345,79.91067,2025-10-26 16:53:23,0.15,0.605,0.669,0.325,MEDIUM,SYNTHETIC_DEMO_DATA
2462,Visakhapatnam,17.66686,83.02519,2025-10-26 19:48:14,0.628,0.81,0.785,0.258,LOW,SYNTHETIC_DEMO_DATA
2463,Kerala Coast,10.19891,76.24572,2025-10-26 22:43:05,0.54,0.619,0.75,0.38,MEDIUM,SYNTHETIC_DEMO_DATA
2464,Mumbai Coast,19.13334,72.58356,2025-10-27 01:37:56,0.569,0.582,0.576,0.408,MEDIUM,SYNTHETIC_DEMO_DATA
2465,Kerala Coast,9.93627,76.10815,2025-10-27 04:32:47,0.719,0.744,0.777,0.364,MEDIUM,SYNTHETIC_DEMO_DATA
2466,Odisha Coast,19.80053,85.24496,2025-10-27 07:27:38,0.481,0.749,0.664,0.234,LOW,SYNTHETIC_DEMO_DATA
2467,Chennai Coast,13.23788,80.24237,2025-10-27 10:22:29,0.368,0.722,0.7,0.35,MEDIUM,SYNTHETIC_DEMO_DATA
2468,Gujarat Coast,22.17812,69.57345,2025-10-27 13:17:20,0.631,0.505,0.493,0.591,MEDIUM,SYNTHETIC_DEMO_DATA
2469,Sundarbans,22.12154,89.41071,2025-10-27 16:12:11,0.51,0.625,0.576,0.511,MEDIUM,SYNTHETIC_DEMO_DATA
2470,Visakhapatnam,18.23828,83.1223,2025-10-27 19:07:02,0.262,0.622,0.646,0.324,MEDIUM,SYNTHETIC_DEMO_DATA
2471,Andaman & Nicobar,11.85583,92.20154,2025-10-27 22:01:53,0.564,0.564,0.596,0.562,MEDIUM,SYNTHETIC_DEMO_DATA
2472,Sundarbans,21.6632,89.40334,2025-10-28 00:56:44,0.634,0.653,0.588,0.456,MEDIUM,SYNTHETIC_DEMO_DATA
2473,Kerala Coast,9.94172,76.27574,2025-10-28 03:51:35,0.323,0.556,0.736,0.37,MEDIUM,SYNTHETIC_DEMO_DATA
2474,Visakhapatnam,17.51007,83.13926,2025-10-28 06:46:26,0.506,0.76,0.631,0.338,MEDIUM,SYNTHETIC_DEMO_DATA
2475,Odisha Coast,20.02163,85.77146,2025-10-28 09:41:18,0.252,0.56,0.696,0.369,MEDIUM,SYNTHETIC_DEMO_DATA
2476,Kerala Coast,9.86829,76.49137,2025-10-28 12:36:09,0.376,0.685,0.816,0.27,LOW,SYNTHETIC_DEMO_DATA
2477,Mumbai Coast,18.76612,72.91954,2025-10-28 15:31:00,0.718,0.772,0.586,0.535,MEDIUM,SYNTHETIC_DEMO_DATA
2478,Odisha Coast,19.75178,85.91667,2025-10-28 18:25:51,0.493,0.805,0.715,0.35,MEDIUM,SYNTHETIC_DEMO_DATA
2479,Sundarbans,21.85461,89.10095,2025-10-28 21:20:42,0.626,0.685,0.556,0.444,MEDIUM,SYNTHETIC_DEMO_DATA
2480,Odisha Coast,19.41173,85.91914,2025-10-29 00:15:33,0.343,0.667,0.636,0.41,MEDIUM,SYNTHETIC_DEMO_DATA
2481,Gujarat Coast,22.09924,69.30055,2025-10-29 03:10:24,0.384,0.612,0.707,0.277,LOW,SYNTHETIC_DEMO_DATA
2482,Andaman & Nicobar,11.81141,92.81687,2025-10-29 06:05:15,0.463,0.64,0.751,0.354,MEDIUM,SYNTHETIC_DEMO_DATA
2483,Odisha Coast,19.87554,85.59362,2025-10-29 09:00:06,0.313,0.554,0.724,0.295,LOW,SYNTHETIC_DEMO_DATA
2484,Chennai Coast,12.95199,80.31458,2025-10-29 11:54:57,0.476,0.587,0.535,0.376,MEDIUM,SYNTHETIC_DEMO_DATA
2485,Chennai Coast,13.17024,80.25435,2025-10-29 14:49:48,0.294,0.604,0.721,0.269,LOW,SYNTHETIC_DEMO_DATA
2486,Chennai Coast,12.94973,80.44556,2025-10-29 17:44:39,0.361,0.598,0.624,0.248,LOW,SYNTHETIC_DEMO_DATA
2487,Visakhapatnam,17.80757,83.30183,2025-10-29 20:39:30,0.338,0.595,0.661,0.451,MEDIUM,SYNTHETIC_DEMO_DATA
2488,Sundarbans,21.60553,89.21452,2025-10-29 23:34:21,0.404,0.626,0.621,0.432,MEDIUM,SYNTHETIC_DEMO_DATA
2489,Mumbai Coast,19.09942,72.61266,2025-10-30 02:29:12,0.461,0.574,0.603,0.421,MEDIUM,SYNTHETIC_DEMO_DATA
2490,Chennai Coast,13.70913,80.14894,2025-10-30 05:24:03,0.534,0.704,0.553,0.2,LOW,SYNTHETIC_DEMO_DATA
2491,Chennai Coast,13.4914,80.33563,2025-10-30 08:18:54,0.36,0.567,0.646,0.292,LOW,SYNTHETIC_DEMO_DATA
2492,Visakhapatnam,17.81952,83.33207,2025-10-30 11:13:46,0.304,0.617,0.776,0.223,LOW,SYNTHETIC_DEMO_DATA
2493,Lakshadweep,10.6889,72.63781,2025-10-30 14:08:37,0.368,0.632,0.716,0.326,MEDIUM,SYNTHETIC_DEMO_DATA
2494,Gujarat Coast,22.31613,69.54726,2025-10-30 17:03:28,0.448,0.793,0.618,0.325,MEDIUM,SYNTHETIC_DEMO_DATA
2495,Kerala Coast,9.88697,76.04689,2025-10-30 19:58:19,0.487,0.551,0.646,0.451,MEDIUM,SYNTHETIC_DEMO_DATA
2496,Visakhapatnam,17.43975,83.20774,2025-10-30 22:53:10,0.473,0.532,0.683,0.265,LOW,SYNTHETIC_DEMO_DATA
2497,Andaman & Nicobar,11.65868,92.72762,2025-10-31 01:48:01,0.476,0.727,0.697,0.366,MEDIUM,SYNTHETIC_DEMO_DATA
2498,Andaman & Nicobar,12.14403,92.84487,2025-10-31 04:42:52,0.431,0.619,0.585,0.41,MEDIUM,SYNTHETIC_DEMO_DATA
2499,Sundarbans,21.86678,89.43502,2025-10-31 07:37:43,0.538,0.733,0.661,0.403,MEDIUM,SYNTHETIC_DEMO_DATA
2500,Lakshadweep,10.52849,72.43348,2025-10-31 10:32:34,0.562,0.77,0.652,0.315,MEDIUM,SYNTHETIC_DEMO_DATA
2501,Gujarat Coast,22.75949,69.67179,2025-10-31 13:27:25,0.47,0.702,0.732,0.361,MEDIUM,SYNTHETIC_DEMO_DATA
2502,Sundarbans,22.04928,89.36656,2025-10-31 16:22:16,0.409,0.608,0.71,0.383,MEDIUM,SYNTHETIC_DEMO_DATA
2503,Goa Coast,15.77948,73.9801,2025-10-31 19:17:07,0.673,0.569,0.699,0.479,MEDIUM,SYNTHETIC_DEMO_DATA
2504,Odisha Coast,19.89066,86.18034,2025-10-31 22:11:58,0.504,0.673,0.705,0.437,MEDIUM,SYNTHETIC_DEMO_DATA
2505,Sundarbans,22.04333,89.01186,2025-11-01 01:06:49,0.618,0.659,0.416,0.692,HIGH,SYNTHETIC_DEMO_DATA
2506,Odisha Coast,19.94315,86.08602,2025-11-01 04:01:40,0.326,0.59,0.745,0.255,LOW,SYNTHETIC_DEMO_DATA
2507,Kerala Coast,9.76657,76.03043,2025-11-01 06:56:31,0.327,0.63,0.718,0.287,LOW,SYNTHETIC_DEMO_DATA
2508,Gujarat Coast,22.32861,69.44452,2025-11-01 09:51:22,0.493,0.706,0.77,0.284,LOW,SYNTHETIC_DEMO_DATA
2509,Kerala Coast,10.04809,76.443,2025-11-01 12:46:13,0.377,0.409,0.33,0.774,HIGH,SYNTHETIC_DEMO_DATA
2510,Odisha Coast,19.82906,85.93184,2025-11-01 15:41:05,0.476,0.686,0.789,0.318,MEDIUM,SYNTHETIC_DEMO_DATA
2511,Odisha Coast,19.87239,85.70101,2025-11-01 18:35:56,0.34,0.726,0.625,0.41,MEDIUM,SYNTHETIC_DEMO_DATA
2512,Andaman & Nicobar,11.75147,92.87043,2025-11-01 21:30:47,0.34,0.602,0.662,0.247,LOW,SYNTHETIC_DEMO_DATA
2513,Lakshadweep,10.46709,72.45097,2025-11-02 00:25:38,0.562,0.591,0.628,0.464,MEDIUM,SYNTHETIC_DEMO_DATA
2514,Goa Coast,15.42164,73.8774,2025-11-02 03:20:29,0.339,0.601,0.569,0.443,MEDIUM,SYNTHETIC_DEMO_DATA
2515,Odisha Coast,19.69787,85.7007,2025-11-02 06:15:20,0.326,0.622,0.59,0.254,LOW,SYNTHETIC_DEMO_DATA
2516,Andaman & Nicobar,11.81315,93.32377,2025-11-02 09:10:11,0.588,0.799,0.695,0.465,MEDIUM,SYNTHETIC_DEMO_DATA
2517,Gujarat Coast,22.48996,69.95722,2025-11-02 12:05:02,0.296,0.492,0.697,0.473,MEDIUM,SYNTHETIC_DEMO_DATA
2518,Mumbai Coast,18.80714,72.66426,2025-11-02 14:59:53,0.386,0.594,0.654,0.392,MEDIUM,SYNTHETIC_DEMO_DATA
2519,Odisha Coast,19.98497,85.93974,2025-11-02 17:54:44,0.416,0.593,0.559,0.404,MEDIUM,SYNTHETIC_DEMO_DATA
2520,Lakshadweep,10.79909,72.63208,2025-11-02 20:49:35,0.437,0.702,0.772,0.218,LOW,SYNTHETIC_DEMO_DATA
2521,Kerala Coast,9.81446,76.10957,2025-11-02 23:44:26,0.521,0.63,0.578,0.424,MEDIUM,SYNTHETIC_DEMO_DATA
2522,Sundarbans,21.86305,89.47755,2025-11-03 02:39:17,0.603,0.752,0.701,0.287,LOW,SYNTHETIC_DEMO_DATA
2523,Visakhapatnam,17.47624,83.16425,2025-11-03 05:34:08,0.502,0.697,0.538,0.335,MEDIUM,SYNTHETIC_DEMO_DATA
2524,Kerala Coast,10.02994,76.16608,2025-11-03 08:28:59,0.281,0.582,0.625,0.373,MEDIUM,SYNTHETIC_DEMO_DATA
2525,Sundarbans,21.87805,89.18463,2025-11-03 11:23:50,0.434,0.72,0.652,0.405,MEDIUM,SYNTHETIC_DEMO_DATA
2526,Chennai Coast,12.99376,80.3655,2025-11-03 14:18:41,0.405,0.71,0.781,0.308,MEDIUM,SYNTHETIC_DEMO_DATA
2527,Kerala Coast,10.04497,76.13184,2025-11-03 17:13:33,0.622,0.602,0.588,0.36,MEDIUM,SYNTHETIC_DEMO_DATA
2528,Lakshadweep,10.63161,73.06935,2025-11-03 20:08:24,0.337,0.513,0.705,0.294,LOW,SYNTHETIC_DEMO_DATA
2529,Sundarbans,21.87434,89.33319,2025-11-03 23:03:15,0.431,0.64,0.639,0.489,MEDIUM,SYNTHETIC_DEMO_DATA
2530,Mumbai Coast,19.09928,73.39429,2025-11-04 01:58:06,0.497,0.565,0.69,0.355,MEDIUM,SYNTHETIC_DEMO_DATA
2531,Lakshadweep,10.68869,72.83111,2025-11-04 04:52:57,0.51,0.693,0.661,0.227,LOW,SYNTHETIC_DEMO_DATA
2532,Andaman & Nicobar,11.74309,92.62332,2025-11-04 07:47:48,0.497,0.401,0.281,0.791,HIGH,SYNTHETIC_DEMO_DATA
2533,Lakshadweep,10.4402,73.0791,2025-11-04 10:42:39,0.229,0.634,0.683,0.318,MEDIUM,SYNTHETIC_DEMO_DATA
2534,Odisha Coast,19.68373,85.86207,2025-11-04 13:37:30,0.355,0.619,0.598,0.284,LOW,SYNTHETIC_DEMO_DATA
2535,Andaman & Nicobar,11.53059,92.40042,2025-11-04 16:32:21,0.393,0.571,0.738,0.281,LOW,SYNTHETIC_DEMO_DATA
2536,Lakshadweep,10.7502,72.39475,2025-11-04 19:27:12,0.373,0.694,0.694,0.219,LOW,SYNTHETIC_DEMO_DATA
2537,Chennai Coast,12.79972,80.27805,2025-11-04 22:22:03,0.335,0.67,0.65,0.216,LOW,SYNTHETIC_DEMO_DATA
2538,Kerala Coast,9.94674,76.55281,2025-11-05 01:16:54,0.558,0.59,0.69,0.201,LOW,SYNTHETIC_DEMO_DATA
2539,Mumbai Coast,19.15219,72.78168,2025-11-05 04:11:45,0.59,0.85,0.757,0.211,LOW,SYNTHETIC_DEMO_DATA
2540,Kerala Coast,9.82276,76.21588,2025-11-05 07:06:36,0.487,0.631,0.736,0.376,MEDIUM,SYNTHETIC_DEMO_DATA
2541,Visakhapatnam,17.92658,83.10788,2025-11-05 10:01:27,0.408,0.584,0.75,0.286,LOW,SYNTHETIC_DEMO_DATA
2542,Lakshadweep,10.29147,72.41479,2025-11-05 12:56:18,0.411,0.707,0.782,0.193,LOW,SYNTHETIC_DEMO_DATA
2543,Lakshadweep,10.37971,72.27025,2025-11-05 15:51:09,0.339,0.726,0.724,0.218,LOW,SYNTHETIC_DEMO_DATA
2544,Chennai Coast,13.13506,80.22775,2025-11-05 18:46:01,0.489,0.653,0.676,0.315,MEDIUM,SYNTHETIC_DEMO_DATA
2545,Andaman & Nicobar,11.73448,92.87283,2025-11-05 21:40:52,0.324,0.734,0.67,0.28,LOW,SYNTHETIC_DEMO_DATA
2546,Chennai Coast,13.05439,80.36605,2025-11-06 00:35:43,0.453,0.566,0.522,0.499,MEDIUM,SYNTHETIC_DEMO_DATA
2547,Goa Coast,15.43774,73.64387,2025-11-06 03:30:34,0.69,0.863,0.681,0.27,LOW,SYNTHETIC_DEMO_DATA
2548,Mumbai Coast,18.97205,72.70754,2025-11-06 06:25:25,0.418,0.793,0.763,0.358,MEDIUM,SYNTHETIC_DEMO_DATA
2549,Kerala Coast,9.94205,76.22555,2025-11-06 09:20:16,0.472,0.677,0.778,0.3,MEDIUM,SYNTHETIC_DEMO_DATA
2550,Odisha Coast,19.67382,86.41925,2025-11-06 12:15:07,0.502,0.67,0.641,0.439,MEDIUM,SYNTHETIC_DEMO_DATA
2551,Gujarat Coast,22.65329,69.28799,2025-11-06 15:09:58,0.632,0.749,0.796,0.231,LOW,SYNTHETIC_DEMO_DATA
2552,Chennai Coast,13.00707,79.95753,2025-11-06 18:04:49,0.578,0.661,0.576,0.446,MEDIUM,SYNTHETIC_DEMO_DATA
2553,Visakhapatnam,17.42422,83.4199,2025-11-06 20:59:40,0.343,0.579,0.388,0.585,MEDIUM,SYNTHETIC_DEMO_DATA
2554,Odisha Coast,19.5528,85.9447,2025-11-06 23:54:31,0.422,0.664,0.705,0.33,MEDIUM,SYNTHETIC_DEMO_DATA
2555,Lakshadweep,10.62954,72.62702,2025-11-07 02:49:22,0.4,0.544,0.605,0.439,MEDIUM,SYNTHETIC_DEMO_DATA
2556,Odisha Coast,19.75052,85.7673,2025-11-07 05:44:13,0.492,0.709,0.646,0.426,MEDIUM,SYNTHETIC_DEMO_DATA
2557,Goa Coast,15.28197,73.71494,2025-11-07 08:39:04,0.377,0.661,0.631,0.353,MEDIUM,SYNTHETIC_DEMO_DATA
2558,Andaman & Nicobar,11.64355,92.63687,2025-11-07 11:33:55,0.493,0.498,0.358,0.535,MEDIUM,SYNTHETIC_DEMO_DATA
2559,Sundarbans,21.7401,89.14722,2025-11-07 14:28:46,0.548,0.648,0.625,0.391,MEDIUM,SYNTHETIC_DEMO_DATA
2560,Mumbai Coast,18.78035,72.8809,2025-11-07 17:23:37,0.512,0.674,0.693,0.354,MEDIUM,SYNTHETIC_DEMO_DATA
2561,Mumbai Coast,18.9741,72.84085,2025-11-07 20:18:29,0.538,0.721,0.734,0.247,LOW,SYNTHETIC_DEMO_DATA
2562,Chennai Coast,12.53908,79.8472,2025-11-07 23:13:20,0.561,0.648,0.723,0.288,LOW,SYNTHETIC_DEMO_DATA
2563,Gujarat Coast,22.59796,69.87096,2025-11-08 02:08:11,0.389,0.458,0.701,0.395,MEDIUM,SYNTHETIC_DEMO_DATA
2564,Kerala Coast,10.24415,76.26293,2025-11-08 05:03:02,0.6,0.736,0.672,0.206,LOW,SYNTHETIC_DEMO_DATA
2565,Kerala Coast,9.97807,76.22902,2025-11-08 07:57:53,0.431,0.47,0.499,0.77,HIGH,SYNTHETIC_DEMO_DATA
2566,Kerala Coast,9.71988,76.30711,2025-11-08 10:52:44,0.346,0.616,0.758,0.322,MEDIUM,SYNTHETIC_DEMO_DATA
2567,Andaman & Nicobar,11.79033,92.86414,2025-11-08 13:47:35,0.45,0.636,0.651,0.383,MEDIUM,SYNTHETIC_DEMO_DATA
2568,Gujarat Coast,22.34279,69.42716,2025-11-08 16:42:26,0.495,0.653,0.62,0.411,MEDIUM,SYNTHETIC_DEMO_DATA
2569,Chennai Coast,13.01137,80.25409,2025-11-08 19:37:17,0.492,0.542,0.707,0.321,MEDIUM,SYNTHETIC_DEMO_DATA
2570,Lakshadweep,10.67296,72.94221,2025-11-08 22:32:08,0.463,0.878,0.779,0.159,LOW,SYNTHETIC_DEMO_DATA
2571,Andaman & Nicobar,11.40003,92.7878,2025-11-09 01:26:59,0.435,0.689,0.623,0.385,MEDIUM,SYNTHETIC_DEMO_DATA
2572,Lakshadweep,10.5471,72.62287,2025-11-09 04:21:50,0.357,0.735,0.819,0.215,LOW,SYNTHETIC_DEMO_DATA
2573,Goa Coast,15.73604,73.63195,2025-11-09 07:16:41,0.281,0.533,0.748,0.363,MEDIUM,SYNTHETIC_DEMO_DATA
2574,Chennai Coast,13.28248,80.15743,2025-11-09 10:11:32,0.274,0.6,0.575,0.381,MEDIUM,SYNTHETIC_DEMO_DATA
2575,Goa Coast,15.2245,73.82838,2025-11-09 13:06:23,0.329,0.794,0.781,0.097,LOW,SYNTHETIC_DEMO_DATA
2576,Chennai Coast,12.57054,80.06852,2025-11-09 16:01:14,0.205,0.531,0.564,0.456,MEDIUM,SYNTHETIC_DEMO_DATA
2577,Visakhapatnam,17.83156,83.25471,2025-11-09 18:56:05,0.453,0.678,0.702,0.261,LOW,SYNTHETIC_DEMO_DATA
2578,Kerala Coast,9.81669,76.15678,2025-11-09 21:50:57,0.506,0.627,0.578,0.427,MEDIUM,SYNTHETIC_DEMO_DATA
2579,Lakshadweep,10.4681,72.58694,2025-11-10 00:45:48,0.468,0.679,0.53,0.488,MEDIUM,SYNTHETIC_DEMO_DATA
2580,Mumbai Coast,19.19984,73.08718,2025-11-10 03:40:39,0.649,0.866,0.772,0.317,MEDIUM,SYNTHETIC_DEMO_DATA
2581,Chennai Coast,12.97321,80.04291,2025-11-10 06:35:30,0.223,0.713,0.704,0.233,LOW,SYNTHETIC_DEMO_DATA
2582,Kerala Coast,9.79622,76.30304,2025-11-10 09:30:21,0.407,0.655,0.651,0.409,MEDIUM,SYNTHETIC_DEMO_DATA
2583,Visakhapatnam,18.04094,83.09538,2025-11-10 12:25:12,0.559,0.666,0.619,0.393,MEDIUM,SYNTHETIC_DEMO_DATA
2584,Gujarat Coast,22.61679,69.55076,2025-11-10 15:20:03,0.306,0.545,0.665,0.32,MEDIUM,SYNTHETIC_DEMO_DATA
2585,Chennai Coast,13.24377,80.41628,2025-11-10 18:14:54,0.411,0.626,0.545,0.464,MEDIUM,SYNTHETIC_DEMO_DATA
2586,Mumbai Coast,19.001,72.59078,2025-11-10 21:09:45,0.391,0.738,0.724,0.195,LOW,SYNTHETIC_DEMO_DATA
2587,Chennai Coast,13.54467,80.01826,2025-11-11 00:04:36,0.281,0.697,0.679,0.252,LOW,SYNTHETIC_DEMO_DATA
2588,Chennai Coast,12.94064,80.54843,2025-11-11 02:59:27,0.58,0.739,0.7,0.245,LOW,SYNTHETIC_DEMO_DATA
2589,Lakshadweep,10.6147,72.67683,2025-11-11 05:54:18,0.286,0.443,0.656,0.43,MEDIUM,SYNTHETIC_DEMO_DATA
2590,Chennai Coast,13.51128,80.21371,2025-11-11 08:49:09,0.5,0.677,0.798,0.202,LOW,SYNTHETIC_DEMO_DATA
2591,Sundarbans,22.03591,89.06074,2025-11-11 11:44:00,0.521,0.549,0.672,0.502,MEDIUM,SYNTHETIC_DEMO_DATA
2592,Chennai Coast,13.27224,80.30003,2025-11-11 14:38:51,0.332,0.521,0.624,0.386,MEDIUM,SYNTHETIC_DEMO_DATA
2593,Mumbai Coast,19.23683,73.00792,2025-11-11 17:33:42,0.444,0.694,0.572,0.408,MEDIUM,SYNTHETIC_DEMO_DATA
2594,Sundarbans,21.78286,89.196,2025-11-11 20:28:33,0.494,0.669,0.64,0.367,MEDIUM,SYNTHETIC_DEMO_DATA
2595,Chennai Coast,13.05487,80.11187,2025-11-11 23:23:25,0.524,0.709,0.745,0.229,LOW,SYNTHETIC_DEMO_DATA
2596,Odisha Coast,19.77758,85.89528,2025-11-12 02:18:16,0.382,0.618,0.64,0.394,MEDIUM,SYNTHETIC_DEMO_DATA
2597,Mumbai Coast,19.04486,73.06942,2025-11-12 05:13:07,0.592,0.563,0.591,0.468,MEDIUM,SYNTHETIC_DEMO_DATA
2598,Goa Coast,15.33188,73.76987,2025-11-12 08:07:58,0.463,0.461,0.687,0.408,MEDIUM,SYNTHETIC_DEMO_DATA
2599,Lakshadweep,10.51017,72.46577,2025-11-12 11:02:49,0.369,0.624,0.688,0.432,MEDIUM,SYNTHETIC_DEMO_DATA
2600,Chennai Coast,13.16745,79.95263,2025-11-12 13:57:40,0.378,0.662,0.589,0.495,MEDIUM,SYNTHETIC_DEMO_DATA
2601,Andaman & Nicobar,11.56012,92.49254,2025-11-12 16:52:31,0.546,0.783,0.831,0.216,LOW,SYNTHETIC_DEMO_DATA
2602,Visakhapatnam,17.8105,82.84976,2025-11-12 19:47:22,0.491,0.864,0.769,0.119,LOW,SYNTHETIC_DEMO_DATA
2603,Goa Coast,15.65104,73.96723,2025-11-12 22:42:13,0.444,0.79,0.67,0.235,LOW,SYNTHETIC_DEMO_DATA
2604,Mumbai Coast,19.01084,72.98172,2025-11-13 01:37:04,0.484,0.778,0.606,0.407,MEDIUM,SYNTHETIC_DEMO_DATA
2605,Goa Coast,15.38135,73.54372,2025-11-13 04:31:55,0.425,0.674,0.606,0.267,LOW,SYNTHETIC_DEMO_DATA
2606,Goa Coast,15.49661,73.6412,2025-11-13 07:26:46,0.414,0.724,0.588,0.381,MEDIUM,SYNTHETIC_DEMO_DATA
2607,Mumbai Coast,19.18171,72.57501,2025-11-13 10:21:37,0.579,0.689,0.726,0.363,MEDIUM,SYNTHETIC_DEMO_DATA
2608,Visakhapatnam,17.52038,83.54916,2025-11-13 13:16:28,0.507,0.683,0.866,0.154,LOW,SYNTHETIC_DEMO_DATA
2609,Mumbai Coast,19.26314,73.16934,2025-11-13 16:11:19,0.409,0.759,0.798,0.217,LOW,SYNTHETIC_DEMO_DATA
2610,Andaman & Nicobar,11.95518,92.51854,2025-11-13 19:06:10,0.474,0.763,0.698,0.216,LOW,SYNTHETIC_DEMO_DATA
2611,Lakshadweep,10.43642,72.64024,2025-11-13 22:01:01,0.279,0.551,0.518,0.667,HIGH,SYNTHETIC_DEMO_DATA
2612,Lakshadweep,10.49145,72.54279,2025-11-14 00:55:52,0.338,0.631,0.523,0.332,MEDIUM,SYNTHETIC_DEMO_DATA
2613,Odisha Coast,19.81942,85.65492,2025-11-14 03:50:44,0.55,0.774,0.632,0.363,MEDIUM,SYNTHETIC_DEMO_DATA
2614,Mumbai Coast,18.74061,73.0515,2025-11-14 06:45:35,0.596,0.685,0.616,0.385,MEDIUM,SYNTHETIC_DEMO_DATA
2615,Odisha Coast,19.53778,85.86402,2025-11-14 09:40:26,0.377,0.726,0.82,0.321,MEDIUM,SYNTHETIC_DEMO_DATA
2616,Gujarat Coast,22.36147,69.48574,2025-11-14 12:35:17,0.476,0.402,0.611,0.499,MEDIUM,SYNTHETIC_DEMO_DATA
2617,Lakshadweep,10.15127,72.63694,2025-11-14 15:30:08,0.444,0.832,0.771,0.175,LOW,SYNTHETIC_DEMO_DATA
2618,Sundarbans,22.00259,89.53727,2025-11-14 18:24:59,0.515,0.686,0.528,0.453,MEDIUM,SYNTHETIC_DEMO_DATA
2619,Gujarat Coast,22.477,69.4942,2025-11-14 21:19:50,0.23,0.592,0.783,0.265,LOW,SYNTHETIC_DEMO_DATA
2620,Lakshadweep,10.39732,72.57928,2025-11-15 00:14:41,0.503,0.627,0.677,0.259,LOW,SYNTHETIC_DEMO_DATA
2621,Andaman & Nicobar,11.60568,92.6359,2025-11-15 03:09:32,0.247,0.735,0.784,0.268,LOW,SYNTHETIC_DEMO_DATA
2622,Chennai Coast,13.13927,80.56461,2025-11-15 06:04:23,0.515,0.686,0.583,0.251,LOW,SYNTHETIC_DEMO_DATA
2623,Odisha Coast,19.80443,85.91176,2025-11-15 08:59:14,0.4,0.572,0.475,0.552,MEDIUM,SYNTHETIC_DEMO_DATA
2624,Lakshadweep,10.66863,72.67908,2025-11-15 11:54:05,0.451,0.888,0.748,0.209,LOW,SYNTHETIC_DEMO_DATA
2625,Lakshadweep,10.61982,72.61367,2025-11-15 14:48:56,0.422,0.565,0.586,0.476,MEDIUM,SYNTHETIC_DEMO_DATA
2626,Mumbai Coast,18.8257,72.46175,2025-11-15 17:43:47,0.308,0.868,0.698,0.26,LOW,SYNTHETIC_DEMO_DATA
2627,Lakshadweep,10.82246,72.56134,2025-11-15 20:38:38,0.601,0.64,0.622,0.371,MEDIUM,SYNTHETIC_DEMO_DATA
2628,Sundarbans,22.05043,89.39759,2025-11-15 23:33:29,0.523,0.713,0.581,0.432,MEDIUM,SYNTHETIC_DEMO_DATA
2629,Gujarat Coast,22.14659,69.63176,2025-11-16 02:28:20,0.384,0.756,0.753,0.234,LOW,SYNTHETIC_DEMO_DATA
2630,Sundarbans,22.01308,89.13727,2025-11-16 05:23:12,0.341,0.688,0.488,0.575,MEDIUM,SYNTHETIC_DEMO_DATA
2631,Lakshadweep,10.70574,72.63234,2025-11-16 08:18:03,0.45,0.559,0.648,0.509,MEDIUM,SYNTHETIC_DEMO_DATA
2632,Gujarat Coast,22.49386,69.36583,2025-11-16 11:12:54,0.242,0.733,0.764,0.193,LOW,SYNTHETIC_DEMO_DATA
2633,Lakshadweep,10.40204,72.73772,2025-11-16 14:07:45,0.346,0.581,0.783,0.302,MEDIUM,SYNTHETIC_DEMO_DATA
2634,Mumbai Coast,19.06228,72.90323,2025-11-16 17:02:36,0.473,0.703,0.736,0.296,LOW,SYNTHETIC_DEMO_DATA
2635,Sundarbans,22.09766,89.26613,2025-11-16 19:57:27,0.379,0.683,0.629,0.531,MEDIUM,SYNTHETIC_DEMO_DATA
2636,Sundarbans,21.80182,89.35217,2025-11-16 22:52:18,0.367,0.736,0.668,0.294,LOW,SYNTHETIC_DEMO_DATA
2637,Chennai Coast,12.84906,80.20758,2025-11-17 01:47:09,0.321,0.793,0.669,0.247,LOW,SYNTHETIC_DEMO_DATA
2638,Goa Coast,15.33972,73.68424,2025-11-17 04:42:00,0.358,0.677,0.644,0.247,LOW,SYNTHETIC_DEMO_DATA
2639,Odisha Coast,19.65449,85.50287,2025-11-17 07:36:51,0.307,0.658,0.655,0.467,MEDIUM,SYNTHETIC_DEMO_DATA
2640,Andaman & Nicobar,11.95072,92.72672,2025-11-17 10:31:42,0.546,0.703,0.65,0.266,LOW,SYNTHETIC_DEMO_DATA
2641,Visakhapatnam,18.04488,83.27326,2025-11-17 13:26:33,0.466,0.767,0.735,0.252,LOW,SYNTHETIC_DEMO_DATA
2642,Kerala Coast,9.63359,76.40283,2025-11-17 16:21:24,0.503,0.751,0.545,0.342,MEDIUM,SYNTHETIC_DEMO_DATA
2643,Visakhapatnam,17.94991,82.91516,2025-11-17 19:16:15,0.412,0.471,0.606,0.392,MEDIUM,SYNTHETIC_DEMO_DATA
2644,Kerala Coast,9.96428,76.04477,2025-11-17 22:11:06,0.58,0.633,0.613,0.393,MEDIUM,SYNTHETIC_DEMO_DATA
2645,Kerala Coast,9.63254,76.30738,2025-11-18 01:05:57,0.579,0.657,0.586,0.446,MEDIUM,SYNTHETIC_DEMO_DATA
2646,Sundarbans,21.67427,88.99243,2025-11-18 04:00:48,0.585,0.687,0.754,0.391,MEDIUM,SYNTHETIC_DEMO_DATA
2647,Mumbai Coast,19.05329,72.51714,2025-11-18 06:55:40,0.503,0.751,0.612,0.364,MEDIUM,SYNTHETIC_DEMO_DATA
2648,Goa Coast,15.38319,74.03462,2025-11-18 09:50:31,0.623,0.855,0.705,0.344,MEDIUM,SYNTHETIC_DEMO_DATA
2649,Lakshadweep,10.29461,72.42698,2025-11-18 12:45:22,0.49,0.64,0.579,0.429,MEDIUM,SYNTHETIC_DEMO_DATA
2650,Chennai Coast,13.39493,80.30402,2025-11-18 15:40:13,0.31,0.673,0.706,0.27,LOW,SYNTHETIC_DEMO_DATA
2651,Andaman & Nicobar,11.49676,92.76015,2025-11-18 18:35:04,0.353,0.621,0.664,0.354,MEDIUM,SYNTHETIC_DEMO_DATA
2652,Andaman & Nicobar,11.68921,92.5614,2025-11-18 21:29:55,0.549,0.744,0.69,0.186,LOW,SYNTHETIC_DEMO_DATA
2653,Lakshadweep,10.45322,72.75466,2025-11-19 00:24:46,0.52,0.693,0.698,0.253,LOW,SYNTHETIC_DEMO_DATA
2654,Chennai Coast,13.21822,80.03623,2025-11-19 03:19:37,0.271,0.539,0.621,0.429,MEDIUM,SYNTHETIC_DEMO_DATA
2655,Andaman & Nicobar,11.68839,92.37798,2025-11-19 06:14:28,0.535,0.461,0.469,0.491,MEDIUM,SYNTHETIC_DEMO_DATA
2656,Mumbai Coast,19.01045,72.54718,2025-11-19 09:09:19,0.447,0.604,0.708,0.333,MEDIUM,SYNTHETIC_DEMO_DATA
2657,Sundarbans,21.97906,88.97058,2025-11-19 12:04:10,0.392,0.73,0.637,0.35,MEDIUM,SYNTHETIC_DEMO_DATA
2658,Visakhapatnam,17.77137,83.32132,2025-11-19 14:59:01,0.307,0.612,0.604,0.276,LOW,SYNTHETIC_DEMO_DATA
2659,Gujarat Coast,22.17597,69.11496,2025-11-19 17:53:52,0.295,0.617,0.659,0.298,LOW,SYNTHETIC_DEMO_DATA
2660,Odisha Coast,19.93484,85.74868,2025-11-19 20:48:43,0.623,0.697,0.649,0.367,MEDIUM,SYNTHETIC_DEMO_DATA
2661,Kerala Coast,10.01583,75.87479,2025-11-19 23:43:34,0.811,0.573,0.566,0.385,MEDIUM,SYNTHETIC_DEMO_DATA
2662,Goa Coast,15.61417,73.87056,2025-11-20 02:38:25,0.559,0.646,0.675,0.249,LOW,SYNTHETIC_DEMO_DATA
2663,Odisha Coast,19.88445,85.67943,2025-11-20 05:33:16,0.177,0.509,0.64,0.404,MEDIUM,SYNTHETIC_DEMO_DATA
2664,Kerala Coast,9.77237,76.26479,2025-11-20 08:28:08,0.587,0.796,0.599,0.323,MEDIUM,SYNTHETIC_DEMO_DATA
2665,Visakhapatnam,17.80082,82.9331,2025-11-20 11:22:59,0.456,0.734,0.576,0.424,MEDIUM,SYNTHETIC_DEMO_DATA
2666,Mumbai Coast,19.11286,72.66947,2025-11-20 14:17:50,0.376,0.467,0.376,0.678,HIGH,SYNTHETIC_DEMO_DATA
2667,Visakhapatnam,17.35415,83.72062,2025-11-20 17:12:41,0.421,0.663,0.588,0.325,MEDIUM,SYNTHETIC_DEMO_DATA
2668,Lakshadweep,10.45142,72.69706,2025-11-20 20:07:32,0.444,0.601,0.73,0.285,LOW,SYNTHETIC_DEMO_DATA
2669,Sundarbans,22.24652,89.44277,2025-11-20 23:02:23,0.642,0.71,0.717,0.266,LOW,SYNTHETIC_DEMO_DATA
2670,Lakshadweep,10.74264,72.62845,2025-11-21 01:57:14,0.383,0.607,0.711,0.276,LOW,SYNTHETIC_DEMO_DATA
2671,Goa Coast,15.73523,73.48782,2025-11-21 04:52:05,0.425,0.57,0.613,0.391,MEDIUM,SYNTHETIC_DEMO_DATA
2672,Andaman & Nicobar,11.55449,92.5541,2025-11-21 07:46:56,0.657,0.856,0.785,0.187,LOW,SYNTHETIC_DEMO_DATA
2673,Andaman & Nicobar,11.96623,92.50628,2025-11-21 10:41:47,0.557,0.746,0.605,0.268,LOW,SYNTHETIC_DEMO_DATA
2674,Odisha Coast,19.80263,85.73152,2025-11-21 13:36:38,0.709,0.816,0.642,0.329,MEDIUM,SYNTHETIC_DEMO_DATA
2675,Lakshadweep,10.50552,72.61704,2025-11-21 16:31:29,0.436,0.531,0.569,0.528,MEDIUM,SYNTHETIC_DEMO_DATA
2676,Mumbai Coast,19.09434,72.71865,2025-11-21 19:26:20,0.638,0.727,0.612,0.47,MEDIUM,SYNTHETIC_DEMO_DATA
2677,Lakshadweep,10.77284,72.66191,2025-11-21 22:21:11,0.446,0.746,0.603,0.335,MEDIUM,SYNTHETIC_DEMO_DATA
2678,Andaman & Nicobar,11.68416,93.06341,2025-11-22 01:16:02,0.566,0.566,0.74,0.197,LOW,SYNTHETIC_DEMO_DATA
2679,Mumbai Coast,19.49521,72.85015,2025-11-22 04:10:53,0.602,0.574,0.606,0.376,MEDIUM,SYNTHETIC_DEMO_DATA
2680,Chennai Coast,12.92478,80.31586,2025-11-22 07:05:44,0.412,0.697,0.758,0.249,LOW,SYNTHETIC_DEMO_DATA
2681,Odisha Coast,19.95996,86.07124,2025-11-22 10:00:36,0.4,0.635,0.569,0.361,MEDIUM,SYNTHETIC_DEMO_DATA
2682,Odisha Coast,19.97968,85.74947,2025-11-22 12:55:27,0.38,0.752,0.764,0.305,MEDIUM,SYNTHETIC_DEMO_DATA
2683,Chennai Coast,13.3231,80.01703,2025-11-22 15:50:18,0.456,0.53,0.504,0.489,MEDIUM,SYNTHETIC_DEMO_DATA
2684,Andaman & Nicobar,11.40324,92.90587,2025-11-22 18:45:09,0.371,0.664,0.651,0.234,LOW,SYNTHETIC_DEMO_DATA
2685,Mumbai Coast,18.89255,72.33697,2025-11-22 21:40:00,0.476,0.724,0.765,0.263,LOW,SYNTHETIC_DEMO_DATA
2686,Kerala Coast,9.7833,76.62978,2025-11-23 00:34:51,0.335,0.657,0.61,0.326,MEDIUM,SYNTHETIC_DEMO_DATA
2687,Visakhapatnam,17.4953,83.26042,2025-11-23 03:29:42,0.46,0.83,0.748,0.199,LOW,SYNTHETIC_DEMO_DATA
2688,Mumbai Coast,18.94379,72.83452,2025-11-23 06:24:33,0.508,0.688,0.675,0.389,MEDIUM,SYNTHETIC_DEMO_DATA
2689,Gujarat Coast,22.13998,69.38689,2025-11-23 09:19:24,0.346,0.517,0.751,0.371,MEDIUM,SYNTHETIC_DEMO_DATA
2690,Lakshadweep,10.47972,72.61947,2025-11-23 12:14:15,0.48,0.723,0.641,0.428,MEDIUM,SYNTHETIC_DEMO_DATA
2691,Goa Coast,15.40937,73.78359,2025-11-23 15:09:06,0.493,0.645,0.755,0.273,LOW,SYNTHETIC_DEMO_DATA
2692,Gujarat Coast,21.91641,69.42297,2025-11-23 18:03:57,0.493,0.738,0.692,0.23,LOW,SYNTHETIC_DEMO_DATA
2693,Lakshadweep,10.76473,72.39236,2025-11-23 20:58:48,0.509,0.573,0.56,0.346,MEDIUM,SYNTHETIC_DEMO_DATA
2694,Kerala Coast,9.93756,76.31279,2025-11-23 23:53:39,0.631,0.658,0.538,0.695,HIGH,SYNTHETIC_DEMO_DATA
2695,Lakshadweep,10.59501,72.57735,2025-11-24 02:48:30,0.412,0.658,0.687,0.346,MEDIUM,SYNTHETIC_DEMO_DATA
2696,Chennai Coast,12.9987,80.17032,2025-11-24 05:43:21,0.635,0.729,0.669,0.279,LOW,SYNTHETIC_DEMO_DATA
2697,Odisha Coast,20.00694,85.65461,2025-11-24 08:38:12,0.592,0.676,0.723,0.338,MEDIUM,SYNTHETIC_DEMO_DATA
2698,Kerala Coast,9.84822,76.22652,2025-11-24 11:33:03,0.276,0.487,0.657,0.454,MEDIUM,SYNTHETIC_DEMO_DATA
2699,Odisha Coast,19.64356,86.13456,2025-11-24 14:27:55,0.597,0.629,0.684,0.257,LOW,SYNTHETIC_DEMO_DATA
2700,Odisha Coast,19.64467,85.37848,2025-11-24 17:22:46,0.427,0.702,0.651,0.446,MEDIUM,SYNTHETIC_DEMO_DATA
2701,Andaman & Nicobar,11.81217,92.21183,2025-11-24 20:17:37,0.445,0.687,0.701,0.239,LOW,SYNTHETIC_DEMO_DATA
2702,Goa Coast,15.58016,74.28242,2025-11-24 23:12:28,0.338,0.647,0.634,0.293,LOW,SYNTHETIC_DEMO_DATA
2703,Visakhapatnam,17.50962,83.10023,2025-11-25 02:07:19,0.253,0.704,0.585,0.216,LOW,SYNTHETIC_DEMO_DATA
2704,Andaman & Nicobar,12.08704,92.76005,2025-11-25 05:02:10,0.218,0.609,0.731,0.262,LOW,SYNTHETIC_DEMO_DATA
2705,Sundarbans,21.95079,89.15356,2025-11-25 07:57:01,0.502,0.728,0.669,0.345,MEDIUM,SYNTHETIC_DEMO_DATA
2706,Visakhapatnam,17.84241,83.29217,2025-11-25 10:51:52,0.203,0.663,0.6,0.186,LOW,SYNTHETIC_DEMO_DATA
2707,Goa Coast,15.25741,73.89857,2025-11-25 13:46:43,0.425,0.745,0.689,0.268,LOW,SYNTHETIC_DEMO_DATA
2708,Chennai Coast,12.7988,80.53076,2025-11-25 16:41:34,0.398,0.714,0.744,0.231,LOW,SYNTHETIC_DEMO_DATA
2709,Goa Coast,15.72031,73.97797,2025-11-25 19:36:25,0.579,0.551,0.57,0.485,MEDIUM,SYNTHETIC_DEMO_DATA
2710,Andaman & Nicobar,12.07385,92.70757,2025-11-25 22:31:16,0.476,0.508,0.597,0.298,LOW,SYNTHETIC_DEMO_DATA
2711,Sundarbans,21.76093,89.55698,2025-11-26 01:26:07,0.496,0.704,0.643,0.331,MEDIUM,SYNTHETIC_DEMO_DATA
2712,Sundarbans,21.85531,89.2783,2025-11-26 04:20:58,0.321,0.688,0.754,0.3,LOW,SYNTHETIC_DEMO_DATA
2713,Lakshadweep,10.74851,72.7691,2025-11-26 07:15:49,0.459,0.662,0.692,0.216,LOW,SYNTHETIC_DEMO_DATA
2714,Mumbai Coast,19.07486,72.52321,2025-11-26 10:10:40,0.439,0.638,0.719,0.263,LOW,SYNTHETIC_DEMO_DATA
2715,Mumbai Coast,18.92756,72.6593,2025-11-26 13:05:31,0.541,0.729,0.626,0.3,MEDIUM,SYNTHETIC_DEMO_DATA
2716,Kerala Coast,10.07593,75.98548,2025-11-26 16:00:23,0.323,0.605,0.652,0.336,MEDIUM,SYNTHETIC_DEMO_DATA
2717,Kerala Coast,10.14928,76.12713,2025-11-26 18:55:14,0.543,0.486,0.542,0.612,HIGH,SYNTHETIC_DEMO_DATA
2718,Gujarat Coast,22.37495,69.61397,2025-11-26 21:50:05,0.324,0.643,0.769,0.265,LOW,SYNTHETIC_DEMO_DATA
2719,Mumbai Coast,18.84742,72.66992,2025-11-27 00:44:56,0.505,0.665,0.449,0.356,MEDIUM,SYNTHETIC_DEMO_DATA
2720,Odisha Coast,19.9376,85.74571,2025-11-27 03:39:47,0.402,0.749,0.762,0.228,LOW,SYNTHETIC_DEMO_DATA
2721,Gujarat Coast,22.25391,69.82042,2025-11-27 06:34:38,0.318,0.559,0.652,0.322,MEDIUM,SYNTHETIC_DEMO_DATA
2722,Gujarat Coast,22.06319,69.64733,2025-11-27 09:29:29,0.51,0.646,0.648,0.436,MEDIUM,SYNTHETIC_DEMO_DATA
2723,Odisha Coast,19.86772,85.97912,2025-11-27 12:24:20,0.492,0.693,0.766,0.342,MEDIUM,SYNTHETIC_DEMO_DATA
2724,Chennai Coast,12.91538,80.14749,2025-11-27 15:19:11,0.293,0.556,0.504,0.433,MEDIUM,SYNTHETIC_DEMO_DATA
2725,Goa Coast,15.31302,73.81442,2025-11-27 18:14:02,0.718,0.635,0.714,0.267,LOW,SYNTHETIC_DEMO_DATA
2726,Gujarat Coast,21.97397,69.29468,2025-11-27 21:08:53,0.407,0.732,0.643,0.281,LOW,SYNTHETIC_DEMO_DATA
2727,Odisha Coast,19.90536,85.62527,2025-11-28 00:03:44,0.515,0.865,0.757,0.265,LOW,SYNTHETIC_DEMO_DATA
2728,Sundarbans,21.99081,89.03339,2025-11-28 02:58:35,0.503,0.781,0.595,0.486,MEDIUM,SYNTHETIC_DEMO_DATA
2729,Mumbai Coast,18.95583,73.00068,2025-11-28 05:53:26,0.632,0.706,0.581,0.438,MEDIUM,SYNTHETIC_DEMO_DATA
2730,Kerala Coast,9.90762,76.08679,2025-11-28 08:48:17,0.504,0.645,0.698,0.312,MEDIUM,SYNTHETIC_DEMO_DATA
2731,Lakshadweep,10.63394,73.07548,2025-11-28 11:43:08,0.307,0.395,0.396,0.45,MEDIUM,SYNTHETIC_DEMO_DATA
2732,Mumbai Coast,18.93299,72.55986,2025-11-28 14:37:59,0.481,0.609,0.602,0.531,MEDIUM,SYNTHETIC_DEMO_DATA
2733,Lakshadweep,10.36482,73.01422,2025-11-28 17:32:51,0.414,0.426,0.665,0.375,MEDIUM,SYNTHETIC_DEMO_DATA
2734,Visakhapatnam,17.42519,83.39957,2025-11-28 20:27:42,0.358,0.693,0.619,0.327,MEDIUM,SYNTHETIC_DEMO_DATA
2735,Kerala Coast,10.19616,75.85738,2025-11-28 23:22:33,0.578,0.824,0.775,0.361,MEDIUM,SYNTHETIC_DEMO_DATA
2736,Odisha Coast,19.76563,85.91699,2025-11-29 02:17:24,0.506,0.712,0.698,0.29,LOW,SYNTHETIC_DEMO_DATA
2737,Mumbai Coast,18.95218,72.96862,2025-11-29 05:12:15,0.536,0.801,0.577,0.309,MEDIUM,SYNTHETIC_DEMO_DATA
2738,Odisha Coast,20.01116,85.73095,2025-11-29 08:07:06,0.391,0.67,0.724,0.352,MEDIUM,SYNTHETIC_DEMO_DATA
2739,Kerala Coast,9.5605,76.29665,2025-11-29 11:01:57,0.528,0.676,0.747,0.313,MEDIUM,SYNTHETIC_DEMO_DATA
2740,Chennai Coast,12.8888,80.11098,2025-11-29 13:56:48,0.416,0.692,0.573,0.326,MEDIUM,SYNTHETIC_DEMO_DATA
2741,Odisha Coast,19.74528,85.94279,2025-11-29 16:51:39,0.539,0.716,0.675,0.285,LOW,SYNTHETIC_DEMO_DATA
2742,Sundarbans,22.02119,88.93872,2025-11-29 19:46:30,0.708,0.742,0.449,0.398,MEDIUM,SYNTHETIC_DEMO_DATA
2743,Mumbai Coast,19.01833,72.6876,2025-11-29 22:41:21,0.292,0.688,0.626,0.343,MEDIUM,SYNTHETIC_DEMO_DATA
2744,Lakshadweep,10.13615,72.65642,2025-11-30 01:36:12,0.548,0.711,0.563,0.397,MEDIUM,SYNTHETIC_DEMO_DATA
2745,Odisha Coast,19.89882,85.80705,2025-11-30 04:31:03,0.586,0.588,0.559,0.513,MEDIUM,SYNTHETIC_DEMO_DATA
2746,Kerala Coast,9.74842,76.56328,2025-11-30 07:25:54,0.55,0.54,0.537,0.501,MEDIUM,SYNTHETIC_DEMO_DATA
2747,Visakhapatnam,17.94331,83.48032,2025-11-30 10:20:45,0.394,0.401,0.526,0.538,MEDIUM,SYNTHETIC_DEMO_DATA
2748,Andaman & Nicobar,11.63928,92.79573,2025-11-30 13:15:36,0.524,0.581,0.536,0.612,HIGH,SYNTHETIC_DEMO_DATA
2749,Kerala Coast,9.51201,75.82862,2025-11-30 16:10:27,0.396,0.65,0.778,0.336,MEDIUM,SYNTHETIC_DEMO_DATA
2750,Lakshadweep,10.73775,72.79676,2025-11-30 19:05:19,0.405,0.787,0.765,0.229,LOW,SYNTHETIC_DEMO_DATA
2751,Visakhapatnam,17.70166,83.13617,2025-11-30 22:00:10,0.375,0.355,0.709,0.435,MEDIUM,SYNTHETIC_DEMO_DATA
2752,Sundarbans,21.67851,89.21961,2025-12-01 00:55:01,0.648,0.756,0.694,0.411,MEDIUM,SYNTHETIC_DEMO_DATA
2753,Mumbai Coast,19.02899,72.98977,2025-12-01 03:49:52,0.348,0.601,0.661,0.541,MEDIUM,SYNTHETIC_DEMO_DATA
2754,Gujarat Coast,22.03861,69.5125,2025-12-01 06:44:43,0.408,0.51,0.562,0.483,MEDIUM,SYNTHETIC_DEMO_DATA
2755,Lakshadweep,10.55091,72.51126,2025-12-01 09:39:34,0.453,0.696,0.6,0.311,MEDIUM,SYNTHETIC_DEMO_DATA
2756,Andaman & Nicobar,11.8981,92.43662,2025-12-01 12:34:25,0.601,0.861,0.763,0.196,LOW,SYNTHETIC_DEMO_DATA
2757,Andaman & Nicobar,11.89201,92.76127,2025-12-01 15:29:16,0.307,0.592,0.697,0.322,MEDIUM,SYNTHETIC_DEMO_DATA
2758,Gujarat Coast,22.31836,69.68057,2025-12-01 18:24:07,0.643,0.645,0.681,0.422,MEDIUM,SYNTHETIC_DEMO_DATA
2759,Chennai Coast,12.93526,80.29996,2025-12-01 21:18:58,0.422,0.665,0.723,0.285,LOW,SYNTHETIC_DEMO_DATA
2760,Kerala Coast,10.18343,76.25548,2025-12-02 00:13:49,0.478,0.678,0.737,0.236,LOW,SYNTHETIC_DEMO_DATA
2761,Odisha Coast,19.73028,85.88597,2025-12-02 03:08:40,0.573,0.676,0.735,0.408,MEDIUM,SYNTHETIC_DEMO_DATA
2762,Kerala Coast,9.83169,76.36344,2025-12-02 06:03:31,0.479,0.703,0.661,0.401,MEDIUM,SYNTHETIC_DEMO_DATA
2763,Chennai Coast,13.16731,80.36303,2025-12-02 08:58:22,0.475,0.65,0.791,0.196,LOW,SYNTHETIC_DEMO_DATA
2764,Sundarbans,22.19049,88.96675,2025-12-02 11:53:13,0.333,0.613,0.726,0.313,MEDIUM,SYNTHETIC_DEMO_DATA
2765,Visakhapatnam,17.60009,83.04876,2025-12-02 14:48:04,0.335,0.68,0.64,0.419,MEDIUM,SYNTHETIC_DEMO_DATA
2766,Mumbai Coast,19.02697,72.96719,2025-12-02 17:42:55,0.584,0.738,0.764,0.226,LOW,SYNTHETIC_DEMO_DATA
2767,Chennai Coast,13.15031,80.00223,2025-12-02 20:37:47,0.446,0.69,0.57,0.289,LOW,SYNTHETIC_DEMO_DATA
2768,Lakshadweep,10.54919,72.43392,2025-12-02 23:32:38,0.71,0.674,0.564,0.431,MEDIUM,SYNTHETIC_DEMO_DATA
2769,Kerala Coast,10.15977,76.4924,2025-12-03 02:27:29,0.422,0.664,0.706,0.416,MEDIUM,SYNTHETIC_DEMO_DATA
2770,Lakshadweep,10.9061,72.9313,2025-12-03 05:22:20,0.55,0.849,0.789,0.21,LOW,SYNTHETIC_DEMO_DATA
2771,Gujarat Coast,22.49887,69.32953,2025-12-03 08:17:11,0.586,0.685,0.729,0.31,MEDIUM,SYNTHETIC_DEMO_DATA
2772,Sundarbans,22.03898,89.37207,2025-12-03 11:12:02,0.62,0.67,0.765,0.309,MEDIUM,SYNTHETIC_DEMO_DATA
2773,Visakhapatnam,17.69427,83.00552,2025-12-03 14:06:53,0.25,0.457,0.501,0.446,MEDIUM,SYNTHETIC_DEMO_DATA
2774,Goa Coast,15.64781,73.87956,2025-12-03 17:01:44,0.547,0.763,0.549,0.387,MEDIUM,SYNTHETIC_DEMO_DATA
2775,Mumbai Coast,18.58272,72.87025,2025-12-03 19:56:35,0.557,0.745,0.689,0.213,LOW,SYNTHETIC_DEMO_DATA
2776,Chennai Coast,12.72019,79.84241,2025-12-03 22:51:26,0.31,0.608,0.639,0.306,MEDIUM,SYNTHETIC_DEMO_DATA
2777,Mumbai Coast,19.09271,72.98384,2025-12-04 01:46:17,0.691,0.81,0.783,0.239,LOW,SYNTHETIC_DEMO_DATA
2778,Lakshadweep,10.50441,72.76675,2025-12-04 04:41:08,0.507,0.73,0.671,0.273,LOW,SYNTHETIC_DEMO_DATA
2779,Chennai Coast,13.01267,79.92904,2025-12-04 07:35:59,0.48,0.666,0.779,0.234,LOW,SYNTHETIC_DEMO_DATA
2780,Sundarbans,21.63552,88.99572,2025-12-04 10:30:50,0.438,0.672,0.582,0.337,MEDIUM,SYNTHETIC_DEMO_DATA
2781,Chennai Coast,13.11204,80.66476,2025-12-04 13:25:41,0.235,0.688,0.584,0.249,LOW,SYNTHETIC_DEMO_DATA
2782,Lakshadweep,10.70695,72.8319,2025-12-04 16:20:32,0.359,0.621,0.73,0.257,LOW,SYNTHETIC_DEMO_DATA
2783,Goa Coast,15.6804,73.69168,2025-12-04 19:15:23,0.532,0.632,0.653,0.282,LOW,SYNTHETIC_DEMO_DATA
2784,Andaman & Nicobar,11.44972,92.466,2025-12-04 22:10:15,0.406,0.61,0.861,0.181,LOW,SYNTHETIC_DEMO_DATA
2785,Lakshadweep,10.98945,72.5802,2025-12-05 01:05:06,0.364,0.438,0.478,0.511,MEDIUM,SYNTHETIC_DEMO_DATA
2786,Odisha Coast,19.59604,85.96795,2025-12-05 03:59:57,0.353,0.746,0.722,0.314,MEDIUM,SYNTHETIC_DEMO_DATA
2787,Visakhapatnam,17.7257,83.48011,2025-12-05 06:54:48,0.41,0.581,0.558,0.575,MEDIUM,SYNTHETIC_DEMO_DATA
2788,Sundarbans,22.28657,88.99749,2025-12-05 09:49:39,0.503,0.677,0.803,0.367,MEDIUM,SYNTHETIC_DEMO_DATA
2789,Sundarbans,22.16399,89.03599,2025-12-05 12:44:30,0.372,0.668,0.659,0.346,MEDIUM,SYNTHETIC_DEMO_DATA
2790,Andaman & Nicobar,11.67193,92.80894,2025-12-05 15:39:21,0.31,0.553,0.648,0.291,LOW,SYNTHETIC_DEMO_DATA
2791,Lakshadweep,10.45046,72.65878,2025-12-05 18:34:12,0.289,0.637,0.58,0.322,MEDIUM,SYNTHETIC_DEMO_DATA
2792,Odisha Coast,19.99712,85.71932,2025-12-05 21:29:03,0.401,0.592,0.618,0.38,MEDIUM,SYNTHETIC_DEMO_DATA
2793,Goa Coast,15.55743,74.08451,2025-12-06 00:23:54,0.328,0.571,0.795,0.261,LOW,SYNTHETIC_DEMO_DATA
2794,Mumbai Coast,19.03336,72.6055,2025-12-06 03:18:45,0.532,0.626,0.598,0.432,MEDIUM,SYNTHETIC_DEMO_DATA
2795,Sundarbans,22.134,89.29707,2025-12-06 06:13:36,0.394,0.621,0.686,0.274,LOW,SYNTHETIC_DEMO_DATA
2796,Lakshadweep,10.46359,72.28268,2025-12-06 09:08:27,0.415,0.648,0.785,0.236,LOW,SYNTHETIC_DEMO_DATA
2797,Andaman & Nicobar,11.46519,92.71519,2025-12-06 12:03:18,0.268,0.527,0.567,0.302,MEDIUM,SYNTHETIC_DEMO_DATA
2798,Mumbai Coast,19.00078,72.91561,2025-12-06 14:58:09,0.492,0.722,0.739,0.275,LOW,SYNTHETIC_DEMO_DATA
2799,Goa Coast,14.93743,73.79468,2025-12-06 17:53:00,0.566,0.46,0.77,0.26,LOW,SYNTHETIC_DEMO_DATA
2800,Chennai Coast,13.17199,80.31937,2025-12-06 20:47:51,0.441,0.508,0.678,0.315,MEDIUM,SYNTHETIC_DEMO_DATA
2801,Goa Coast,15.4845,73.79951,2025-12-06 23:42:42,0.513,0.626,0.595,0.351,MEDIUM,SYNTHETIC_DEMO_DATA
2802,Kerala Coast,9.73323,76.14206,2025-12-07 02:37:34,0.429,0.631,0.564,0.481,MEDIUM,SYNTHETIC_DEMO_DATA
2803,Lakshadweep,10.31321,72.62545,2025-12-07 05:32:25,0.485,0.714,0.807,0.227,LOW,SYNTHETIC_DEMO_DATA
2804,Sundarbans,21.80774,89.24824,2025-12-07 08:27:16,0.541,0.576,0.503,0.462,MEDIUM,SYNTHETIC_DEMO_DATA
2805,Odisha Coast,19.70629,85.48933,2025-12-07 11:22:07,0.38,0.736,0.71,0.288,LOW,SYNTHETIC_DEMO_DATA
2806,Lakshadweep,10.47516,72.6737,2025-12-07 14:16:58,0.39,0.516,0.595,0.5,MEDIUM,SYNTHETIC_DEMO_DATA
2807,Visakhapatnam,17.50123,83.54806,2025-12-07 17:11:49,0.311,0.578,0.721,0.283,LOW,SYNTHETIC_DEMO_DATA
2808,Chennai Coast,12.83548,80.14399,2025-12-07 20:06:40,0.455,0.637,0.654,0.35,MEDIUM,SYNTHETIC_DEMO_DATA
2809,Goa Coast,15.20794,73.97251,2025-12-07 23:01:31,0.374,0.691,0.801,0.273,LOW,SYNTHETIC_DEMO_DATA
2810,Odisha Coast,19.86607,85.73226,2025-12-08 01:56:22,0.6,0.776,0.588,0.365,MEDIUM,SYNTHETIC_DEMO_DATA
2811,Mumbai Coast,18.97693,72.67944,2025-12-08 04:51:13,0.47,0.699,0.65,0.399,MEDIUM,SYNTHETIC_DEMO_DATA
2812,Visakhapatnam,17.56041,83.41785,2025-12-08 07:46:04,0.26,0.522,0.681,0.28,LOW,SYNTHETIC_DEMO_DATA
2813,Odisha Coast,19.80349,85.77539,2025-12-08 10:40:55,0.6,0.777,0.694,0.21,LOW,SYNTHETIC_DEMO_DATA
2814,Lakshadweep,10.2686,72.48855,2025-12-08 13:35:46,0.362,0.59,0.562,0.421,MEDIUM,SYNTHETIC_DEMO_DATA
2815,Odisha Coast,19.90972,85.54998,2025-12-08 16:30:37,0.53,0.575,0.709,0.388,MEDIUM,SYNTHETIC_DEMO_DATA
2816,Sundarbans,21.83718,89.04882,2025-12-08 19:25:28,0.275,0.667,0.655,0.36,MEDIUM,SYNTHETIC_DEMO_DATA
2817,Gujarat Coast,22.30901,69.54117,2025-12-08 22:20:19,0.316,0.613,0.777,0.444,MEDIUM,SYNTHETIC_DEMO_DATA
2818,Andaman & Nicobar,11.87973,92.53478,2025-12-09 01:15:10,0.316,0.526,0.628,0.372,MEDIUM,SYNTHETIC_DEMO_DATA
2819,Odisha Coast,19.76977,85.75877,2025-12-09 04:10:02,0.503,0.817,0.602,0.314,MEDIUM,SYNTHETIC_DEMO_DATA
2820,Goa Coast,15.32827,73.81539,2025-12-09 07:04:53,0.529,0.337,0.382,0.806,CRITICAL,SYNTHETIC_DEMO_DATA
2821,Mumbai Coast,18.62792,72.76549,2025-12-09 09:59:44,0.323,0.671,0.656,0.232,LOW,SYNTHETIC_DEMO_DATA
2822,Andaman & Nicobar,11.98397,92.53991,2025-12-09 12:54:35,0.476,0.729,0.726,0.234,LOW,SYNTHETIC_DEMO_DATA
2823,Odisha Coast,19.90814,85.78052,2025-12-09 15:49:26,0.576,0.778,0.731,0.329,MEDIUM,SYNTHETIC_DEMO_DATA
2824,Lakshadweep,10.57804,72.75043,2025-12-09 18:44:17,0.399,0.486,0.407,0.585,MEDIUM,SYNTHETIC_DEMO_DATA
2825,Gujarat Coast,22.0786,69.46514,2025-12-09 21:39:08,0.459,0.59,0.759,0.305,MEDIUM,SYNTHETIC_DEMO_DATA
2826,Andaman & Nicobar,11.73668,92.75151,2025-12-10 00:33:59,0.425,0.547,0.536,0.551,MEDIUM,SYNTHETIC_DEMO_DATA
2827,Chennai Coast,13.30999,80.44041,2025-12-10 03:28:50,0.411,0.659,0.727,0.324,MEDIUM,SYNTHETIC_DEMO_DATA
2828,Lakshadweep,10.28483,73.00379,2025-12-10 06:23:41,0.196,0.593,0.654,0.305,MEDIUM,SYNTHETIC_DEMO_DATA
2829,Gujarat Coast,22.12654,69.82695,2025-12-10 09:18:32,0.319,0.506,0.684,0.456,MEDIUM,SYNTHETIC_DEMO_DATA
2830,Odisha Coast,19.59404,85.85795,2025-12-10 12:13:23,0.323,0.494,0.746,0.434,MEDIUM,SYNTHETIC_DEMO_DATA
2831,Lakshadweep,10.29974,73.14495,2025-12-10 15:08:14,0.379,0.608,0.542,0.299,LOW,SYNTHETIC_DEMO_DATA
2832,Goa Coast,15.48705,73.94435,2025-12-10 18:03:05,0.476,0.668,0.483,0.579,MEDIUM,SYNTHETIC_DEMO_DATA
2833,Chennai Coast,13.07896,79.93158,2025-12-10 20:57:56,0.423,0.61,0.569,0.38,MEDIUM,SYNTHETIC_DEMO_DATA
2834,Mumbai Coast,18.78892,72.69556,2025-12-10 23:52:47,0.387,0.593,0.71,0.397,MEDIUM,SYNTHETIC_DEMO_DATA
2835,Chennai Coast,13.45119,80.52466,2025-12-11 02:47:38,0.421,0.542,0.742,0.262,LOW,SYNTHETIC_DEMO_DATA
2836,Mumbai Coast,19.27027,72.91146,2025-12-11 05:42:30,0.602,0.805,0.648,0.374,MEDIUM,SYNTHETIC_DEMO_DATA
2837,Lakshadweep,10.57704,72.63151,2025-12-11 08:37:21,0.42,0.766,0.804,0.229,LOW,SYNTHETIC_DEMO_DATA
2838,Andaman & Nicobar,11.5978,92.64375,2025-12-11 11:32:12,0.417,0.648,0.541,0.617,HIGH,SYNTHETIC_DEMO_DATA
2839,Visakhapatnam,17.52789,82.73102,2025-12-11 14:27:03,0.578,0.759,0.768,0.165,LOW,SYNTHETIC_DEMO_DATA
2840,Lakshadweep,10.61239,72.53471,2025-12-11 17:21:54,0.266,0.62,0.576,0.321,MEDIUM,SYNTHETIC_DEMO_DATA
2841,Kerala Coast,9.52331,76.48749,2025-12-11 20:16:45,0.636,0.822,0.649,0.313,MEDIUM,SYNTHETIC_DEMO_DATA
2842,Goa Coast,15.33971,73.84606,2025-12-11 23:11:36,0.339,0.625,0.671,0.264,LOW,SYNTHETIC_DEMO_DATA
2843,Goa Coast,15.50573,74.0876,2025-12-12 02:06:27,0.447,0.652,0.763,0.291,LOW,SYNTHETIC_DEMO_DATA
2844,Kerala Coast,9.96019,76.33099,2025-12-12 05:01:18,0.498,0.566,0.593,0.52,MEDIUM,SYNTHETIC_DEMO_DATA
2845,Kerala Coast,9.5852,76.2245,2025-12-12 07:56:09,0.393,0.778,0.692,0.334,MEDIUM,SYNTHETIC_DEMO_DATA
2846,Kerala Coast,9.93695,76.48459,2025-12-12 10:51:00,0.573,0.558,0.627,0.513,MEDIUM,SYNTHETIC_DEMO_DATA
2847,Andaman & Nicobar,11.62001,92.76811,2025-12-12 13:45:51,0.329,0.695,0.587,0.303,MEDIUM,SYNTHETIC_DEMO_DATA
2848,Chennai Coast,13.51291,80.20022,2025-12-12 16:40:42,0.339,0.713,0.778,0.176,LOW,SYNTHETIC_DEMO_DATA
2849,Visakhapatnam,17.76361,83.26529,2025-12-12 19:35:33,0.63,0.783,0.712,0.233,LOW,SYNTHETIC_DEMO_DATA
2850,Chennai Coast,13.07721,80.17103,2025-12-12 22:30:24,0.325,0.569,0.677,0.289,LOW,SYNTHETIC_DEMO_DATA
2851,Odisha Coast,19.71532,85.70034,2025-12-13 01:25:15,0.388,0.556,0.626,0.468,MEDIUM,SYNTHETIC_DEMO_DATA
2852,Chennai Coast,12.87631,80.33139,2025-12-13 04:20:06,0.42,0.611,0.746,0.438,MEDIUM,SYNTHETIC_DEMO_DATA
2853,Odisha Coast,20.03676,86.28766,2025-12-13 07:14:58,0.61,0.625,0.728,0.287,LOW,SYNTHETIC_DEMO_DATA
2854,Sundarbans,21.9385,89.42905,2025-12-13 10:09:49,0.864,0.667,0.674,0.506,MEDIUM,SYNTHETIC_DEMO_DATA
2855,Goa Coast,15.46513,73.64562,2025-12-13 13:04:40,0.356,0.738,0.756,0.136,LOW,SYNTHETIC_DEMO_DATA
2856,Sundarbans,22.22924,89.03427,2025-12-13 15:59:31,0.432,0.816,0.76,0.221,LOW,SYNTHETIC_DEMO_DATA
2857,Mumbai Coast,19.29694,72.8448,2025-12-13 18:54:22,0.495,0.732,0.536,0.417,MEDIUM,SYNTHETIC_DEMO_DATA
2858,Goa Coast,15.02848,74.04205,2025-12-13 21:49:13,0.251,0.437,0.475,0.429,MEDIUM,SYNTHETIC_DEMO_DATA
2859,Goa Coast,15.14319,73.79436,2025-12-14 00:44:04,0.613,0.921,0.795,0.187,LOW,SYNTHETIC_DEMO_DATA
2860,Kerala Coast,9.49176,76.30008,2025-12-14 03:38:55,0.578,0.874,0.783,0.186,LOW,SYNTHETIC_DEMO_DATA
2861,Odisha Coast,19.68767,85.9716,2025-12-14 06:33:46,0.366,0.688,0.695,0.388,MEDIUM,SYNTHETIC_DEMO_DATA
2862,Lakshadweep,10.76949,73.05566,2025-12-14 09:28:37,0.446,0.593,0.644,0.356,MEDIUM,SYNTHETIC_DEMO_DATA
2863,Andaman & Nicobar,11.739,93.01316,2025-12-14 12:23:28,0.302,0.737,0.777,0.192,LOW,SYNTHETIC_DEMO_DATA
2864,Gujarat Coast,22.13346,69.68846,2025-12-14 15:18:19,0.392,0.757,0.76,0.286,LOW,SYNTHETIC_DEMO_DATA
2865,Sundarbans,21.62021,89.23503,2025-12-14 18:13:10,0.638,0.699,0.609,0.477,MEDIUM,SYNTHETIC_DEMO_DATA
2866,Sundarbans,21.78058,88.58299,2025-12-14 21:08:01,0.499,0.614,0.685,0.405,MEDIUM,SYNTHETIC_DEMO_DATA
2867,Chennai Coast,13.14868,80.58488,2025-12-15 00:02:52,0.327,0.654,0.687,0.285,LOW,SYNTHETIC_DEMO_DATA
2868,Odisha Coast,19.77615,86.01025,2025-12-15 02:57:43,0.375,0.491,0.782,0.419,MEDIUM,SYNTHETIC_DEMO_DATA
2869,Andaman & Nicobar,11.54141,92.72293,2025-12-15 05:52:34,0.389,0.736,0.565,0.229,LOW,SYNTHETIC_DEMO_DATA
2870,Visakhapatnam,17.80699,83.50934,2025-12-15 08:47:26,0.608,0.598,0.714,0.348,MEDIUM,SYNTHETIC_DEMO_DATA
2871,Visakhapatnam,17.60822,83.3569,2025-12-15 11:42:17,0.421,0.738,0.653,0.403,MEDIUM,SYNTHETIC_DEMO_DATA
2872,Lakshadweep,10.66237,72.78869,2025-12-15 14:37:08,0.475,0.634,0.676,0.403,MEDIUM,SYNTHETIC_DEMO_DATA
2873,Andaman & Nicobar,11.71524,92.27819,2025-12-15 17:31:59,0.722,0.8,0.675,0.333,MEDIUM,SYNTHETIC_DEMO_DATA
2874,Visakhapatnam,17.99438,83.01963,2025-12-15 20:26:50,0.425,0.538,0.537,0.452,MEDIUM,SYNTHETIC_DEMO_DATA
2875,Chennai Coast,13.21695,80.21619,2025-12-15 23:21:41,0.266,0.412,0.514,0.612,HIGH,SYNTHETIC_DEMO_DATA
2876,Mumbai Coast,19.29336,72.87539,2025-12-16 02:16:32,0.337,0.658,0.643,0.321,MEDIUM,SYNTHETIC_DEMO_DATA
2877,Gujarat Coast,21.82178,69.26627,2025-12-16 05:11:23,0.233,0.601,0.604,0.432,MEDIUM,SYNTHETIC_DEMO_DATA
2878,Lakshadweep,10.96766,72.61975,2025-12-16 08:06:14,0.449,0.648,0.402,0.468,MEDIUM,SYNTHETIC_DEMO_DATA
2879,Andaman & Nicobar,12.09769,92.83305,2025-12-16 11:01:05,0.599,0.691,0.46,0.415,MEDIUM,SYNTHETIC_DEMO_DATA
2880,Lakshadweep,10.61029,72.58611,2025-12-16 13:55:56,0.409,0.589,0.645,0.331,MEDIUM,SYNTHETIC_DEMO_DATA
2881,Sundarbans,22.01678,89.60688,2025-12-16 16:50:47,0.421,0.624,0.728,0.315,MEDIUM,SYNTHETIC_DEMO_DATA
2882,Visakhapatnam,17.85786,82.74389,2025-12-16 19:45:38,0.378,0.529,0.653,0.386,MEDIUM,SYNTHETIC_DEMO_DATA
2883,Mumbai Coast,18.56071,73.10548,2025-12-16 22:40:29,0.675,0.651,0.629,0.383,MEDIUM,SYNTHETIC_DEMO_DATA
2884,Sundarbans,21.64412,89.34293,2025-12-17 01:35:20,0.482,0.731,0.588,0.344,MEDIUM,SYNTHETIC_DEMO_DATA
2885,Chennai Coast,13.55424,80.1912,2025-12-17 04:30:11,0.36,0.754,0.785,0.192,LOW,SYNTHETIC_DEMO_DATA
2886,Odisha Coast,19.77915,85.82282,2025-12-17 07:25:02,0.553,0.577,0.704,0.231,LOW,SYNTHETIC_DEMO_DATA
2887,Lakshadweep,10.29758,72.73057,2025-12-17 10:19:53,0.481,0.796,0.851,0.163,LOW,SYNTHETIC_DEMO_DATA
2888,Sundarbans,21.72343,89.11572,2025-12-17 13:14:45,0.702,0.75,0.707,0.449,MEDIUM,SYNTHETIC_DEMO_DATA
2889,Odisha Coast,19.6782,85.90172,2025-12-17 16:09:36,0.589,0.456,0.499,0.643,HIGH,SYNTHETIC_DEMO_DATA
2890,Odisha Coast,19.8109,85.66003,2025-12-17 19:04:27,0.523,0.637,0.817,0.41,MEDIUM,SYNTHETIC_DEMO_DATA
2891,Odisha Coast,20.06743,85.7319,2025-12-17 21:59:18,0.598,0.777,0.74,0.241,LOW,SYNTHETIC_DEMO_DATA
2892,Mumbai Coast,18.97326,72.99156,2025-12-18 00:54:09,0.55,0.574,0.405,0.628,HIGH,SYNTHETIC_DEMO_DATA
2893,Chennai Coast,12.85609,80.1593,2025-12-18 03:49:00,0.565,0.667,0.724,0.303,MEDIUM,SYNTHETIC_DEMO_DATA
2894,Lakshadweep,10.71901,72.24957,2025-12-18 06:43:51,0.628,0.615,0.553,0.366,MEDIUM,SYNTHETIC_DEMO_DATA
2895,Visakhapatnam,18.20018,83.26848,2025-12-18 09:38:42,0.376,0.488,0.663,0.356,MEDIUM,SYNTHETIC_DEMO_DATA
2896,Mumbai Coast,19.05011,72.96634,2025-12-18 12:33:33,0.554,0.671,0.695,0.342,MEDIUM,SYNTHETIC_DEMO_DATA
2897,Gujarat Coast,22.16902,69.66768,2025-12-18 15:28:24,0.263,0.736,0.723,0.146,LOW,SYNTHETIC_DEMO_DATA
2898,Gujarat Coast,22.28601,69.36312,2025-12-18 18:23:15,0.375,0.746,0.787,0.223,LOW,SYNTHETIC_DEMO_DATA
2899,Goa Coast,15.3168,73.94478,2025-12-18 21:18:06,0.525,0.638,0.62,0.388,MEDIUM,SYNTHETIC_DEMO_DATA
2900,Visakhapatnam,17.77058,83.14407,2025-12-19 00:12:57,0.536,0.623,0.741,0.314,MEDIUM,SYNTHETIC_DEMO_DATA
2901,Mumbai Coast,19.00152,72.65435,2025-12-19 03:07:48,0.568,0.689,0.7,0.263,LOW,SYNTHETIC_DEMO_DATA
2902,Andaman & Nicobar,11.72754,92.59561,2025-12-19 06:02:39,0.396,0.577,0.662,0.332,MEDIUM,SYNTHETIC_DEMO_DATA
2903,Andaman & Nicobar,11.41357,92.23905,2025-12-19 08:57:30,0.294,0.752,0.94,0.161,LOW,SYNTHETIC_DEMO_DATA
2904,Gujarat Coast,22.2809,69.66922,2025-12-19 11:52:21,0.546,0.53,0.565,0.356,MEDIUM,SYNTHETIC_DEMO_DATA
2905,Gujarat Coast,22.21063,69.73815,2025-12-19 14:47:13,0.298,0.658,0.725,0.289,LOW,SYNTHETIC_DEMO_DATA
2906,Andaman & Nicobar,11.94657,93.01765,2025-12-19 17:42:04,0.448,0.545,0.758,0.215,LOW,SYNTHETIC_DEMO_DATA
2907,Gujarat Coast,22.05413,69.4306,2025-12-19 20:36:55,0.459,0.667,0.602,0.448,MEDIUM,SYNTHETIC_DEMO_DATA
2908,Lakshadweep,10.70489,72.18007,2025-12-19 23:31:46,0.388,0.687,0.808,0.322,MEDIUM,SYNTHETIC_DEMO_DATA
2909,Odisha Coast,19.4381,86.32502,2025-12-20 02:26:37,0.684,0.614,0.722,0.404,MEDIUM,SYNTHETIC_DEMO_DATA
2910,Chennai Coast,13.14249,80.15454,2025-12-20 05:21:28,0.352,0.627,0.615,0.499,MEDIUM,SYNTHETIC_DEMO_DATA
2911,Odisha Coast,19.70084,85.56077,2025-12-20 08:16:19,0.734,0.636,0.537,0.389,MEDIUM,SYNTHETIC_DEMO_DATA
2912,Sundarbans,21.97047,88.837,2025-12-20 11:11:10,0.435,0.758,0.71,0.419,MEDIUM,SYNTHETIC_DEMO_DATA
2913,Kerala Coast,9.859,76.0633,2025-12-20 14:06:01,0.428,0.594,0.617,0.395,MEDIUM,SYNTHETIC_DEMO_DATA
2914,Visakhapatnam,17.50208,83.36079,2025-12-20 17:00:52,0.414,0.831,0.694,0.104,LOW,SYNTHETIC_DEMO_DATA
2915,Kerala Coast,9.5583,76.80504,2025-12-20 19:55:43,0.615,0.628,0.55,0.646,HIGH,SYNTHETIC_DEMO_DATA
2916,Kerala Coast,10.15576,75.75866,2025-12-20 22:50:34,0.568,0.748,0.7,0.287,LOW,SYNTHETIC_DEMO_DATA
2917,Gujarat Coast,22.19207,69.45841,2025-12-21 01:45:25,0.462,0.591,0.682,0.309,MEDIUM,SYNTHETIC_DEMO_DATA
2918,Lakshadweep,10.64634,72.83144,2025-12-21 04:40:16,0.452,0.593,0.505,0.473,MEDIUM,SYNTHETIC_DEMO_DATA
2919,Andaman & Nicobar,11.86936,92.73053,2025-12-21 07:35:07,0.342,0.456,0.562,0.35,MEDIUM,SYNTHETIC_DEMO_DATA
2920,Chennai Coast,12.89252,80.50119,2025-12-21 10:29:58,0.261,0.701,0.789,0.248,LOW,SYNTHETIC_DEMO_DATA
2921,Chennai Coast,13.03481,80.76139,2025-12-21 13:24:49,0.461,0.762,0.664,0.408,MEDIUM,SYNTHETIC_DEMO_DATA
2922,Goa Coast,15.21869,73.76273,2025-12-21 16:19:41,0.57,0.721,0.746,0.282,LOW,SYNTHETIC_DEMO_DATA
2923,Odisha Coast,19.26884,85.84608,2025-12-21 19:14:32,0.344,0.685,0.678,0.326,MEDIUM,SYNTHETIC_DEMO_DATA
2924,Mumbai Coast,18.59649,72.82658,2025-12-21 22:09:23,0.541,0.702,0.848,0.304,MEDIUM,SYNTHETIC_DEMO_DATA
2925,Kerala Coast,9.94394,76.18725,2025-12-22 01:04:14,0.452,0.58,0.599,0.419,MEDIUM,SYNTHETIC_DEMO_DATA
2926,Odisha Coast,19.70924,85.47113,2025-12-22 03:59:05,0.208,0.587,0.533,0.463,MEDIUM,SYNTHETIC_DEMO_DATA
2927,Gujarat Coast,22.12131,69.91023,2025-12-22 06:53:56,0.315,0.618,0.585,0.542,MEDIUM,SYNTHETIC_DEMO_DATA
2928,Chennai Coast,12.94796,80.3493,2025-12-22 09:48:47,0.42,0.744,0.751,0.179,LOW,SYNTHETIC_DEMO_DATA
2929,Odisha Coast,19.62605,86.08654,2025-12-22 12:43:38,0.544,0.773,0.558,0.429,MEDIUM,SYNTHETIC_DEMO_DATA
2930,Gujarat Coast,22.17063,70.03083,2025-12-22 15:38:29,0.198,0.629,0.511,0.607,HIGH,SYNTHETIC_DEMO_DATA
2931,Odisha Coast,19.79484,86.12187,2025-12-22 18:33:20,0.455,0.727,0.775,0.288,LOW,SYNTHETIC_DEMO_DATA
2932,Gujarat Coast,22.40472,69.75862,2025-12-22 21:28:11,0.286,0.725,0.657,0.413,MEDIUM,SYNTHETIC_DEMO_DATA
2933,Odisha Coast,19.66196,86.0097,2025-12-23 00:23:02,0.326,0.633,0.531,0.471,MEDIUM,SYNTHETIC_DEMO_DATA
2934,Kerala Coast,10.19691,76.33003,2025-12-23 03:17:53,0.829,0.7,0.566,0.421,MEDIUM,SYNTHETIC_DEMO_DATA
2935,Andaman & Nicobar,11.5305,92.64769,2025-12-23 06:12:44,0.452,0.625,0.58,0.393,MEDIUM,SYNTHETIC_DEMO_DATA
2936,Visakhapatnam,17.54069,83.40204,2025-12-23 09:07:35,0.422,0.618,0.602,0.332,MEDIUM,SYNTHETIC_DEMO_DATA
2937,Goa Coast,15.28459,73.97586,2025-12-23 12:02:26,0.333,0.676,0.604,0.311,MEDIUM,SYNTHETIC_DEMO_DATA
2938,Goa Coast,15.77928,73.96425,2025-12-23 14:57:17,0.257,0.591,0.621,0.392,MEDIUM,SYNTHETIC_DEMO_DATA
2939,Lakshadweep,10.64456,72.35268,2025-12-23 17:52:09,0.39,0.537,0.644,0.286,LOW,SYNTHETIC_DEMO_DATA
2940,Odisha Coast,19.92064,86.06076,2025-12-23 20:47:00,0.385,0.66,0.689,0.229,LOW,SYNTHETIC_DEMO_DATA
2941,Goa Coast,15.00714,73.96865,2025-12-23 23:41:51,0.476,0.723,0.656,0.351,MEDIUM,SYNTHETIC_DEMO_DATA
2942,Lakshadweep,10.69018,72.50234,2025-12-24 02:36:42,0.405,0.763,0.593,0.322,MEDIUM,SYNTHETIC_DEMO_DATA
2943,Goa Coast,15.39742,73.77946,2025-12-24 05:31:33,0.398,0.657,0.809,0.192,LOW,SYNTHETIC_DEMO_DATA
2944,Odisha Coast,19.64787,85.63551,2025-12-24 08:26:24,0.439,0.66,0.564,0.457,MEDIUM,SYNTHETIC_DEMO_DATA
2945,Andaman & Nicobar,11.91122,92.73133,2025-12-24 11:21:15,0.538,0.54,0.518,0.527,MEDIUM,SYNTHETIC_DEMO_DATA
2946,Odisha Coast,19.82265,85.79198,2025-12-24 14:16:06,0.441,0.728,0.794,0.154,LOW,SYNTHETIC_DEMO_DATA
2947,Mumbai Coast,18.96764,72.70311,2025-12-24 17:10:57,0.411,0.518,0.598,0.456,MEDIUM,SYNTHETIC_DEMO_DATA
2948,Kerala Coast,9.633,76.48943,2025-12-24 20:05:48,0.596,0.541,0.442,0.627,HIGH,SYNTHETIC_DEMO_DATA
2949,Mumbai Coast,18.68879,72.87107,2025-12-24 23:00:39,0.381,0.559,0.681,0.401,MEDIUM,SYNTHETIC_DEMO_DATA
2950,Mumbai Coast,19.08144,72.74386,2025-12-25 01:55:30,0.279,0.585,0.519,0.366,MEDIUM,SYNTHETIC_DEMO_DATA
2951,Sundarbans,21.96388,89.23431,2025-12-25 04:50:21,0.718,0.622,0.715,0.442,MEDIUM,SYNTHETIC_DEMO_DATA
2952,Mumbai Coast,18.99034,73.05968,2025-12-25 07:45:12,0.492,0.888,0.659,0.284,LOW,SYNTHETIC_DEMO_DATA
2953,Lakshadweep,10.55128,72.69515,2025-12-25 10:40:03,0.372,0.623,0.674,0.269,LOW,SYNTHETIC_DEMO_DATA
2954,Kerala Coast,9.82856,76.25523,2025-12-25 13:34:54,0.401,0.71,0.77,0.28,LOW,SYNTHETIC_DEMO_DATA
2955,Visakhapatnam,18.07081,83.1117,2025-12-25 16:29:45,0.532,0.575,0.598,0.363,MEDIUM,SYNTHETIC_DEMO_DATA
2956,Lakshadweep,10.95565,72.48406,2025-12-25 19:24:37,0.437,0.65,0.807,0.209,LOW,SYNTHETIC_DEMO_DATA
2957,Sundarbans,21.975,88.91544,2025-12-25 22:19:28,0.456,0.681,0.651,0.415,MEDIUM,SYNTHETIC_DEMO_DATA
2958,Kerala Coast,9.7131,76.18256,2025-12-26 01:14:19,0.433,0.674,0.772,0.33,MEDIUM,SYNTHETIC_DEMO_DATA
2959,Mumbai Coast,19.15718,72.76405,2025-12-26 04:09:10,0.46,0.69,0.651,0.347,MEDIUM,SYNTHETIC_DEMO_DATA
2960,Kerala Coast,9.90804,75.89607,2025-12-26 07:04:01,0.501,0.623,0.623,0.293,LOW,SYNTHETIC_DEMO_DATA
2961,Lakshadweep,10.59732,72.82697,2025-12-26 09:58:52,0.265,0.615,0.626,0.202,LOW,SYNTHETIC_DEMO_DATA
2962,Kerala Coast,9.8153,76.42649,2025-12-26 12:53:43,0.444,0.536,0.654,0.472,MEDIUM,SYNTHETIC_DEMO_DATA
2963,Lakshadweep,10.53649,72.94252,2025-12-26 15:48:34,0.316,0.651,0.73,0.232,LOW,SYNTHETIC_DEMO_DATA
2964,Sundarbans,22.10911,88.72298,2025-12-26 18:43:25,0.376,0.718,0.663,0.238,LOW,SYNTHETIC_DEMO_DATA
2965,Goa Coast,15.70503,73.85323,2025-12-26 21:38:16,0.336,0.546,0.547,0.488,MEDIUM,SYNTHETIC_DEMO_DATA
2966,Mumbai Coast,18.9898,72.94816,2025-12-27 00:33:07,0.4,0.693,0.703,0.399,MEDIUM,SYNTHETIC_DEMO_DATA
2967,Visakhapatnam,17.7018,83.6863,2025-12-27 03:27:58,0.398,0.649,0.574,0.337,MEDIUM,SYNTHETIC_DEMO_DATA
2968,Visakhapatnam,17.73026,83.02773,2025-12-27 06:22:49,0.583,0.746,0.664,0.274,LOW,SYNTHETIC_DEMO_DATA
2969,Goa Coast,15.42517,73.69654,2025-12-27 09:17:40,0.73,0.535,0.608,0.343,MEDIUM,SYNTHETIC_DEMO_DATA
2970,Gujarat Coast,22.3234,69.67134,2025-12-27 12:12:31,0.301,0.647,0.722,0.322,MEDIUM,SYNTHETIC_DEMO_DATA
2971,Gujarat Coast,22.1776,69.42296,2025-12-27 15:07:22,0.556,0.674,0.636,0.512,MEDIUM,SYNTHETIC_DEMO_DATA
2972,Sundarbans,21.8495,89.13005,2025-12-27 18:02:13,0.611,0.734,0.603,0.518,MEDIUM,SYNTHETIC_DEMO_DATA
2973,Mumbai Coast,19.10953,73.08513,2025-12-27 20:57:05,0.366,0.514,0.532,0.49,MEDIUM,SYNTHETIC_DEMO_DATA
2974,Lakshadweep,10.81949,72.75036,2025-12-27 23:51:56,0.364,0.51,0.621,0.378,MEDIUM,SYNTHETIC_DEMO_DATA
2975,Sundarbans,21.81036,89.41201,2025-12-28 02:46:47,0.351,0.675,0.702,0.45,MEDIUM,SYNTHETIC_DEMO_DATA
2976,Kerala Coast,10.44616,76.33438,2025-12-28 05:41:38,0.504,0.547,0.547,0.65,HIGH,SYNTHETIC_DEMO_DATA
2977,Kerala Coast,9.85804,76.18041,2025-12-28 08:36:29,0.59,0.577,0.724,0.484,MEDIUM,SYNTHETIC_DEMO_DATA
2978,Andaman & Nicobar,11.7235,92.67952,2025-12-28 11:31:20,0.504,0.683,0.667,0.311,MEDIUM,SYNTHETIC_DEMO_DATA
2979,Visakhapatnam,17.74577,82.99608,2025-12-28 14:26:11,0.335,0.43,0.517,0.557,MEDIUM,SYNTHETIC_DEMO_DATA
2980,Kerala Coast,9.79561,76.23354,2025-12-28 17:21:02,0.695,0.734,0.766,0.304,MEDIUM,SYNTHETIC_DEMO_DATA
2981,Goa Coast,15.40558,73.69732,2025-12-28 20:15:53,0.436,0.563,0.665,0.414,MEDIUM,SYNTHETIC_DEMO_DATA
2982,Sundarbans,21.85986,89.26588,2025-12-28 23:10:44,0.355,0.623,0.793,0.355,MEDIUM,SYNTHETIC_DEMO_DATA
2983,Andaman & Nicobar,11.6989,92.73609,2025-12-29 02:05:35,0.412,0.725,0.654,0.354,MEDIUM,SYNTHETIC_DEMO_DATA
2984,Andaman & Nicobar,11.63122,92.66758,2025-12-29 05:00:26,0.47,0.605,0.57,0.38,MEDIUM,SYNTHETIC_DEMO_DATA
2985,Goa Coast,15.44057,73.80986,2025-12-29 07:55:17,0.627,0.653,0.717,0.282,LOW,SYNTHETIC_DEMO_DATA
2986,Gujarat Coast,22.23508,69.68473,2025-12-29 10:50:08,0.385,0.596,0.602,0.427,MEDIUM,SYNTHETIC_DEMO_DATA
2987,Goa Coast,15.41388,73.82841,2025-12-29 13:44:59,0.55,0.547,0.427,0.532,MEDIUM,SYNTHETIC_DEMO_DATA
2988,Goa Coast,15.49064,74.015,2025-12-29 16:39:50,0.392,0.615,0.699,0.292,LOW,SYNTHETIC_DEMO_DATA
2989,Lakshadweep,10.55579,72.77144,2025-12-29 19:34:41,0.46,0.562,0.53,0.433,MEDIUM,SYNTHETIC_DEMO_DATA
2990,Kerala Coast,10.0458,76.1963,2025-12-29 22:29:32,0.395,0.589,0.601,0.316,MEDIUM,SYNTHETIC_DEMO_DATA
2991,Kerala Coast,9.95707,75.99159,2025-12-30 01:24:24,0.561,0.762,0.601,0.271,LOW,SYNTHETIC_DEMO_DATA
2992,Gujarat Coast,22.601,69.25642,2025-12-30 04:19:15,0.459,0.636,0.627,0.367,MEDIUM,SYNTHETIC_DEMO_DATA
2993,Odisha Coast,19.93545,85.70059,2025-12-30 07:14:06,0.542,0.64,0.652,0.315,MEDIUM,SYNTHETIC_DEMO_DATA
2994,Andaman & Nicobar,11.64725,92.92722,2025-12-30 10:08:57,0.611,0.64,0.658,0.381,MEDIUM,SYNTHETIC_DEMO_DATA
2995,Goa Coast,15.83103,73.89124,2025-12-30 13:03:48,0.416,0.735,0.693,0.218,LOW,SYNTHETIC_DEMO_DATA
2996,Gujarat Coast,22.21074,69.72412,2025-12-30 15:58:39,0.347,0.63,0.567,0.275,LOW,SYNTHETIC_DEMO_DATA
2997,Chennai Coast,12.88851,80.15776,2025-12-30 18:53:30,0.404,0.563,0.722,0.289,LOW,SYNTHETIC_DEMO_DATA
2998,Chennai Coast,12.88867,80.31489,2025-12-30 21:48:21,0.337,0.512,0.669,0.23,LOW,SYNTHETIC_DEMO_DATA
2999,Kerala Coast,10.4812,76.14117,2025-12-31 00:43:12,0.503,0.682,0.613,0.565,MEDIUM,SYNTHETIC_DEMO_DATA
3000,Gujarat Coast,22.53306,69.46075,2025-12-31 03:38:03,0.475,0.572,0.642,0.346,MEDIUM,SYNTHETIC_DEMO_DATA
3001,Goa Coast,15.34345,73.75075,2025-12-31 06:32:54,0.416,0.69,0.585,0.337,MEDIUM,SYNTHETIC_DEMO_DATA
3002,Gujarat Coast,22.31172,69.66237,2025-12-31 09:27:45,0.347,0.588,0.825,0.232,LOW,SYNTHETIC_DEMO_DATA
3003,Lakshadweep,10.55741,72.49744,2025-12-31 12:22:36,0.366,0.538,0.629,0.461,MEDIUM,SYNTHETIC_DEMO_DATA
3004,Lakshadweep,10.57143,72.45544,2025-12-31 15:17:27,0.131,0.562,0.388,0.501,MEDIUM,SYNTHETIC_DEMO_DATA
3005,Goa Coast,15.14517,73.66936,2025-12-31 18:12:18,0.215,0.469,0.581,0.56,MEDIUM,SYNTHETIC_DEMO_DATA
3006,Chennai Coast,13.12868,80.18842,2025-12-31 21:07:09,0.482,0.567,0.548,0.66,HIGH,SYNTHETIC_DEMO_DATA
3007,Mumbai Coast,18.73826,73.06842,2026-01-01 00:02:00,0.342,0.644,0.586,0.361,MEDIUM,SYNTHETIC_DEMO_DATA
3008,Kerala Coast,9.68404,76.02386,2026-01-01 02:56:52,0.517,0.803,0.767,0.237,LOW,SYNTHETIC_DEMO_DATA
3009,Gujarat Coast,22.48353,69.83536,2026-01-01 05:51:43,0.322,0.603,0.68,0.532,MEDIUM,SYNTHETIC_DEMO_DATA
3010,Andaman & Nicobar,11.72874,92.91479,2026-01-01 08:46:34,0.467,0.715,0.759,0.2,LOW,SYNTHETIC_DEMO_DATA
3011,Chennai Coast,12.55986,80.08557,2026-01-01 11:41:25,0.675,0.634,0.696,0.331,MEDIUM,SYNTHETIC_DEMO_DATA
3012,Mumbai Coast,19.1354,73.0438,2026-01-01 14:36:16,0.273,0.552,0.609,0.52,MEDIUM,SYNTHETIC_DEMO_DATA
3013,Sundarbans,22.32234,89.15368,2026-01-01 17:31:07,0.433,0.549,0.683,0.384,MEDIUM,SYNTHETIC_DEMO_DATA
3014,Goa Coast,15.71157,73.7189,2026-01-01 20:25:58,0.55,0.664,0.805,0.343,MEDIUM,SYNTHETIC_DEMO_DATA
3015,Kerala Coast,10.02478,76.23987,2026-01-01 23:20:49,0.429,0.639,0.685,0.273,LOW,SYNTHETIC_DEMO_DATA
3016,Kerala Coast,9.96406,76.20066,2026-01-02 02:15:40,0.506,0.675,0.729,0.316,MEDIUM,SYNTHETIC_DEMO_DATA
3017,Mumbai Coast,18.44451,73.0679,2026-01-02 05:10:31,0.41,0.763,0.725,0.189,LOW,SYNTHETIC_DEMO_DATA
3018,Visakhapatnam,17.45581,82.92204,2026-01-02 08:05:22,0.566,0.752,0.824,0.191,LOW,SYNTHETIC_DEMO_DATA
3019,Mumbai Coast,18.92317,72.41414,2026-01-02 11:00:13,0.436,0.623,0.768,0.238,LOW,SYNTHETIC_DEMO_DATA
3020,Goa Coast,15.59964,73.96082,2026-01-02 13:55:04,0.584,0.662,0.73,0.18,LOW,SYNTHETIC_DEMO_DATA
3021,Chennai Coast,13.2507,80.20632,2026-01-02 16:49:55,0.382,0.462,0.454,0.65,HIGH,SYNTHETIC_DEMO_DATA
3022,Odisha Coast,19.87024,85.55342,2026-01-02 19:44:46,0.295,0.616,0.655,0.322,MEDIUM,SYNTHETIC_DEMO_DATA
3023,Chennai Coast,12.71942,80.12414,2026-01-02 22:39:37,0.535,0.8,0.697,0.323,MEDIUM,SYNTHETIC_DEMO_DATA
3024,Odisha Coast,19.86724,85.79501,2026-01-03 01:34:28,0.44,0.548,0.507,0.586,MEDIUM,SYNTHETIC_DEMO_DATA
3025,Chennai Coast,13.00993,80.56294,2026-01-03 04:29:20,0.349,0.759,0.692,0.249,LOW,SYNTHETIC_DEMO_DATA
3026,Gujarat Coast,22.09929,69.61176,2026-01-03 07:24:11,0.343,0.633,0.608,0.42,MEDIUM,SYNTHETIC_DEMO_DATA
3027,Odisha Coast,19.67307,86.19042,2026-01-03 10:19:02,0.539,0.512,0.555,0.564,MEDIUM,SYNTHETIC_DEMO_DATA
3028,Goa Coast,15.048,74.09769,2026-01-03 13:13:53,0.406,0.712,0.806,0.166,LOW,SYNTHETIC_DEMO_DATA
3029,Visakhapatnam,17.88139,83.38269,2026-01-03 16:08:44,0.469,0.703,0.642,0.269,LOW,SYNTHETIC_DEMO_DATA
3030,Andaman & Nicobar,11.50135,92.30241,2026-01-03 19:03:35,0.409,0.673,0.648,0.249,LOW,SYNTHETIC_DEMO_DATA
3031,Goa Coast,15.86132,73.88298,2026-01-03 21:58:26,0.515,0.533,0.64,0.469,MEDIUM,SYNTHETIC_DEMO_DATA
3032,Visakhapatnam,17.58928,83.42758,2026-01-04 00:53:17,0.544,0.682,0.52,0.263,LOW,SYNTHETIC_DEMO_DATA
3033,Mumbai Coast,19.09317,72.73836,2026-01-04 03:48:08,0.305,0.746,0.684,0.295,LOW,SYNTHETIC_DEMO_DATA
3034,Odisha Coast,19.94791,86.0023,2026-01-04 06:42:59,0.603,0.719,0.675,0.281,LOW,SYNTHETIC_DEMO_DATA
3035,Sundarbans,21.96955,89.38103,2026-01-04 09:37:50,0.426,0.586,0.849,0.252,LOW,SYNTHETIC_DEMO_DATA
3036,Lakshadweep,10.38296,72.50913,2026-01-04 12:32:41,0.439,0.588,0.766,0.246,LOW,SYNTHETIC_DEMO_DATA
3037,Andaman & Nicobar,11.6296,92.8594,2026-01-04 15:27:32,0.583,0.711,0.701,0.228,LOW,SYNTHETIC_DEMO_DATA
3038,Odisha Coast,19.85656,85.85912,2026-01-04 18:22:23,0.526,0.692,0.758,0.287,LOW,SYNTHETIC_DEMO_DATA
3039,Visakhapatnam,18.03856,83.19408,2026-01-04 21:17:14,0.301,0.631,0.703,0.242,LOW,SYNTHETIC_DEMO_DATA
3040,Odisha Coast,19.48977,85.76138,2026-01-05 00:12:05,0.708,0.592,0.634,0.394,MEDIUM,SYNTHETIC_DEMO_DATA
3041,Chennai Coast,13.31334,80.34455,2026-01-05 03:06:56,0.626,0.595,0.764,0.253,LOW,SYNTHETIC_DEMO_DATA
3042,Visakhapatnam,17.65313,83.34553,2026-01-05 06:01:48,0.485,0.711,0.75,0.199,LOW,SYNTHETIC_DEMO_DATA
3043,Chennai Coast,12.99761,80.39673,2026-01-05 08:56:39,0.507,0.717,0.612,0.231,LOW,SYNTHETIC_DEMO_DATA
3044,Mumbai Coast,19.17095,72.65157,2026-01-05 11:51:30,0.466,0.56,0.584,0.508,MEDIUM,SYNTHETIC_DEMO_DATA
3045,Odisha Coast,19.78909,85.65289,2026-01-05 14:46:21,0.396,0.614,0.73,0.223,LOW,SYNTHETIC_DEMO_DATA
3046,Andaman & Nicobar,11.8965,92.73493,2026-01-05 17:41:12,0.407,0.548,0.675,0.208,LOW,SYNTHETIC_DEMO_DATA
3047,Goa Coast,15.78141,73.80022,2026-01-05 20:36:03,0.394,0.672,0.571,0.388,MEDIUM,SYNTHETIC_DEMO_DATA
3048,Goa Coast,15.63429,74.18669,2026-01-05 23:30:54,0.512,0.653,0.6,0.437,MEDIUM,SYNTHETIC_DEMO_DATA
3049,Odisha Coast,19.94718,85.98373,2026-01-06 02:25:45,0.498,0.491,0.612,0.374,MEDIUM,SYNTHETIC_DEMO_DATA
3050,Goa Coast,15.39394,73.85689,2026-01-06 05:20:36,0.381,0.679,0.69,0.277,LOW,SYNTHETIC_DEMO_DATA
3051,Andaman & Nicobar,11.591,92.95382,2026-01-06 08:15:27,0.527,0.688,0.703,0.305,MEDIUM,SYNTHETIC_DEMO_DATA
3052,Odisha Coast,19.92266,86.03758,2026-01-06 11:10:18,0.467,0.475,0.572,0.533,MEDIUM,SYNTHETIC_DEMO_DATA
3053,Goa Coast,15.45109,73.69387,2026-01-06 14:05:09,0.434,0.622,0.515,0.385,MEDIUM,SYNTHETIC_DEMO_DATA
3054,Chennai Coast,13.06122,80.47838,2026-01-06 17:00:00,0.406,0.615,0.682,0.45,MEDIUM,SYNTHETIC_DEMO_DATA
3055,Goa Coast,15.51534,73.56458,2026-01-06 19:54:51,0.526,0.538,0.655,0.391,MEDIUM,SYNTHETIC_DEMO_DATA
3056,Kerala Coast,9.91136,76.05073,2026-01-06 22:49:42,0.604,0.751,0.673,0.321,MEDIUM,SYNTHETIC_DEMO_DATA
3057,Andaman & Nicobar,11.54824,93.05856,2026-01-07 01:44:33,0.617,0.71,0.749,0.147,LOW,SYNTHETIC_DEMO_DATA
3058,Odisha Coast,19.769,86.0019,2026-01-07 04:39:24,0.299,0.74,0.754,0.258,LOW,SYNTHETIC_DEMO_DATA
3059,Chennai Coast,13.2224,80.45869,2026-01-07 07:34:16,0.142,0.486,0.731,0.417,MEDIUM,SYNTHETIC_DEMO_DATA
3060,Visakhapatnam,17.88432,83.51414,2026-01-07 10:29:07,0.382,0.555,0.388,0.492,MEDIUM,SYNTHETIC_DEMO_DATA
3061,Visakhapatnam,17.73797,83.03087,2026-01-07 13:23:58,0.389,0.403,0.522,0.547,MEDIUM,SYNTHETIC_DEMO_DATA
3062,Chennai Coast,12.85961,79.9808,2026-01-07 16:18:49,0.617,0.665,0.634,0.38,MEDIUM,SYNTHETIC_DEMO_DATA
3063,Chennai Coast,13.09438,80.31639,2026-01-07 19:13:40,0.521,0.663,0.683,0.364,MEDIUM,SYNTHETIC_DEMO_DATA
3064,Odisha Coast,20.11055,85.84996,2026-01-07 22:08:31,0.295,0.484,0.618,0.411,MEDIUM,SYNTHETIC_DEMO_DATA
3065,Goa Coast,15.67233,73.65618,2026-01-08 01:03:22,0.368,0.64,0.576,0.345,MEDIUM,SYNTHETIC_DEMO_DATA
3066,Mumbai Coast,18.87949,72.67027,2026-01-08 03:58:13,0.416,0.664,0.526,0.43,MEDIUM,SYNTHETIC_DEMO_DATA
3067,Andaman & Nicobar,11.62771,93.04636,2026-01-08 06:53:04,0.596,0.586,0.752,0.308,MEDIUM,SYNTHETIC_DEMO_DATA
3068,Goa Coast,15.33644,73.92595,2026-01-08 09:47:55,0.626,0.562,0.512,0.593,MEDIUM,SYNTHETIC_DEMO_DATA
3069,Odisha Coast,20.46114,85.71416,2026-01-08 12:42:46,0.3,0.605,0.703,0.179,LOW,SYNTHETIC_DEMO_DATA
3070,Sundarbans,21.89886,89.4961,2026-01-08 15:37:37,0.378,0.758,0.792,0.238,LOW,SYNTHETIC_DEMO_DATA
3071,Kerala Coast,9.93711,76.15801,2026-01-08 18:32:28,0.684,0.703,0.723,0.27,LOW,SYNTHETIC_DEMO_DATA
3072,Kerala Coast,10.20134,76.17153,2026-01-08 21:27:19,0.515,0.639,0.577,0.412,MEDIUM,SYNTHETIC_DEMO_DATA
3073,Visakhapatnam,17.48833,82.99209,2026-01-09 00:22:10,0.263,0.765,0.737,0.2,LOW,SYNTHETIC_DEMO_DATA
3074,Goa Coast,15.7596,74.025,2026-01-09 03:17:01,0.274,0.64,0.751,0.307,MEDIUM,SYNTHETIC_DEMO_DATA
3075,Mumbai Coast,18.7792,73.06169,2026-01-09 06:11:52,0.44,0.666,0.536,0.536,MEDIUM,SYNTHETIC_DEMO_DATA
3076,Goa Coast,15.38153,74.25044,2026-01-09 09:06:44,0.442,0.728,0.824,0.16,LOW,SYNTHETIC_DEMO_DATA
3077,Odisha Coast,19.55641,85.71104,2026-01-09 12:01:35,0.48,0.679,0.591,0.426,MEDIUM,SYNTHETIC_DEMO_DATA
3078,Andaman & Nicobar,11.81642,92.85109,2026-01-09 14:56:26,0.369,0.653,0.751,0.24,LOW,SYNTHETIC_DEMO_DATA
3079,Visakhapatnam,18.11918,83.11699,2026-01-09 17:51:17,0.273,0.64,0.678,0.302,MEDIUM,SYNTHETIC_DEMO_DATA
3080,Kerala Coast,10.06834,75.91472,2026-01-09 20:46:08,0.536,0.6,0.49,0.503,MEDIUM,SYNTHETIC_DEMO_DATA
3081,Kerala Coast,10.18702,76.24131,2026-01-09 23:40:59,0.438,0.711,0.623,0.249,LOW,SYNTHETIC_DEMO_DATA
3082,Andaman & Nicobar,11.89603,92.76253,2026-01-10 02:35:50,0.238,0.481,0.506,0.452,MEDIUM,SYNTHETIC_DEMO_DATA
3083,Visakhapatnam,17.55074,83.12096,2026-01-10 05:30:41,0.494,0.872,0.645,0.281,LOW,SYNTHETIC_DEMO_DATA
3084,Visakhapatnam,17.44175,83.16728,2026-01-10 08:25:32,0.335,0.673,0.666,0.292,LOW,SYNTHETIC_DEMO_DATA
3085,Chennai Coast,13.47153,80.28315,2026-01-10 11:20:23,0.312,0.449,0.651,0.442,MEDIUM,SYNTHETIC_DEMO_DATA
3086,Chennai Coast,13.41802,80.10687,2026-01-10 14:15:14,0.361,0.737,0.753,0.232,LOW,SYNTHETIC_DEMO_DATA
3087,Odisha Coast,19.90813,85.73906,2026-01-10 17:10:05,0.611,0.828,0.677,0.383,MEDIUM,SYNTHETIC_DEMO_DATA
3088,Odisha Coast,19.51236,85.61585,2026-01-10 20:04:56,0.413,0.717,0.684,0.235,LOW,SYNTHETIC_DEMO_DATA
3089,Visakhapatnam,17.67476,83.29251,2026-01-10 22:59:47,0.539,0.719,0.527,0.369,MEDIUM,SYNTHETIC_DEMO_DATA
3090,Kerala Coast,10.04817,75.91874,2026-01-11 01:54:38,0.356,0.677,0.723,0.229,LOW,SYNTHETIC_DEMO_DATA
3091,Chennai Coast,13.10897,80.53661,2026-01-11 04:49:29,0.379,0.904,0.658,0.196,LOW,SYNTHETIC_DEMO_DATA
3092,Chennai Coast,13.09453,80.39901,2026-01-11 07:44:20,0.538,0.878,0.767,0.215,LOW,SYNTHETIC_DEMO_DATA
3093,Goa Coast,15.51378,73.98385,2026-01-11 10:39:11,0.459,0.707,0.709,0.203,LOW,SYNTHETIC_DEMO_DATA
3094,Visakhapatnam,17.93727,83.48198,2026-01-11 13:34:03,0.6,0.831,0.598,0.268,LOW,SYNTHETIC_DEMO_DATA
3095,Lakshadweep,10.70072,72.63815,2026-01-11 16:28:54,0.539,0.638,0.817,0.159,LOW,SYNTHETIC_DEMO_DATA
3096,Goa Coast,15.64884,73.86882,2026-01-11 19:23:45,0.62,0.655,0.824,0.231,LOW,SYNTHETIC_DEMO_DATA
3097,Odisha Coast,20.12575,85.69931,2026-01-11 22:18:36,0.589,0.591,0.608,0.517,MEDIUM,SYNTHETIC_DEMO_DATA
3098,Chennai Coast,13.29787,79.9464,2026-01-12 01:13:27,0.34,0.725,0.599,0.319,MEDIUM,SYNTHETIC_DEMO_DATA
3099,Odisha Coast,19.45318,85.81735,2026-01-12 04:08:18,0.562,0.784,0.78,0.365,MEDIUM,SYNTHETIC_DEMO_DATA
3100,Visakhapatnam,17.92141,83.31273,2026-01-12 07:03:09,0.403,0.357,0.686,0.465,MEDIUM,SYNTHETIC_DEMO_DATA
3101,Chennai Coast,12.66052,80.40482,2026-01-12 09:58:00,0.387,0.798,0.674,0.223,LOW,SYNTHETIC_DEMO_DATA
3102,Odisha Coast,19.66728,86.05104,2026-01-12 12:52:51,0.249,0.503,0.697,0.374,MEDIUM,SYNTHETIC_DEMO_DATA
3103,Sundarbans,21.90597,89.30306,2026-01-12 15:47:42,0.338,0.613,0.792,0.361,MEDIUM,SYNTHETIC_DEMO_DATA
3104,Kerala Coast,9.91696,76.31917,2026-01-12 18:42:33,0.718,0.652,0.691,0.331,MEDIUM,SYNTHETIC_DEMO_DATA
3105,Goa Coast,15.18131,73.88164,2026-01-12 21:37:24,0.15,0.665,0.74,0.182,LOW,SYNTHETIC_DEMO_DATA
3106,Chennai Coast,13.48415,80.08184,2026-01-13 00:32:15,0.415,0.691,0.663,0.42,MEDIUM,SYNTHETIC_DEMO_DATA
3107,Andaman & Nicobar,11.61996,92.66849,2026-01-13 03:27:06,0.311,0.462,0.819,0.27,LOW,SYNTHETIC_DEMO_DATA
3108,Chennai Coast,13.0192,80.28381,2026-01-13 06:21:57,0.447,0.869,0.674,0.229,LOW,SYNTHETIC_DEMO_DATA
3109,Lakshadweep,10.72368,72.52484,2026-01-13 09:16:48,0.336,0.518,0.631,0.351,MEDIUM,SYNTHETIC_DEMO_DATA
3110,Visakhapatnam,17.51837,83.04585,2026-01-13 12:11:39,0.553,0.65,0.472,0.534,MEDIUM,SYNTHETIC_DEMO_DATA
3111,Mumbai Coast,18.83079,72.59523,2026-01-13 15:06:31,0.443,0.497,0.613,0.523,MEDIUM,SYNTHETIC_DEMO_DATA
3112,Goa Coast,15.72617,74.09611,2026-01-13 18:01:22,0.387,0.784,0.449,0.303,MEDIUM,SYNTHETIC_DEMO_DATA
3113,Sundarbans,21.84325,89.2989,2026-01-13 20:56:13,0.362,0.706,0.816,0.196,LOW,SYNTHETIC_DEMO_DATA
3114,Lakshadweep,10.49091,72.71141,2026-01-13 23:51:04,0.411,0.586,0.63,0.469,MEDIUM,SYNTHETIC_DEMO_DATA
3115,Chennai Coast,13.06212,80.45573,2026-01-14 02:45:55,0.363,0.622,0.717,0.259,LOW,SYNTHETIC_DEMO_DATA
3116,Kerala Coast,9.61143,76.09065,2026-01-14 05:40:46,0.551,0.656,0.646,0.429,MEDIUM,SYNTHETIC_DEMO_DATA
3117,Gujarat Coast,22.38293,69.75917,2026-01-14 08:35:37,0.635,0.793,0.778,0.234,LOW,SYNTHETIC_DEMO_DATA
3118,Gujarat Coast,21.99924,69.46355,2026-01-14 11:30:28,0.447,0.708,0.737,0.361,MEDIUM,SYNTHETIC_DEMO_DATA
3119,Sundarbans,21.86442,88.91983,2026-01-14 14:25:19,0.622,0.481,0.541,0.512,MEDIUM,SYNTHETIC_DEMO_DATA
3120,Andaman & Nicobar,11.68534,92.93748,2026-01-14 17:20:10,0.51,0.716,0.611,0.262,LOW,SYNTHETIC_DEMO_DATA
3121,Gujarat Coast,22.31969,69.40763,2026-01-14 20:15:01,0.315,0.593,0.554,0.52,MEDIUM,SYNTHETIC_DEMO_DATA
3122,Lakshadweep,10.46177,72.83166,2026-01-14 23:09:52,0.317,0.487,0.426,0.571,MEDIUM,SYNTHETIC_DEMO_DATA
3123,Kerala Coast,9.55082,76.40263,2026-01-15 02:04:43,0.521,0.46,0.55,0.574,MEDIUM,SYNTHETIC_DEMO_DATA
3124,Gujarat Coast,22.2805,69.13376,2026-01-15 04:59:34,0.343,0.731,0.605,0.296,LOW,SYNTHETIC_DEMO_DATA
3125,Kerala Coast,10.00394,76.22702,2026-01-15 07:54:25,0.589,0.669,0.667,0.286,LOW,SYNTHETIC_DEMO_DATA
3126,Andaman & Nicobar,11.76879,92.53225,2026-01-15 10:49:16,0.422,0.631,0.705,0.263,LOW,SYNTHETIC_DEMO_DATA
3127,Andaman & Nicobar,11.48675,92.68582,2026-01-15 13:44:07,0.429,0.645,0.618,0.352,MEDIUM,SYNTHETIC_DEMO_DATA
3128,Lakshadweep,10.37715,72.79344,2026-01-15 16:38:59,0.362,0.57,0.796,0.247,LOW,SYNTHETIC_DEMO_DATA
3129,Mumbai Coast,18.94904,72.74874,2026-01-15 19:33:50,0.508,0.65,0.745,0.308,MEDIUM,SYNTHETIC_DEMO_DATA
3130,Goa Coast,15.39657,74.02766,2026-01-15 22:28:41,0.468,0.588,0.671,0.267,LOW,SYNTHETIC_DEMO_DATA
3131,Chennai Coast,13.02006,80.39437,2026-01-16 01:23:32,0.387,0.463,0.449,0.537,MEDIUM,SYNTHETIC_DEMO_DATA
3132,Kerala Coast,9.77738,76.27706,2026-01-16 04:18:23,0.613,0.555,0.773,0.327,MEDIUM,SYNTHETIC_DEMO_DATA
3133,Goa Coast,15.37529,73.97683,2026-01-16 07:13:14,0.459,0.419,0.513,0.463,MEDIUM,SYNTHETIC_DEMO_DATA
3134,Sundarbans,22.13064,89.13556,2026-01-16 10:08:05,0.604,0.613,0.487,0.54,MEDIUM,SYNTHETIC_DEMO_DATA
3135,Goa Coast,15.37332,73.77213,2026-01-16 13:02:56,0.627,0.741,0.567,0.309,MEDIUM,SYNTHETIC_DEMO_DATA
3136,Sundarbans,21.97444,89.09368,2026-01-16 15:57:47,0.594,0.592,0.686,0.365,MEDIUM,SYNTHETIC_DEMO_DATA
3137,Mumbai Coast,18.95814,72.63507,2026-01-16 18:52:38,0.382,0.769,0.66,0.27,LOW,SYNTHETIC_DEMO_DATA
3138,Kerala Coast,9.87707,76.38556,2026-01-16 21:47:29,0.384,0.842,0.707,0.222,LOW,SYNTHETIC_DEMO_DATA
3139,Kerala Coast,10.28817,76.28884,2026-01-17 00:42:20,0.591,0.626,0.515,0.472,MEDIUM,SYNTHETIC_DEMO_DATA
3140,Kerala Coast,10.05841,76.31454,2026-01-17 03:37:11,0.55,0.856,0.641,0.262,LOW,SYNTHETIC_DEMO_DATA
3141,Kerala Coast,9.92198,76.27064,2026-01-17 06:32:02,0.425,0.462,0.482,0.68,HIGH,SYNTHETIC_DEMO_DATA
3142,Kerala Coast,9.88668,75.99469,2026-01-17 09:26:53,0.574,0.652,0.705,0.326,MEDIUM,SYNTHETIC_DEMO_DATA
3143,Kerala Coast,9.81413,76.38551,2026-01-17 12:21:44,0.55,0.685,0.704,0.263,LOW,SYNTHETIC_DEMO_DATA
3144,Mumbai Coast,19.27527,72.9081,2026-01-17 15:16:35,0.499,0.668,0.75,0.265,LOW,SYNTHETIC_DEMO_DATA
3145,Goa Coast,15.10838,73.43363,2026-01-17 18:11:27,0.308,0.727,0.62,0.31,MEDIUM,SYNTHETIC_DEMO_DATA
3146,Mumbai Coast,19.08181,72.70308,2026-01-17 21:06:18,0.607,0.721,0.594,0.434,MEDIUM,SYNTHETIC_DEMO_DATA
3147,Gujarat Coast,22.1027,69.96355,2026-01-18 00:01:09,0.356,0.643,0.599,0.521,MEDIUM,SYNTHETIC_DEMO_DATA
3148,Andaman & Nicobar,11.67353,92.67457,2026-01-18 02:56:00,0.61,0.79,0.771,0.32,MEDIUM,SYNTHETIC_DEMO_DATA
3149,Lakshadweep,10.43038,72.78029,2026-01-18 05:50:51,0.623,0.713,0.443,0.525,MEDIUM,SYNTHETIC_DEMO_DATA
3150,Odisha Coast,20.11562,85.68624,2026-01-18 08:45:42,0.529,0.57,0.591,0.504,MEDIUM,SYNTHETIC_DEMO_DATA
3151,Goa Coast,15.42129,73.83279,2026-01-18 11:40:33,0.559,0.566,0.692,0.192,LOW,SYNTHETIC_DEMO_DATA
3152,Visakhapatnam,17.99723,83.37152,2026-01-18 14:35:24,0.437,0.724,0.791,0.224,LOW,SYNTHETIC_DEMO_DATA
3153,Odisha Coast,19.85802,85.81828,2026-01-18 17:30:15,0.525,0.636,0.567,0.562,MEDIUM,SYNTHETIC_DEMO_DATA
3154,Goa Coast,15.39112,73.52039,2026-01-18 20:25:06,0.41,0.708,0.543,0.442,MEDIUM,SYNTHETIC_DEMO_DATA
3155,Sundarbans,21.83443,89.28693,2026-01-18 23:19:57,0.354,0.492,0.516,0.587,MEDIUM,SYNTHETIC_DEMO_DATA
3156,Andaman & Nicobar,11.93932,92.79123,2026-01-19 02:14:48,0.564,0.67,0.741,0.447,MEDIUM,SYNTHETIC_DEMO_DATA
3157,Goa Coast,15.43787,73.99429,2026-01-19 05:09:39,0.28,0.384,0.466,0.686,HIGH,SYNTHETIC_DEMO_DATA
3158,Lakshadweep,10.66445,72.51043,2026-01-19 08:04:30,0.433,0.63,0.667,0.334,MEDIUM,SYNTHETIC_DEMO_DATA
3159,Gujarat Coast,22.04326,69.74998,2026-01-19 10:59:21,0.43,0.459,0.568,0.56,MEDIUM,SYNTHETIC_DEMO_DATA
3160,Andaman & Nicobar,11.98257,92.64142,2026-01-19 13:54:12,0.32,0.684,0.71,0.29,LOW,SYNTHETIC_DEMO_DATA
3161,Odisha Coast,19.7282,85.36498,2026-01-19 16:49:03,0.458,0.819,0.645,0.251,LOW,SYNTHETIC_DEMO_DATA
3162,Andaman & Nicobar,11.70452,92.54806,2026-01-19 19:43:55,0.805,0.957,0.628,0.256,LOW,SYNTHETIC_DEMO_DATA
3163,Odisha Coast,19.60367,86.00813,2026-01-19 22:38:46,0.405,0.556,0.481,0.489,MEDIUM,SYNTHETIC_DEMO_DATA
3164,Chennai Coast,12.88999,80.26329,2026-01-20 01:33:37,0.455,0.65,0.741,0.329,MEDIUM,SYNTHETIC_DEMO_DATA
3165,Odisha Coast,19.89773,85.73708,2026-01-20 04:28:28,0.331,0.34,0.36,0.75,HIGH,SYNTHETIC_DEMO_DATA
3166,Kerala Coast,10.12859,76.49313,2026-01-20 07:23:19,0.395,0.648,0.637,0.336,MEDIUM,SYNTHETIC_DEMO_DATA
3167,Goa Coast,15.22771,74.0115,2026-01-20 10:18:10,0.429,0.565,0.735,0.354,MEDIUM,SYNTHETIC_DEMO_DATA
3168,Visakhapatnam,17.94825,83.32249,2026-01-20 13:13:01,0.285,0.626,0.523,0.399,MEDIUM,SYNTHETIC_DEMO_DATA
3169,Andaman & Nicobar,11.91808,92.88407,2026-01-20 16:07:52,0.374,0.652,0.672,0.275,LOW,SYNTHETIC_DEMO_DATA
3170,Gujarat Coast,22.27428,69.80879,2026-01-20 19:02:43,0.484,0.509,0.487,0.662,HIGH,SYNTHETIC_DEMO_DATA
3171,Gujarat Coast,22.27448,69.73684,2026-01-20 21:57:34,0.443,0.673,0.726,0.326,MEDIUM,SYNTHETIC_DEMO_DATA
3172,Lakshadweep,10.94784,72.68044,2026-01-21 00:52:25,0.523,0.576,0.82,0.146,LOW,SYNTHETIC_DEMO_DATA
3173,Kerala Coast,10.20019,76.44702,2026-01-21 03:47:16,0.433,0.71,0.478,0.516,MEDIUM,SYNTHETIC_DEMO_DATA
3174,Chennai Coast,13.13851,80.46807,2026-01-21 06:42:07,0.27,0.722,0.737,0.336,MEDIUM,SYNTHETIC_DEMO_DATA
3175,Lakshadweep,10.7204,72.83351,2026-01-21 09:36:58,0.232,0.759,0.642,0.117,LOW,SYNTHETIC_DEMO_DATA
3176,Mumbai Coast,18.84357,72.83004,2026-01-21 12:31:49,0.519,0.759,0.547,0.438,MEDIUM,SYNTHETIC_DEMO_DATA
3177,Gujarat Coast,22.28367,69.42802,2026-01-21 15:26:40,0.286,0.644,0.794,0.246,LOW,SYNTHETIC_DEMO_DATA
3178,Visakhapatnam,17.80355,82.79863,2026-01-21 18:21:31,0.419,0.663,0.717,0.409,MEDIUM,SYNTHETIC_DEMO_DATA
3179,Visakhapatnam,17.63885,82.97456,2026-01-21 21:16:22,0.423,0.791,0.607,0.3,MEDIUM,SYNTHETIC_DEMO_DATA
3180,Odisha Coast,19.85895,85.82461,2026-01-22 00:11:14,0.295,0.514,0.6,0.579,MEDIUM,SYNTHETIC_DEMO_DATA
3181,Visakhapatnam,17.69338,83.09769,2026-01-22 03:06:05,0.312,0.614,0.55,0.466,MEDIUM,SYNTHETIC_DEMO_DATA
3182,Odisha Coast,19.83724,85.69835,2026-01-22 06:00:56,0.319,0.755,0.768,0.263,LOW,SYNTHETIC_DEMO_DATA
3183,Goa Coast,15.77495,73.72287,2026-01-22 08:55:47,0.458,0.664,0.535,0.292,LOW,SYNTHETIC_DEMO_DATA
3184,Sundarbans,22.13217,89.29401,2026-01-22 11:50:38,0.456,0.721,0.756,0.35,MEDIUM,SYNTHETIC_DEMO_DATA
3185,Gujarat Coast,22.34985,69.614,2026-01-22 14:45:29,0.561,0.797,0.747,0.265,LOW,SYNTHETIC_DEMO_DATA
3186,Lakshadweep,10.64559,72.57771,2026-01-22 17:40:20,0.286,0.702,0.79,0.19,LOW,SYNTHETIC_DEMO_DATA
3187,Goa Coast,15.72155,73.97677,2026-01-22 20:35:11,0.492,0.745,0.555,0.424,MEDIUM,SYNTHETIC_DEMO_DATA
3188,Kerala Coast,9.68753,76.47638,2026-01-22 23:30:02,0.569,0.795,0.647,0.355,MEDIUM,SYNTHETIC_DEMO_DATA
3189,Sundarbans,21.79013,89.16244,2026-01-23 02:24:53,0.528,0.65,0.611,0.458,MEDIUM,SYNTHETIC_DEMO_DATA
3190,Andaman & Nicobar,11.96792,92.73816,2026-01-23 05:19:44,0.495,0.628,0.827,0.302,MEDIUM,SYNTHETIC_DEMO_DATA
3191,Sundarbans,21.95601,89.25868,2026-01-23 08:14:35,0.713,0.783,0.654,0.426,MEDIUM,SYNTHETIC_DEMO_DATA
3192,Gujarat Coast,22.28268,69.70841,2026-01-23 11:09:26,0.356,0.498,0.388,0.579,MEDIUM,SYNTHETIC_DEMO_DATA
3193,Gujarat Coast,22.21186,69.67514,2026-01-23 14:04:17,0.374,0.78,0.787,0.286,LOW,SYNTHETIC_DEMO_DATA
3194,Odisha Coast,19.46469,85.48314,2026-01-23 16:59:08,0.559,0.724,0.742,0.243,LOW,SYNTHETIC_DEMO_DATA
3195,Goa Coast,15.31946,73.94268,2026-01-23 19:53:59,0.354,0.667,0.632,0.262,LOW,SYNTHETIC_DEMO_DATA
3196,Odisha Coast,19.68639,85.81047,2026-01-23 22:48:50,0.424,0.606,0.69,0.365,MEDIUM,SYNTHETIC_DEMO_DATA
3197,Visakhapatnam,17.54302,83.41211,2026-01-24 01:43:42,0.453,0.645,0.739,0.306,MEDIUM,SYNTHETIC_DEMO_DATA
3198,Andaman & Nicobar,11.54276,92.58706,2026-01-24 04:38:33,0.566,0.721,0.752,0.348,MEDIUM,SYNTHETIC_DEMO_DATA
3199,Lakshadweep,10.81211,72.54681,2026-01-24 07:33:24,0.413,0.873,0.79,0.313,MEDIUM,SYNTHETIC_DEMO_DATA
3200,Visakhapatnam,17.47693,83.49825,2026-01-24 10:28:15,0.568,0.771,0.716,0.318,MEDIUM,SYNTHETIC_DEMO_DATA
3201,Lakshadweep,10.69475,72.38909,2026-01-24 13:23:06,0.59,0.615,0.704,0.36,MEDIUM,SYNTHETIC_DEMO_DATA
3202,Lakshadweep,10.70015,72.92428,2026-01-24 16:17:57,0.455,0.754,0.711,0.26,LOW,SYNTHETIC_DEMO_DATA
3203,Goa Coast,15.26769,73.67411,2026-01-24 19:12:48,0.486,0.693,0.748,0.306,MEDIUM,SYNTHETIC_DEMO_DATA
3204,Odisha Coast,19.94929,86.00405,2026-01-24 22:07:39,0.424,0.742,0.753,0.338,MEDIUM,SYNTHETIC_DEMO_DATA
3205,Visakhapatnam,17.67396,83.29723,2026-01-25 01:02:30,0.528,0.574,0.55,0.523,MEDIUM,SYNTHETIC_DEMO_DATA
3206,Gujarat Coast,22.50922,69.27381,2026-01-25 03:57:21,0.413,0.692,0.533,0.38,MEDIUM,SYNTHETIC_DEMO_DATA
3207,Lakshadweep,10.28897,72.2952,2026-01-25 06:52:12,0.201,0.543,0.622,0.369,MEDIUM,SYNTHETIC_DEMO_DATA
3208,Andaman & Nicobar,11.83383,92.40401,2026-01-25 09:47:03,0.654,0.513,0.709,0.383,MEDIUM,SYNTHETIC_DEMO_DATA
3209,Kerala Coast,9.82317,76.14073,2026-01-25 12:41:54,0.47,0.619,0.578,0.531,MEDIUM,SYNTHETIC_DEMO_DATA
3210,Visakhapatnam,17.58395,82.91721,2026-01-25 15:36:45,0.448,0.615,0.61,0.275,LOW,SYNTHETIC_DEMO_DATA
3211,Lakshadweep,10.5423,72.56703,2026-01-25 18:31:36,0.363,0.631,0.469,0.479,MEDIUM,SYNTHETIC_DEMO_DATA
3212,Visakhapatnam,17.76712,83.06363,2026-01-25 21:26:27,0.324,0.615,0.81,0.138,LOW,SYNTHETIC_DEMO_DATA
3213,Chennai Coast,12.67729,80.20042,2026-01-26 00:21:18,0.325,0.663,0.722,0.229,LOW,SYNTHETIC_DEMO_DATA
3214,Lakshadweep,10.49775,72.60945,2026-01-26 03:16:10,0.482,0.81,0.789,0.231,LOW,SYNTHETIC_DEMO_DATA
3215,Mumbai Coast,18.69608,72.72252,2026-01-26 06:11:01,0.398,0.58,0.701,0.371,MEDIUM,SYNTHETIC_DEMO_DATA
3216,Visakhapatnam,17.88575,83.32418,2026-01-26 09:05:52,0.339,0.671,0.624,0.25,LOW,SYNTHETIC_DEMO_DATA
3217,Sundarbans,22.04978,89.33884,2026-01-26 12:00:43,0.283,0.673,0.587,0.37,MEDIUM,SYNTHETIC_DEMO_DATA
3218,Kerala Coast,9.92231,76.00484,2026-01-26 14:55:34,0.375,0.675,0.664,0.479,MEDIUM,SYNTHETIC_DEMO_DATA
3219,Lakshadweep,10.84232,72.45567,2026-01-26 17:50:25,0.368,0.63,0.624,0.29,LOW,SYNTHETIC_DEMO_DATA
3220,Kerala Coast,10.0953,76.24536,2026-01-26 20:45:16,0.491,0.832,0.737,0.258,LOW,SYNTHETIC_DEMO_DATA
3221,Gujarat Coast,22.34457,69.36834,2026-01-26 23:40:07,0.212,0.551,0.629,0.458,MEDIUM,SYNTHETIC_DEMO_DATA
3222,Visakhapatnam,17.78928,83.10838,2026-01-27 02:34:58,0.52,0.625,0.778,0.323,MEDIUM,SYNTHETIC_DEMO_DATA
3223,Goa Coast,15.37503,74.11988,2026-01-27 05:29:49,0.488,0.645,0.717,0.326,MEDIUM,SYNTHETIC_DEMO_DATA
3224,Goa Coast,15.13222,73.54318,2026-01-27 08:24:40,0.455,0.754,0.543,0.385,MEDIUM,SYNTHETIC_DEMO_DATA
3225,Gujarat Coast,22.56321,69.49782,2026-01-27 11:19:31,0.226,0.656,0.478,0.506,MEDIUM,SYNTHETIC_DEMO_DATA
3226,Goa Coast,15.67291,74.09348,2026-01-27 14:14:22,0.32,0.404,0.477,0.695,HIGH,SYNTHETIC_DEMO_DATA
3227,Mumbai Coast,19.09865,72.87721,2026-01-27 17:09:13,0.678,0.881,0.663,0.245,LOW,SYNTHETIC_DEMO_DATA
3228,Chennai Coast,13.63403,80.14196,2026-01-27 20:04:04,0.501,0.67,0.694,0.315,MEDIUM,SYNTHETIC_DEMO_DATA
3229,Goa Coast,15.48571,74.00587,2026-01-27 22:58:55,0.472,0.835,0.791,0.197,LOW,SYNTHETIC_DEMO_DATA
3230,Andaman & Nicobar,11.69669,92.675,2026-01-28 01:53:46,0.428,0.677,0.573,0.436,MEDIUM,SYNTHETIC_DEMO_DATA
3231,Andaman & Nicobar,12.18471,92.82024,2026-01-28 04:48:38,0.402,0.458,0.48,0.478,MEDIUM,SYNTHETIC_DEMO_DATA
3232,Visakhapatnam,17.7031,83.30041,2026-01-28 07:43:29,0.474,0.712,0.7,0.179,LOW,SYNTHETIC_DEMO_DATA
3233,Gujarat Coast,22.64529,69.79329,2026-01-28 10:38:20,0.429,0.485,0.682,0.31,MEDIUM,SYNTHETIC_DEMO_DATA
3234,Sundarbans,21.69969,89.12188,2026-01-28 13:33:11,0.586,0.728,0.682,0.436,MEDIUM,SYNTHETIC_DEMO_DATA
3235,Mumbai Coast,19.10323,73.01172,2026-01-28 16:28:02,0.464,0.616,0.746,0.209,LOW,SYNTHETIC_DEMO_DATA
3236,Mumbai Coast,18.82358,73.05535,2026-01-28 19:22:53,0.549,0.468,0.563,0.557,MEDIUM,SYNTHETIC_DEMO_DATA
3237,Chennai Coast,12.8451,80.31057,2026-01-28 22:17:44,0.326,0.6,0.553,0.347,MEDIUM,SYNTHETIC_DEMO_DATA
3238,Lakshadweep,10.58875,72.84545,2026-01-29 01:12:35,0.507,0.778,0.527,0.405,MEDIUM,SYNTHETIC_DEMO_DATA
3239,Andaman & Nicobar,11.22901,92.24658,2026-01-29 04:07:26,0.606,0.504,0.559,0.619,HIGH,SYNTHETIC_DEMO_DATA
3240,Sundarbans,21.93359,89.07385,2026-01-29 07:02:17,0.559,0.485,0.679,0.44,MEDIUM,SYNTHETIC_DEMO_DATA
3241,Visakhapatnam,17.58026,83.23014,2026-01-29 09:57:08,0.38,0.849,0.717,0.229,LOW,SYNTHETIC_DEMO_DATA
3242,Visakhapatnam,17.71272,83.33051,2026-01-29 12:51:59,0.509,0.624,0.703,0.337,MEDIUM,SYNTHETIC_DEMO_DATA
3243,Andaman & Nicobar,11.8835,92.60316,2026-01-29 15:46:50,0.568,0.853,0.71,0.188,LOW,SYNTHETIC_DEMO_DATA
3244,Mumbai Coast,19.07156,72.55199,2026-01-29 18:41:41,0.549,0.611,0.552,0.488,MEDIUM,SYNTHETIC_DEMO_DATA
3245,Goa Coast,15.5604,73.60263,2026-01-29 21:36:32,0.404,0.801,0.587,0.288,LOW,SYNTHETIC_DEMO_DATA
3246,Andaman & Nicobar,11.61241,92.74259,2026-01-30 00:31:23,0.516,0.596,0.634,0.378,MEDIUM,SYNTHETIC_DEMO_DATA
3247,Goa Coast,15.65412,73.74584,2026-01-30 03:26:14,0.308,0.715,0.776,0.253,LOW,SYNTHETIC_DEMO_DATA
3248,Sundarbans,21.93306,88.85682,2026-01-30 06:21:06,0.42,0.819,0.721,0.45,MEDIUM,SYNTHETIC_DEMO_DATA
3249,Odisha Coast,19.71132,85.70815,2026-01-30 09:15:57,0.341,0.507,0.761,0.215,LOW,SYNTHETIC_DEMO_DATA
3250,Chennai Coast,13.05299,80.3136,2026-01-30 12:10:48,0.393,0.577,0.786,0.301,MEDIUM,SYNTHETIC_DEMO_DATA
3251,Chennai Coast,13.28252,80.04476,2026-01-30 15:05:39,0.382,0.661,0.769,0.324,MEDIUM,SYNTHETIC_DEMO_DATA
3252,Goa Coast,15.79381,73.92433,2026-01-30 18:00:30,0.266,0.529,0.726,0.271,LOW,SYNTHETIC_DEMO_DATA
3253,Odisha Coast,19.98385,85.98291,2026-01-30 20:55:21,0.484,0.685,0.679,0.355,MEDIUM,SYNTHETIC_DEMO_DATA
3254,Chennai Coast,13.03292,80.50973,2026-01-30 23:50:12,0.189,0.592,0.687,0.303,MEDIUM,SYNTHETIC_DEMO_DATA
3255,Visakhapatnam,17.97588,82.95095,2026-01-31 02:45:03,0.472,0.688,0.647,0.353,MEDIUM,SYNTHETIC_DEMO_DATA
3256,Odisha Coast,19.87172,85.95066,2026-01-31 05:39:54,0.35,0.656,0.683,0.308,MEDIUM,SYNTHETIC_DEMO_DATA
3257,Odisha Coast,19.79371,85.92355,2026-01-31 08:34:45,0.458,0.772,0.605,0.403,MEDIUM,SYNTHETIC_DEMO_DATA
3258,Odisha Coast,20.21702,85.53589,2026-01-31 11:29:36,0.463,0.508,0.512,0.595,MEDIUM,SYNTHETIC_DEMO_DATA
3259,Mumbai Coast,18.73856,72.58714,2026-01-31 14:24:27,0.463,0.759,0.694,0.181,LOW,SYNTHETIC_DEMO_DATA
3260,Kerala Coast,9.85715,76.32415,2026-01-31 17:19:18,0.468,0.688,0.747,0.259,LOW,SYNTHETIC_DEMO_DATA
3261,Kerala Coast,10.20528,75.85538,2026-01-31 20:14:09,0.617,0.792,0.687,0.25,LOW,SYNTHETIC_DEMO_DATA
3262,Kerala Coast,9.70418,75.88176,2026-01-31 23:09:00,0.561,0.635,0.49,0.437,MEDIUM,SYNTHETIC_DEMO_DATA
3263,Goa Coast,15.48636,73.81404,2026-02-01 02:03:51,0.355,0.623,0.628,0.306,MEDIUM,SYNTHETIC_DEMO_DATA
3264,Andaman & Nicobar,11.74544,92.54909,2026-02-01 04:58:42,0.329,0.703,0.658,0.22,LOW,SYNTHETIC_DEMO_DATA
3265,Mumbai Coast,18.53712,72.65861,2026-02-01 07:53:34,0.617,0.679,0.662,0.353,MEDIUM,SYNTHETIC_DEMO_DATA
3266,Gujarat Coast,21.73067,69.40369,2026-02-01 10:48:25,0.463,0.728,0.693,0.227,LOW,SYNTHETIC_DEMO_DATA
3267,Goa Coast,15.59114,73.53061,2026-02-01 13:43:16,0.363,0.716,0.638,0.322,MEDIUM,SYNTHETIC_DEMO_DATA
3268,Gujarat Coast,22.15891,69.92992,2026-02-01 16:38:07,0.41,0.698,0.595,0.363,MEDIUM,SYNTHETIC_DEMO_DATA
3269,Odisha Coast,19.60305,86.0334,2026-02-01 19:32:58,0.621,0.595,0.618,0.418,MEDIUM,SYNTHETIC_DEMO_DATA
3270,Lakshadweep,10.57367,72.57618,2026-02-01 22:27:49,0.244,0.583,0.442,0.442,MEDIUM,SYNTHETIC_DEMO_DATA
3271,Odisha Coast,19.48481,85.83056,2026-02-02 01:22:40,0.409,0.699,0.744,0.18,LOW,SYNTHETIC_DEMO_DATA
3272,Kerala Coast,9.85077,76.32652,2026-02-02 04:17:31,0.418,0.57,0.622,0.42,MEDIUM,SYNTHETIC_DEMO_DATA
3273,Gujarat Coast,22.01562,69.60066,2026-02-02 07:12:22,0.453,0.634,0.66,0.363,MEDIUM,SYNTHETIC_DEMO_DATA
3274,Kerala Coast,10.10047,76.69923,2026-02-02 10:07:13,0.502,0.745,0.792,0.238,LOW,SYNTHETIC_DEMO_DATA
3275,Visakhapatnam,17.95067,83.01363,2026-02-02 13:02:04,0.467,0.616,0.589,0.28,LOW,SYNTHETIC_DEMO_DATA
3276,Lakshadweep,10.5111,72.56924,2026-02-02 15:56:55,0.58,0.828,0.765,0.183,LOW,SYNTHETIC_DEMO_DATA
3277,Sundarbans,21.71479,89.02615,2026-02-02 18:51:46,0.522,0.682,0.652,0.419,MEDIUM,SYNTHETIC_DEMO_DATA
3278,Visakhapatnam,17.79528,83.34032,2026-02-02 21:46:37,0.489,0.73,0.623,0.402,MEDIUM,SYNTHETIC_DEMO_DATA
3279,Lakshadweep,10.54999,72.90294,2026-02-03 00:41:28,0.277,0.728,0.636,0.16,LOW,SYNTHETIC_DEMO_DATA
3280,Goa Coast,15.41887,73.88181,2026-02-03 03:36:19,0.67,0.725,0.687,0.315,MEDIUM,SYNTHETIC_DEMO_DATA
3281,Sundarbans,21.95233,88.71566,2026-02-03 06:31:10,0.55,0.696,0.699,0.391,MEDIUM,SYNTHETIC_DEMO_DATA
3282,Goa Coast,15.21216,73.84283,2026-02-03 09:26:01,0.516,0.729,0.614,0.228,LOW,SYNTHETIC_DEMO_DATA
3283,Lakshadweep,10.49759,72.61029,2026-02-03 12:20:53,0.33,0.632,0.555,0.36,MEDIUM,SYNTHETIC_DEMO_DATA
3284,Sundarbans,22.35858,89.0383,2026-02-03 15:15:44,0.485,0.611,0.612,0.494,MEDIUM,SYNTHETIC_DEMO_DATA
3285,Kerala Coast,9.88482,76.11454,2026-02-03 18:10:35,0.594,0.612,0.609,0.416,MEDIUM,SYNTHETIC_DEMO_DATA
3286,Kerala Coast,9.74592,76.6484,2026-02-03 21:05:26,0.694,0.663,0.739,0.333,MEDIUM,SYNTHETIC_DEMO_DATA
3287,Odisha Coast,19.8292,85.89188,2026-02-04 00:00:17,0.575,0.705,0.582,0.4,MEDIUM,SYNTHETIC_DEMO_DATA
3288,Visakhapatnam,17.28101,82.97621,2026-02-04 02:55:08,0.381,0.557,0.57,0.379,MEDIUM,SYNTHETIC_DEMO_DATA
3289,Odisha Coast,19.73924,85.86982,2026-02-04 05:49:59,0.362,0.532,0.469,0.626,HIGH,SYNTHETIC_DEMO_DATA
3290,Odisha Coast,20.20286,85.46763,2026-02-04 08:44:50,0.542,0.716,0.773,0.33,MEDIUM,SYNTHETIC_DEMO_DATA
3291,Kerala Coast,9.7622,76.50761,2026-02-04 11:39:41,0.398,0.701,0.767,0.289,LOW,SYNTHETIC_DEMO_DATA
3292,Kerala Coast,10.01687,76.48142,2026-02-04 14:34:32,0.481,0.688,0.707,0.396,MEDIUM,SYNTHETIC_DEMO_DATA
3293,Visakhapatnam,17.6049,83.07782,2026-02-04 17:29:23,0.459,0.736,0.723,0.325,MEDIUM,SYNTHETIC_DEMO_DATA
3294,Visakhapatnam,17.84805,83.0768,2026-02-04 20:24:14,0.442,0.585,0.644,0.392,MEDIUM,SYNTHETIC_DEMO_DATA
3295,Odisha Coast,19.47482,86.05755,2026-02-04 23:19:05,0.558,0.711,0.595,0.356,MEDIUM,SYNTHETIC_DEMO_DATA
3296,Goa Coast,15.30814,73.77817,2026-02-05 02:13:56,0.375,0.667,0.658,0.434,MEDIUM,SYNTHETIC_DEMO_DATA
3297,Visakhapatnam,17.67031,83.276,2026-02-05 05:08:47,0.47,0.664,0.727,0.223,LOW,SYNTHETIC_DEMO_DATA
3298,Lakshadweep,10.3476,72.22683,2026-02-05 08:03:38,0.5,0.704,0.669,0.285,LOW,SYNTHETIC_DEMO_DATA
3299,Mumbai Coast,18.78731,72.60663,2026-02-05 10:58:29,0.257,0.723,0.765,0.176,LOW,SYNTHETIC_DEMO_DATA
3300,Andaman & Nicobar,11.77417,92.94692,2026-02-05 13:53:21,0.249,0.488,0.617,0.446,MEDIUM,SYNTHETIC_DEMO_DATA
3301,Gujarat Coast,22.38865,69.52659,2026-02-05 16:48:12,0.335,0.569,0.636,0.454,MEDIUM,SYNTHETIC_DEMO_DATA
3302,Visakhapatnam,17.62646,83.17748,2026-02-05 19:43:03,0.305,0.76,0.788,0.287,LOW,SYNTHETIC_DEMO_DATA
3303,Gujarat Coast,22.36133,69.69644,2026-02-05 22:37:54,0.331,0.647,0.756,0.259,LOW,SYNTHETIC_DEMO_DATA
3304,Visakhapatnam,17.88886,83.02114,2026-02-06 01:32:45,0.477,0.669,0.714,0.198,LOW,SYNTHETIC_DEMO_DATA
3305,Odisha Coast,19.85608,85.84409,2026-02-06 04:27:36,0.419,0.64,0.616,0.296,LOW,SYNTHETIC_DEMO_DATA
3306,Visakhapatnam,17.50712,83.34086,2026-02-06 07:22:27,0.532,0.656,0.662,0.228,LOW,SYNTHETIC_DEMO_DATA
3307,Visakhapatnam,17.73376,83.38402,2026-02-06 10:17:18,0.448,0.736,0.697,0.306,MEDIUM,SYNTHETIC_DEMO_DATA
3308,Odisha Coast,19.79434,85.52215,2026-02-06 13:12:09,0.557,0.746,0.66,0.346,MEDIUM,SYNTHETIC_DEMO_DATA
3309,Sundarbans,21.69652,89.13954,2026-02-06 16:07:00,0.437,0.662,0.643,0.537,MEDIUM,SYNTHETIC_DEMO_DATA
3310,Lakshadweep,10.46269,72.74472,2026-02-06 19:01:51,0.513,0.679,0.873,0.181,LOW,SYNTHETIC_DEMO_DATA
3311,Mumbai Coast,18.94267,72.94831,2026-02-06 21:56:42,0.47,0.641,0.391,0.629,HIGH,SYNTHETIC_DEMO_DATA
3312,Kerala Coast,10.10123,76.48056,2026-02-07 00:51:33,0.582,0.652,0.484,0.443,MEDIUM,SYNTHETIC_DEMO_DATA
3313,Lakshadweep,10.64093,72.8866,2026-02-07 03:46:24,0.177,0.698,0.631,0.189,LOW,SYNTHETIC_DEMO_DATA
3314,Visakhapatnam,17.7238,83.13334,2026-02-07 06:41:15,0.099,0.698,0.701,0.217,LOW,SYNTHETIC_DEMO_DATA
3315,Kerala Coast,9.25498,76.17589,2026-02-07 09:36:06,0.598,0.556,0.71,0.387,MEDIUM,SYNTHETIC_DEMO_DATA
3316,Andaman & Nicobar,11.90827,92.9522,2026-02-07 12:30:57,0.48,0.578,0.515,0.366,MEDIUM,SYNTHETIC_DEMO_DATA
3317,Gujarat Coast,22.17735,69.89466,2026-02-07 15:25:49,0.457,0.669,0.709,0.378,MEDIUM,SYNTHETIC_DEMO_DATA
3318,Chennai Coast,13.24511,80.37331,2026-02-07 18:20:40,0.424,0.648,0.621,0.288,LOW,SYNTHETIC_DEMO_DATA
3319,Visakhapatnam,18.22593,83.55362,2026-02-07 21:15:31,0.455,0.653,0.667,0.231,LOW,SYNTHETIC_DEMO_DATA
3320,Sundarbans,21.616,89.17418,2026-02-08 00:10:22,0.494,0.732,0.578,0.486,MEDIUM,SYNTHETIC_DEMO_DATA
3321,Sundarbans,21.84995,89.54485,2026-02-08 03:05:13,0.553,0.703,0.612,0.437,MEDIUM,SYNTHETIC_DEMO_DATA
3322,Odisha Coast,19.77907,85.94603,2026-02-08 06:00:04,0.426,0.732,0.56,0.405,MEDIUM,SYNTHETIC_DEMO_DATA
3323,Goa Coast,15.34185,73.66818,2026-02-08 08:54:55,0.323,0.546,0.773,0.362,MEDIUM,SYNTHETIC_DEMO_DATA
3324,Gujarat Coast,22.16449,69.49392,2026-02-08 11:49:46,0.418,0.801,0.527,0.463,MEDIUM,SYNTHETIC_DEMO_DATA
3325,Kerala Coast,9.9045,76.21037,2026-02-08 14:44:37,0.398,0.631,0.846,0.267,LOW,SYNTHETIC_DEMO_DATA
3326,Goa Coast,15.52189,73.45961,2026-02-08 17:39:28,0.413,0.605,0.631,0.386,MEDIUM,SYNTHETIC_DEMO_DATA
3327,Odisha Coast,19.74081,86.23681,2026-02-08 20:34:19,0.582,0.743,0.701,0.358,MEDIUM,SYNTHETIC_DEMO_DATA
3328,Visakhapatnam,17.57654,83.40167,2026-02-08 23:29:10,0.45,0.713,0.616,0.308,MEDIUM,SYNTHETIC_DEMO_DATA
3329,Chennai Coast,13.48988,80.19537,2026-02-09 02:24:01,0.605,0.64,0.757,0.288,LOW,SYNTHETIC_DEMO_DATA
3330,Lakshadweep,10.60303,72.59525,2026-02-09 05:18:52,0.479,0.538,0.585,0.367,MEDIUM,SYNTHETIC_DEMO_DATA
3331,Gujarat Coast,22.3508,69.61969,2026-02-09 08:13:43,0.476,0.612,0.672,0.371,MEDIUM,SYNTHETIC_DEMO_DATA
3332,Andaman & Nicobar,11.53635,92.93822,2026-02-09 11:08:34,0.4,0.626,0.761,0.31,MEDIUM,SYNTHETIC_DEMO_DATA
3333,Visakhapatnam,17.55497,83.14956,2026-02-09 14:03:25,0.308,0.593,0.669,0.331,MEDIUM,SYNTHETIC_DEMO_DATA
3334,Andaman & Nicobar,11.65043,92.42767,2026-02-09 16:58:17,0.152,0.474,0.454,0.47,MEDIUM,SYNTHETIC_DEMO_DATA
3335,Sundarbans,22.06413,89.22296,2026-02-09 19:53:08,0.612,0.578,0.466,0.678,HIGH,SYNTHETIC_DEMO_DATA
3336,Visakhapatnam,17.53082,83.0795,2026-02-09 22:47:59,0.366,0.571,0.571,0.426,MEDIUM,SYNTHETIC_DEMO_DATA
3337,Mumbai Coast,18.6959,72.69611,2026-02-10 01:42:50,0.345,0.562,0.645,0.415,MEDIUM,SYNTHETIC_DEMO_DATA
3338,Sundarbans,21.79253,88.76212,2026-02-10 04:37:41,0.435,0.817,0.614,0.427,MEDIUM,SYNTHETIC_DEMO_DATA
3339,Andaman & Nicobar,12.27727,92.64031,2026-02-10 07:32:32,0.471,0.638,0.574,0.343,MEDIUM,SYNTHETIC_DEMO_DATA
3340,Andaman & Nicobar,11.77097,92.66166,2026-02-10 10:27:23,0.765,0.935,0.552,0.298,LOW,SYNTHETIC_DEMO_DATA
3341,Mumbai Coast,19.02204,72.86641,2026-02-10 13:22:14,0.357,0.733,0.725,0.293,LOW,SYNTHETIC_DEMO_DATA
3342,Chennai Coast,13.05323,80.34933,2026-02-10 16:17:05,0.488,0.82,0.878,0.198,LOW,SYNTHETIC_DEMO_DATA
3343,Sundarbans,21.84645,89.43307,2026-02-10 19:11:56,0.58,0.734,0.647,0.27,LOW,SYNTHETIC_DEMO_DATA
3344,Gujarat Coast,22.36674,69.49364,2026-02-10 22:06:47,0.372,0.572,0.663,0.352,MEDIUM,SYNTHETIC_DEMO_DATA
3345,Mumbai Coast,19.01909,72.82685,2026-02-11 01:01:38,0.562,0.696,0.588,0.482,MEDIUM,SYNTHETIC_DEMO_DATA
3346,Goa Coast,15.82604,74.1376,2026-02-11 03:56:29,0.522,0.559,0.513,0.396,MEDIUM,SYNTHETIC_DEMO_DATA
3347,Gujarat Coast,22.25669,69.42225,2026-02-11 06:51:20,0.523,0.638,0.741,0.368,MEDIUM,SYNTHETIC_DEMO_DATA
3348,Odisha Coast,19.83187,85.90656,2026-02-11 09:46:11,0.404,0.791,0.584,0.294,LOW,SYNTHETIC_DEMO_DATA
3349,Odisha Coast,19.79659,85.4325,2026-02-11 12:41:02,0.368,0.637,0.727,0.234,LOW,SYNTHETIC_DEMO_DATA
3350,Goa Coast,15.76641,73.99626,2026-02-11 15:35:53,0.491,0.586,0.656,0.375,MEDIUM,SYNTHETIC_DEMO_DATA
3351,Odisha Coast,19.95558,85.8375,2026-02-11 18:30:45,0.372,0.595,0.693,0.516,MEDIUM,SYNTHETIC_DEMO_DATA
3352,Lakshadweep,10.52546,72.57591,2026-02-11 21:25:36,0.539,0.675,0.771,0.351,MEDIUM,SYNTHETIC_DEMO_DATA
3353,Odisha Coast,20.0253,85.95497,2026-02-12 00:20:27,0.669,0.774,0.679,0.273,LOW,SYNTHETIC_DEMO_DATA
3354,Goa Coast,15.42198,74.2549,2026-02-12 03:15:18,0.417,0.71,0.613,0.273,LOW,SYNTHETIC_DEMO_DATA
3355,Lakshadweep,10.45934,72.82661,2026-02-12 06:10:09,0.575,0.69,0.686,0.337,MEDIUM,SYNTHETIC_DEMO_DATA
3356,Kerala Coast,10.18379,76.35012,2026-02-12 09:05:00,0.703,0.57,0.747,0.341,MEDIUM,SYNTHETIC_DEMO_DATA
3357,Sundarbans,21.94662,89.1849,2026-02-12 11:59:51,0.361,0.757,0.625,0.271,LOW,SYNTHETIC_DEMO_DATA
3358,Andaman & Nicobar,12.05024,92.70958,2026-02-12 14:54:42,0.429,0.731,0.679,0.187,LOW,SYNTHETIC_DEMO_DATA
3359,Odisha Coast,19.76762,86.06046,2026-02-12 17:49:33,0.578,0.7,0.634,0.467,MEDIUM,SYNTHETIC_DEMO_DATA
3360,Mumbai Coast,19.09176,72.72058,2026-02-12 20:44:24,0.444,0.582,0.665,0.445,MEDIUM,SYNTHETIC_DEMO_DATA
3361,Lakshadweep,10.46165,72.60973,2026-02-12 23:39:15,0.684,0.702,0.581,0.397,MEDIUM,SYNTHETIC_DEMO_DATA
3362,Goa Coast,15.4686,73.92339,2026-02-13 02:34:06,0.551,0.37,0.52,0.446,MEDIUM,SYNTHETIC_DEMO_DATA
3363,Sundarbans,22.25672,89.30604,2026-02-13 05:28:57,0.44,0.714,0.607,0.417,MEDIUM,SYNTHETIC_DEMO_DATA
3364,Andaman & Nicobar,11.84326,92.58876,2026-02-13 08:23:48,0.625,0.809,0.648,0.267,LOW,SYNTHETIC_DEMO_DATA
3365,Odisha Coast,20.05529,85.78125,2026-02-13 11:18:39,0.381,0.65,0.54,0.414,MEDIUM,SYNTHETIC_DEMO_DATA
3366,Goa Coast,15.96647,73.90087,2026-02-13 14:13:30,0.343,0.574,0.489,0.492,MEDIUM,SYNTHETIC_DEMO_DATA
3367,Gujarat Coast,22.63128,69.62248,2026-02-13 17:08:21,0.445,0.6,0.882,0.225,LOW,SYNTHETIC_DEMO_DATA
3368,Visakhapatnam,17.67493,83.25475,2026-02-13 20:03:12,0.287,0.664,0.603,0.331,MEDIUM,SYNTHETIC_DEMO_DATA
3369,Kerala Coast,9.94163,76.41628,2026-02-13 22:58:04,0.515,0.659,0.723,0.266,LOW,SYNTHETIC_DEMO_DATA
3370,Odisha Coast,19.4774,86.32502,2026-02-14 01:52:55,0.527,0.656,0.648,0.41,MEDIUM,SYNTHETIC_DEMO_DATA
3371,Lakshadweep,10.2498,72.60657,2026-02-14 04:47:46,0.394,0.656,0.666,0.265,LOW,SYNTHETIC_DEMO_DATA
3372,Visakhapatnam,17.83594,83.06639,2026-02-14 07:42:37,0.478,0.419,0.601,0.402,MEDIUM,SYNTHETIC_DEMO_DATA
3373,Chennai Coast,12.93553,79.97021,2026-02-14 10:37:28,0.391,0.617,0.737,0.317,MEDIUM,SYNTHETIC_DEMO_DATA
3374,Mumbai Coast,18.9476,72.7112,2026-02-14 13:32:19,0.468,0.597,0.676,0.337,MEDIUM,SYNTHETIC_DEMO_DATA
3375,Gujarat Coast,22.37012,69.74306,2026-02-14 16:27:10,0.3,0.711,0.582,0.291,LOW,SYNTHETIC_DEMO_DATA
3376,Mumbai Coast,18.96157,72.5906,2026-02-14 19:22:01,0.438,0.76,0.607,0.324,MEDIUM,SYNTHETIC_DEMO_DATA
3377,Mumbai Coast,18.88579,72.66596,2026-02-14 22:16:52,0.41,0.64,0.546,0.277,LOW,SYNTHETIC_DEMO_DATA
3378,Mumbai Coast,18.69623,72.93761,2026-02-15 01:11:43,0.625,0.745,0.563,0.397,MEDIUM,SYNTHETIC_DEMO_DATA
3379,Andaman & Nicobar,11.923,92.55396,2026-02-15 04:06:34,0.453,0.624,0.625,0.328,MEDIUM,SYNTHETIC_DEMO_DATA
3380,Chennai Coast,13.19184,80.18729,2026-02-15 07:01:25,0.523,0.635,0.62,0.521,MEDIUM,SYNTHETIC_DEMO_DATA
3381,Andaman & Nicobar,12.4654,92.70401,2026-02-15 09:56:16,0.489,0.801,0.619,0.243,LOW,SYNTHETIC_DEMO_DATA
3382,Goa Coast,15.47822,73.69143,2026-02-15 12:51:07,0.251,0.595,0.619,0.354,MEDIUM,SYNTHETIC_DEMO_DATA
3383,Lakshadweep,10.31373,72.62478,2026-02-15 15:45:58,0.568,0.685,0.634,0.364,MEDIUM,SYNTHETIC_DEMO_DATA
3384,Lakshadweep,10.81946,72.52375,2026-02-15 18:40:49,0.443,0.633,0.726,0.395,MEDIUM,SYNTHETIC_DEMO_DATA
3385,Goa Coast,15.36511,73.98536,2026-02-15 21:35:40,0.613,0.616,0.549,0.41,MEDIUM,SYNTHETIC_DEMO_DATA
3386,Visakhapatnam,17.65254,83.37401,2026-02-16 00:30:32,0.511,0.76,0.718,0.137,LOW,SYNTHETIC_DEMO_DATA
3387,Goa Coast,15.71366,73.54782,2026-02-16 03:25:23,0.341,0.577,0.508,0.389,MEDIUM,SYNTHETIC_DEMO_DATA
3388,Goa Coast,15.37887,73.81643,2026-02-16 06:20:14,0.571,0.478,0.701,0.513,MEDIUM,SYNTHETIC_DEMO_DATA
3389,Visakhapatnam,17.75865,83.38183,2026-02-16 09:15:05,0.252,0.552,0.76,0.145,LOW,SYNTHETIC_DEMO_DATA
3390,Gujarat Coast,22.40763,69.71738,2026-02-16 12:09:56,0.471,0.427,0.367,0.745,HIGH,SYNTHETIC_DEMO_DATA
3391,Visakhapatnam,17.86113,83.18321,2026-02-16 15:04:47,0.388,0.741,0.762,0.214,LOW,SYNTHETIC_DEMO_DATA
3392,Mumbai Coast,18.9268,72.83259,2026-02-16 17:59:38,0.382,0.606,0.706,0.25,LOW,SYNTHETIC_DEMO_DATA
3393,Goa Coast,15.47587,73.68019,2026-02-16 20:54:29,0.449,0.663,0.629,0.27,LOW,SYNTHETIC_DEMO_DATA
3394,Odisha Coast,19.95689,85.81108,2026-02-16 23:49:20,0.608,0.882,0.728,0.213,LOW,SYNTHETIC_DEMO_DATA
3395,Chennai Coast,12.72896,80.42,2026-02-17 02:44:11,0.294,0.555,0.752,0.364,MEDIUM,SYNTHETIC_DEMO_DATA
3396,Goa Coast,15.41807,73.89085,2026-02-17 05:39:02,0.538,0.664,0.685,0.333,MEDIUM,SYNTHETIC_DEMO_DATA
3397,Kerala Coast,9.80342,75.78006,2026-02-17 08:33:53,0.503,0.903,0.731,0.262,LOW,SYNTHETIC_DEMO_DATA
3398,Lakshadweep,10.23189,72.69833,2026-02-17 11:28:44,0.289,0.675,0.661,0.295,LOW,SYNTHETIC_DEMO_DATA
3399,Sundarbans,22.0893,89.27272,2026-02-17 14:23:35,0.429,0.831,0.568,0.364,MEDIUM,SYNTHETIC_DEMO_DATA
3400,Goa Coast,15.41687,73.92268,2026-02-17 17:18:26,0.562,0.638,0.743,0.339,MEDIUM,SYNTHETIC_DEMO_DATA
3401,Andaman & Nicobar,11.58894,92.4227,2026-02-17 20:13:17,0.549,0.69,0.527,0.419,MEDIUM,SYNTHETIC_DEMO_DATA
3402,Lakshadweep,10.53197,72.98006,2026-02-17 23:08:08,0.423,0.615,0.586,0.452,MEDIUM,SYNTHETIC_DEMO_DATA
3403,Odisha Coast,20.08584,85.85325,2026-02-18 02:03:00,0.432,0.651,0.591,0.359,MEDIUM,SYNTHETIC_DEMO_DATA
3404,Lakshadweep,10.6385,72.32355,2026-02-18 04:57:51,0.356,0.784,0.646,0.375,MEDIUM,SYNTHETIC_DEMO_DATA
3405,Chennai Coast,13.2147,80.25588,2026-02-18 07:52:42,0.395,0.487,0.711,0.359,MEDIUM,SYNTHETIC_DEMO_DATA
3406,Chennai Coast,12.97619,80.01781,2026-02-18 10:47:33,0.408,0.753,0.424,0.63,HIGH,SYNTHETIC_DEMO_DATA
3407,Chennai Coast,13.29954,80.40948,2026-02-18 13:42:24,0.393,0.717,0.552,0.296,LOW,SYNTHETIC_DEMO_DATA
3408,Gujarat Coast,22.43815,69.72868,2026-02-18 16:37:15,0.429,0.751,0.628,0.391,MEDIUM,SYNTHETIC_DEMO_DATA
3409,Gujarat Coast,22.3597,69.57317,2026-02-18 19:32:06,0.637,0.661,0.561,0.459,MEDIUM,SYNTHETIC_DEMO_DATA
3410,Kerala Coast,9.84214,76.28181,2026-02-18 22:26:57,0.719,0.799,0.691,0.277,LOW,SYNTHETIC_DEMO_DATA
3411,Sundarbans,22.29235,89.08971,2026-02-19 01:21:48,0.537,0.775,0.702,0.392,MEDIUM,SYNTHETIC_DEMO_DATA
3412,Lakshadweep,10.48593,72.42671,2026-02-19 04:16:39,0.405,0.834,0.686,0.199,LOW,SYNTHETIC_DEMO_DATA
3413,Visakhapatnam,17.35964,83.0454,2026-02-19 07:11:30,0.418,0.734,0.591,0.349,MEDIUM,SYNTHETIC_DEMO_DATA
3414,Sundarbans,21.85257,88.86894,2026-02-19 10:06:21,0.541,0.681,0.643,0.551,MEDIUM,SYNTHETIC_DEMO_DATA
3415,Mumbai Coast,19.15962,72.76974,2026-02-19 13:01:12,0.543,0.666,0.575,0.417,MEDIUM,SYNTHETIC_DEMO_DATA
3416,Kerala Coast,10.15968,76.3282,2026-02-19 15:56:03,0.489,0.613,0.641,0.386,MEDIUM,SYNTHETIC_DEMO_DATA
3417,Gujarat Coast,22.38504,69.91849,2026-02-19 18:50:54,0.369,0.699,0.741,0.249,LOW,SYNTHETIC_DEMO_DATA
3418,Andaman & Nicobar,11.58825,92.5609,2026-02-19 21:45:45,0.663,0.72,0.609,0.299,LOW,SYNTHETIC_DEMO_DATA
3419,Sundarbans,21.67302,89.32756,2026-02-20 00:40:36,0.524,0.716,0.742,0.304,MEDIUM,SYNTHETIC_DEMO_DATA
3420,Visakhapatnam,17.82443,83.20912,2026-02-20 03:35:28,0.38,0.704,0.822,0.308,MEDIUM,SYNTHETIC_DEMO_DATA
3421,Mumbai Coast,19.07996,72.86365,2026-02-20 06:30:19,0.555,0.83,0.714,0.254,LOW,SYNTHETIC_DEMO_DATA
3422,Goa Coast,15.2296,73.63057,2026-02-20 09:25:10,0.422,0.527,0.588,0.376,MEDIUM,SYNTHETIC_DEMO_DATA
3423,Gujarat Coast,22.41546,69.4713,2026-02-20 12:20:01,0.146,0.627,0.742,0.297,LOW,SYNTHETIC_DEMO_DATA
3424,Chennai Coast,13.07648,80.33196,2026-02-20 15:14:52,0.523,0.674,0.704,0.33,MEDIUM,SYNTHETIC_DEMO_DATA
3425,Gujarat Coast,22.27019,69.4668,2026-02-20 18:09:43,0.285,0.69,0.649,0.31,MEDIUM,SYNTHETIC_DEMO_DATA
3426,Lakshadweep,10.41317,72.56128,2026-02-20 21:04:34,0.387,0.714,0.587,0.301,MEDIUM,SYNTHETIC_DEMO_DATA
3427,Kerala Coast,9.85367,76.01358,2026-02-20 23:59:25,0.549,0.823,0.749,0.266,LOW,SYNTHETIC_DEMO_DATA
3428,Andaman & Nicobar,11.49593,92.44591,2026-02-21 02:54:16,0.357,0.609,0.562,0.377,MEDIUM,SYNTHETIC_DEMO_DATA
3429,Goa Coast,15.1493,73.57525,2026-02-21 05:49:07,0.229,0.649,0.578,0.241,LOW,SYNTHETIC_DEMO_DATA
3430,Chennai Coast,12.78482,80.34778,2026-02-21 08:43:58,0.541,0.646,0.686,0.405,MEDIUM,SYNTHETIC_DEMO_DATA
3431,Visakhapatnam,17.50453,83.24214,2026-02-21 11:38:49,0.542,0.565,0.541,0.38,MEDIUM,SYNTHETIC_DEMO_DATA
3432,Goa Coast,15.6493,73.73524,2026-02-21 14:33:40,0.449,0.457,0.623,0.454,MEDIUM,SYNTHETIC_DEMO_DATA
3433,Visakhapatnam,17.58347,83.20314,2026-02-21 17:28:31,0.357,0.568,0.717,0.279,LOW,SYNTHETIC_DEMO_DATA
3434,Chennai Coast,13.21226,80.25997,2026-02-21 20:23:22,0.53,0.832,0.685,0.296,LOW,SYNTHETIC_DEMO_DATA
3435,Visakhapatnam,17.78383,83.14239,2026-02-21 23:18:13,0.467,0.674,0.687,0.239,LOW,SYNTHETIC_DEMO_DATA
3436,Gujarat Coast,22.25638,69.84198,2026-02-22 02:13:04,0.27,0.723,0.904,0.321,MEDIUM,SYNTHETIC_DEMO_DATA
3437,Visakhapatnam,17.81459,83.64982,2026-02-22 05:07:56,0.302,0.704,0.794,0.267,LOW,SYNTHETIC_DEMO_DATA
3438,Gujarat Coast,22.26902,69.81443,2026-02-22 08:02:47,0.351,0.678,0.772,0.284,LOW,SYNTHETIC_DEMO_DATA
3439,Lakshadweep,10.46876,72.7182,2026-02-22 10:57:38,0.438,0.713,0.595,0.28,LOW,SYNTHETIC_DEMO_DATA
3440,Andaman & Nicobar,11.78196,92.64906,2026-02-22 13:52:29,0.457,0.634,0.725,0.385,MEDIUM,SYNTHETIC_DEMO_DATA
3441,Lakshadweep,10.63824,72.7669,2026-02-22 16:47:20,0.405,0.697,0.761,0.124,LOW,SYNTHETIC_DEMO_DATA
3442,Sundarbans,21.85185,89.17433,2026-02-22 19:42:11,0.414,0.614,0.671,0.453,MEDIUM,SYNTHETIC_DEMO_DATA
3443,Kerala Coast,9.58312,76.14324,2026-02-22 22:37:02,0.374,0.577,0.792,0.343,MEDIUM,SYNTHETIC_DEMO_DATA
3444,Visakhapatnam,17.62525,83.20724,2026-02-23 01:31:53,0.157,0.666,0.673,0.238,LOW,SYNTHETIC_DEMO_DATA
3445,Lakshadweep,10.52349,72.60716,2026-02-23 04:26:44,0.344,0.454,0.645,0.341,MEDIUM,SYNTHETIC_DEMO_DATA
3446,Goa Coast,15.39711,73.98565,2026-02-23 07:21:35,0.492,0.75,0.571,0.439,MEDIUM,SYNTHETIC_DEMO_DATA
3447,Chennai Coast,13.2437,80.12923,2026-02-23 10:16:26,0.631,0.616,0.707,0.396,MEDIUM,SYNTHETIC_DEMO_DATA
3448,Mumbai Coast,18.86529,72.57248,2026-02-23 13:11:17,0.285,0.815,0.66,0.37,MEDIUM,SYNTHETIC_DEMO_DATA
3449,Gujarat Coast,22.27032,69.54403,2026-02-23 16:06:08,0.713,0.727,0.829,0.214,LOW,SYNTHETIC_DEMO_DATA
3450,Kerala Coast,9.6839,76.52944,2026-02-23 19:00:59,0.471,0.701,0.681,0.243,LOW,SYNTHETIC_DEMO_DATA
3451,Kerala Coast,10.04589,76.50653,2026-02-23 21:55:50,0.412,0.647,0.639,0.317,MEDIUM,SYNTHETIC_DEMO_DATA
3452,Sundarbans,21.99656,89.05167,2026-02-24 00:50:41,0.354,0.675,0.509,0.407,MEDIUM,SYNTHETIC_DEMO_DATA
3453,Kerala Coast,10.10108,76.36304,2026-02-24 03:45:32,0.34,0.575,0.704,0.347,MEDIUM,SYNTHETIC_DEMO_DATA
3454,Chennai Coast,13.026,80.45775,2026-02-24 06:40:24,0.579,0.605,0.623,0.406,MEDIUM,SYNTHETIC_DEMO_DATA
3455,Andaman & Nicobar,11.9013,92.5494,2026-02-24 09:35:15,0.45,0.659,0.696,0.303,MEDIUM,SYNTHETIC_DEMO_DATA
3456,Andaman & Nicobar,11.79325,92.87899,2026-02-24 12:30:06,0.512,0.592,0.365,0.616,HIGH,SYNTHETIC_DEMO_DATA
3457,Goa Coast,15.50522,73.9471,2026-02-24 15:24:57,0.492,0.784,0.649,0.327,MEDIUM,SYNTHETIC_DEMO_DATA
3458,Sundarbans,21.91051,89.064,2026-02-24 18:19:48,0.584,0.748,0.563,0.469,MEDIUM,SYNTHETIC_DEMO_DATA
3459,Andaman & Nicobar,11.76547,92.72549,2026-02-24 21:14:39,0.424,0.724,0.641,0.265,LOW,SYNTHETIC_DEMO_DATA
3460,Chennai Coast,12.89012,80.3134,2026-02-25 00:09:30,0.377,0.644,0.673,0.254,LOW,SYNTHETIC_DEMO_DATA
3461,Kerala Coast,9.98073,76.37886,2026-02-25 03:04:21,0.522,0.524,0.5,0.507,MEDIUM,SYNTHETIC_DEMO_DATA
3462,Lakshadweep,10.42764,72.44172,2026-02-25 05:59:12,0.504,0.634,0.626,0.392,MEDIUM,SYNTHETIC_DEMO_DATA
3463,Andaman & Nicobar,11.56331,92.62334,2026-02-25 08:54:03,0.412,0.74,0.656,0.316,MEDIUM,SYNTHETIC_DEMO_DATA
3464,Sundarbans,22.06327,89.24321,2026-02-25 11:48:54,0.561,0.69,0.572,0.443,MEDIUM,SYNTHETIC_DEMO_DATA
3465,Chennai Coast,12.97266,80.73541,2026-02-25 14:43:45,0.191,0.676,0.742,0.265,LOW,SYNTHETIC_DEMO_DATA
3466,Goa Coast,15.43211,74.13895,2026-02-25 17:38:36,0.566,0.785,0.775,0.349,MEDIUM,SYNTHETIC_DEMO_DATA
3467,Mumbai Coast,18.61206,73.11147,2026-02-25 20:33:27,0.577,0.627,0.606,0.429,MEDIUM,SYNTHETIC_DEMO_DATA
3468,Visakhapatnam,18.04121,83.48844,2026-02-25 23:28:18,0.398,0.653,0.551,0.387,MEDIUM,SYNTHETIC_DEMO_DATA
3469,Mumbai Coast,18.94701,72.67064,2026-02-26 02:23:09,0.36,0.638,0.763,0.294,LOW,SYNTHETIC_DEMO_DATA
3470,Andaman & Nicobar,11.75817,93.05283,2026-02-26 05:18:00,0.384,0.69,0.64,0.284,LOW,SYNTHETIC_DEMO_DATA
3471,Visakhapatnam,17.94718,83.25728,2026-02-26 08:12:51,0.536,0.765,0.634,0.36,MEDIUM,SYNTHETIC_DEMO_DATA
3472,Goa Coast,15.32773,73.72587,2026-02-26 11:07:43,0.31,0.764,0.795,0.174,LOW,SYNTHETIC_DEMO_DATA
3473,Goa Coast,15.62973,73.5858,2026-02-26 14:02:34,0.541,0.66,0.618,0.39,MEDIUM,SYNTHETIC_DEMO_DATA
3474,Andaman & Nicobar,11.74676,92.64533,2026-02-26 16:57:25,0.321,0.714,0.738,0.288,LOW,SYNTHETIC_DEMO_DATA
3475,Visakhapatnam,17.4251,83.02586,2026-02-26 19:52:16,0.497,0.607,0.721,0.303,MEDIUM,SYNTHETIC_DEMO_DATA
3476,Visakhapatnam,17.59014,83.14435,2026-02-26 22:47:07,0.451,0.745,0.634,0.169,LOW,SYNTHETIC_DEMO_DATA
3477,Mumbai Coast,18.85066,72.78322,2026-02-27 01:41:58,0.45,0.586,0.701,0.402,MEDIUM,SYNTHETIC_DEMO_DATA
3478,Mumbai Coast,19.01667,72.65001,2026-02-27 04:36:49,0.444,0.626,0.511,0.452,MEDIUM,SYNTHETIC_DEMO_DATA
3479,Kerala Coast,9.90589,76.14301,2026-02-27 07:31:40,0.466,0.516,0.639,0.51,MEDIUM,SYNTHETIC_DEMO_DATA
3480,Goa Coast,16.0552,73.89411,2026-02-27 10:26:31,0.494,0.684,0.679,0.395,MEDIUM,SYNTHETIC_DEMO_DATA
3481,Goa Coast,15.55419,73.73052,2026-02-27 13:21:22,0.461,0.568,0.567,0.371,MEDIUM,SYNTHETIC_DEMO_DATA
3482,Visakhapatnam,17.87363,83.15246,2026-02-27 16:16:13,0.318,0.645,0.825,0.206,LOW,SYNTHETIC_DEMO_DATA
3483,Goa Coast,15.24698,73.79122,2026-02-27 19:11:04,0.52,0.737,0.709,0.309,MEDIUM,SYNTHETIC_DEMO_DATA
3484,Visakhapatnam,17.73986,82.78569,2026-02-27 22:05:55,0.379,0.6,0.718,0.215,LOW,SYNTHETIC_DEMO_DATA
3485,Kerala Coast,10.03034,75.97088,2026-02-28 01:00:46,0.515,0.546,0.664,0.415,MEDIUM,SYNTHETIC_DEMO_DATA
3486,Sundarbans,22.19085,88.98008,2026-02-28 03:55:37,0.371,0.64,0.606,0.341,MEDIUM,SYNTHETIC_DEMO_DATA
3487,Chennai Coast,12.82502,80.19437,2026-02-28 06:50:28,0.332,0.702,0.778,0.249,LOW,SYNTHETIC_DEMO_DATA
3488,Lakshadweep,10.56009,72.50356,2026-02-28 09:45:19,0.399,0.713,0.621,0.318,MEDIUM,SYNTHETIC_DEMO_DATA
3489,Kerala Coast,9.53129,76.22643,2026-02-28 12:40:11,0.426,0.591,0.608,0.434,MEDIUM,SYNTHETIC_DEMO_DATA
3490,Goa Coast,15.36334,73.88357,2026-02-28 15:35:02,0.49,0.562,0.656,0.322,MEDIUM,SYNTHETIC_DEMO_DATA
3491,Odisha Coast,19.82978,85.8411,2026-02-28 18:29:53,0.421,0.786,0.634,0.392,MEDIUM,SYNTHETIC_DEMO_DATA
3492,Gujarat Coast,22.28517,69.65323,2026-02-28 21:24:44,0.353,0.532,0.683,0.441,MEDIUM,SYNTHETIC_DEMO_DATA
3493,Chennai Coast,12.90319,80.3748,2026-03-01 00:19:35,0.493,0.66,0.717,0.425,MEDIUM,SYNTHETIC_DEMO_DATA
3494,Goa Coast,15.49309,73.73155,2026-03-01 03:14:26,0.264,0.595,0.549,0.405,MEDIUM,SYNTHETIC_DEMO_DATA
3495,Lakshadweep,10.27415,72.75752,2026-03-01 06:09:17,0.399,0.576,0.757,0.221,LOW,SYNTHETIC_DEMO_DATA
3496,Mumbai Coast,19.00821,73.01192,2026-03-01 09:04:08,0.315,0.567,0.722,0.303,MEDIUM,SYNTHETIC_DEMO_DATA
3497,Odisha Coast,19.93582,85.91874,2026-03-01 11:58:59,0.598,0.741,0.611,0.397,MEDIUM,SYNTHETIC_DEMO_DATA
3498,Kerala Coast,10.20106,75.97017,2026-03-01 14:53:50,0.362,0.674,0.601,0.373,MEDIUM,SYNTHETIC_DEMO_DATA
3499,Odisha Coast,19.86451,86.12302,2026-03-01 17:48:41,0.301,0.714,0.807,0.285,LOW,SYNTHETIC_DEMO_DATA
3500,Kerala Coast,9.82715,76.28422,2026-03-01 20:43:32,0.53,0.8,0.863,0.257,LOW,SYNTHETIC_DEMO_DATA
3501,Sundarbans,21.64277,89.04889,2026-03-01 23:38:23,0.446,0.604,0.722,0.301,MEDIUM,SYNTHETIC_DEMO_DATA
3502,Gujarat Coast,22.00548,69.5896,2026-03-02 02:33:14,0.307,0.594,0.538,0.532,MEDIUM,SYNTHETIC_DEMO_DATA
3503,Chennai Coast,13.22833,80.10023,2026-03-02 05:28:05,0.525,0.699,0.619,0.241,LOW,SYNTHETIC_DEMO_DATA
3504,Visakhapatnam,17.44285,83.35194,2026-03-02 08:22:56,0.352,0.84,0.661,0.353,MEDIUM,SYNTHETIC_DEMO_DATA
3505,Sundarbans,22.07993,89.3275,2026-03-02 11:17:47,0.401,0.893,0.54,0.27,LOW,SYNTHETIC_DEMO_DATA
3506,Andaman & Nicobar,11.25338,92.34341,2026-03-02 14:12:39,0.154,0.702,0.771,0.176,LOW,SYNTHETIC_DEMO_DATA
3507,Andaman & Nicobar,11.54942,92.81832,2026-03-02 17:07:30,0.553,0.687,0.714,0.491,MEDIUM,SYNTHETIC_DEMO_DATA
3508,Andaman & Nicobar,11.84127,92.61125,2026-03-02 20:02:21,0.498,0.785,0.717,0.26,LOW,SYNTHETIC_DEMO_DATA
3509,Sundarbans,22.17284,89.41316,2026-03-02 22:57:12,0.669,0.651,0.602,0.481,MEDIUM,SYNTHETIC_DEMO_DATA
3510,Chennai Coast,13.04985,80.31241,2026-03-03 01:52:03,0.424,0.807,0.646,0.244,LOW,SYNTHETIC_DEMO_DATA
3511,Lakshadweep,10.47767,72.58588,2026-03-03 04:46:54,0.35,0.702,0.704,0.273,LOW,SYNTHETIC_DEMO_DATA
3512,Mumbai Coast,19.08368,72.80473,2026-03-03 07:41:45,0.434,0.566,0.515,0.354,MEDIUM,SYNTHETIC_DEMO_DATA
3513,Odisha Coast,19.69471,85.81824,2026-03-03 10:36:36,0.496,0.706,0.62,0.456,MEDIUM,SYNTHETIC_DEMO_DATA
3514,Odisha Coast,19.5163,85.92671,2026-03-03 13:31:27,0.362,0.616,0.691,0.277,LOW,SYNTHETIC_DEMO_DATA
3515,Visakhapatnam,17.89838,83.28913,2026-03-03 16:26:18,0.472,0.65,0.47,0.495,MEDIUM,SYNTHETIC_DEMO_DATA
3516,Lakshadweep,10.41685,72.18085,2026-03-03 19:21:09,0.605,0.728,0.581,0.235,LOW,SYNTHETIC_DEMO_DATA
3517,Odisha Coast,19.62481,85.65254,2026-03-03 22:16:00,0.439,0.681,0.513,0.397,MEDIUM,SYNTHETIC_DEMO_DATA
3518,Lakshadweep,10.95819,72.78018,2026-03-04 01:10:51,0.497,0.621,0.79,0.26,LOW,SYNTHETIC_DEMO_DATA
3519,Gujarat Coast,21.7766,69.64697,2026-03-04 04:05:42,0.542,0.699,0.73,0.252,LOW,SYNTHETIC_DEMO_DATA
3520,Lakshadweep,10.90626,72.53017,2026-03-04 07:00:33,0.498,0.719,0.801,0.217,LOW,SYNTHETIC_DEMO_DATA
3521,Andaman & Nicobar,11.35151,92.64583,2026-03-04 09:55:24,0.281,0.582,0.591,0.331,MEDIUM,SYNTHETIC_DEMO_DATA
3522,Chennai Coast,13.24488,80.5327,2026-03-04 12:50:15,0.38,0.47,0.566,0.541,MEDIUM,SYNTHETIC_DEMO_DATA
3523,Andaman & Nicobar,11.81931,92.72171,2026-03-04 15:45:07,0.619,0.678,0.8,0.267,LOW,SYNTHETIC_DEMO_DATA
3524,Odisha Coast,19.91542,85.89109,2026-03-04 18:39:58,0.406,0.582,0.554,0.421,MEDIUM,SYNTHETIC_DEMO_DATA
3525,Visakhapatnam,17.59638,83.3782,2026-03-04 21:34:49,0.181,0.578,0.665,0.451,MEDIUM,SYNTHETIC_DEMO_DATA
3526,Visakhapatnam,17.75925,83.45939,2026-03-05 00:29:40,0.383,0.383,0.393,0.833,CRITICAL,SYNTHETIC_DEMO_DATA
3527,Odisha Coast,20.07344,86.09073,2026-03-05 03:24:31,0.556,0.647,0.538,0.526,MEDIUM,SYNTHETIC_DEMO_DATA
3528,Sundarbans,21.9109,89.23811,2026-03-05 06:19:22,0.428,0.729,0.788,0.271,LOW,SYNTHETIC_DEMO_DATA
3529,Odisha Coast,19.44661,85.7774,2026-03-05 09:14:13,0.614,0.76,0.66,0.339,MEDIUM,SYNTHETIC_DEMO_DATA
3530,Odisha Coast,19.82931,85.72115,2026-03-05 12:09:04,0.383,0.744,0.724,0.257,LOW,SYNTHETIC_DEMO_DATA
3531,Chennai Coast,13.2817,80.71768,2026-03-05 15:03:55,0.209,0.558,0.7,0.414,MEDIUM,SYNTHETIC_DEMO_DATA
3532,Sundarbans,22.3743,89.30582,2026-03-05 17:58:46,0.496,0.602,0.583,0.532,MEDIUM,SYNTHETIC_DEMO_DATA
3533,Sundarbans,21.83838,89.40508,2026-03-05 20:53:37,0.439,0.583,0.603,0.478,MEDIUM,SYNTHETIC_DEMO_DATA
3534,Lakshadweep,10.66333,72.49423,2026-03-05 23:48:28,0.515,0.545,0.639,0.475,MEDIUM,SYNTHETIC_DEMO_DATA
3535,Sundarbans,21.71468,89.54199,2026-03-06 02:43:19,0.466,0.7,0.707,0.32,MEDIUM,SYNTHETIC_DEMO_DATA
3536,Sundarbans,21.71008,89.75993,2026-03-06 05:38:10,0.382,0.587,0.582,0.407,MEDIUM,SYNTHETIC_DEMO_DATA
3537,Sundarbans,21.81509,89.3418,2026-03-06 08:33:01,0.433,0.531,0.645,0.352,MEDIUM,SYNTHETIC_DEMO_DATA
3538,Odisha Coast,20.18127,85.9183,2026-03-06 11:27:52,0.533,0.645,0.755,0.317,MEDIUM,SYNTHETIC_DEMO_DATA
3539,Mumbai Coast,19.12443,72.81519,2026-03-06 14:22:43,0.381,0.514,0.659,0.396,MEDIUM,SYNTHETIC_DEMO_DATA
3540,Andaman & Nicobar,11.31527,92.80585,2026-03-06 17:17:35,0.254,0.506,0.586,0.447,MEDIUM,SYNTHETIC_DEMO_DATA
3541,Goa Coast,15.74856,74.02048,2026-03-06 20:12:26,0.605,0.903,0.643,0.222,LOW,SYNTHETIC_DEMO_DATA
3542,Mumbai Coast,18.6798,72.86473,2026-03-06 23:07:17,0.538,0.51,0.578,0.379,MEDIUM,SYNTHETIC_DEMO_DATA
3543,Sundarbans,21.57852,88.89133,2026-03-07 02:02:08,0.652,0.478,0.487,0.658,HIGH,SYNTHETIC_DEMO_DATA
3544,Goa Coast,15.58037,73.51151,2026-03-07 04:56:59,0.495,0.769,0.483,0.389,MEDIUM,SYNTHETIC_DEMO_DATA
3545,Sundarbans,22.14066,89.41535,2026-03-07 07:51:50,0.441,0.761,0.759,0.352,MEDIUM,SYNTHETIC_DEMO_DATA
3546,Gujarat Coast,22.34893,69.64266,2026-03-07 10:46:41,0.422,0.651,0.702,0.451,MEDIUM,SYNTHETIC_DEMO_DATA
3547,Kerala Coast,9.9996,75.87511,2026-03-07 13:41:32,0.494,0.535,0.29,0.723,HIGH,SYNTHETIC_DEMO_DATA
3548,Andaman & Nicobar,11.86241,92.48365,2026-03-07 16:36:23,0.455,0.654,0.557,0.351,MEDIUM,SYNTHETIC_DEMO_DATA
3549,Chennai Coast,13.34462,80.11127,2026-03-07 19:31:14,0.287,0.535,0.833,0.191,LOW,SYNTHETIC_DEMO_DATA
3550,Gujarat Coast,21.85525,69.74866,2026-03-07 22:26:05,0.366,0.668,0.799,0.239,LOW,SYNTHETIC_DEMO_DATA
3551,Kerala Coast,9.92003,76.2157,2026-03-08 01:20:56,0.525,0.634,0.57,0.556,MEDIUM,SYNTHETIC_DEMO_DATA
3552,Mumbai Coast,18.90006,72.73588,2026-03-08 04:15:47,0.376,0.707,0.587,0.265,LOW,SYNTHETIC_DEMO_DATA
3553,Lakshadweep,10.52528,72.88192,2026-03-08 07:10:38,0.347,0.714,0.636,0.271,LOW,SYNTHETIC_DEMO_DATA
3554,Goa Coast,15.67203,73.67079,2026-03-08 10:05:29,0.496,0.723,0.74,0.231,LOW,SYNTHETIC_DEMO_DATA
3555,Kerala Coast,9.73503,76.49662,2026-03-08 13:00:20,0.474,0.668,0.762,0.19,LOW,SYNTHETIC_DEMO_DATA
3556,Kerala Coast,9.95821,76.3857,2026-03-08 15:55:11,0.385,0.69,0.764,0.414,MEDIUM,SYNTHETIC_DEMO_DATA
3557,Goa Coast,15.67254,73.82451,2026-03-08 18:50:03,0.597,0.613,0.682,0.402,MEDIUM,SYNTHETIC_DEMO_DATA
3558,Chennai Coast,12.66529,80.59181,2026-03-08 21:44:54,0.25,0.811,0.685,0.21,LOW,SYNTHETIC_DEMO_DATA
3559,Odisha Coast,20.0493,86.05464,2026-03-09 00:39:45,0.407,0.584,0.655,0.566,MEDIUM,SYNTHETIC_DEMO_DATA
3560,Kerala Coast,10.16624,76.25737,2026-03-09 03:34:36,0.435,0.56,0.549,0.396,MEDIUM,SYNTHETIC_DEMO_DATA
3561,Sundarbans,21.88762,89.34173,2026-03-09 06:29:27,0.414,0.747,0.773,0.285,LOW,SYNTHETIC_DEMO_DATA
3562,Odisha Coast,19.99742,85.82122,2026-03-09 09:24:18,0.51,0.619,0.704,0.352,MEDIUM,SYNTHETIC_DEMO_DATA
3563,Kerala Coast,10.06152,76.33041,2026-03-09 12:19:09,0.551,0.717,0.65,0.347,MEDIUM,SYNTHETIC_DEMO_DATA
3564,Goa Coast,15.44383,73.74257,2026-03-09 15:14:00,0.402,0.752,0.767,0.203,LOW,SYNTHETIC_DEMO_DATA
3565,Goa Coast,15.08045,73.36416,2026-03-09 18:08:51,0.285,0.541,0.52,0.358,MEDIUM,SYNTHETIC_DEMO_DATA
3566,Visakhapatnam,17.38289,83.09804,2026-03-09 21:03:42,0.392,0.616,0.729,0.222,LOW,SYNTHETIC_DEMO_DATA
3567,Kerala Coast,10.13297,76.30024,2026-03-09 23:58:33,0.468,0.681,0.467,0.38,MEDIUM,SYNTHETIC_DEMO_DATA
3568,Odisha Coast,19.74935,85.67351,2026-03-10 02:53:24,0.687,0.804,0.658,0.313,MEDIUM,SYNTHETIC_DEMO_DATA
3569,Goa Coast,15.55439,73.7242,2026-03-10 05:48:15,0.326,0.692,0.669,0.289,LOW,SYNTHETIC_DEMO_DATA
3570,Visakhapatnam,17.60824,83.25268,2026-03-10 08:43:06,0.485,0.645,0.552,0.389,MEDIUM,SYNTHETIC_DEMO_DATA
3571,Goa Coast,15.19424,73.69701,2026-03-10 11:37:57,0.309,0.785,0.689,0.208,LOW,SYNTHETIC_DEMO_DATA
3572,Andaman & Nicobar,12.18397,92.53899,2026-03-10 14:32:48,0.453,0.412,0.53,0.509,MEDIUM,SYNTHETIC_DEMO_DATA
3573,Gujarat Coast,22.04267,69.38938,2026-03-10 17:27:39,0.327,0.573,0.66,0.403,MEDIUM,SYNTHETIC_DEMO_DATA
3574,Chennai Coast,13.14343,80.51638,2026-03-10 20:22:30,0.512,0.644,0.749,0.278,LOW,SYNTHETIC_DEMO_DATA
3575,Lakshadweep,10.56873,72.56979,2026-03-10 23:17:22,0.28,0.506,0.569,0.454,MEDIUM,SYNTHETIC_DEMO_DATA
3576,Gujarat Coast,22.32961,69.30904,2026-03-11 02:12:13,0.353,0.59,0.6,0.495,MEDIUM,SYNTHETIC_DEMO_DATA
3577,Gujarat Coast,22.13633,69.78294,2026-03-11 05:07:04,0.396,0.588,0.73,0.206,LOW,SYNTHETIC_DEMO_DATA
3578,Andaman & Nicobar,12.02217,92.35026,2026-03-11 08:01:55,0.685,0.688,0.639,0.263,LOW,SYNTHETIC_DEMO_DATA
3579,Andaman & Nicobar,12.02492,92.54481,2026-03-11 10:56:46,0.398,0.606,0.607,0.391,MEDIUM,SYNTHETIC_DEMO_DATA
3580,Sundarbans,21.90895,89.08711,2026-03-11 13:51:37,0.587,0.831,0.516,0.509,MEDIUM,SYNTHETIC_DEMO_DATA
3581,Andaman & Nicobar,12.06761,92.62856,2026-03-11 16:46:28,0.37,0.58,0.69,0.448,MEDIUM,SYNTHETIC_DEMO_DATA
3582,Goa Coast,15.29091,73.73721,2026-03-11 19:41:19,0.431,0.587,0.676,0.27,LOW,SYNTHETIC_DEMO_DATA
3583,Visakhapatnam,17.7646,83.01956,2026-03-11 22:36:10,0.452,0.6,0.716,0.29,LOW,SYNTHETIC_DEMO_DATA
3584,Chennai Coast,13.13712,80.19944,2026-03-12 01:31:01,0.309,0.78,0.586,0.323,MEDIUM,SYNTHETIC_DEMO_DATA
3585,Goa Coast,15.7127,73.89738,2026-03-12 04:25:52,0.424,0.759,0.687,0.253,LOW,SYNTHETIC_DEMO_DATA
3586,Visakhapatnam,17.51972,83.26022,2026-03-12 07:20:43,0.374,0.816,0.732,0.233,LOW,SYNTHETIC_DEMO_DATA
3587,Kerala Coast,9.68677,76.20138,2026-03-12 10:15:34,0.598,0.594,0.752,0.397,MEDIUM,SYNTHETIC_DEMO_DATA
3588,Gujarat Coast,22.25479,69.55249,2026-03-12 13:10:25,0.598,0.667,0.783,0.443,MEDIUM,SYNTHETIC_DEMO_DATA
3589,Gujarat Coast,22.82606,69.75567,2026-03-12 16:05:16,0.296,0.579,0.534,0.352,MEDIUM,SYNTHETIC_DEMO_DATA
3590,Lakshadweep,10.51432,72.72975,2026-03-12 19:00:07,0.512,0.581,0.576,0.319,MEDIUM,SYNTHETIC_DEMO_DATA
3591,Odisha Coast,19.62831,85.50828,2026-03-12 21:54:58,0.434,0.515,0.824,0.301,MEDIUM,SYNTHETIC_DEMO_DATA
3592,Visakhapatnam,17.72708,83.38201,2026-03-13 00:49:50,0.293,0.713,0.585,0.237,LOW,SYNTHETIC_DEMO_DATA
3593,Lakshadweep,10.7078,72.65825,2026-03-13 03:44:41,0.638,0.694,0.693,0.293,LOW,SYNTHETIC_DEMO_DATA
3594,Mumbai Coast,18.81918,72.83463,2026-03-13 06:39:32,0.664,0.645,0.395,0.514,MEDIUM,SYNTHETIC_DEMO_DATA
3595,Visakhapatnam,17.52973,83.16315,2026-03-13 09:34:23,0.399,0.531,0.501,0.409,MEDIUM,SYNTHETIC_DEMO_DATA
3596,Visakhapatnam,17.45349,83.29391,2026-03-13 12:29:14,0.609,0.741,0.644,0.274,LOW,SYNTHETIC_DEMO_DATA
3597,Chennai Coast,12.87536,80.1474,2026-03-13 15:24:05,0.241,0.659,0.535,0.38,MEDIUM,SYNTHETIC_DEMO_DATA
3598,Mumbai Coast,18.74513,72.67444,2026-03-13 18:18:56,0.414,0.549,0.694,0.272,LOW,SYNTHETIC_DEMO_DATA
3599,Visakhapatnam,17.92674,83.32121,2026-03-13 21:13:47,0.584,0.708,0.67,0.217,LOW,SYNTHETIC_DEMO_DATA
3600,Gujarat Coast,22.15116,69.35449,2026-03-14 00:08:38,0.482,0.447,0.657,0.515,MEDIUM,SYNTHETIC_DEMO_DATA
3601,Kerala Coast,9.76969,76.27831,2026-03-14 03:03:29,0.489,0.646,0.696,0.309,MEDIUM,SYNTHETIC_DEMO_DATA
3602,Gujarat Coast,22.25328,69.73225,2026-03-14 05:58:20,0.586,0.541,0.657,0.229,LOW,SYNTHETIC_DEMO_DATA
3603,Odisha Coast,19.62157,85.67982,2026-03-14 08:53:11,0.388,0.671,0.709,0.315,MEDIUM,SYNTHETIC_DEMO_DATA
3604,Gujarat Coast,22.01393,69.64356,2026-03-14 11:48:02,0.3,0.759,0.926,0.231,LOW,SYNTHETIC_DEMO_DATA
3605,Lakshadweep,10.6781,72.15756,2026-03-14 14:42:53,0.482,0.546,0.567,0.654,HIGH,SYNTHETIC_DEMO_DATA
3606,Odisha Coast,19.75026,86.0524,2026-03-14 17:37:44,0.418,0.625,0.603,0.386,MEDIUM,SYNTHETIC_DEMO_DATA
3607,Chennai Coast,12.7334,80.58988,2026-03-14 20:32:35,0.53,0.659,0.766,0.285,LOW,SYNTHETIC_DEMO_DATA
3608,Gujarat Coast,22.4105,69.88239,2026-03-14 23:27:26,0.374,0.608,0.721,0.315,MEDIUM,SYNTHETIC_DEMO_DATA
3609,Gujarat Coast,21.94104,69.37661,2026-03-15 02:22:18,0.343,0.447,0.751,0.385,MEDIUM,SYNTHETIC_DEMO_DATA
3610,Gujarat Coast,22.52208,69.64695,2026-03-15 05:17:09,0.558,0.691,0.616,0.453,MEDIUM,SYNTHETIC_DEMO_DATA
3611,Mumbai Coast,18.70114,72.76182,2026-03-15 08:12:00,0.399,0.713,0.769,0.188,LOW,SYNTHETIC_DEMO_DATA
3612,Gujarat Coast,22.10151,69.59182,2026-03-15 11:06:51,0.338,0.69,0.729,0.342,MEDIUM,SYNTHETIC_DEMO_DATA
3613,Gujarat Coast,22.08588,69.55088,2026-03-15 14:01:42,0.35,0.706,0.697,0.301,MEDIUM,SYNTHETIC_DEMO_DATA
3614,Sundarbans,22.25949,88.96618,2026-03-15 16:56:33,0.503,0.676,0.783,0.386,MEDIUM,SYNTHETIC_DEMO_DATA
3615,Goa Coast,15.42491,74.29244,2026-03-15 19:51:24,0.426,0.651,0.744,0.277,LOW,SYNTHETIC_DEMO_DATA
3616,Kerala Coast,10.04362,76.03584,2026-03-15 22:46:15,0.498,0.757,0.692,0.315,MEDIUM,SYNTHETIC_DEMO_DATA
3617,Sundarbans,21.68174,89.37595,2026-03-16 01:41:06,0.535,0.675,0.725,0.565,MEDIUM,SYNTHETIC_DEMO_DATA
3618,Kerala Coast,9.86972,76.1988,2026-03-16 04:35:57,0.515,0.894,0.689,0.308,MEDIUM,SYNTHETIC_DEMO_DATA
3619,Kerala Coast,9.86904,76.20165,2026-03-16 07:30:48,0.519,0.723,0.66,0.332,MEDIUM,SYNTHETIC_DEMO_DATA
3620,Sundarbans,21.92689,89.36936,2026-03-16 10:25:39,0.503,0.672,0.492,0.596,MEDIUM,SYNTHETIC_DEMO_DATA
3621,Lakshadweep,10.5777,72.70125,2026-03-16 13:20:30,0.425,0.69,0.844,0.149,LOW,SYNTHETIC_DEMO_DATA
3622,Visakhapatnam,17.87389,83.12018,2026-03-16 16:15:21,0.475,0.744,0.601,0.324,MEDIUM,SYNTHETIC_DEMO_DATA
3623,Chennai Coast,12.90268,80.12454,2026-03-16 19:10:12,0.491,0.638,0.729,0.254,LOW,SYNTHETIC_DEMO_DATA
3624,Kerala Coast,10.01378,76.31693,2026-03-16 22:05:03,0.607,0.574,0.534,0.479,MEDIUM,SYNTHETIC_DEMO_DATA
3625,Andaman & Nicobar,11.51447,92.92538,2026-03-17 00:59:54,0.468,0.626,0.615,0.462,MEDIUM,SYNTHETIC_DEMO_DATA
3626,Goa Coast,15.62356,73.7813,2026-03-17 03:54:46,0.102,0.526,0.685,0.322,MEDIUM,SYNTHETIC_DEMO_DATA
3627,Goa Coast,15.00048,73.62495,2026-03-17 06:49:37,0.494,0.634,0.697,0.287,LOW,SYNTHETIC_DEMO_DATA
3628,Visakhapatnam,17.70444,83.26166,2026-03-17 09:44:28,0.489,0.791,0.569,0.392,MEDIUM,SYNTHETIC_DEMO_DATA
3629,Andaman & Nicobar,11.65044,92.53771,2026-03-17 12:39:19,0.576,0.693,0.698,0.406,MEDIUM,SYNTHETIC_DEMO_DATA
3630,Andaman & Nicobar,11.69112,92.67775,2026-03-17 15:34:10,0.408,0.673,0.428,0.367,MEDIUM,SYNTHETIC_DEMO_DATA
3631,Kerala Coast,9.7561,76.13546,2026-03-17 18:29:01,0.402,0.796,0.595,0.247,LOW,SYNTHETIC_DEMO_DATA
3632,Mumbai Coast,18.6455,72.73409,2026-03-17 21:23:52,0.409,0.549,0.562,0.482,MEDIUM,SYNTHETIC_DEMO_DATA
3633,Sundarbans,21.69222,89.01729,2026-03-18 00:18:43,0.603,0.738,0.698,0.229,LOW,SYNTHETIC_DEMO_DATA
3634,Goa Coast,15.46075,73.61906,2026-03-18 03:13:34,0.313,0.663,0.652,0.185,LOW,SYNTHETIC_DEMO_DATA
3635,Lakshadweep,10.50909,72.93517,2026-03-18 06:08:25,0.292,0.792,0.674,0.292,LOW,SYNTHETIC_DEMO_DATA
3636,Kerala Coast,9.79044,76.44785,2026-03-18 09:03:16,0.446,0.73,0.654,0.378,MEDIUM,SYNTHETIC_DEMO_DATA
3637,Mumbai Coast,18.75881,73.07224,2026-03-18 11:58:07,0.698,0.614,0.549,0.536,MEDIUM,SYNTHETIC_DEMO_DATA
3638,Kerala Coast,9.77505,76.36462,2026-03-18 14:52:58,0.495,0.608,0.626,0.418,MEDIUM,SYNTHETIC_DEMO_DATA
3639,Sundarbans,21.6754,89.41045,2026-03-18 17:47:49,0.495,0.762,0.673,0.306,MEDIUM,SYNTHETIC_DEMO_DATA
3640,Gujarat Coast,22.29291,69.20643,2026-03-18 20:42:40,0.279,0.629,0.536,0.367,MEDIUM,SYNTHETIC_DEMO_DATA
3641,Goa Coast,15.2387,74.07191,2026-03-18 23:37:31,0.415,0.677,0.667,0.222,LOW,SYNTHETIC_DEMO_DATA
3642,Lakshadweep,10.39944,72.72884,2026-03-19 02:32:22,0.285,0.648,0.677,0.139,LOW,SYNTHETIC_DEMO_DATA
3643,Lakshadweep,10.66054,72.77303,2026-03-19 05:27:14,0.165,0.494,0.744,0.275,LOW,SYNTHETIC_DEMO_DATA
3644,Kerala Coast,9.67418,76.45629,2026-03-19 08:22:05,0.422,0.63,0.499,0.513,MEDIUM,SYNTHETIC_DEMO_DATA
3645,Lakshadweep,10.67579,72.71968,2026-03-19 11:16:56,0.393,0.519,0.478,0.479,MEDIUM,SYNTHETIC_DEMO_DATA
3646,Mumbai Coast,19.12303,73.03381,2026-03-19 14:11:47,0.332,0.734,0.715,0.37,MEDIUM,SYNTHETIC_DEMO_DATA
3647,Gujarat Coast,21.95145,69.54218,2026-03-19 17:06:38,0.33,0.649,0.63,0.302,MEDIUM,SYNTHETIC_DEMO_DATA
3648,Gujarat Coast,22.20586,69.69485,2026-03-19 20:01:29,0.48,0.656,0.674,0.218,LOW,SYNTHETIC_DEMO_DATA
3649,Lakshadweep,10.59486,72.44192,2026-03-19 22:56:20,0.424,0.632,0.632,0.403,MEDIUM,SYNTHETIC_DEMO_DATA
3650,Goa Coast,15.69868,73.60227,2026-03-20 01:51:11,0.262,0.611,0.622,0.427,MEDIUM,SYNTHETIC_DEMO_DATA
3651,Odisha Coast,19.64063,85.6356,2026-03-20 04:46:02,0.619,0.646,0.658,0.457,MEDIUM,SYNTHETIC_DEMO_DATA
3652,Sundarbans,21.96204,89.39259,2026-03-20 07:40:53,0.246,0.504,0.651,0.387,MEDIUM,SYNTHETIC_DEMO_DATA
3653,Kerala Coast,9.98377,76.11132,2026-03-20 10:35:44,0.728,0.701,0.61,0.506,MEDIUM,SYNTHETIC_DEMO_DATA
3654,Mumbai Coast,18.93971,72.88059,2026-03-20 13:30:35,0.523,0.725,0.743,0.279,LOW,SYNTHETIC_DEMO_DATA
3655,Gujarat Coast,22.5048,69.16966,2026-03-20 16:25:26,0.341,0.78,0.808,0.149,LOW,SYNTHETIC_DEMO_DATA
3656,Kerala Coast,9.92273,76.2152,2026-03-20 19:20:17,0.324,0.607,0.626,0.34,MEDIUM,SYNTHETIC_DEMO_DATA
3657,Mumbai Coast,18.80313,72.97191,2026-03-20 22:15:08,0.422,0.757,0.788,0.139,LOW,SYNTHETIC_DEMO_DATA
3658,Lakshadweep,10.6066,72.57704,2026-03-21 01:09:59,0.167,0.525,0.692,0.428,MEDIUM,SYNTHETIC_DEMO_DATA
3659,Chennai Coast,13.38413,79.9831,2026-03-21 04:04:50,0.269,0.631,0.644,0.327,MEDIUM,SYNTHETIC_DEMO_DATA
3660,Kerala Coast,9.93933,76.48594,2026-03-21 06:59:41,0.663,0.784,0.754,0.347,MEDIUM,SYNTHETIC_DEMO_DATA
3661,Mumbai Coast,18.79047,72.83698,2026-03-21 09:54:33,0.458,0.589,0.525,0.402,MEDIUM,SYNTHETIC_DEMO_DATA
3662,Kerala Coast,9.79911,76.59926,2026-03-21 12:49:24,0.422,0.708,0.602,0.315,MEDIUM,SYNTHETIC_DEMO_DATA
3663,Lakshadweep,10.78661,72.58758,2026-03-21 15:44:15,0.617,0.765,0.805,0.289,LOW,SYNTHETIC_DEMO_DATA
3664,Lakshadweep,10.51439,73.01346,2026-03-21 18:39:06,0.461,0.729,0.722,0.274,LOW,SYNTHETIC_DEMO_DATA
3665,Mumbai Coast,18.68606,73.10432,2026-03-21 21:33:57,0.354,0.622,0.447,0.528,MEDIUM,SYNTHETIC_DEMO_DATA
3666,Kerala Coast,10.11619,76.23995,2026-03-22 00:28:48,0.66,0.768,0.582,0.328,MEDIUM,SYNTHETIC_DEMO_DATA
3667,Mumbai Coast,19.02866,72.40396,2026-03-22 03:23:39,0.687,0.663,0.445,0.484,MEDIUM,SYNTHETIC_DEMO_DATA
3668,Odisha Coast,19.97803,86.20314,2026-03-22 06:18:30,0.485,0.561,0.502,0.528,MEDIUM,SYNTHETIC_DEMO_DATA
3669,Kerala Coast,10.23996,76.03524,2026-03-22 09:13:21,0.5,0.64,0.611,0.352,MEDIUM,SYNTHETIC_DEMO_DATA
3670,Visakhapatnam,17.90529,83.17446,2026-03-22 12:08:12,0.344,0.607,0.569,0.328,MEDIUM,SYNTHETIC_DEMO_DATA
3671,Odisha Coast,19.7135,85.85584,2026-03-22 15:03:03,0.415,0.465,0.539,0.477,MEDIUM,SYNTHETIC_DEMO_DATA
3672,Sundarbans,21.97534,89.02924,2026-03-22 17:57:54,0.467,0.622,0.487,0.541,MEDIUM,SYNTHETIC_DEMO_DATA
3673,Mumbai Coast,19.01711,73.01453,2026-03-22 20:52:45,0.327,0.636,0.624,0.279,LOW,SYNTHETIC_DEMO_DATA
3674,Sundarbans,21.83569,89.36061,2026-03-22 23:47:36,0.488,0.544,0.489,0.56,MEDIUM,SYNTHETIC_DEMO_DATA
3675,Gujarat Coast,22.49141,69.46645,2026-03-23 02:42:27,0.483,0.69,0.719,0.239,LOW,SYNTHETIC_DEMO_DATA
3676,Kerala Coast,9.77679,76.41697,2026-03-23 05:37:18,0.49,0.815,0.757,0.249,LOW,SYNTHETIC_DEMO_DATA
3677,Chennai Coast,12.84261,80.13468,2026-03-23 08:32:09,0.346,0.486,0.727,0.254,LOW,SYNTHETIC_DEMO_DATA
3678,Goa Coast,15.62677,73.95767,2026-03-23 11:27:01,0.549,0.63,0.676,0.416,MEDIUM,SYNTHETIC_DEMO_DATA
3679,Mumbai Coast,19.02121,72.9024,2026-03-23 14:21:52,0.551,0.803,0.706,0.336,MEDIUM,SYNTHETIC_DEMO_DATA
3680,Goa Coast,15.42664,73.72322,2026-03-23 17:16:43,0.529,0.629,0.665,0.219,LOW,SYNTHETIC_DEMO_DATA
3681,Goa Coast,15.61596,73.6169,2026-03-23 20:11:34,0.584,0.702,0.671,0.167,LOW,SYNTHETIC_DEMO_DATA
3682,Sundarbans,22.12266,89.2939,2026-03-23 23:06:25,0.749,0.782,0.418,0.5,MEDIUM,SYNTHETIC_DEMO_DATA
3683,Visakhapatnam,17.56633,83.25775,2026-03-24 02:01:16,0.325,0.457,0.58,0.543,MEDIUM,SYNTHETIC_DEMO_DATA
3684,Mumbai Coast,19.10113,72.81034,2026-03-24 04:56:07,0.407,0.656,0.482,0.419,MEDIUM,SYNTHETIC_DEMO_DATA
3685,Lakshadweep,10.37583,72.82451,2026-03-24 07:50:58,0.435,0.831,0.758,0.193,LOW,SYNTHETIC_DEMO_DATA
3686,Odisha Coast,19.5441,85.75706,2026-03-24 10:45:49,0.66,0.693,0.812,0.372,MEDIUM,SYNTHETIC_DEMO_DATA
3687,Odisha Coast,20.03496,85.76378,2026-03-24 13:40:40,0.36,0.624,0.676,0.437,MEDIUM,SYNTHETIC_DEMO_DATA
3688,Lakshadweep,10.24963,72.67265,2026-03-24 16:35:31,0.375,0.728,0.746,0.192,LOW,SYNTHETIC_DEMO_DATA
3689,Lakshadweep,10.68574,72.47102,2026-03-24 19:30:22,0.399,0.74,0.62,0.25,LOW,SYNTHETIC_DEMO_DATA
3690,Odisha Coast,19.68482,85.79035,2026-03-24 22:25:13,0.462,0.533,0.736,0.335,MEDIUM,SYNTHETIC_DEMO_DATA
3691,Kerala Coast,10.10791,76.19118,2026-03-25 01:20:04,0.263,0.757,0.783,0.149,LOW,SYNTHETIC_DEMO_DATA
3692,Gujarat Coast,22.33852,69.77134,2026-03-25 04:14:55,0.395,0.694,0.601,0.475,MEDIUM,SYNTHETIC_DEMO_DATA
3693,Odisha Coast,19.97111,85.7346,2026-03-25 07:09:46,0.419,0.744,0.594,0.501,MEDIUM,SYNTHETIC_DEMO_DATA
3694,Chennai Coast,12.65807,80.18472,2026-03-25 10:04:37,0.401,0.717,0.657,0.313,MEDIUM,SYNTHETIC_DEMO_DATA
3695,Chennai Coast,13.13855,80.34043,2026-03-25 12:59:29,0.328,0.531,0.361,0.587,MEDIUM,SYNTHETIC_DEMO_DATA
3696,Gujarat Coast,22.21509,69.69202,2026-03-25 15:54:20,0.449,0.748,0.787,0.278,LOW,SYNTHETIC_DEMO_DATA
3697,Chennai Coast,13.11469,79.78279,2026-03-25 18:49:11,0.569,0.756,0.591,0.2,LOW,SYNTHETIC_DEMO_DATA
3698,Kerala Coast,9.74546,76.1908,2026-03-25 21:44:02,0.562,0.662,0.711,0.294,LOW,SYNTHETIC_DEMO_DATA
3699,Visakhapatnam,17.61985,83.09175,2026-03-26 00:38:53,0.364,0.627,0.766,0.247,LOW,SYNTHETIC_DEMO_DATA
3700,Goa Coast,15.37568,74.00672,2026-03-26 03:33:44,0.581,0.542,0.463,0.551,MEDIUM,SYNTHETIC_DEMO_DATA
3701,Odisha Coast,19.96505,85.3935,2026-03-26 06:28:35,0.568,0.759,0.664,0.273,LOW,SYNTHETIC_DEMO_DATA
3702,Visakhapatnam,17.51685,83.29939,2026-03-26 09:23:26,0.564,0.607,0.679,0.3,LOW,SYNTHETIC_DEMO_DATA
3703,Visakhapatnam,17.43889,83.19444,2026-03-26 12:18:17,0.665,0.753,0.555,0.395,MEDIUM,SYNTHETIC_DEMO_DATA
3704,Lakshadweep,10.61705,72.73098,2026-03-26 15:13:08,0.396,0.605,0.583,0.351,MEDIUM,SYNTHETIC_DEMO_DATA
3705,Lakshadweep,10.56457,72.64223,2026-03-26 18:07:59,0.342,0.62,0.77,0.218,LOW,SYNTHETIC_DEMO_DATA
3706,Mumbai Coast,19.05377,72.98903,2026-03-26 21:02:50,0.575,0.59,0.375,0.643,HIGH,SYNTHETIC_DEMO_DATA
3707,Odisha Coast,19.80711,86.02362,2026-03-26 23:57:41,0.446,0.79,0.706,0.246,LOW,SYNTHETIC_DEMO_DATA
3708,Goa Coast,15.78942,73.80686,2026-03-27 02:52:32,0.366,0.53,0.585,0.431,MEDIUM,SYNTHETIC_DEMO_DATA
3709,Kerala Coast,9.92206,76.26436,2026-03-27 05:47:23,0.607,0.697,0.756,0.342,MEDIUM,SYNTHETIC_DEMO_DATA
3710,Andaman & Nicobar,11.70234,92.40842,2026-03-27 08:42:14,0.474,0.807,0.792,0.147,LOW,SYNTHETIC_DEMO_DATA
3711,Chennai Coast,12.94384,80.367,2026-03-27 11:37:05,0.403,0.576,0.434,0.529,MEDIUM,SYNTHETIC_DEMO_DATA
3712,Lakshadweep,10.49097,72.73793,2026-03-27 14:31:57,0.471,0.51,0.689,0.303,MEDIUM,SYNTHETIC_DEMO_DATA
3713,Andaman & Nicobar,11.83605,92.45854,2026-03-27 17:26:48,0.515,0.826,0.809,0.184,LOW,SYNTHETIC_DEMO_DATA
3714,Visakhapatnam,17.56703,82.72024,2026-03-27 20:21:39,0.552,0.743,0.763,0.237,LOW,SYNTHETIC_DEMO_DATA
3715,Goa Coast,15.43508,73.68851,2026-03-27 23:16:30,0.432,0.744,0.815,0.195,LOW,SYNTHETIC_DEMO_DATA
3716,Visakhapatnam,17.84497,83.25137,2026-03-28 02:11:21,0.445,0.66,0.73,0.321,MEDIUM,SYNTHETIC_DEMO_DATA
3717,Chennai Coast,13.1549,80.44643,2026-03-28 05:06:12,0.302,0.712,0.606,0.38,MEDIUM,SYNTHETIC_DEMO_DATA
3718,Visakhapatnam,17.66476,83.2894,2026-03-28 08:01:03,0.393,0.79,0.743,0.283,LOW,SYNTHETIC_DEMO_DATA
3719,Gujarat Coast,22.37249,69.95223,2026-03-28 10:55:54,0.509,0.731,0.683,0.299,LOW,SYNTHETIC_DEMO_DATA
3720,Visakhapatnam,17.67872,82.74269,2026-03-28 13:50:45,0.465,0.579,0.718,0.299,LOW,SYNTHETIC_DEMO_DATA
3721,Gujarat Coast,22.13935,70.02386,2026-03-28 16:45:36,0.434,0.68,0.522,0.504,MEDIUM,SYNTHETIC_DEMO_DATA
3722,Mumbai Coast,19.03149,72.92604,2026-03-28 19:40:27,0.397,0.35,0.626,0.557,MEDIUM,SYNTHETIC_DEMO_DATA
3723,Goa Coast,15.54405,73.86441,2026-03-28 22:35:18,0.426,0.524,0.548,0.354,MEDIUM,SYNTHETIC_DEMO_DATA
3724,Lakshadweep,10.56596,72.6205,2026-03-29 01:30:09,0.457,0.607,0.739,0.341,MEDIUM,SYNTHETIC_DEMO_DATA
3725,Sundarbans,21.86382,88.71914,2026-03-29 04:25:00,0.379,0.689,0.583,0.488,MEDIUM,SYNTHETIC_DEMO_DATA
3726,Lakshadweep,10.44006,72.6181,2026-03-29 07:19:51,0.568,0.577,0.554,0.544,MEDIUM,SYNTHETIC_DEMO_DATA
3727,Odisha Coast,20.03282,85.87118,2026-03-29 10:14:42,0.413,0.573,0.586,0.445,MEDIUM,SYNTHETIC_DEMO_DATA
3728,Mumbai Coast,19.04246,72.90581,2026-03-29 13:09:33,0.509,0.636,0.599,0.459,MEDIUM,SYNTHETIC_DEMO_DATA
3729,Chennai Coast,12.84307,80.40492,2026-03-29 16:04:25,0.193,0.532,0.654,0.343,MEDIUM,SYNTHETIC_DEMO_DATA
3730,Gujarat Coast,22.5618,69.59798,2026-03-29 18:59:16,0.665,0.608,0.537,0.478,MEDIUM,SYNTHETIC_DEMO_DATA
3731,Goa Coast,15.19625,73.91761,2026-03-29 21:54:07,0.524,0.778,0.662,0.236,LOW,SYNTHETIC_DEMO_DATA
3732,Andaman & Nicobar,12.0787,92.73209,2026-03-30 00:48:58,0.425,0.495,0.723,0.314,MEDIUM,SYNTHETIC_DEMO_DATA
3733,Kerala Coast,10.01331,76.25574,2026-03-30 03:43:49,0.253,0.628,0.677,0.223,LOW,SYNTHETIC_DEMO_DATA
3734,Lakshadweep,10.71403,72.68502,2026-03-30 06:38:40,0.405,0.78,0.638,0.326,MEDIUM,SYNTHETIC_DEMO_DATA
3735,Chennai Coast,13.20156,80.74068,2026-03-30 09:33:31,0.416,0.588,0.664,0.372,MEDIUM,SYNTHETIC_DEMO_DATA
3736,Visakhapatnam,17.68134,83.38326,2026-03-30 12:28:22,0.481,0.485,0.515,0.652,HIGH,SYNTHETIC_DEMO_DATA
3737,Chennai Coast,13.09539,80.52807,2026-03-30 15:23:13,0.478,0.694,0.748,0.33,MEDIUM,SYNTHETIC_DEMO_DATA
3738,Mumbai Coast,18.81679,72.58469,2026-03-30 18:18:04,0.439,0.661,0.635,0.364,MEDIUM,SYNTHETIC_DEMO_DATA
3739,Gujarat Coast,22.48178,69.66935,2026-03-30 21:12:55,0.408,0.652,0.658,0.374,MEDIUM,SYNTHETIC_DEMO_DATA
3740,Andaman & Nicobar,11.60433,92.53164,2026-03-31 00:07:46,0.575,0.656,0.629,0.27,LOW,SYNTHETIC_DEMO_DATA
3741,Visakhapatnam,17.67662,83.19219,2026-03-31 03:02:37,0.446,0.66,0.71,0.277,LOW,SYNTHETIC_DEMO_DATA
3742,Chennai Coast,12.90165,80.41359,2026-03-31 05:57:28,0.665,0.72,0.743,0.281,LOW,SYNTHETIC_DEMO_DATA
3743,Lakshadweep,10.48284,72.83011,2026-03-31 08:52:19,0.31,0.639,0.644,0.289,LOW,SYNTHETIC_DEMO_DATA
3744,Kerala Coast,10.03104,76.25765,2026-03-31 11:47:10,0.452,0.639,0.593,0.564,MEDIUM,SYNTHETIC_DEMO_DATA
3745,Visakhapatnam,17.51184,83.32268,2026-03-31 14:42:01,0.492,0.526,0.506,0.35,MEDIUM,SYNTHETIC_DEMO_DATA
3746,Lakshadweep,10.56138,72.29952,2026-03-31 17:36:53,0.365,0.553,0.667,0.447,MEDIUM,SYNTHETIC_DEMO_DATA
3747,Kerala Coast,10.11304,75.75792,2026-03-31 20:31:44,0.398,0.636,0.693,0.379,MEDIUM,SYNTHETIC_DEMO_DATA
3748,Lakshadweep,10.62456,72.9499,2026-03-31 23:26:35,0.768,0.739,0.675,0.266,LOW,SYNTHETIC_DEMO_DATA
3749,Lakshadweep,10.40818,72.45287,2026-04-01 02:21:26,0.55,0.804,0.806,0.227,LOW,SYNTHETIC_DEMO_DATA
3750,Lakshadweep,10.74136,72.68319,2026-04-01 05:16:17,0.403,0.747,0.731,0.21,LOW,SYNTHETIC_DEMO_DATA
3751,Mumbai Coast,19.39813,72.75641,2026-04-01 08:11:08,0.522,0.714,0.589,0.299,LOW,SYNTHETIC_DEMO_DATA
3752,Goa Coast,15.44078,73.79908,2026-04-01 11:05:59,0.409,0.693,0.753,0.278,LOW,SYNTHETIC_DEMO_DATA
3753,Lakshadweep,10.38409,72.26706,2026-04-01 14:00:50,0.4,0.519,0.701,0.428,MEDIUM,SYNTHETIC_DEMO_DATA
3754,Visakhapatnam,17.87114,83.4971,2026-04-01 16:55:41,0.312,0.669,0.668,0.309,MEDIUM,SYNTHETIC_DEMO_DATA
3755,Sundarbans,21.92367,88.99301,2026-04-01 19:50:32,0.562,0.7,0.488,0.441,MEDIUM,SYNTHETIC_DEMO_DATA
3756,Chennai Coast,12.68454,80.63318,2026-04-01 22:45:23,0.335,0.602,0.517,0.572,MEDIUM,SYNTHETIC_DEMO_DATA
3757,Gujarat Coast,22.59519,69.81651,2026-04-02 01:40:14,0.471,0.704,0.543,0.307,MEDIUM,SYNTHETIC_DEMO_DATA
3758,Mumbai Coast,19.1714,72.68959,2026-04-02 04:35:05,0.46,0.694,0.639,0.386,MEDIUM,SYNTHETIC_DEMO_DATA
3759,Sundarbans,21.88701,88.9547,2026-04-02 07:29:56,0.451,0.542,0.536,0.486,MEDIUM,SYNTHETIC_DEMO_DATA
3760,Mumbai Coast,19.23408,72.59663,2026-04-02 10:24:47,0.544,0.747,0.641,0.2,LOW,SYNTHETIC_DEMO_DATA
3761,Odisha Coast,19.94057,85.54051,2026-04-02 13:19:38,0.631,0.495,0.552,0.468,MEDIUM,SYNTHETIC_DEMO_DATA
3762,Mumbai Coast,19.24556,72.62684,2026-04-02 16:14:29,0.43,0.562,0.56,0.496,MEDIUM,SYNTHETIC_DEMO_DATA
3763,Mumbai Coast,19.23079,73.11205,2026-04-02 19:09:20,0.507,0.728,0.665,0.328,MEDIUM,SYNTHETIC_DEMO_DATA
3764,Gujarat Coast,22.35871,69.20346,2026-04-02 22:04:12,0.42,0.706,0.723,0.251,LOW,SYNTHETIC_DEMO_DATA
3765,Kerala Coast,9.81817,75.94122,2026-04-03 00:59:03,0.466,0.593,0.757,0.244,LOW,SYNTHETIC_DEMO_DATA
3766,Kerala Coast,9.9933,76.12387,2026-04-03 03:53:54,0.756,0.801,0.697,0.255,LOW,SYNTHETIC_DEMO_DATA
3767,Gujarat Coast,21.93916,69.24758,2026-04-03 06:48:45,0.303,0.492,0.593,0.615,HIGH,SYNTHETIC_DEMO_DATA
3768,Goa Coast,15.44476,73.68112,2026-04-03 09:43:36,0.327,0.607,0.56,0.377,MEDIUM,SYNTHETIC_DEMO_DATA
3769,Andaman & Nicobar,11.90989,92.51658,2026-04-03 12:38:27,0.557,0.64,0.651,0.302,MEDIUM,SYNTHETIC_DEMO_DATA
3770,Chennai Coast,13.08757,80.26215,2026-04-03 15:33:18,0.517,0.656,0.507,0.468,MEDIUM,SYNTHETIC_DEMO_DATA
3771,Kerala Coast,9.84951,76.13463,2026-04-03 18:28:09,0.435,0.693,0.719,0.271,LOW,SYNTHETIC_DEMO_DATA
3772,Chennai Coast,13.1833,80.5826,2026-04-03 21:23:00,0.27,0.705,0.637,0.384,MEDIUM,SYNTHETIC_DEMO_DATA
3773,Mumbai Coast,18.77009,72.77162,2026-04-04 00:17:51,0.598,0.791,0.832,0.253,LOW,SYNTHETIC_DEMO_DATA
3774,Odisha Coast,19.99166,85.98381,2026-04-04 03:12:42,0.342,0.62,0.682,0.261,LOW,SYNTHETIC_DEMO_DATA
3775,Kerala Coast,9.98717,76.51525,2026-04-04 06:07:33,0.611,0.651,0.836,0.335,MEDIUM,SYNTHETIC_DEMO_DATA
3776,Odisha Coast,19.61792,85.89666,2026-04-04 09:02:24,0.373,0.643,0.588,0.263,LOW,SYNTHETIC_DEMO_DATA
3777,Mumbai Coast,19.27937,73.04646,2026-04-04 11:57:15,0.505,0.586,0.647,0.394,MEDIUM,SYNTHETIC_DEMO_DATA
3778,Andaman & Nicobar,11.75907,92.45741,2026-04-04 14:52:06,0.619,0.656,0.586,0.419,MEDIUM,SYNTHETIC_DEMO_DATA
3779,Lakshadweep,10.86952,72.52575,2026-04-04 17:46:57,0.341,0.762,0.549,0.345,MEDIUM,SYNTHETIC_DEMO_DATA
3780,Kerala Coast,9.90915,76.29347,2026-04-04 20:41:48,0.432,0.66,0.785,0.353,MEDIUM,SYNTHETIC_DEMO_DATA
3781,Sundarbans,21.90647,89.42387,2026-04-04 23:36:40,0.662,0.569,0.632,0.496,MEDIUM,SYNTHETIC_DEMO_DATA
3782,Visakhapatnam,17.69288,83.14941,2026-04-05 02:31:31,0.413,0.635,0.844,0.22,LOW,SYNTHETIC_DEMO_DATA
3783,Odisha Coast,19.76879,85.8898,2026-04-05 05:26:22,0.401,0.805,0.798,0.201,LOW,SYNTHETIC_DEMO_DATA
3784,Goa Coast,15.56619,74.03974,2026-04-05 08:21:13,0.352,0.58,0.602,0.337,MEDIUM,SYNTHETIC_DEMO_DATA
3785,Lakshadweep,10.7831,72.87213,2026-04-05 11:16:04,0.44,0.772,0.635,0.209,LOW,SYNTHETIC_DEMO_DATA
3786,Mumbai Coast,19.00983,73.04169,2026-04-05 14:10:55,0.465,0.823,0.629,0.338,MEDIUM,SYNTHETIC_DEMO_DATA
3787,Odisha Coast,19.89803,85.59176,2026-04-05 17:05:46,0.572,0.711,0.816,0.185,LOW,SYNTHETIC_DEMO_DATA
3788,Sundarbans,22.00378,89.07971,2026-04-05 20:00:37,0.476,0.82,0.643,0.306,MEDIUM,SYNTHETIC_DEMO_DATA
3789,Lakshadweep,10.60671,72.4252,2026-04-05 22:55:28,0.422,0.618,0.715,0.255,LOW,SYNTHETIC_DEMO_DATA
3790,Chennai Coast,13.09118,80.0537,2026-04-06 01:50:19,0.301,0.625,0.725,0.408,MEDIUM,SYNTHETIC_DEMO_DATA
3791,Odisha Coast,19.77817,85.72589,2026-04-06 04:45:10,0.447,0.636,0.629,0.381,MEDIUM,SYNTHETIC_DEMO_DATA
3792,Odisha Coast,19.73316,85.74819,2026-04-06 07:40:01,0.359,0.778,0.767,0.306,MEDIUM,SYNTHETIC_DEMO_DATA
3793,Visakhapatnam,17.31675,83.34573,2026-04-06 10:34:52,0.494,0.577,0.605,0.429,MEDIUM,SYNTHETIC_DEMO_DATA
3794,Gujarat Coast,22.18554,69.67011,2026-04-06 13:29:43,0.307,0.577,0.62,0.443,MEDIUM,SYNTHETIC_DEMO_DATA
3795,Andaman & Nicobar,11.99485,92.35838,2026-04-06 16:24:34,0.607,0.725,0.523,0.566,MEDIUM,SYNTHETIC_DEMO_DATA
3796,Visakhapatnam,18.21207,83.57183,2026-04-06 19:19:25,0.455,0.616,0.619,0.372,MEDIUM,SYNTHETIC_DEMO_DATA
3797,Gujarat Coast,22.32923,69.68932,2026-04-06 22:14:16,0.24,0.723,0.587,0.513,MEDIUM,SYNTHETIC_DEMO_DATA
3798,Sundarbans,22.35788,88.95428,2026-04-07 01:09:08,0.712,0.751,0.906,0.222,LOW,SYNTHETIC_DEMO_DATA
3799,Sundarbans,21.84991,89.44725,2026-04-07 04:03:59,0.353,0.76,0.555,0.359,MEDIUM,SYNTHETIC_DEMO_DATA
3800,Sundarbans,22.06014,89.12064,2026-04-07 06:58:50,0.657,0.727,0.767,0.365,MEDIUM,SYNTHETIC_DEMO_DATA
3801,Lakshadweep,10.75063,72.60414,2026-04-07 09:53:41,0.649,0.732,0.607,0.332,MEDIUM,SYNTHETIC_DEMO_DATA
3802,Mumbai Coast,19.34688,72.76477,2026-04-07 12:48:32,0.635,0.571,0.736,0.469,MEDIUM,SYNTHETIC_DEMO_DATA
3803,Andaman & Nicobar,11.9314,92.82718,2026-04-07 15:43:23,0.546,0.616,0.657,0.23,LOW,SYNTHETIC_DEMO_DATA
3804,Sundarbans,22.18762,89.35694,2026-04-07 18:38:14,0.584,0.657,0.795,0.435,MEDIUM,SYNTHETIC_DEMO_DATA
3805,Sundarbans,22.05922,89.49251,2026-04-07 21:33:05,0.785,0.671,0.645,0.375,MEDIUM,SYNTHETIC_DEMO_DATA
3806,Andaman & Nicobar,11.79957,92.42236,2026-04-08 00:27:56,0.27,0.691,0.632,0.359,MEDIUM,SYNTHETIC_DEMO_DATA
3807,Odisha Coast,19.80608,85.81029,2026-04-08 03:22:47,0.484,0.564,0.659,0.365,MEDIUM,SYNTHETIC_DEMO_DATA
3808,Odisha Coast,19.83066,85.79943,2026-04-08 06:17:38,0.33,0.646,0.63,0.322,MEDIUM,SYNTHETIC_DEMO_DATA
3809,Mumbai Coast,18.8637,72.6047,2026-04-08 09:12:29,0.383,0.698,0.696,0.377,MEDIUM,SYNTHETIC_DEMO_DATA
3810,Gujarat Coast,22.36918,69.83511,2026-04-08 12:07:20,0.382,0.708,0.564,0.447,MEDIUM,SYNTHETIC_DEMO_DATA
3811,Visakhapatnam,17.19422,83.20966,2026-04-08 15:02:11,0.438,0.76,0.638,0.246,LOW,SYNTHETIC_DEMO_DATA
3812,Kerala Coast,9.88128,76.48509,2026-04-08 17:57:02,0.453,0.784,0.644,0.411,MEDIUM,SYNTHETIC_DEMO_DATA
3813,Gujarat Coast,22.34014,69.68439,2026-04-08 20:51:53,0.275,0.52,0.749,0.282,LOW,SYNTHETIC_DEMO_DATA
3814,Kerala Coast,10.08749,76.37351,2026-04-08 23:46:44,0.58,0.511,0.6,0.53,MEDIUM,SYNTHETIC_DEMO_DATA
3815,Chennai Coast,13.02408,80.14856,2026-04-09 02:41:36,0.376,0.441,0.643,0.648,HIGH,SYNTHETIC_DEMO_DATA
3816,Sundarbans,21.8658,89.19621,2026-04-09 05:36:27,0.695,0.766,0.652,0.412,MEDIUM,SYNTHETIC_DEMO_DATA
3817,Kerala Coast,9.93505,76.11255,2026-04-09 08:31:18,0.643,0.573,0.519,0.398,MEDIUM,SYNTHETIC_DEMO_DATA
3818,Andaman & Nicobar,11.95107,92.77604,2026-04-09 11:26:09,0.622,0.765,0.681,0.309,MEDIUM,SYNTHETIC_DEMO_DATA
3819,Gujarat Coast,22.10662,69.41774,2026-04-09 14:21:00,0.397,0.555,0.62,0.479,MEDIUM,SYNTHETIC_DEMO_DATA
3820,Andaman & Nicobar,11.24916,92.66549,2026-04-09 17:15:51,0.736,0.745,0.636,0.281,LOW,SYNTHETIC_DEMO_DATA
3821,Odisha Coast,19.71719,85.7249,2026-04-09 20:10:42,0.525,0.759,0.714,0.326,MEDIUM,SYNTHETIC_DEMO_DATA
3822,Sundarbans,22.24289,89.00043,2026-04-09 23:05:33,0.596,0.512,0.669,0.425,MEDIUM,SYNTHETIC_DEMO_DATA
3823,Mumbai Coast,19.15111,72.59748,2026-04-10 02:00:24,0.444,0.691,0.607,0.471,MEDIUM,SYNTHETIC_DEMO_DATA
3824,Odisha Coast,19.88233,86.02491,2026-04-10 04:55:15,0.514,0.573,0.663,0.334,MEDIUM,SYNTHETIC_DEMO_DATA
3825,Mumbai Coast,19.16317,72.52043,2026-04-10 07:50:06,0.547,0.789,0.625,0.247,LOW,SYNTHETIC_DEMO_DATA
3826,Lakshadweep,10.53728,72.52284,2026-04-10 10:44:57,0.287,0.508,0.61,0.301,MEDIUM,SYNTHETIC_DEMO_DATA
3827,Chennai Coast,13.226,80.56694,2026-04-10 13:39:48,0.368,0.748,0.74,0.239,LOW,SYNTHETIC_DEMO_DATA
3828,Mumbai Coast,18.80658,72.80903,2026-04-10 16:34:39,0.427,0.739,0.623,0.419,MEDIUM,SYNTHETIC_DEMO_DATA
3829,Gujarat Coast,22.10262,69.51106,2026-04-10 19:29:30,0.425,0.837,0.776,0.213,LOW,SYNTHETIC_DEMO_DATA
3830,Odisha Coast,20.24282,85.87128,2026-04-10 22:24:21,0.372,0.518,0.665,0.408,MEDIUM,SYNTHETIC_DEMO_DATA
3831,Andaman & Nicobar,11.76914,92.48185,2026-04-11 01:19:12,0.301,0.748,0.652,0.253,LOW,SYNTHETIC_DEMO_DATA
3832,Visakhapatnam,17.50782,83.16738,2026-04-11 04:14:04,0.464,0.629,0.78,0.288,LOW,SYNTHETIC_DEMO_DATA
3833,Andaman & Nicobar,11.65383,92.07787,2026-04-11 07:08:55,0.433,0.782,0.701,0.235,LOW,SYNTHETIC_DEMO_DATA
3834,Gujarat Coast,22.27738,69.49415,2026-04-11 10:03:46,0.519,0.764,0.715,0.299,LOW,SYNTHETIC_DEMO_DATA
3835,Odisha Coast,19.85565,85.84844,2026-04-11 12:58:37,0.51,0.587,0.762,0.321,MEDIUM,SYNTHETIC_DEMO_DATA
3836,Goa Coast,15.52936,73.9076,2026-04-11 15:53:28,0.38,0.686,0.72,0.427,MEDIUM,SYNTHETIC_DEMO_DATA
3837,Odisha Coast,20.09556,85.91655,2026-04-11 18:48:19,0.369,0.512,0.635,0.501,MEDIUM,SYNTHETIC_DEMO_DATA
3838,Mumbai Coast,19.11315,73.0621,2026-04-11 21:43:10,0.492,0.697,0.634,0.279,LOW,SYNTHETIC_DEMO_DATA
3839,Lakshadweep,10.90227,72.50268,2026-04-12 00:38:01,0.446,0.649,0.591,0.273,LOW,SYNTHETIC_DEMO_DATA
3840,Lakshadweep,10.69821,72.69491,2026-04-12 03:32:52,0.388,0.686,0.571,0.276,LOW,SYNTHETIC_DEMO_DATA
3841,Andaman & Nicobar,11.35473,92.5052,2026-04-12 06:27:43,0.462,0.824,0.467,0.335,MEDIUM,SYNTHETIC_DEMO_DATA
3842,Kerala Coast,9.94617,75.76122,2026-04-12 09:22:34,0.701,0.595,0.746,0.324,MEDIUM,SYNTHETIC_DEMO_DATA
3843,Mumbai Coast,19.02755,72.94638,2026-04-12 12:17:25,0.582,0.762,0.768,0.248,LOW,SYNTHETIC_DEMO_DATA
3844,Chennai Coast,13.09402,80.60176,2026-04-12 15:12:16,0.452,0.713,0.8,0.165,LOW,SYNTHETIC_DEMO_DATA
3845,Lakshadweep,10.19347,72.7981,2026-04-12 18:07:07,0.346,0.722,0.857,0.179,LOW,SYNTHETIC_DEMO_DATA
3846,Kerala Coast,9.99454,76.50503,2026-04-12 21:01:58,0.353,0.757,0.645,0.209,LOW,SYNTHETIC_DEMO_DATA
3847,Goa Coast,15.4025,73.69334,2026-04-12 23:56:49,0.525,0.568,0.587,0.344,MEDIUM,SYNTHETIC_DEMO_DATA
3848,Chennai Coast,13.1993,80.11051,2026-04-13 02:51:40,0.483,0.543,0.584,0.392,MEDIUM,SYNTHETIC_DEMO_DATA
3849,Goa Coast,15.67926,73.98862,2026-04-13 05:46:31,0.46,0.623,0.708,0.324,MEDIUM,SYNTHETIC_DEMO_DATA
3850,Visakhapatnam,17.97699,83.3011,2026-04-13 08:41:23,0.458,0.78,0.731,0.24,LOW,SYNTHETIC_DEMO_DATA
3851,Goa Coast,15.36626,73.797,2026-04-13 11:36:14,0.502,0.524,0.814,0.24,LOW,SYNTHETIC_DEMO_DATA
3852,Sundarbans,21.84371,89.06089,2026-04-13 14:31:05,0.836,0.643,0.673,0.473,MEDIUM,SYNTHETIC_DEMO_DATA
3853,Odisha Coast,19.7445,85.70216,2026-04-13 17:25:56,0.474,0.562,0.591,0.319,MEDIUM,SYNTHETIC_DEMO_DATA
3854,Chennai Coast,12.79977,80.36202,2026-04-13 20:20:47,0.391,0.612,0.623,0.353,MEDIUM,SYNTHETIC_DEMO_DATA
3855,Kerala Coast,10.12618,76.17053,2026-04-13 23:15:38,0.45,0.653,0.524,0.47,MEDIUM,SYNTHETIC_DEMO_DATA
3856,Goa Coast,15.38206,73.87303,2026-04-14 02:10:29,0.47,0.556,0.522,0.353,MEDIUM,SYNTHETIC_DEMO_DATA
3857,Chennai Coast,13.13986,80.22979,2026-04-14 05:05:20,0.369,0.776,0.803,0.151,LOW,SYNTHETIC_DEMO_DATA
3858,Sundarbans,21.85986,89.14477,2026-04-14 08:00:11,0.612,0.663,0.604,0.468,MEDIUM,SYNTHETIC_DEMO_DATA
3859,Chennai Coast,13.15057,80.32379,2026-04-14 10:55:02,0.481,0.641,0.637,0.391,MEDIUM,SYNTHETIC_DEMO_DATA
3860,Kerala Coast,9.79371,75.78781,2026-04-14 13:49:53,0.438,0.776,0.726,0.258,LOW,SYNTHETIC_DEMO_DATA
3861,Mumbai Coast,19.05291,72.48514,2026-04-14 16:44:44,0.433,0.604,0.569,0.56,MEDIUM,SYNTHETIC_DEMO_DATA
3862,Gujarat Coast,22.34856,69.54977,2026-04-14 19:39:35,0.341,0.658,0.708,0.314,MEDIUM,SYNTHETIC_DEMO_DATA
3863,Visakhapatnam,17.24883,82.9665,2026-04-14 22:34:26,0.448,0.766,0.708,0.262,LOW,SYNTHETIC_DEMO_DATA
3864,Gujarat Coast,22.33792,69.32112,2026-04-15 01:29:17,0.279,0.706,0.706,0.271,LOW,SYNTHETIC_DEMO_DATA
3865,Gujarat Coast,22.13534,69.83075,2026-04-15 04:24:08,0.48,0.695,0.594,0.288,LOW,SYNTHETIC_DEMO_DATA
3866,Goa Coast,15.70096,73.73817,2026-04-15 07:18:59,0.348,0.703,0.765,0.217,LOW,SYNTHETIC_DEMO_DATA
3867,Mumbai Coast,18.80267,72.55047,2026-04-15 10:13:51,0.545,0.779,0.592,0.284,LOW,SYNTHETIC_DEMO_DATA
3868,Andaman & Nicobar,11.58517,92.66303,2026-04-15 13:08:42,0.463,0.596,0.643,0.349,MEDIUM,SYNTHETIC_DEMO_DATA
3869,Visakhapatnam,17.79683,83.08274,2026-04-15 16:03:33,0.517,0.689,0.586,0.329,MEDIUM,SYNTHETIC_DEMO_DATA
3870,Goa Coast,15.45575,74.02769,2026-04-15 18:58:24,0.375,0.557,0.482,0.457,MEDIUM,SYNTHETIC_DEMO_DATA
3871,Sundarbans,21.99203,89.33489,2026-04-15 21:53:15,0.582,0.585,0.641,0.348,MEDIUM,SYNTHETIC_DEMO_DATA
3872,Odisha Coast,19.56683,85.79224,2026-04-16 00:48:06,0.505,0.678,0.608,0.355,MEDIUM,SYNTHETIC_DEMO_DATA
3873,Andaman & Nicobar,11.72714,92.61197,2026-04-16 03:42:57,0.482,0.547,0.609,0.325,MEDIUM,SYNTHETIC_DEMO_DATA
3874,Kerala Coast,9.7417,76.22832,2026-04-16 06:37:48,0.429,0.624,0.544,0.387,MEDIUM,SYNTHETIC_DEMO_DATA
3875,Gujarat Coast,22.44701,69.48942,2026-04-16 09:32:39,0.447,0.686,0.737,0.297,LOW,SYNTHETIC_DEMO_DATA
3876,Gujarat Coast,22.48872,69.30721,2026-04-16 12:27:30,0.499,0.88,0.705,0.187,LOW,SYNTHETIC_DEMO_DATA
3877,Gujarat Coast,22.48184,69.49452,2026-04-16 15:22:21,0.37,0.651,0.738,0.263,LOW,SYNTHETIC_DEMO_DATA
3878,Visakhapatnam,17.52493,83.22145,2026-04-16 18:17:12,0.443,0.75,0.757,0.405,MEDIUM,SYNTHETIC_DEMO_DATA
3879,Odisha Coast,19.84606,85.87567,2026-04-16 21:12:03,0.481,0.609,0.627,0.281,LOW,SYNTHETIC_DEMO_DATA
3880,Sundarbans,21.8048,88.93742,2026-04-17 00:06:54,0.433,0.781,0.676,0.297,LOW,SYNTHETIC_DEMO_DATA
3881,Andaman & Nicobar,11.96977,92.04346,2026-04-17 03:01:45,0.392,0.753,0.697,0.279,LOW,SYNTHETIC_DEMO_DATA
3882,Visakhapatnam,17.69332,83.36362,2026-04-17 05:56:36,0.451,0.671,0.684,0.302,MEDIUM,SYNTHETIC_DEMO_DATA
3883,Mumbai Coast,19.10623,72.78393,2026-04-17 08:51:27,0.418,0.69,0.756,0.384,MEDIUM,SYNTHETIC_DEMO_DATA
3884,Kerala Coast,9.72528,76.54736,2026-04-17 11:46:19,0.609,0.701,0.676,0.315,MEDIUM,SYNTHETIC_DEMO_DATA
3885,Odisha Coast,19.76685,85.45203,2026-04-17 14:41:10,0.463,0.602,0.739,0.341,MEDIUM,SYNTHETIC_DEMO_DATA
3886,Kerala Coast,9.93172,76.09825,2026-04-17 17:36:01,0.41,0.714,0.597,0.303,MEDIUM,SYNTHETIC_DEMO_DATA
3887,Sundarbans,21.91869,88.7516,2026-04-17 20:30:52,0.554,0.749,0.533,0.591,MEDIUM,SYNTHETIC_DEMO_DATA
3888,Odisha Coast,19.88493,85.73272,2026-04-17 23:25:43,0.376,0.632,0.516,0.504,MEDIUM,SYNTHETIC_DEMO_DATA
3889,Odisha Coast,19.84935,85.74606,2026-04-18 02:20:34,0.425,0.767,0.497,0.489,MEDIUM,SYNTHETIC_DEMO_DATA
3890,Andaman & Nicobar,11.80567,93.07314,2026-04-18 05:15:25,0.499,0.794,0.604,0.297,LOW,SYNTHETIC_DEMO_DATA
3891,Mumbai Coast,18.75284,72.72281,2026-04-18 08:10:16,0.531,0.866,0.628,0.382,MEDIUM,SYNTHETIC_DEMO_DATA
3892,Lakshadweep,10.97095,72.26692,2026-04-18 11:05:07,0.32,0.611,0.614,0.361,MEDIUM,SYNTHETIC_DEMO_DATA
3893,Kerala Coast,9.86686,76.09619,2026-04-18 13:59:58,0.514,0.474,0.701,0.354,MEDIUM,SYNTHETIC_DEMO_DATA
3894,Visakhapatnam,18.15899,83.61779,2026-04-18 16:54:49,0.299,0.729,0.599,0.448,MEDIUM,SYNTHETIC_DEMO_DATA
3895,Gujarat Coast,21.94696,69.83654,2026-04-18 19:49:40,0.43,0.587,0.658,0.336,MEDIUM,SYNTHETIC_DEMO_DATA
3896,Lakshadweep,10.21883,72.71475,2026-04-18 22:44:31,0.571,0.55,0.525,0.454,MEDIUM,SYNTHETIC_DEMO_DATA
3897,Mumbai Coast,18.8143,72.98434,2026-04-19 01:39:22,0.478,0.61,0.683,0.381,MEDIUM,SYNTHETIC_DEMO_DATA
3898,Sundarbans,21.62962,89.22614,2026-04-19 04:34:13,0.363,0.647,0.592,0.511,MEDIUM,SYNTHETIC_DEMO_DATA
3899,Chennai Coast,13.3413,79.92448,2026-04-19 07:29:04,0.47,0.738,0.601,0.276,LOW,SYNTHETIC_DEMO_DATA
3900,Lakshadweep,10.68177,72.76892,2026-04-19 10:23:55,0.388,0.713,0.71,0.257,LOW,SYNTHETIC_DEMO_DATA
3901,Mumbai Coast,18.96929,73.05478,2026-04-19 13:18:47,0.382,0.66,0.696,0.38,MEDIUM,SYNTHETIC_DEMO_DATA
3902,Lakshadweep,10.64738,72.55321,2026-04-19 16:13:38,0.469,0.838,0.653,0.298,LOW,SYNTHETIC_DEMO_DATA
3903,Mumbai Coast,18.88955,73.05843,2026-04-19 19:08:29,0.592,0.742,0.64,0.386,MEDIUM,SYNTHETIC_DEMO_DATA
3904,Sundarbans,21.44325,89.25823,2026-04-19 22:03:20,0.559,0.752,0.799,0.376,MEDIUM,SYNTHETIC_DEMO_DATA
3905,Andaman & Nicobar,11.23863,92.70299,2026-04-20 00:58:11,0.307,0.721,0.749,0.164,LOW,SYNTHETIC_DEMO_DATA
3906,Goa Coast,15.19108,73.92788,2026-04-20 03:53:02,0.571,0.622,0.639,0.322,MEDIUM,SYNTHETIC_DEMO_DATA
3907,Goa Coast,15.57584,74.09727,2026-04-20 06:47:53,0.421,0.687,0.74,0.302,MEDIUM,SYNTHETIC_DEMO_DATA
3908,Lakshadweep,10.44137,72.59945,2026-04-20 09:42:44,0.236,0.668,0.611,0.398,MEDIUM,SYNTHETIC_DEMO_DATA
3909,Odisha Coast,19.68882,85.89525,2026-04-20 12:37:35,0.296,0.513,0.482,0.443,MEDIUM,SYNTHETIC_DEMO_DATA
3910,Lakshadweep,10.77378,72.5565,2026-04-20 15:32:26,0.528,0.535,0.61,0.463,MEDIUM,SYNTHETIC_DEMO_DATA
3911,Visakhapatnam,17.75295,83.28691,2026-04-20 18:27:17,0.417,0.728,0.769,0.225,LOW,SYNTHETIC_DEMO_DATA
3912,Lakshadweep,10.29089,72.85409,2026-04-20 21:22:08,0.213,0.816,0.722,0.213,LOW,SYNTHETIC_DEMO_DATA
3913,Odisha Coast,20.02635,85.99128,2026-04-21 00:16:59,0.469,0.813,0.697,0.321,MEDIUM,SYNTHETIC_DEMO_DATA
3914,Mumbai Coast,19.06512,72.3569,2026-04-21 03:11:50,0.41,0.666,0.703,0.479,MEDIUM,SYNTHETIC_DEMO_DATA
3915,Goa Coast,15.75074,73.87229,2026-04-21 06:06:41,0.572,0.808,0.778,0.296,LOW,SYNTHETIC_DEMO_DATA
3916,Sundarbans,21.96885,89.46007,2026-04-21 09:01:32,0.659,0.724,0.827,0.212,LOW,SYNTHETIC_DEMO_DATA
3917,Sundarbans,21.68515,89.17807,2026-04-21 11:56:23,0.484,0.637,0.558,0.43,MEDIUM,SYNTHETIC_DEMO_DATA
3918,Andaman & Nicobar,11.68418,92.62167,2026-04-21 14:51:15,0.59,0.634,0.544,0.373,MEDIUM,SYNTHETIC_DEMO_DATA
3919,Sundarbans,21.49924,88.83872,2026-04-21 17:46:06,0.475,0.824,0.671,0.284,LOW,SYNTHETIC_DEMO_DATA
3920,Gujarat Coast,22.34623,69.47367,2026-04-21 20:40:57,0.519,0.705,0.922,0.302,MEDIUM,SYNTHETIC_DEMO_DATA
3921,Lakshadweep,10.99126,72.55949,2026-04-21 23:35:48,0.305,0.651,0.885,0.3,LOW,SYNTHETIC_DEMO_DATA
3922,Gujarat Coast,22.3563,69.21952,2026-04-22 02:30:39,0.288,0.551,0.66,0.524,MEDIUM,SYNTHETIC_DEMO_DATA
3923,Kerala Coast,10.05117,76.39124,2026-04-22 05:25:30,0.693,0.844,0.82,0.263,LOW,SYNTHETIC_DEMO_DATA
3924,Kerala Coast,9.78382,76.2531,2026-04-22 08:20:21,0.357,0.598,0.645,0.338,MEDIUM,SYNTHETIC_DEMO_DATA
3925,Gujarat Coast,22.45092,69.60177,2026-04-22 11:15:12,0.257,0.678,0.647,0.419,MEDIUM,SYNTHETIC_DEMO_DATA
3926,Mumbai Coast,18.84022,72.9979,2026-04-22 14:10:03,0.653,0.642,0.574,0.488,MEDIUM,SYNTHETIC_DEMO_DATA
3927,Mumbai Coast,18.87225,72.67688,2026-04-22 17:04:54,0.382,0.579,0.722,0.298,LOW,SYNTHETIC_DEMO_DATA
3928,Odisha Coast,19.88673,85.6211,2026-04-22 19:59:45,0.319,0.643,0.698,0.456,MEDIUM,SYNTHETIC_DEMO_DATA
3929,Gujarat Coast,22.16059,69.65132,2026-04-22 22:54:36,0.52,0.772,0.7,0.188,LOW,SYNTHETIC_DEMO_DATA
3930,Goa Coast,15.28556,73.829,2026-04-23 01:49:27,0.392,0.561,0.511,0.472,MEDIUM,SYNTHETIC_DEMO_DATA
3931,Goa Coast,15.65636,73.80427,2026-04-23 04:44:18,0.483,0.774,0.725,0.256,LOW,SYNTHETIC_DEMO_DATA
3932,Sundarbans,21.91655,89.23156,2026-04-23 07:39:09,0.582,0.696,0.601,0.486,MEDIUM,SYNTHETIC_DEMO_DATA
3933,Goa Coast,14.9022,73.92755,2026-04-23 10:34:00,0.452,0.648,0.584,0.343,MEDIUM,SYNTHETIC_DEMO_DATA
3934,Goa Coast,15.17825,73.869,2026-04-23 13:28:51,0.592,0.601,0.549,0.405,MEDIUM,SYNTHETIC_DEMO_DATA
3935,Odisha Coast,19.60376,86.08023,2026-04-23 16:23:43,0.507,0.721,0.612,0.493,MEDIUM,SYNTHETIC_DEMO_DATA
3936,Andaman & Nicobar,11.83662,92.84739,2026-04-23 19:18:34,0.422,0.747,0.863,0.224,LOW,SYNTHETIC_DEMO_DATA
3937,Mumbai Coast,18.64815,72.72173,2026-04-23 22:13:25,0.462,0.699,0.539,0.395,MEDIUM,SYNTHETIC_DEMO_DATA
3938,Kerala Coast,9.58246,76.08201,2026-04-24 01:08:16,0.62,0.551,0.604,0.478,MEDIUM,SYNTHETIC_DEMO_DATA
3939,Goa Coast,15.24408,73.47039,2026-04-24 04:03:07,0.481,0.498,0.623,0.376,MEDIUM,SYNTHETIC_DEMO_DATA
3940,Mumbai Coast,19.19779,72.78749,2026-04-24 06:57:58,0.375,0.691,0.722,0.259,LOW,SYNTHETIC_DEMO_DATA
3941,Mumbai Coast,19.25011,72.99221,2026-04-24 09:52:49,0.238,0.537,0.688,0.388,MEDIUM,SYNTHETIC_DEMO_DATA
3942,Chennai Coast,12.97288,80.28476,2026-04-24 12:47:40,0.444,0.735,0.898,0.179,LOW,SYNTHETIC_DEMO_DATA
3943,Lakshadweep,10.64956,72.66886,2026-04-24 15:42:31,0.475,0.769,0.676,0.271,LOW,SYNTHETIC_DEMO_DATA
3944,Lakshadweep,10.43768,72.55847,2026-04-24 18:37:22,0.464,0.713,0.616,0.235,LOW,SYNTHETIC_DEMO_DATA
3945,Odisha Coast,19.82513,86.001,2026-04-24 21:32:13,0.424,0.663,0.58,0.396,MEDIUM,SYNTHETIC_DEMO_DATA
3946,Goa Coast,15.16755,73.7866,2026-04-25 00:27:04,0.438,0.592,0.563,0.314,MEDIUM,SYNTHETIC_DEMO_DATA
3947,Sundarbans,22.13578,89.18388,2026-04-25 03:21:55,0.64,0.652,0.645,0.325,MEDIUM,SYNTHETIC_DEMO_DATA
3948,Chennai Coast,13.19119,80.2291,2026-04-25 06:16:46,0.356,0.553,0.62,0.183,LOW,SYNTHETIC_DEMO_DATA
3949,Lakshadweep,10.26489,72.58308,2026-04-25 09:11:37,0.444,0.594,0.746,0.329,MEDIUM,SYNTHETIC_DEMO_DATA
3950,Odisha Coast,19.85873,85.79275,2026-04-25 12:06:28,0.564,0.613,0.669,0.405,MEDIUM,SYNTHETIC_DEMO_DATA
3951,Chennai Coast,13.22129,80.35448,2026-04-25 15:01:19,0.482,0.716,0.65,0.364,MEDIUM,SYNTHETIC_DEMO_DATA
3952,Visakhapatnam,17.84225,83.23134,2026-04-25 17:56:10,0.385,0.578,0.633,0.443,MEDIUM,SYNTHETIC_DEMO_DATA
3953,Goa Coast,15.6008,73.73538,2026-04-25 20:51:02,0.428,0.526,0.499,0.462,MEDIUM,SYNTHETIC_DEMO_DATA
3954,Kerala Coast,9.85553,76.33576,2026-04-25 23:45:53,0.601,0.525,0.619,0.53,MEDIUM,SYNTHETIC_DEMO_DATA
3955,Mumbai Coast,18.9837,72.61596,2026-04-26 02:40:44,0.576,0.634,0.606,0.337,MEDIUM,SYNTHETIC_DEMO_DATA
3956,Lakshadweep,10.70266,72.46904,2026-04-26 05:35:35,0.452,0.685,0.698,0.263,LOW,SYNTHETIC_DEMO_DATA
3957,Mumbai Coast,18.94423,73.00234,2026-04-26 08:30:26,0.334,0.641,0.692,0.304,MEDIUM,SYNTHETIC_DEMO_DATA
3958,Goa Coast,15.70208,73.81591,2026-04-26 11:25:17,0.435,0.572,0.531,0.481,MEDIUM,SYNTHETIC_DEMO_DATA
3959,Sundarbans,22.3429,89.3471,2026-04-26 14:20:08,0.549,0.559,0.705,0.27,LOW,SYNTHETIC_DEMO_DATA
3960,Visakhapatnam,17.50316,83.30009,2026-04-26 17:14:59,0.426,0.522,0.581,0.206,LOW,SYNTHETIC_DEMO_DATA
3961,Lakshadweep,10.39868,72.62595,2026-04-26 20:09:50,0.371,0.794,0.665,0.389,MEDIUM,SYNTHETIC_DEMO_DATA
3962,Andaman & Nicobar,11.62617,92.9077,2026-04-26 23:04:41,0.481,0.639,0.653,0.483,MEDIUM,SYNTHETIC_DEMO_DATA
3963,Gujarat Coast,22.13733,69.60934,2026-04-27 01:59:32,0.451,0.581,0.656,0.315,MEDIUM,SYNTHETIC_DEMO_DATA
3964,Chennai Coast,13.13944,80.1816,2026-04-27 04:54:23,0.252,0.682,0.67,0.206,LOW,SYNTHETIC_DEMO_DATA
3965,Odisha Coast,19.93763,85.80059,2026-04-27 07:49:14,0.534,0.699,0.614,0.238,LOW,SYNTHETIC_DEMO_DATA
3966,Andaman & Nicobar,11.67977,92.62837,2026-04-27 10:44:05,0.36,0.616,0.626,0.296,LOW,SYNTHETIC_DEMO_DATA
3967,Goa Coast,15.61418,74.05225,2026-04-27 13:38:56,0.273,0.694,0.719,0.29,LOW,SYNTHETIC_DEMO_DATA
3968,Visakhapatnam,17.4601,83.31466,2026-04-27 16:33:47,0.37,0.554,0.448,0.528,MEDIUM,SYNTHETIC_DEMO_DATA
3969,Mumbai Coast,18.81913,72.78858,2026-04-27 19:28:38,0.594,0.499,0.687,0.376,MEDIUM,SYNTHETIC_DEMO_DATA
3970,Gujarat Coast,22.31845,69.84089,2026-04-27 22:23:30,0.408,0.439,0.792,0.471,MEDIUM,SYNTHETIC_DEMO_DATA
3971,Kerala Coast,10.05778,76.05815,2026-04-28 01:18:21,0.455,0.534,0.486,0.609,HIGH,SYNTHETIC_DEMO_DATA
3972,Lakshadweep,10.47073,72.64742,2026-04-28 04:13:12,0.413,0.668,0.695,0.274,LOW,SYNTHETIC_DEMO_DATA
3973,Odisha Coast,19.7751,86.0206,2026-04-28 07:08:03,0.319,0.528,0.642,0.439,MEDIUM,SYNTHETIC_DEMO_DATA
3974,Visakhapatnam,17.48906,83.27582,2026-04-28 10:02:54,0.458,0.647,0.797,0.183,LOW,SYNTHETIC_DEMO_DATA
3975,Sundarbans,21.88278,89.10147,2026-04-28 12:57:45,0.254,0.449,0.505,0.528,MEDIUM,SYNTHETIC_DEMO_DATA
3976,Gujarat Coast,21.69191,69.56203,2026-04-28 15:52:36,0.54,0.546,0.66,0.501,MEDIUM,SYNTHETIC_DEMO_DATA
3977,Gujarat Coast,22.00646,69.47747,2026-04-28 18:47:27,0.363,0.762,0.727,0.213,LOW,SYNTHETIC_DEMO_DATA
3978,Lakshadweep,10.65831,72.62435,2026-04-28 21:42:18,0.256,0.765,0.631,0.281,LOW,SYNTHETIC_DEMO_DATA
3979,Mumbai Coast,18.90414,72.94477,2026-04-29 00:37:09,0.403,0.558,0.587,0.585,MEDIUM,SYNTHETIC_DEMO_DATA
3980,Odisha Coast,19.63941,85.53571,2026-04-29 03:32:00,0.434,0.614,0.477,0.482,MEDIUM,SYNTHETIC_DEMO_DATA
3981,Kerala Coast,9.88561,76.13731,2026-04-29 06:26:51,0.481,0.714,0.792,0.371,MEDIUM,SYNTHETIC_DEMO_DATA
3982,Sundarbans,22.18178,88.98822,2026-04-29 09:21:42,0.63,0.722,0.698,0.402,MEDIUM,SYNTHETIC_DEMO_DATA
3983,Gujarat Coast,22.23088,69.36437,2026-04-29 12:16:33,0.369,0.589,0.725,0.275,LOW,SYNTHETIC_DEMO_DATA
3984,Gujarat Coast,22.21278,69.79453,2026-04-29 15:11:24,0.433,0.478,0.64,0.519,MEDIUM,SYNTHETIC_DEMO_DATA
3985,Andaman & Nicobar,11.62232,92.44723,2026-04-29 18:06:15,0.451,0.608,0.638,0.326,MEDIUM,SYNTHETIC_DEMO_DATA
3986,Chennai Coast,13.0159,80.28765,2026-04-29 21:01:06,0.285,0.656,0.567,0.262,LOW,SYNTHETIC_DEMO_DATA
3987,Chennai Coast,12.94391,80.21127,2026-04-29 23:55:58,0.373,0.607,0.499,0.499,MEDIUM,SYNTHETIC_DEMO_DATA
3988,Sundarbans,21.80601,89.52162,2026-04-30 02:50:49,0.401,0.7,0.64,0.319,MEDIUM,SYNTHETIC_DEMO_DATA
3989,Kerala Coast,10.39432,76.24771,2026-04-30 05:45:40,0.562,0.517,0.541,0.595,MEDIUM,SYNTHETIC_DEMO_DATA
3990,Kerala Coast,10.13339,76.22223,2026-04-30 08:40:31,0.724,0.795,0.677,0.375,MEDIUM,SYNTHETIC_DEMO_DATA
3991,Goa Coast,15.44676,73.73277,2026-04-30 11:35:22,0.491,0.61,0.689,0.464,MEDIUM,SYNTHETIC_DEMO_DATA
3992,Goa Coast,15.43716,74.12184,2026-04-30 14:30:13,0.49,0.514,0.59,0.383,MEDIUM,SYNTHETIC_DEMO_DATA
3993,Odisha Coast,19.79422,85.98494,2026-04-30 17:25:04,0.508,0.553,0.525,0.537,MEDIUM,SYNTHETIC_DEMO_DATA
3994,Visakhapatnam,17.62342,83.22388,2026-04-30 20:19:55,0.461,0.63,0.559,0.394,MEDIUM,SYNTHETIC_DEMO_DATA
3995,Mumbai Coast,19.13887,72.81078,2026-04-30 23:14:46,0.245,0.514,0.455,0.521,MEDIUM,SYNTHETIC_DEMO_DATA
3996,Chennai Coast,13.00946,80.31091,2026-05-01 02:09:37,0.382,0.661,0.573,0.281,LOW,SYNTHETIC_DEMO_DATA
3997,Sundarbans,21.8241,88.85038,2026-05-01 05:04:28,0.709,0.771,0.667,0.371,MEDIUM,SYNTHETIC_DEMO_DATA
3998,Andaman & Nicobar,11.43027,92.72649,2026-05-01 07:59:19,0.277,0.735,0.681,0.292,LOW,SYNTHETIC_DEMO_DATA
3999,Goa Coast,15.57946,74.26666,2026-05-01 10:54:10,0.349,0.616,0.658,0.404,MEDIUM,SYNTHETIC_DEMO_DATA
4000,Mumbai Coast,18.69429,72.64681,2026-05-01 13:49:01,0.351,0.615,0.579,0.428,MEDIUM,SYNTHETIC_DEMO_DATA
4001,Chennai Coast,13.08567,80.3068,2026-05-01 16:43:52,0.456,0.598,0.617,0.41,MEDIUM,SYNTHETIC_DEMO_DATA
4002,Andaman & Nicobar,11.89445,92.99311,2026-05-01 19:38:43,0.457,0.623,0.526,0.414,MEDIUM,SYNTHETIC_DEMO_DATA
4003,Sundarbans,22.31305,89.22134,2026-05-01 22:33:34,0.545,0.863,0.622,0.372,MEDIUM,SYNTHETIC_DEMO_DATA
4004,Kerala Coast,10.08994,76.0963,2026-05-02 01:28:26,0.767,0.657,0.71,0.307,MEDIUM,SYNTHETIC_DEMO_DATA
4005,Andaman & Nicobar,11.67211,92.74205,2026-05-02 04:23:17,0.259,0.752,0.672,0.271,LOW,SYNTHETIC_DEMO_DATA
4006,Lakshadweep,10.45905,72.79008,2026-05-02 07:18:08,0.388,0.544,0.595,0.416,MEDIUM,SYNTHETIC_DEMO_DATA
4007,Visakhapatnam,17.48114,83.1681,2026-05-02 10:12:59,0.246,0.619,0.699,0.241,LOW,SYNTHETIC_DEMO_DATA
4008,Gujarat Coast,21.96017,69.22331,2026-05-02 13:07:50,0.577,0.565,0.731,0.337,MEDIUM,SYNTHETIC_DEMO_DATA
4009,Odisha Coast,19.69662,85.81819,2026-05-02 16:02:41,0.601,0.703,0.821,0.328,MEDIUM,SYNTHETIC_DEMO_DATA
4010,Odisha Coast,19.64487,85.80344,2026-05-02 18:57:32,0.36,0.591,0.591,0.482,MEDIUM,SYNTHETIC_DEMO_DATA
4011,Chennai Coast,12.98237,80.108,2026-05-02 21:52:23,0.559,0.566,0.589,0.637,HIGH,SYNTHETIC_DEMO_DATA
4012,Andaman & Nicobar,11.6932,92.65416,2026-05-03 00:47:14,0.609,0.623,0.789,0.318,MEDIUM,SYNTHETIC_DEMO_DATA
4013,Gujarat Coast,22.4079,69.74723,2026-05-03 03:42:05,0.368,0.834,0.749,0.248,LOW,SYNTHETIC_DEMO_DATA
4014,Kerala Coast,9.8013,75.97687,2026-05-03 06:36:56,0.611,0.724,0.597,0.354,MEDIUM,SYNTHETIC_DEMO_DATA
4015,Visakhapatnam,17.63889,82.77798,2026-05-03 09:31:47,0.22,0.674,0.794,0.155,LOW,SYNTHETIC_DEMO_DATA
4016,Odisha Coast,19.54988,85.84117,2026-05-03 12:26:38,0.409,0.597,0.73,0.299,LOW,SYNTHETIC_DEMO_DATA
4017,Visakhapatnam,18.15519,83.3425,2026-05-03 15:21:29,0.465,0.665,0.625,0.272,LOW,SYNTHETIC_DEMO_DATA
4018,Odisha Coast,19.84971,85.79512,2026-05-03 18:16:20,0.497,0.674,0.757,0.273,LOW,SYNTHETIC_DEMO_DATA
4019,Odisha Coast,19.65472,85.6479,2026-05-03 21:11:11,0.438,0.527,0.612,0.492,MEDIUM,SYNTHETIC_DEMO_DATA
4020,Gujarat Coast,22.57744,69.24984,2026-05-04 00:06:02,0.434,0.616,0.772,0.266,LOW,SYNTHETIC_DEMO_DATA
4021,Odisha Coast,19.6484,86.22171,2026-05-04 03:00:54,0.413,0.594,0.612,0.4,MEDIUM,SYNTHETIC_DEMO_DATA
4022,Sundarbans,21.69844,89.46998,2026-05-04 05:55:45,0.41,0.822,0.6,0.463,MEDIUM,SYNTHETIC_DEMO_DATA
4023,Mumbai Coast,18.61676,72.6685,2026-05-04 08:50:36,0.473,0.665,0.658,0.396,MEDIUM,SYNTHETIC_DEMO_DATA
4024,Visakhapatnam,17.53311,83.21573,2026-05-04 11:45:27,0.421,0.755,0.737,0.285,LOW,SYNTHETIC_DEMO_DATA
4025,Kerala Coast,9.75871,76.36422,2026-05-04 14:40:18,0.564,0.726,0.677,0.399,MEDIUM,SYNTHETIC_DEMO_DATA
4026,Odisha Coast,19.35446,85.88508,2026-05-04 17:35:09,0.337,0.695,0.889,0.26,LOW,SYNTHETIC_DEMO_DATA
4027,Visakhapatnam,17.68075,82.88175,2026-05-04 20:30:00,0.481,0.62,0.553,0.468,MEDIUM,SYNTHETIC_DEMO_DATA
4028,Kerala Coast,9.96177,76.5358,2026-05-04 23:24:51,0.608,0.607,0.65,0.549,MEDIUM,SYNTHETIC_DEMO_DATA
4029,Gujarat Coast,22.0334,69.44127,2026-05-05 02:19:42,0.288,0.705,0.634,0.393,MEDIUM,SYNTHETIC_DEMO_DATA
4030,Kerala Coast,10.11225,76.34845,2026-05-05 05:14:33,0.504,0.562,0.603,0.348,MEDIUM,SYNTHETIC_DEMO_DATA
4031,Mumbai Coast,19.01371,72.6245,2026-05-05 08:09:24,0.67,0.64,0.678,0.518,MEDIUM,SYNTHETIC_DEMO_DATA
4032,Mumbai Coast,19.06677,73.01834,2026-05-05 11:04:15,0.483,0.636,0.642,0.308,MEDIUM,SYNTHETIC_DEMO_DATA
4033,Visakhapatnam,17.71832,83.0453,2026-05-05 13:59:06,0.427,0.825,0.804,0.156,LOW,SYNTHETIC_DEMO_DATA
4034,Visakhapatnam,17.40124,82.91558,2026-05-05 16:53:57,0.303,0.721,0.846,0.263,LOW,SYNTHETIC_DEMO_DATA
4035,Kerala Coast,9.84157,75.98154,2026-05-05 19:48:48,0.598,0.724,0.683,0.296,LOW,SYNTHETIC_DEMO_DATA
4036,Sundarbans,21.68986,89.01741,2026-05-05 22:43:39,0.3,0.797,0.696,0.288,LOW,SYNTHETIC_DEMO_DATA
4037,Gujarat Coast,22.1661,69.48846,2026-05-06 01:38:30,0.413,0.728,0.572,0.345,MEDIUM,SYNTHETIC_DEMO_DATA
4038,Gujarat Coast,22.50817,69.57466,2026-05-06 04:33:22,0.398,0.765,0.652,0.286,LOW,SYNTHETIC_DEMO_DATA
4039,Chennai Coast,13.29734,80.28192,2026-05-06 07:28:13,0.318,0.741,0.884,0.233,LOW,SYNTHETIC_DEMO_DATA
4040,Chennai Coast,13.3205,80.80147,2026-05-06 10:23:04,0.502,0.566,0.549,0.532,MEDIUM,SYNTHETIC_DEMO_DATA
4041,Chennai Coast,13.06246,80.40016,2026-05-06 13:17:55,0.677,0.676,0.665,0.362,MEDIUM,SYNTHETIC_DEMO_DATA
4042,Gujarat Coast,22.45715,69.33369,2026-05-06 16:12:46,0.376,0.653,0.643,0.344,MEDIUM,SYNTHETIC_DEMO_DATA
4043,Goa Coast,15.43909,73.93787,2026-05-06 19:07:37,0.519,0.64,0.59,0.458,MEDIUM,SYNTHETIC_DEMO_DATA
4044,Odisha Coast,19.73849,85.83842,2026-05-06 22:02:28,0.387,0.658,0.627,0.386,MEDIUM,SYNTHETIC_DEMO_DATA
4045,Kerala Coast,9.56045,75.86732,2026-05-07 00:57:19,0.485,0.56,0.706,0.376,MEDIUM,SYNTHETIC_DEMO_DATA
4046,Sundarbans,21.90455,88.91953,2026-05-07 03:52:10,0.687,0.774,0.721,0.389,MEDIUM,SYNTHETIC_DEMO_DATA
4047,Kerala Coast,10.26827,76.1926,2026-05-07 06:47:01,0.524,0.782,0.857,0.288,LOW,SYNTHETIC_DEMO_DATA
4048,Visakhapatnam,17.55523,83.19022,2026-05-07 09:41:52,0.588,0.649,0.59,0.401,MEDIUM,SYNTHETIC_DEMO_DATA
4049,Chennai Coast,12.93307,80.12402,2026-05-07 12:36:43,0.244,0.687,0.725,0.287,LOW,SYNTHETIC_DEMO_DATA
4050,Kerala Coast,9.8287,76.10084,2026-05-07 15:31:34,0.51,0.442,0.647,0.556,MEDIUM,SYNTHETIC_DEMO_DATA
4051,Chennai Coast,12.96528,80.44791,2026-05-07 18:26:25,0.362,0.593,0.523,0.354,MEDIUM,SYNTHETIC_DEMO_DATA
4052,Chennai Coast,12.89591,80.18113,2026-05-07 21:21:16,0.428,0.746,0.629,0.411,MEDIUM,SYNTHETIC_DEMO_DATA
4053,Goa Coast,15.54674,73.67032,2026-05-08 00:16:07,0.397,0.511,0.663,0.49,MEDIUM,SYNTHETIC_DEMO_DATA
4054,Andaman & Nicobar,11.61203,92.97998,2026-05-08 03:10:58,0.554,0.715,0.51,0.408,MEDIUM,SYNTHETIC_DEMO_DATA
4055,Sundarbans,21.67233,89.38963,2026-05-08 06:05:49,0.44,0.818,0.82,0.352,MEDIUM,SYNTHETIC_DEMO_DATA
4056,Chennai Coast,13.2066,80.05207,2026-05-08 09:00:41,0.668,0.855,0.649,0.251,LOW,SYNTHETIC_DEMO_DATA
4057,Andaman & Nicobar,12.03649,93.08403,2026-05-08 11:55:32,0.469,0.59,0.58,0.418,MEDIUM,SYNTHETIC_DEMO_DATA
4058,Mumbai Coast,18.85096,72.65542,2026-05-08 14:50:23,0.623,0.615,0.632,0.486,MEDIUM,SYNTHETIC_DEMO_DATA
4059,Visakhapatnam,17.75615,83.4319,2026-05-08 17:45:14,0.577,0.697,0.6,0.46,MEDIUM,SYNTHETIC_DEMO_DATA
4060,Mumbai Coast,18.96516,72.80379,2026-05-08 20:40:05,0.536,0.739,0.83,0.145,LOW,SYNTHETIC_DEMO_DATA
4061,Odisha Coast,20.19935,85.76572,2026-05-08 23:34:56,0.521,0.69,0.504,0.488,MEDIUM,SYNTHETIC_DEMO_DATA
4062,Sundarbans,21.91511,89.19959,2026-05-09 02:29:47,0.593,0.765,0.76,0.194,LOW,SYNTHETIC_DEMO_DATA
4063,Gujarat Coast,22.37835,69.30508,2026-05-09 05:24:38,0.393,0.798,0.591,0.393,MEDIUM,SYNTHETIC_DEMO_DATA
4064,Mumbai Coast,19.37052,72.87055,2026-05-09 08:19:29,0.577,0.689,0.784,0.303,MEDIUM,SYNTHETIC_DEMO_DATA
4065,Goa Coast,15.32987,73.96922,2026-05-09 11:14:20,0.456,0.658,0.646,0.418,MEDIUM,SYNTHETIC_DEMO_DATA
4066,Chennai Coast,13.1361,80.17937,2026-05-09 14:09:11,0.437,0.6,0.582,0.544,MEDIUM,SYNTHETIC_DEMO_DATA
4067,Andaman & Nicobar,11.8362,92.46381,2026-05-09 17:04:02,0.694,0.687,0.574,0.307,MEDIUM,SYNTHETIC_DEMO_DATA
4068,Kerala Coast,10.26561,76.1004,2026-05-09 19:58:53,0.337,0.595,0.656,0.306,MEDIUM,SYNTHETIC_DEMO_DATA
4069,Goa Coast,15.60376,73.80402,2026-05-09 22:53:44,0.488,0.75,0.615,0.297,LOW,SYNTHETIC_DEMO_DATA
4070,Odisha Coast,19.67651,85.77863,2026-05-10 01:48:35,0.541,0.579,0.656,0.443,MEDIUM,SYNTHETIC_DEMO_DATA
4071,Sundarbans,22.14922,88.82233,2026-05-10 04:43:26,0.456,0.428,0.498,0.636,HIGH,SYNTHETIC_DEMO_DATA
4072,Goa Coast,15.67463,73.72303,2026-05-10 07:38:17,0.422,0.658,0.702,0.356,MEDIUM,SYNTHETIC_DEMO_DATA
4073,Andaman & Nicobar,11.5949,92.84159,2026-05-10 10:33:09,0.498,0.834,0.646,0.3,MEDIUM,SYNTHETIC_DEMO_DATA
4074,Lakshadweep,10.70809,72.77852,2026-05-10 13:28:00,0.26,0.421,0.588,0.484,MEDIUM,SYNTHETIC_DEMO_DATA
4075,Chennai Coast,12.9327,80.29668,2026-05-10 16:22:51,0.306,0.691,0.682,0.412,MEDIUM,SYNTHETIC_DEMO_DATA
4076,Sundarbans,21.82516,89.62467,2026-05-10 19:17:42,0.485,0.589,0.723,0.258,LOW,SYNTHETIC_DEMO_DATA
4077,Lakshadweep,10.17824,72.39428,2026-05-10 22:12:33,0.392,0.639,0.742,0.24,LOW,SYNTHETIC_DEMO_DATA
4078,Gujarat Coast,22.10232,69.81143,2026-05-11 01:07:24,0.32,0.643,0.563,0.369,MEDIUM,SYNTHETIC_DEMO_DATA
4079,Visakhapatnam,17.99689,83.14913,2026-05-11 04:02:15,0.462,0.667,0.53,0.49,MEDIUM,SYNTHETIC_DEMO_DATA
4080,Goa Coast,15.32093,73.70787,2026-05-11 06:57:06,0.497,0.722,0.577,0.29,LOW,SYNTHETIC_DEMO_DATA
4081,Lakshadweep,10.44155,72.7758,2026-05-11 09:51:57,0.424,0.808,0.647,0.247,LOW,SYNTHETIC_DEMO_DATA
4082,Visakhapatnam,17.56037,82.95541,2026-05-11 12:46:48,0.499,0.61,0.818,0.174,LOW,SYNTHETIC_DEMO_DATA
4083,Goa Coast,15.40427,73.96677,2026-05-11 15:41:39,0.47,0.547,0.555,0.348,MEDIUM,SYNTHETIC_DEMO_DATA
4084,Goa Coast,15.76309,73.64178,2026-05-11 18:36:30,0.527,0.888,0.63,0.232,LOW,SYNTHETIC_DEMO_DATA
4085,Mumbai Coast,18.89573,72.89522,2026-05-11 21:31:21,0.502,0.514,0.582,0.359,MEDIUM,SYNTHETIC_DEMO_DATA
4086,Gujarat Coast,22.27599,69.52316,2026-05-12 00:26:12,0.461,0.641,0.772,0.229,LOW,SYNTHETIC_DEMO_DATA
4087,Visakhapatnam,17.76014,83.19575,2026-05-12 03:21:03,0.41,0.584,0.549,0.377,MEDIUM,SYNTHETIC_DEMO_DATA
4088,Lakshadweep,10.7528,72.82885,2026-05-12 06:15:54,0.315,0.658,0.719,0.322,MEDIUM,SYNTHETIC_DEMO_DATA
4089,Lakshadweep,10.34127,72.45793,2026-05-12 09:10:45,0.607,0.707,0.657,0.403,MEDIUM,SYNTHETIC_DEMO_DATA
4090,Lakshadweep,11.06411,73.01581,2026-05-12 12:05:37,0.514,0.686,0.765,0.224,LOW,SYNTHETIC_DEMO_DATA
4091,Goa Coast,15.64195,73.64517,2026-05-12 15:00:28,0.328,0.645,0.584,0.366,MEDIUM,SYNTHETIC_DEMO_DATA
4092,Sundarbans,21.8797,88.93652,2026-05-12 17:55:19,0.669,0.567,0.579,0.475,MEDIUM,SYNTHETIC_DEMO_DATA
4093,Chennai Coast,13.07066,80.35253,2026-05-12 20:50:10,0.556,0.548,0.536,0.305,MEDIUM,SYNTHETIC_DEMO_DATA
4094,Kerala Coast,9.98166,76.06997,2026-05-12 23:45:01,0.611,0.6,0.714,0.486,MEDIUM,SYNTHETIC_DEMO_DATA
4095,Lakshadweep,10.55836,72.37503,2026-05-13 02:39:52,0.547,0.764,0.595,0.314,MEDIUM,SYNTHETIC_DEMO_DATA
4096,Mumbai Coast,19.02106,73.10375,2026-05-13 05:34:43,0.606,0.837,0.702,0.255,LOW,SYNTHETIC_DEMO_DATA
4097,Mumbai Coast,18.8727,72.84243,2026-05-13 08:29:34,0.61,0.76,0.56,0.362,MEDIUM,SYNTHETIC_DEMO_DATA
4098,Odisha Coast,19.69815,85.64824,2026-05-13 11:24:25,0.64,0.656,0.794,0.31,MEDIUM,SYNTHETIC_DEMO_DATA
4099,Goa Coast,15.2097,73.88388,2026-05-13 14:19:16,0.398,0.742,0.728,0.325,MEDIUM,SYNTHETIC_DEMO_DATA
4100,Chennai Coast,13.18441,80.18783,2026-05-13 17:14:07,0.482,0.67,0.62,0.277,LOW,SYNTHETIC_DEMO_DATA
4101,Sundarbans,22.10582,89.19538,2026-05-13 20:08:58,0.419,0.584,0.65,0.453,MEDIUM,SYNTHETIC_DEMO_DATA
4102,Lakshadweep,10.83213,72.69049,2026-05-13 23:03:49,0.441,0.698,0.644,0.335,MEDIUM,SYNTHETIC_DEMO_DATA
4103,Odisha Coast,19.79188,85.84123,2026-05-14 01:58:40,0.591,0.729,0.736,0.299,LOW,SYNTHETIC_DEMO_DATA
4104,Sundarbans,22.05467,89.20497,2026-05-14 04:53:31,0.411,0.602,0.718,0.4,MEDIUM,SYNTHETIC_DEMO_DATA
4105,Sundarbans,21.79347,89.23231,2026-05-14 07:48:22,0.58,0.709,0.657,0.397,MEDIUM,SYNTHETIC_DEMO_DATA
4106,Kerala Coast,10.07607,76.33341,2026-05-14 10:43:13,0.459,0.644,0.699,0.304,MEDIUM,SYNTHETIC_DEMO_DATA
4107,Odisha Coast,19.86047,86.19867,2026-05-14 13:38:05,0.391,0.745,0.622,0.53,MEDIUM,SYNTHETIC_DEMO_DATA
4108,Andaman & Nicobar,11.89659,92.42423,2026-05-14 16:32:56,0.6,0.743,0.584,0.284,LOW,SYNTHETIC_DEMO_DATA
4109,Mumbai Coast,19.13056,72.7093,2026-05-14 19:27:47,0.357,0.544,0.747,0.357,MEDIUM,SYNTHETIC_DEMO_DATA
4110,Chennai Coast,13.22651,80.4465,2026-05-14 22:22:38,0.341,0.764,0.734,0.177,LOW,SYNTHETIC_DEMO_DATA
4111,Sundarbans,22.01717,89.20256,2026-05-15 01:17:29,0.46,0.68,0.642,0.398,MEDIUM,SYNTHETIC_DEMO_DATA
4112,Kerala Coast,9.94764,76.22708,2026-05-15 04:12:20,0.577,0.608,0.669,0.406,MEDIUM,SYNTHETIC_DEMO_DATA
4113,Odisha Coast,19.77264,85.95938,2026-05-15 07:07:11,0.671,0.767,0.612,0.344,MEDIUM,SYNTHETIC_DEMO_DATA
4114,Lakshadweep,10.90444,72.32912,2026-05-15 10:02:02,0.541,0.627,0.725,0.231,LOW,SYNTHETIC_DEMO_DATA
4115,Visakhapatnam,17.58894,83.52829,2026-05-15 12:56:53,0.164,0.445,0.532,0.461,MEDIUM,SYNTHETIC_DEMO_DATA
4116,Kerala Coast,9.61499,76.72476,2026-05-15 15:51:44,0.553,0.63,0.646,0.457,MEDIUM,SYNTHETIC_DEMO_DATA
4117,Sundarbans,21.81712,88.84537,2026-05-15 18:46:35,0.428,0.714,0.751,0.304,MEDIUM,SYNTHETIC_DEMO_DATA
4118,Odisha Coast,19.84479,85.55867,2026-05-15 21:41:26,0.467,0.631,0.815,0.354,MEDIUM,SYNTHETIC_DEMO_DATA
4119,Visakhapatnam,17.22604,83.08406,2026-05-16 00:36:17,0.398,0.645,0.795,0.244,LOW,SYNTHETIC_DEMO_DATA
4120,Sundarbans,22.1039,89.02772,2026-05-16 03:31:08,0.466,0.644,0.686,0.355,MEDIUM,SYNTHETIC_DEMO_DATA
4121,Goa Coast,15.22124,73.47307,2026-05-16 06:25:59,0.215,0.475,0.407,0.601,HIGH,SYNTHETIC_DEMO_DATA
4122,Lakshadweep,10.52148,72.81107,2026-05-16 09:20:50,0.366,0.513,0.632,0.313,MEDIUM,SYNTHETIC_DEMO_DATA
4123,Lakshadweep,10.59367,72.45136,2026-05-16 12:15:41,0.447,0.648,0.74,0.175,LOW,SYNTHETIC_DEMO_DATA
4124,Visakhapatnam,17.7607,83.33609,2026-05-16 15:10:33,0.413,0.686,0.779,0.245,LOW,SYNTHETIC_DEMO_DATA
4125,Goa Coast,15.64258,73.3999,2026-05-16 18:05:24,0.662,0.78,0.625,0.279,LOW,SYNTHETIC_DEMO_DATA
4126,Mumbai Coast,18.79184,73.19185,2026-05-16 21:00:15,0.293,0.712,0.734,0.148,LOW,SYNTHETIC_DEMO_DATA
4127,Sundarbans,21.86511,89.08343,2026-05-16 23:55:06,0.477,0.568,0.708,0.488,MEDIUM,SYNTHETIC_DEMO_DATA
4128,Sundarbans,21.72437,89.53089,2026-05-17 02:49:57,0.475,0.681,0.578,0.498,MEDIUM,SYNTHETIC_DEMO_DATA
4129,Mumbai Coast,18.71427,72.90019,2026-05-17 05:44:48,0.332,0.609,0.594,0.516,MEDIUM,SYNTHETIC_DEMO_DATA
4130,Kerala Coast,9.52131,76.17332,2026-05-17 08:39:39,0.51,0.79,0.719,0.268,LOW,SYNTHETIC_DEMO_DATA
4131,Sundarbans,21.93765,89.21386,2026-05-17 11:34:30,0.628,0.707,0.685,0.633,HIGH,SYNTHETIC_DEMO_DATA
4132,Lakshadweep,10.47834,72.43765,2026-05-17 14:29:21,0.446,0.651,0.719,0.375,MEDIUM,SYNTHETIC_DEMO_DATA
4133,Goa Coast,15.77482,73.73103,2026-05-17 17:24:12,0.451,0.745,0.844,0.238,LOW,SYNTHETIC_DEMO_DATA
4134,Mumbai Coast,19.23492,72.94489,2026-05-17 20:19:03,0.491,0.934,0.683,0.155,LOW,SYNTHETIC_DEMO_DATA
4135,Lakshadweep,10.61524,72.42686,2026-05-17 23:13:54,0.268,0.579,0.517,0.341,MEDIUM,SYNTHETIC_DEMO_DATA
4136,Lakshadweep,10.63421,72.6208,2026-05-18 02:08:45,0.529,0.659,0.743,0.384,MEDIUM,SYNTHETIC_DEMO_DATA
4137,Lakshadweep,10.38685,72.71961,2026-05-18 05:03:36,0.338,0.47,0.781,0.509,MEDIUM,SYNTHETIC_DEMO_DATA
4138,Visakhapatnam,17.86599,82.99029,2026-05-18 07:58:27,0.524,0.523,0.428,0.506,MEDIUM,SYNTHETIC_DEMO_DATA
4139,Andaman & Nicobar,11.48471,92.64091,2026-05-18 10:53:18,0.557,0.633,0.615,0.487,MEDIUM,SYNTHETIC_DEMO_DATA
4140,Mumbai Coast,19.21427,73.04144,2026-05-18 13:48:09,0.606,0.591,0.349,0.684,HIGH,SYNTHETIC_DEMO_DATA
4141,Goa Coast,15.50159,74.07049,2026-05-18 16:43:00,0.398,0.763,0.794,0.2,LOW,SYNTHETIC_DEMO_DATA
4142,Andaman & Nicobar,11.90971,92.87716,2026-05-18 19:37:52,0.514,0.527,0.485,0.528,MEDIUM,SYNTHETIC_DEMO_DATA
4143,Odisha Coast,19.92815,85.63967,2026-05-18 22:32:43,0.408,0.781,0.616,0.248,LOW,SYNTHETIC_DEMO_DATA
4144,Kerala Coast,9.92853,76.20548,2026-05-19 01:27:34,0.472,0.72,0.69,0.318,MEDIUM,SYNTHETIC_DEMO_DATA
4145,Odisha Coast,20.02689,85.63603,2026-05-19 04:22:25,0.664,0.859,0.651,0.414,MEDIUM,SYNTHETIC_DEMO_DATA
4146,Visakhapatnam,17.69283,83.38689,2026-05-19 07:17:16,0.424,0.75,0.664,0.29,LOW,SYNTHETIC_DEMO_DATA
4147,Kerala Coast,9.81301,76.15003,2026-05-19 10:12:07,0.393,0.68,0.815,0.214,LOW,SYNTHETIC_DEMO_DATA
4148,Andaman & Nicobar,11.42496,92.91872,2026-05-19 13:06:58,0.43,0.677,0.688,0.288,LOW,SYNTHETIC_DEMO_DATA
4149,Andaman & Nicobar,11.71633,92.49687,2026-05-19 16:01:49,0.34,0.428,0.703,0.216,LOW,SYNTHETIC_DEMO_DATA
4150,Chennai Coast,13.25367,80.45522,2026-05-19 18:56:40,0.399,0.871,0.676,0.203,LOW,SYNTHETIC_DEMO_DATA
4151,Chennai Coast,13.22478,80.36005,2026-05-19 21:51:31,0.501,0.657,0.657,0.222,LOW,SYNTHETIC_DEMO_DATA
4152,Mumbai Coast,19.28035,73.16071,2026-05-20 00:46:22,0.622,0.696,0.777,0.355,MEDIUM,SYNTHETIC_DEMO_DATA
4153,Lakshadweep,10.63511,72.57785,2026-05-20 03:41:13,0.367,0.606,0.566,0.639,HIGH,SYNTHETIC_DEMO_DATA
4154,Lakshadweep,10.49549,72.37509,2026-05-20 06:36:04,0.577,0.835,0.69,0.202,LOW,SYNTHETIC_DEMO_DATA
4155,Visakhapatnam,17.66522,83.29152,2026-05-20 09:30:55,0.082,0.669,0.721,0.213,LOW,SYNTHETIC_DEMO_DATA
4156,Odisha Coast,19.87232,85.74089,2026-05-20 12:25:46,0.404,0.689,0.662,0.459,MEDIUM,SYNTHETIC_DEMO_DATA
4157,Goa Coast,15.51385,73.92696,2026-05-20 15:20:37,0.352,0.712,0.593,0.25,LOW,SYNTHETIC_DEMO_DATA
4158,Chennai Coast,12.70474,80.17001,2026-05-20 18:15:28,0.39,0.681,0.764,0.303,MEDIUM,SYNTHETIC_DEMO_DATA
4159,Odisha Coast,19.73731,86.01339,2026-05-20 21:10:20,0.528,0.887,0.635,0.26,LOW,SYNTHETIC_DEMO_DATA
4160,Sundarbans,22.42571,88.91647,2026-05-21 00:05:11,0.508,0.759,0.788,0.361,MEDIUM,SYNTHETIC_DEMO_DATA
4161,Kerala Coast,10.19214,76.04366,2026-05-21 03:00:02,0.453,0.812,0.761,0.16,LOW,SYNTHETIC_DEMO_DATA
4162,Chennai Coast,13.13139,80.22878,2026-05-21 05:54:53,0.453,0.675,0.824,0.332,MEDIUM,SYNTHETIC_DEMO_DATA
4163,Mumbai Coast,18.79147,72.675,2026-05-21 08:49:44,0.418,0.729,0.855,0.184,LOW,SYNTHETIC_DEMO_DATA
4164,Visakhapatnam,17.52366,83.23229,2026-05-21 11:44:35,0.556,0.609,0.785,0.361,MEDIUM,SYNTHETIC_DEMO_DATA
4165,Goa Coast,15.22988,73.55044,2026-05-21 14:39:26,0.531,0.572,0.699,0.459,MEDIUM,SYNTHETIC_DEMO_DATA
4166,Gujarat Coast,22.29785,69.90491,2026-05-21 17:34:17,0.315,0.736,0.838,0.218,LOW,SYNTHETIC_DEMO_DATA
4167,Kerala Coast,10.18198,76.13527,2026-05-21 20:29:08,0.507,0.605,0.887,0.326,MEDIUM,SYNTHETIC_DEMO_DATA
4168,Odisha Coast,19.74146,86.05931,2026-05-21 23:23:59,0.541,0.75,0.611,0.353,MEDIUM,SYNTHETIC_DEMO_DATA
4169,Mumbai Coast,18.92333,72.70415,2026-05-22 02:18:50,0.417,0.794,0.707,0.238,LOW,SYNTHETIC_DEMO_DATA
4170,Gujarat Coast,22.29027,69.55662,2026-05-22 05:13:41,0.37,0.584,0.635,0.486,MEDIUM,SYNTHETIC_DEMO_DATA
4171,Chennai Coast,13.18144,80.21046,2026-05-22 08:08:32,0.557,0.653,0.605,0.295,LOW,SYNTHETIC_DEMO_DATA
4172,Visakhapatnam,17.86899,83.25417,2026-05-22 11:03:23,0.414,0.605,0.6,0.382,MEDIUM,SYNTHETIC_DEMO_DATA
4173,Mumbai Coast,19.1803,72.87838,2026-05-22 13:58:14,0.55,0.751,0.514,0.53,MEDIUM,SYNTHETIC_DEMO_DATA
4174,Chennai Coast,13.10412,80.34359,2026-05-22 16:53:05,0.398,0.562,0.747,0.343,MEDIUM,SYNTHETIC_DEMO_DATA
4175,Kerala Coast,9.5951,76.3554,2026-05-22 19:47:56,0.446,0.641,0.697,0.323,MEDIUM,SYNTHETIC_DEMO_DATA
4176,Chennai Coast,13.25086,80.28399,2026-05-22 22:42:48,0.328,0.584,0.61,0.454,MEDIUM,SYNTHETIC_DEMO_DATA
4177,Chennai Coast,13.00611,80.24968,2026-05-23 01:37:39,0.637,0.586,0.611,0.348,MEDIUM,SYNTHETIC_DEMO_DATA
4178,Goa Coast,15.29726,73.7788,2026-05-23 04:32:30,0.501,0.65,0.722,0.215,LOW,SYNTHETIC_DEMO_DATA
4179,Kerala Coast,10.12661,76.72487,2026-05-23 07:27:21,0.489,0.697,0.803,0.209,LOW,SYNTHETIC_DEMO_DATA
4180,Kerala Coast,9.72075,76.29218,2026-05-23 10:22:12,0.522,0.614,0.675,0.459,MEDIUM,SYNTHETIC_DEMO_DATA
4181,Gujarat Coast,22.08897,69.67785,2026-05-23 13:17:03,0.442,0.604,0.665,0.389,MEDIUM,SYNTHETIC_DEMO_DATA
4182,Chennai Coast,13.03233,80.03162,2026-05-23 16:11:54,0.419,0.741,0.686,0.195,LOW,SYNTHETIC_DEMO_DATA
4183,Odisha Coast,19.54939,85.80978,2026-05-23 19:06:45,0.406,0.662,0.633,0.448,MEDIUM,SYNTHETIC_DEMO_DATA
4184,Andaman & Nicobar,11.869,92.86053,2026-05-23 22:01:36,0.535,0.853,0.641,0.288,LOW,SYNTHETIC_DEMO_DATA
4185,Sundarbans,21.78498,89.30584,2026-05-24 00:56:27,0.427,0.76,0.707,0.351,MEDIUM,SYNTHETIC_DEMO_DATA
4186,Mumbai Coast,19.0107,72.8607,2026-05-24 03:51:18,0.415,0.671,0.767,0.177,LOW,SYNTHETIC_DEMO_DATA
4187,Visakhapatnam,17.48408,83.37652,2026-05-24 06:46:09,0.237,0.507,0.684,0.256,LOW,SYNTHETIC_DEMO_DATA
4188,Visakhapatnam,18.12957,82.94769,2026-05-24 09:41:00,0.369,0.853,0.727,0.19,LOW,SYNTHETIC_DEMO_DATA
4189,Sundarbans,22.32129,88.99508,2026-05-24 12:35:51,0.479,0.623,0.869,0.399,MEDIUM,SYNTHETIC_DEMO_DATA
4190,Lakshadweep,10.81859,72.64489,2026-05-24 15:30:42,0.281,0.679,0.659,0.267,LOW,SYNTHETIC_DEMO_DATA
4191,Kerala Coast,9.92589,76.33611,2026-05-24 18:25:33,0.464,0.684,0.716,0.403,MEDIUM,SYNTHETIC_DEMO_DATA
4192,Chennai Coast,13.14574,80.38363,2026-05-24 21:20:24,0.389,0.578,0.611,0.416,MEDIUM,SYNTHETIC_DEMO_DATA
4193,Goa Coast,15.46474,73.60266,2026-05-25 00:15:16,0.307,0.714,0.701,0.188,LOW,SYNTHETIC_DEMO_DATA
4194,Sundarbans,22.17513,89.21789,2026-05-25 03:10:07,0.477,0.704,0.516,0.4,MEDIUM,SYNTHETIC_DEMO_DATA
4195,Mumbai Coast,18.909,72.56226,2026-05-25 06:04:58,0.472,0.706,0.62,0.34,MEDIUM,SYNTHETIC_DEMO_DATA
4196,Kerala Coast,9.86762,76.22546,2026-05-25 08:59:49,0.584,0.495,0.401,0.615,HIGH,SYNTHETIC_DEMO_DATA
4197,Mumbai Coast,19.34589,72.66508,2026-05-25 11:54:40,0.347,0.672,0.643,0.358,MEDIUM,SYNTHETIC_DEMO_DATA
4198,Odisha Coast,19.7876,85.55924,2026-05-25 14:49:31,0.411,0.705,0.756,0.292,LOW,SYNTHETIC_DEMO_DATA
4199,Lakshadweep,10.51782,72.65557,2026-05-25 17:44:22,0.492,0.447,0.525,0.518,MEDIUM,SYNTHETIC_DEMO_DATA
4200,Visakhapatnam,17.79675,83.3441,2026-05-25 20:39:13,0.608,0.705,0.628,0.38,MEDIUM,SYNTHETIC_DEMO_DATA
4201,Gujarat Coast,22.25109,69.23313,2026-05-25 23:34:04,0.441,0.471,0.567,0.546,MEDIUM,SYNTHETIC_DEMO_DATA
4202,Goa Coast,15.3656,74.04081,2026-05-26 02:28:55,0.473,0.672,0.639,0.294,LOW,SYNTHETIC_DEMO_DATA
4203,Chennai Coast,13.19601,80.61201,2026-05-26 05:23:46,0.32,0.613,0.738,0.22,LOW,SYNTHETIC_DEMO_DATA
4204,Odisha Coast,19.83821,85.83258,2026-05-26 08:18:37,0.373,0.721,0.59,0.37,MEDIUM,SYNTHETIC_DEMO_DATA
4205,Visakhapatnam,17.61046,83.29486,2026-05-26 11:13:28,0.499,0.8,0.555,0.355,MEDIUM,SYNTHETIC_DEMO_DATA
4206,Andaman & Nicobar,11.41907,92.51022,2026-05-26 14:08:19,0.375,0.581,0.644,0.302,MEDIUM,SYNTHETIC_DEMO_DATA
4207,Lakshadweep,10.50412,72.31823,2026-05-26 17:03:10,0.467,0.751,0.671,0.251,LOW,SYNTHETIC_DEMO_DATA
4208,Lakshadweep,10.67362,72.497,2026-05-26 19:58:01,0.292,0.624,0.64,0.3,LOW,SYNTHETIC_DEMO_DATA
4209,Visakhapatnam,17.84234,83.24712,2026-05-26 22:52:52,0.5,0.56,0.611,0.393,MEDIUM,SYNTHETIC_DEMO_DATA
4210,Gujarat Coast,22.05478,69.67485,2026-05-27 01:47:44,0.336,0.649,0.485,0.704,HIGH,SYNTHETIC_DEMO_DATA
4211,Odisha Coast,19.98553,86.04847,2026-05-27 04:42:35,0.51,0.801,0.597,0.301,MEDIUM,SYNTHETIC_DEMO_DATA
4212,Goa Coast,15.61216,73.83639,2026-05-27 07:37:26,0.352,0.428,0.512,0.363,MEDIUM,SYNTHETIC_DEMO_DATA
4213,Kerala Coast,9.47703,76.14327,2026-05-27 10:32:17,0.635,0.675,0.505,0.516,MEDIUM,SYNTHETIC_DEMO_DATA
4214,Goa Coast,15.5837,73.87926,2026-05-27 13:27:08,0.429,0.595,0.537,0.407,MEDIUM,SYNTHETIC_DEMO_DATA
4215,Gujarat Coast,22.32758,69.91974,2026-05-27 16:21:59,0.256,0.554,0.59,0.543,MEDIUM,SYNTHETIC_DEMO_DATA
4216,Lakshadweep,10.55229,72.70997,2026-05-27 19:16:50,0.523,0.679,0.662,0.341,MEDIUM,SYNTHETIC_DEMO_DATA
4217,Kerala Coast,10.16392,75.94822,2026-05-27 22:11:41,0.442,0.729,0.614,0.217,LOW,SYNTHETIC_DEMO_DATA
4218,Chennai Coast,13.29191,79.82317,2026-05-28 01:06:32,0.299,0.786,0.651,0.206,LOW,SYNTHETIC_DEMO_DATA
4219,Mumbai Coast,19.54493,72.79146,2026-05-28 04:01:23,0.28,0.61,0.652,0.36,MEDIUM,SYNTHETIC_DEMO_DATA
4220,Odisha Coast,19.94136,85.96086,2026-05-28 06:56:14,0.663,0.431,0.346,0.777,HIGH,SYNTHETIC_DEMO_DATA
4221,Odisha Coast,19.87334,85.92768,2026-05-28 09:51:05,0.479,0.437,0.662,0.557,MEDIUM,SYNTHETIC_DEMO_DATA
4222,Mumbai Coast,18.7587,72.7134,2026-05-28 12:45:56,0.638,0.574,0.503,0.614,HIGH,SYNTHETIC_DEMO_DATA
4223,Andaman & Nicobar,11.61472,92.44259,2026-05-28 15:40:47,0.34,0.786,0.76,0.27,LOW,SYNTHETIC_DEMO_DATA
4224,Mumbai Coast,19.14578,72.78782,2026-05-28 18:35:38,0.554,0.829,0.766,0.232,LOW,SYNTHETIC_DEMO_DATA
4225,Goa Coast,15.41201,73.98072,2026-05-28 21:30:29,0.488,0.689,0.802,0.239,LOW,SYNTHETIC_DEMO_DATA
4226,Odisha Coast,19.53007,85.75209,2026-05-29 00:25:20,0.43,0.724,0.651,0.467,MEDIUM,SYNTHETIC_DEMO_DATA
4227,Kerala Coast,9.75921,76.40212,2026-05-29 03:20:12,0.683,0.572,0.683,0.438,MEDIUM,SYNTHETIC_DEMO_DATA
4228,Gujarat Coast,22.21536,69.56886,2026-05-29 06:15:03,0.467,0.703,0.751,0.306,MEDIUM,SYNTHETIC_DEMO_DATA
4229,Chennai Coast,13.13856,79.86026,2026-05-29 09:09:54,0.498,0.406,0.558,0.51,MEDIUM,SYNTHETIC_DEMO_DATA
4230,Sundarbans,21.97631,89.21687,2026-05-29 12:04:45,0.733,0.782,0.859,0.319,MEDIUM,SYNTHETIC_DEMO_DATA
4231,Sundarbans,21.99011,89.15885,2026-05-29 14:59:36,0.411,0.61,0.598,0.441,MEDIUM,SYNTHETIC_DEMO_DATA
4232,Lakshadweep,10.62058,72.65594,2026-05-29 17:54:27,0.461,0.74,0.699,0.213,LOW,SYNTHETIC_DEMO_DATA
4233,Gujarat Coast,22.42082,69.50292,2026-05-29 20:49:18,0.396,0.593,0.611,0.458,MEDIUM,SYNTHETIC_DEMO_DATA
4234,Visakhapatnam,17.6935,83.17447,2026-05-29 23:44:09,0.378,0.524,0.67,0.277,LOW,SYNTHETIC_DEMO_DATA
4235,Visakhapatnam,18.02856,83.05831,2026-05-30 02:39:00,0.451,0.759,0.761,0.278,LOW,SYNTHETIC_DEMO_DATA
4236,Sundarbans,21.6254,89.06072,2026-05-30 05:33:51,0.505,0.588,0.618,0.46,MEDIUM,SYNTHETIC_DEMO_DATA
4237,Lakshadweep,10.77069,73.08106,2026-05-30 08:28:42,0.288,0.68,0.728,0.24,LOW,SYNTHETIC_DEMO_DATA
4238,Odisha Coast,19.66866,85.45551,2026-05-30 11:23:33,0.463,0.62,0.669,0.243,LOW,SYNTHETIC_DEMO_DATA
4239,Goa Coast,15.65255,73.65874,2026-05-30 14:18:24,0.393,0.557,0.499,0.502,MEDIUM,SYNTHETIC_DEMO_DATA
4240,Visakhapatnam,17.69349,83.52095,2026-05-30 17:13:15,0.583,0.901,0.635,0.204,LOW,SYNTHETIC_DEMO_DATA
4241,Chennai Coast,13.23925,80.43385,2026-05-30 20:08:06,0.322,0.819,0.587,0.253,LOW,SYNTHETIC_DEMO_DATA
4242,Visakhapatnam,17.29375,83.15839,2026-05-30 23:02:57,0.43,0.897,0.636,0.235,LOW,SYNTHETIC_DEMO_DATA
4243,Andaman & Nicobar,11.99297,92.54799,2026-05-31 01:57:48,0.526,0.516,0.625,0.421,MEDIUM,SYNTHETIC_DEMO_DATA
4244,Sundarbans,21.89303,89.57945,2026-05-31 04:52:39,0.466,0.797,0.681,0.327,MEDIUM,SYNTHETIC_DEMO_DATA
4245,Chennai Coast,12.89538,80.44549,2026-05-31 07:47:31,0.539,0.773,0.694,0.365,MEDIUM,SYNTHETIC_DEMO_DATA
4246,Visakhapatnam,17.78764,83.08578,2026-05-31 10:42:22,0.326,0.595,0.716,0.233,LOW,SYNTHETIC_DEMO_DATA
4247,Visakhapatnam,17.55635,83.11417,2026-05-31 13:37:13,0.393,0.681,0.674,0.409,MEDIUM,SYNTHETIC_DEMO_DATA
4248,Odisha Coast,19.71705,86.0849,2026-05-31 16:32:04,0.405,0.609,0.592,0.471,MEDIUM,SYNTHETIC_DEMO_DATA
4249,Lakshadweep,10.61439,72.48663,2026-05-31 19:26:55,0.355,0.639,0.617,0.363,MEDIUM,SYNTHETIC_DEMO_DATA
4250,Chennai Coast,13.0979,80.37535,2026-05-31 22:21:46,0.541,0.524,0.696,0.365,MEDIUM,SYNTHETIC_DEMO_DATA
4251,Kerala Coast,10.04611,76.24417,2026-06-01 01:16:37,0.843,0.774,0.613,0.365,MEDIUM,SYNTHETIC_DEMO_DATA
4252,Chennai Coast,12.98668,80.27583,2026-06-01 04:11:28,0.565,0.782,0.689,0.25,LOW,SYNTHETIC_DEMO_DATA
4253,Lakshadweep,10.61196,72.86829,2026-06-01 07:06:19,0.537,0.753,0.577,0.337,MEDIUM,SYNTHETIC_DEMO_DATA
4254,Chennai Coast,12.88849,80.14084,2026-06-01 10:01:10,0.648,0.616,0.628,0.396,MEDIUM,SYNTHETIC_DEMO_DATA
4255,Chennai Coast,13.01709,80.25267,2026-06-01 12:56:01,0.808,0.662,0.543,0.604,HIGH,SYNTHETIC_DEMO_DATA
4256,Chennai Coast,12.95576,79.91693,2026-06-01 15:50:52,0.546,0.755,0.589,0.382,MEDIUM,SYNTHETIC_DEMO_DATA
4257,Chennai Coast,12.91263,80.1257,2026-06-01 18:45:43,0.845,0.743,0.701,0.327,MEDIUM,SYNTHETIC_DEMO_DATA
4258,Sundarbans,22.00579,89.4206,2026-06-01 21:40:34,0.679,0.586,0.461,0.577,MEDIUM,SYNTHETIC_DEMO_DATA
4259,Gujarat Coast,22.25423,69.90731,2026-06-02 00:35:25,0.55,0.749,0.573,0.463,MEDIUM,SYNTHETIC_DEMO_DATA
4260,Sundarbans,21.9767,89.26953,2026-06-02 03:30:16,0.802,0.813,0.654,0.4,MEDIUM,SYNTHETIC_DEMO_DATA
4261,Visakhapatnam,17.67847,83.16899,2026-06-02 06:25:07,0.742,0.782,0.665,0.365,MEDIUM,SYNTHETIC_DEMO_DATA
4262,Visakhapatnam,17.81728,83.37721,2026-06-02 09:19:59,0.694,0.609,0.449,0.523,MEDIUM,SYNTHETIC_DEMO_DATA
4263,Visakhapatnam,17.50473,82.9815,2026-06-02 12:14:50,0.864,0.714,0.705,0.411,MEDIUM,SYNTHETIC_DEMO_DATA
4264,Goa Coast,15.5061,73.76258,2026-06-02 15:09:41,0.574,0.631,0.463,0.359,MEDIUM,SYNTHETIC_DEMO_DATA
4265,Mumbai Coast,18.99699,72.60213,2026-06-02 18:04:32,0.871,0.698,0.529,0.493,MEDIUM,SYNTHETIC_DEMO_DATA
4266,Lakshadweep,10.35673,72.68598,2026-06-02 20:59:23,0.736,0.605,0.767,0.335,MEDIUM,SYNTHETIC_DEMO_DATA
4267,Chennai Coast,12.93992,80.20178,2026-06-02 23:54:14,0.764,0.701,0.669,0.342,MEDIUM,SYNTHETIC_DEMO_DATA
4268,Lakshadweep,10.69028,72.23003,2026-06-03 02:49:05,0.791,0.703,0.636,0.46,MEDIUM,SYNTHETIC_DEMO_DATA
4269,Sundarbans,21.59594,89.26785,2026-06-03 05:43:56,0.732,0.698,0.588,0.539,MEDIUM,SYNTHETIC_DEMO_DATA
4270,Mumbai Coast,19.06692,72.69418,2026-06-03 08:38:47,0.725,0.562,0.47,0.495,MEDIUM,SYNTHETIC_DEMO_DATA
4271,Goa Coast,15.29191,73.61842,2026-06-03 11:33:38,0.892,0.741,0.596,0.388,MEDIUM,SYNTHETIC_DEMO_DATA
4272,Mumbai Coast,19.08658,72.61351,2026-06-03 14:28:29,0.683,0.712,0.618,0.418,MEDIUM,SYNTHETIC_DEMO_DATA
4273,Lakshadweep,10.85628,72.82146,2026-06-03 17:23:20,0.694,0.67,0.65,0.317,MEDIUM,SYNTHETIC_DEMO_DATA
4274,Chennai Coast,12.94269,80.04451,2026-06-03 20:18:11,0.822,0.72,0.688,0.353,MEDIUM,SYNTHETIC_DEMO_DATA
4275,Sundarbans,21.87452,89.46208,2026-06-03 23:13:02,0.837,0.738,0.633,0.453,MEDIUM,SYNTHETIC_DEMO_DATA
4276,Goa Coast,15.32851,74.08861,2026-06-04 02:07:53,0.702,0.677,0.699,0.305,MEDIUM,SYNTHETIC_DEMO_DATA
4277,Sundarbans,21.84573,89.24001,2026-06-04 05:02:44,0.795,0.663,0.529,0.636,HIGH,SYNTHETIC_DEMO_DATA
4278,Goa Coast,15.11795,73.83143,2026-06-04 07:57:35,0.735,0.62,0.623,0.426,MEDIUM,SYNTHETIC_DEMO_DATA
4279,Goa Coast,15.41872,73.96191,2026-06-04 10:52:27,0.569,0.791,0.683,0.353,MEDIUM,SYNTHETIC_DEMO_DATA
4280,Andaman & Nicobar,12.07309,92.8848,2026-06-04 13:47:18,0.668,0.605,0.625,0.617,HIGH,SYNTHETIC_DEMO_DATA
4281,Kerala Coast,9.80948,76.32526,2026-06-04 16:42:09,0.999,0.696,0.537,0.638,HIGH,SYNTHETIC_DEMO_DATA
4282,Andaman & Nicobar,11.85804,92.69646,2026-06-04 19:37:00,0.782,0.6,0.468,0.464,MEDIUM,SYNTHETIC_DEMO_DATA
4283,Odisha Coast,19.99168,85.9029,2026-06-04 22:31:51,0.645,0.754,0.705,0.336,MEDIUM,SYNTHETIC_DEMO_DATA
4284,Kerala Coast,9.67319,76.08379,2026-06-05 01:26:42,0.825,0.612,0.723,0.339,MEDIUM,SYNTHETIC_DEMO_DATA
4285,Odisha Coast,20.00125,85.90832,2026-06-05 04:21:33,0.894,0.78,0.66,0.297,LOW,SYNTHETIC_DEMO_DATA
4286,Goa Coast,15.60003,74.04594,2026-06-05 07:16:24,0.714,0.733,0.7,0.328,MEDIUM,SYNTHETIC_DEMO_DATA
4287,Goa Coast,15.29322,73.96432,2026-06-05 10:11:15,0.781,0.714,0.58,0.453,MEDIUM,SYNTHETIC_DEMO_DATA
4288,Andaman & Nicobar,11.82283,92.69661,2026-06-05 13:06:06,0.619,0.548,0.6,0.537,MEDIUM,SYNTHETIC_DEMO_DATA
4289,Goa Coast,15.48423,73.81154,2026-06-05 16:00:57,0.716,0.67,0.624,0.304,MEDIUM,SYNTHETIC_DEMO_DATA
4290,Chennai Coast,13.0779,80.50026,2026-06-05 18:55:48,0.758,0.64,0.685,0.407,MEDIUM,SYNTHETIC_DEMO_DATA
4291,Sundarbans,21.91083,89.21709,2026-06-05 21:50:39,0.788,0.836,0.652,0.388,MEDIUM,SYNTHETIC_DEMO_DATA
4292,Lakshadweep,10.84741,72.7438,2026-06-06 00:45:30,0.624,0.694,0.635,0.426,MEDIUM,SYNTHETIC_DEMO_DATA
4293,Kerala Coast,10.08777,76.45515,2026-06-06 03:40:21,0.695,0.597,0.663,0.343,MEDIUM,SYNTHETIC_DEMO_DATA
4294,Sundarbans,21.99166,89.09014,2026-06-06 06:35:12,0.751,0.748,0.838,0.301,MEDIUM,SYNTHETIC_DEMO_DATA
4295,Lakshadweep,10.37551,72.53983,2026-06-06 09:30:03,0.38,0.691,0.609,0.398,MEDIUM,SYNTHETIC_DEMO_DATA
4296,Lakshadweep,10.62163,72.61453,2026-06-06 12:24:55,0.616,0.579,0.622,0.351,MEDIUM,SYNTHETIC_DEMO_DATA
4297,Kerala Coast,9.90988,76.79332,2026-06-06 15:19:46,0.637,0.722,0.667,0.266,LOW,SYNTHETIC_DEMO_DATA
4298,Goa Coast,15.11579,73.76489,2026-06-06 18:14:37,0.654,0.748,0.738,0.387,MEDIUM,SYNTHETIC_DEMO_DATA
4299,Sundarbans,21.69303,89.10172,2026-06-06 21:09:28,0.788,0.519,0.465,0.698,HIGH,SYNTHETIC_DEMO_DATA
4300,Sundarbans,21.81085,89.18155,2026-06-07 00:04:19,0.845,0.723,0.603,0.428,MEDIUM,SYNTHETIC_DEMO_DATA
4301,Visakhapatnam,17.51477,83.54708,2026-06-07 02:59:10,0.58,0.44,0.434,0.634,HIGH,SYNTHETIC_DEMO_DATA
4302,Gujarat Coast,22.1813,70.0819,2026-06-07 05:54:01,0.677,0.743,0.649,0.407,MEDIUM,SYNTHETIC_DEMO_DATA
4303,Odisha Coast,19.7469,85.93062,2026-06-07 08:48:52,0.757,0.59,0.648,0.503,MEDIUM,SYNTHETIC_DEMO_DATA
4304,Sundarbans,22.5416,89.074,2026-06-07 11:43:43,0.542,0.723,0.668,0.373,MEDIUM,SYNTHETIC_DEMO_DATA
4305,Gujarat Coast,22.26637,69.5899,2026-06-07 14:38:34,0.465,0.314,0.594,0.659,HIGH,SYNTHETIC_DEMO_DATA
4306,Goa Coast,15.4998,73.85574,2026-06-07 17:33:25,0.769,0.726,0.614,0.424,MEDIUM,SYNTHETIC_DEMO_DATA
4307,Goa Coast,15.76875,74.14258,2026-06-07 20:28:16,0.64,0.591,0.66,0.224,LOW,SYNTHETIC_DEMO_DATA
4308,Goa Coast,15.6743,73.49695,2026-06-07 23:23:07,0.718,0.656,0.7,0.344,MEDIUM,SYNTHETIC_DEMO_DATA
4309,Andaman & Nicobar,11.48652,92.63031,2026-06-08 02:17:58,0.621,0.751,0.645,0.292,LOW,SYNTHETIC_DEMO_DATA
4310,Gujarat Coast,22.02626,69.52308,2026-06-08 05:12:49,0.766,0.644,0.428,0.558,MEDIUM,SYNTHETIC_DEMO_DATA
4311,Mumbai Coast,18.61299,73.07416,2026-06-08 08:07:40,0.797,0.609,0.575,0.508,MEDIUM,SYNTHETIC_DEMO_DATA
4312,Andaman & Nicobar,11.72713,92.432,2026-06-08 11:02:31,0.649,0.584,0.805,0.331,MEDIUM,SYNTHETIC_DEMO_DATA
4313,Chennai Coast,13.09982,80.28306,2026-06-08 13:57:23,0.726,0.717,0.535,0.491,MEDIUM,SYNTHETIC_DEMO_DATA
4314,Sundarbans,22.19987,89.1245,2026-06-08 16:52:14,0.589,0.755,0.828,0.299,LOW,SYNTHETIC_DEMO_DATA
4315,Goa Coast,15.46912,73.63424,2026-06-08 19:47:05,0.805,0.693,0.71,0.303,MEDIUM,SYNTHETIC_DEMO_DATA
4316,Visakhapatnam,17.66901,83.11438,2026-06-08 22:41:56,0.763,0.604,0.523,0.509,MEDIUM,SYNTHETIC_DEMO_DATA
4317,Lakshadweep,10.65407,72.54104,2026-06-09 01:36:47,0.644,0.738,0.657,0.319,MEDIUM,SYNTHETIC_DEMO_DATA
4318,Kerala Coast,9.84924,76.33773,2026-06-09 04:31:38,0.873,0.933,0.677,0.333,MEDIUM,SYNTHETIC_DEMO_DATA
4319,Andaman & Nicobar,11.99492,92.65414,2026-06-09 07:26:29,0.739,0.759,0.621,0.437,MEDIUM,SYNTHETIC_DEMO_DATA
4320,Sundarbans,22.08847,89.46755,2026-06-09 10:21:20,0.672,0.642,0.539,0.663,HIGH,SYNTHETIC_DEMO_DATA
4321,Gujarat Coast,22.5751,69.76695,2026-06-09 13:16:11,0.815,0.569,0.547,0.527,MEDIUM,SYNTHETIC_DEMO_DATA
4322,Kerala Coast,9.78711,76.50956,2026-06-09 16:11:02,0.8,0.795,0.571,0.523,MEDIUM,SYNTHETIC_DEMO_DATA
4323,Kerala Coast,10.03658,76.30795,2026-06-09 19:05:53,0.641,0.531,0.54,0.431,MEDIUM,SYNTHETIC_DEMO_DATA
4324,Visakhapatnam,18.11236,83.29402,2026-06-09 22:00:44,0.635,0.615,0.467,0.422,MEDIUM,SYNTHETIC_DEMO_DATA
4325,Lakshadweep,10.31551,72.72651,2026-06-10 00:55:35,0.461,0.566,0.577,0.536,MEDIUM,SYNTHETIC_DEMO_DATA
4326,Chennai Coast,13.14105,80.08892,2026-06-10 03:50:26,0.717,0.678,0.775,0.312,MEDIUM,SYNTHETIC_DEMO_DATA
4327,Andaman & Nicobar,11.64956,92.64415,2026-06-10 06:45:17,0.856,0.497,0.531,0.672,HIGH,SYNTHETIC_DEMO_DATA
4328,Kerala Coast,9.52863,76.07986,2026-06-10 09:40:08,0.907,0.474,0.454,0.699,HIGH,SYNTHETIC_DEMO_DATA
4329,Sundarbans,21.52909,89.55743,2026-06-10 12:34:59,0.694,0.744,0.509,0.482,MEDIUM,SYNTHETIC_DEMO_DATA
4330,Andaman & Nicobar,11.94438,93.00596,2026-06-10 15:29:50,0.558,0.656,0.534,0.333,MEDIUM,SYNTHETIC_DEMO_DATA
4331,Odisha Coast,19.67111,85.85453,2026-06-10 18:24:42,0.882,0.677,0.651,0.418,MEDIUM,SYNTHETIC_DEMO_DATA
4332,Visakhapatnam,17.50474,83.53953,2026-06-10 21:19:33,0.872,0.85,0.649,0.39,MEDIUM,SYNTHETIC_DEMO_DATA
4333,Andaman & Nicobar,11.73651,92.53356,2026-06-11 00:14:24,0.762,0.695,0.666,0.437,MEDIUM,SYNTHETIC_DEMO_DATA
4334,Andaman & Nicobar,11.8076,92.85386,2026-06-11 03:09:15,0.495,0.661,0.721,0.304,MEDIUM,SYNTHETIC_DEMO_DATA
4335,Lakshadweep,10.38925,72.93626,2026-06-11 06:04:06,0.622,0.455,0.524,0.449,MEDIUM,SYNTHETIC_DEMO_DATA
4336,Kerala Coast,10.06969,76.11094,2026-06-11 08:58:57,0.751,0.835,0.698,0.35,MEDIUM,SYNTHETIC_DEMO_DATA
4337,Goa Coast,15.498,73.64009,2026-06-11 11:53:48,0.751,0.494,0.573,0.451,MEDIUM,SYNTHETIC_DEMO_DATA
4338,Chennai Coast,12.97343,80.19318,2026-06-11 14:48:39,0.661,0.696,0.753,0.319,MEDIUM,SYNTHETIC_DEMO_DATA
4339,Goa Coast,15.80604,73.75345,2026-06-11 17:43:30,0.635,0.849,0.694,0.394,MEDIUM,SYNTHETIC_DEMO_DATA
4340,Mumbai Coast,18.92279,72.86159,2026-06-11 20:38:21,0.52,0.598,0.446,0.41,MEDIUM,SYNTHETIC_DEMO_DATA
4341,Sundarbans,21.81025,89.03311,2026-06-11 23:33:12,0.705,0.698,0.576,0.452,MEDIUM,SYNTHETIC_DEMO_DATA
4342,Kerala Coast,9.98284,76.56902,2026-06-12 02:28:03,0.75,0.586,0.602,0.421,MEDIUM,SYNTHETIC_DEMO_DATA
4343,Kerala Coast,10.03357,76.07613,2026-06-12 05:22:54,0.751,0.518,0.46,0.572,MEDIUM,SYNTHETIC_DEMO_DATA
4344,Visakhapatnam,17.51726,83.58886,2026-06-12 08:17:45,0.656,0.736,0.692,0.432,MEDIUM,SYNTHETIC_DEMO_DATA
4345,Chennai Coast,12.92007,80.31164,2026-06-12 11:12:36,0.548,0.674,0.661,0.41,MEDIUM,SYNTHETIC_DEMO_DATA
4346,Mumbai Coast,18.80085,73.17744,2026-06-12 14:07:27,0.728,0.7,0.689,0.506,MEDIUM,SYNTHETIC_DEMO_DATA
4347,Sundarbans,21.84572,89.27067,2026-06-12 17:02:18,0.713,0.739,0.68,0.387,MEDIUM,SYNTHETIC_DEMO_DATA
4348,Odisha Coast,20.01164,85.95696,2026-06-12 19:57:10,0.92,0.685,0.611,0.52,MEDIUM,SYNTHETIC_DEMO_DATA
4349,Goa Coast,15.28345,73.78463,2026-06-12 22:52:01,0.677,0.756,0.743,0.289,LOW,SYNTHETIC_DEMO_DATA
4350,Chennai Coast,13.16186,80.35663,2026-06-13 01:46:52,0.601,0.719,0.679,0.339,MEDIUM,SYNTHETIC_DEMO_DATA
4351,Gujarat Coast,22.54951,69.41961,2026-06-13 04:41:43,0.735,0.598,0.574,0.572,MEDIUM,SYNTHETIC_DEMO_DATA
4352,Mumbai Coast,18.90807,72.49861,2026-06-13 07:36:34,0.638,0.669,0.818,0.345,MEDIUM,SYNTHETIC_DEMO_DATA
4353,Mumbai Coast,18.77314,72.64122,2026-06-13 10:31:25,0.762,0.688,0.776,0.314,MEDIUM,SYNTHETIC_DEMO_DATA
4354,Kerala Coast,10.02881,76.40194,2026-06-13 13:26:16,0.699,0.608,0.648,0.398,MEDIUM,SYNTHETIC_DEMO_DATA
4355,Kerala Coast,9.3013,76.43241,2026-06-13 16:21:07,0.867,0.633,0.593,0.478,MEDIUM,SYNTHETIC_DEMO_DATA
4356,Andaman & Nicobar,11.68259,92.55778,2026-06-13 19:15:58,0.831,0.779,0.682,0.333,MEDIUM,SYNTHETIC_DEMO_DATA
4357,Lakshadweep,10.55586,72.49833,2026-06-13 22:10:49,0.735,0.686,0.449,0.603,HIGH,SYNTHETIC_DEMO_DATA
4358,Visakhapatnam,17.75556,83.12813,2026-06-14 01:05:40,0.821,0.743,0.578,0.431,MEDIUM,SYNTHETIC_DEMO_DATA
4359,Gujarat Coast,22.40244,69.66991,2026-06-14 04:00:31,0.785,0.645,0.579,0.535,MEDIUM,SYNTHETIC_DEMO_DATA
4360,Lakshadweep,10.41064,72.5127,2026-06-14 06:55:22,0.837,0.874,0.51,0.182,LOW,SYNTHETIC_DEMO_DATA
4361,Sundarbans,21.69243,89.30474,2026-06-14 09:50:13,0.938,0.738,0.764,0.34,MEDIUM,SYNTHETIC_DEMO_DATA
4362,Goa Coast,15.33304,73.90456,2026-06-14 12:45:04,0.662,0.547,0.559,0.537,MEDIUM,SYNTHETIC_DEMO_DATA
4363,Kerala Coast,9.8383,76.13391,2026-06-14 15:39:55,0.937,0.552,0.557,0.559,MEDIUM,SYNTHETIC_DEMO_DATA
4364,Lakshadweep,10.47174,72.43752,2026-06-14 18:34:46,0.669,0.703,0.61,0.337,MEDIUM,SYNTHETIC_DEMO_DATA
4365,Mumbai Coast,18.87773,73.03677,2026-06-14 21:29:38,0.644,0.604,0.743,0.346,MEDIUM,SYNTHETIC_DEMO_DATA
4366,Andaman & Nicobar,11.74891,92.37061,2026-06-15 00:24:29,0.725,0.594,0.449,0.453,MEDIUM,SYNTHETIC_DEMO_DATA
4367,Odisha Coast,19.78712,86.05532,2026-06-15 03:19:20,0.686,0.712,0.628,0.421,MEDIUM,SYNTHETIC_DEMO_DATA
4368,Odisha Coast,19.95002,85.84761,2026-06-15 06:14:11,0.857,0.922,0.585,0.308,MEDIUM,SYNTHETIC_DEMO_DATA
4369,Lakshadweep,10.56098,72.56794,2026-06-15 09:09:02,0.504,0.634,0.624,0.309,MEDIUM,SYNTHETIC_DEMO_DATA
4370,Mumbai Coast,19.06042,72.81468,2026-06-15 12:03:53,0.836,0.576,0.669,0.366,MEDIUM,SYNTHETIC_DEMO_DATA
4371,Mumbai Coast,19.24297,72.90338,2026-06-15 14:58:44,0.659,0.582,0.492,0.662,HIGH,SYNTHETIC_DEMO_DATA
4372,Odisha Coast,19.67194,86.05687,2026-06-15 17:53:35,0.87,0.649,0.655,0.492,MEDIUM,SYNTHETIC_DEMO_DATA
4373,Visakhapatnam,17.56394,83.04309,2026-06-15 20:48:26,0.672,0.686,0.689,0.367,MEDIUM,SYNTHETIC_DEMO_DATA
4374,Andaman & Nicobar,11.603,92.95192,2026-06-15 23:43:17,0.8,0.705,0.537,0.332,MEDIUM,SYNTHETIC_DEMO_DATA
4375,Chennai Coast,13.0152,80.14915,2026-06-16 02:38:08,0.746,0.762,0.693,0.356,MEDIUM,SYNTHETIC_DEMO_DATA
4376,Mumbai Coast,18.63394,72.60463,2026-06-16 05:32:59,0.803,0.674,0.621,0.372,MEDIUM,SYNTHETIC_DEMO_DATA
4377,Chennai Coast,13.06504,80.38184,2026-06-16 08:27:50,0.664,0.61,0.647,0.259,LOW,SYNTHETIC_DEMO_DATA
4378,Visakhapatnam,17.47802,83.42103,2026-06-16 11:22:41,0.437,0.801,0.539,0.367,MEDIUM,SYNTHETIC_DEMO_DATA
4379,Odisha Coast,19.81409,86.08111,2026-06-16 14:17:32,0.626,0.749,0.665,0.46,MEDIUM,SYNTHETIC_DEMO_DATA
4380,Lakshadweep,10.56748,72.3686,2026-06-16 17:12:23,0.748,0.684,0.627,0.302,MEDIUM,SYNTHETIC_DEMO_DATA
4381,Lakshadweep,10.59739,72.20075,2026-06-16 20:07:14,0.668,0.688,0.609,0.383,MEDIUM,SYNTHETIC_DEMO_DATA
4382,Odisha Coast,19.74335,85.87365,2026-06-16 23:02:06,0.629,0.573,0.736,0.444,MEDIUM,SYNTHETIC_DEMO_DATA
4383,Chennai Coast,13.04498,80.0875,2026-06-17 01:56:57,0.835,0.57,0.377,0.728,HIGH,SYNTHETIC_DEMO_DATA
4384,Mumbai Coast,18.6962,72.81918,2026-06-17 04:51:48,0.726,0.78,0.602,0.347,MEDIUM,SYNTHETIC_DEMO_DATA
4385,Chennai Coast,13.23804,80.42383,2026-06-17 07:46:39,0.74,0.641,0.597,0.625,HIGH,SYNTHETIC_DEMO_DATA
4386,Goa Coast,15.36983,73.62414,2026-06-17 10:41:30,0.729,0.8,0.635,0.285,LOW,SYNTHETIC_DEMO_DATA
4387,Visakhapatnam,17.59878,83.49041,2026-06-17 13:36:21,0.713,0.799,0.674,0.42,MEDIUM,SYNTHETIC_DEMO_DATA
4388,Sundarbans,21.91836,89.41141,2026-06-17 16:31:12,0.84,0.823,0.659,0.406,MEDIUM,SYNTHETIC_DEMO_DATA
4389,Chennai Coast,13.11824,80.6624,2026-06-17 19:26:03,0.599,0.485,0.372,0.67,HIGH,SYNTHETIC_DEMO_DATA
4390,Mumbai Coast,18.69544,72.71998,2026-06-17 22:20:54,0.691,0.703,0.669,0.416,MEDIUM,SYNTHETIC_DEMO_DATA
4391,Odisha Coast,19.68522,85.82107,2026-06-18 01:15:45,0.884,0.698,0.542,0.551,MEDIUM,SYNTHETIC_DEMO_DATA
4392,Andaman & Nicobar,11.50693,92.72775,2026-06-18 04:10:36,0.652,0.685,0.605,0.41,MEDIUM,SYNTHETIC_DEMO_DATA
4393,Sundarbans,21.88794,88.84853,2026-06-18 07:05:27,0.839,0.622,0.677,0.596,MEDIUM,SYNTHETIC_DEMO_DATA
4394,Sundarbans,22.0432,89.27975,2026-06-18 10:00:18,0.826,0.614,0.688,0.483,MEDIUM,SYNTHETIC_DEMO_DATA
4395,Mumbai Coast,19.12909,72.83262,2026-06-18 12:55:09,0.608,0.671,0.537,0.394,MEDIUM,SYNTHETIC_DEMO_DATA
4396,Mumbai Coast,18.8982,72.70813,2026-06-18 15:50:00,0.651,0.718,0.589,0.486,MEDIUM,SYNTHETIC_DEMO_DATA
4397,Visakhapatnam,17.68956,83.34513,2026-06-18 18:44:51,0.343,0.77,0.634,0.338,MEDIUM,SYNTHETIC_DEMO_DATA
4398,Visakhapatnam,17.85604,83.46621,2026-06-18 21:39:42,0.654,0.726,0.571,0.498,MEDIUM,SYNTHETIC_DEMO_DATA
4399,Sundarbans,21.92523,89.03655,2026-06-19 00:34:34,0.906,0.692,0.624,0.532,MEDIUM,SYNTHETIC_DEMO_DATA
4400,Gujarat Coast,21.97726,69.84557,2026-06-19 03:29:25,0.631,0.595,0.533,0.41,MEDIUM,SYNTHETIC_DEMO_DATA
4401,Chennai Coast,12.9557,79.70205,2026-06-19 06:24:16,0.543,0.708,0.586,0.322,MEDIUM,SYNTHETIC_DEMO_DATA
4402,Odisha Coast,20.14665,85.73779,2026-06-19 09:19:07,0.76,0.547,0.506,0.62,HIGH,SYNTHETIC_DEMO_DATA
4403,Chennai Coast,13.09853,80.11112,2026-06-19 12:13:58,0.506,0.68,0.542,0.428,MEDIUM,SYNTHETIC_DEMO_DATA
4404,Lakshadweep,10.34765,72.68253,2026-06-19 15:08:49,0.73,0.65,0.591,0.296,LOW,SYNTHETIC_DEMO_DATA
4405,Visakhapatnam,18.41698,83.38806,2026-06-19 18:03:40,0.645,0.816,0.73,0.246,LOW,SYNTHETIC_DEMO_DATA
4406,Andaman & Nicobar,11.65574,92.46607,2026-06-19 20:58:31,0.801,0.785,0.717,0.311,MEDIUM,SYNTHETIC_DEMO_DATA
4407,Visakhapatnam,17.42502,83.08176,2026-06-19 23:53:22,0.887,0.753,0.66,0.415,MEDIUM,SYNTHETIC_DEMO_DATA
4408,Odisha Coast,20.00659,85.86343,2026-06-20 02:48:13,0.691,0.685,0.584,0.439,MEDIUM,SYNTHETIC_DEMO_DATA
4409,Visakhapatnam,17.41134,83.09418,2026-06-20 05:43:04,0.711,0.493,0.671,0.583,MEDIUM,SYNTHETIC_DEMO_DATA
4410,Chennai Coast,13.21649,79.95819,2026-06-20 08:37:55,0.696,0.607,0.49,0.597,MEDIUM,SYNTHETIC_DEMO_DATA
4411,Odisha Coast,19.45776,85.84884,2026-06-20 11:32:46,0.728,0.843,0.665,0.323,MEDIUM,SYNTHETIC_DEMO_DATA
4412,Mumbai Coast,19.15022,73.09639,2026-06-20 14:27:37,0.821,0.616,0.614,0.606,HIGH,SYNTHETIC_DEMO_DATA
4413,Chennai Coast,13.15414,80.23009,2026-06-20 17:22:28,0.776,0.729,0.759,0.241,LOW,SYNTHETIC_DEMO_DATA
4414,Goa Coast,15.73129,73.75518,2026-06-20 20:17:19,0.579,0.621,0.77,0.369,MEDIUM,SYNTHETIC_DEMO_DATA
4415,Kerala Coast,9.39695,76.13538,2026-06-20 23:12:10,0.891,0.676,0.607,0.538,MEDIUM,SYNTHETIC_DEMO_DATA
4416,Kerala Coast,9.97227,76.43063,2026-06-21 02:07:02,0.814,0.799,0.724,0.381,MEDIUM,SYNTHETIC_DEMO_DATA
4417,Kerala Coast,9.58472,76.1255,2026-06-21 05:01:53,0.555,0.751,0.569,0.318,MEDIUM,SYNTHETIC_DEMO_DATA
4418,Odisha Coast,19.95546,85.79488,2026-06-21 07:56:44,0.713,0.653,0.527,0.626,HIGH,SYNTHETIC_DEMO_DATA
4419,Goa Coast,15.60101,73.53673,2026-06-21 10:51:35,0.773,0.895,0.505,0.388,MEDIUM,SYNTHETIC_DEMO_DATA
4420,Odisha Coast,19.76227,85.91931,2026-06-21 13:46:26,0.718,0.606,0.57,0.569,MEDIUM,SYNTHETIC_DEMO_DATA
4421,Goa Coast,15.41612,73.77013,2026-06-21 16:41:17,0.661,0.68,0.745,0.397,MEDIUM,SYNTHETIC_DEMO_DATA
4422,Lakshadweep,10.75352,72.39611,2026-06-21 19:36:08,0.47,0.809,0.731,0.198,LOW,SYNTHETIC_DEMO_DATA
4423,Goa Coast,15.40273,73.76705,2026-06-21 22:30:59,0.662,0.591,0.6,0.421,MEDIUM,SYNTHETIC_DEMO_DATA
4424,Kerala Coast,9.94314,75.91035,2026-06-22 01:25:50,0.908,0.849,0.704,0.314,MEDIUM,SYNTHETIC_DEMO_DATA
4425,Chennai Coast,12.64869,80.37386,2026-06-22 04:20:41,0.607,0.739,0.825,0.265,LOW,SYNTHETIC_DEMO_DATA
4426,Andaman & Nicobar,11.27464,92.53791,2026-06-22 07:15:32,0.768,0.695,0.61,0.383,MEDIUM,SYNTHETIC_DEMO_DATA
4427,Visakhapatnam,17.38278,82.87358,2026-06-22 10:10:23,0.655,0.793,0.819,0.304,MEDIUM,SYNTHETIC_DEMO_DATA
4428,Kerala Coast,9.93715,76.18772,2026-06-22 13:05:14,0.71,0.775,0.722,0.325,MEDIUM,SYNTHETIC_DEMO_DATA
4429,Goa Coast,15.80997,74.05914,2026-06-22 16:00:05,0.428,0.687,0.638,0.359,MEDIUM,SYNTHETIC_DEMO_DATA
4430,Lakshadweep,10.94104,72.83384,2026-06-22 18:54:56,0.641,0.687,0.614,0.412,MEDIUM,SYNTHETIC_DEMO_DATA
4431,Lakshadweep,10.31058,72.71204,2026-06-22 21:49:47,0.705,0.692,0.72,0.299,LOW,SYNTHETIC_DEMO_DATA
4432,Sundarbans,21.65398,89.3626,2026-06-23 00:44:38,0.798,0.86,0.73,0.362,MEDIUM,SYNTHETIC_DEMO_DATA
4433,Andaman & Nicobar,11.97731,92.27335,2026-06-23 03:39:29,0.586,0.755,0.743,0.281,LOW,SYNTHETIC_DEMO_DATA
4434,Odisha Coast,20.03978,86.29416,2026-06-23 06:34:21,0.711,0.416,0.469,0.768,HIGH,SYNTHETIC_DEMO_DATA
4435,Mumbai Coast,19.02911,72.65598,2026-06-23 09:29:12,0.778,0.714,0.623,0.394,MEDIUM,SYNTHETIC_DEMO_DATA
4436,Lakshadweep,10.69211,72.75367,2026-06-23 12:24:03,0.671,0.614,0.549,0.458,MEDIUM,SYNTHETIC_DEMO_DATA
4437,Gujarat Coast,22.23443,69.57886,2026-06-23 15:18:54,0.588,0.596,0.583,0.372,MEDIUM,SYNTHETIC_DEMO_DATA
4438,Lakshadweep,10.25546,72.6723,2026-06-23 18:13:45,0.618,0.6,0.632,0.411,MEDIUM,SYNTHETIC_DEMO_DATA
4439,Chennai Coast,13.48798,80.18566,2026-06-23 21:08:36,0.655,0.83,0.81,0.309,MEDIUM,SYNTHETIC_DEMO_DATA
4440,Chennai Coast,13.03895,80.49182,2026-06-24 00:03:27,0.657,0.532,0.55,0.502,MEDIUM,SYNTHETIC_DEMO_DATA
4441,Chennai Coast,13.33265,80.03338,2026-06-24 02:58:18,0.564,0.763,0.568,0.382,MEDIUM,SYNTHETIC_DEMO_DATA
4442,Chennai Coast,13.18959,80.31008,2026-06-24 05:53:09,0.659,0.885,0.606,0.332,MEDIUM,SYNTHETIC_DEMO_DATA
4443,Gujarat Coast,21.88847,69.94372,2026-06-24 08:48:00,0.579,0.713,0.623,0.42,MEDIUM,SYNTHETIC_DEMO_DATA
4444,Kerala Coast,9.92001,76.29092,2026-06-24 11:42:51,0.604,0.555,0.362,0.794,HIGH,SYNTHETIC_DEMO_DATA
4445,Goa Coast,14.81195,73.82152,2026-06-24 14:37:42,0.881,0.672,0.635,0.311,MEDIUM,SYNTHETIC_DEMO_DATA
4446,Kerala Coast,9.55709,76.47749,2026-06-24 17:32:33,0.739,0.663,0.513,0.621,HIGH,SYNTHETIC_DEMO_DATA
4447,Chennai Coast,12.98165,80.09999,2026-06-24 20:27:24,0.561,0.573,0.624,0.393,MEDIUM,SYNTHETIC_DEMO_DATA
4448,Odisha Coast,19.84396,85.85758,2026-06-24 23:22:15,0.761,0.675,0.575,0.508,MEDIUM,SYNTHETIC_DEMO_DATA
4449,Mumbai Coast,19.14188,72.98296,2026-06-25 02:17:06,0.696,0.607,0.703,0.499,MEDIUM,SYNTHETIC_DEMO_DATA
4450,Andaman & Nicobar,11.62593,92.77399,2026-06-25 05:11:57,0.634,0.564,0.586,0.409,MEDIUM,SYNTHETIC_DEMO_DATA
4451,Andaman & Nicobar,11.40323,92.39951,2026-06-25 08:06:49,0.666,0.857,0.602,0.298,LOW,SYNTHETIC_DEMO_DATA
4452,Visakhapatnam,17.65442,83.35072,2026-06-25 11:01:40,0.516,0.645,0.719,0.252,LOW,SYNTHETIC_DEMO_DATA
4453,Kerala Coast,9.66669,76.41147,2026-06-25 13:56:31,0.718,0.713,0.549,0.535,MEDIUM,SYNTHETIC_DEMO_DATA
4454,Goa Coast,15.47227,73.62376,2026-06-25 16:51:22,0.73,0.525,0.651,0.473,MEDIUM,SYNTHETIC_DEMO_DATA
4455,Gujarat Coast,22.22097,69.44697,2026-06-25 19:46:13,0.492,0.647,0.684,0.334,MEDIUM,SYNTHETIC_DEMO_DATA
4456,Sundarbans,21.66136,89.64394,2026-06-25 22:41:04,0.588,0.614,0.631,0.378,MEDIUM,SYNTHETIC_DEMO_DATA
4457,Mumbai Coast,18.71826,72.63354,2026-06-26 01:35:55,0.394,0.509,0.514,0.537,MEDIUM,SYNTHETIC_DEMO_DATA
4458,Sundarbans,21.9611,89.04107,2026-06-26 04:30:46,0.863,0.787,0.566,0.486,MEDIUM,SYNTHETIC_DEMO_DATA
4459,Odisha Coast,19.53752,85.57963,2026-06-26 07:25:37,0.9,0.586,0.625,0.355,MEDIUM,SYNTHETIC_DEMO_DATA
4460,Gujarat Coast,22.25973,69.45849,2026-06-26 10:20:28,0.838,0.736,0.681,0.459,MEDIUM,SYNTHETIC_DEMO_DATA
4461,Odisha Coast,20.02299,85.48432,2026-06-26 13:15:19,0.948,0.71,0.726,0.41,MEDIUM,SYNTHETIC_DEMO_DATA
4462,Chennai Coast,13.00453,80.34372,2026-06-26 16:10:10,0.586,0.731,0.692,0.318,MEDIUM,SYNTHETIC_DEMO_DATA
4463,Mumbai Coast,18.88093,72.8414,2026-06-26 19:05:01,0.852,0.64,0.479,0.534,MEDIUM,SYNTHETIC_DEMO_DATA
4464,Gujarat Coast,22.0131,69.28601,2026-06-26 21:59:52,0.571,0.638,0.735,0.365,MEDIUM,SYNTHETIC_DEMO_DATA
4465,Kerala Coast,9.72005,76.29806,2026-06-27 00:54:43,0.677,0.743,0.61,0.418,MEDIUM,SYNTHETIC_DEMO_DATA
4466,Sundarbans,22.22425,89.20498,2026-06-27 03:49:34,1.0,0.774,0.726,0.418,MEDIUM,SYNTHETIC_DEMO_DATA
4467,Goa Coast,15.43361,73.83009,2026-06-27 06:44:25,0.588,0.552,0.625,0.47,MEDIUM,SYNTHETIC_DEMO_DATA
4468,Lakshadweep,10.72837,72.60722,2026-06-27 09:39:17,0.521,0.707,0.643,0.306,MEDIUM,SYNTHETIC_DEMO_DATA
4469,Andaman & Nicobar,11.75377,92.5376,2026-06-27 12:34:08,0.663,0.627,0.531,0.411,MEDIUM,SYNTHETIC_DEMO_DATA
4470,Goa Coast,15.27058,73.66036,2026-06-27 15:28:59,0.617,0.671,0.723,0.472,MEDIUM,SYNTHETIC_DEMO_DATA
4471,Kerala Coast,10.05962,76.05412,2026-06-27 18:23:50,0.705,0.853,0.651,0.299,LOW,SYNTHETIC_DEMO_DATA
4472,Andaman & Nicobar,11.49998,92.64374,2026-06-27 21:18:41,0.608,0.657,0.65,0.239,LOW,SYNTHETIC_DEMO_DATA
4473,Kerala Coast,10.07396,76.48205,2026-06-28 00:13:32,0.726,0.627,0.582,0.355,MEDIUM,SYNTHETIC_DEMO_DATA
4474,Odisha Coast,19.53957,85.73674,2026-06-28 03:08:23,0.681,0.764,0.588,0.375,MEDIUM,SYNTHETIC_DEMO_DATA
4475,Andaman & Nicobar,11.96606,92.70231,2026-06-28 06:03:14,0.627,0.802,0.616,0.377,MEDIUM,SYNTHETIC_DEMO_DATA
4476,Chennai Coast,13.25211,80.30853,2026-06-28 08:58:05,0.787,0.697,0.554,0.402,MEDIUM,SYNTHETIC_DEMO_DATA
4477,Lakshadweep,10.87552,72.55604,2026-06-28 11:52:56,0.56,0.623,0.555,0.369,MEDIUM,SYNTHETIC_DEMO_DATA
4478,Chennai Coast,13.21708,80.13479,2026-06-28 14:47:47,0.796,0.707,0.63,0.361,MEDIUM,SYNTHETIC_DEMO_DATA
4479,Andaman & Nicobar,11.71381,92.85044,2026-06-28 17:42:38,0.758,0.797,0.563,0.254,LOW,SYNTHETIC_DEMO_DATA
4480,Mumbai Coast,19.13492,72.85211,2026-06-28 20:37:29,0.939,0.638,0.41,0.609,HIGH,SYNTHETIC_DEMO_DATA
4481,Kerala Coast,9.74019,76.22978,2026-06-28 23:32:20,0.527,0.638,0.768,0.366,MEDIUM,SYNTHETIC_DEMO_DATA
4482,Visakhapatnam,17.55496,83.40969,2026-06-29 02:27:11,0.821,0.599,0.273,0.722,HIGH,SYNTHETIC_DEMO_DATA
4483,Andaman & Nicobar,11.55545,92.73785,2026-06-29 05:22:02,0.701,0.638,0.439,0.616,HIGH,SYNTHETIC_DEMO_DATA
4484,Sundarbans,21.86596,89.56806,2026-06-29 08:16:53,0.99,0.734,0.525,0.578,MEDIUM,SYNTHETIC_DEMO_DATA
4485,Kerala Coast,10.28259,76.35044,2026-06-29 11:11:45,0.658,0.499,0.536,0.526,MEDIUM,SYNTHETIC_DEMO_DATA
4486,Chennai Coast,12.80184,80.2776,2026-06-29 14:06:36,0.662,0.78,0.74,0.423,MEDIUM,SYNTHETIC_DEMO_DATA
4487,Mumbai Coast,18.89969,72.78669,2026-06-29 17:01:27,0.731,0.568,0.505,0.644,HIGH,SYNTHETIC_DEMO_DATA
4488,Visakhapatnam,17.55923,83.29511,2026-06-29 19:56:18,0.785,0.732,0.594,0.378,MEDIUM,SYNTHETIC_DEMO_DATA
4489,Gujarat Coast,22.34759,69.60682,2026-06-29 22:51:09,0.637,0.531,0.817,0.398,MEDIUM,SYNTHETIC_DEMO_DATA
4490,Chennai Coast,13.25673,80.11868,2026-06-30 01:46:00,0.385,0.498,0.507,0.571,MEDIUM,SYNTHETIC_DEMO_DATA
4491,Odisha Coast,20.14829,85.74693,2026-06-30 04:40:51,0.742,0.638,0.686,0.415,MEDIUM,SYNTHETIC_DEMO_DATA
4492,Odisha Coast,19.64439,85.80074,2026-06-30 07:35:42,0.698,0.75,0.693,0.309,MEDIUM,SYNTHETIC_DEMO_DATA
4493,Gujarat Coast,22.07651,69.48372,2026-06-30 10:30:33,0.62,0.748,0.587,0.441,MEDIUM,SYNTHETIC_DEMO_DATA
4494,Visakhapatnam,17.62748,82.97242,2026-06-30 13:25:24,0.817,0.659,0.655,0.313,MEDIUM,SYNTHETIC_DEMO_DATA
4495,Chennai Coast,13.2054,80.19901,2026-06-30 16:20:15,0.618,0.716,0.695,0.434,MEDIUM,SYNTHETIC_DEMO_DATA
4496,Gujarat Coast,22.52295,69.29796,2026-06-30 19:15:06,0.508,0.61,0.586,0.409,MEDIUM,SYNTHETIC_DEMO_DATA
4497,Chennai Coast,12.97056,80.13387,2026-06-30 22:09:57,0.893,0.646,0.494,0.596,MEDIUM,SYNTHETIC_DEMO_DATA
4498,Chennai Coast,13.31708,79.70439,2026-07-01 01:04:48,0.805,0.535,0.62,0.376,MEDIUM,SYNTHETIC_DEMO_DATA
4499,Visakhapatnam,17.65122,83.48209,2026-07-01 03:59:39,0.726,0.556,0.473,0.533,MEDIUM,SYNTHETIC_DEMO_DATA
4500,Chennai Coast,12.80861,80.05371,2026-07-01 06:54:30,0.474,0.624,0.532,0.373,MEDIUM,SYNTHETIC_DEMO_DATA
4501,Gujarat Coast,22.74459,69.78037,2026-07-01 09:49:21,0.602,0.812,0.705,0.264,LOW,SYNTHETIC_DEMO_DATA
4502,Mumbai Coast,19.07997,73.17291,2026-07-01 12:44:13,0.637,0.863,0.701,0.329,MEDIUM,SYNTHETIC_DEMO_DATA
4503,Lakshadweep,10.47174,72.70651,2026-07-01 15:39:04,0.611,0.777,0.725,0.233,LOW,SYNTHETIC_DEMO_DATA
4504,Goa Coast,15.20865,73.89472,2026-07-01 18:33:55,0.764,0.703,0.615,0.47,MEDIUM,SYNTHETIC_DEMO_DATA
4505,Sundarbans,22.21311,89.21099,2026-07-01 21:28:46,0.895,0.569,0.63,0.515,MEDIUM,SYNTHETIC_DEMO_DATA
4506,Chennai Coast,13.32934,80.70477,2026-07-02 00:23:37,0.716,0.73,0.527,0.45,MEDIUM,SYNTHETIC_DEMO_DATA
4507,Visakhapatnam,17.18762,83.11027,2026-07-02 03:18:28,0.576,0.771,0.718,0.3,MEDIUM,SYNTHETIC_DEMO_DATA
4508,Mumbai Coast,18.83428,72.62312,2026-07-02 06:13:19,0.664,0.525,0.533,0.437,MEDIUM,SYNTHETIC_DEMO_DATA
4509,Visakhapatnam,17.85026,83.34285,2026-07-02 09:08:10,0.867,0.65,0.614,0.359,MEDIUM,SYNTHETIC_DEMO_DATA
4510,Lakshadweep,10.55096,72.345,2026-07-02 12:03:01,0.899,0.733,0.566,0.477,MEDIUM,SYNTHETIC_DEMO_DATA
4511,Visakhapatnam,17.55939,83.46546,2026-07-02 14:57:52,0.575,0.675,0.649,0.304,MEDIUM,SYNTHETIC_DEMO_DATA
4512,Mumbai Coast,18.81144,72.8798,2026-07-02 17:52:43,0.786,0.741,0.76,0.375,MEDIUM,SYNTHETIC_DEMO_DATA
4513,Odisha Coast,20.07671,85.98341,2026-07-02 20:47:34,0.658,0.773,0.744,0.339,MEDIUM,SYNTHETIC_DEMO_DATA
4514,Lakshadweep,10.72354,72.82759,2026-07-02 23:42:25,0.652,0.79,0.661,0.228,LOW,SYNTHETIC_DEMO_DATA
4515,Lakshadweep,10.65222,72.87224,2026-07-03 02:37:16,0.659,0.759,0.731,0.384,MEDIUM,SYNTHETIC_DEMO_DATA
4516,Goa Coast,15.43812,74.04924,2026-07-03 05:32:07,0.7,0.512,0.643,0.503,MEDIUM,SYNTHETIC_DEMO_DATA
4517,Chennai Coast,12.70695,80.64876,2026-07-03 08:26:58,0.92,0.553,0.67,0.444,MEDIUM,SYNTHETIC_DEMO_DATA
4518,Sundarbans,21.78085,89.18158,2026-07-03 11:21:49,0.842,0.737,0.574,0.49,MEDIUM,SYNTHETIC_DEMO_DATA
4519,Goa Coast,15.37842,73.54477,2026-07-03 14:16:41,0.808,0.779,0.511,0.34,MEDIUM,SYNTHETIC_DEMO_DATA
4520,Kerala Coast,9.78094,76.48662,2026-07-03 17:11:32,0.805,0.592,0.564,0.644,HIGH,SYNTHETIC_DEMO_DATA
4521,Lakshadweep,10.40407,72.64363,2026-07-03 20:06:23,0.73,0.682,0.614,0.425,MEDIUM,SYNTHETIC_DEMO_DATA
4522,Gujarat Coast,22.60183,69.71683,2026-07-03 23:01:14,0.685,0.675,0.65,0.416,MEDIUM,SYNTHETIC_DEMO_DATA
4523,Mumbai Coast,19.14387,73.00919,2026-07-04 01:56:05,0.701,0.621,0.644,0.391,MEDIUM,SYNTHETIC_DEMO_DATA
4524,Lakshadweep,10.41469,72.61249,2026-07-04 04:50:56,0.625,0.581,0.603,0.413,MEDIUM,SYNTHETIC_DEMO_DATA
4525,Andaman & Nicobar,12.04452,92.29787,2026-07-04 07:45:47,0.771,0.828,0.642,0.349,MEDIUM,SYNTHETIC_DEMO_DATA
4526,Kerala Coast,9.90907,76.22395,2026-07-04 10:40:38,0.924,0.67,0.574,0.482,MEDIUM,SYNTHETIC_DEMO_DATA
4527,Sundarbans,22.03099,88.96901,2026-07-04 13:35:29,0.918,0.755,0.563,0.489,MEDIUM,SYNTHETIC_DEMO_DATA
4528,Sundarbans,21.99514,89.07174,2026-07-04 16:30:20,0.865,0.797,0.626,0.374,MEDIUM,SYNTHETIC_DEMO_DATA
4529,Kerala Coast,9.81435,76.26162,2026-07-04 19:25:11,0.721,0.706,0.727,0.394,MEDIUM,SYNTHETIC_DEMO_DATA
4530,Mumbai Coast,18.91202,73.06454,2026-07-04 22:20:02,0.913,0.646,0.593,0.376,MEDIUM,SYNTHETIC_DEMO_DATA
4531,Sundarbans,21.85831,89.29433,2026-07-05 01:14:53,0.695,0.588,0.503,0.527,MEDIUM,SYNTHETIC_DEMO_DATA
4532,Odisha Coast,20.12482,85.69007,2026-07-05 04:09:44,0.743,0.748,0.646,0.324,MEDIUM,SYNTHETIC_DEMO_DATA
4533,Goa Coast,15.53102,73.57107,2026-07-05 07:04:35,0.689,0.563,0.557,0.429,MEDIUM,SYNTHETIC_DEMO_DATA
4534,Goa Coast,15.5467,73.8138,2026-07-05 09:59:26,0.64,0.591,0.618,0.492,MEDIUM,SYNTHETIC_DEMO_DATA
4535,Sundarbans,22.16609,89.01325,2026-07-05 12:54:17,0.781,0.704,0.45,0.543,MEDIUM,SYNTHETIC_DEMO_DATA
4536,Mumbai Coast,19.17602,72.84302,2026-07-05 15:49:08,0.673,0.748,0.542,0.287,LOW,SYNTHETIC_DEMO_DATA
4537,Sundarbans,21.99109,89.28812,2026-07-05 18:44:00,0.722,0.683,0.621,0.477,MEDIUM,SYNTHETIC_DEMO_DATA
4538,Goa Coast,15.43543,73.83356,2026-07-05 21:38:51,0.658,0.88,0.674,0.312,MEDIUM,SYNTHETIC_DEMO_DATA
4539,Andaman & Nicobar,11.60088,92.43921,2026-07-06 00:33:42,0.81,0.863,0.603,0.277,LOW,SYNTHETIC_DEMO_DATA
4540,Andaman & Nicobar,11.69954,92.57792,2026-07-06 03:28:33,0.555,0.676,0.651,0.337,MEDIUM,SYNTHETIC_DEMO_DATA
4541,Mumbai Coast,19.03632,72.99929,2026-07-06 06:23:24,0.655,0.549,0.485,0.621,HIGH,SYNTHETIC_DEMO_DATA
4542,Gujarat Coast,22.30582,69.9193,2026-07-06 09:18:15,0.642,0.714,0.603,0.338,MEDIUM,SYNTHETIC_DEMO_DATA
4543,Lakshadweep,10.45404,72.80147,2026-07-06 12:13:06,0.802,0.68,0.685,0.351,MEDIUM,SYNTHETIC_DEMO_DATA
4544,Gujarat Coast,22.37333,69.6839,2026-07-06 15:07:57,0.343,0.468,0.537,0.633,HIGH,SYNTHETIC_DEMO_DATA
4545,Kerala Coast,9.8812,76.12672,2026-07-06 18:02:48,0.788,0.624,0.556,0.332,MEDIUM,SYNTHETIC_DEMO_DATA
4546,Goa Coast,15.5629,73.76716,2026-07-06 20:57:39,0.508,0.638,0.503,0.326,MEDIUM,SYNTHETIC_DEMO_DATA
4547,Mumbai Coast,18.77097,73.18456,2026-07-06 23:52:30,0.921,0.665,0.632,0.397,MEDIUM,SYNTHETIC_DEMO_DATA
4548,Andaman & Nicobar,11.42529,92.69666,2026-07-07 02:47:21,0.517,0.535,0.717,0.269,LOW,SYNTHETIC_DEMO_DATA
4549,Mumbai Coast,19.21411,72.8752,2026-07-07 05:42:12,0.514,0.727,0.608,0.438,MEDIUM,SYNTHETIC_DEMO_DATA
4550,Andaman & Nicobar,12.15391,92.66338,2026-07-07 08:37:03,0.695,0.833,0.728,0.261,LOW,SYNTHETIC_DEMO_DATA
4551,Sundarbans,22.03527,89.33923,2026-07-07 11:31:54,0.871,0.746,0.72,0.477,MEDIUM,SYNTHETIC_DEMO_DATA
4552,Sundarbans,22.09967,89.14965,2026-07-07 14:26:45,0.68,0.74,0.672,0.538,MEDIUM,SYNTHETIC_DEMO_DATA
4553,Sundarbans,21.75613,89.19738,2026-07-07 17:21:36,0.757,0.763,0.742,0.368,MEDIUM,SYNTHETIC_DEMO_DATA
4554,Mumbai Coast,19.20596,73.03662,2026-07-07 20:16:28,0.817,0.615,0.576,0.535,MEDIUM,SYNTHETIC_DEMO_DATA
4555,Goa Coast,15.35782,73.84975,2026-07-07 23:11:19,0.673,0.54,0.737,0.438,MEDIUM,SYNTHETIC_DEMO_DATA
4556,Visakhapatnam,17.70509,83.27591,2026-07-08 02:06:10,0.668,0.66,0.603,0.32,MEDIUM,SYNTHETIC_DEMO_DATA
4557,Odisha Coast,20.0542,86.13178,2026-07-08 05:01:01,0.627,0.845,0.675,0.334,MEDIUM,SYNTHETIC_DEMO_DATA
4558,Andaman & Nicobar,11.51563,92.44805,2026-07-08 07:55:52,0.837,0.763,0.574,0.317,MEDIUM,SYNTHETIC_DEMO_DATA
4559,Goa Coast,15.32665,73.71347,2026-07-08 10:50:43,0.637,0.708,0.522,0.368,MEDIUM,SYNTHETIC_DEMO_DATA
4560,Gujarat Coast,22.12529,69.47927,2026-07-08 13:45:34,0.657,0.666,0.674,0.419,MEDIUM,SYNTHETIC_DEMO_DATA
4561,Kerala Coast,9.88564,76.11711,2026-07-08 16:40:25,0.884,0.685,0.603,0.437,MEDIUM,SYNTHETIC_DEMO_DATA
4562,Kerala Coast,10.12895,76.5143,2026-07-08 19:35:16,0.919,0.528,0.797,0.356,MEDIUM,SYNTHETIC_DEMO_DATA
4563,Sundarbans,22.20042,89.39188,2026-07-08 22:30:07,0.776,0.728,0.536,0.565,MEDIUM,SYNTHETIC_DEMO_DATA
4564,Odisha Coast,19.56997,85.91143,2026-07-09 01:24:58,0.778,0.689,0.714,0.465,MEDIUM,SYNTHETIC_DEMO_DATA
4565,Andaman & Nicobar,11.62295,92.54797,2026-07-09 04:19:49,0.686,0.713,0.674,0.264,LOW,SYNTHETIC_DEMO_DATA
4566,Chennai Coast,12.73923,80.17416,2026-07-09 07:14:40,0.688,0.726,0.72,0.309,MEDIUM,SYNTHETIC_DEMO_DATA
4567,Goa Coast,15.20835,73.78645,2026-07-09 10:09:31,0.651,0.641,0.598,0.467,MEDIUM,SYNTHETIC_DEMO_DATA
4568,Goa Coast,15.4062,73.73044,2026-07-09 13:04:22,0.585,0.719,0.549,0.555,MEDIUM,SYNTHETIC_DEMO_DATA
4569,Chennai Coast,13.09206,80.39064,2026-07-09 15:59:13,0.657,0.677,0.624,0.318,MEDIUM,SYNTHETIC_DEMO_DATA
4570,Visakhapatnam,17.39543,83.29268,2026-07-09 18:54:04,0.682,0.574,0.743,0.344,MEDIUM,SYNTHETIC_DEMO_DATA
4571,Gujarat Coast,22.66563,69.82492,2026-07-09 21:48:56,0.596,0.446,0.473,0.622,HIGH,SYNTHETIC_DEMO_DATA
4572,Sundarbans,21.98741,89.33356,2026-07-10 00:43:47,0.763,0.61,0.615,0.388,MEDIUM,SYNTHETIC_DEMO_DATA
4573,Kerala Coast,9.84338,76.34756,2026-07-10 03:38:38,0.643,0.519,0.583,0.542,MEDIUM,SYNTHETIC_DEMO_DATA
4574,Andaman & Nicobar,11.96989,92.73596,2026-07-10 06:33:29,0.551,0.508,0.68,0.398,MEDIUM,SYNTHETIC_DEMO_DATA
4575,Goa Coast,15.74177,73.66102,2026-07-10 09:28:20,0.712,0.541,0.617,0.499,MEDIUM,SYNTHETIC_DEMO_DATA
4576,Goa Coast,15.7406,73.89286,2026-07-10 12:23:11,0.759,0.806,0.545,0.453,MEDIUM,SYNTHETIC_DEMO_DATA
4577,Sundarbans,21.96838,89.12466,2026-07-10 15:18:02,0.939,0.688,0.573,0.565,MEDIUM,SYNTHETIC_DEMO_DATA
4578,Odisha Coast,19.81368,85.94602,2026-07-10 18:12:53,0.636,0.607,0.658,0.444,MEDIUM,SYNTHETIC_DEMO_DATA
4579,Visakhapatnam,17.99535,83.39787,2026-07-10 21:07:44,0.692,0.773,0.657,0.285,LOW,SYNTHETIC_DEMO_DATA
4580,Visakhapatnam,17.70868,83.15491,2026-07-11 00:02:35,0.652,0.725,0.54,0.5,MEDIUM,SYNTHETIC_DEMO_DATA
4581,Odisha Coast,19.86369,85.65739,2026-07-11 02:57:26,0.699,0.726,0.589,0.486,MEDIUM,SYNTHETIC_DEMO_DATA
4582,Lakshadweep,10.5826,72.45457,2026-07-11 05:52:17,0.87,0.75,0.636,0.303,MEDIUM,SYNTHETIC_DEMO_DATA
4583,Odisha Coast,20.14051,85.71174,2026-07-11 08:47:08,0.902,0.677,0.695,0.353,MEDIUM,SYNTHETIC_DEMO_DATA
4584,Goa Coast,15.5948,74.09149,2026-07-11 11:41:59,0.764,0.73,0.572,0.505,MEDIUM,SYNTHETIC_DEMO_DATA
4585,Mumbai Coast,18.91502,72.72387,2026-07-11 14:36:50,0.68,0.555,0.639,0.391,MEDIUM,SYNTHETIC_DEMO_DATA
4586,Gujarat Coast,22.43342,69.58738,2026-07-11 17:31:41,0.734,0.568,0.703,0.592,MEDIUM,SYNTHETIC_DEMO_DATA
4587,Visakhapatnam,17.59539,83.23691,2026-07-11 20:26:32,0.867,0.818,0.816,0.302,MEDIUM,SYNTHETIC_DEMO_DATA
4588,Chennai Coast,12.91116,80.74606,2026-07-11 23:21:24,0.531,0.601,0.667,0.318,MEDIUM,SYNTHETIC_DEMO_DATA
4589,Gujarat Coast,22.41664,69.49469,2026-07-12 02:16:15,0.653,0.71,0.648,0.45,MEDIUM,SYNTHETIC_DEMO_DATA
4590,Visakhapatnam,17.92517,83.14882,2026-07-12 05:11:06,0.588,0.644,0.658,0.314,MEDIUM,SYNTHETIC_DEMO_DATA
4591,Gujarat Coast,22.27112,69.61106,2026-07-12 08:05:57,0.669,0.63,0.512,0.558,MEDIUM,SYNTHETIC_DEMO_DATA
4592,Sundarbans,21.85037,89.2929,2026-07-12 11:00:48,0.883,0.624,0.597,0.59,MEDIUM,SYNTHETIC_DEMO_DATA
4593,Sundarbans,21.75225,89.39191,2026-07-12 13:55:39,0.645,0.722,0.743,0.338,MEDIUM,SYNTHETIC_DEMO_DATA
4594,Goa Coast,15.5034,74.0728,2026-07-12 16:50:30,0.632,0.63,0.713,0.281,LOW,SYNTHETIC_DEMO_DATA
4595,Gujarat Coast,22.34039,69.42326,2026-07-12 19:45:21,0.549,0.545,0.676,0.5,MEDIUM,SYNTHETIC_DEMO_DATA
4596,Sundarbans,21.81732,89.12628,2026-07-12 22:40:12,0.678,0.671,0.599,0.393,MEDIUM,SYNTHETIC_DEMO_DATA
4597,Andaman & Nicobar,11.44823,92.91798,2026-07-13 01:35:03,0.979,0.877,0.733,0.237,LOW,SYNTHETIC_DEMO_DATA
4598,Sundarbans,22.12077,89.27187,2026-07-13 04:29:54,0.723,0.506,0.691,0.568,MEDIUM,SYNTHETIC_DEMO_DATA
4599,Lakshadweep,10.52877,72.46787,2026-07-13 07:24:45,0.679,0.692,0.562,0.531,MEDIUM,SYNTHETIC_DEMO_DATA
4600,Goa Coast,15.76825,74.05724,2026-07-13 10:19:36,0.57,0.753,0.676,0.343,MEDIUM,SYNTHETIC_DEMO_DATA
4601,Lakshadweep,10.44556,72.52669,2026-07-13 13:14:27,0.646,0.615,0.704,0.291,LOW,SYNTHETIC_DEMO_DATA
4602,Lakshadweep,10.82302,72.47004,2026-07-13 16:09:18,0.66,0.766,0.622,0.28,LOW,SYNTHETIC_DEMO_DATA
4603,Chennai Coast,13.21852,80.144,2026-07-13 19:04:09,0.765,0.697,0.625,0.352,MEDIUM,SYNTHETIC_DEMO_DATA
4604,Goa Coast,15.53348,73.60043,2026-07-13 21:59:00,0.599,0.564,0.515,0.56,MEDIUM,SYNTHETIC_DEMO_DATA
4605,Visakhapatnam,17.63849,83.1177,2026-07-14 00:53:52,0.68,0.61,0.693,0.354,MEDIUM,SYNTHETIC_DEMO_DATA
4606,Kerala Coast,10.12103,76.3768,2026-07-14 03:48:43,0.761,0.622,0.552,0.4,MEDIUM,SYNTHETIC_DEMO_DATA
4607,Visakhapatnam,17.632,83.09837,2026-07-14 06:43:34,0.763,0.777,0.532,0.372,MEDIUM,SYNTHETIC_DEMO_DATA
4608,Kerala Coast,9.89722,76.11536,2026-07-14 09:38:25,0.951,0.55,0.621,0.439,MEDIUM,SYNTHETIC_DEMO_DATA
4609,Andaman & Nicobar,11.41884,92.65076,2026-07-14 12:33:16,0.553,0.531,0.624,0.297,LOW,SYNTHETIC_DEMO_DATA
4610,Kerala Coast,10.35391,76.1595,2026-07-14 15:28:07,0.519,0.582,0.641,0.466,MEDIUM,SYNTHETIC_DEMO_DATA
4611,Sundarbans,21.69727,89.05472,2026-07-14 18:22:58,0.759,0.592,0.596,0.499,MEDIUM,SYNTHETIC_DEMO_DATA
4612,Chennai Coast,13.21582,80.02943,2026-07-14 21:17:49,0.588,0.875,0.758,0.29,LOW,SYNTHETIC_DEMO_DATA
4613,Goa Coast,15.602,74.07069,2026-07-15 00:12:40,0.491,0.76,0.652,0.413,MEDIUM,SYNTHETIC_DEMO_DATA
4614,Mumbai Coast,19.01728,72.79644,2026-07-15 03:07:31,0.577,0.662,0.718,0.356,MEDIUM,SYNTHETIC_DEMO_DATA
4615,Mumbai Coast,18.88935,72.90647,2026-07-15 06:02:22,0.567,0.505,0.684,0.313,MEDIUM,SYNTHETIC_DEMO_DATA
4616,Kerala Coast,9.66646,76.37191,2026-07-15 08:57:13,0.815,0.769,0.506,0.559,MEDIUM,SYNTHETIC_DEMO_DATA
4617,Visakhapatnam,17.88706,83.20875,2026-07-15 11:52:04,0.746,0.772,0.704,0.317,MEDIUM,SYNTHETIC_DEMO_DATA
4618,Mumbai Coast,18.94176,72.94707,2026-07-15 14:46:55,0.797,0.639,0.717,0.352,MEDIUM,SYNTHETIC_DEMO_DATA
4619,Gujarat Coast,22.18379,69.53936,2026-07-15 17:41:46,0.518,0.691,0.627,0.382,MEDIUM,SYNTHETIC_DEMO_DATA
4620,Andaman & Nicobar,11.44929,92.83794,2026-07-15 20:36:37,0.8,0.674,0.636,0.328,MEDIUM,SYNTHETIC_DEMO_DATA
4621,Gujarat Coast,22.38137,69.47677,2026-07-15 23:31:28,0.617,0.53,0.511,0.548,MEDIUM,SYNTHETIC_DEMO_DATA
4622,Lakshadweep,10.46055,72.59319,2026-07-16 02:26:19,0.68,0.627,0.633,0.395,MEDIUM,SYNTHETIC_DEMO_DATA
4623,Andaman & Nicobar,11.74291,93.02068,2026-07-16 05:21:11,0.872,0.432,0.488,0.664,HIGH,SYNTHETIC_DEMO_DATA
4624,Sundarbans,22.01059,88.92885,2026-07-16 08:16:02,0.497,0.623,0.616,0.432,MEDIUM,SYNTHETIC_DEMO_DATA
4625,Chennai Coast,13.21547,79.91227,2026-07-16 11:10:53,0.537,0.589,0.646,0.321,MEDIUM,SYNTHETIC_DEMO_DATA
4626,Chennai Coast,13.08587,80.51974,2026-07-16 14:05:44,0.464,0.506,0.653,0.386,MEDIUM,SYNTHETIC_DEMO_DATA
4627,Sundarbans,21.79666,89.2009,2026-07-16 17:00:35,0.717,0.454,0.534,0.555,MEDIUM,SYNTHETIC_DEMO_DATA
4628,Odisha Coast,19.88592,85.2601,2026-07-16 19:55:26,0.803,0.628,0.599,0.572,MEDIUM,SYNTHETIC_DEMO_DATA
4629,Goa Coast,15.31249,74.17916,2026-07-16 22:50:17,0.743,0.807,0.686,0.327,MEDIUM,SYNTHETIC_DEMO_DATA
4630,Chennai Coast,12.76059,80.15379,2026-07-17 01:45:08,0.7,0.37,0.436,0.722,HIGH,SYNTHETIC_DEMO_DATA
4631,Odisha Coast,19.61302,85.77753,2026-07-17 04:39:59,0.59,0.782,0.76,0.266,LOW,SYNTHETIC_DEMO_DATA
4632,Visakhapatnam,17.47198,83.00345,2026-07-17 07:34:50,0.453,0.732,0.559,0.292,LOW,SYNTHETIC_DEMO_DATA
4633,Visakhapatnam,17.51059,83.53221,2026-07-17 10:29:41,0.833,0.594,0.651,0.362,MEDIUM,SYNTHETIC_DEMO_DATA
4634,Odisha Coast,19.55256,85.81837,2026-07-17 13:24:32,0.608,0.781,0.748,0.321,MEDIUM,SYNTHETIC_DEMO_DATA
4635,Odisha Coast,19.79779,85.72285,2026-07-17 16:19:23,0.689,0.574,0.46,0.635,HIGH,SYNTHETIC_DEMO_DATA
4636,Goa Coast,15.50187,73.71473,2026-07-17 19:14:14,0.626,0.583,0.635,0.352,MEDIUM,SYNTHETIC_DEMO_DATA
4637,Andaman & Nicobar,11.9589,92.55025,2026-07-17 22:09:05,0.742,0.844,0.637,0.331,MEDIUM,SYNTHETIC_DEMO_DATA
4638,Kerala Coast,10.48546,76.16725,2026-07-18 01:03:56,0.8,0.758,0.544,0.466,MEDIUM,SYNTHETIC_DEMO_DATA
4639,Gujarat Coast,22.35689,69.3669,2026-07-18 03:58:47,0.514,0.67,0.542,0.465,MEDIUM,SYNTHETIC_DEMO_DATA
4640,Lakshadweep,10.35035,72.5132,2026-07-18 06:53:39,0.737,0.8,0.52,0.388,MEDIUM,SYNTHETIC_DEMO_DATA
4641,Andaman & Nicobar,11.84052,92.57775,2026-07-18 09:48:30,0.503,0.529,0.526,0.545,MEDIUM,SYNTHETIC_DEMO_DATA
4642,Sundarbans,22.18418,89.26929,2026-07-18 12:43:21,0.825,0.758,0.584,0.415,MEDIUM,SYNTHETIC_DEMO_DATA
4643,Lakshadweep,10.50009,72.80552,2026-07-18 15:38:12,0.636,0.563,0.569,0.607,HIGH,SYNTHETIC_DEMO_DATA
4644,Sundarbans,21.58088,89.64098,2026-07-18 18:33:03,0.808,0.752,0.559,0.397,MEDIUM,SYNTHETIC_DEMO_DATA
4645,Sundarbans,21.59327,89.2249,2026-07-18 21:27:54,0.743,0.627,0.608,0.441,MEDIUM,SYNTHETIC_DEMO_DATA
4646,Kerala Coast,10.11832,76.4332,2026-07-19 00:22:45,0.688,0.673,0.485,0.476,MEDIUM,SYNTHETIC_DEMO_DATA
4647,Goa Coast,15.58714,73.88147,2026-07-19 03:17:36,0.851,0.853,0.667,0.27,LOW,SYNTHETIC_DEMO_DATA
4648,Sundarbans,21.73857,89.06748,2026-07-19 06:12:27,0.858,0.838,0.716,0.377,MEDIUM,SYNTHETIC_DEMO_DATA
4649,Visakhapatnam,17.79841,83.16465,2026-07-19 09:07:18,0.64,0.551,0.54,0.601,HIGH,SYNTHETIC_DEMO_DATA
4650,Visakhapatnam,17.50129,82.89609,2026-07-19 12:02:09,0.605,0.655,0.707,0.296,LOW,SYNTHETIC_DEMO_DATA
4651,Chennai Coast,12.86214,80.33943,2026-07-19 14:57:00,0.868,0.714,0.471,0.574,MEDIUM,SYNTHETIC_DEMO_DATA
4652,Lakshadweep,10.46156,72.67878,2026-07-19 17:51:51,0.684,0.56,0.643,0.403,MEDIUM,SYNTHETIC_DEMO_DATA
4653,Chennai Coast,13.21311,80.33399,2026-07-19 20:46:42,0.547,0.838,0.903,0.179,LOW,SYNTHETIC_DEMO_DATA
4654,Visakhapatnam,17.5841,83.01714,2026-07-19 23:41:33,0.523,0.758,0.776,0.232,LOW,SYNTHETIC_DEMO_DATA
4655,Odisha Coast,20.00599,86.11759,2026-07-20 02:36:24,0.765,0.725,0.525,0.524,MEDIUM,SYNTHETIC_DEMO_DATA
4656,Odisha Coast,20.11742,86.22805,2026-07-20 05:31:15,0.878,0.566,0.574,0.693,HIGH,SYNTHETIC_DEMO_DATA
4657,Odisha Coast,19.66345,85.99154,2026-07-20 08:26:07,0.929,0.756,0.829,0.341,MEDIUM,SYNTHETIC_DEMO_DATA
4658,Mumbai Coast,19.03324,73.22022,2026-07-20 11:20:58,0.685,0.609,0.648,0.383,MEDIUM,SYNTHETIC_DEMO_DATA
4659,Kerala Coast,9.96065,76.03663,2026-07-20 14:15:49,0.705,0.653,0.587,0.394,MEDIUM,SYNTHETIC_DEMO_DATA
4660,Kerala Coast,9.95775,76.36882,2026-07-20 17:10:40,0.979,0.852,0.711,0.412,MEDIUM,SYNTHETIC_DEMO_DATA
4661,Andaman & Nicobar,11.78267,92.85177,2026-07-20 20:05:31,0.825,0.686,0.793,0.45,MEDIUM,SYNTHETIC_DEMO_DATA
4662,Mumbai Coast,18.71214,72.64734,2026-07-20 23:00:22,0.984,0.845,0.606,0.457,MEDIUM,SYNTHETIC_DEMO_DATA
4663,Odisha Coast,19.9947,85.80148,2026-07-21 01:55:13,0.806,0.631,0.454,0.576,MEDIUM,SYNTHETIC_DEMO_DATA
4664,Chennai Coast,13.01234,80.48153,2026-07-21 04:50:04,0.725,0.709,0.626,0.506,MEDIUM,SYNTHETIC_DEMO_DATA
4665,Chennai Coast,12.84728,80.25281,2026-07-21 07:44:55,0.704,0.752,0.62,0.36,MEDIUM,SYNTHETIC_DEMO_DATA
4666,Andaman & Nicobar,11.28945,92.79823,2026-07-21 10:39:46,0.718,0.566,0.523,0.571,MEDIUM,SYNTHETIC_DEMO_DATA
4667,Chennai Coast,12.95225,80.36371,2026-07-21 13:34:37,0.624,0.828,0.694,0.297,LOW,SYNTHETIC_DEMO_DATA
4668,Odisha Coast,20.10516,85.56982,2026-07-21 16:29:28,0.826,0.802,0.859,0.417,MEDIUM,SYNTHETIC_DEMO_DATA
4669,Goa Coast,15.82447,73.84271,2026-07-21 19:24:19,0.716,0.84,0.724,0.276,LOW,SYNTHETIC_DEMO_DATA
4670,Kerala Coast,9.96586,76.56107,2026-07-21 22:19:10,0.843,0.504,0.44,0.725,HIGH,SYNTHETIC_DEMO_DATA
4671,Sundarbans,21.98641,89.17489,2026-07-22 01:14:01,0.974,0.641,0.582,0.571,MEDIUM,SYNTHETIC_DEMO_DATA
4672,Gujarat Coast,22.22173,69.46212,2026-07-22 04:08:52,0.796,0.589,0.519,0.531,MEDIUM,SYNTHETIC_DEMO_DATA
4673,Visakhapatnam,17.86229,83.14235,2026-07-22 07:03:43,0.64,0.818,0.757,0.277,LOW,SYNTHETIC_DEMO_DATA
4674,Andaman & Nicobar,11.90107,92.53415,2026-07-22 09:58:35,0.755,0.572,0.481,0.555,MEDIUM,SYNTHETIC_DEMO_DATA
4675,Andaman & Nicobar,11.37392,92.91757,2026-07-22 12:53:26,0.693,0.716,0.544,0.393,MEDIUM,SYNTHETIC_DEMO_DATA
4676,Chennai Coast,13.02367,80.21121,2026-07-22 15:48:17,0.791,0.611,0.46,0.524,MEDIUM,SYNTHETIC_DEMO_DATA
4677,Mumbai Coast,19.53169,72.65642,2026-07-22 18:43:08,0.929,0.628,0.753,0.422,MEDIUM,SYNTHETIC_DEMO_DATA
4678,Mumbai Coast,18.71647,72.8496,2026-07-22 21:37:59,0.581,0.781,0.696,0.316,MEDIUM,SYNTHETIC_DEMO_DATA
4679,Gujarat Coast,22.48432,69.55543,2026-07-23 00:32:50,0.705,0.69,0.697,0.34,MEDIUM,SYNTHETIC_DEMO_DATA
4680,Sundarbans,21.52443,89.3983,2026-07-23 03:27:41,0.673,0.62,0.557,0.452,MEDIUM,SYNTHETIC_DEMO_DATA
4681,Chennai Coast,13.21583,80.3154,2026-07-23 06:22:32,0.544,0.766,0.732,0.31,MEDIUM,SYNTHETIC_DEMO_DATA
4682,Odisha Coast,19.66213,85.99369,2026-07-23 09:17:23,0.825,0.755,0.648,0.455,MEDIUM,SYNTHETIC_DEMO_DATA
4683,Gujarat Coast,22.368,69.82762,2026-07-23 12:12:14,0.781,0.561,0.703,0.493,MEDIUM,SYNTHETIC_DEMO_DATA
4684,Sundarbans,21.58192,89.39261,2026-07-23 15:07:05,0.732,0.767,0.635,0.523,MEDIUM,SYNTHETIC_DEMO_DATA
4685,Mumbai Coast,18.75355,72.62277,2026-07-23 18:01:56,0.683,0.836,0.744,0.311,MEDIUM,SYNTHETIC_DEMO_DATA
4686,Goa Coast,15.42938,74.1845,2026-07-23 20:56:47,0.606,0.876,0.553,0.332,MEDIUM,SYNTHETIC_DEMO_DATA
4687,Lakshadweep,10.64327,72.68841,2026-07-23 23:51:38,0.711,0.766,0.616,0.406,MEDIUM,SYNTHETIC_DEMO_DATA
4688,Visakhapatnam,17.83366,83.32838,2026-07-24 02:46:29,0.797,0.597,0.562,0.391,MEDIUM,SYNTHETIC_DEMO_DATA
4689,Sundarbans,22.14688,89.47613,2026-07-24 05:41:20,0.663,0.72,0.65,0.374,MEDIUM,SYNTHETIC_DEMO_DATA
4690,Goa Coast,15.47295,73.89902,2026-07-24 08:36:11,0.8,0.725,0.741,0.37,MEDIUM,SYNTHETIC_DEMO_DATA
4691,Sundarbans,21.77116,89.66041,2026-07-24 11:31:03,0.838,0.714,0.652,0.492,MEDIUM,SYNTHETIC_DEMO_DATA
4692,Sundarbans,21.67883,89.35088,2026-07-24 14:25:54,0.784,0.712,0.605,0.562,MEDIUM,SYNTHETIC_DEMO_DATA
4693,Lakshadweep,10.45004,72.72272,2026-07-24 17:20:45,0.762,0.743,0.635,0.291,LOW,SYNTHETIC_DEMO_DATA
4694,Andaman & Nicobar,11.65953,92.70163,2026-07-24 20:15:36,0.636,0.748,0.597,0.313,MEDIUM,SYNTHETIC_DEMO_DATA
4695,Goa Coast,15.62092,73.76749,2026-07-24 23:10:27,0.724,0.682,0.522,0.528,MEDIUM,SYNTHETIC_DEMO_DATA
4696,Andaman & Nicobar,12.27953,92.44141,2026-07-25 02:05:18,0.691,0.641,0.666,0.364,MEDIUM,SYNTHETIC_DEMO_DATA
4697,Sundarbans,22.08585,89.14168,2026-07-25 05:00:09,0.6,0.477,0.549,0.594,MEDIUM,SYNTHETIC_DEMO_DATA
4698,Sundarbans,21.85266,89.11889,2026-07-25 07:55:00,0.713,0.666,0.64,0.477,MEDIUM,SYNTHETIC_DEMO_DATA
4699,Chennai Coast,13.10322,80.02148,2026-07-25 10:49:51,0.81,0.784,0.506,0.533,MEDIUM,SYNTHETIC_DEMO_DATA
4700,Sundarbans,21.6035,89.52426,2026-07-25 13:44:42,0.693,0.85,0.639,0.393,MEDIUM,SYNTHETIC_DEMO_DATA
4701,Andaman & Nicobar,11.62791,92.3521,2026-07-25 16:39:33,0.806,0.788,0.527,0.398,MEDIUM,SYNTHETIC_DEMO_DATA
4702,Sundarbans,21.94636,89.09215,2026-07-25 19:34:24,0.824,0.599,0.641,0.542,MEDIUM,SYNTHETIC_DEMO_DATA
4703,Mumbai Coast,18.86872,72.556,2026-07-25 22:29:15,0.721,0.619,0.73,0.383,MEDIUM,SYNTHETIC_DEMO_DATA
4704,Andaman & Nicobar,11.56092,92.53403,2026-07-26 01:24:06,0.84,0.548,0.615,0.394,MEDIUM,SYNTHETIC_DEMO_DATA
4705,Goa Coast,15.51989,73.97717,2026-07-26 04:18:57,0.776,0.812,0.761,0.293,LOW,SYNTHETIC_DEMO_DATA
4706,Visakhapatnam,17.46464,83.2759,2026-07-26 07:13:48,0.741,0.706,0.642,0.386,MEDIUM,SYNTHETIC_DEMO_DATA
4707,Kerala Coast,9.66608,75.84779,2026-07-26 10:08:39,0.712,0.787,0.559,0.325,MEDIUM,SYNTHETIC_DEMO_DATA
4708,Mumbai Coast,19.02844,72.91164,2026-07-26 13:03:31,0.838,0.59,0.601,0.444,MEDIUM,SYNTHETIC_DEMO_DATA
4709,Goa Coast,15.25244,73.74026,2026-07-26 15:58:22,0.772,0.728,0.685,0.236,LOW,SYNTHETIC_DEMO_DATA
4710,Kerala Coast,9.76804,76.54213,2026-07-26 18:53:13,0.734,0.764,0.739,0.356,MEDIUM,SYNTHETIC_DEMO_DATA
4711,Visakhapatnam,17.50084,83.29879,2026-07-26 21:48:04,0.586,0.835,0.667,0.278,LOW,SYNTHETIC_DEMO_DATA
4712,Goa Coast,15.22239,73.81352,2026-07-27 00:42:55,0.622,0.543,0.644,0.543,MEDIUM,SYNTHETIC_DEMO_DATA
4713,Andaman & Nicobar,11.781,92.71943,2026-07-27 03:37:46,0.732,0.682,0.611,0.347,MEDIUM,SYNTHETIC_DEMO_DATA
4714,Kerala Coast,10.10111,76.30443,2026-07-27 06:32:37,0.99,0.765,0.692,0.42,MEDIUM,SYNTHETIC_DEMO_DATA
4715,Sundarbans,21.59853,89.02754,2026-07-27 09:27:28,0.708,0.66,0.489,0.393,MEDIUM,SYNTHETIC_DEMO_DATA
4716,Mumbai Coast,18.8942,72.76255,2026-07-27 12:22:19,0.612,0.7,0.745,0.243,LOW,SYNTHETIC_DEMO_DATA
4717,Andaman & Nicobar,11.82863,92.73078,2026-07-27 15:17:10,0.719,0.74,0.638,0.371,MEDIUM,SYNTHETIC_DEMO_DATA
4718,Lakshadweep,10.46317,72.44747,2026-07-27 18:12:01,0.756,0.501,0.458,0.548,MEDIUM,SYNTHETIC_DEMO_DATA
4719,Kerala Coast,10.03462,76.26174,2026-07-27 21:06:52,0.909,0.639,0.62,0.603,HIGH,SYNTHETIC_DEMO_DATA
4720,Odisha Coast,19.97971,85.96909,2026-07-28 00:01:43,0.911,0.724,0.572,0.395,MEDIUM,SYNTHETIC_DEMO_DATA
4721,Mumbai Coast,19.09909,72.72557,2026-07-28 02:56:34,0.996,0.678,0.466,0.557,MEDIUM,SYNTHETIC_DEMO_DATA
4722,Andaman & Nicobar,11.80588,92.7751,2026-07-28 05:51:25,0.855,0.649,0.634,0.319,MEDIUM,SYNTHETIC_DEMO_DATA
4723,Lakshadweep,10.20696,73.1103,2026-07-28 08:46:16,0.516,0.705,0.675,0.283,LOW,SYNTHETIC_DEMO_DATA
4724,Sundarbans,22.22009,89.1874,2026-07-28 11:41:07,0.643,0.626,0.606,0.449,MEDIUM,SYNTHETIC_DEMO_DATA
4725,Visakhapatnam,17.60762,83.39255,2026-07-28 14:35:58,0.541,0.569,0.723,0.374,MEDIUM,SYNTHETIC_DEMO_DATA
4726,Kerala Coast,10.03012,76.45114,2026-07-28 17:30:50,0.704,0.56,0.636,0.385,MEDIUM,SYNTHETIC_DEMO_DATA
4727,Sundarbans,22.21528,89.06978,2026-07-28 20:25:41,0.682,0.585,0.465,0.703,HIGH,SYNTHETIC_DEMO_DATA
4728,Andaman & Nicobar,11.65696,92.89129,2026-07-28 23:20:32,0.688,0.788,0.668,0.192,LOW,SYNTHETIC_DEMO_DATA
4729,Odisha Coast,19.91184,85.69915,2026-07-29 02:15:23,0.82,0.599,0.656,0.432,MEDIUM,SYNTHETIC_DEMO_DATA
4730,Gujarat Coast,22.62528,69.44838,2026-07-29 05:10:14,0.578,0.66,0.678,0.365,MEDIUM,SYNTHETIC_DEMO_DATA
4731,Lakshadweep,10.71658,72.74281,2026-07-29 08:05:05,0.8,0.843,0.633,0.374,MEDIUM,SYNTHETIC_DEMO_DATA
4732,Gujarat Coast,22.29823,69.54007,2026-07-29 10:59:56,0.571,0.742,0.613,0.511,MEDIUM,SYNTHETIC_DEMO_DATA
4733,Goa Coast,15.37732,73.87966,2026-07-29 13:54:47,0.534,0.682,0.584,0.33,MEDIUM,SYNTHETIC_DEMO_DATA
4734,Visakhapatnam,17.53266,83.16092,2026-07-29 16:49:38,0.614,0.569,0.516,0.514,MEDIUM,SYNTHETIC_DEMO_DATA
4735,Andaman & Nicobar,11.83356,92.56032,2026-07-29 19:44:29,0.724,0.626,0.494,0.522,MEDIUM,SYNTHETIC_DEMO_DATA
4736,Kerala Coast,9.79257,76.44963,2026-07-29 22:39:20,0.701,0.707,0.775,0.322,MEDIUM,SYNTHETIC_DEMO_DATA
4737,Sundarbans,21.90852,88.67312,2026-07-30 01:34:11,0.762,0.651,0.761,0.335,MEDIUM,SYNTHETIC_DEMO_DATA
4738,Chennai Coast,12.93852,80.2625,2026-07-30 04:29:02,0.641,0.512,0.603,0.583,MEDIUM,SYNTHETIC_DEMO_DATA
4739,Chennai Coast,13.3773,80.06119,2026-07-30 07:23:53,0.876,0.729,0.712,0.378,MEDIUM,SYNTHETIC_DEMO_DATA
4740,Mumbai Coast,18.87849,73.06717,2026-07-30 10:18:44,0.587,0.645,0.67,0.309,MEDIUM,SYNTHETIC_DEMO_DATA
4741,Visakhapatnam,18.01536,83.19438,2026-07-30 13:13:35,0.628,0.596,0.556,0.404,MEDIUM,SYNTHETIC_DEMO_DATA
4742,Kerala Coast,9.82874,76.48715,2026-07-30 16:08:26,0.872,0.716,0.503,0.595,MEDIUM,SYNTHETIC_DEMO_DATA
4743,Kerala Coast,9.71601,76.06586,2026-07-30 19:03:18,0.791,0.729,0.784,0.321,MEDIUM,SYNTHETIC_DEMO_DATA
4744,Chennai Coast,13.03843,79.94759,2026-07-30 21:58:09,0.532,0.724,0.619,0.343,MEDIUM,SYNTHETIC_DEMO_DATA
4745,Gujarat Coast,22.34509,69.35132,2026-07-31 00:53:00,0.7,0.801,0.769,0.275,LOW,SYNTHETIC_DEMO_DATA
4746,Chennai Coast,12.85844,80.41631,2026-07-31 03:47:51,0.909,0.787,0.572,0.488,MEDIUM,SYNTHETIC_DEMO_DATA
4747,Goa Coast,15.51293,73.90939,2026-07-31 06:42:42,0.827,0.758,0.75,0.432,MEDIUM,SYNTHETIC_DEMO_DATA
4748,Visakhapatnam,17.87742,83.53258,2026-07-31 09:37:33,0.624,0.811,0.662,0.376,MEDIUM,SYNTHETIC_DEMO_DATA
4749,Andaman & Nicobar,11.74441,92.55242,2026-07-31 12:32:24,0.794,0.851,0.806,0.274,LOW,SYNTHETIC_DEMO_DATA
4750,Chennai Coast,13.06608,80.28461,2026-07-31 15:27:15,0.552,0.815,0.695,0.318,MEDIUM,SYNTHETIC_DEMO_DATA
4751,Sundarbans,21.70958,89.17104,2026-07-31 18:22:06,0.832,0.737,0.503,0.52,MEDIUM,SYNTHETIC_DEMO_DATA
4752,Odisha Coast,19.73416,86.015,2026-07-31 21:16:57,0.57,0.722,0.748,0.359,MEDIUM,SYNTHETIC_DEMO_DATA
4753,Andaman & Nicobar,11.98077,92.43514,2026-08-01 00:11:48,0.728,0.747,0.667,0.413,MEDIUM,SYNTHETIC_DEMO_DATA
4754,Andaman & Nicobar,11.75906,92.64643,2026-08-01 03:06:39,0.669,0.61,0.625,0.388,MEDIUM,SYNTHETIC_DEMO_DATA
4755,Visakhapatnam,17.72384,83.25665,2026-08-01 06:01:30,0.638,0.621,0.661,0.395,MEDIUM,SYNTHETIC_DEMO_DATA
4756,Gujarat Coast,22.50662,69.90844,2026-08-01 08:56:21,0.667,0.622,0.619,0.603,HIGH,SYNTHETIC_DEMO_DATA
4757,Mumbai Coast,18.7037,72.78742,2026-08-01 11:51:12,0.937,0.776,0.764,0.292,LOW,SYNTHETIC_DEMO_DATA
4758,Odisha Coast,19.91972,85.91227,2026-08-01 14:46:03,0.712,0.554,0.63,0.468,MEDIUM,SYNTHETIC_DEMO_DATA
4759,Kerala Coast,9.96642,76.20299,2026-08-01 17:40:54,0.777,0.635,0.649,0.353,MEDIUM,SYNTHETIC_DEMO_DATA
4760,Gujarat Coast,22.41882,69.16829,2026-08-01 20:35:46,0.564,0.746,0.716,0.439,MEDIUM,SYNTHETIC_DEMO_DATA
4761,Lakshadweep,10.24406,72.58774,2026-08-01 23:30:37,0.757,0.679,0.72,0.409,MEDIUM,SYNTHETIC_DEMO_DATA
4762,Andaman & Nicobar,11.22585,92.96411,2026-08-02 02:25:28,0.561,0.574,0.584,0.268,LOW,SYNTHETIC_DEMO_DATA
4763,Sundarbans,22.01795,89.40846,2026-08-02 05:20:19,0.564,0.635,0.599,0.618,HIGH,SYNTHETIC_DEMO_DATA
4764,Visakhapatnam,17.78367,83.18401,2026-08-02 08:15:10,0.774,0.684,0.729,0.377,MEDIUM,SYNTHETIC_DEMO_DATA
4765,Kerala Coast,10.21121,76.18594,2026-08-02 11:10:01,0.745,0.523,0.557,0.583,MEDIUM,SYNTHETIC_DEMO_DATA
4766,Odisha Coast,19.78491,85.62367,2026-08-02 14:04:52,0.672,0.767,0.648,0.301,MEDIUM,SYNTHETIC_DEMO_DATA
4767,Mumbai Coast,18.74507,72.64673,2026-08-02 16:59:43,0.733,0.755,0.596,0.447,MEDIUM,SYNTHETIC_DEMO_DATA
4768,Sundarbans,21.83078,89.39348,2026-08-02 19:54:34,0.823,0.654,0.635,0.476,MEDIUM,SYNTHETIC_DEMO_DATA
4769,Odisha Coast,20.12681,86.33424,2026-08-02 22:49:25,0.811,0.668,0.655,0.429,MEDIUM,SYNTHETIC_DEMO_DATA
4770,Sundarbans,21.5797,89.16689,2026-08-03 01:44:16,0.583,0.886,0.547,0.486,MEDIUM,SYNTHETIC_DEMO_DATA
4771,Visakhapatnam,17.45691,82.96887,2026-08-03 04:39:07,0.585,0.491,0.714,0.405,MEDIUM,SYNTHETIC_DEMO_DATA
4772,Goa Coast,15.47874,73.88174,2026-08-03 07:33:58,0.743,0.846,0.564,0.34,MEDIUM,SYNTHETIC_DEMO_DATA
4773,Odisha Coast,19.96359,85.74115,2026-08-03 10:28:49,0.805,0.626,0.419,0.623,HIGH,SYNTHETIC_DEMO_DATA
4774,Lakshadweep,10.28951,72.7309,2026-08-03 13:23:40,0.528,0.628,0.543,0.448,MEDIUM,SYNTHETIC_DEMO_DATA
4775,Visakhapatnam,17.83158,83.12257,2026-08-03 16:18:31,0.796,0.658,0.562,0.323,MEDIUM,SYNTHETIC_DEMO_DATA
4776,Sundarbans,22.2422,88.80748,2026-08-03 19:13:22,0.642,0.556,0.745,0.349,MEDIUM,SYNTHETIC_DEMO_DATA
4777,Chennai Coast,13.06554,80.64815,2026-08-03 22:08:14,0.613,0.654,0.635,0.355,MEDIUM,SYNTHETIC_DEMO_DATA
4778,Goa Coast,15.76712,73.79032,2026-08-04 01:03:05,0.523,0.636,0.724,0.416,MEDIUM,SYNTHETIC_DEMO_DATA
4779,Odisha Coast,19.77356,85.81541,2026-08-04 03:57:56,0.707,0.686,0.597,0.492,MEDIUM,SYNTHETIC_DEMO_DATA
4780,Sundarbans,21.97962,89.19379,2026-08-04 06:52:47,0.751,0.637,0.756,0.407,MEDIUM,SYNTHETIC_DEMO_DATA
4781,Andaman & Nicobar,12.36334,92.38797,2026-08-04 09:47:38,0.744,0.671,0.602,0.449,MEDIUM,SYNTHETIC_DEMO_DATA
4782,Mumbai Coast,19.15564,72.61298,2026-08-04 12:42:29,0.81,0.76,0.549,0.356,MEDIUM,SYNTHETIC_DEMO_DATA
4783,Chennai Coast,13.17084,80.36856,2026-08-04 15:37:20,0.857,0.699,0.646,0.423,MEDIUM,SYNTHETIC_DEMO_DATA
4784,Goa Coast,15.72309,73.85242,2026-08-04 18:32:11,0.589,0.495,0.67,0.298,LOW,SYNTHETIC_DEMO_DATA
4785,Andaman & Nicobar,11.97976,92.35295,2026-08-04 21:27:02,0.891,0.711,0.727,0.381,MEDIUM,SYNTHETIC_DEMO_DATA
4786,Chennai Coast,13.01461,80.24481,2026-08-05 00:21:53,0.584,0.6,0.631,0.26,LOW,SYNTHETIC_DEMO_DATA
4787,Mumbai Coast,18.67738,72.83192,2026-08-05 03:16:44,0.85,0.678,0.64,0.373,MEDIUM,SYNTHETIC_DEMO_DATA
4788,Sundarbans,21.85079,88.88693,2026-08-05 06:11:35,0.766,0.683,0.64,0.408,MEDIUM,SYNTHETIC_DEMO_DATA
4789,Chennai Coast,13.42314,80.19203,2026-08-05 09:06:26,0.57,0.726,0.645,0.404,MEDIUM,SYNTHETIC_DEMO_DATA
4790,Mumbai Coast,18.93138,72.86857,2026-08-05 12:01:17,0.786,0.744,0.649,0.416,MEDIUM,SYNTHETIC_DEMO_DATA
4791,Odisha Coast,19.54102,85.90519,2026-08-05 14:56:08,0.569,0.801,0.569,0.33,MEDIUM,SYNTHETIC_DEMO_DATA
4792,Lakshadweep,10.49796,72.79614,2026-08-05 17:50:59,0.692,0.777,0.535,0.423,MEDIUM,SYNTHETIC_DEMO_DATA
4793,Lakshadweep,10.30205,72.38714,2026-08-05 20:45:50,0.596,0.642,0.506,0.404,MEDIUM,SYNTHETIC_DEMO_DATA
4794,Visakhapatnam,17.98722,82.85466,2026-08-05 23:40:42,0.899,0.815,0.827,0.264,LOW,SYNTHETIC_DEMO_DATA
4795,Chennai Coast,13.32638,80.46841,2026-08-06 02:35:33,0.744,0.472,0.41,0.675,HIGH,SYNTHETIC_DEMO_DATA
4796,Odisha Coast,19.9141,85.85079,2026-08-06 05:30:24,0.455,0.635,0.636,0.507,MEDIUM,SYNTHETIC_DEMO_DATA
4797,Mumbai Coast,18.53522,72.67529,2026-08-06 08:25:15,0.845,0.648,0.44,0.632,HIGH,SYNTHETIC_DEMO_DATA
4798,Odisha Coast,19.59003,86.01956,2026-08-06 11:20:06,0.705,0.751,0.736,0.427,MEDIUM,SYNTHETIC_DEMO_DATA
4799,Chennai Coast,12.6961,80.13552,2026-08-06 14:14:57,0.653,0.544,0.676,0.458,MEDIUM,SYNTHETIC_DEMO_DATA
4800,Mumbai Coast,18.70628,72.71275,2026-08-06 17:09:48,0.625,0.62,0.47,0.624,HIGH,SYNTHETIC_DEMO_DATA
4801,Gujarat Coast,22.08336,69.74428,2026-08-06 20:04:39,0.605,0.562,0.56,0.464,MEDIUM,SYNTHETIC_DEMO_DATA
4802,Mumbai Coast,18.88376,72.78873,2026-08-06 22:59:30,0.511,0.637,0.608,0.41,MEDIUM,SYNTHETIC_DEMO_DATA
4803,Visakhapatnam,17.64797,83.44149,2026-08-07 01:54:21,0.547,0.605,0.628,0.313,MEDIUM,SYNTHETIC_DEMO_DATA
4804,Goa Coast,15.62919,73.62563,2026-08-07 04:49:12,0.675,0.508,0.564,0.455,MEDIUM,SYNTHETIC_DEMO_DATA
4805,Gujarat Coast,22.21841,69.32178,2026-08-07 07:44:03,0.528,0.594,0.686,0.371,MEDIUM,SYNTHETIC_DEMO_DATA
4806,Goa Coast,15.72246,73.75908,2026-08-07 10:38:54,0.864,0.702,0.78,0.295,LOW,SYNTHETIC_DEMO_DATA
4807,Kerala Coast,10.40638,76.2422,2026-08-07 13:33:45,0.759,0.615,0.543,0.419,MEDIUM,SYNTHETIC_DEMO_DATA
4808,Andaman & Nicobar,11.81057,92.45785,2026-08-07 16:28:36,0.55,0.801,0.628,0.358,MEDIUM,SYNTHETIC_DEMO_DATA
4809,Chennai Coast,12.9236,80.0315,2026-08-07 19:23:27,0.683,0.668,0.544,0.466,MEDIUM,SYNTHETIC_DEMO_DATA
4810,Andaman & Nicobar,11.69282,92.66689,2026-08-07 22:18:18,0.692,0.737,0.574,0.366,MEDIUM,SYNTHETIC_DEMO_DATA
4811,Visakhapatnam,17.57608,83.06504,2026-08-08 01:13:09,0.648,0.507,0.628,0.578,MEDIUM,SYNTHETIC_DEMO_DATA
4812,Visakhapatnam,17.42656,83.01196,2026-08-08 04:08:01,0.777,0.623,0.611,0.522,MEDIUM,SYNTHETIC_DEMO_DATA
4813,Mumbai Coast,18.96735,72.83387,2026-08-08 07:02:52,0.638,0.859,0.55,0.359,MEDIUM,SYNTHETIC_DEMO_DATA
4814,Mumbai Coast,19.03926,72.9128,2026-08-08 09:57:43,0.739,0.672,0.613,0.45,MEDIUM,SYNTHETIC_DEMO_DATA
4815,Goa Coast,15.51039,73.82343,2026-08-08 12:52:34,0.589,0.696,0.588,0.49,MEDIUM,SYNTHETIC_DEMO_DATA
4816,Visakhapatnam,17.58338,83.21373,2026-08-08 15:47:25,0.711,0.709,0.681,0.336,MEDIUM,SYNTHETIC_DEMO_DATA
4817,Andaman & Nicobar,12.00102,92.79885,2026-08-08 18:42:16,0.745,0.624,0.641,0.543,MEDIUM,SYNTHETIC_DEMO_DATA
4818,Chennai Coast,12.87609,80.32854,2026-08-08 21:37:07,0.62,0.784,0.7,0.246,LOW,SYNTHETIC_DEMO_DATA
4819,Mumbai Coast,18.76893,72.98817,2026-08-09 00:31:58,0.934,0.801,0.625,0.489,MEDIUM,SYNTHETIC_DEMO_DATA
4820,Lakshadweep,10.601,72.85797,2026-08-09 03:26:49,0.66,0.548,0.589,0.538,MEDIUM,SYNTHETIC_DEMO_DATA
4821,Mumbai Coast,19.27713,72.70563,2026-08-09 06:21:40,0.762,0.697,0.507,0.421,MEDIUM,SYNTHETIC_DEMO_DATA
4822,Gujarat Coast,22.52929,69.57864,2026-08-09 09:16:31,0.561,0.718,0.761,0.283,LOW,SYNTHETIC_DEMO_DATA
4823,Lakshadweep,10.21451,72.49316,2026-08-09 12:11:22,0.784,0.873,0.604,0.346,MEDIUM,SYNTHETIC_DEMO_DATA
4824,Lakshadweep,10.66871,72.61442,2026-08-09 15:06:13,0.629,0.659,0.6,0.35,MEDIUM,SYNTHETIC_DEMO_DATA
4825,Kerala Coast,9.94188,76.32623,2026-08-09 18:01:04,0.908,0.799,0.557,0.369,MEDIUM,SYNTHETIC_DEMO_DATA
4826,Kerala Coast,10.15836,76.38407,2026-08-09 20:55:55,0.601,0.793,0.629,0.348,MEDIUM,SYNTHETIC_DEMO_DATA
4827,Odisha Coast,19.74861,85.74178,2026-08-09 23:50:46,0.865,0.802,0.757,0.264,LOW,SYNTHETIC_DEMO_DATA
4828,Mumbai Coast,18.88587,72.81617,2026-08-10 02:45:37,0.939,0.494,0.524,0.77,HIGH,SYNTHETIC_DEMO_DATA
4829,Lakshadweep,10.76353,72.82408,2026-08-10 05:40:29,0.787,0.675,0.552,0.417,MEDIUM,SYNTHETIC_DEMO_DATA
4830,Kerala Coast,9.70883,76.29479,2026-08-10 08:35:20,0.923,0.647,0.543,0.571,MEDIUM,SYNTHETIC_DEMO_DATA
4831,Chennai Coast,12.86114,80.2264,2026-08-10 11:30:11,0.598,0.512,0.517,0.533,MEDIUM,SYNTHETIC_DEMO_DATA
4832,Odisha Coast,19.5156,86.47748,2026-08-10 14:25:02,0.654,0.677,0.524,0.476,MEDIUM,SYNTHETIC_DEMO_DATA
4833,Chennai Coast,13.07129,79.77979,2026-08-10 17:19:53,0.597,0.723,0.595,0.433,MEDIUM,SYNTHETIC_DEMO_DATA
4834,Visakhapatnam,17.303,83.29579,2026-08-10 20:14:44,0.6,0.659,0.751,0.268,LOW,SYNTHETIC_DEMO_DATA
4835,Lakshadweep,10.6537,72.30502,2026-08-10 23:09:35,0.517,0.591,0.609,0.273,LOW,SYNTHETIC_DEMO_DATA
4836,Mumbai Coast,19.0074,72.69116,2026-08-11 02:04:26,0.695,0.554,0.52,0.511,MEDIUM,SYNTHETIC_DEMO_DATA
4837,Odisha Coast,19.74063,85.81549,2026-08-11 04:59:17,0.711,0.574,0.601,0.637,HIGH,SYNTHETIC_DEMO_DATA
4838,Sundarbans,21.6925,88.91165,2026-08-11 07:54:08,0.744,0.781,0.656,0.437,MEDIUM,SYNTHETIC_DEMO_DATA
4839,Andaman & Nicobar,11.76587,92.81525,2026-08-11 10:48:59,0.732,0.443,0.273,0.719,HIGH,SYNTHETIC_DEMO_DATA
4840,Lakshadweep,10.54956,72.59384,2026-08-11 13:43:50,0.637,0.701,0.715,0.296,LOW,SYNTHETIC_DEMO_DATA
4841,Goa Coast,15.46474,73.61116,2026-08-11 16:38:41,0.88,0.789,0.551,0.502,MEDIUM,SYNTHETIC_DEMO_DATA
4842,Odisha Coast,19.7168,86.22705,2026-08-11 19:33:32,0.711,0.743,0.496,0.389,MEDIUM,SYNTHETIC_DEMO_DATA
4843,Sundarbans,21.83211,88.94249,2026-08-11 22:28:23,0.879,0.75,0.727,0.398,MEDIUM,SYNTHETIC_DEMO_DATA
4844,Odisha Coast,20.23709,85.94376,2026-08-12 01:23:14,0.733,0.723,0.664,0.448,MEDIUM,SYNTHETIC_DEMO_DATA
4845,Goa Coast,15.49744,73.5624,2026-08-12 04:18:05,0.567,0.637,0.597,0.486,MEDIUM,SYNTHETIC_DEMO_DATA
4846,Goa Coast,15.30008,73.94576,2026-08-12 07:12:57,0.966,0.481,0.528,0.673,HIGH,SYNTHETIC_DEMO_DATA
4847,Andaman & Nicobar,11.64935,92.45012,2026-08-12 10:07:48,0.702,0.528,0.433,0.476,MEDIUM,SYNTHETIC_DEMO_DATA
4848,Sundarbans,21.92389,89.114,2026-08-12 13:02:39,0.681,0.697,0.672,0.426,MEDIUM,SYNTHETIC_DEMO_DATA
4849,Odisha Coast,19.54082,85.89669,2026-08-12 15:57:30,0.717,0.906,0.682,0.484,MEDIUM,SYNTHETIC_DEMO_DATA
4850,Lakshadweep,10.16155,72.61497,2026-08-12 18:52:21,0.503,0.607,0.537,0.425,MEDIUM,SYNTHETIC_DEMO_DATA
4851,Lakshadweep,10.65923,72.35401,2026-08-12 21:47:12,0.622,0.794,0.792,0.207,LOW,SYNTHETIC_DEMO_DATA
4852,Goa Coast,15.61478,74.12927,2026-08-13 00:42:03,0.698,0.554,0.641,0.483,MEDIUM,SYNTHETIC_DEMO_DATA
4853,Odisha Coast,19.84274,85.7693,2026-08-13 03:36:54,0.754,0.751,0.674,0.409,MEDIUM,SYNTHETIC_DEMO_DATA
4854,Sundarbans,22.14651,89.43448,2026-08-13 06:31:45,0.746,0.819,0.545,0.403,MEDIUM,SYNTHETIC_DEMO_DATA
4855,Sundarbans,21.82849,89.28277,2026-08-13 09:26:36,0.597,0.627,0.564,0.365,MEDIUM,SYNTHETIC_DEMO_DATA
4856,Gujarat Coast,22.8856,69.53249,2026-08-13 12:21:27,0.665,0.753,0.742,0.243,LOW,SYNTHETIC_DEMO_DATA
4857,Andaman & Nicobar,11.36076,92.62389,2026-08-13 15:16:18,0.704,0.596,0.631,0.449,MEDIUM,SYNTHETIC_DEMO_DATA
4858,Gujarat Coast,22.36925,69.83105,2026-08-13 18:11:09,0.72,0.717,0.767,0.354,MEDIUM,SYNTHETIC_DEMO_DATA
4859,Visakhapatnam,17.80906,83.20583,2026-08-13 21:06:00,0.804,0.643,0.658,0.428,MEDIUM,SYNTHETIC_DEMO_DATA
4860,Goa Coast,15.41961,73.83207,2026-08-14 00:00:51,0.798,0.707,0.676,0.303,MEDIUM,SYNTHETIC_DEMO_DATA
4861,Sundarbans,21.63613,89.24707,2026-08-14 02:55:42,0.606,0.725,0.742,0.316,MEDIUM,SYNTHETIC_DEMO_DATA
4862,Andaman & Nicobar,11.93231,92.68823,2026-08-14 05:50:33,0.877,0.644,0.338,0.573,MEDIUM,SYNTHETIC_DEMO_DATA
4863,Andaman & Nicobar,11.91473,92.33954,2026-08-14 08:45:25,0.854,0.674,0.581,0.468,MEDIUM,SYNTHETIC_DEMO_DATA
4864,Goa Coast,15.31681,73.71536,2026-08-14 11:40:16,0.854,0.72,0.519,0.607,HIGH,SYNTHETIC_DEMO_DATA
4865,Andaman & Nicobar,11.4842,92.84785,2026-08-14 14:35:07,0.786,0.709,0.526,0.504,MEDIUM,SYNTHETIC_DEMO_DATA
4866,Mumbai Coast,18.59731,72.65371,2026-08-14 17:29:58,0.683,0.728,0.649,0.393,MEDIUM,SYNTHETIC_DEMO_DATA
4867,Kerala Coast,10.12629,76.24266,2026-08-14 20:24:49,0.747,0.476,0.391,0.585,MEDIUM,SYNTHETIC_DEMO_DATA
4868,Chennai Coast,12.9323,80.55486,2026-08-14 23:19:40,0.577,0.637,0.806,0.298,LOW,SYNTHETIC_DEMO_DATA
4869,Lakshadweep,10.64602,72.73081,2026-08-15 02:14:31,0.628,0.593,0.589,0.548,MEDIUM,SYNTHETIC_DEMO_DATA
4870,Gujarat Coast,22.10767,69.40456,2026-08-15 05:09:22,0.618,0.468,0.503,0.486,MEDIUM,SYNTHETIC_DEMO_DATA
4871,Odisha Coast,20.22648,85.90593,2026-08-15 08:04:13,0.765,0.662,0.626,0.505,MEDIUM,SYNTHETIC_DEMO_DATA
4872,Lakshadweep,10.77111,72.68659,2026-08-15 10:59:04,0.591,0.614,0.593,0.445,MEDIUM,SYNTHETIC_DEMO_DATA
4873,Sundarbans,21.68537,89.13301,2026-08-15 13:53:55,0.695,0.688,0.65,0.436,MEDIUM,SYNTHETIC_DEMO_DATA
4874,Mumbai Coast,18.59374,72.85277,2026-08-15 16:48:46,0.791,0.618,0.598,0.422,MEDIUM,SYNTHETIC_DEMO_DATA
4875,Odisha Coast,19.59569,85.65236,2026-08-15 19:43:37,0.878,0.589,0.543,0.632,HIGH,SYNTHETIC_DEMO_DATA
4876,Gujarat Coast,22.16559,69.8197,2026-08-15 22:38:28,0.562,0.671,0.732,0.436,MEDIUM,SYNTHETIC_DEMO_DATA
4877,Kerala Coast,9.68361,76.61387,2026-08-16 01:33:19,0.878,0.788,0.597,0.427,MEDIUM,SYNTHETIC_DEMO_DATA
4878,Kerala Coast,9.73403,76.73787,2026-08-16 04:28:10,0.852,0.438,0.596,0.741,HIGH,SYNTHETIC_DEMO_DATA
4879,Gujarat Coast,22.38347,69.47553,2026-08-16 07:23:01,0.572,0.684,0.686,0.367,MEDIUM,SYNTHETIC_DEMO_DATA
4880,Goa Coast,15.56741,73.86918,2026-08-16 10:17:53,0.609,0.702,0.553,0.451,MEDIUM,SYNTHETIC_DEMO_DATA
4881,Chennai Coast,13.01928,80.25726,2026-08-16 13:12:44,0.678,0.911,0.833,0.308,MEDIUM,SYNTHETIC_DEMO_DATA
4882,Lakshadweep,10.98984,72.46375,2026-08-16 16:07:35,0.492,0.745,0.661,0.368,MEDIUM,SYNTHETIC_DEMO_DATA
4883,Kerala Coast,9.74115,76.23719,2026-08-16 19:02:26,0.769,0.596,0.607,0.615,HIGH,SYNTHETIC_DEMO_DATA
4884,Odisha Coast,19.57595,85.70991,2026-08-16 21:57:17,0.638,0.656,0.736,0.424,MEDIUM,SYNTHETIC_DEMO_DATA
4885,Sundarbans,21.81155,89.07445,2026-08-17 00:52:08,0.831,0.786,0.562,0.557,MEDIUM,SYNTHETIC_DEMO_DATA
4886,Visakhapatnam,17.53989,83.15697,2026-08-17 03:46:59,0.456,0.585,0.473,0.519,MEDIUM,SYNTHETIC_DEMO_DATA
4887,Gujarat Coast,22.39344,69.60629,2026-08-17 06:41:50,0.619,0.737,0.719,0.339,MEDIUM,SYNTHETIC_DEMO_DATA
4888,Mumbai Coast,18.91769,72.84959,2026-08-17 09:36:41,0.742,0.746,0.516,0.624,HIGH,SYNTHETIC_DEMO_DATA
4889,Chennai Coast,13.22336,80.15065,2026-08-17 12:31:32,0.902,0.773,0.659,0.383,MEDIUM,SYNTHETIC_DEMO_DATA
4890,Kerala Coast,10.11253,76.47543,2026-08-17 15:26:23,0.817,0.706,0.473,0.44,MEDIUM,SYNTHETIC_DEMO_DATA
4891,Andaman & Nicobar,12.06729,92.67913,2026-08-17 18:21:14,0.821,0.729,0.825,0.283,LOW,SYNTHETIC_DEMO_DATA
4892,Mumbai Coast,18.65924,72.92963,2026-08-17 21:16:05,0.633,0.512,0.411,0.622,HIGH,SYNTHETIC_DEMO_DATA
4893,Sundarbans,21.96498,89.09358,2026-08-18 00:10:56,0.752,0.531,0.599,0.598,MEDIUM,SYNTHETIC_DEMO_DATA
4894,Sundarbans,21.95945,89.16353,2026-08-18 03:05:47,0.942,0.74,0.544,0.367,MEDIUM,SYNTHETIC_DEMO_DATA
4895,Kerala Coast,9.98108,76.5294,2026-08-18 06:00:38,0.845,0.693,0.484,0.465,MEDIUM,SYNTHETIC_DEMO_DATA
4896,Kerala Coast,9.88605,75.89479,2026-08-18 08:55:29,0.83,0.611,0.555,0.551,MEDIUM,SYNTHETIC_DEMO_DATA
4897,Andaman & Nicobar,11.55396,92.51273,2026-08-18 11:50:21,0.744,0.592,0.583,0.334,MEDIUM,SYNTHETIC_DEMO_DATA
4898,Mumbai Coast,19.0861,72.56069,2026-08-18 14:45:12,0.684,0.606,0.416,0.564,MEDIUM,SYNTHETIC_DEMO_DATA
4899,Goa Coast,15.66161,73.8477,2026-08-18 17:40:03,0.671,0.594,0.547,0.529,MEDIUM,SYNTHETIC_DEMO_DATA
4900,Mumbai Coast,18.69607,73.00015,2026-08-18 20:34:54,0.781,0.488,0.421,0.62,HIGH,SYNTHETIC_DEMO_DATA
4901,Chennai Coast,13.02975,79.98916,2026-08-18 23:29:45,0.454,0.719,0.727,0.385,MEDIUM,SYNTHETIC_DEMO_DATA
4902,Gujarat Coast,22.38744,69.73353,2026-08-19 02:24:36,0.698,0.682,0.504,0.477,MEDIUM,SYNTHETIC_DEMO_DATA
4903,Gujarat Coast,21.95812,69.52638,2026-08-19 05:19:27,0.799,0.76,0.765,0.376,MEDIUM,SYNTHETIC_DEMO_DATA
4904,Goa Coast,15.72919,73.66397,2026-08-19 08:14:18,0.702,0.616,0.642,0.36,MEDIUM,SYNTHETIC_DEMO_DATA
4905,Odisha Coast,19.88788,85.65672,2026-08-19 11:09:09,0.691,0.611,0.475,0.556,MEDIUM,SYNTHETIC_DEMO_DATA
4906,Gujarat Coast,22.37983,69.702,2026-08-19 14:04:00,0.465,0.67,0.682,0.427,MEDIUM,SYNTHETIC_DEMO_DATA
4907,Visakhapatnam,17.8005,83.42182,2026-08-19 16:58:51,0.695,0.787,0.42,0.491,MEDIUM,SYNTHETIC_DEMO_DATA
4908,Goa Coast,15.39884,73.92936,2026-08-19 19:53:42,0.619,0.733,0.81,0.209,LOW,SYNTHETIC_DEMO_DATA
4909,Goa Coast,15.44116,73.74827,2026-08-19 22:48:33,0.739,0.569,0.522,0.407,MEDIUM,SYNTHETIC_DEMO_DATA
4910,Gujarat Coast,22.28815,69.77821,2026-08-20 01:43:24,0.687,0.653,0.623,0.484,MEDIUM,SYNTHETIC_DEMO_DATA
4911,Lakshadweep,10.22613,72.1007,2026-08-20 04:38:15,0.72,0.659,0.61,0.334,MEDIUM,SYNTHETIC_DEMO_DATA
4912,Mumbai Coast,18.82505,72.4884,2026-08-20 07:33:06,0.853,0.692,0.524,0.409,MEDIUM,SYNTHETIC_DEMO_DATA
4913,Sundarbans,22.15446,88.9657,2026-08-20 10:27:57,0.717,0.571,0.505,0.524,MEDIUM,SYNTHETIC_DEMO_DATA
4914,Gujarat Coast,22.23604,69.63333,2026-08-20 13:22:48,0.486,0.664,0.715,0.547,MEDIUM,SYNTHETIC_DEMO_DATA
4915,Goa Coast,15.2466,74.2452,2026-08-20 16:17:40,0.676,0.579,0.547,0.634,HIGH,SYNTHETIC_DEMO_DATA
4916,Odisha Coast,19.59351,85.89633,2026-08-20 19:12:31,0.762,0.903,0.773,0.299,LOW,SYNTHETIC_DEMO_DATA
4917,Odisha Coast,19.84171,85.65424,2026-08-20 22:07:22,0.654,0.909,0.694,0.373,MEDIUM,SYNTHETIC_DEMO_DATA
4918,Visakhapatnam,17.99332,83.31183,2026-08-21 01:02:13,0.559,0.582,0.628,0.24,LOW,SYNTHETIC_DEMO_DATA
4919,Andaman & Nicobar,11.69157,92.7513,2026-08-21 03:57:04,0.672,0.73,0.65,0.341,MEDIUM,SYNTHETIC_DEMO_DATA
4920,Mumbai Coast,18.71652,72.42517,2026-08-21 06:51:55,0.643,0.745,0.73,0.258,LOW,SYNTHETIC_DEMO_DATA
4921,Lakshadweep,10.70484,72.61887,2026-08-21 09:46:46,0.824,0.621,0.556,0.447,MEDIUM,SYNTHETIC_DEMO_DATA
4922,Andaman & Nicobar,11.99802,92.88017,2026-08-21 12:41:37,0.511,0.622,0.627,0.373,MEDIUM,SYNTHETIC_DEMO_DATA
4923,Mumbai Coast,19.11033,72.88123,2026-08-21 15:36:28,0.787,0.781,0.609,0.398,MEDIUM,SYNTHETIC_DEMO_DATA
4924,Gujarat Coast,22.17387,69.71193,2026-08-21 18:31:19,0.64,0.575,0.594,0.483,MEDIUM,SYNTHETIC_DEMO_DATA
4925,Chennai Coast,12.92427,79.98717,2026-08-21 21:26:10,0.874,0.694,0.583,0.48,MEDIUM,SYNTHETIC_DEMO_DATA
4926,Sundarbans,21.8531,89.27018,2026-08-22 00:21:01,0.915,0.765,0.602,0.381,MEDIUM,SYNTHETIC_DEMO_DATA
4927,Chennai Coast,13.21681,80.73889,2026-08-22 03:15:52,0.63,0.625,0.666,0.353,MEDIUM,SYNTHETIC_DEMO_DATA
4928,Mumbai Coast,19.14687,72.56462,2026-08-22 06:10:43,0.689,0.535,0.482,0.815,CRITICAL,SYNTHETIC_DEMO_DATA
4929,Odisha Coast,19.79517,85.99726,2026-08-22 09:05:34,0.788,0.815,0.559,0.388,MEDIUM,SYNTHETIC_DEMO_DATA
4930,Visakhapatnam,18.19182,83.10833,2026-08-22 12:00:25,0.542,0.589,0.711,0.446,MEDIUM,SYNTHETIC_DEMO_DATA
4931,Sundarbans,21.99596,89.51147,2026-08-22 14:55:16,0.899,0.753,0.54,0.351,MEDIUM,SYNTHETIC_DEMO_DATA
4932,Goa Coast,15.42892,73.62879,2026-08-22 17:50:08,0.688,0.837,0.521,0.398,MEDIUM,SYNTHETIC_DEMO_DATA
4933,Andaman & Nicobar,11.9161,92.62053,2026-08-22 20:44:59,0.606,0.486,0.509,0.547,MEDIUM,SYNTHETIC_DEMO_DATA
4934,Andaman & Nicobar,11.794,92.60345,2026-08-22 23:39:50,0.741,0.558,0.715,0.4,MEDIUM,SYNTHETIC_DEMO_DATA
4935,Chennai Coast,12.91006,79.95054,2026-08-23 02:34:41,0.369,0.692,0.697,0.257,LOW,SYNTHETIC_DEMO_DATA
4936,Mumbai Coast,19.10366,72.76658,2026-08-23 05:29:32,0.599,0.531,0.661,0.407,MEDIUM,SYNTHETIC_DEMO_DATA
4937,Lakshadweep,10.82163,72.19859,2026-08-23 08:24:23,0.775,0.772,0.776,0.314,MEDIUM,SYNTHETIC_DEMO_DATA
4938,Mumbai Coast,18.83772,73.09286,2026-08-23 11:19:14,0.623,0.733,0.54,0.283,LOW,SYNTHETIC_DEMO_DATA
4939,Visakhapatnam,17.5237,82.81767,2026-08-23 14:14:05,0.608,0.724,0.614,0.368,MEDIUM,SYNTHETIC_DEMO_DATA
4940,Chennai Coast,13.16573,80.29754,2026-08-23 17:08:56,0.745,0.621,0.649,0.391,MEDIUM,SYNTHETIC_DEMO_DATA
4941,Goa Coast,15.26166,74.09674,2026-08-23 20:03:47,0.404,0.547,0.622,0.406,MEDIUM,SYNTHETIC_DEMO_DATA
4942,Kerala Coast,10.2383,76.01547,2026-08-23 22:58:38,0.634,0.734,0.584,0.393,MEDIUM,SYNTHETIC_DEMO_DATA
4943,Andaman & Nicobar,11.33345,92.41522,2026-08-24 01:53:29,0.638,0.708,0.624,0.342,MEDIUM,SYNTHETIC_DEMO_DATA
4944,Andaman & Nicobar,11.58018,92.69657,2026-08-24 04:48:20,0.797,0.823,0.672,0.257,LOW,SYNTHETIC_DEMO_DATA
4945,Sundarbans,21.70943,89.08289,2026-08-24 07:43:11,0.566,0.69,0.715,0.441,MEDIUM,SYNTHETIC_DEMO_DATA
4946,Goa Coast,15.47354,73.64931,2026-08-24 10:38:02,0.737,0.58,0.611,0.521,MEDIUM,SYNTHETIC_DEMO_DATA
4947,Chennai Coast,13.10372,79.98795,2026-08-24 13:32:53,0.66,0.65,0.719,0.322,MEDIUM,SYNTHETIC_DEMO_DATA
4948,Mumbai Coast,18.83206,72.71762,2026-08-24 16:27:44,0.841,0.707,0.58,0.463,MEDIUM,SYNTHETIC_DEMO_DATA
4949,Visakhapatnam,17.43508,83.11645,2026-08-24 19:22:36,0.76,0.79,0.621,0.338,MEDIUM,SYNTHETIC_DEMO_DATA
4950,Chennai Coast,12.90647,80.0261,2026-08-24 22:17:27,0.738,0.693,0.701,0.291,LOW,SYNTHETIC_DEMO_DATA
4951,Chennai Coast,13.10333,80.19495,2026-08-25 01:12:18,0.655,0.533,0.56,0.549,MEDIUM,SYNTHETIC_DEMO_DATA
4952,Sundarbans,22.03567,89.0775,2026-08-25 04:07:09,0.989,0.847,0.65,0.457,MEDIUM,SYNTHETIC_DEMO_DATA
4953,Goa Coast,15.23439,73.70199,2026-08-25 07:02:00,0.719,0.789,0.791,0.289,LOW,SYNTHETIC_DEMO_DATA
4954,Odisha Coast,19.49453,86.06005,2026-08-25 09:56:51,0.655,0.694,0.479,0.467,MEDIUM,SYNTHETIC_DEMO_DATA
4955,Chennai Coast,12.74038,80.03545,2026-08-25 12:51:42,0.568,0.652,0.58,0.495,MEDIUM,SYNTHETIC_DEMO_DATA
4956,Odisha Coast,19.61115,85.49617,2026-08-25 15:46:33,0.713,0.673,0.669,0.567,MEDIUM,SYNTHETIC_DEMO_DATA
4957,Odisha Coast,20.01979,85.96457,2026-08-25 18:41:24,0.656,0.658,0.518,0.446,MEDIUM,SYNTHETIC_DEMO_DATA
4958,Chennai Coast,12.99468,80.14863,2026-08-25 21:36:15,0.658,0.628,0.636,0.382,MEDIUM,SYNTHETIC_DEMO_DATA
4959,Lakshadweep,10.82352,72.35823,2026-08-26 00:31:06,0.759,0.572,0.704,0.477,MEDIUM,SYNTHETIC_DEMO_DATA
4960,Lakshadweep,10.34464,72.59479,2026-08-26 03:25:57,0.74,0.705,0.635,0.465,MEDIUM,SYNTHETIC_DEMO_DATA
4961,Chennai Coast,13.10997,80.13599,2026-08-26 06:20:48,0.367,0.386,0.471,0.655,HIGH,SYNTHETIC_DEMO_DATA
4962,Mumbai Coast,18.7465,72.97326,2026-08-26 09:15:39,0.74,0.72,0.594,0.345,MEDIUM,SYNTHETIC_DEMO_DATA
4963,Lakshadweep,10.64273,72.65819,2026-08-26 12:10:30,0.759,0.957,0.787,0.259,LOW,SYNTHETIC_DEMO_DATA
4964,Visakhapatnam,17.74969,83.4993,2026-08-26 15:05:21,0.653,0.779,0.72,0.293,LOW,SYNTHETIC_DEMO_DATA
4965,Lakshadweep,10.4924,72.79912,2026-08-26 18:00:12,0.691,0.73,0.66,0.32,MEDIUM,SYNTHETIC_DEMO_DATA
4966,Odisha Coast,20.00079,85.98431,2026-08-26 20:55:04,0.765,0.615,0.58,0.603,HIGH,SYNTHETIC_DEMO_DATA
4967,Visakhapatnam,17.88169,83.40886,2026-08-26 23:49:55,0.593,0.479,0.502,0.58,MEDIUM,SYNTHETIC_DEMO_DATA
4968,Chennai Coast,12.9079,80.19198,2026-08-27 02:44:46,0.745,0.766,0.629,0.322,MEDIUM,SYNTHETIC_DEMO_DATA
4969,Sundarbans,22.01139,89.43631,2026-08-27 05:39:37,0.838,0.696,0.611,0.477,MEDIUM,SYNTHETIC_DEMO_DATA
4970,Andaman & Nicobar,11.57551,92.62951,2026-08-27 08:34:28,0.717,0.559,0.493,0.64,HIGH,SYNTHETIC_DEMO_DATA
4971,Andaman & Nicobar,11.55359,92.64325,2026-08-27 11:29:19,0.723,0.726,0.56,0.283,LOW,SYNTHETIC_DEMO_DATA
4972,Chennai Coast,12.95274,80.31678,2026-08-27 14:24:10,0.618,0.523,0.503,0.528,MEDIUM,SYNTHETIC_DEMO_DATA
4973,Andaman & Nicobar,11.75654,92.5685,2026-08-27 17:19:01,0.763,0.636,0.432,0.331,MEDIUM,SYNTHETIC_DEMO_DATA
4974,Goa Coast,15.54915,74.06927,2026-08-27 20:13:52,0.78,0.78,0.762,0.233,LOW,SYNTHETIC_DEMO_DATA
4975,Andaman & Nicobar,11.90291,92.68777,2026-08-27 23:08:43,0.722,0.635,0.552,0.383,MEDIUM,SYNTHETIC_DEMO_DATA
4976,Andaman & Nicobar,11.80754,92.61502,2026-08-28 02:03:34,0.643,0.534,0.451,0.442,MEDIUM,SYNTHETIC_DEMO_DATA
4977,Mumbai Coast,18.98815,73.16183,2026-08-28 04:58:25,0.704,0.803,0.709,0.326,MEDIUM,SYNTHETIC_DEMO_DATA
4978,Odisha Coast,19.92244,85.755,2026-08-28 07:53:16,0.583,0.766,0.598,0.394,MEDIUM,SYNTHETIC_DEMO_DATA
4979,Lakshadweep,10.54028,72.99821,2026-08-28 10:48:07,0.54,0.651,0.48,0.475,MEDIUM,SYNTHETIC_DEMO_DATA
4980,Gujarat Coast,22.66188,69.48445,2026-08-28 13:42:58,0.843,0.647,0.67,0.436,MEDIUM,SYNTHETIC_DEMO_DATA
4981,Lakshadweep,10.6401,72.42398,2026-08-28 16:37:49,0.621,0.582,0.492,0.541,MEDIUM,SYNTHETIC_DEMO_DATA
4982,Lakshadweep,10.22936,72.74306,2026-08-28 19:32:40,0.791,0.677,0.736,0.24,LOW,SYNTHETIC_DEMO_DATA
4983,Odisha Coast,19.73479,85.83416,2026-08-28 22:27:32,0.784,0.686,0.576,0.599,MEDIUM,SYNTHETIC_DEMO_DATA
4984,Kerala Coast,10.09137,76.4031,2026-08-29 01:22:23,0.737,0.484,0.432,0.684,HIGH,SYNTHETIC_DEMO_DATA
4985,Odisha Coast,19.75193,85.65993,2026-08-29 04:17:14,0.721,0.715,0.601,0.482,MEDIUM,SYNTHETIC_DEMO_DATA
4986,Sundarbans,21.83418,89.1398,2026-08-29 07:12:05,0.646,0.585,0.456,0.601,HIGH,SYNTHETIC_DEMO_DATA
4987,Lakshadweep,10.53631,72.55385,2026-08-29 10:06:56,0.793,0.67,0.592,0.35,MEDIUM,SYNTHETIC_DEMO_DATA
4988,Lakshadweep,10.1855,72.65545,2026-08-29 13:01:47,0.551,0.721,0.685,0.238,LOW,SYNTHETIC_DEMO_DATA
4989,Lakshadweep,10.68368,72.46896,2026-08-29 15:56:38,0.656,0.572,0.676,0.373,MEDIUM,SYNTHETIC_DEMO_DATA
4990,Andaman & Nicobar,11.70436,92.24436,2026-08-29 18:51:29,0.686,0.762,0.594,0.362,MEDIUM,SYNTHETIC_DEMO_DATA
4991,Gujarat Coast,21.80562,69.63201,2026-08-29 21:46:20,0.447,0.629,0.586,0.472,MEDIUM,SYNTHETIC_DEMO_DATA
4992,Mumbai Coast,18.7363,72.88143,2026-08-30 00:41:11,0.769,0.787,0.61,0.407,MEDIUM,SYNTHETIC_DEMO_DATA
4993,Lakshadweep,10.39055,72.58274,2026-08-30 03:36:02,0.647,0.627,0.637,0.488,MEDIUM,SYNTHETIC_DEMO_DATA
4994,Mumbai Coast,19.16552,72.78825,2026-08-30 06:30:53,0.594,0.606,0.697,0.456,MEDIUM,SYNTHETIC_DEMO_DATA
4995,Gujarat Coast,22.34084,69.53011,2026-08-30 09:25:44,0.573,0.631,0.672,0.346,MEDIUM,SYNTHETIC_DEMO_DATA
4996,Visakhapatnam,17.83383,83.08518,2026-08-30 12:20:35,0.628,0.778,0.603,0.449,MEDIUM,SYNTHETIC_DEMO_DATA
4997,Goa Coast,15.36387,73.70652,2026-08-30 15:15:26,0.68,0.734,0.66,0.369,MEDIUM,SYNTHETIC_DEMO_DATA
4998,Andaman & Nicobar,12.03937,92.37986,2026-08-30 18:10:17,0.72,0.85,0.7,0.244,LOW,SYNTHETIC_DEMO_DATA
4999,Gujarat Coast,21.98357,69.60495,2026-08-30 21:05:08,0.718,0.74,0.589,0.458,MEDIUM,SYNTHETIC_DEMO_DATA
5000,Kerala Coast,9.94659,75.96627,2026-08-31 00:00:00,0.768,0.67,0.596,0.385,MEDIUM,SYNTHETIC_DEMO_DATA
