id,region,latitude,longitude,timestamp,sst,sst_anomaly,salinity,wave_height,current_speed,current_direction,wind_speed,rainfall,pressure,humidity,chlorophyll,turbidity,eddy_present,eddy_type,phytoplankton_index,fish_activity_index,biodiversity_index,ecological_risk_score,ecological_risk,data_source
1,Sundarbans,21.87478,89.08838,2025-01-01 00:00:00,27.334,0.433,19.799,2.005,0.773,166.54,16.096,24.152,1005.787,73.2,1.11,12.873,1,cyclonic,0.469,0.577,0.619,0.405,MEDIUM,SYNTHETIC_DEMO_DATA
2,Goa Coast,15.4019,74.0945,2025-01-01 02:54:51,27.163,0.262,33.836,1.47,0.733,223.25,12.081,17.296,1006.928,71.125,1.82,12.032,0,none,0.448,0.705,0.689,0.241,LOW,SYNTHETIC_DEMO_DATA
3,Gujarat Coast,22.27714,69.62142,2025-01-01 05:49:42,25.64,-0.561,36.33,2.133,1.029,179.74,18.889,11.784,1011.039,84.73,0.58,10.086,0,none,0.411,0.676,0.734,0.346,MEDIUM,SYNTHETIC_DEMO_DATA
4,Kerala Coast,10.17355,76.45388,2025-01-01 08:44:33,26.52,-0.481,34.639,2.017,0.952,5.69,13.794,32.174,1016.668,76.358,2.049,15.45,1,anticyclonic,0.479,0.643,0.772,0.373,MEDIUM,SYNTHETIC_DEMO_DATA
5,Kerala Coast,9.5699,76.64861,2025-01-01 11:39:24,26.567,-0.434,34.305,1.938,0.808,321.53,11.65,25.459,1006.992,91.353,2.188,13.871,1,cyclonic,0.647,0.751,0.708,0.343,MEDIUM,SYNTHETIC_DEMO_DATA
6,Andaman & Nicobar,11.8975,92.65089,2025-01-01 14:34:15,28.101,0.4,30.48,1.602,0.622,177.42,10.441,10.103,1027.357,53.706,1.161,9.762,1,cyclonic,0.531,0.823,0.722,0.263,LOW,SYNTHETIC_DEMO_DATA
7,Sundarbans,22.21563,89.51648,2025-01-01 17:29:06,25.453,-1.448,21.21,2.152,0.918,178.76,7.292,27.069,1011.445,84.041,1.869,14.806,1,cyclonic,0.674,0.724,0.485,0.64,HIGH,SYNTHETIC_DEMO_DATA
8,Gujarat Coast,22.28261,69.66796,2025-01-01 20:23:57,26.448,0.248,36.315,1.936,1.286,151.26,16.972,8.682,1011.967,91.092,0.734,10.858,0,none,0.39,0.526,0.767,0.271,LOW,SYNTHETIC_DEMO_DATA
9,Visakhapatnam,17.97226,83.20243,2025-01-01 23:18:48,27.044,-0.157,34.011,1.845,0.325,221.14,17.895,9.638,1004.049,62.495,1.084,8.013,0,none,0.406,0.778,0.67,0.265,LOW,SYNTHETIC_DEMO_DATA
10,Sundarbans,21.81309,89.04338,2025-01-02 02:13:39,27.983,1.082,22.245,1.589,0.719,184.01,13.057,30.299,1005.16,77.713,1.918,13.706,0,none,0.69,0.633,0.592,0.518,MEDIUM,SYNTHETIC_DEMO_DATA
11,Mumbai Coast,18.83296,72.93773,2025-01-02 05:08:30,26.576,-0.125,35.654,1.164,0.781,349.92,7.153,16.297,1003.042,93.439,0.72,7.919,1,cyclonic,0.402,0.659,0.746,0.23,LOW,SYNTHETIC_DEMO_DATA
12,Lakshadweep,10.53401,72.72996,2025-01-02 08:03:21,26.863,-0.338,35.143,1.325,0.648,0.97,8.5,0.0,1009.221,54.854,1.06,3.381,1,anticyclonic,0.337,0.716,0.832,0.233,LOW,SYNTHETIC_DEMO_DATA
13,Goa Coast,15.13532,73.9208,2025-01-02 10:58:12,25.713,-1.188,33.076,1.066,0.643,81.11,10.892,21.863,1018.216,69.184,1.085,8.185,0,none,0.439,0.72,0.669,0.4,MEDIUM,SYNTHETIC_DEMO_DATA
14,Goa Coast,15.51913,73.90865,2025-01-02 13:53:03,27.85,0.949,33.998,2.104,0.855,356.76,16.286,5.104,1002.695,83.301,1.085,8.496,1,cyclonic,0.378,0.524,0.613,0.424,MEDIUM,SYNTHETIC_DEMO_DATA
15,Goa Coast,15.51299,73.86238,2025-01-02 16:47:54,25.513,-1.388,33.2,1.086,0.612,336.58,6.57,20.315,1011.78,92.558,2.254,11.475,0,none,0.473,0.722,0.53,0.444,MEDIUM,SYNTHETIC_DEMO_DATA
16,Goa Coast,15.40944,73.64112,2025-01-02 19:42:45,27.419,0.518,32.496,2.264,1.018,263.17,24.291,10.119,1022.327,64.294,1.246,13.072,0,none,0.341,0.662,0.616,0.255,LOW,SYNTHETIC_DEMO_DATA
17,Mumbai Coast,18.97278,73.0358,2025-01-02 22:37:36,27.399,0.698,33.296,1.502,0.592,167.48,15.194,7.419,1014.059,82.857,0.89,7.065,1,anticyclonic,0.438,0.739,0.708,0.333,MEDIUM,SYNTHETIC_DEMO_DATA
18,Odisha Coast,19.78725,85.74449,2025-01-03 01:32:27,26.892,-0.809,30.502,1.799,0.865,83.72,14.78,36.078,1005.403,86.605,2.313,19.363,1,cyclonic,0.616,0.61,0.702,0.477,MEDIUM,SYNTHETIC_DEMO_DATA
19,Andaman & Nicobar,11.58284,92.55674,2025-01-03 04:27:19,28.16,0.459,31.088,1.993,0.992,147.76,15.378,22.803,1014.658,74.61,1.369,11.372,0,none,0.348,0.668,0.565,0.284,LOW,SYNTHETIC_DEMO_DATA
20,Kerala Coast,9.85711,76.1859,2025-01-03 07:22:10,27.625,0.624,34.317,2.078,0.369,8.72,12.036,15.73,1006.46,58.383,1.175,12.64,1,anticyclonic,0.6,0.554,0.834,0.348,MEDIUM,SYNTHETIC_DEMO_DATA
21,Mumbai Coast,19.14613,73.0141,2025-01-03 10:17:01,26.885,0.185,35.484,2.028,0.709,348.45,14.466,9.034,1010.417,80.911,1.544,10.349,0,none,0.404,0.642,0.761,0.279,LOW,SYNTHETIC_DEMO_DATA
22,Chennai Coast,13.04897,80.55618,2025-01-03 13:11:52,27.852,-0.049,33.254,1.771,0.516,212.32,13.217,17.948,1003.989,95.391,1.345,13.45,0,none,0.374,0.726,0.808,0.209,LOW,SYNTHETIC_DEMO_DATA
23,Odisha Coast,19.93445,85.46129,2025-01-03 16:06:43,25.907,-1.794,28.434,1.109,0.498,102.1,6.632,9.58,996.073,75.799,1.564,8.913,0,none,0.454,0.573,0.562,0.563,MEDIUM,SYNTHETIC_DEMO_DATA
24,Lakshadweep,10.49056,72.57351,2025-01-03 19:01:34,26.671,-0.53,33.475,2.312,0.785,195.46,14.108,1.46,1011.131,64.407,0.828,8.225,1,anticyclonic,0.297,0.606,0.67,0.361,MEDIUM,SYNTHETIC_DEMO_DATA
25,Goa Coast,15.49401,73.59018,2025-01-03 21:56:25,25.113,-1.788,33.611,2.242,1.156,23.89,9.575,16.351,1025.795,76.074,1.719,8.322,1,cyclonic,0.452,0.497,0.594,0.606,HIGH,SYNTHETIC_DEMO_DATA
26,Gujarat Coast,22.35536,69.32992,2025-01-04 00:51:16,27.046,0.845,34.968,0.485,0.233,30.41,8.269,2.507,1018.757,86.765,0.67,4.867,1,anticyclonic,0.332,0.605,0.643,0.396,MEDIUM,SYNTHETIC_DEMO_DATA
27,Kerala Coast,10.25001,76.35449,2025-01-04 03:46:07,26.765,-0.236,29.89,1.561,0.474,113.1,17.846,25.808,1000.578,87.51,1.951,15.459,0,none,0.572,0.732,0.635,0.297,LOW,SYNTHETIC_DEMO_DATA
28,Andaman & Nicobar,11.42001,92.94198,2025-01-04 06:40:58,27.658,-0.043,32.536,2.49,0.804,161.06,22.157,8.547,1011.056,86.473,1.139,7.69,1,cyclonic,0.53,0.732,0.77,0.171,LOW,SYNTHETIC_DEMO_DATA
29,Mumbai Coast,18.86059,72.86211,2025-01-04 09:35:49,28.003,1.302,32.945,2.716,0.664,147.49,13.11,29.688,1020.695,87.111,2.711,12.939,1,anticyclonic,0.769,0.715,0.731,0.446,MEDIUM,SYNTHETIC_DEMO_DATA
30,Kerala Coast,9.87693,76.1775,2025-01-04 12:30:40,28.889,1.888,33.566,2.11,0.785,113.86,17.302,4.211,1009.5,81.928,0.799,6.133,0,none,0.187,0.386,0.61,0.59,MEDIUM,SYNTHETIC_DEMO_DATA
31,Kerala Coast,9.77756,76.23592,2025-01-04 15:25:31,27.219,0.218,33.075,2.311,0.458,232.71,15.679,20.106,999.525,66.935,1.921,15.647,1,cyclonic,0.537,0.801,0.675,0.291,LOW,SYNTHETIC_DEMO_DATA
32,Visakhapatnam,17.59155,83.26017,2025-01-04 18:20:22,28.34,1.139,34.444,1.671,0.508,46.4,14.427,5.012,1015.782,83.921,0.649,6.357,0,none,0.286,0.557,0.686,0.389,MEDIUM,SYNTHETIC_DEMO_DATA
33,Sundarbans,22.44436,89.2141,2025-01-04 21:15:13,28.562,1.661,20.202,2.083,0.806,264.63,12.021,15.679,1012.798,81.143,1.986,12.857,1,anticyclonic,0.389,0.429,0.586,0.631,HIGH,SYNTHETIC_DEMO_DATA
34,Mumbai Coast,18.72824,72.86589,2025-01-05 00:10:04,25.977,-0.724,34.044,1.907,1.055,248.63,9.646,12.821,1016.889,61.264,1.166,11.988,1,cyclonic,0.378,0.785,0.67,0.336,MEDIUM,SYNTHETIC_DEMO_DATA
35,Andaman & Nicobar,11.63555,92.81624,2025-01-05 03:04:55,27.806,0.105,30.327,1.464,0.782,29.0,11.646,22.421,1010.564,86.706,2.138,17.285,1,anticyclonic,0.523,0.689,0.628,0.238,LOW,SYNTHETIC_DEMO_DATA
36,Sundarbans,22.01671,89.2171,2025-01-05 05:59:47,26.867,-0.034,21.32,1.772,0.831,334.17,14.731,23.501,1012.061,84.555,1.737,12.319,1,anticyclonic,0.642,0.843,0.774,0.365,MEDIUM,SYNTHETIC_DEMO_DATA
37,Andaman & Nicobar,11.70215,93.26635,2025-01-05 08:54:38,28.369,0.668,32.254,2.517,0.836,290.82,13.276,12.18,1007.843,79.513,1.416,7.584,0,none,0.39,0.864,0.645,0.232,LOW,SYNTHETIC_DEMO_DATA
38,Andaman & Nicobar,11.60036,92.64969,2025-01-05 11:49:29,27.973,0.272,31.03,1.813,0.511,41.34,14.774,18.373,1015.943,68.855,1.921,14.864,0,none,0.596,0.571,0.748,0.266,LOW,SYNTHETIC_DEMO_DATA
39,Visakhapatnam,17.81542,83.296,2025-01-05 14:44:20,27.753,0.552,31.853,0.762,0.507,171.75,4.51,0.104,1006.295,78.805,0.246,1.172,0,none,0.181,0.626,0.769,0.184,LOW,SYNTHETIC_DEMO_DATA
40,Gujarat Coast,22.25871,69.80495,2025-01-05 17:39:11,27.085,0.884,36.432,1.402,0.84,99.23,9.132,1.654,1021.176,68.739,0.837,8.227,0,none,0.398,0.546,0.706,0.392,MEDIUM,SYNTHETIC_DEMO_DATA
41,Odisha Coast,19.55661,86.07165,2025-01-05 20:34:02,26.372,-1.329,26.643,2.32,0.618,114.9,17.009,32.873,1020.786,81.243,2.346,17.39,1,cyclonic,0.77,0.554,0.624,0.568,MEDIUM,SYNTHETIC_DEMO_DATA
42,Goa Coast,15.59916,74.04947,2025-01-05 23:28:53,26.219,-0.682,33.415,2.28,0.885,254.77,16.546,17.93,1001.353,89.846,1.031,10.152,1,cyclonic,0.439,0.539,0.719,0.368,MEDIUM,SYNTHETIC_DEMO_DATA
43,Goa Coast,15.5584,73.70051,2025-01-06 02:23:44,26.027,-0.874,33.139,1.95,0.625,56.74,7.617,25.154,1007.288,79.578,1.555,6.845,0,none,0.618,0.664,0.653,0.346,MEDIUM,SYNTHETIC_DEMO_DATA
44,Chennai Coast,12.69664,80.0436,2025-01-06 05:18:35,29.296,1.395,34.188,0.636,1.008,124.64,1.45,14.689,1004.694,70.876,1.006,11.838,1,anticyclonic,0.342,0.531,0.565,0.488,MEDIUM,SYNTHETIC_DEMO_DATA
45,Sundarbans,22.06079,89.0634,2025-01-06 08:13:26,27.022,0.121,21.512,2.701,1.02,103.23,14.211,22.963,1009.676,72.444,2.206,21.464,1,anticyclonic,0.55,0.649,0.707,0.382,MEDIUM,SYNTHETIC_DEMO_DATA
46,Lakshadweep,10.59764,72.85749,2025-01-06 11:08:17,27.82,0.619,32.327,1.598,0.771,24.78,11.191,14.905,1005.448,89.35,1.621,12.835,0,none,0.433,0.624,0.643,0.311,MEDIUM,SYNTHETIC_DEMO_DATA
47,Kerala Coast,9.55289,76.1905,2025-01-06 14:03:08,26.138,-0.863,31.224,1.532,0.918,306.1,10.593,20.45,1008.389,82.968,1.201,14.384,1,anticyclonic,0.487,0.671,0.545,0.453,MEDIUM,SYNTHETIC_DEMO_DATA
48,Andaman & Nicobar,11.82406,92.82513,2025-01-06 16:57:59,27.281,-0.42,31.399,1.683,0.72,214.65,10.274,7.554,989.765,66.431,0.858,8.416,1,cyclonic,0.351,0.686,0.693,0.276,LOW,SYNTHETIC_DEMO_DATA
49,Gujarat Coast,21.99275,69.30456,2025-01-06 19:52:50,25.978,-0.223,34.826,1.679,0.79,285.07,11.959,0.329,1007.108,79.585,0.833,10.246,1,anticyclonic,0.333,0.63,0.587,0.308,MEDIUM,SYNTHETIC_DEMO_DATA
50,Goa Coast,15.27526,73.48468,2025-01-06 22:47:41,26.178,-0.723,33.406,0.658,0.559,335.56,6.765,5.635,1016.22,80.622,0.901,8.846,0,none,0.268,0.666,0.754,0.295,LOW,SYNTHETIC_DEMO_DATA
51,Goa Coast,15.48193,73.39096,2025-01-07 01:42:32,26.953,0.052,34.138,2.169,0.793,205.38,12.647,0.0,1009.135,58.73,0.853,5.538,0,none,0.561,0.793,0.793,0.173,LOW,SYNTHETIC_DEMO_DATA
52,Odisha Coast,20.19543,85.9885,2025-01-07 04:37:23,26.678,-1.023,31.023,2.184,0.784,187.51,19.017,2.16,1009.1,73.826,1.863,11.85,0,none,0.417,0.693,0.575,0.416,MEDIUM,SYNTHETIC_DEMO_DATA
53,Chennai Coast,13.27572,80.16234,2025-01-07 07:32:15,28.478,0.577,35.419,0.772,0.748,109.29,4.093,6.698,1017.098,96.965,1.357,6.266,1,cyclonic,0.309,0.684,0.819,0.335,MEDIUM,SYNTHETIC_DEMO_DATA
54,Kerala Coast,9.5508,76.55422,2025-01-07 10:27:06,27.441,0.44,31.255,1.298,0.181,185.15,4.274,27.491,1007.375,92.019,1.988,16.98,1,cyclonic,0.664,0.809,0.723,0.381,MEDIUM,SYNTHETIC_DEMO_DATA
55,Kerala Coast,10.07658,76.32311,2025-01-07 13:21:57,26.775,-0.226,33.454,2.178,0.748,268.3,10.814,20.716,1000.644,65.715,1.671,15.247,1,anticyclonic,0.572,0.614,0.7,0.402,MEDIUM,SYNTHETIC_DEMO_DATA
56,Sundarbans,21.91375,89.26954,2025-01-07 16:16:48,26.4,-0.5,22.173,1.438,0.646,103.26,6.817,22.367,1014.296,60.866,1.701,12.496,0,none,0.535,0.659,0.557,0.356,MEDIUM,SYNTHETIC_DEMO_DATA
57,Mumbai Coast,19.26364,72.89694,2025-01-07 19:11:39,26.552,-0.149,35.748,1.21,0.828,347.14,4.298,6.411,1010.59,92.337,1.062,9.104,0,none,0.402,0.727,0.707,0.229,LOW,SYNTHETIC_DEMO_DATA
58,Odisha Coast,19.76672,85.70019,2025-01-07 22:06:30,27.107,-0.594,27.686,2.614,0.355,289.64,17.245,27.844,1003.686,85.782,1.853,15.183,0,none,0.508,0.714,0.646,0.349,MEDIUM,SYNTHETIC_DEMO_DATA
59,Goa Coast,15.45603,74.10626,2025-01-08 01:01:21,27.582,0.681,33.6,2.378,0.86,150.14,15.587,25.413,1000.444,84.24,1.635,14.652,0,none,0.555,0.707,0.542,0.39,MEDIUM,SYNTHETIC_DEMO_DATA
60,Gujarat Coast,22.71091,69.61569,2025-01-08 03:56:12,26.364,0.163,34.815,1.728,0.724,115.93,13.545,4.507,1027.898,60.843,1.379,11.705,0,none,0.376,0.635,0.574,0.336,MEDIUM,SYNTHETIC_DEMO_DATA
61,Lakshadweep,10.76365,73.12356,2025-01-08 06:51:03,25.883,-1.318,36.762,2.711,0.776,152.49,19.291,0.0,1012.561,81.673,0.651,4.401,1,anticyclonic,0.326,0.434,0.658,0.512,MEDIUM,SYNTHETIC_DEMO_DATA
62,Goa Coast,15.34973,73.89964,2025-01-08 09:45:54,27.743,0.842,33.43,2.635,0.793,306.78,13.641,9.876,1006.189,63.868,1.593,12.161,0,none,0.406,0.609,0.605,0.332,MEDIUM,SYNTHETIC_DEMO_DATA
63,Chennai Coast,13.02728,80.53728,2025-01-08 12:40:45,27.829,-0.072,32.778,1.078,0.335,208.5,5.27,8.899,998.841,94.202,1.638,6.764,0,none,0.479,0.804,0.799,0.183,LOW,SYNTHETIC_DEMO_DATA
64,Lakshadweep,10.63959,72.59343,2025-01-08 15:35:36,27.523,0.322,33.318,1.482,0.682,162.27,7.465,23.323,1010.169,78.009,1.356,13.083,0,none,0.541,0.743,0.727,0.174,LOW,SYNTHETIC_DEMO_DATA
65,Kerala Coast,9.6578,76.6647,2025-01-08 18:30:27,26.494,-0.507,34.293,2.103,0.643,346.05,15.054,11.622,1005.575,75.862,0.935,10.544,0,none,0.51,0.742,0.671,0.243,LOW,SYNTHETIC_DEMO_DATA
66,Chennai Coast,12.81554,80.52656,2025-01-08 21:25:18,26.92,-0.981,33.905,1.153,0.522,79.76,8.504,0.682,1010.62,59.426,0.866,6.565,0,none,0.329,0.585,0.659,0.377,MEDIUM,SYNTHETIC_DEMO_DATA
67,Lakshadweep,10.54059,72.65612,2025-01-09 00:20:09,27.565,0.364,35.25,1.409,0.895,287.34,7.697,1.746,1018.014,77.776,0.982,7.813,1,anticyclonic,0.379,0.697,0.646,0.294,LOW,SYNTHETIC_DEMO_DATA
68,Chennai Coast,13.64906,80.19504,2025-01-09 03:15:00,27.363,-0.538,33.053,1.024,0.512,224.77,9.769,7.568,1007.49,92.425,2.198,9.401,0,none,0.58,0.645,0.778,0.257,LOW,SYNTHETIC_DEMO_DATA
69,Sundarbans,21.82364,89.14441,2025-01-09 06:09:51,25.883,-1.017,21.273,1.052,0.592,152.65,10.863,24.062,1006.101,75.63,2.015,14.483,0,none,0.646,0.687,0.671,0.475,MEDIUM,SYNTHETIC_DEMO_DATA
70,Kerala Coast,9.84211,76.00122,2025-01-09 09:04:43,26.276,-0.725,33.584,2.001,0.279,168.14,14.73,23.363,1018.855,66.605,1.279,9.314,1,cyclonic,0.397,0.613,0.65,0.481,MEDIUM,SYNTHETIC_DEMO_DATA
71,Goa Coast,15.39143,73.73462,2025-01-09 11:59:34,26.764,-0.137,30.789,1.242,0.922,91.72,10.126,24.39,1015.826,60.372,1.501,12.954,0,none,0.601,0.525,0.658,0.269,LOW,SYNTHETIC_DEMO_DATA
72,Odisha Coast,19.80023,85.91068,2025-01-09 14:54:25,28.62,0.919,28.765,1.621,0.777,295.16,10.476,17.14,1006.414,73.339,1.832,10.505,1,anticyclonic,0.493,0.619,0.686,0.46,MEDIUM,SYNTHETIC_DEMO_DATA
73,Kerala Coast,9.97706,76.04496,2025-01-09 17:49:16,28.146,1.145,33.925,2.947,0.763,327.58,22.717,12.26,1009.597,65.768,0.893,10.593,1,cyclonic,0.549,0.637,0.441,0.52,MEDIUM,SYNTHETIC_DEMO_DATA
74,Odisha Coast,20.3679,86.00327,2025-01-09 20:44:07,27.422,-0.279,30.184,1.391,0.432,315.27,14.956,8.513,1005.383,57.883,1.322,7.754,0,none,0.33,0.805,0.583,0.239,LOW,SYNTHETIC_DEMO_DATA
75,Gujarat Coast,22.38347,69.93285,2025-01-09 23:38:58,25.809,-0.392,34.17,1.586,0.83,155.55,14.814,7.52,1011.539,61.563,0.755,9.209,0,none,0.476,0.719,0.782,0.244,LOW,SYNTHETIC_DEMO_DATA
76,Kerala Coast,9.94123,76.07378,2025-01-10 02:33:49,25.87,-1.131,30.558,1.292,0.871,168.03,10.689,16.691,1004.858,61.587,2.014,7.704,1,anticyclonic,0.588,0.531,0.611,0.422,MEDIUM,SYNTHETIC_DEMO_DATA
77,Chennai Coast,13.56926,79.95102,2025-01-10 05:28:40,29.839,1.938,33.429,0.85,0.133,54.89,6.797,0.0,1000.027,88.231,0.613,4.025,1,cyclonic,0.337,0.499,0.45,0.606,HIGH,SYNTHETIC_DEMO_DATA
78,Visakhapatnam,17.6925,83.39767,2025-01-10 08:23:31,26.356,-0.845,33.69,1.263,0.988,234.71,4.891,14.321,999.381,66.514,1.832,10.121,1,cyclonic,0.514,0.629,0.581,0.42,MEDIUM,SYNTHETIC_DEMO_DATA
79,Mumbai Coast,19.19741,72.80988,2025-01-10 11:18:22,26.119,-0.582,35.987,0.87,0.592,95.43,2.15,27.463,1009.359,78.385,1.258,16.341,0,none,0.463,0.576,0.72,0.389,MEDIUM,SYNTHETIC_DEMO_DATA
80,Gujarat Coast,22.4034,69.50898,2025-01-10 14:13:13,25.707,-0.494,34.604,0.871,0.748,101.27,7.979,3.084,1003.795,60.238,0.903,10.289,1,cyclonic,0.335,0.703,0.717,0.337,MEDIUM,SYNTHETIC_DEMO_DATA
81,Lakshadweep,10.51887,72.56849,2025-01-10 17:08:04,27.553,0.352,36.436,1.1,0.776,332.36,7.97,0.0,1007.024,58.512,0.605,4.194,1,cyclonic,0.291,0.619,0.624,0.275,LOW,SYNTHETIC_DEMO_DATA
82,Kerala Coast,10.10904,76.32466,2025-01-10 20:02:55,27.377,0.376,31.299,2.832,0.882,34.37,19.149,37.911,1006.507,77.661,2.996,21.284,0,none,0.86,0.82,0.641,0.354,MEDIUM,SYNTHETIC_DEMO_DATA
83,Odisha Coast,19.85908,85.90236,2025-01-10 22:57:46,27.186,-0.515,31.054,1.027,0.75,358.74,4.288,4.147,1004.569,61.46,1.178,4.812,0,none,0.401,0.856,0.698,0.245,LOW,SYNTHETIC_DEMO_DATA
84,Andaman & Nicobar,11.70525,92.67844,2025-01-11 01:52:37,27.581,-0.119,32.162,1.568,0.684,137.88,11.843,12.791,999.429,63.646,1.409,12.121,0,none,0.501,0.745,0.774,0.213,LOW,SYNTHETIC_DEMO_DATA
85,Gujarat Coast,22.41775,69.58032,2025-01-11 04:47:28,26.346,0.145,36.15,1.97,0.73,229.95,17.318,6.96,1006.227,66.199,0.901,2.976,0,none,0.488,0.648,0.706,0.153,LOW,SYNTHETIC_DEMO_DATA
86,Goa Coast,15.39382,73.75087,2025-01-11 07:42:19,26.604,-0.296,34.835,2.272,0.559,174.35,17.538,7.92,1018.251,74.914,1.434,7.773,1,cyclonic,0.372,0.587,0.744,0.228,LOW,SYNTHETIC_DEMO_DATA
87,Sundarbans,22.06007,89.34354,2025-01-11 10:37:11,26.278,-0.622,23.146,1.558,0.922,38.09,10.902,21.49,1014.8,79.424,2.312,16.021,1,anticyclonic,0.537,0.702,0.576,0.427,MEDIUM,SYNTHETIC_DEMO_DATA
88,Chennai Coast,13.30539,80.46493,2025-01-11 13:32:02,27.101,-0.8,34.361,1.711,0.714,120.41,8.332,1.349,1006.727,81.129,0.824,4.711,0,none,0.278,0.649,0.649,0.286,LOW,SYNTHETIC_DEMO_DATA
89,Goa Coast,15.36818,74.10657,2025-01-11 16:26:53,29.664,2.763,33.661,1.193,1.065,171.46,6.954,13.613,1013.354,73.65,2.083,9.835,0,none,0.495,0.574,0.435,0.663,HIGH,SYNTHETIC_DEMO_DATA
90,Andaman & Nicobar,11.60295,92.54806,2025-01-11 19:21:44,26.636,-1.065,30.562,2.569,0.442,319.57,18.691,16.89,1019.068,81.695,1.176,12.915,0,none,0.492,0.7,0.636,0.395,MEDIUM,SYNTHETIC_DEMO_DATA
91,Kerala Coast,9.78076,76.05582,2025-01-11 22:16:35,26.372,-0.629,34.85,1.992,0.395,221.59,14.05,15.913,1013.42,50.779,1.624,11.183,0,none,0.434,0.821,0.721,0.344,MEDIUM,SYNTHETIC_DEMO_DATA
92,Andaman & Nicobar,11.85526,92.45934,2025-01-12 01:11:26,26.068,-1.633,32.171,1.117,0.209,256.99,7.784,24.22,1012.329,58.382,2.447,18.711,1,cyclonic,0.687,0.673,0.486,0.553,MEDIUM,SYNTHETIC_DEMO_DATA
93,Andaman & Nicobar,11.80012,92.77078,2025-01-12 04:06:17,28.083,0.382,34.416,1.591,1.135,198.3,11.4,12.935,1022.004,89.748,1.239,18.073,0,none,0.47,0.813,0.596,0.297,LOW,SYNTHETIC_DEMO_DATA
94,Chennai Coast,13.31249,80.41093,2025-01-12 07:01:08,28.064,0.163,34.271,2.386,0.929,45.87,19.039,0.0,1021.835,79.195,0.479,4.163,0,none,0.296,0.708,0.77,0.177,LOW,SYNTHETIC_DEMO_DATA
95,Andaman & Nicobar,12.03313,92.60646,2025-01-12 09:55:59,28.486,0.785,30.388,2.388,1.147,195.07,14.412,10.533,996.465,65.147,1.71,10.145,1,anticyclonic,0.435,0.576,0.662,0.425,MEDIUM,SYNTHETIC_DEMO_DATA
96,Visakhapatnam,17.65318,82.96575,2025-01-12 12:50:50,26.891,-0.31,34.419,1.874,0.649,81.03,13.973,0.0,1026.753,76.725,0.133,9.198,1,anticyclonic,0.23,0.775,0.631,0.246,LOW,SYNTHETIC_DEMO_DATA
97,Visakhapatnam,17.66392,83.30277,2025-01-12 15:45:41,27.261,0.06,33.818,0.98,0.534,268.78,4.131,4.465,1004.717,88.492,0.852,5.588,0,none,0.31,0.7,0.74,0.173,LOW,SYNTHETIC_DEMO_DATA
98,Gujarat Coast,22.71833,69.66725,2025-01-12 18:40:32,26.398,0.197,35.966,1.908,0.899,64.91,13.631,0.0,1012.303,72.521,1.873,3.267,0,none,0.318,0.706,0.673,0.226,LOW,SYNTHETIC_DEMO_DATA
99,Gujarat Coast,22.50901,69.6944,2025-01-12 21:35:23,27.424,1.223,36.748,1.185,0.496,14.71,3.144,9.547,1025.931,60.084,1.178,6.542,1,anticyclonic,0.409,0.565,0.566,0.505,MEDIUM,SYNTHETIC_DEMO_DATA
100,Odisha Coast,19.64125,85.37896,2025-01-13 00:30:14,27.772,0.071,27.83,1.654,0.545,151.53,14.596,18.257,1008.942,62.789,1.393,11.235,1,cyclonic,0.508,0.695,0.683,0.232,LOW,SYNTHETIC_DEMO_DATA
101,Andaman & Nicobar,11.93375,92.74966,2025-01-13 03:25:05,27.229,-0.472,31.008,2.338,0.986,349.25,11.314,12.567,1016.884,56.485,1.177,5.972,1,cyclonic,0.456,0.731,0.655,0.329,MEDIUM,SYNTHETIC_DEMO_DATA
102,Odisha Coast,19.74391,85.77333,2025-01-13 06:19:56,28.726,1.025,28.215,0.724,0.396,277.4,3.855,19.888,1023.185,79.161,1.44,11.588,0,none,0.49,0.586,0.558,0.5,MEDIUM,SYNTHETIC_DEMO_DATA
103,Andaman & Nicobar,11.72353,92.91401,2025-01-13 09:14:47,28.844,1.143,32.351,2.151,0.57,274.75,13.224,9.734,1010.777,54.062,1.615,6.827,0,none,0.569,0.743,0.682,0.31,MEDIUM,SYNTHETIC_DEMO_DATA
104,Sundarbans,21.81086,88.97922,2025-01-13 12:09:38,25.706,-1.195,20.745,1.277,0.846,311.65,12.853,23.82,998.97,75.69,2.465,14.331,1,anticyclonic,0.681,0.532,0.521,0.58,MEDIUM,SYNTHETIC_DEMO_DATA
105,Goa Coast,15.05835,73.82257,2025-01-13 15:04:30,26.916,0.015,35.489,1.828,0.549,277.11,12.507,3.838,1003.071,78.05,1.06,3.483,0,none,0.325,0.694,0.719,0.177,LOW,SYNTHETIC_DEMO_DATA
106,Goa Coast,15.56634,73.81933,2025-01-13 17:59:21,26.891,-0.01,32.588,2.352,0.563,68.63,8.915,20.691,1018.234,83.635,2.207,10.436,1,anticyclonic,0.595,0.715,0.799,0.252,LOW,SYNTHETIC_DEMO_DATA
107,Goa Coast,15.53314,73.82162,2025-01-13 20:54:12,28.256,1.355,31.967,2.033,0.672,352.1,13.147,15.448,1011.237,68.17,1.134,8.726,1,anticyclonic,0.331,0.524,0.417,0.54,MEDIUM,SYNTHETIC_DEMO_DATA
108,Gujarat Coast,22.19996,69.30239,2025-01-13 23:49:03,27.482,1.281,36.215,0.839,0.463,116.33,5.462,13.685,1017.281,67.009,1.29,8.789,1,anticyclonic,0.524,0.682,0.585,0.475,MEDIUM,SYNTHETIC_DEMO_DATA
109,Kerala Coast,9.58224,76.05875,2025-01-14 02:43:54,26.051,-0.95,32.789,1.784,0.563,122.53,11.311,22.547,1010.796,90.108,1.908,15.52,1,anticyclonic,0.553,0.66,0.534,0.488,MEDIUM,SYNTHETIC_DEMO_DATA
110,Goa Coast,15.26868,73.96811,2025-01-14 05:38:45,27.353,0.452,33.002,0.96,1.009,317.55,13.362,20.463,995.541,65.514,1.935,10.718,0,none,0.574,0.848,0.803,0.239,LOW,SYNTHETIC_DEMO_DATA
111,Visakhapatnam,17.78248,83.3783,2025-01-14 08:33:36,27.019,-0.182,34.101,2.111,0.05,47.66,15.221,0.0,1006.127,75.822,1.116,7.432,0,none,0.387,0.734,0.795,0.2,LOW,SYNTHETIC_DEMO_DATA
112,Goa Coast,15.3104,73.34233,2025-01-14 11:28:27,27.02,0.119,35.137,2.019,0.868,351.9,15.805,8.183,1008.521,83.66,0.745,12.515,1,anticyclonic,0.385,0.661,0.752,0.287,LOW,SYNTHETIC_DEMO_DATA
113,Mumbai Coast,18.87807,72.88606,2025-01-14 14:23:18,26.658,-0.043,33.847,2.59,0.827,220.48,21.452,26.444,1015.825,79.141,1.63,19.072,1,cyclonic,0.704,0.712,0.654,0.302,MEDIUM,SYNTHETIC_DEMO_DATA
114,Kerala Coast,10.26178,75.70753,2025-01-14 17:18:09,26.967,-0.034,33.682,3.305,1.275,280.49,25.656,11.978,1015.769,61.723,1.622,9.922,0,none,0.331,0.565,0.657,0.242,LOW,SYNTHETIC_DEMO_DATA
115,Mumbai Coast,19.01265,72.58012,2025-01-14 20:13:00,27.917,1.216,33.764,1.619,0.726,181.35,6.78,0.0,1008.225,64.735,0.775,2.725,1,anticyclonic,0.252,0.66,0.643,0.414,MEDIUM,SYNTHETIC_DEMO_DATA
116,Mumbai Coast,18.9791,72.80324,2025-01-14 23:07:51,25.403,-1.298,33.567,2.01,0.577,359.15,12.352,10.059,1006.227,63.176,1.801,11.217,0,none,0.417,0.375,0.537,0.523,MEDIUM,SYNTHETIC_DEMO_DATA
117,Sundarbans,21.9803,89.23509,2025-01-15 02:02:42,26.025,-0.876,22.509,1.987,0.594,75.14,13.91,28.567,1016.106,67.867,1.658,14.045,0,none,0.543,0.595,0.692,0.466,MEDIUM,SYNTHETIC_DEMO_DATA
118,Odisha Coast,19.87306,85.68138,2025-01-15 04:57:33,28.564,0.863,29.808,2.22,0.639,257.24,13.805,14.032,1016.607,74.381,1.698,11.239,1,anticyclonic,0.462,0.57,0.664,0.477,MEDIUM,SYNTHETIC_DEMO_DATA
119,Visakhapatnam,17.57782,83.44188,2025-01-15 07:52:24,26.915,-0.286,33.798,1.572,0.05,56.16,9.082,0.937,1025.016,82.657,0.784,5.291,0,none,0.307,0.592,0.737,0.211,LOW,SYNTHETIC_DEMO_DATA
120,Odisha Coast,19.78879,85.77165,2025-01-15 10:47:15,27.076,-0.625,29.933,1.075,0.692,8.37,1.0,32.935,1006.259,80.189,2.025,15.367,1,anticyclonic,0.677,0.597,0.577,0.387,MEDIUM,SYNTHETIC_DEMO_DATA
121,Kerala Coast,10.10328,76.32006,2025-01-15 13:42:06,27.136,0.135,34.023,0.791,0.553,139.5,4.853,24.042,1024.356,70.704,2.111,20.141,0,none,0.611,0.63,0.748,0.22,LOW,SYNTHETIC_DEMO_DATA
122,Gujarat Coast,22.62018,69.64,2025-01-15 16:36:58,26.773,0.572,34.98,1.17,0.691,319.96,10.297,0.0,1017.232,69.156,1.282,4.365,1,anticyclonic,0.384,0.547,0.601,0.368,MEDIUM,SYNTHETIC_DEMO_DATA
123,Gujarat Coast,22.69624,69.71585,2025-01-15 19:31:49,27.114,0.913,34.943,0.913,0.907,331.34,1.0,0.0,1017.864,70.845,0.816,3.055,0,none,0.409,0.612,0.57,0.439,MEDIUM,SYNTHETIC_DEMO_DATA
124,Kerala Coast,9.80907,76.15631,2025-01-15 22:26:40,26.969,-0.032,33.436,0.985,1.169,227.4,12.336,19.474,1007.349,76.659,1.186,13.748,0,none,0.584,0.691,0.775,0.201,LOW,SYNTHETIC_DEMO_DATA
125,Andaman & Nicobar,11.64948,92.61089,2025-01-16 01:21:31,26.831,-0.87,30.813,0.364,0.485,87.47,2.551,24.271,999.533,54.7,2.086,10.256,1,cyclonic,0.457,0.545,0.627,0.422,MEDIUM,SYNTHETIC_DEMO_DATA
126,Mumbai Coast,19.13047,72.94612,2025-01-16 04:16:22,28.331,1.63,31.831,1.709,1.038,74.98,12.123,11.1,1008.541,72.361,1.063,7.73,1,cyclonic,0.459,0.624,0.59,0.508,MEDIUM,SYNTHETIC_DEMO_DATA
127,Sundarbans,21.9673,89.00011,2025-01-16 07:11:13,27.045,0.144,19.611,2.329,0.506,60.62,22.767,15.339,1011.538,61.584,1.791,14.443,1,anticyclonic,0.528,0.659,0.679,0.377,MEDIUM,SYNTHETIC_DEMO_DATA
128,Goa Coast,15.42025,73.87521,2025-01-16 10:06:04,25.727,-1.174,31.44,1.411,0.507,182.36,11.141,24.742,1019.455,84.898,2.302,15.533,0,none,0.437,0.585,0.561,0.453,MEDIUM,SYNTHETIC_DEMO_DATA
129,Mumbai Coast,19.37125,73.06812,2025-01-16 13:00:55,26.081,-0.62,33.937,1.472,0.452,71.34,7.19,23.28,1006.034,76.682,1.141,13.267,0,none,0.558,0.647,0.71,0.344,MEDIUM,SYNTHETIC_DEMO_DATA
130,Gujarat Coast,22.03699,69.31697,2025-01-16 15:55:46,27.046,0.845,36.121,1.999,1.183,294.06,17.98,13.98,1013.465,93.444,1.169,10.086,0,none,0.493,0.572,0.663,0.384,MEDIUM,SYNTHETIC_DEMO_DATA
131,Mumbai Coast,18.89712,72.66862,2025-01-16 18:50:37,26.681,-0.02,34.728,3.026,0.594,182.06,21.447,15.71,1021.824,80.181,1.749,7.517,1,anticyclonic,0.333,0.75,0.673,0.251,LOW,SYNTHETIC_DEMO_DATA
132,Mumbai Coast,19.07532,72.87091,2025-01-16 21:45:28,25.814,-0.887,33.446,1.607,0.686,123.72,8.752,13.095,1011.959,70.36,0.493,12.106,0,none,0.377,0.652,0.687,0.345,MEDIUM,SYNTHETIC_DEMO_DATA
133,Sundarbans,22.06732,89.21916,2025-01-17 00:40:19,27.213,0.312,22.115,2.462,0.98,220.37,21.503,4.308,1000.145,78.111,0.888,7.923,0,none,0.447,0.671,0.764,0.307,MEDIUM,SYNTHETIC_DEMO_DATA
134,Mumbai Coast,18.77145,72.76841,2025-01-17 03:35:10,25.428,-1.273,31.788,1.615,0.527,107.87,8.517,14.604,1014.26,78.467,1.043,12.086,0,none,0.427,0.609,0.538,0.433,MEDIUM,SYNTHETIC_DEMO_DATA
135,Goa Coast,15.38791,73.59189,2025-01-17 06:30:01,26.066,-0.835,32.535,0.512,0.645,99.65,8.116,19.067,1019.223,71.959,0.996,13.709,1,cyclonic,0.441,0.703,0.509,0.422,MEDIUM,SYNTHETIC_DEMO_DATA
136,Chennai Coast,12.92577,79.93972,2025-01-17 09:24:52,26.454,-1.447,31.447,2.263,0.989,257.92,12.028,0.0,1005.406,76.513,1.247,5.436,1,cyclonic,0.462,0.541,0.592,0.5,MEDIUM,SYNTHETIC_DEMO_DATA
137,Gujarat Coast,22.24545,69.52204,2025-01-17 12:19:43,25.42,-0.781,35.459,1.692,0.824,206.1,12.172,5.583,1003.166,83.017,0.94,9.642,0,none,0.368,0.778,0.616,0.396,MEDIUM,SYNTHETIC_DEMO_DATA
138,Sundarbans,21.95781,89.26308,2025-01-17 15:14:34,26.39,-0.511,21.192,2.084,0.932,26.27,16.239,18.56,1005.031,64.831,1.257,10.005,0,none,0.493,0.721,0.584,0.376,MEDIUM,SYNTHETIC_DEMO_DATA
139,Chennai Coast,13.18185,80.21945,2025-01-17 18:09:26,27.199,-0.702,35.147,3.185,0.775,1.6,23.559,15.606,1003.175,63.636,1.76,10.248,0,none,0.553,0.662,0.643,0.362,MEDIUM,SYNTHETIC_DEMO_DATA
140,Kerala Coast,10.08907,76.5993,2025-01-17 21:04:17,27.524,0.523,33.171,1.644,0.65,183.38,16.017,24.684,1008.426,69.677,2.301,13.285,0,none,0.625,0.707,0.604,0.346,MEDIUM,SYNTHETIC_DEMO_DATA
141,Lakshadweep,10.57261,72.36658,2025-01-17 23:59:08,26.736,-0.465,35.378,1.571,0.05,17.91,10.384,3.684,1015.013,78.457,0.527,9.233,0,none,0.26,0.632,0.574,0.333,MEDIUM,SYNTHETIC_DEMO_DATA
142,Visakhapatnam,17.67333,83.22933,2025-01-18 02:53:59,27.597,0.396,31.809,1.337,0.704,71.9,15.307,18.834,1003.488,68.941,1.809,16.47,1,anticyclonic,0.437,0.735,0.804,0.318,MEDIUM,SYNTHETIC_DEMO_DATA
143,Visakhapatnam,17.67159,83.13361,2025-01-18 05:48:50,28.316,1.115,31.394,2.474,0.606,4.41,22.299,0.348,1010.462,97.475,1.99,6.647,1,anticyclonic,0.5,0.637,0.634,0.387,MEDIUM,SYNTHETIC_DEMO_DATA
144,Kerala Coast,9.9513,76.37228,2025-01-18 08:43:41,27.058,0.057,31.663,1.827,0.686,52.7,14.851,22.621,1021.491,88.899,1.376,12.504,0,none,0.482,0.597,0.646,0.265,LOW,SYNTHETIC_DEMO_DATA
145,Lakshadweep,10.30282,72.71595,2025-01-18 11:38:32,26.63,-0.571,33.365,1.952,0.969,107.32,9.253,13.922,1007.39,81.93,0.786,12.297,0,none,0.479,0.694,0.659,0.286,LOW,SYNTHETIC_DEMO_DATA
146,Andaman & Nicobar,11.81343,92.59765,2025-01-18 14:33:23,27.2,-0.501,31.666,0.757,0.772,324.07,4.068,20.943,1005.992,100.0,1.918,11.354,0,none,0.612,0.792,0.693,0.363,MEDIUM,SYNTHETIC_DEMO_DATA
147,Sundarbans,22.16091,89.24498,2025-01-18 17:28:14,28.084,1.183,22.393,1.297,0.837,68.02,11.515,10.993,1022.531,95.263,1.251,5.51,1,cyclonic,0.473,0.549,0.615,0.458,MEDIUM,SYNTHETIC_DEMO_DATA
148,Visakhapatnam,17.28933,83.36813,2025-01-18 20:23:05,27.673,0.472,32.608,1.527,0.757,52.75,16.362,1.975,1020.709,65.062,1.635,5.555,1,cyclonic,0.344,0.739,0.715,0.288,LOW,SYNTHETIC_DEMO_DATA
149,Andaman & Nicobar,11.55102,92.50688,2025-01-18 23:17:56,27.972,0.271,34.842,2.613,1.146,282.76,20.854,21.418,1014.129,66.585,1.939,13.894,0,none,0.486,0.768,0.766,0.295,LOW,SYNTHETIC_DEMO_DATA
150,Sundarbans,22.31079,89.20692,2025-01-19 02:12:47,26.074,-0.827,21.815,2.326,0.76,292.28,18.755,15.51,1016.464,64.088,2.028,13.577,1,cyclonic,0.408,0.563,0.551,0.506,MEDIUM,SYNTHETIC_DEMO_DATA
151,Andaman & Nicobar,12.06557,93.06452,2025-01-19 05:07:38,28.02,0.319,32.99,2.608,1.056,39.85,14.633,7.486,1015.872,78.523,1.562,10.365,0,none,0.459,0.707,0.704,0.173,LOW,SYNTHETIC_DEMO_DATA
152,Visakhapatnam,17.67392,83.08635,2025-01-19 08:02:29,26.749,-0.452,33.855,2.772,0.582,0.11,19.17,0.0,1016.034,71.642,0.319,8.471,0,none,0.271,0.599,0.682,0.351,MEDIUM,SYNTHETIC_DEMO_DATA
153,Lakshadweep,10.50522,72.69834,2025-01-19 10:57:20,28.626,1.426,34.702,1.64,0.716,61.63,9.25,23.958,1024.601,78.053,2.092,13.685,0,none,0.69,0.6,0.548,0.51,MEDIUM,SYNTHETIC_DEMO_DATA
154,Visakhapatnam,17.93503,83.08657,2025-01-19 13:52:11,26.199,-1.001,33.051,1.625,0.664,205.27,13.897,2.651,1024.008,86.415,0.306,3.039,1,anticyclonic,0.344,0.659,0.728,0.304,MEDIUM,SYNTHETIC_DEMO_DATA
155,Kerala Coast,10.16767,76.20758,2025-01-19 16:47:02,27.926,0.925,31.005,1.195,0.438,197.87,5.383,25.852,1009.971,81.298,2.344,15.637,1,cyclonic,0.482,0.665,0.661,0.437,MEDIUM,SYNTHETIC_DEMO_DATA
156,Gujarat Coast,22.05785,69.78859,2025-01-19 19:41:54,25.7,-0.501,35.178,1.734,0.988,130.98,11.108,0.0,1011.679,80.586,0.865,1.564,1,anticyclonic,0.261,0.605,0.665,0.336,MEDIUM,SYNTHETIC_DEMO_DATA
157,Odisha Coast,19.88464,85.92674,2025-01-19 22:36:45,28.63,0.929,28.903,0.621,0.673,251.37,5.351,14.954,1016.626,75.103,1.364,10.278,0,none,0.379,0.553,0.655,0.344,MEDIUM,SYNTHETIC_DEMO_DATA
158,Mumbai Coast,19.20492,72.94484,2025-01-20 01:31:36,26.589,-0.112,32.12,2.201,0.962,171.0,14.791,24.194,1008.776,65.291,2.159,15.172,0,none,0.625,0.703,0.727,0.225,LOW,SYNTHETIC_DEMO_DATA
159,Mumbai Coast,18.77367,72.94708,2025-01-20 04:26:27,26.714,0.013,34.996,1.619,0.93,218.01,7.072,24.094,1015.437,71.631,1.361,11.522,0,none,0.318,0.666,0.673,0.27,LOW,SYNTHETIC_DEMO_DATA
160,Goa Coast,15.56048,73.70986,2025-01-20 07:21:18,25.121,-1.78,31.855,1.846,0.761,256.11,15.616,16.72,1004.514,70.264,1.055,10.442,0,none,0.471,0.549,0.413,0.538,MEDIUM,SYNTHETIC_DEMO_DATA
161,Lakshadweep,10.48854,72.55934,2025-01-20 10:16:09,27.744,0.543,35.338,2.139,0.969,47.97,19.128,8.6,1017.809,62.3,1.277,5.78,0,none,0.418,0.619,0.735,0.268,LOW,SYNTHETIC_DEMO_DATA
162,Gujarat Coast,22.33329,69.67143,2025-01-20 13:11:00,25.231,-0.97,36.159,1.507,0.876,208.1,7.529,0.0,994.32,78.777,1.451,4.741,1,anticyclonic,0.315,0.67,0.626,0.435,MEDIUM,SYNTHETIC_DEMO_DATA
163,Kerala Coast,9.80343,76.23541,2025-01-20 16:05:51,25.926,-1.075,35.084,2.762,0.9,307.47,13.231,21.313,1014.245,70.378,1.8,11.114,1,cyclonic,0.527,0.645,0.668,0.469,MEDIUM,SYNTHETIC_DEMO_DATA
164,Kerala Coast,9.61724,76.39424,2025-01-20 19:00:42,26.324,-0.677,33.982,1.878,0.867,358.83,11.587,28.998,1012.922,73.556,1.683,12.903,1,cyclonic,0.548,0.588,0.651,0.434,MEDIUM,SYNTHETIC_DEMO_DATA
165,Kerala Coast,10.11694,76.34863,2025-01-20 21:55:33,27.232,0.231,32.616,2.516,1.111,240.49,13.601,23.689,1008.599,69.328,1.782,14.87,0,none,0.555,0.724,0.721,0.325,MEDIUM,SYNTHETIC_DEMO_DATA
166,Andaman & Nicobar,11.60157,92.52338,2025-01-21 00:50:24,27.619,-0.082,31.758,2.292,1.398,51.43,15.855,25.607,1006.825,77.115,1.328,16.521,1,cyclonic,0.543,0.36,0.742,0.39,MEDIUM,SYNTHETIC_DEMO_DATA
167,Chennai Coast,12.68082,80.57388,2025-01-21 03:45:15,28.258,0.357,35.381,2.329,0.913,197.63,16.69,0.0,1011.931,43.8,0.989,1.349,0,none,0.19,0.535,0.659,0.211,LOW,SYNTHETIC_DEMO_DATA
168,Odisha Coast,19.82884,85.90868,2025-01-21 06:40:06,27.563,-0.138,27.982,2.013,0.753,186.98,15.886,3.558,1016.524,66.312,1.158,8.099,0,none,0.464,0.712,0.753,0.239,LOW,SYNTHETIC_DEMO_DATA
169,Chennai Coast,12.95065,80.37458,2025-01-21 09:34:57,27.638,-0.263,33.262,1.378,0.815,285.77,13.931,2.558,1012.021,68.992,0.882,8.691,1,anticyclonic,0.272,0.518,0.801,0.324,MEDIUM,SYNTHETIC_DEMO_DATA
170,Sundarbans,22.07015,89.00078,2025-01-21 12:29:48,27.428,0.527,23.017,1.709,0.636,34.7,10.241,32.49,1007.249,97.37,1.834,11.983,1,anticyclonic,0.597,0.619,0.69,0.467,MEDIUM,SYNTHETIC_DEMO_DATA
171,Odisha Coast,19.90614,85.86335,2025-01-21 15:24:39,29.757,2.056,28.259,2.086,0.752,15.6,16.336,8.624,986.255,78.75,1.486,11.57,1,anticyclonic,0.696,0.584,0.517,0.608,HIGH,SYNTHETIC_DEMO_DATA
172,Sundarbans,21.84131,89.40948,2025-01-21 18:19:30,26.935,0.034,21.231,0.2,0.773,59.62,1.212,7.316,1011.673,90.278,1.359,2.252,0,none,0.469,0.807,0.816,0.214,LOW,SYNTHETIC_DEMO_DATA
173,Goa Coast,15.12625,73.52979,2025-01-21 21:14:22,27.795,0.894,35.073,1.416,0.78,305.05,11.351,6.112,1014.616,77.424,1.211,7.031,0,none,0.447,0.597,0.78,0.307,MEDIUM,SYNTHETIC_DEMO_DATA
174,Goa Coast,15.5165,73.73258,2025-01-22 00:09:13,27.369,0.468,32.674,2.121,1.391,190.44,11.475,25.216,1011.179,92.749,1.897,14.494,0,none,0.544,0.558,0.578,0.327,MEDIUM,SYNTHETIC_DEMO_DATA
175,Gujarat Coast,22.28881,69.95382,2025-01-22 03:04:04,27.102,0.901,35.569,1.215,0.992,89.2,7.44,9.288,1005.433,90.819,2.047,9.124,1,cyclonic,0.534,0.619,0.543,0.468,MEDIUM,SYNTHETIC_DEMO_DATA
176,Kerala Coast,10.15357,76.20782,2025-01-22 05:58:55,26.192,-0.809,35.621,1.511,0.869,164.07,7.192,16.982,1009.442,69.497,1.426,12.734,0,none,0.513,0.674,0.601,0.337,MEDIUM,SYNTHETIC_DEMO_DATA
177,Goa Coast,15.51925,73.78915,2025-01-22 08:53:46,26.588,-0.313,33.354,1.62,0.783,138.8,14.538,0.0,1019.723,100.0,0.769,3.716,0,none,0.265,0.667,0.617,0.211,LOW,SYNTHETIC_DEMO_DATA
178,Odisha Coast,19.76408,85.82774,2025-01-22 11:48:37,28.858,1.157,30.242,2.415,1.023,173.97,19.195,18.838,1016.355,88.255,1.17,14.518,0,none,0.524,0.605,0.656,0.528,MEDIUM,SYNTHETIC_DEMO_DATA
179,Lakshadweep,10.80983,72.88111,2025-01-22 14:43:28,26.971,-0.23,36.59,2.158,1.262,273.62,14.413,0.0,1007.14,52.211,1.177,11.849,1,anticyclonic,0.328,0.61,0.774,0.3,LOW,SYNTHETIC_DEMO_DATA
180,Mumbai Coast,19.17641,72.74756,2025-01-22 17:38:19,26.995,0.295,36.04,2.067,0.695,132.7,11.701,16.592,1016.933,94.791,2.356,15.476,0,none,0.551,0.743,0.794,0.279,LOW,SYNTHETIC_DEMO_DATA
181,Lakshadweep,10.66091,72.65028,2025-01-22 20:33:10,27.009,-0.192,34.794,1.404,0.899,305.66,11.189,5.377,1012.653,93.961,1.301,11.286,1,cyclonic,0.449,0.723,0.708,0.245,LOW,SYNTHETIC_DEMO_DATA
182,Odisha Coast,19.91038,85.77117,2025-01-22 23:28:01,26.693,-1.008,28.698,2.512,1.0,18.12,20.537,13.06,1032.64,60.813,1.613,11.466,0,none,0.475,0.495,0.527,0.444,MEDIUM,SYNTHETIC_DEMO_DATA
183,Kerala Coast,10.08282,76.31907,2025-01-23 02:22:52,24.778,-2.223,34.425,0.314,0.877,23.89,2.802,24.888,998.14,86.181,2.993,15.669,0,none,0.529,0.531,0.428,0.662,HIGH,SYNTHETIC_DEMO_DATA
184,Gujarat Coast,22.11766,69.75611,2025-01-23 05:17:43,27.477,1.276,35.919,3.006,1.106,30.54,18.208,0.0,1008.726,55.168,0.951,5.973,1,cyclonic,0.329,0.577,0.685,0.496,MEDIUM,SYNTHETIC_DEMO_DATA
185,Kerala Coast,9.851,76.1571,2025-01-23 08:12:34,26.836,-0.165,34.267,0.281,0.806,230.83,4.99,15.57,1004.751,93.874,1.462,8.845,1,anticyclonic,0.548,0.754,0.71,0.224,LOW,SYNTHETIC_DEMO_DATA
186,Kerala Coast,9.63603,76.31478,2025-01-23 11:07:25,26.958,-0.043,33.591,2.084,0.05,289.7,13.016,32.908,998.305,82.928,1.535,14.571,0,none,0.437,0.753,0.755,0.258,LOW,SYNTHETIC_DEMO_DATA
187,Odisha Coast,19.64648,85.63412,2025-01-23 14:02:16,27.624,-0.077,27.29,1.049,0.856,353.15,4.444,23.207,1018.659,75.819,1.798,13.902,0,none,0.37,0.707,0.808,0.299,LOW,SYNTHETIC_DEMO_DATA
188,Chennai Coast,13.15796,80.20966,2025-01-23 16:57:07,28.507,0.606,36.464,1.622,0.395,219.94,10.485,1.914,1016.197,62.791,1.002,7.869,0,none,0.426,0.652,0.621,0.289,LOW,SYNTHETIC_DEMO_DATA
189,Visakhapatnam,17.45059,83.61787,2025-01-23 19:51:58,27.014,-0.187,34.46,1.888,0.527,11.64,15.223,7.229,1007.127,61.184,1.792,9.604,0,none,0.523,0.631,0.655,0.2,LOW,SYNTHETIC_DEMO_DATA
190,Chennai Coast,12.81357,80.42909,2025-01-23 22:46:50,27.186,-0.715,35.996,1.309,0.512,176.38,12.397,9.32,990.513,98.996,0.886,9.655,1,anticyclonic,0.442,0.795,0.602,0.358,MEDIUM,SYNTHETIC_DEMO_DATA
191,Gujarat Coast,22.04213,69.53299,2025-01-24 01:41:41,25.527,-0.674,37.156,1.974,0.668,73.7,14.322,0.849,1020.068,84.105,1.493,4.616,0,none,0.383,0.855,0.771,0.259,LOW,SYNTHETIC_DEMO_DATA
192,Gujarat Coast,22.24528,69.55715,2025-01-24 04:36:32,25.15,-1.051,34.338,1.295,0.606,166.07,8.494,6.167,1015.017,90.967,1.524,9.682,1,cyclonic,0.317,0.648,0.632,0.492,MEDIUM,SYNTHETIC_DEMO_DATA
193,Gujarat Coast,22.25783,69.57164,2025-01-24 07:31:23,26.185,-0.016,34.412,1.452,0.688,259.09,16.459,6.36,999.729,82.423,1.417,12.388,1,cyclonic,0.387,0.654,0.665,0.212,LOW,SYNTHETIC_DEMO_DATA
194,Chennai Coast,13.33742,80.14167,2025-01-24 10:26:14,29.576,1.675,31.978,1.125,0.448,342.73,6.1,0.588,1010.318,93.309,0.69,5.654,0,none,0.451,0.616,0.607,0.373,MEDIUM,SYNTHETIC_DEMO_DATA
195,Lakshadweep,10.55664,73.05664,2025-01-24 13:21:05,28.57,1.369,34.363,0.68,0.693,169.02,2.765,18.609,1008.004,62.234,1.463,8.133,1,anticyclonic,0.459,0.676,0.481,0.478,MEDIUM,SYNTHETIC_DEMO_DATA
196,Sundarbans,21.96319,89.52288,2025-01-24 16:15:56,26.724,-0.177,20.645,1.654,0.945,98.5,11.142,16.159,1017.547,60.124,1.471,9.121,1,cyclonic,0.462,0.706,0.606,0.398,MEDIUM,SYNTHETIC_DEMO_DATA
197,Chennai Coast,12.92513,80.47521,2025-01-24 19:10:47,28.068,0.167,34.812,1.398,0.718,104.9,8.872,2.029,1021.543,84.434,0.789,8.035,0,none,0.341,0.747,0.717,0.188,LOW,SYNTHETIC_DEMO_DATA
198,Odisha Coast,19.814,86.00876,2025-01-24 22:05:38,27.621,-0.08,32.185,1.668,0.674,55.98,11.369,9.697,1011.307,84.799,0.771,5.467,1,anticyclonic,0.373,0.675,0.831,0.318,MEDIUM,SYNTHETIC_DEMO_DATA
199,Chennai Coast,13.33108,80.09938,2025-01-25 01:00:29,28.476,0.575,35.057,2.396,0.825,161.92,21.069,3.038,1013.686,69.548,0.944,4.691,1,anticyclonic,0.398,0.647,0.647,0.342,MEDIUM,SYNTHETIC_DEMO_DATA
200,Lakshadweep,10.34061,72.72576,2025-01-25 03:55:20,25.578,-1.623,34.792,2.83,0.761,182.49,11.604,17.051,1009.015,80.744,2.165,13.219,1,anticyclonic,0.597,0.79,0.579,0.483,MEDIUM,SYNTHETIC_DEMO_DATA
201,Chennai Coast,13.13637,80.01386,2025-01-25 06:50:11,27.464,-0.437,34.94,1.386,0.58,268.82,7.221,16.862,1011.245,65.922,0.897,6.089,0,none,0.379,0.802,0.649,0.25,LOW,SYNTHETIC_DEMO_DATA
202,Lakshadweep,10.35408,72.83815,2025-01-25 09:45:02,26.043,-1.158,34.441,1.415,0.74,152.51,3.191,24.78,1007.248,93.372,2.612,17.458,1,anticyclonic,0.713,0.533,0.56,0.491,MEDIUM,SYNTHETIC_DEMO_DATA
203,Kerala Coast,9.8294,76.32596,2025-01-25 12:39:53,27.193,0.192,33.901,1.783,0.677,169.93,11.392,40.516,1005.275,94.313,1.613,15.498,1,anticyclonic,0.714,0.75,0.688,0.309,MEDIUM,SYNTHETIC_DEMO_DATA
204,Gujarat Coast,22.42445,69.4391,2025-01-25 15:34:44,26.714,0.513,36.011,2.449,0.568,263.39,17.942,0.0,1014.837,69.181,1.409,4.704,0,none,0.45,0.784,0.646,0.335,MEDIUM,SYNTHETIC_DEMO_DATA
205,Kerala Coast,10.29929,76.21826,2025-01-25 18:29:35,26.198,-0.803,32.056,2.108,0.912,44.26,9.383,20.278,1007.606,97.606,1.64,11.097,0,none,0.373,0.673,0.647,0.383,MEDIUM,SYNTHETIC_DEMO_DATA
206,Visakhapatnam,17.61193,83.04105,2025-01-25 21:24:26,28.389,1.188,31.003,1.065,0.809,137.15,6.145,13.822,1014.989,100.0,1.393,6.076,1,cyclonic,0.552,0.543,0.554,0.479,MEDIUM,SYNTHETIC_DEMO_DATA
207,Goa Coast,15.70675,73.63852,2025-01-26 00:19:17,26.553,-0.348,33.092,0.763,0.526,224.92,5.092,12.193,1009.575,85.091,1.42,11.135,0,none,0.325,0.571,0.769,0.239,LOW,SYNTHETIC_DEMO_DATA
208,Lakshadweep,10.94815,72.62093,2025-01-26 03:14:09,27.162,-0.039,36.398,2.406,0.487,359.83,15.204,7.712,990.002,76.387,1.482,4.415,1,cyclonic,0.453,0.725,0.872,0.202,LOW,SYNTHETIC_DEMO_DATA
209,Visakhapatnam,17.73113,83.40013,2025-01-26 06:09:00,27.335,0.134,34.15,2.101,0.763,40.18,15.918,16.743,1022.016,83.49,1.67,15.825,0,none,0.565,0.74,0.673,0.252,LOW,SYNTHETIC_DEMO_DATA
210,Goa Coast,15.48566,73.69713,2025-01-26 09:03:51,27.932,1.031,34.512,1.803,0.929,317.1,13.327,13.032,1007.954,86.104,1.509,7.071,1,anticyclonic,0.523,0.669,0.648,0.373,MEDIUM,SYNTHETIC_DEMO_DATA
211,Visakhapatnam,17.3422,83.04549,2025-01-26 11:58:42,27.029,-0.172,32.325,0.713,1.117,241.0,1.472,7.618,1007.036,70.933,1.057,5.442,0,none,0.332,0.775,0.701,0.139,LOW,SYNTHETIC_DEMO_DATA
212,Goa Coast,15.48137,73.8536,2025-01-26 14:53:33,28.685,1.784,35.501,2.269,1.463,115.44,11.796,0.0,1018.944,77.415,1.245,5.823,1,anticyclonic,0.323,0.561,0.488,0.537,MEDIUM,SYNTHETIC_DEMO_DATA
213,Goa Coast,15.57269,73.80246,2025-01-26 17:48:24,27.233,0.332,34.263,1.498,0.913,162.38,4.722,0.0,1002.822,61.404,0.986,6.088,1,cyclonic,0.45,0.517,0.698,0.276,LOW,SYNTHETIC_DEMO_DATA
214,Kerala Coast,10.16054,76.58428,2025-01-26 20:43:15,26.814,-0.187,33.398,1.87,0.906,55.7,19.056,8.399,1001.957,60.405,1.173,11.861,0,none,0.544,0.493,0.644,0.298,LOW,SYNTHETIC_DEMO_DATA
215,Goa Coast,15.27289,73.77834,2025-01-26 23:38:06,26.712,-0.189,32.907,1.426,0.719,208.06,8.712,10.991,1011.636,82.286,1.169,10.046,0,none,0.515,0.639,0.693,0.185,LOW,SYNTHETIC_DEMO_DATA
216,Visakhapatnam,17.54896,83.47042,2025-01-27 02:32:57,27.669,0.468,30.393,0.702,0.808,163.97,6.259,19.9,1006.742,76.061,1.625,10.599,0,none,0.483,0.749,0.698,0.233,LOW,SYNTHETIC_DEMO_DATA
217,Sundarbans,21.95754,89.25663,2025-01-27 05:27:48,26.482,-0.419,20.13,2.084,0.502,171.3,15.932,31.746,1019.177,72.609,2.06,19.231,0,none,0.672,0.592,0.641,0.408,MEDIUM,SYNTHETIC_DEMO_DATA
218,Sundarbans,22.07473,89.05431,2025-01-27 08:22:39,28.248,1.347,22.699,1.322,0.708,163.09,6.592,0.0,1011.512,72.767,0.767,3.316,1,cyclonic,0.52,0.663,0.571,0.505,MEDIUM,SYNTHETIC_DEMO_DATA
219,Kerala Coast,10.03193,76.21986,2025-01-27 11:17:30,26.638,-0.363,31.811,1.513,0.68,278.22,8.729,15.724,1013.454,71.634,1.742,11.048,0,none,0.484,0.645,0.615,0.288,LOW,SYNTHETIC_DEMO_DATA
220,Lakshadweep,10.57393,72.48274,2025-01-27 14:12:21,26.821,-0.38,33.557,0.963,0.804,206.77,7.173,8.768,998.011,84.025,1.086,6.922,0,none,0.56,0.92,0.529,0.213,LOW,SYNTHETIC_DEMO_DATA
221,Odisha Coast,19.67621,85.77705,2025-01-27 17:07:12,27.563,-0.138,30.535,1.731,0.325,122.13,16.059,11.653,1010.167,63.982,1.237,8.4,1,cyclonic,0.478,0.601,0.634,0.314,MEDIUM,SYNTHETIC_DEMO_DATA
222,Kerala Coast,9.87635,75.92561,2025-01-27 20:02:03,26.802,-0.199,33.399,0.86,0.849,190.24,6.568,26.555,1021.822,100.0,1.66,11.364,0,none,0.625,0.678,0.842,0.195,LOW,SYNTHETIC_DEMO_DATA
223,Goa Coast,15.81309,73.6267,2025-01-27 22:56:54,28.101,1.2,34.829,1.418,0.767,288.66,9.549,11.992,1008.291,84.614,0.839,6.864,1,anticyclonic,0.241,0.559,0.695,0.474,MEDIUM,SYNTHETIC_DEMO_DATA
224,Visakhapatnam,17.57296,82.94063,2025-01-28 01:51:45,28.666,1.465,30.844,1.111,0.68,250.48,1.0,11.679,1019.947,72.357,1.368,4.783,0,none,0.526,0.568,0.528,0.406,MEDIUM,SYNTHETIC_DEMO_DATA
225,Goa Coast,15.78464,73.67437,2025-01-28 04:46:37,27.43,0.529,32.789,1.887,0.918,183.14,14.625,23.842,1012.732,74.278,1.93,12.104,0,none,0.526,0.583,0.788,0.358,MEDIUM,SYNTHETIC_DEMO_DATA
226,Chennai Coast,13.25676,80.19244,2025-01-28 07:41:28,29.399,1.498,33.713,3.021,0.451,197.48,18.912,4.597,1008.802,65.559,1.282,13.056,0,none,0.488,0.508,0.534,0.478,MEDIUM,SYNTHETIC_DEMO_DATA
227,Andaman & Nicobar,12.05138,92.89098,2025-01-28 10:36:19,26.817,-0.884,30.198,1.035,0.338,63.25,6.229,13.747,1023.187,71.046,1.312,11.42,0,none,0.455,0.783,0.597,0.338,MEDIUM,SYNTHETIC_DEMO_DATA
228,Mumbai Coast,18.63689,73.12402,2025-01-28 13:31:10,27.238,0.537,33.298,2.635,0.592,347.61,17.253,13.182,1009.96,82.635,1.492,9.709,0,none,0.379,0.672,0.668,0.307,MEDIUM,SYNTHETIC_DEMO_DATA
229,Mumbai Coast,18.93899,72.8468,2025-01-28 16:26:01,27.548,0.847,34.224,2.132,0.262,267.53,11.356,12.069,1002.99,100.0,0.82,8.589,0,none,0.466,0.556,0.671,0.38,MEDIUM,SYNTHETIC_DEMO_DATA
230,Odisha Coast,19.8895,85.72605,2025-01-28 19:20:52,28.295,0.594,29.125,1.619,0.889,199.21,11.482,26.065,1024.108,69.032,0.554,7.846,1,anticyclonic,0.412,0.813,0.672,0.332,MEDIUM,SYNTHETIC_DEMO_DATA
231,Kerala Coast,9.84608,76.27228,2025-01-28 22:15:43,26.992,-0.009,32.049,3.063,0.822,333.57,20.243,11.944,1028.961,80.725,1.207,11.812,0,none,0.517,0.723,0.811,0.223,LOW,SYNTHETIC_DEMO_DATA
232,Andaman & Nicobar,11.71276,92.41754,2025-01-29 01:10:34,27.798,0.097,29.949,1.305,0.914,146.39,7.621,20.078,1006.502,77.032,1.657,11.38,1,cyclonic,0.513,0.803,0.648,0.226,LOW,SYNTHETIC_DEMO_DATA
233,Sundarbans,21.67367,89.36828,2025-01-29 04:05:25,26.074,-0.827,19.385,1.024,1.041,344.12,7.749,17.261,1011.357,61.872,1.264,12.137,1,anticyclonic,0.467,0.822,0.669,0.403,MEDIUM,SYNTHETIC_DEMO_DATA
234,Goa Coast,15.62701,74.25763,2025-01-29 07:00:16,26.635,-0.266,32.435,1.892,0.389,3.69,7.788,0.0,1010.105,66.995,0.954,7.549,1,anticyclonic,0.327,0.614,0.72,0.219,LOW,SYNTHETIC_DEMO_DATA
235,Kerala Coast,10.09261,76.29311,2025-01-29 09:55:07,26.563,-0.438,32.893,2.397,0.562,82.76,19.205,21.519,1006.776,68.67,1.799,12.434,0,none,0.694,0.791,0.789,0.321,MEDIUM,SYNTHETIC_DEMO_DATA
236,Goa Coast,15.83198,74.20017,2025-01-29 12:49:58,26.631,-0.27,33.765,1.846,0.695,83.78,15.532,19.609,1008.789,76.406,1.709,17.035,0,none,0.543,0.806,0.583,0.354,MEDIUM,SYNTHETIC_DEMO_DATA
237,Gujarat Coast,22.51742,69.64184,2025-01-29 15:44:49,24.707,-1.494,35.853,1.44,1.214,308.09,6.157,16.401,1008.379,93.431,1.422,14.503,0,none,0.387,0.572,0.445,0.574,MEDIUM,SYNTHETIC_DEMO_DATA
238,Kerala Coast,9.79741,76.02739,2025-01-29 18:39:40,27.558,0.557,34.71,1.823,0.48,2.06,13.684,15.778,1008.519,76.355,1.015,12.341,0,none,0.414,0.588,0.7,0.286,LOW,SYNTHETIC_DEMO_DATA
239,Chennai Coast,12.76406,80.20322,2025-01-29 21:34:31,27.586,-0.315,33.903,0.894,1.064,286.55,4.727,5.595,1006.698,68.586,1.031,4.508,0,none,0.333,0.745,0.721,0.261,LOW,SYNTHETIC_DEMO_DATA
240,Gujarat Coast,22.55818,69.6394,2025-01-30 00:29:22,26.264,0.063,35.368,1.847,0.439,293.5,14.533,2.902,1010.324,92.889,1.322,4.71,0,none,0.489,0.575,0.904,0.191,LOW,SYNTHETIC_DEMO_DATA
241,Odisha Coast,19.84822,85.94429,2025-01-30 03:24:13,29.11,1.409,30.086,2.591,1.005,134.59,13.369,20.809,1018.314,83.431,1.699,19.415,1,anticyclonic,0.469,0.599,0.494,0.664,HIGH,SYNTHETIC_DEMO_DATA
242,Mumbai Coast,19.03773,73.00719,2025-01-30 06:19:05,27.47,0.769,34.061,1.759,1.033,219.91,11.572,0.0,1015.284,74.683,0.823,6.862,0,none,0.431,0.736,0.65,0.349,MEDIUM,SYNTHETIC_DEMO_DATA
243,Sundarbans,22.12361,89.16253,2025-01-30 09:13:56,26.064,-0.837,19.355,1.785,0.603,7.58,8.824,12.455,1017.706,74.608,0.991,12.518,1,cyclonic,0.442,0.726,0.526,0.492,MEDIUM,SYNTHETIC_DEMO_DATA
244,Gujarat Coast,22.5063,69.56272,2025-01-30 12:08:47,26.65,0.449,34.627,2.315,1.057,96.15,14.092,3.9,1014.447,79.963,0.874,3.321,0,none,0.328,0.561,0.752,0.307,MEDIUM,SYNTHETIC_DEMO_DATA
245,Gujarat Coast,21.97084,69.67029,2025-01-30 15:03:38,25.584,-0.617,35.127,2.019,0.788,139.26,14.582,4.548,1008.504,63.519,0.911,6.283,1,anticyclonic,0.627,0.754,0.604,0.397,MEDIUM,SYNTHETIC_DEMO_DATA
246,Sundarbans,21.76799,89.36181,2025-01-30 17:58:29,27.679,0.778,21.706,1.427,0.874,76.16,9.801,16.312,1023.568,82.875,2.131,11.222,1,cyclonic,0.565,0.679,0.558,0.456,MEDIUM,SYNTHETIC_DEMO_DATA
247,Goa Coast,15.53424,73.74678,2025-01-30 20:53:20,27.035,0.134,31.624,2.416,0.735,46.83,12.107,14.701,1017.013,83.633,1.238,9.742,0,none,0.483,0.71,0.767,0.219,LOW,SYNTHETIC_DEMO_DATA
248,Kerala Coast,9.89196,76.33762,2025-01-30 23:48:11,26.506,-0.495,34.229,1.576,0.586,328.98,13.261,16.471,1012.316,83.353,1.771,8.676,0,none,0.61,0.673,0.686,0.274,LOW,SYNTHETIC_DEMO_DATA
249,Goa Coast,15.65659,73.99935,2025-01-31 02:43:02,26.249,-0.652,34.652,2.29,0.591,46.27,14.688,17.912,1011.156,70.185,1.148,11.281,1,cyclonic,0.336,0.499,0.612,0.4,MEDIUM,SYNTHETIC_DEMO_DATA
250,Sundarbans,21.77494,89.31015,2025-01-31 05:37:53,26.992,0.091,19.611,2.228,0.527,76.13,14.884,17.476,1009.139,66.923,1.896,11.056,0,none,0.557,0.83,0.845,0.254,LOW,SYNTHETIC_DEMO_DATA
251,Odisha Coast,20.18755,85.77207,2025-01-31 08:32:44,26.804,-0.897,29.871,0.897,0.802,215.78,7.289,23.79,1013.458,49.847,1.374,11.948,0,none,0.498,0.645,0.599,0.477,MEDIUM,SYNTHETIC_DEMO_DATA
252,Kerala Coast,9.78612,76.54829,2025-01-31 11:27:35,26.665,-0.336,34.283,1.96,0.613,132.99,12.364,11.67,1020.531,88.494,1.489,8.061,1,cyclonic,0.503,0.764,0.609,0.339,MEDIUM,SYNTHETIC_DEMO_DATA
253,Odisha Coast,19.61665,85.71202,2025-01-31 14:22:26,26.943,-0.758,28.348,2.103,0.766,76.6,10.734,32.296,1003.495,93.905,1.997,17.951,1,anticyclonic,0.753,0.623,0.613,0.496,MEDIUM,SYNTHETIC_DEMO_DATA
254,Chennai Coast,12.90853,80.32406,2025-01-31 17:17:17,28.032,0.131,33.021,1.475,0.694,7.04,10.775,5.201,1011.975,74.155,1.154,6.016,0,none,0.403,0.655,0.719,0.176,LOW,SYNTHETIC_DEMO_DATA
255,Gujarat Coast,22.62584,69.60377,2025-01-31 20:12:08,26.065,-0.136,34.555,1.465,0.083,347.2,9.584,6.414,1011.361,59.02,1.538,11.055,0,none,0.49,0.678,0.644,0.3,MEDIUM,SYNTHETIC_DEMO_DATA
256,Odisha Coast,19.83291,86.3288,2025-01-31 23:06:59,29.058,1.357,28.668,2.498,0.517,82.88,21.864,12.079,1009.779,91.052,1.371,12.519,1,anticyclonic,0.299,0.642,0.517,0.579,MEDIUM,SYNTHETIC_DEMO_DATA
257,Gujarat Coast,22.42414,69.87416,2025-02-01 02:01:50,25.923,-0.827,35.969,0.698,0.349,198.28,1.382,4.161,1012.124,75.449,0.809,4.213,1,anticyclonic,0.358,0.605,0.694,0.428,MEDIUM,SYNTHETIC_DEMO_DATA
258,Odisha Coast,19.94957,85.96737,2025-02-01 04:56:41,27.669,-0.581,28.23,0.504,0.339,106.48,5.099,19.85,1003.403,74.503,1.317,11.386,0,none,0.568,0.676,0.718,0.337,MEDIUM,SYNTHETIC_DEMO_DATA
259,Odisha Coast,19.53959,85.81187,2025-02-01 07:51:33,27.176,-1.074,30.262,1.932,0.973,199.61,11.459,5.115,1005.63,77.862,1.145,7.21,1,cyclonic,0.317,0.817,0.59,0.379,MEDIUM,SYNTHETIC_DEMO_DATA
260,Mumbai Coast,18.83349,72.26623,2025-02-01 10:46:24,27.989,0.739,31.453,1.682,0.677,206.59,16.049,18.927,1003.193,71.083,1.144,11.816,1,cyclonic,0.475,0.664,0.537,0.435,MEDIUM,SYNTHETIC_DEMO_DATA
261,Goa Coast,15.42383,73.79668,2025-02-01 13:41:15,28.052,0.602,31.804,0.691,0.954,49.7,8.403,20.386,1021.179,94.43,1.98,10.28,0,none,0.592,0.608,0.668,0.342,MEDIUM,SYNTHETIC_DEMO_DATA
262,Odisha Coast,19.86222,86.07949,2025-02-01 16:36:06,28.861,0.611,27.436,1.669,0.818,117.78,12.039,24.069,991.381,64.748,1.512,12.431,1,cyclonic,0.509,0.75,0.597,0.416,MEDIUM,SYNTHETIC_DEMO_DATA
263,Visakhapatnam,17.77904,83.13995,2025-02-01 19:30:57,28.051,0.301,32.005,1.626,1.037,235.47,12.745,14.718,1017.133,78.009,1.416,8.123,0,none,0.542,0.713,0.728,0.127,LOW,SYNTHETIC_DEMO_DATA
264,Lakshadweep,10.49155,72.70765,2025-02-01 22:25:48,26.684,-1.066,34.168,1.772,0.277,241.13,16.812,11.722,1009.38,72.943,1.385,13.892,0,none,0.304,0.639,0.417,0.403,MEDIUM,SYNTHETIC_DEMO_DATA
265,Lakshadweep,10.55908,72.6861,2025-02-02 01:20:39,27.132,-0.618,36.055,0.528,0.752,190.17,2.81,2.188,1005.416,63.562,0.971,7.504,0,none,0.393,0.536,0.485,0.319,MEDIUM,SYNTHETIC_DEMO_DATA
266,Mumbai Coast,19.03624,72.9151,2025-02-02 04:15:30,27.726,0.476,35.922,2.339,0.604,70.6,19.449,12.801,1007.297,80.251,1.682,14.695,0,none,0.508,0.567,0.642,0.309,MEDIUM,SYNTHETIC_DEMO_DATA
267,Kerala Coast,9.85083,76.18948,2025-02-02 07:10:21,27.37,-0.18,34.344,1.318,0.785,158.58,5.034,15.304,1023.516,79.412,1.678,10.295,0,none,0.477,0.832,0.681,0.248,LOW,SYNTHETIC_DEMO_DATA
268,Chennai Coast,13.16278,80.14809,2025-02-02 10:05:12,27.929,-0.521,34.293,2.064,0.892,125.23,10.231,0.537,1008.019,54.637,0.764,7.019,1,anticyclonic,0.321,0.648,0.772,0.307,MEDIUM,SYNTHETIC_DEMO_DATA
269,Gujarat Coast,22.51711,69.78798,2025-02-02 13:00:03,27.323,0.573,34.316,0.561,1.172,72.56,3.067,10.336,1020.106,69.089,1.38,10.851,0,none,0.336,0.632,0.574,0.324,MEDIUM,SYNTHETIC_DEMO_DATA
270,Mumbai Coast,19.13506,72.87084,2025-02-02 15:54:54,27.847,0.597,34.042,1.755,1.2,315.36,16.257,5.143,1011.532,66.779,0.951,7.547,0,none,0.247,0.568,0.751,0.336,MEDIUM,SYNTHETIC_DEMO_DATA
271,Visakhapatnam,17.639,83.49465,2025-02-02 18:49:45,27.084,-0.666,32.806,1.768,0.317,199.47,10.667,13.984,1009.554,79.448,1.739,9.417,0,none,0.455,0.736,0.656,0.367,MEDIUM,SYNTHETIC_DEMO_DATA
272,Sundarbans,22.08244,89.09796,2025-02-02 21:44:36,26.791,-0.659,21.551,2.05,0.202,121.52,10.23,19.917,1017.282,60.993,0.953,11.848,0,none,0.443,0.642,0.688,0.38,MEDIUM,SYNTHETIC_DEMO_DATA
273,Odisha Coast,19.59839,85.74738,2025-02-03 00:39:27,27.753,-0.497,28.693,1.694,1.003,94.05,13.154,15.269,1004.465,86.635,1.727,9.186,0,none,0.598,0.796,0.653,0.32,MEDIUM,SYNTHETIC_DEMO_DATA
274,Lakshadweep,10.31349,72.59901,2025-02-03 03:34:18,28.176,0.426,34.707,0.946,0.511,44.53,9.986,2.99,1005.762,69.302,1.191,6.855,0,none,0.404,0.643,0.618,0.269,LOW,SYNTHETIC_DEMO_DATA
275,Kerala Coast,10.09361,76.45978,2025-02-03 06:29:09,27.141,-0.409,33.175,1.463,0.648,138.04,17.897,15.133,1006.841,83.625,2.058,10.419,0,none,0.459,0.637,0.757,0.342,MEDIUM,SYNTHETIC_DEMO_DATA
276,Kerala Coast,9.78984,76.1254,2025-02-03 09:24:01,26.433,-1.117,32.095,2.428,0.909,314.41,18.531,10.743,1020.109,73.414,1.856,9.181,1,cyclonic,0.541,0.55,0.595,0.487,MEDIUM,SYNTHETIC_DEMO_DATA
277,Kerala Coast,9.7395,76.07603,2025-02-03 12:18:52,27.529,-0.021,33.272,1.131,0.849,25.2,7.113,32.054,1018.063,74.776,1.238,17.172,1,anticyclonic,0.43,0.593,0.639,0.332,MEDIUM,SYNTHETIC_DEMO_DATA
278,Goa Coast,15.08361,73.82736,2025-02-03 15:13:43,27.017,-0.433,30.952,1.699,0.497,301.56,10.585,14.491,1015.043,78.308,1.962,11.54,1,cyclonic,0.403,0.681,0.665,0.362,MEDIUM,SYNTHETIC_DEMO_DATA
279,Sundarbans,21.84191,89.13167,2025-02-03 18:08:34,26.587,-0.863,20.599,1.86,0.81,5.08,11.54,26.471,1001.012,100.0,1.776,14.188,0,none,0.542,0.69,0.592,0.44,MEDIUM,SYNTHETIC_DEMO_DATA
280,Sundarbans,21.85891,88.87003,2025-02-03 21:03:25,26.988,-0.462,20.086,2.102,0.538,19.98,9.965,16.715,1020.035,61.818,1.538,13.471,1,anticyclonic,0.387,0.678,0.66,0.422,MEDIUM,SYNTHETIC_DEMO_DATA
281,Visakhapatnam,17.78432,83.03327,2025-02-03 23:58:16,28.269,0.519,32.247,2.265,1.111,0.81,15.575,0.196,1006.95,39.047,1.054,8.427,1,anticyclonic,0.356,0.707,0.659,0.354,MEDIUM,SYNTHETIC_DEMO_DATA
282,Kerala Coast,9.84359,76.68387,2025-02-04 02:53:07,26.6,-0.95,30.777,2.347,0.836,114.96,13.41,36.978,1013.463,95.544,1.44,18.579,0,none,0.652,0.723,0.63,0.46,MEDIUM,SYNTHETIC_DEMO_DATA
283,Gujarat Coast,22.00053,69.71813,2025-02-04 05:47:58,26.439,-0.311,34.608,2.401,0.773,327.19,18.226,10.035,1028.143,54.198,0.995,12.268,0,none,0.371,0.564,0.673,0.318,MEDIUM,SYNTHETIC_DEMO_DATA
284,Kerala Coast,9.7727,76.44475,2025-02-04 08:42:49,27.1,-0.45,33.215,2.507,0.673,192.1,17.313,19.524,1008.878,76.591,1.835,10.879,0,none,0.536,0.817,0.604,0.268,LOW,SYNTHETIC_DEMO_DATA
285,Kerala Coast,9.80676,75.99308,2025-02-04 11:37:40,27.24,-0.31,33.036,2.637,0.598,122.09,15.108,8.938,1011.252,68.478,1.231,10.931,1,cyclonic,0.504,0.66,0.646,0.369,MEDIUM,SYNTHETIC_DEMO_DATA
286,Lakshadweep,10.68498,72.35788,2025-02-04 14:32:31,27.62,-0.13,32.97,0.406,0.551,106.53,1.0,0.0,1016.763,68.858,1.059,4.415,1,anticyclonic,0.445,0.664,0.635,0.199,LOW,SYNTHETIC_DEMO_DATA
287,Odisha Coast,19.50046,85.83293,2025-02-04 17:27:22,26.94,-1.31,31.14,0.646,0.955,158.44,2.229,8.756,1025.188,67.738,1.249,5.98,0,none,0.411,0.64,0.65,0.446,MEDIUM,SYNTHETIC_DEMO_DATA
288,Mumbai Coast,18.92147,72.53094,2025-02-04 20:22:13,26.108,-1.142,35.383,1.791,0.819,297.49,12.211,21.793,1006.948,92.782,1.508,8.925,0,none,0.494,0.448,0.501,0.551,MEDIUM,SYNTHETIC_DEMO_DATA
289,Mumbai Coast,18.73149,73.10541,2025-02-04 23:17:04,28.524,1.274,34.115,1.859,0.676,351.4,11.088,9.527,1016.239,64.539,1.334,12.612,0,none,0.492,0.634,0.496,0.476,MEDIUM,SYNTHETIC_DEMO_DATA
290,Kerala Coast,9.93147,76.09936,2025-02-05 02:11:55,27.478,-0.072,32.616,1.895,0.584,134.6,12.731,22.864,1009.59,76.893,1.28,14.322,0,none,0.656,0.644,0.751,0.271,LOW,SYNTHETIC_DEMO_DATA
291,Andaman & Nicobar,11.80672,92.90727,2025-02-05 05:06:46,28.329,0.079,30.861,1.512,0.304,143.19,9.745,23.727,1011.654,55.562,1.668,9.232,0,none,0.628,0.809,0.828,0.222,LOW,SYNTHETIC_DEMO_DATA
292,Visakhapatnam,17.53543,83.51979,2025-02-05 08:01:37,28.242,0.492,34.634,2.436,0.826,49.52,15.731,0.0,1008.053,60.836,1.058,7.205,0,none,0.423,0.548,0.681,0.241,LOW,SYNTHETIC_DEMO_DATA
293,Lakshadweep,10.62534,72.96839,2025-02-05 10:56:28,27.332,-0.418,35.227,0.823,0.447,339.79,12.636,4.207,1017.715,48.239,1.269,9.496,1,cyclonic,0.373,0.673,0.636,0.325,MEDIUM,SYNTHETIC_DEMO_DATA
294,Chennai Coast,13.38431,80.54598,2025-02-05 13:51:20,28.713,0.263,33.053,1.5,0.454,336.28,7.231,3.735,1021.917,79.461,1.701,9.622,0,none,0.455,0.87,0.645,0.213,LOW,SYNTHETIC_DEMO_DATA
295,Mumbai Coast,19.2327,72.94343,2025-02-05 16:46:11,26.293,-0.957,32.422,1.427,0.98,60.36,8.336,36.841,1001.135,95.9,2.146,19.037,1,cyclonic,0.732,0.716,0.643,0.466,MEDIUM,SYNTHETIC_DEMO_DATA
296,Mumbai Coast,18.69043,72.6925,2025-02-05 19:41:02,28.248,0.998,33.545,1.117,1.04,270.85,9.327,15.29,1010.648,97.159,1.547,6.155,1,cyclonic,0.472,0.702,0.604,0.385,MEDIUM,SYNTHETIC_DEMO_DATA
297,Andaman & Nicobar,11.88543,92.56634,2025-02-05 22:35:53,28.452,0.202,33.19,1.093,0.506,312.1,6.442,18.336,999.714,85.647,1.855,7.383,0,none,0.472,0.653,0.714,0.166,LOW,SYNTHETIC_DEMO_DATA
298,Kerala Coast,9.73766,76.39895,2025-02-06 01:30:44,28.758,1.208,33.623,1.678,0.853,127.73,6.752,25.195,1015.393,83.75,1.652,10.411,1,anticyclonic,0.577,0.682,0.628,0.482,MEDIUM,SYNTHETIC_DEMO_DATA
299,Visakhapatnam,17.54285,83.43944,2025-02-06 04:25:35,27.778,0.028,32.722,1.121,1.102,134.24,6.907,10.798,1009.587,53.78,2.098,10.374,0,none,0.423,0.602,0.698,0.179,LOW,SYNTHETIC_DEMO_DATA
300,Sundarbans,21.80609,89.11474,2025-02-06 07:20:26,27.322,-0.128,20.906,2.641,0.84,39.0,14.426,17.182,1000.723,68.109,1.768,12.79,0,none,0.653,0.664,0.77,0.314,MEDIUM,SYNTHETIC_DEMO_DATA
301,Chennai Coast,13.20016,80.61137,2025-02-06 10:15:17,28.581,0.131,31.874,1.167,0.721,61.0,9.207,11.493,1019.928,67.3,1.332,4.871,0,none,0.412,0.631,0.752,0.172,LOW,SYNTHETIC_DEMO_DATA
302,Andaman & Nicobar,11.99379,92.66011,2025-02-06 13:10:08,28.577,0.327,31.041,1.661,0.942,100.85,14.959,12.787,1002.937,59.727,1.053,7.136,1,cyclonic,0.386,0.731,0.612,0.256,LOW,SYNTHETIC_DEMO_DATA
303,Sundarbans,21.97097,89.27045,2025-02-06 16:04:59,27.213,-0.237,20.627,1.973,0.851,275.09,13.24,17.22,1011.249,74.342,1.084,8.669,0,none,0.457,0.673,0.731,0.268,LOW,SYNTHETIC_DEMO_DATA
304,Andaman & Nicobar,12.00179,92.69732,2025-02-06 18:59:50,28.088,-0.162,32.754,1.906,0.56,235.99,11.166,8.644,1007.092,89.901,0.689,9.052,0,none,0.373,0.694,0.732,0.249,LOW,SYNTHETIC_DEMO_DATA
305,Mumbai Coast,18.7141,72.75157,2025-02-06 21:54:41,27.741,0.491,34.74,1.889,0.496,6.92,14.405,22.333,1013.889,100.0,1.937,15.325,0,none,0.525,0.657,0.702,0.357,MEDIUM,SYNTHETIC_DEMO_DATA
306,Odisha Coast,19.61875,85.98247,2025-02-07 00:49:32,27.916,-0.334,30.225,2.203,0.542,2.19,14.345,9.794,1009.681,93.238,1.062,8.483,0,none,0.357,0.717,0.717,0.245,LOW,SYNTHETIC_DEMO_DATA
307,Chennai Coast,13.18383,79.9873,2025-02-07 03:44:23,28.548,0.098,34.511,1.269,0.562,198.17,9.464,12.025,1011.105,59.475,0.518,10.543,0,none,0.418,0.691,0.587,0.258,LOW,SYNTHETIC_DEMO_DATA
308,Mumbai Coast,18.83696,72.92879,2025-02-07 06:39:14,26.299,-0.951,36.432,2.67,1.192,40.39,13.19,15.25,1004.58,86.185,1.864,10.709,1,anticyclonic,0.633,0.761,0.633,0.387,MEDIUM,SYNTHETIC_DEMO_DATA
309,Chennai Coast,12.96276,79.90577,2025-02-07 09:34:05,27.309,-1.141,33.558,0.942,0.907,265.33,3.983,14.561,1013.13,65.516,0.497,7.681,0,none,0.539,0.647,0.563,0.392,MEDIUM,SYNTHETIC_DEMO_DATA
310,Odisha Coast,19.99471,85.72712,2025-02-07 12:28:56,28.485,0.235,28.483,1.932,0.629,93.6,11.936,16.901,1006.097,69.911,1.582,14.808,1,cyclonic,0.495,0.845,0.545,0.344,MEDIUM,SYNTHETIC_DEMO_DATA
311,Gujarat Coast,22.59134,69.443,2025-02-07 15:23:48,27.109,0.359,37.428,1.803,0.555,233.8,13.659,3.297,1013.212,91.614,1.088,3.895,1,anticyclonic,0.415,0.611,0.779,0.29,LOW,SYNTHETIC_DEMO_DATA
312,Gujarat Coast,22.53182,69.52145,2025-02-07 18:18:39,25.419,-1.331,36.708,1.83,0.939,246.96,12.898,10.055,1017.147,75.833,0.881,7.134,1,cyclonic,0.374,0.664,0.615,0.509,MEDIUM,SYNTHETIC_DEMO_DATA
313,Odisha Coast,19.7452,85.87649,2025-02-07 21:13:30,28.35,0.1,31.341,2.176,0.779,141.26,11.729,24.543,1014.286,78.692,1.682,12.243,0,none,0.601,0.653,0.793,0.276,LOW,SYNTHETIC_DEMO_DATA
314,Visakhapatnam,17.4926,83.48728,2025-02-08 00:08:21,28.867,1.117,33.388,1.434,1.224,67.24,13.319,19.706,1016.094,86.136,1.225,11.222,1,cyclonic,0.497,0.677,0.559,0.409,MEDIUM,SYNTHETIC_DEMO_DATA
315,Visakhapatnam,17.76716,83.11332,2025-02-08 03:03:12,28.235,0.485,32.096,0.767,0.692,262.43,5.283,9.169,1009.249,82.872,1.06,8.856,0,none,0.418,0.54,0.695,0.346,MEDIUM,SYNTHETIC_DEMO_DATA
316,Gujarat Coast,22.04252,69.60594,2025-02-08 05:58:03,26.818,0.068,37.373,1.782,0.652,285.34,12.479,3.189,1013.299,86.477,0.949,2.071,1,cyclonic,0.328,0.697,0.831,0.304,MEDIUM,SYNTHETIC_DEMO_DATA
317,Goa Coast,15.78759,73.99105,2025-02-08 08:52:54,26.549,-0.901,33.446,1.772,0.371,1.42,13.049,12.281,1004.989,57.692,0.914,9.068,0,none,0.353,0.686,0.49,0.306,MEDIUM,SYNTHETIC_DEMO_DATA
318,Goa Coast,15.49066,73.84923,2025-02-08 11:47:45,27.097,-0.353,35.1,1.424,0.708,172.96,9.305,15.234,1003.438,75.721,1.624,9.962,1,cyclonic,0.512,0.718,0.706,0.266,LOW,SYNTHETIC_DEMO_DATA
319,Lakshadweep,10.6351,73.04573,2025-02-08 14:42:36,27.542,-0.208,35.253,2.437,0.579,284.05,13.52,17.685,1017.432,65.991,1.78,17.266,1,cyclonic,0.492,0.759,0.766,0.238,LOW,SYNTHETIC_DEMO_DATA
320,Goa Coast,15.41951,74.01302,2025-02-08 17:37:27,27.09,-0.36,33.707,1.135,0.483,244.52,9.533,10.964,1019.199,87.982,0.953,9.06,0,none,0.437,0.53,0.625,0.211,LOW,SYNTHETIC_DEMO_DATA
321,Chennai Coast,13.1638,79.90945,2025-02-08 20:32:18,28.689,0.239,32.451,2.1,0.727,307.83,20.198,7.254,1024.807,52.143,0.997,10.462,0,none,0.326,0.6,0.697,0.253,LOW,SYNTHETIC_DEMO_DATA
322,Odisha Coast,19.79171,85.79506,2025-02-08 23:27:09,28.571,0.321,30.732,1.828,0.727,296.29,14.701,15.179,1011.98,72.383,2.002,8.32,0,none,0.45,0.872,0.671,0.258,LOW,SYNTHETIC_DEMO_DATA
323,Gujarat Coast,22.22585,69.61912,2025-02-09 02:22:00,26.764,0.014,37.128,2.178,0.712,342.12,11.336,2.372,983.577,73.279,1.148,3.437,0,none,0.362,0.837,0.777,0.235,LOW,SYNTHETIC_DEMO_DATA
324,Lakshadweep,10.42025,72.84957,2025-02-09 05:16:51,27.951,0.201,33.974,2.19,1.192,287.04,13.127,2.783,1013.511,80.634,1.013,1.961,1,cyclonic,0.41,0.688,0.736,0.225,LOW,SYNTHETIC_DEMO_DATA
325,Lakshadweep,10.86395,72.64601,2025-02-09 08:11:42,26.5,-1.25,35.763,1.481,0.632,146.24,6.021,0.0,1013.114,58.447,1.093,5.193,0,none,0.352,0.573,0.64,0.368,MEDIUM,SYNTHETIC_DEMO_DATA
326,Visakhapatnam,17.69724,83.37014,2025-02-09 11:06:33,27.592,-0.158,29.647,2.344,0.429,279.69,19.54,8.647,1020.324,72.739,1.501,9.754,0,none,0.626,0.77,0.643,0.205,LOW,SYNTHETIC_DEMO_DATA
327,Visakhapatnam,17.61545,83.33843,2025-02-09 14:01:24,28.399,0.649,34.248,2.054,0.67,292.87,10.51,0.422,1010.678,66.728,0.295,1.999,0,none,0.378,0.623,0.665,0.28,LOW,SYNTHETIC_DEMO_DATA
328,Sundarbans,22.06457,89.08447,2025-02-09 16:56:16,27.523,0.073,20.426,1.607,0.584,269.54,5.273,13.733,1006.328,89.563,1.516,12.948,0,none,0.501,0.69,0.781,0.296,LOW,SYNTHETIC_DEMO_DATA
329,Odisha Coast,20.08219,85.69753,2025-02-09 19:51:07,28.475,0.225,29.447,1.159,0.491,19.19,6.071,17.548,1015.927,76.112,1.455,14.594,1,cyclonic,0.361,0.555,0.617,0.29,LOW,SYNTHETIC_DEMO_DATA
330,Mumbai Coast,19.23161,72.89354,2025-02-09 22:45:58,28.826,1.576,32.824,1.097,0.585,181.97,1.049,16.76,996.068,76.162,1.454,13.029,0,none,0.483,0.648,0.483,0.563,MEDIUM,SYNTHETIC_DEMO_DATA
331,Mumbai Coast,19.00473,72.90696,2025-02-10 01:40:49,28.018,0.768,33.354,1.029,0.282,269.49,9.473,18.053,1010.542,71.202,1.203,13.0,1,anticyclonic,0.455,0.67,0.637,0.301,MEDIUM,SYNTHETIC_DEMO_DATA
332,Chennai Coast,13.01527,80.35502,2025-02-10 04:35:40,27.197,-1.253,34.818,2.893,0.882,3.2,20.432,20.122,999.485,72.834,2.22,16.946,0,none,0.545,0.654,0.61,0.467,MEDIUM,SYNTHETIC_DEMO_DATA
333,Chennai Coast,13.00975,80.49666,2025-02-10 07:30:31,28.839,0.389,32.358,2.102,0.861,174.78,8.253,20.313,1008.268,81.289,1.628,16.497,0,none,0.501,0.551,0.707,0.335,MEDIUM,SYNTHETIC_DEMO_DATA
334,Andaman & Nicobar,11.68459,92.63992,2025-02-10 10:25:22,26.824,-1.426,32.817,0.683,0.655,131.34,6.321,20.092,1012.026,85.417,1.335,15.369,1,cyclonic,0.364,0.579,0.384,0.494,MEDIUM,SYNTHETIC_DEMO_DATA
335,Kerala Coast,9.81496,76.43044,2025-02-10 13:20:13,27.863,0.313,34.447,2.708,0.901,172.14,17.514,30.364,1008.345,50.463,2.675,15.416,0,none,0.745,0.709,0.612,0.393,MEDIUM,SYNTHETIC_DEMO_DATA
336,Andaman & Nicobar,11.83221,92.58364,2025-02-10 16:15:04,28.965,0.715,32.133,2.522,1.138,129.82,22.237,4.834,1011.418,89.976,1.142,3.668,1,cyclonic,0.409,0.558,0.65,0.329,MEDIUM,SYNTHETIC_DEMO_DATA
337,Lakshadweep,10.47004,72.6257,2025-02-10 19:09:55,27.622,-0.128,34.341,3.103,0.661,187.27,19.866,0.0,1015.946,93.535,0.553,8.184,0,none,0.407,0.777,0.817,0.173,LOW,SYNTHETIC_DEMO_DATA
338,Chennai Coast,12.90747,80.692,2025-02-10 22:04:46,28.602,0.152,35.199,0.44,0.547,219.31,4.867,0.0,1016.521,91.5,0.387,6.535,0,none,0.374,0.689,0.77,0.192,LOW,SYNTHETIC_DEMO_DATA
339,Visakhapatnam,17.64691,83.00106,2025-02-11 00:59:37,26.815,-0.935,33.702,2.055,0.632,52.5,15.065,12.519,1018.151,78.875,1.62,8.464,0,none,0.448,0.764,0.706,0.278,LOW,SYNTHETIC_DEMO_DATA
340,Lakshadweep,10.84027,72.90988,2025-02-11 03:54:28,29.023,1.273,33.955,1.403,0.163,82.86,1.0,0.0,1011.422,85.469,1.211,3.077,0,none,0.263,0.645,0.641,0.311,MEDIUM,SYNTHETIC_DEMO_DATA
341,Gujarat Coast,21.8866,69.8076,2025-02-11 06:49:19,26.684,-0.066,33.96,1.862,0.994,278.42,5.574,3.559,1010.05,77.258,1.096,5.177,0,none,0.271,0.685,0.656,0.195,LOW,SYNTHETIC_DEMO_DATA
342,Visakhapatnam,18.01914,83.23185,2025-02-11 09:44:10,27.905,0.155,30.432,0.947,0.789,88.3,1.943,9.659,1006.451,79.949,0.366,5.976,0,none,0.394,0.492,0.704,0.274,LOW,SYNTHETIC_DEMO_DATA
343,Gujarat Coast,22.30144,69.77926,2025-02-11 12:39:01,26.833,0.083,34.658,1.094,0.418,353.3,3.99,0.0,1023.498,73.215,1.265,11.298,0,none,0.242,0.781,0.624,0.213,LOW,SYNTHETIC_DEMO_DATA
344,Mumbai Coast,19.08107,73.11646,2025-02-11 15:33:52,26.791,-0.459,34.224,1.663,1.266,109.84,9.977,15.403,1011.341,68.319,1.181,13.466,0,none,0.477,0.725,0.665,0.386,MEDIUM,SYNTHETIC_DEMO_DATA
345,Lakshadweep,10.8556,72.87545,2025-02-11 18:28:44,26.957,-0.793,33.617,2.77,1.097,75.36,20.817,14.114,999.375,91.972,1.442,10.157,1,cyclonic,0.498,0.596,0.553,0.401,MEDIUM,SYNTHETIC_DEMO_DATA
346,Visakhapatnam,17.50195,83.31351,2025-02-11 21:23:35,27.654,-0.096,33.686,1.884,1.064,16.2,9.684,11.616,1026.95,66.079,1.173,11.855,0,none,0.546,0.596,0.659,0.268,LOW,SYNTHETIC_DEMO_DATA
347,Lakshadweep,10.03973,72.7384,2025-02-12 00:18:26,27.333,-0.417,33.585,1.282,0.53,57.57,9.118,16.478,1007.24,63.23,2.123,10.154,0,none,0.499,0.645,0.57,0.225,LOW,SYNTHETIC_DEMO_DATA
348,Lakshadweep,10.3286,72.67674,2025-02-12 03:13:17,27.539,-0.211,35.46,0.82,0.679,205.69,3.067,16.609,1006.279,59.75,1.246,11.326,1,anticyclonic,0.491,0.748,0.61,0.266,LOW,SYNTHETIC_DEMO_DATA
349,Odisha Coast,19.79649,85.93894,2025-02-12 06:08:08,27.552,-0.698,27.833,0.877,0.676,220.63,14.387,21.651,1007.842,88.613,1.052,14.299,0,none,0.381,0.651,0.58,0.391,MEDIUM,SYNTHETIC_DEMO_DATA
350,Odisha Coast,19.93903,86.02056,2025-02-12 09:02:59,27.433,-0.817,29.499,1.279,0.688,124.93,7.93,15.74,1007.076,83.578,1.48,5.831,0,none,0.506,0.758,0.709,0.337,MEDIUM,SYNTHETIC_DEMO_DATA
351,Mumbai Coast,18.7613,72.8362,2025-02-12 11:57:50,27.588,0.338,34.116,1.893,0.772,30.3,12.479,18.982,1009.04,63.754,1.993,10.58,1,anticyclonic,0.521,0.837,0.731,0.264,LOW,SYNTHETIC_DEMO_DATA
352,Sundarbans,21.87517,89.40655,2025-02-12 14:52:41,27.044,-0.406,23.56,1.386,0.704,304.15,6.71,25.385,1008.855,80.788,2.134,12.777,0,none,0.674,0.852,0.638,0.303,MEDIUM,SYNTHETIC_DEMO_DATA
353,Visakhapatnam,17.80349,83.09539,2025-02-12 17:47:32,26.709,-1.041,33.219,1.522,0.652,123.21,16.382,5.851,1007.179,49.878,2.028,12.114,0,none,0.405,0.574,0.719,0.355,MEDIUM,SYNTHETIC_DEMO_DATA
354,Kerala Coast,9.87279,76.08149,2025-02-12 20:42:23,27.021,-0.529,33.778,1.211,0.358,74.22,1.0,29.17,1006.124,78.742,2.257,10.771,0,none,0.589,0.699,0.695,0.292,LOW,SYNTHETIC_DEMO_DATA
355,Lakshadweep,10.52321,72.48587,2025-02-12 23:37:14,28.096,0.346,35.145,2.103,0.203,339.19,7.913,0.0,1002.8,66.958,1.159,4.966,0,none,0.38,0.631,0.76,0.153,LOW,SYNTHETIC_DEMO_DATA
356,Lakshadweep,10.72537,72.63537,2025-02-13 02:32:05,30.337,2.587,36.259,1.477,0.881,81.31,10.837,4.104,1010.398,88.594,0.516,4.424,1,anticyclonic,0.193,0.364,0.472,0.701,HIGH,SYNTHETIC_DEMO_DATA
357,Odisha Coast,20.10325,85.54773,2025-02-13 05:26:56,27.342,-0.908,28.763,1.062,0.654,344.3,4.31,33.817,993.061,79.747,2.045,17.435,0,none,0.546,0.491,0.579,0.431,MEDIUM,SYNTHETIC_DEMO_DATA
358,Andaman & Nicobar,11.47001,92.76549,2025-02-13 08:21:47,27.422,-0.828,33.917,2.414,0.599,67.02,19.061,0.0,1013.278,71.474,0.2,2.08,0,none,0.27,0.71,0.601,0.329,MEDIUM,SYNTHETIC_DEMO_DATA
359,Sundarbans,21.92723,88.99139,2025-02-13 11:16:38,27.346,-0.104,20.761,1.606,0.404,183.23,11.67,21.082,1005.28,77.775,1.247,10.772,0,none,0.495,0.678,0.682,0.32,MEDIUM,SYNTHETIC_DEMO_DATA
360,Goa Coast,15.01065,73.98947,2025-02-13 14:11:29,28.792,1.342,34.848,1.268,0.248,99.01,4.923,0.0,1007.886,98.041,0.527,3.218,1,anticyclonic,0.148,0.546,0.523,0.449,MEDIUM,SYNTHETIC_DEMO_DATA
361,Andaman & Nicobar,11.80093,92.43654,2025-02-13 17:06:20,28.126,-0.124,31.313,1.687,0.665,200.41,10.938,15.314,1005.49,70.182,1.741,14.647,0,none,0.419,0.649,0.667,0.189,LOW,SYNTHETIC_DEMO_DATA
362,Andaman & Nicobar,11.81747,92.55888,2025-02-13 20:01:12,26.595,-1.655,30.522,1.79,1.074,291.49,9.156,11.156,1034.78,66.838,1.665,12.201,0,none,0.487,0.628,0.555,0.466,MEDIUM,SYNTHETIC_DEMO_DATA
363,Visakhapatnam,17.65516,83.61625,2025-02-13 22:56:03,27.837,0.087,34.076,2.423,0.837,65.79,16.347,10.01,1015.518,77.783,1.292,10.429,0,none,0.306,0.753,0.647,0.224,LOW,SYNTHETIC_DEMO_DATA
364,Andaman & Nicobar,12.25372,92.46753,2025-02-14 01:50:54,27.822,-0.428,33.374,1.307,0.264,282.5,11.912,8.209,1004.566,84.661,1.59,4.381,0,none,0.483,0.664,0.614,0.318,MEDIUM,SYNTHETIC_DEMO_DATA
365,Odisha Coast,19.61967,85.79075,2025-02-14 04:45:45,27.989,-0.261,29.561,2.362,0.476,179.21,15.552,13.326,1014.633,65.41,1.332,8.632,0,none,0.38,0.607,0.676,0.278,LOW,SYNTHETIC_DEMO_DATA
366,Mumbai Coast,19.08911,72.6634,2025-02-14 07:40:36,27.17,-0.08,32.288,1.203,0.391,347.68,10.035,9.849,1019.155,77.041,0.994,9.978,0,none,0.328,0.721,0.693,0.286,LOW,SYNTHETIC_DEMO_DATA
367,Kerala Coast,10.18007,76.5319,2025-02-14 10:35:27,28.854,1.304,33.417,1.682,0.766,308.48,9.887,25.371,1014.753,74.157,2.345,10.482,1,anticyclonic,0.551,0.483,0.631,0.497,MEDIUM,SYNTHETIC_DEMO_DATA
368,Chennai Coast,13.11373,80.49684,2025-02-14 13:30:18,30.509,2.059,34.852,1.567,0.575,45.76,10.659,1.624,1001.443,67.746,0.81,6.173,1,anticyclonic,0.369,0.418,0.554,0.616,HIGH,SYNTHETIC_DEMO_DATA
369,Sundarbans,21.58442,89.2019,2025-02-14 16:25:09,28.307,0.857,20.501,1.385,0.53,289.69,15.467,4.519,1009.649,95.343,1.229,12.002,0,none,0.381,0.609,0.691,0.418,MEDIUM,SYNTHETIC_DEMO_DATA
370,Goa Coast,15.27853,74.1545,2025-02-14 19:20:00,27.531,0.081,33.637,1.434,0.578,289.25,9.722,9.657,988.591,82.027,1.505,9.705,0,none,0.442,0.673,0.74,0.148,LOW,SYNTHETIC_DEMO_DATA
371,Chennai Coast,13.12654,79.96156,2025-02-14 22:14:51,28.356,-0.094,34.772,1.695,0.836,162.95,1.907,0.0,1010.599,91.316,0.793,2.66,0,none,0.408,0.814,0.648,0.149,LOW,SYNTHETIC_DEMO_DATA
372,Gujarat Coast,22.2072,69.71982,2025-02-15 01:09:42,27.221,0.471,34.474,2.947,0.694,80.53,25.51,14.145,1007.143,70.547,1.421,12.32,1,anticyclonic,0.362,0.624,0.509,0.38,MEDIUM,SYNTHETIC_DEMO_DATA
373,Kerala Coast,10.0571,76.22053,2025-02-15 04:04:33,28.315,0.765,33.638,1.12,1.091,247.83,2.166,27.38,1007.87,73.139,1.62,17.181,0,none,0.429,0.658,0.605,0.433,MEDIUM,SYNTHETIC_DEMO_DATA
374,Chennai Coast,13.06811,80.28121,2025-02-15 06:59:24,28.427,-0.023,32.958,1.453,1.121,328.34,8.687,11.074,1005.464,80.462,0.65,7.738,1,anticyclonic,0.379,0.788,0.79,0.247,LOW,SYNTHETIC_DEMO_DATA
375,Andaman & Nicobar,11.93686,92.974,2025-02-15 09:54:15,29.506,1.256,33.905,1.864,0.898,230.2,5.365,12.642,1016.298,84.527,1.32,5.606,1,anticyclonic,0.45,0.652,0.604,0.473,MEDIUM,SYNTHETIC_DEMO_DATA
376,Sundarbans,21.40537,89.218,2025-02-15 12:49:06,27.585,0.135,20.622,2.807,0.79,21.58,21.35,27.62,1015.646,99.124,1.524,14.941,1,cyclonic,0.495,0.741,0.748,0.321,MEDIUM,SYNTHETIC_DEMO_DATA
377,Goa Coast,15.23246,74.0209,2025-02-15 15:43:57,28.04,0.59,34.801,2.815,0.207,278.55,14.737,0.999,1024.855,91.681,0.895,8.239,0,none,0.355,0.625,0.629,0.293,LOW,SYNTHETIC_DEMO_DATA
378,Goa Coast,15.54423,73.67509,2025-02-15 18:38:48,26.09,-1.36,33.014,3.089,1.121,197.07,15.266,19.626,1019.225,63.359,1.927,13.762,1,anticyclonic,0.527,0.584,0.559,0.575,MEDIUM,SYNTHETIC_DEMO_DATA
379,Chennai Coast,12.92896,79.92861,2025-02-15 21:33:40,28.913,0.463,34.772,1.077,1.306,349.81,1.782,9.584,1008.824,88.638,1.086,8.563,1,anticyclonic,0.364,0.773,0.721,0.285,LOW,SYNTHETIC_DEMO_DATA
380,Visakhapatnam,17.79849,83.27225,2025-02-16 00:28:31,26.403,-1.347,33.968,1.255,0.658,12.76,10.966,10.848,1005.519,70.691,0.742,11.211,0,none,0.383,0.674,0.502,0.369,MEDIUM,SYNTHETIC_DEMO_DATA
381,Sundarbans,22.11207,89.07258,2025-02-16 03:23:22,29.319,1.869,20.798,1.739,0.432,5.58,11.207,3.932,1021.53,57.824,0.501,6.387,1,cyclonic,0.28,0.585,0.642,0.651,HIGH,SYNTHETIC_DEMO_DATA
382,Lakshadweep,10.32976,72.68278,2025-02-16 06:18:13,27.747,-0.003,35.534,2.094,1.134,215.42,16.509,0.0,998.918,62.362,0.535,7.593,0,none,0.443,0.892,0.784,0.163,LOW,SYNTHETIC_DEMO_DATA
383,Lakshadweep,9.95342,72.601,2025-02-16 09:13:04,25.721,-2.029,34.655,1.537,1.009,72.97,16.623,16.817,1000.897,72.68,1.677,10.695,1,cyclonic,0.552,0.411,0.369,0.648,HIGH,SYNTHETIC_DEMO_DATA
384,Visakhapatnam,17.64775,83.27446,2025-02-16 12:07:55,27.908,0.158,34.563,2.83,0.902,112.26,21.428,2.804,1013.061,75.496,0.249,2.991,0,none,0.335,0.708,0.787,0.15,LOW,SYNTHETIC_DEMO_DATA
385,Sundarbans,21.94785,88.91179,2025-02-16 15:02:46,27.143,-0.307,22.019,1.014,0.289,237.13,2.609,21.095,1013.099,59.646,0.912,7.943,0,none,0.482,0.756,0.713,0.287,LOW,SYNTHETIC_DEMO_DATA
386,Odisha Coast,19.60539,85.74198,2025-02-16 17:57:37,30.702,2.452,28.664,1.356,0.362,292.61,7.774,4.429,1012.357,71.694,1.303,5.615,1,anticyclonic,0.368,0.362,0.413,0.736,HIGH,SYNTHETIC_DEMO_DATA
387,Sundarbans,21.96477,89.29179,2025-02-16 20:52:28,26.893,-0.557,22.09,2.127,0.709,81.17,10.739,16.123,996.944,82.508,1.606,10.89,0,none,0.536,0.725,0.647,0.314,MEDIUM,SYNTHETIC_DEMO_DATA
388,Andaman & Nicobar,11.83128,92.50653,2025-02-16 23:47:19,28.662,0.412,32.979,1.889,0.25,350.99,12.756,15.715,995.631,76.902,1.094,12.058,0,none,0.492,0.645,0.735,0.202,LOW,SYNTHETIC_DEMO_DATA
389,Andaman & Nicobar,11.53151,92.24713,2025-02-17 02:42:10,27.739,-0.511,32.393,2.624,0.39,112.45,19.54,6.821,1027.917,76.52,0.936,12.319,1,cyclonic,0.328,0.638,0.69,0.4,MEDIUM,SYNTHETIC_DEMO_DATA
390,Odisha Coast,19.79475,85.82174,2025-02-17 05:37:01,29.111,0.861,29.572,1.499,0.363,2.83,9.254,27.22,999.228,81.808,1.569,17.72,0,none,0.487,0.635,0.62,0.454,MEDIUM,SYNTHETIC_DEMO_DATA
391,Goa Coast,15.29464,73.5008,2025-02-17 08:31:52,29.043,1.593,32.167,1.752,0.955,268.01,9.47,14.099,1025.579,98.139,1.822,9.185,1,cyclonic,0.38,0.6,0.524,0.551,MEDIUM,SYNTHETIC_DEMO_DATA
392,Odisha Coast,19.86702,85.86619,2025-02-17 11:26:43,28.705,0.455,28.797,1.67,0.478,96.53,15.933,14.634,1009.238,58.196,0.697,10.793,1,cyclonic,0.38,0.74,0.724,0.387,MEDIUM,SYNTHETIC_DEMO_DATA
393,Chennai Coast,12.52549,80.6167,2025-02-17 14:21:34,28.456,0.006,33.065,3.116,1.075,226.39,24.307,12.091,1004.774,53.861,1.554,10.547,0,none,0.549,0.845,0.817,0.182,LOW,SYNTHETIC_DEMO_DATA
394,Mumbai Coast,18.52204,72.79036,2025-02-17 17:16:25,26.419,-0.831,32.416,2.15,0.515,0.0,11.351,10.936,1005.756,74.485,1.699,11.576,0,none,0.532,0.764,0.664,0.289,LOW,SYNTHETIC_DEMO_DATA
395,Goa Coast,15.38429,73.96927,2025-02-17 20:11:16,28.35,0.9,33.431,2.571,1.003,129.41,20.101,6.983,1010.936,74.769,1.45,8.143,1,cyclonic,0.304,0.468,0.677,0.45,MEDIUM,SYNTHETIC_DEMO_DATA
396,Andaman & Nicobar,11.70135,92.74008,2025-02-17 23:06:07,28.973,0.723,30.603,1.344,0.656,147.87,7.931,19.962,1004.748,79.267,1.425,11.917,0,none,0.469,0.52,0.589,0.372,MEDIUM,SYNTHETIC_DEMO_DATA
397,Sundarbans,22.01412,89.2999,2025-02-18 02:00:59,26.61,-0.84,20.035,2.378,0.792,267.9,22.439,22.408,1004.225,58.169,2.08,18.385,0,none,0.439,0.687,0.454,0.46,MEDIUM,SYNTHETIC_DEMO_DATA
398,Odisha Coast,19.92402,85.80952,2025-02-18 04:55:50,28.266,0.016,28.83,0.812,0.488,239.66,6.096,13.472,1010.836,87.412,1.117,10.306,0,none,0.319,0.615,0.766,0.209,LOW,SYNTHETIC_DEMO_DATA
399,Visakhapatnam,17.49242,83.25063,2025-02-18 07:50:41,26.349,-1.401,30.81,1.238,1.144,305.49,15.745,26.862,1010.941,83.022,1.988,16.273,1,anticyclonic,0.594,0.548,0.421,0.602,HIGH,SYNTHETIC_DEMO_DATA
400,Chennai Coast,13.06598,79.91865,2025-02-18 10:45:32,28.047,-0.403,34.932,1.233,0.977,335.26,5.612,0.0,1010.946,74.488,0.932,12.287,0,none,0.326,0.505,0.681,0.217,LOW,SYNTHETIC_DEMO_DATA
401,Lakshadweep,10.60233,72.36975,2025-02-18 13:40:23,27.63,-0.12,33.884,1.748,0.559,169.79,15.023,4.95,1030.036,60.301,1.832,6.315,0,none,0.429,0.656,0.797,0.119,LOW,SYNTHETIC_DEMO_DATA
402,Goa Coast,15.22181,73.71169,2025-02-18 16:35:14,27.384,-0.066,34.08,1.934,0.286,279.3,18.165,17.464,1021.647,82.724,1.456,9.778,1,anticyclonic,0.558,0.81,0.753,0.213,LOW,SYNTHETIC_DEMO_DATA
403,Chennai Coast,13.10155,80.15076,2025-02-18 19:30:05,27.886,-0.564,34.953,3.224,1.003,232.81,25.091,5.429,1013.023,78.76,1.683,11.496,0,none,0.517,0.605,0.615,0.342,MEDIUM,SYNTHETIC_DEMO_DATA
404,Lakshadweep,10.22173,72.80552,2025-02-18 22:24:56,27.475,-0.275,34.904,1.547,0.616,347.64,9.643,0.297,1010.27,72.546,0.25,7.965,0,none,0.31,0.552,0.665,0.231,LOW,SYNTHETIC_DEMO_DATA
405,Kerala Coast,10.14401,76.33644,2025-02-19 01:19:47,27.487,-0.063,33.662,1.426,1.395,107.18,9.563,10.532,1018.246,60.224,1.044,9.958,1,cyclonic,0.403,0.633,0.643,0.323,MEDIUM,SYNTHETIC_DEMO_DATA
406,Mumbai Coast,18.8392,72.33728,2025-02-19 04:14:38,27.137,-0.113,32.748,0.989,0.291,280.89,7.99,31.123,1007.539,99.472,2.172,16.759,0,none,0.476,0.727,0.695,0.326,MEDIUM,SYNTHETIC_DEMO_DATA
407,Kerala Coast,9.9315,76.08147,2025-02-19 07:09:29,26.542,-1.008,31.257,1.725,1.082,143.16,10.361,19.594,1013.91,77.221,2.039,14.135,1,cyclonic,0.568,0.731,0.638,0.477,MEDIUM,SYNTHETIC_DEMO_DATA
408,Odisha Coast,19.72749,85.78953,2025-02-19 10:04:20,28.274,0.024,29.702,1.277,0.882,157.94,11.743,14.05,1020.22,47.346,2.029,9.434,0,none,0.554,0.735,0.886,0.233,LOW,SYNTHETIC_DEMO_DATA
409,Lakshadweep,10.42009,72.35998,2025-02-19 12:59:11,27.535,-0.215,35.01,1.909,0.593,58.6,11.721,12.535,999.566,80.277,1.161,8.549,1,cyclonic,0.539,0.872,0.675,0.135,LOW,SYNTHETIC_DEMO_DATA
410,Sundarbans,22.1589,89.11161,2025-02-19 15:54:02,27.578,0.128,22.987,1.688,0.657,258.15,9.056,11.071,1007.796,90.334,1.627,10.365,0,none,0.482,0.763,0.694,0.236,LOW,SYNTHETIC_DEMO_DATA
411,Odisha Coast,19.65875,85.78179,2025-02-19 18:48:53,27.964,-0.286,30.439,2.162,0.651,334.14,18.295,20.298,999.528,69.906,1.659,14.508,0,none,0.608,0.635,0.63,0.384,MEDIUM,SYNTHETIC_DEMO_DATA
412,Visakhapatnam,17.70515,83.35395,2025-02-19 21:43:44,28.68,0.93,34.24,1.349,1.044,185.22,11.823,11.214,1008.316,84.782,1.182,7.456,0,none,0.404,0.695,0.644,0.32,MEDIUM,SYNTHETIC_DEMO_DATA
413,Visakhapatnam,17.54839,83.30205,2025-02-20 00:38:35,29.024,1.274,31.449,1.098,0.53,22.77,5.122,7.34,1018.19,68.072,1.712,5.967,0,none,0.312,0.439,0.555,0.413,MEDIUM,SYNTHETIC_DEMO_DATA
414,Odisha Coast,19.77519,85.37556,2025-02-20 03:33:27,27.609,-0.641,28.762,2.293,0.46,70.0,17.139,14.267,1023.841,52.833,1.404,11.159,1,anticyclonic,0.494,0.605,0.56,0.419,MEDIUM,SYNTHETIC_DEMO_DATA
415,Sundarbans,22.3874,89.3066,2025-02-20 06:28:18,26.196,-1.254,20.32,2.025,1.226,59.36,7.118,20.196,1017.674,60.757,0.989,10.237,0,none,0.513,0.685,0.576,0.523,MEDIUM,SYNTHETIC_DEMO_DATA
416,Gujarat Coast,22.15987,69.70741,2025-02-20 09:23:09,27.386,0.636,34.068,1.614,0.663,83.31,14.297,0.942,1014.953,73.061,0.768,5.028,1,anticyclonic,0.356,0.612,0.688,0.389,MEDIUM,SYNTHETIC_DEMO_DATA
417,Lakshadweep,10.80868,72.61354,2025-02-20 12:18:00,29.186,1.436,35.716,0.785,0.412,36.93,3.411,0.0,1009.389,43.945,0.401,1.625,0,none,0.34,0.68,0.675,0.37,MEDIUM,SYNTHETIC_DEMO_DATA
418,Odisha Coast,20.0241,85.6958,2025-02-20 15:12:51,27.483,-0.767,29.925,1.695,1.164,172.97,8.644,0.433,1005.515,64.524,0.503,1.97,0,none,0.245,0.684,0.737,0.328,MEDIUM,SYNTHETIC_DEMO_DATA
419,Visakhapatnam,17.52676,83.27406,2025-02-20 18:07:42,27.95,0.2,34.436,2.139,0.872,243.93,10.795,6.134,1007.41,84.633,1.368,10.043,1,cyclonic,0.473,0.731,0.706,0.251,LOW,SYNTHETIC_DEMO_DATA
420,Mumbai Coast,19.00885,72.92424,2025-02-20 21:02:33,26.192,-1.058,35.182,1.73,0.978,279.72,13.544,26.235,1006.198,74.637,1.86,15.567,0,none,0.705,0.667,0.679,0.472,MEDIUM,SYNTHETIC_DEMO_DATA
421,Lakshadweep,10.48783,72.7247,2025-02-20 23:57:24,27.351,-0.399,34.192,1.199,1.238,300.79,6.214,8.36,1009.847,81.14,1.133,8.926,1,anticyclonic,0.463,0.705,0.771,0.304,MEDIUM,SYNTHETIC_DEMO_DATA
422,Gujarat Coast,22.46328,69.49076,2025-02-21 02:52:15,25.132,-1.618,35.636,2.109,0.46,154.65,14.496,8.956,1004.759,55.406,1.72,9.255,1,anticyclonic,0.503,0.631,0.512,0.526,MEDIUM,SYNTHETIC_DEMO_DATA
423,Goa Coast,15.51006,73.62983,2025-02-21 05:47:06,27.558,0.108,34.667,1.285,0.674,10.88,9.964,20.967,1024.119,51.752,1.689,10.825,0,none,0.565,0.72,0.659,0.257,LOW,SYNTHETIC_DEMO_DATA
424,Mumbai Coast,19.09605,72.61176,2025-02-21 08:41:57,27.882,0.632,33.776,1.028,0.931,336.84,7.24,6.647,1015.83,76.969,0.592,7.662,0,none,0.285,0.693,0.494,0.308,MEDIUM,SYNTHETIC_DEMO_DATA
425,Kerala Coast,9.89573,76.61851,2025-02-21 11:36:48,27.251,-0.299,33.838,1.563,0.614,220.03,15.355,10.647,1019.604,66.004,1.292,10.876,1,cyclonic,0.388,0.796,0.78,0.306,MEDIUM,SYNTHETIC_DEMO_DATA
426,Odisha Coast,19.65141,85.62596,2025-02-21 14:31:39,29.28,1.03,30.572,1.571,0.53,287.74,12.304,12.387,996.861,81.033,1.495,9.429,0,none,0.371,0.62,0.581,0.434,MEDIUM,SYNTHETIC_DEMO_DATA
427,Andaman & Nicobar,11.91288,92.85463,2025-02-21 17:26:30,26.862,-1.388,33.348,1.859,0.869,18.57,14.128,25.188,1009.105,75.262,1.405,11.398,1,anticyclonic,0.47,0.573,0.638,0.53,MEDIUM,SYNTHETIC_DEMO_DATA
428,Andaman & Nicobar,11.44678,92.98686,2025-02-21 20:21:21,28.631,0.381,30.164,1.63,1.513,135.86,11.238,21.729,1000.728,90.08,1.279,11.099,0,none,0.599,0.737,0.785,0.208,LOW,SYNTHETIC_DEMO_DATA
429,Sundarbans,21.98252,89.23741,2025-02-21 23:16:12,26.109,-1.341,17.762,2.214,0.667,8.52,13.594,29.06,1004.671,80.034,2.541,17.88,0,none,0.69,0.641,0.568,0.513,MEDIUM,SYNTHETIC_DEMO_DATA
430,Goa Coast,15.6812,73.34091,2025-02-22 02:11:03,28.922,1.472,34.959,1.55,0.61,200.81,12.115,7.31,1005.097,68.406,1.137,9.775,1,anticyclonic,0.477,0.577,0.536,0.576,MEDIUM,SYNTHETIC_DEMO_DATA
431,Sundarbans,21.95132,89.32391,2025-02-22 05:05:55,26.483,-0.967,20.59,2.528,0.623,166.47,15.45,13.684,999.26,69.876,1.538,14.436,1,anticyclonic,0.482,0.676,0.724,0.462,MEDIUM,SYNTHETIC_DEMO_DATA
432,Goa Coast,15.29816,73.62642,2025-02-22 08:00:46,26.91,-0.54,33.66,2.265,0.808,339.92,17.647,19.955,1006.107,51.357,1.866,15.637,0,none,0.578,0.715,0.584,0.344,MEDIUM,SYNTHETIC_DEMO_DATA
433,Andaman & Nicobar,11.8983,92.89103,2025-02-22 10:55:37,28.402,0.152,31.987,0.952,0.415,42.47,7.174,17.329,1004.123,71.11,1.197,3.127,0,none,0.378,0.729,0.648,0.143,LOW,SYNTHETIC_DEMO_DATA
434,Odisha Coast,19.58051,85.7849,2025-02-22 13:50:28,28.279,0.029,28.51,1.423,0.346,290.66,13.264,13.54,1016.223,71.343,0.716,9.486,0,none,0.522,0.693,0.79,0.268,LOW,SYNTHETIC_DEMO_DATA
435,Kerala Coast,9.73901,76.28521,2025-02-22 16:45:19,27.993,0.443,32.395,1.954,0.978,257.75,12.578,24.428,1012.935,62.151,2.058,14.931,0,none,0.575,0.703,0.73,0.303,MEDIUM,SYNTHETIC_DEMO_DATA
436,Odisha Coast,19.55295,85.92865,2025-02-22 19:40:10,26.946,-1.304,31.059,0.349,0.567,219.94,5.962,13.352,1014.936,92.512,1.365,8.568,1,anticyclonic,0.458,0.749,0.501,0.481,MEDIUM,SYNTHETIC_DEMO_DATA
437,Mumbai Coast,18.76433,72.61312,2025-02-22 22:35:01,26.799,-0.451,32.63,1.349,0.653,79.86,12.133,26.019,1005.474,72.291,1.848,12.668,1,cyclonic,0.553,0.865,0.824,0.261,LOW,SYNTHETIC_DEMO_DATA
438,Lakshadweep,10.38711,72.42812,2025-02-23 01:29:52,27.742,-0.008,35.025,1.783,0.592,255.11,10.007,16.456,1012.601,100.0,1.89,8.836,0,none,0.434,0.648,0.71,0.11,LOW,SYNTHETIC_DEMO_DATA
439,Sundarbans,21.90333,89.07841,2025-02-23 04:24:43,27.262,-0.188,22.567,1.683,0.554,220.54,14.115,24.32,1004.393,72.577,1.783,10.501,0,none,0.633,0.939,0.723,0.261,LOW,SYNTHETIC_DEMO_DATA
440,Chennai Coast,12.81995,80.40932,2025-02-23 07:19:34,28.614,0.164,33.769,1.834,1.039,27.79,15.256,7.948,1002.251,78.206,1.355,5.837,0,none,0.276,0.637,0.631,0.231,LOW,SYNTHETIC_DEMO_DATA
441,Lakshadweep,10.73776,72.26854,2025-02-23 10:14:25,26.808,-0.942,34.178,2.094,0.933,258.17,9.433,5.124,1024.238,78.462,0.965,6.258,1,anticyclonic,0.483,0.621,0.641,0.39,MEDIUM,SYNTHETIC_DEMO_DATA
442,Chennai Coast,13.52363,80.27177,2025-02-23 13:09:16,27.831,-0.619,32.968,1.822,0.541,90.0,9.009,15.752,1008.665,76.089,1.238,12.366,1,cyclonic,0.439,0.488,0.619,0.414,MEDIUM,SYNTHETIC_DEMO_DATA
443,Odisha Coast,20.16907,85.94358,2025-02-23 16:04:07,27.54,-0.71,30.458,1.493,0.793,6.33,5.954,24.01,1009.065,92.651,2.294,10.652,1,cyclonic,0.603,0.7,0.689,0.437,MEDIUM,SYNTHETIC_DEMO_DATA
444,Kerala Coast,9.77351,75.97668,2025-02-23 18:58:58,27.943,0.393,35.545,0.313,1.234,240.55,3.264,20.674,1007.757,71.058,1.159,12.497,1,anticyclonic,0.464,0.522,0.679,0.38,MEDIUM,SYNTHETIC_DEMO_DATA
445,Mumbai Coast,18.90274,73.05484,2025-02-23 21:53:49,27.29,0.04,33.316,1.516,0.068,233.68,8.795,26.063,1022.676,79.059,2.298,10.768,1,cyclonic,0.529,0.683,0.87,0.225,LOW,SYNTHETIC_DEMO_DATA
446,Gujarat Coast,21.82888,69.80603,2025-02-24 00:48:40,26.792,0.042,32.658,2.536,0.932,28.28,20.296,17.004,1018.946,90.669,1.494,12.354,0,none,0.631,0.904,0.734,0.24,LOW,SYNTHETIC_DEMO_DATA
447,Chennai Coast,12.88383,80.39851,2025-02-24 03:43:31,28.872,0.422,34.918,1.804,0.682,201.83,4.354,21.077,1014.025,83.738,1.43,12.11,1,cyclonic,0.516,0.618,0.646,0.335,MEDIUM,SYNTHETIC_DEMO_DATA
448,Lakshadweep,10.40151,72.70271,2025-02-24 06:38:23,28.994,1.244,34.235,2.231,0.718,110.3,16.898,11.345,1004.231,67.906,1.826,12.928,1,anticyclonic,0.558,0.577,0.679,0.441,MEDIUM,SYNTHETIC_DEMO_DATA
449,Mumbai Coast,19.23214,73.11566,2025-02-24 09:33:14,26.656,-0.594,35.738,2.048,0.442,231.18,14.909,9.628,1017.487,100.0,0.891,9.165,0,none,0.406,0.612,0.654,0.33,MEDIUM,SYNTHETIC_DEMO_DATA
450,Visakhapatnam,17.73346,83.44197,2025-02-24 12:28:05,28.649,0.899,34.549,1.77,0.771,249.28,4.987,10.176,1006.687,76.536,1.263,4.524,0,none,0.67,0.734,0.621,0.345,MEDIUM,SYNTHETIC_DEMO_DATA
451,Lakshadweep,10.46658,72.44785,2025-02-24 15:22:56,27.501,-0.249,35.61,2.367,0.05,172.13,17.334,24.825,1012.778,73.504,1.974,15.227,1,anticyclonic,0.631,0.688,0.606,0.331,MEDIUM,SYNTHETIC_DEMO_DATA
452,Lakshadweep,10.85632,72.51044,2025-02-24 18:17:47,27.451,-0.299,34.813,1.779,0.604,186.75,18.105,2.176,1008.168,67.617,1.422,7.492,0,none,0.476,0.697,0.673,0.22,LOW,SYNTHETIC_DEMO_DATA
453,Kerala Coast,10.04712,76.43439,2025-02-24 21:12:38,28.254,0.704,32.912,1.434,0.507,23.57,11.394,24.985,1016.296,93.377,2.023,14.755,1,cyclonic,0.505,0.682,0.606,0.393,MEDIUM,SYNTHETIC_DEMO_DATA
454,Sundarbans,21.96064,89.25846,2025-02-25 00:07:29,26.124,-1.326,19.596,1.525,0.397,244.72,10.787,11.212,1014.844,65.658,0.966,13.381,0,none,0.435,0.543,0.543,0.546,MEDIUM,SYNTHETIC_DEMO_DATA
455,Mumbai Coast,19.28915,72.71383,2025-02-25 03:02:20,26.879,-0.371,32.863,1.535,0.6,340.97,5.106,10.939,1011.95,57.867,1.175,4.431,0,none,0.599,0.82,0.73,0.344,MEDIUM,SYNTHETIC_DEMO_DATA
456,Mumbai Coast,18.76697,73.05304,2025-02-25 05:57:11,27.295,0.045,33.894,2.052,0.611,185.21,10.78,4.739,1000.839,76.272,0.614,9.004,0,none,0.386,0.82,0.714,0.184,LOW,SYNTHETIC_DEMO_DATA
457,Odisha Coast,19.64548,85.896,2025-02-25 08:52:02,27.799,-0.451,28.942,1.808,0.05,31.8,10.63,12.623,1010.239,81.775,1.675,6.815,0,none,0.477,0.649,0.674,0.326,MEDIUM,SYNTHETIC_DEMO_DATA
458,Gujarat Coast,22.21559,69.51416,2025-02-25 11:46:53,25.607,-1.143,36.912,1.528,0.97,8.79,6.231,0.0,1012.485,75.679,1.687,6.34,0,none,0.296,0.725,0.728,0.349,MEDIUM,SYNTHETIC_DEMO_DATA
459,Andaman & Nicobar,11.59454,92.5952,2025-02-25 14:41:44,28.5,0.25,32.356,1.129,0.823,250.18,5.563,23.794,994.364,100.0,1.713,10.893,0,none,0.511,0.685,0.667,0.204,LOW,SYNTHETIC_DEMO_DATA
460,Odisha Coast,19.45559,85.85895,2025-02-25 17:36:35,27.881,-0.369,27.282,1.4,0.412,95.59,5.124,12.599,1011.492,71.61,1.124,7.004,1,anticyclonic,0.516,0.74,0.743,0.255,LOW,SYNTHETIC_DEMO_DATA
461,Goa Coast,15.4265,73.78502,2025-02-25 20:31:26,28.376,0.926,32.75,1.842,0.316,38.0,9.469,21.789,1012.376,80.156,1.767,7.054,0,none,0.481,0.604,0.636,0.424,MEDIUM,SYNTHETIC_DEMO_DATA
462,Odisha Coast,20.15877,85.98876,2025-02-25 23:26:17,28.147,-0.103,28.443,2.32,0.487,253.27,18.677,17.648,1008.541,71.721,2.124,13.777,0,none,0.425,0.595,0.654,0.356,MEDIUM,SYNTHETIC_DEMO_DATA
463,Goa Coast,15.53511,73.78123,2025-02-26 02:21:08,28.532,1.082,34.193,0.236,0.351,324.7,5.12,5.659,1020.608,82.998,0.844,5.671,1,cyclonic,0.403,0.569,0.639,0.347,MEDIUM,SYNTHETIC_DEMO_DATA
464,Kerala Coast,9.90403,75.76441,2025-02-26 05:15:59,26.555,-0.995,34.087,2.254,0.813,241.46,10.388,7.455,1030.405,52.255,0.953,7.012,1,anticyclonic,0.441,0.504,0.695,0.451,MEDIUM,SYNTHETIC_DEMO_DATA
465,Sundarbans,21.90706,88.8514,2025-02-26 08:10:51,26.746,-0.704,21.457,1.839,0.767,83.12,17.993,10.162,1009.518,77.881,1.006,10.517,1,cyclonic,0.378,0.784,0.574,0.464,MEDIUM,SYNTHETIC_DEMO_DATA
466,Lakshadweep,10.33906,72.77096,2025-02-26 11:05:42,27.258,-0.492,34.948,1.173,0.733,82.24,9.448,13.665,1001.167,51.771,0.967,9.332,0,none,0.32,0.591,0.602,0.241,LOW,SYNTHETIC_DEMO_DATA
467,Odisha Coast,20.03655,85.75797,2025-02-26 14:00:33,29.448,1.198,29.472,1.676,0.993,189.86,8.884,0.0,1019.318,62.864,0.427,1.63,1,cyclonic,0.371,0.582,0.643,0.419,MEDIUM,SYNTHETIC_DEMO_DATA
468,Mumbai Coast,18.82835,72.64494,2025-02-26 16:55:24,26.506,-0.744,33.779,1.462,0.993,158.94,12.466,18.805,1014.197,70.815,1.494,12.514,1,anticyclonic,0.409,0.712,0.632,0.334,MEDIUM,SYNTHETIC_DEMO_DATA
469,Odisha Coast,19.89042,85.71815,2025-02-26 19:50:15,27.58,-0.67,30.244,1.817,0.879,72.97,6.276,8.004,1019.359,50.415,0.824,11.378,1,cyclonic,0.302,0.669,0.596,0.438,MEDIUM,SYNTHETIC_DEMO_DATA
470,Lakshadweep,10.20208,72.707,2025-02-26 22:45:06,28.156,0.406,34.612,2.573,0.977,234.6,17.749,4.703,1011.272,88.167,0.545,2.045,1,anticyclonic,0.385,0.639,0.588,0.283,LOW,SYNTHETIC_DEMO_DATA
471,Goa Coast,15.9056,73.65734,2025-02-27 01:39:57,26.949,-0.501,35.414,1.534,0.497,65.15,7.012,5.646,1021.267,70.496,1.187,9.713,1,anticyclonic,0.308,0.539,0.519,0.319,MEDIUM,SYNTHETIC_DEMO_DATA
472,Andaman & Nicobar,11.55618,92.56746,2025-02-27 04:34:48,28.06,-0.19,32.103,1.758,0.769,309.55,10.666,27.543,1008.456,84.997,1.612,17.198,0,none,0.585,0.598,0.605,0.295,LOW,SYNTHETIC_DEMO_DATA
473,Kerala Coast,10.12953,76.37053,2025-02-27 07:29:39,28.2,0.65,34.088,1.926,0.717,80.19,13.869,26.833,1011.233,72.664,1.922,15.005,0,none,0.511,0.683,0.63,0.441,MEDIUM,SYNTHETIC_DEMO_DATA
474,Kerala Coast,10.08769,76.1509,2025-02-27 10:24:30,27.701,0.151,32.789,1.939,0.526,278.23,13.539,25.832,1020.409,72.165,2.346,15.711,0,none,0.677,0.678,0.781,0.31,MEDIUM,SYNTHETIC_DEMO_DATA
475,Gujarat Coast,22.55146,69.67532,2025-02-27 13:19:21,27.816,1.066,36.641,1.517,1.197,186.63,12.546,1.108,1014.952,65.555,0.548,3.158,1,anticyclonic,0.416,0.732,0.684,0.421,MEDIUM,SYNTHETIC_DEMO_DATA
476,Goa Coast,15.59797,73.9772,2025-02-27 16:14:12,27.199,-0.251,34.268,1.882,0.415,65.41,15.66,6.067,1023.184,71.04,1.099,6.875,0,none,0.458,0.693,0.642,0.221,LOW,SYNTHETIC_DEMO_DATA
477,Andaman & Nicobar,11.85403,92.69773,2025-02-27 19:09:03,28.61,0.36,31.072,2.769,0.717,184.73,13.058,14.873,1016.881,75.216,1.355,12.189,1,anticyclonic,0.387,0.697,0.557,0.394,MEDIUM,SYNTHETIC_DEMO_DATA
478,Sundarbans,22.10859,89.30782,2025-02-27 22:03:54,28.406,0.956,23.039,1.607,0.518,61.86,8.037,4.107,1022.786,100.0,0.507,3.649,0,none,0.317,0.627,0.644,0.371,MEDIUM,SYNTHETIC_DEMO_DATA
479,Gujarat Coast,22.16585,69.47591,2025-02-28 00:58:45,27.279,0.529,34.448,1.449,1.186,38.71,9.479,0.0,1003.35,78.932,0.954,6.204,1,cyclonic,0.378,0.632,0.692,0.345,MEDIUM,SYNTHETIC_DEMO_DATA
480,Odisha Coast,19.80166,85.56618,2025-02-28 03:53:36,28.07,-0.18,27.865,1.607,0.563,145.83,17.332,24.945,1001.651,74.627,1.778,11.207,0,none,0.542,0.576,0.765,0.302,MEDIUM,SYNTHETIC_DEMO_DATA
481,Visakhapatnam,17.77487,83.60722,2025-02-28 06:48:27,27.772,0.022,31.971,0.293,0.576,269.28,1.0,1.402,1003.46,78.183,0.798,5.912,0,none,0.358,0.717,0.762,0.144,LOW,SYNTHETIC_DEMO_DATA
482,Andaman & Nicobar,11.72556,92.45337,2025-02-28 09:43:18,27.915,-0.335,32.71,1.496,0.993,188.4,10.027,8.157,1027.869,57.853,1.451,7.472,1,anticyclonic,0.425,0.689,0.711,0.268,LOW,SYNTHETIC_DEMO_DATA
483,Visakhapatnam,17.52053,83.40732,2025-02-28 12:38:10,26.235,-1.515,32.319,1.563,0.8,119.61,11.776,9.653,1001.059,75.161,1.806,10.221,1,cyclonic,0.42,0.499,0.596,0.519,MEDIUM,SYNTHETIC_DEMO_DATA
484,Goa Coast,15.53407,73.78027,2025-02-28 15:33:01,27.869,0.419,31.744,2.219,0.595,240.05,20.104,7.23,1002.623,82.044,1.132,8.025,0,none,0.405,0.717,0.654,0.241,LOW,SYNTHETIC_DEMO_DATA
485,Kerala Coast,10.31254,75.88666,2025-02-28 18:27:52,26.761,-0.789,33.131,0.336,0.588,274.93,5.942,22.229,1006.982,69.9,2.104,9.095,0,none,0.524,0.659,0.745,0.422,MEDIUM,SYNTHETIC_DEMO_DATA
486,Visakhapatnam,17.83913,83.4376,2025-02-28 21:22:43,27.865,0.115,32.834,1.254,0.786,171.67,13.244,21.731,1022.823,86.942,1.63,9.132,0,none,0.533,0.75,0.671,0.243,LOW,SYNTHETIC_DEMO_DATA
487,Chennai Coast,13.06215,80.35822,2025-03-01 00:17:34,28.562,-0.638,33.345,1.354,0.554,217.61,11.108,0.0,1020.778,83.642,1.096,4.988,0,none,0.342,0.736,0.635,0.259,LOW,SYNTHETIC_DEMO_DATA
488,Mumbai Coast,18.7808,72.5925,2025-03-01 03:12:25,29.066,1.066,31.463,1.946,0.804,156.98,11.324,21.233,1010.74,92.604,1.103,13.61,0,none,0.397,0.541,0.461,0.462,MEDIUM,SYNTHETIC_DEMO_DATA
489,Goa Coast,15.39345,73.56498,2025-03-01 06:07:16,28.548,0.348,33.066,1.976,0.586,319.02,18.384,18.214,1010.324,72.886,1.621,13.201,1,cyclonic,0.556,0.702,0.863,0.268,LOW,SYNTHETIC_DEMO_DATA
490,Gujarat Coast,22.36469,70.16584,2025-03-01 09:02:07,26.573,-0.927,36.185,1.584,0.682,216.22,11.662,6.553,1003.58,91.977,1.153,11.051,1,cyclonic,0.425,0.687,0.648,0.35,MEDIUM,SYNTHETIC_DEMO_DATA
491,Lakshadweep,10.70907,72.61988,2025-03-01 11:56:58,27.408,-1.092,34.389,1.786,1.008,359.19,11.455,5.368,998.69,75.648,1.546,10.882,1,cyclonic,0.316,0.598,0.534,0.48,MEDIUM,SYNTHETIC_DEMO_DATA
492,Andaman & Nicobar,11.6041,92.47987,2025-03-01 14:51:49,29.094,0.094,32.352,1.543,0.304,54.63,8.57,15.869,1010.799,87.799,1.794,10.982,0,none,0.591,0.721,0.749,0.181,LOW,SYNTHETIC_DEMO_DATA
493,Goa Coast,15.58235,73.7547,2025-03-01 17:46:40,26.969,-1.231,31.035,2.575,0.789,61.83,22.087,25.18,1016.977,96.791,2.13,11.358,1,anticyclonic,0.607,0.566,0.6,0.575,MEDIUM,SYNTHETIC_DEMO_DATA
494,Gujarat Coast,22.2296,69.50901,2025-03-01 20:41:31,27.098,-0.402,35.391,2.694,0.584,334.94,17.868,13.858,1004.108,72.327,2.254,11.249,1,anticyclonic,0.591,0.686,0.568,0.376,MEDIUM,SYNTHETIC_DEMO_DATA
495,Visakhapatnam,17.63874,82.90154,2025-03-01 23:36:22,28.578,0.078,32.636,0.82,0.495,270.51,1.664,7.416,1008.625,76.777,0.813,6.94,0,none,0.355,0.897,0.725,0.135,LOW,SYNTHETIC_DEMO_DATA
496,Kerala Coast,9.84552,76.07581,2025-03-02 02:31:13,27.512,-0.788,30.824,1.309,0.934,185.7,8.569,25.487,1005.417,71.913,2.225,17.85,1,cyclonic,0.605,0.65,0.717,0.424,MEDIUM,SYNTHETIC_DEMO_DATA
497,Odisha Coast,19.69034,85.94754,2025-03-02 05:26:04,29.453,0.453,28.291,2.077,0.638,80.25,14.667,8.47,1014.633,71.845,1.022,9.114,0,none,0.367,0.597,0.701,0.354,MEDIUM,SYNTHETIC_DEMO_DATA
498,Chennai Coast,13.20679,80.27395,2025-03-02 08:20:55,30.076,0.876,33.654,1.599,0.694,150.34,13.16,8.274,1014.029,79.167,0.424,4.009,0,none,0.233,0.613,0.616,0.341,MEDIUM,SYNTHETIC_DEMO_DATA
499,Lakshadweep,10.63111,72.38143,2025-03-02 11:15:46,29.132,0.632,34.499,1.497,0.796,236.39,10.494,0.0,1010.837,58.489,0.631,7.353,1,cyclonic,0.318,0.538,0.565,0.354,MEDIUM,SYNTHETIC_DEMO_DATA
500,Kerala Coast,9.77844,75.9795,2025-03-02 14:10:38,28.536,0.236,32.56,0.566,0.394,52.23,8.841,27.723,1018.981,79.272,1.315,15.676,0,none,0.539,0.697,0.734,0.308,MEDIUM,SYNTHETIC_DEMO_DATA
501,Odisha Coast,19.9118,86.00208,2025-03-02 17:05:29,29.721,0.721,30.793,3.221,0.98,309.14,26.116,12.197,1001.274,68.716,1.472,15.376,1,anticyclonic,0.413,0.665,0.635,0.467,MEDIUM,SYNTHETIC_DEMO_DATA
502,Gujarat Coast,22.08821,69.58861,2025-03-02 20:00:20,26.479,-1.021,35.951,2.917,1.207,161.38,14.477,3.559,1019.63,74.695,0.05,7.674,0,none,0.258,0.545,0.589,0.463,MEDIUM,SYNTHETIC_DEMO_DATA
503,Lakshadweep,10.34031,72.87774,2025-03-02 22:55:11,28.056,-0.444,33.936,2.11,0.584,357.92,7.325,7.552,1020.391,55.346,1.261,6.068,0,none,0.526,0.728,0.651,0.308,MEDIUM,SYNTHETIC_DEMO_DATA
504,Andaman & Nicobar,11.66629,92.52837,2025-03-03 01:50:02,29.585,0.585,32.001,0.773,0.288,280.8,5.739,10.663,1007.427,71.869,1.074,8.602,0,none,0.522,0.625,0.687,0.304,MEDIUM,SYNTHETIC_DEMO_DATA
505,Visakhapatnam,17.53478,83.21687,2025-03-03 04:44:53,28.944,0.444,31.691,1.193,1.055,134.87,5.444,7.696,1012.732,74.303,1.63,8.261,0,none,0.413,0.698,0.634,0.198,LOW,SYNTHETIC_DEMO_DATA
506,Kerala Coast,9.8611,76.41452,2025-03-03 07:39:44,28.724,0.424,32.755,1.99,1.185,328.11,14.015,22.304,1011.946,82.43,1.769,13.595,1,cyclonic,0.555,0.652,0.663,0.344,MEDIUM,SYNTHETIC_DEMO_DATA
507,Mumbai Coast,18.9716,72.93684,2025-03-03 10:34:35,27.205,-0.795,34.663,0.387,0.931,181.42,1.958,15.305,1015.499,77.268,1.282,3.919,1,anticyclonic,0.445,0.627,0.546,0.429,MEDIUM,SYNTHETIC_DEMO_DATA
508,Visakhapatnam,17.64113,83.07361,2025-03-03 13:29:26,28.033,-0.467,32.869,1.741,0.582,315.35,15.854,0.0,1001.613,73.608,0.652,6.491,0,none,0.182,0.622,0.607,0.237,LOW,SYNTHETIC_DEMO_DATA
509,Visakhapatnam,17.7422,83.11095,2025-03-03 16:24:17,27.32,-1.18,34.212,2.276,1.139,248.03,18.621,0.0,1019.361,48.812,0.587,6.983,1,anticyclonic,0.413,0.641,0.55,0.473,MEDIUM,SYNTHETIC_DEMO_DATA
510,Visakhapatnam,18.1383,83.17648,2025-03-03 19:19:08,28.5,-0.0,32.932,2.215,0.312,231.58,9.841,12.403,1011.691,57.014,1.371,12.742,1,anticyclonic,0.303,0.624,0.635,0.276,LOW,SYNTHETIC_DEMO_DATA
511,Lakshadweep,10.41247,72.54408,2025-03-03 22:13:59,28.569,0.069,36.062,1.803,0.588,183.35,11.759,4.382,1007.421,60.354,0.824,1.818,1,cyclonic,0.294,0.677,0.83,0.227,LOW,SYNTHETIC_DEMO_DATA
512,Goa Coast,15.30437,73.72638,2025-03-04 01:08:50,28.629,0.429,32.881,2.622,0.781,169.67,16.048,8.059,1012.519,75.128,1.619,8.172,0,none,0.402,0.614,0.736,0.245,LOW,SYNTHETIC_DEMO_DATA
513,Andaman & Nicobar,11.90451,92.73033,2025-03-04 04:03:41,30.51,1.51,32.205,1.935,0.753,226.28,11.643,7.011,1007.049,77.941,0.836,7.438,1,cyclonic,0.45,0.59,0.553,0.545,MEDIUM,SYNTHETIC_DEMO_DATA
514,Andaman & Nicobar,11.37278,92.91456,2025-03-04 06:58:32,30.051,1.051,34.88,1.798,0.824,226.46,13.058,6.958,1006.739,62.664,0.566,12.329,1,cyclonic,0.153,0.505,0.695,0.401,MEDIUM,SYNTHETIC_DEMO_DATA
515,Lakshadweep,10.72815,72.87973,2025-03-04 09:53:23,29.226,0.726,34.678,1.963,0.781,313.65,12.602,7.898,997.638,65.381,1.711,7.2,0,none,0.363,0.654,0.628,0.316,MEDIUM,SYNTHETIC_DEMO_DATA
516,Odisha Coast,20.06448,85.90576,2025-03-04 12:48:14,28.969,-0.031,29.039,1.143,1.007,246.16,8.649,24.763,1003.436,78.384,1.928,17.27,1,anticyclonic,0.596,0.881,0.72,0.314,MEDIUM,SYNTHETIC_DEMO_DATA
517,Andaman & Nicobar,11.87865,92.72141,2025-03-04 15:43:06,29.198,0.198,32.005,1.889,1.068,120.52,14.737,15.492,1016.867,59.647,1.635,7.704,1,anticyclonic,0.564,0.753,0.769,0.222,LOW,SYNTHETIC_DEMO_DATA
518,Sundarbans,21.67312,88.94284,2025-03-04 18:37:57,28.348,0.148,21.395,1.343,0.842,153.77,5.638,15.822,1013.191,70.406,1.552,10.674,0,none,0.496,0.762,0.628,0.28,LOW,SYNTHETIC_DEMO_DATA
519,Kerala Coast,9.71169,76.41892,2025-03-04 21:32:48,27.557,-0.743,34.85,1.694,0.915,149.98,7.357,8.759,1015.574,66.637,1.105,7.37,1,cyclonic,0.37,0.687,0.737,0.382,MEDIUM,SYNTHETIC_DEMO_DATA
520,Mumbai Coast,19.30886,72.6789,2025-03-05 00:27:39,26.584,-1.416,33.306,1.576,0.62,52.5,15.573,2.296,1005.642,69.29,1.433,6.897,0,none,0.453,0.603,0.577,0.453,MEDIUM,SYNTHETIC_DEMO_DATA
521,Chennai Coast,13.12091,80.13162,2025-03-05 03:22:30,29.151,-0.049,32.366,1.71,0.649,124.26,17.92,5.541,1005.925,61.027,1.181,7.993,0,none,0.403,0.661,0.749,0.203,LOW,SYNTHETIC_DEMO_DATA
522,Odisha Coast,19.6081,85.89637,2025-03-05 06:17:21,29.684,0.684,27.8,1.88,0.574,233.65,10.86,24.577,1003.093,76.013,1.553,12.494,0,none,0.567,0.812,0.698,0.314,MEDIUM,SYNTHETIC_DEMO_DATA
523,Odisha Coast,19.56368,85.67967,2025-03-05 09:12:12,28.351,-0.649,29.47,2.576,0.546,146.24,13.13,16.263,1000.525,65.593,1.624,8.435,0,none,0.465,0.604,0.689,0.474,MEDIUM,SYNTHETIC_DEMO_DATA
524,Andaman & Nicobar,11.85017,92.6414,2025-03-05 12:07:03,28.627,-0.373,34.022,1.183,0.903,117.34,5.283,8.68,1017.175,82.322,0.836,7.229,0,none,0.336,0.703,0.62,0.264,LOW,SYNTHETIC_DEMO_DATA
525,Chennai Coast,13.14259,80.02958,2025-03-05 15:01:54,29.144,-0.056,36.3,1.964,0.872,280.68,16.657,5.208,1001.511,60.451,1.109,6.348,1,anticyclonic,0.254,0.681,0.794,0.229,LOW,SYNTHETIC_DEMO_DATA
526,Chennai Coast,13.2981,80.38607,2025-03-05 17:56:45,28.986,-0.214,33.849,2.098,0.887,331.45,8.86,6.524,1007.588,55.985,0.922,3.748,0,none,0.418,0.704,0.794,0.15,LOW,SYNTHETIC_DEMO_DATA
527,Lakshadweep,10.89084,72.4175,2025-03-05 20:51:36,28.704,0.204,34.832,2.028,1.103,57.62,10.639,14.35,1009.925,72.694,1.602,14.583,1,cyclonic,0.496,0.736,0.685,0.288,LOW,SYNTHETIC_DEMO_DATA
528,Odisha Coast,19.99307,85.82533,2025-03-05 23:46:27,28.101,-0.899,30.096,2.338,0.583,286.91,20.391,0.0,1009.619,62.121,1.683,7.771,0,none,0.388,0.634,0.664,0.371,MEDIUM,SYNTHETIC_DEMO_DATA
529,Lakshadweep,10.48485,72.81091,2025-03-06 02:41:18,27.347,-1.153,34.254,1.9,0.677,54.86,12.337,16.722,1001.101,72.633,1.641,12.376,1,cyclonic,0.531,0.744,0.571,0.458,MEDIUM,SYNTHETIC_DEMO_DATA
530,Lakshadweep,10.74563,72.60067,2025-03-06 05:36:09,30.388,1.888,33.402,3.064,0.995,85.17,18.011,17.187,1021.668,81.798,1.823,11.377,0,none,0.505,0.371,0.493,0.574,MEDIUM,SYNTHETIC_DEMO_DATA
531,Mumbai Coast,18.90645,73.40473,2025-03-06 08:31:00,27.73,-0.27,33.177,1.229,0.375,112.7,4.803,30.742,1013.987,89.273,2.055,15.767,0,none,0.602,0.781,0.678,0.334,MEDIUM,SYNTHETIC_DEMO_DATA
532,Odisha Coast,19.68084,85.86862,2025-03-06 11:25:51,27.648,-1.352,31.95,2.076,0.892,27.72,14.94,12.166,1004.774,98.17,1.175,12.195,1,anticyclonic,0.598,0.646,0.544,0.515,MEDIUM,SYNTHETIC_DEMO_DATA
533,Odisha Coast,19.77534,85.43894,2025-03-06 14:20:42,28.825,-0.175,29.153,1.548,0.816,94.47,10.685,11.678,1002.47,83.894,1.303,7.617,1,anticyclonic,0.416,0.752,0.765,0.276,LOW,SYNTHETIC_DEMO_DATA
534,Visakhapatnam,17.82535,83.02401,2025-03-06 17:15:34,28.28,-0.22,35.333,1.567,1.287,20.18,10.744,0.408,1023.948,74.061,0.754,2.903,0,none,0.536,0.776,0.792,0.152,LOW,SYNTHETIC_DEMO_DATA
535,Mumbai Coast,18.83447,73.02511,2025-03-06 20:10:25,27.7,-0.3,34.82,1.275,1.038,170.69,6.286,3.593,1009.734,89.111,0.995,7.852,0,none,0.369,0.673,0.634,0.21,LOW,SYNTHETIC_DEMO_DATA
536,Odisha Coast,19.70392,85.85599,2025-03-06 23:05:16,29.819,0.819,30.899,1.601,0.791,163.08,10.35,8.945,996.198,69.788,2.083,12.434,1,anticyclonic,0.403,0.562,0.602,0.534,MEDIUM,SYNTHETIC_DEMO_DATA
537,Kerala Coast,9.87377,76.09807,2025-03-07 02:00:07,26.799,-1.501,32.205,2.895,0.967,2.25,17.7,12.812,1018.953,69.377,2.241,15.28,1,cyclonic,0.492,0.539,0.423,0.557,MEDIUM,SYNTHETIC_DEMO_DATA
538,Odisha Coast,19.47547,86.04687,2025-03-07 04:54:58,28.708,-0.292,28.495,3.107,1.156,26.32,21.75,2.509,1005.956,93.475,0.679,6.659,1,anticyclonic,0.185,0.594,0.743,0.336,MEDIUM,SYNTHETIC_DEMO_DATA
539,Mumbai Coast,18.88451,72.63384,2025-03-07 07:49:49,28.038,0.038,34.188,2.158,0.67,225.13,19.045,12.12,1001.912,83.68,1.442,9.226,1,cyclonic,0.477,0.576,0.819,0.257,LOW,SYNTHETIC_DEMO_DATA
540,Sundarbans,22.35239,89.47418,2025-03-07 10:44:40,28.741,0.541,22.638,2.418,0.79,310.48,15.61,13.958,1006.132,75.522,0.831,9.846,0,none,0.397,0.668,0.628,0.365,MEDIUM,SYNTHETIC_DEMO_DATA
541,Goa Coast,15.33258,73.92423,2025-03-07 13:39:31,27.033,-1.167,31.584,3.035,1.171,122.81,14.175,11.221,1013.818,69.695,1.262,7.942,1,anticyclonic,0.538,0.703,0.548,0.451,MEDIUM,SYNTHETIC_DEMO_DATA
542,Sundarbans,22.09982,89.06581,2025-03-07 16:34:22,27.677,-0.523,20.407,1.564,0.338,229.74,14.009,18.637,1013.637,79.709,1.181,14.245,0,none,0.314,0.598,0.748,0.39,MEDIUM,SYNTHETIC_DEMO_DATA
543,Odisha Coast,19.44591,85.96167,2025-03-07 19:29:13,28.57,-0.43,30.053,1.893,0.689,347.01,15.457,9.018,1005.758,73.618,1.345,10.238,0,none,0.415,0.683,0.732,0.321,MEDIUM,SYNTHETIC_DEMO_DATA
544,Odisha Coast,20.05304,85.77134,2025-03-07 22:24:04,29.993,0.993,30.202,1.68,0.574,226.46,12.615,23.275,1014.199,82.662,1.325,11.76,1,cyclonic,0.658,0.616,0.759,0.477,MEDIUM,SYNTHETIC_DEMO_DATA
545,Andaman & Nicobar,11.73005,92.35988,2025-03-08 01:18:55,28.081,-0.919,31.15,2.333,1.086,214.57,21.461,14.037,1023.338,78.8,1.364,11.978,1,anticyclonic,0.494,0.565,0.573,0.406,MEDIUM,SYNTHETIC_DEMO_DATA
546,Sundarbans,22.23335,89.56287,2025-03-08 04:13:46,27.76,-0.44,20.938,1.804,0.639,141.03,10.659,18.918,1005.688,76.751,1.462,11.437,0,none,0.349,0.773,0.673,0.363,MEDIUM,SYNTHETIC_DEMO_DATA
547,Kerala Coast,10.07502,76.12839,2025-03-08 07:08:37,27.833,-0.467,34.295,0.487,0.578,127.67,6.839,12.685,1009.009,83.562,1.036,8.833,0,none,0.336,0.737,0.634,0.266,LOW,SYNTHETIC_DEMO_DATA
548,Mumbai Coast,18.48364,72.49383,2025-03-08 10:03:28,27.977,-0.023,31.739,1.356,0.678,107.47,15.086,26.52,999.499,71.063,2.249,16.572,0,none,0.586,0.721,0.692,0.221,LOW,SYNTHETIC_DEMO_DATA
549,Mumbai Coast,18.34644,73.05237,2025-03-08 12:58:19,27.665,-0.335,32.596,1.3,0.515,122.01,4.579,19.64,1014.214,71.542,1.627,14.253,0,none,0.458,0.636,0.691,0.238,LOW,SYNTHETIC_DEMO_DATA
550,Gujarat Coast,22.34422,69.44886,2025-03-08 15:53:10,27.417,-0.083,33.995,2.013,0.172,86.42,14.733,11.844,1014.369,55.677,1.576,12.886,0,none,0.38,0.701,0.677,0.317,MEDIUM,SYNTHETIC_DEMO_DATA
551,Andaman & Nicobar,11.70305,92.67174,2025-03-08 18:48:02,28.611,-0.389,33.248,2.148,0.794,223.26,10.197,2.892,1013.185,68.25,1.424,7.79,1,anticyclonic,0.391,0.721,0.751,0.269,LOW,SYNTHETIC_DEMO_DATA
552,Chennai Coast,13.25534,80.15733,2025-03-08 21:42:53,29.771,0.571,32.223,2.307,0.84,354.14,17.079,14.083,1016.293,77.131,1.041,12.165,1,anticyclonic,0.431,0.657,0.594,0.397,MEDIUM,SYNTHETIC_DEMO_DATA
553,Andaman & Nicobar,11.58717,93.11759,2025-03-09 00:37:44,28.673,-0.327,30.707,1.552,0.624,305.23,6.144,13.124,1003.075,89.052,1.533,11.67,0,none,0.403,0.651,0.839,0.286,LOW,SYNTHETIC_DEMO_DATA
554,Chennai Coast,13.33774,80.11118,2025-03-09 03:32:35,29.005,-0.195,33.787,1.678,0.318,136.42,7.857,1.58,1005.606,90.307,0.733,2.754,0,none,0.349,0.724,0.73,0.208,LOW,SYNTHETIC_DEMO_DATA
555,Lakshadweep,10.39628,72.77632,2025-03-09 06:27:26,29.997,1.497,34.607,1.162,0.938,8.75,9.582,6.35,1005.134,70.691,0.93,8.082,0,none,0.487,0.506,0.55,0.506,MEDIUM,SYNTHETIC_DEMO_DATA
556,Mumbai Coast,18.98363,73.27429,2025-03-09 09:22:17,26.69,-1.31,32.803,2.18,0.357,62.73,13.285,14.847,1026.053,57.545,2.2,12.107,0,none,0.653,0.677,0.553,0.428,MEDIUM,SYNTHETIC_DEMO_DATA
557,Goa Coast,15.37613,73.82199,2025-03-09 12:17:08,28.638,0.438,35.282,0.884,0.467,123.49,1.324,13.4,1009.172,75.693,1.101,10.566,0,none,0.304,0.684,0.755,0.282,LOW,SYNTHETIC_DEMO_DATA
558,Andaman & Nicobar,11.32072,92.48927,2025-03-09 15:11:59,28.759,-0.241,33.773,2.067,0.79,106.11,14.617,3.759,1015.006,40.565,0.943,4.422,1,cyclonic,0.419,0.72,0.813,0.209,LOW,SYNTHETIC_DEMO_DATA
559,Goa Coast,15.2012,73.92541,2025-03-09 18:06:50,28.768,0.568,33.004,1.676,1.003,75.13,14.485,13.011,1000.844,96.742,1.369,15.945,0,none,0.578,0.615,0.645,0.351,MEDIUM,SYNTHETIC_DEMO_DATA
560,Andaman & Nicobar,11.87242,92.88015,2025-03-09 21:01:41,29.458,0.458,32.232,1.89,0.766,314.12,12.424,10.1,1021.179,66.062,1.296,8.374,0,none,0.511,0.722,0.642,0.232,LOW,SYNTHETIC_DEMO_DATA
561,Mumbai Coast,19.34476,72.61802,2025-03-09 23:56:32,27.372,-0.628,32.949,1.694,1.067,45.89,13.805,17.911,1008.077,64.451,1.557,10.616,1,cyclonic,0.394,0.737,0.65,0.364,MEDIUM,SYNTHETIC_DEMO_DATA
562,Sundarbans,21.8114,88.93443,2025-03-10 02:51:23,26.961,-1.239,20.676,1.302,0.629,94.2,8.186,4.667,1016.328,61.631,1.576,9.197,1,anticyclonic,0.362,0.636,0.551,0.55,MEDIUM,SYNTHETIC_DEMO_DATA
563,Kerala Coast,9.97142,76.58584,2025-03-10 05:46:14,28.056,-0.244,30.976,2.773,0.975,95.85,17.305,28.342,1006.438,77.916,1.862,19.258,0,none,0.476,0.652,0.667,0.35,MEDIUM,SYNTHETIC_DEMO_DATA
564,Odisha Coast,19.98968,85.94617,2025-03-10 08:41:05,30.25,1.25,27.847,1.303,0.385,285.85,8.046,19.399,1012.802,58.783,1.413,11.789,1,cyclonic,0.478,0.695,0.641,0.461,MEDIUM,SYNTHETIC_DEMO_DATA
565,Andaman & Nicobar,11.60387,92.75496,2025-03-10 11:35:56,30.043,1.043,32.794,0.911,0.563,237.36,6.748,16.827,1016.647,65.516,1.438,11.099,0,none,0.522,0.655,0.618,0.376,MEDIUM,SYNTHETIC_DEMO_DATA
566,Visakhapatnam,17.56622,83.2568,2025-03-10 14:30:47,26.212,-2.288,33.367,2.584,0.643,80.2,17.873,28.308,1007.428,72.797,2.024,13.164,0,none,0.601,0.596,0.482,0.684,HIGH,SYNTHETIC_DEMO_DATA
567,Visakhapatnam,17.27206,82.97313,2025-03-10 17:25:38,28.011,-0.489,30.9,2.568,0.641,357.29,17.398,5.085,1026.637,71.3,1.775,6.019,1,cyclonic,0.471,0.757,0.687,0.331,MEDIUM,SYNTHETIC_DEMO_DATA
568,Visakhapatnam,17.85319,83.33927,2025-03-10 20:20:30,26.999,-1.501,33.31,1.217,0.387,146.29,6.125,7.868,1010.756,76.08,1.807,6.709,0,none,0.461,0.438,0.623,0.442,MEDIUM,SYNTHETIC_DEMO_DATA
569,Gujarat Coast,22.23288,69.38941,2025-03-10 23:15:21,28.882,1.382,33.266,1.842,0.29,199.92,17.326,5.582,1019.015,92.43,0.889,6.3,1,anticyclonic,0.266,0.553,0.657,0.509,MEDIUM,SYNTHETIC_DEMO_DATA
570,Mumbai Coast,18.79167,72.39036,2025-03-11 02:10:12,26.849,-1.151,32.115,1.365,0.416,53.61,8.32,24.621,1000.851,57.571,2.548,13.0,1,anticyclonic,0.642,0.561,0.605,0.519,MEDIUM,SYNTHETIC_DEMO_DATA
571,Lakshadweep,10.5893,72.91689,2025-03-11 05:05:03,28.932,0.432,36.48,0.73,0.885,313.4,7.789,0.0,1023.8,82.944,1.735,3.288,1,cyclonic,0.366,0.778,0.753,0.204,LOW,SYNTHETIC_DEMO_DATA
572,Kerala Coast,10.23049,76.45789,2025-03-11 07:59:54,28.032,-0.268,33.575,1.339,0.159,188.99,11.24,13.377,1015.065,70.973,0.864,5.058,0,none,0.437,0.695,0.713,0.202,LOW,SYNTHETIC_DEMO_DATA
573,Visakhapatnam,17.55883,83.29529,2025-03-11 10:54:45,27.018,-1.482,32.213,2.116,0.562,215.39,16.113,7.583,1019.114,70.869,2.047,8.762,0,none,0.388,0.663,0.62,0.477,MEDIUM,SYNTHETIC_DEMO_DATA
574,Sundarbans,22.22196,89.09453,2025-03-11 13:49:36,28.564,0.364,20.523,2.864,0.895,164.22,20.549,15.581,1015.815,49.265,1.604,12.591,0,none,0.608,0.748,0.693,0.386,MEDIUM,SYNTHETIC_DEMO_DATA
575,Sundarbans,22.39855,89.36301,2025-03-11 16:44:27,29.932,1.732,20.119,2.379,0.737,213.95,14.163,19.65,1012.476,77.135,1.424,12.106,1,anticyclonic,0.409,0.648,0.587,0.689,HIGH,SYNTHETIC_DEMO_DATA
576,Chennai Coast,13.12739,80.26285,2025-03-11 19:39:18,28.031,-1.169,33.522,1.366,0.658,62.17,9.113,12.628,1012.03,73.049,1.163,12.695,1,cyclonic,0.382,0.562,0.613,0.479,MEDIUM,SYNTHETIC_DEMO_DATA
577,Lakshadweep,10.35863,72.89883,2025-03-11 22:34:09,28.375,-0.125,34.652,1.365,0.855,94.51,7.494,15.555,1020.548,79.812,0.712,9.5,1,anticyclonic,0.461,0.753,0.7,0.269,LOW,SYNTHETIC_DEMO_DATA
578,Mumbai Coast,18.99097,72.85273,2025-03-12 01:29:00,27.01,-0.99,34.577,2.334,0.649,133.9,20.418,15.895,1005.022,72.102,1.544,12.121,0,none,0.52,0.464,0.67,0.488,MEDIUM,SYNTHETIC_DEMO_DATA
579,Andaman & Nicobar,11.70716,92.9199,2025-03-12 04:23:51,28.936,-0.064,34.359,2.687,0.656,328.69,19.996,13.806,1007.246,47.073,1.493,13.659,1,cyclonic,0.529,0.665,0.684,0.305,MEDIUM,SYNTHETIC_DEMO_DATA
580,Odisha Coast,19.84896,85.89761,2025-03-12 07:18:42,29.289,0.289,29.913,1.868,0.683,281.03,15.28,1.912,1014.145,71.711,1.485,11.954,0,none,0.373,0.669,0.744,0.214,LOW,SYNTHETIC_DEMO_DATA
581,Sundarbans,21.90259,89.06533,2025-03-12 10:13:33,29.052,0.852,21.38,1.961,0.785,124.04,13.85,19.641,1009.811,75.426,1.465,12.968,0,none,0.457,0.619,0.577,0.466,MEDIUM,SYNTHETIC_DEMO_DATA
582,Andaman & Nicobar,11.6263,92.4771,2025-03-12 13:08:24,27.476,-1.524,30.285,2.19,1.043,119.27,18.847,18.901,1001.631,79.65,1.564,10.837,1,anticyclonic,0.66,0.598,0.576,0.508,MEDIUM,SYNTHETIC_DEMO_DATA
583,Odisha Coast,19.90799,86.07699,2025-03-12 16:03:15,29.78,0.78,28.974,1.372,0.953,117.74,8.189,28.309,1018.542,85.673,2.135,18.805,1,anticyclonic,0.574,0.552,0.658,0.428,MEDIUM,SYNTHETIC_DEMO_DATA
584,Sundarbans,21.84974,89.08759,2025-03-12 18:58:06,28.923,0.723,21.638,1.495,0.301,140.24,8.959,27.638,1013.408,81.258,2.005,14.698,1,anticyclonic,0.59,0.593,0.602,0.547,MEDIUM,SYNTHETIC_DEMO_DATA
585,Kerala Coast,10.06288,76.47969,2025-03-12 21:52:57,28.161,-0.139,33.029,1.343,0.519,94.0,8.556,11.667,1005.615,77.13,0.878,11.893,0,none,0.382,0.642,0.765,0.208,LOW,SYNTHETIC_DEMO_DATA
586,Lakshadweep,10.56546,72.43203,2025-03-13 00:47:49,29.392,0.892,37.225,1.744,0.992,98.94,11.24,0.0,1001.893,71.86,0.18,4.391,1,anticyclonic,0.311,0.543,0.67,0.442,MEDIUM,SYNTHETIC_DEMO_DATA
587,Gujarat Coast,22.60713,69.49746,2025-03-13 03:42:40,28.092,0.592,33.969,1.986,0.705,135.99,12.501,0.0,1010.676,86.397,1.334,6.122,0,none,0.379,0.625,0.562,0.34,MEDIUM,SYNTHETIC_DEMO_DATA
588,Sundarbans,22.31895,88.83759,2025-03-13 06:37:31,27.06,-1.14,19.455,2.221,0.515,109.72,11.719,17.808,1012.877,64.899,1.48,16.901,0,none,0.568,0.504,0.519,0.55,MEDIUM,SYNTHETIC_DEMO_DATA
589,Andaman & Nicobar,12.1258,92.5077,2025-03-13 09:32:22,28.323,-0.677,31.859,2.044,1.068,186.33,14.098,10.051,1016.153,82.676,0.913,9.154,1,anticyclonic,0.478,0.668,0.668,0.291,LOW,SYNTHETIC_DEMO_DATA
590,Andaman & Nicobar,11.30985,92.91038,2025-03-13 12:27:13,29.85,0.85,34.357,1.655,0.901,142.19,13.032,14.624,1000.838,64.819,2.077,10.381,0,none,0.561,0.662,0.738,0.332,MEDIUM,SYNTHETIC_DEMO_DATA
591,Andaman & Nicobar,11.72071,92.93589,2025-03-13 15:22:04,29.17,0.17,31.758,2.534,0.842,332.99,18.01,23.994,980.0,83.281,2.31,13.889,0,none,0.641,0.83,0.782,0.212,LOW,SYNTHETIC_DEMO_DATA
592,Lakshadweep,10.76806,72.67481,2025-03-13 18:16:55,26.818,-1.682,34.598,2.03,1.222,8.4,17.489,23.335,1005.128,100.0,1.62,12.282,1,cyclonic,0.469,0.571,0.549,0.528,MEDIUM,SYNTHETIC_DEMO_DATA
593,Visakhapatnam,17.35835,83.28219,2025-03-13 21:11:46,29.298,0.798,36.103,3.194,0.37,350.81,15.651,12.255,1015.429,93.936,1.538,10.149,1,cyclonic,0.443,0.585,0.6,0.414,MEDIUM,SYNTHETIC_DEMO_DATA
594,Lakshadweep,10.7387,72.54265,2025-03-14 00:06:37,27.764,-0.736,33.352,2.143,0.858,267.77,14.851,5.688,1009.955,86.823,1.906,11.132,0,none,0.278,0.688,0.563,0.363,MEDIUM,SYNTHETIC_DEMO_DATA
595,Chennai Coast,12.88774,80.2563,2025-03-14 03:01:28,30.888,1.688,33.511,2.206,0.354,197.48,10.931,0.519,1026.598,70.835,1.397,4.153,1,anticyclonic,0.311,0.617,0.61,0.511,MEDIUM,SYNTHETIC_DEMO_DATA
596,Andaman & Nicobar,11.6303,92.80328,2025-03-14 05:56:19,29.318,0.318,32.874,2.16,0.424,337.08,14.288,4.964,1014.583,69.946,1.287,10.018,0,none,0.316,0.648,0.746,0.236,LOW,SYNTHETIC_DEMO_DATA
597,Mumbai Coast,18.72041,72.98404,2025-03-14 08:51:10,28.138,0.138,33.453,2.087,0.769,238.33,13.414,3.927,1008.612,67.604,1.231,10.33,1,anticyclonic,0.505,0.768,0.701,0.213,LOW,SYNTHETIC_DEMO_DATA
598,Goa Coast,15.53134,74.04892,2025-03-14 11:46:01,27.959,-0.241,34.444,1.01,0.529,340.18,1.0,14.835,1017.774,86.887,1.266,6.143,1,cyclonic,0.556,0.84,0.79,0.159,LOW,SYNTHETIC_DEMO_DATA
599,Gujarat Coast,22.03281,69.63323,2025-03-14 14:40:52,27.934,0.434,36.949,1.575,1.377,148.98,9.51,4.726,1026.864,74.452,0.673,5.28,1,cyclonic,0.297,0.591,0.793,0.334,MEDIUM,SYNTHETIC_DEMO_DATA
600,Gujarat Coast,22.58208,69.58797,2025-03-14 17:35:43,26.553,-0.947,36.138,2.182,1.007,62.69,13.501,9.092,1006.28,72.543,1.767,8.482,1,anticyclonic,0.462,0.668,0.686,0.393,MEDIUM,SYNTHETIC_DEMO_DATA
601,Gujarat Coast,22.07461,69.34014,2025-03-14 20:30:34,27.424,-0.076,37.212,2.335,0.881,344.62,10.333,4.135,1000.184,74.826,1.097,8.304,0,none,0.343,0.681,0.782,0.25,LOW,SYNTHETIC_DEMO_DATA
602,Goa Coast,15.85512,73.96487,2025-03-14 23:25:25,27.64,-0.56,30.157,1.289,1.115,190.76,10.469,15.394,1002.469,69.01,1.564,9.703,0,none,0.586,0.692,0.559,0.29,LOW,SYNTHETIC_DEMO_DATA
603,Goa Coast,15.74585,73.88173,2025-03-15 02:20:17,27.37,-0.83,32.724,2.687,0.943,123.11,23.838,0.654,1001.917,69.248,0.577,6.124,1,anticyclonic,0.33,0.647,0.639,0.381,MEDIUM,SYNTHETIC_DEMO_DATA
604,Odisha Coast,19.78367,86.04405,2025-03-15 05:15:08,28.474,-0.526,29.777,2.015,0.646,347.05,12.898,32.828,1009.321,83.277,1.779,17.085,1,cyclonic,0.659,0.685,0.617,0.432,MEDIUM,SYNTHETIC_DEMO_DATA
605,Andaman & Nicobar,11.81266,92.75675,2025-03-15 08:09:59,30.984,1.984,33.095,1.345,0.764,221.66,11.546,16.411,1018.662,68.011,0.946,10.256,1,anticyclonic,0.286,0.366,0.517,0.615,HIGH,SYNTHETIC_DEMO_DATA
606,Mumbai Coast,18.81084,72.72105,2025-03-15 11:04:50,28.277,0.277,33.93,1.751,0.24,236.58,14.422,5.233,1005.129,66.879,0.921,7.76,1,anticyclonic,0.376,0.816,0.757,0.254,LOW,SYNTHETIC_DEMO_DATA
607,Chennai Coast,13.22766,80.27973,2025-03-15 13:59:41,30.152,0.952,34.003,2.234,0.335,308.8,18.482,7.362,1004.227,74.12,1.481,13.985,0,none,0.359,0.562,0.522,0.371,MEDIUM,SYNTHETIC_DEMO_DATA
608,Mumbai Coast,18.529,72.50047,2025-03-15 16:54:32,28.013,0.013,32.883,1.382,0.615,251.37,7.066,25.17,1014.266,89.772,2.479,18.349,0,none,0.624,0.768,0.58,0.196,LOW,SYNTHETIC_DEMO_DATA
609,Lakshadweep,10.83136,72.52818,2025-03-15 19:49:23,28.693,0.193,33.826,0.673,1.04,94.9,6.482,0.0,1015.124,62.129,0.656,3.943,0,none,0.407,0.67,0.747,0.179,LOW,SYNTHETIC_DEMO_DATA
610,Andaman & Nicobar,11.62999,92.64089,2025-03-15 22:44:14,29.249,0.249,32.289,2.117,0.665,286.98,13.995,9.331,1000.682,81.196,1.499,10.305,0,none,0.432,0.648,0.808,0.229,LOW,SYNTHETIC_DEMO_DATA
611,Andaman & Nicobar,11.74292,92.47346,2025-03-16 01:39:05,29.31,0.31,29.0,1.45,0.754,100.27,8.942,19.912,1005.185,86.249,1.0,12.443,0,none,0.472,0.429,0.626,0.231,LOW,SYNTHETIC_DEMO_DATA
612,Kerala Coast,9.88148,76.66158,2025-03-16 04:33:56,28.128,-0.172,34.399,1.897,0.817,227.98,11.462,18.263,1017.253,76.821,1.859,10.902,1,cyclonic,0.443,0.815,0.741,0.246,LOW,SYNTHETIC_DEMO_DATA
613,Goa Coast,15.5918,73.69994,2025-03-16 07:28:47,28.615,0.415,32.036,1.187,0.777,101.75,9.567,12.267,1009.955,86.364,1.835,7.756,0,none,0.437,0.669,0.674,0.299,LOW,SYNTHETIC_DEMO_DATA
614,Chennai Coast,13.2769,80.27701,2025-03-16 10:23:38,29.675,0.475,33.964,1.878,0.574,152.34,16.115,12.423,1011.472,79.937,0.793,8.515,1,cyclonic,0.372,0.647,0.692,0.291,LOW,SYNTHETIC_DEMO_DATA
615,Gujarat Coast,22.0292,69.70394,2025-03-16 13:18:29,27.702,0.202,37.918,1.115,0.925,86.78,10.837,0.0,1009.391,70.521,0.292,8.785,0,none,0.382,0.777,0.681,0.218,LOW,SYNTHETIC_DEMO_DATA
616,Gujarat Coast,22.13257,69.75747,2025-03-16 16:13:20,27.237,-0.263,36.048,1.187,0.586,353.55,7.905,1.612,1016.169,61.637,0.79,5.002,0,none,0.254,0.701,0.732,0.174,LOW,SYNTHETIC_DEMO_DATA
617,Visakhapatnam,18.04885,83.51216,2025-03-16 19:08:11,29.591,1.091,32.858,1.843,0.536,4.19,6.388,1.595,1013.697,55.289,0.924,8.493,0,none,0.306,0.482,0.497,0.442,MEDIUM,SYNTHETIC_DEMO_DATA
618,Visakhapatnam,17.76776,83.43233,2025-03-16 22:03:02,28.922,0.422,33.374,1.234,0.354,168.32,4.846,5.808,992.713,100.0,1.46,10.973,0,none,0.384,0.635,0.815,0.232,LOW,SYNTHETIC_DEMO_DATA
619,Sundarbans,21.71209,89.16828,2025-03-17 00:57:53,28.311,0.111,20.038,1.019,0.286,321.62,5.597,20.115,1013.608,91.536,1.326,12.489,1,anticyclonic,0.34,0.532,0.627,0.419,MEDIUM,SYNTHETIC_DEMO_DATA
620,Odisha Coast,19.99818,86.15474,2025-03-17 03:52:45,28.843,-0.157,29.464,2.252,0.731,297.64,10.953,15.082,1000.813,79.967,2.25,6.623,1,cyclonic,0.511,0.801,0.803,0.256,LOW,SYNTHETIC_DEMO_DATA
621,Kerala Coast,9.78974,76.27906,2025-03-17 06:47:36,28.785,0.485,30.79,2.192,0.832,314.02,18.966,19.076,1016.095,75.924,2.158,13.452,1,anticyclonic,0.55,0.718,0.635,0.429,MEDIUM,SYNTHETIC_DEMO_DATA
622,Kerala Coast,9.70825,76.33322,2025-03-17 09:42:27,28.95,0.65,32.306,1.265,1.001,190.92,10.433,25.884,1005.619,77.558,2.202,16.831,0,none,0.542,0.691,0.586,0.359,MEDIUM,SYNTHETIC_DEMO_DATA
623,Odisha Coast,19.5375,85.77278,2025-03-17 12:37:18,30.689,1.689,29.922,1.462,0.839,40.33,11.67,19.36,1001.656,58.564,0.689,13.728,1,anticyclonic,0.325,0.448,0.517,0.565,MEDIUM,SYNTHETIC_DEMO_DATA
624,Kerala Coast,9.91195,76.49947,2025-03-17 15:32:09,27.824,-0.476,32.111,1.336,0.866,167.37,5.049,13.254,1009.825,71.253,1.322,6.927,1,cyclonic,0.566,0.711,0.623,0.353,MEDIUM,SYNTHETIC_DEMO_DATA
625,Gujarat Coast,22.26447,69.56997,2025-03-17 18:27:00,29.151,1.651,37.001,2.383,0.802,68.99,15.455,8.803,1011.58,73.472,1.382,11.754,1,cyclonic,0.517,0.622,0.546,0.586,MEDIUM,SYNTHETIC_DEMO_DATA
626,Visakhapatnam,17.55387,82.79399,2025-03-17 21:21:51,29.149,0.649,33.346,1.939,0.551,275.01,8.287,0.0,1004.856,75.472,1.253,4.867,0,none,0.243,0.554,0.744,0.216,LOW,SYNTHETIC_DEMO_DATA
627,Chennai Coast,13.3486,80.36993,2025-03-18 00:16:42,29.104,-0.096,34.111,1.179,0.743,333.51,7.84,1.02,1027.086,89.192,1.538,5.101,1,cyclonic,0.3,0.705,0.685,0.235,LOW,SYNTHETIC_DEMO_DATA
628,Chennai Coast,12.7561,80.40805,2025-03-18 03:11:33,29.337,0.137,36.335,1.997,1.106,321.74,12.231,0.0,1009.294,92.621,1.348,6.332,1,cyclonic,0.372,0.795,0.827,0.19,LOW,SYNTHETIC_DEMO_DATA
629,Mumbai Coast,18.80125,72.63917,2025-03-18 06:06:24,27.564,-0.436,35.195,0.85,1.107,49.56,7.353,23.638,1016.65,84.458,2.127,7.972,1,anticyclonic,0.504,0.575,0.869,0.276,LOW,SYNTHETIC_DEMO_DATA
630,Chennai Coast,12.82728,80.32358,2025-03-18 09:01:15,28.891,-0.309,34.022,1.183,0.694,195.25,7.092,0.0,1019.96,77.571,0.605,3.4,0,none,0.372,0.624,0.646,0.229,LOW,SYNTHETIC_DEMO_DATA
631,Goa Coast,15.92106,73.62446,2025-03-18 11:56:06,29.124,0.924,34.01,2.116,0.903,295.41,12.444,10.71,1010.274,69.179,1.896,13.203,1,anticyclonic,0.561,0.702,0.75,0.352,MEDIUM,SYNTHETIC_DEMO_DATA
632,Chennai Coast,13.19159,80.13379,2025-03-18 14:50:57,29.835,0.635,33.692,1.737,1.224,151.26,10.926,11.1,1014.948,57.851,1.364,10.052,0,none,0.447,0.613,0.789,0.292,LOW,SYNTHETIC_DEMO_DATA
633,Kerala Coast,9.60896,76.12183,2025-03-18 17:45:48,29.244,0.944,34.454,1.174,0.485,291.39,3.0,10.027,1008.294,73.664,1.486,11.348,1,cyclonic,0.533,0.786,0.644,0.383,MEDIUM,SYNTHETIC_DEMO_DATA
634,Chennai Coast,13.0476,80.18592,2025-03-18 20:40:39,29.497,0.297,32.757,1.896,0.604,4.74,15.24,4.116,1013.906,85.076,1.899,11.756,0,none,0.352,0.679,0.624,0.323,MEDIUM,SYNTHETIC_DEMO_DATA
635,Odisha Coast,19.49878,85.9069,2025-03-18 23:35:30,28.951,-0.049,31.013,1.544,0.789,262.67,11.952,8.006,1016.688,86.265,1.032,9.067,0,none,0.306,0.61,0.762,0.229,LOW,SYNTHETIC_DEMO_DATA
636,Gujarat Coast,22.00939,69.87016,2025-03-19 02:30:21,26.792,-0.708,36.857,1.729,0.982,297.11,11.003,0.0,1007.044,68.428,0.406,10.653,0,none,0.329,0.646,0.664,0.369,MEDIUM,SYNTHETIC_DEMO_DATA
637,Visakhapatnam,17.74995,83.02682,2025-03-19 05:25:13,28.764,0.264,31.3,2.698,0.53,112.55,15.303,14.546,1022.264,96.807,1.273,10.286,1,cyclonic,0.385,0.665,0.641,0.305,MEDIUM,SYNTHETIC_DEMO_DATA
638,Visakhapatnam,17.66625,83.58886,2025-03-19 08:20:04,28.395,-0.105,32.679,0.492,1.159,91.52,1.372,5.925,1022.687,78.872,1.029,1.894,0,none,0.31,0.63,0.693,0.228,LOW,SYNTHETIC_DEMO_DATA
639,Goa Coast,15.47567,73.49426,2025-03-19 11:14:55,27.349,-0.851,34.55,1.93,0.866,320.71,12.705,15.073,1007.203,63.523,1.32,11.619,0,none,0.57,0.563,0.621,0.405,MEDIUM,SYNTHETIC_DEMO_DATA
640,Lakshadweep,10.94642,72.99639,2025-03-19 14:09:46,29.131,0.631,33.402,2.546,1.029,181.1,18.375,1.634,1012.338,84.941,0.406,6.161,1,cyclonic,0.225,0.592,0.671,0.318,MEDIUM,SYNTHETIC_DEMO_DATA
641,Gujarat Coast,22.30054,69.25001,2025-03-19 17:04:37,28.323,0.823,35.88,1.861,0.959,298.33,12.08,15.795,1001.942,46.432,1.407,11.464,0,none,0.581,0.659,0.744,0.388,MEDIUM,SYNTHETIC_DEMO_DATA
642,Lakshadweep,10.64614,73.12102,2025-03-19 19:59:28,28.434,-0.066,33.666,1.78,0.821,153.98,20.393,21.221,1003.921,100.0,1.345,14.895,1,anticyclonic,0.409,0.81,0.567,0.272,LOW,SYNTHETIC_DEMO_DATA
643,Andaman & Nicobar,11.61368,92.57041,2025-03-19 22:54:19,29.093,0.093,33.903,1.472,1.015,176.84,7.426,9.868,1001.133,69.158,1.45,7.263,1,anticyclonic,0.519,0.699,0.693,0.244,LOW,SYNTHETIC_DEMO_DATA
644,Kerala Coast,9.93123,76.16542,2025-03-20 01:49:10,28.496,0.196,34.573,1.479,0.571,38.32,6.651,15.545,1007.59,89.086,1.131,7.922,0,none,0.518,0.905,0.677,0.279,LOW,SYNTHETIC_DEMO_DATA
645,Goa Coast,15.80825,73.78355,2025-03-20 04:44:01,27.698,-0.502,30.379,2.363,0.591,69.88,18.204,15.788,1010.266,74.31,1.034,12.766,1,anticyclonic,0.427,0.56,0.708,0.363,MEDIUM,SYNTHETIC_DEMO_DATA
646,Chennai Coast,13.13237,80.37038,2025-03-20 07:38:52,28.772,-0.428,34.398,1.537,1.012,14.18,4.405,1.861,1019.51,80.73,0.337,1.458,1,anticyclonic,0.235,0.612,0.67,0.276,LOW,SYNTHETIC_DEMO_DATA
647,Kerala Coast,9.92775,76.01399,2025-03-20 10:33:43,29.572,1.272,34.436,1.571,0.63,309.46,11.276,28.675,1029.539,65.086,1.876,13.115,1,anticyclonic,0.56,0.616,0.531,0.525,MEDIUM,SYNTHETIC_DEMO_DATA
648,Mumbai Coast,18.87842,72.81941,2025-03-20 13:28:34,27.992,-0.008,33.933,2.058,1.004,268.24,16.024,16.883,1012.467,84.672,1.485,11.963,0,none,0.485,0.718,0.687,0.258,LOW,SYNTHETIC_DEMO_DATA
649,Lakshadweep,10.73562,72.99677,2025-03-20 16:23:25,27.335,-1.165,33.66,2.196,0.604,291.01,15.332,3.171,996.473,82.741,1.235,5.738,0,none,0.359,0.666,0.671,0.303,MEDIUM,SYNTHETIC_DEMO_DATA
650,Andaman & Nicobar,11.94902,92.53785,2025-03-20 19:18:16,29.102,0.102,31.654,1.276,0.347,39.62,7.305,15.89,1013.698,100.0,1.123,11.22,0,none,0.516,0.632,0.8,0.191,LOW,SYNTHETIC_DEMO_DATA
651,Kerala Coast,9.74395,76.17646,2025-03-20 22:13:07,28.473,0.173,31.551,1.493,0.978,337.11,5.059,33.988,1003.426,91.928,1.913,14.972,0,none,0.717,0.888,0.695,0.272,LOW,SYNTHETIC_DEMO_DATA
652,Gujarat Coast,22.53716,69.99111,2025-03-21 01:07:58,27.105,-0.395,37.267,1.569,0.524,143.56,3.322,17.456,1008.079,82.372,1.37,8.634,0,none,0.403,0.467,0.579,0.317,MEDIUM,SYNTHETIC_DEMO_DATA
653,Visakhapatnam,17.55886,83.25743,2025-03-21 04:02:49,28.056,-0.444,32.783,1.476,0.476,99.14,5.944,0.0,1004.564,58.612,1.1,3.351,0,none,0.268,0.655,0.663,0.2,LOW,SYNTHETIC_DEMO_DATA
654,Andaman & Nicobar,11.7265,93.00659,2025-03-21 06:57:41,28.37,-0.63,32.101,1.581,0.673,345.37,11.363,7.177,1000.928,56.283,1.276,6.311,1,anticyclonic,0.437,0.608,0.704,0.267,LOW,SYNTHETIC_DEMO_DATA
655,Mumbai Coast,19.12769,72.89316,2025-03-21 09:52:32,29.098,1.098,35.837,2.043,0.724,245.81,17.624,17.445,1007.97,68.947,1.765,12.025,1,anticyclonic,0.513,0.523,0.528,0.48,MEDIUM,SYNTHETIC_DEMO_DATA
656,Mumbai Coast,19.1357,73.01227,2025-03-21 12:47:23,28.326,0.326,33.92,1.487,0.527,80.42,14.201,22.999,1013.463,81.081,2.432,16.522,0,none,0.615,0.786,0.709,0.328,MEDIUM,SYNTHETIC_DEMO_DATA
657,Goa Coast,15.53195,73.55731,2025-03-21 15:42:14,28.147,-0.053,32.728,1.632,0.634,322.01,14.578,11.155,1009.38,82.681,0.872,4.755,1,cyclonic,0.489,0.653,0.813,0.314,MEDIUM,SYNTHETIC_DEMO_DATA
658,Gujarat Coast,22.59071,69.6267,2025-03-21 18:37:05,27.819,0.319,36.72,0.965,0.747,183.19,5.152,11.867,998.463,75.311,1.267,8.443,1,cyclonic,0.401,0.738,0.773,0.314,MEDIUM,SYNTHETIC_DEMO_DATA
659,Sundarbans,21.74151,89.19993,2025-03-21 21:31:56,28.827,0.627,22.848,2.192,0.692,326.34,12.483,10.709,1003.883,90.003,1.386,13.6,0,none,0.454,0.767,0.656,0.376,MEDIUM,SYNTHETIC_DEMO_DATA
660,Visakhapatnam,17.99522,82.91231,2025-03-22 00:26:47,28.054,-0.446,34.421,1.517,0.878,294.85,7.563,3.317,994.174,83.307,0.96,4.158,1,anticyclonic,0.306,0.569,0.716,0.274,LOW,SYNTHETIC_DEMO_DATA
661,Odisha Coast,19.80565,85.78224,2025-03-22 03:21:38,29.606,0.606,31.84,1.626,0.331,45.35,13.469,11.445,1015.52,98.444,1.643,11.767,0,none,0.572,0.712,0.556,0.391,MEDIUM,SYNTHETIC_DEMO_DATA
662,Goa Coast,15.5239,73.90625,2025-03-22 06:16:29,26.906,-1.294,33.779,2.463,0.463,149.98,14.151,19.993,998.618,75.282,1.408,10.49,0,none,0.543,0.7,0.663,0.392,MEDIUM,SYNTHETIC_DEMO_DATA
663,Sundarbans,22.22719,89.47321,2025-03-22 09:11:20,27.319,-0.881,20.493,2.006,1.077,153.25,11.211,30.421,1003.552,67.794,1.98,15.896,1,cyclonic,0.611,0.68,0.653,0.519,MEDIUM,SYNTHETIC_DEMO_DATA
664,Visakhapatnam,17.5223,83.39927,2025-03-22 12:06:11,29.365,0.865,31.742,2.048,0.758,81.92,9.827,10.043,1013.07,78.644,0.858,7.352,0,none,0.544,0.541,0.59,0.398,MEDIUM,SYNTHETIC_DEMO_DATA
665,Mumbai Coast,18.94087,72.98688,2025-03-22 15:01:02,27.085,-0.915,34.829,1.936,1.098,325.06,9.097,16.186,1008.898,47.461,1.061,5.117,0,none,0.546,0.656,0.573,0.384,MEDIUM,SYNTHETIC_DEMO_DATA
666,Gujarat Coast,22.30296,69.91311,2025-03-22 17:55:53,28.001,0.501,34.789,1.417,1.064,27.55,12.083,6.822,1012.042,78.504,0.619,11.932,0,none,0.346,0.533,0.683,0.338,MEDIUM,SYNTHETIC_DEMO_DATA
667,Mumbai Coast,18.90679,72.69522,2025-03-22 20:50:44,27.701,-0.299,33.014,2.14,0.347,239.96,9.09,16.723,1030.138,73.301,0.982,10.346,1,anticyclonic,0.363,0.69,0.809,0.304,MEDIUM,SYNTHETIC_DEMO_DATA
668,Andaman & Nicobar,11.4493,92.49064,2025-03-22 23:45:35,30.384,1.384,32.41,1.218,0.999,75.13,10.239,11.717,1012.279,78.679,1.254,9.911,1,anticyclonic,0.479,0.663,0.673,0.421,MEDIUM,SYNTHETIC_DEMO_DATA
669,Lakshadweep,10.61523,72.68956,2025-03-23 02:40:26,29.093,0.593,36.03,1.567,0.685,12.9,12.574,8.683,1011.602,76.712,0.601,7.134,0,none,0.341,0.647,0.699,0.323,MEDIUM,SYNTHETIC_DEMO_DATA
670,Odisha Coast,19.73605,85.59568,2025-03-23 05:35:17,29.926,0.926,26.948,2.771,0.939,278.35,21.418,14.276,1001.571,83.371,1.198,9.951,0,none,0.402,0.59,0.703,0.386,MEDIUM,SYNTHETIC_DEMO_DATA
671,Lakshadweep,10.22019,72.88136,2025-03-23 08:30:09,28.081,-0.419,35.284,1.269,0.638,268.86,10.059,6.464,1010.593,76.127,1.164,10.4,1,anticyclonic,0.443,0.677,0.709,0.246,LOW,SYNTHETIC_DEMO_DATA
672,Gujarat Coast,22.06576,69.57978,2025-03-23 11:25:00,27.283,-0.217,36.16,2.398,0.838,6.06,19.127,0.0,1015.001,63.402,0.05,2.819,0,none,0.226,0.772,0.726,0.28,LOW,SYNTHETIC_DEMO_DATA
673,Gujarat Coast,22.53038,69.81026,2025-03-23 14:19:51,27.943,0.443,34.335,2.459,0.575,35.99,12.086,0.0,1021.782,75.268,0.05,4.572,0,none,0.225,0.529,0.694,0.285,LOW,SYNTHETIC_DEMO_DATA
674,Sundarbans,22.1229,89.00209,2025-03-23 17:14:42,28.084,-0.116,20.64,1.07,0.513,287.51,6.265,20.166,1031.179,83.085,1.571,16.006,0,none,0.582,0.7,0.689,0.34,MEDIUM,SYNTHETIC_DEMO_DATA
675,Gujarat Coast,22.14457,69.72648,2025-03-23 20:09:33,28.156,0.656,36.898,1.981,0.631,22.86,14.879,0.0,1008.871,69.101,0.817,7.259,0,none,0.341,0.628,0.67,0.35,MEDIUM,SYNTHETIC_DEMO_DATA
676,Goa Coast,15.47866,74.07074,2025-03-23 23:04:24,28.752,0.552,34.102,2.376,0.998,25.74,14.659,22.075,1021.232,77.621,1.706,18.378,1,cyclonic,0.372,0.724,0.539,0.396,MEDIUM,SYNTHETIC_DEMO_DATA
677,Mumbai Coast,18.66563,72.94414,2025-03-24 01:59:15,27.541,-0.459,34.17,1.549,0.523,258.1,6.32,10.717,1012.697,66.27,1.457,8.568,0,none,0.424,0.77,0.824,0.213,LOW,SYNTHETIC_DEMO_DATA
678,Sundarbans,21.80224,89.25622,2025-03-24 04:54:06,27.152,-1.048,23.129,1.237,0.798,173.12,8.204,13.378,1012.886,93.938,1.297,10.48,0,none,0.488,0.609,0.671,0.396,MEDIUM,SYNTHETIC_DEMO_DATA
679,Mumbai Coast,18.7473,72.53821,2025-03-24 07:48:57,29.184,1.184,32.484,0.641,0.744,264.37,4.352,16.549,1005.141,62.847,1.451,10.024,0,none,0.512,0.573,0.631,0.374,MEDIUM,SYNTHETIC_DEMO_DATA
680,Lakshadweep,10.44526,72.92629,2025-03-24 10:43:48,27.956,-0.544,33.873,1.539,0.665,348.4,14.187,18.416,995.092,62.105,1.697,13.15,0,none,0.414,0.512,0.652,0.333,MEDIUM,SYNTHETIC_DEMO_DATA
681,Goa Coast,15.29694,73.85958,2025-03-24 13:38:39,28.79,0.59,34.435,1.958,1.118,239.33,21.788,23.752,1016.263,75.84,1.645,13.59,0,none,0.51,0.706,0.664,0.334,MEDIUM,SYNTHETIC_DEMO_DATA
682,Odisha Coast,19.75521,85.96874,2025-03-24 16:33:30,29.697,0.697,32.539,2.655,0.761,122.93,16.982,23.451,1013.545,89.13,1.646,13.593,1,anticyclonic,0.627,0.572,0.533,0.477,MEDIUM,SYNTHETIC_DEMO_DATA
683,Lakshadweep,10.40149,72.38835,2025-03-24 19:28:21,28.069,-0.431,34.849,1.792,1.107,228.15,8.193,2.903,1011.849,65.28,0.938,6.563,1,cyclonic,0.207,0.614,0.703,0.286,LOW,SYNTHETIC_DEMO_DATA
684,Lakshadweep,10.38217,72.38013,2025-03-24 22:23:12,28.867,0.367,34.138,1.119,0.678,178.91,8.215,14.451,996.805,85.892,0.724,6.007,1,anticyclonic,0.355,0.729,0.782,0.257,LOW,SYNTHETIC_DEMO_DATA
685,Odisha Coast,19.93209,85.88442,2025-03-25 01:18:03,28.881,-0.119,30.025,0.691,0.703,205.1,5.532,15.076,1002.57,59.558,1.112,7.267,0,none,0.423,0.78,0.703,0.216,LOW,SYNTHETIC_DEMO_DATA
686,Andaman & Nicobar,12.11468,92.33539,2025-03-25 04:12:54,30.142,1.142,31.4,2.278,0.667,250.37,20.273,24.276,1016.184,74.103,2.135,12.563,0,none,0.469,0.605,0.504,0.403,MEDIUM,SYNTHETIC_DEMO_DATA
687,Kerala Coast,9.90814,76.48139,2025-03-25 07:07:45,28.933,0.633,32.348,2.301,1.074,75.06,14.546,23.523,1009.079,73.853,1.526,12.243,0,none,0.624,0.61,0.756,0.343,MEDIUM,SYNTHETIC_DEMO_DATA
688,Mumbai Coast,19.37281,72.68364,2025-03-25 10:02:36,28.38,0.38,34.942,0.91,0.859,258.62,7.449,15.848,1005.231,92.02,1.428,7.097,1,anticyclonic,0.542,0.837,0.633,0.342,MEDIUM,SYNTHETIC_DEMO_DATA
689,Kerala Coast,10.30646,76.19675,2025-03-25 12:57:28,28.314,0.014,33.127,0.918,0.365,108.98,5.083,6.652,1007.773,97.833,1.836,6.708,1,anticyclonic,0.447,0.646,0.692,0.2,LOW,SYNTHETIC_DEMO_DATA
690,Goa Coast,15.67208,73.75302,2025-03-25 15:52:19,28.441,0.241,32.757,2.157,0.579,353.22,12.68,19.62,1008.088,62.87,1.863,16.491,0,none,0.686,0.761,0.74,0.248,LOW,SYNTHETIC_DEMO_DATA
691,Lakshadweep,10.41512,72.39836,2025-03-25 18:47:10,29.234,0.734,33.476,1.049,0.797,154.5,6.958,18.135,1016.516,81.526,2.116,8.105,0,none,0.533,0.778,0.515,0.354,MEDIUM,SYNTHETIC_DEMO_DATA
692,Goa Coast,15.30771,73.88291,2025-03-25 21:42:01,27.959,-0.241,33.778,2.739,0.897,90.04,21.96,6.592,1012.47,65.151,0.938,5.499,0,none,0.431,0.714,0.716,0.269,LOW,SYNTHETIC_DEMO_DATA
693,Lakshadweep,10.22237,72.50494,2025-03-26 00:36:52,28.866,0.366,35.088,3.05,0.881,302.91,21.15,17.859,1028.859,77.069,1.817,13.938,1,anticyclonic,0.426,0.532,0.635,0.349,MEDIUM,SYNTHETIC_DEMO_DATA
694,Lakshadweep,10.59101,72.75115,2025-03-26 03:31:43,28.419,-0.081,34.004,1.599,0.547,9.71,10.715,9.505,1003.919,84.901,1.089,7.206,0,none,0.53,0.843,0.887,0.152,LOW,SYNTHETIC_DEMO_DATA
695,Sundarbans,22.05862,89.08252,2025-03-26 06:26:34,27.201,-0.999,21.296,1.177,0.99,39.99,8.719,24.608,998.268,96.468,2.276,14.982,1,cyclonic,0.66,0.583,0.611,0.51,MEDIUM,SYNTHETIC_DEMO_DATA
696,Visakhapatnam,17.63992,82.88857,2025-03-26 09:21:25,27.895,-0.605,31.911,0.2,0.447,93.2,5.071,11.095,990.909,70.646,1.355,6.906,1,cyclonic,0.53,0.613,0.72,0.341,MEDIUM,SYNTHETIC_DEMO_DATA
697,Goa Coast,15.40281,73.67187,2025-03-26 12:16:16,28.56,0.36,33.451,1.475,0.493,341.45,4.592,16.243,1001.997,68.06,1.231,11.546,0,none,0.478,0.81,0.613,0.291,LOW,SYNTHETIC_DEMO_DATA
698,Mumbai Coast,18.93812,72.46692,2025-03-26 15:11:07,29.479,1.479,32.291,1.18,0.485,116.07,7.218,9.842,1008.68,79.495,1.246,8.55,0,none,0.327,0.551,0.643,0.484,MEDIUM,SYNTHETIC_DEMO_DATA
699,Sundarbans,21.9855,89.07425,2025-03-26 18:05:58,28.374,0.174,19.493,1.776,0.916,354.39,14.816,18.535,1014.231,75.443,2.118,12.499,1,cyclonic,0.457,0.812,0.754,0.384,MEDIUM,SYNTHETIC_DEMO_DATA
700,Sundarbans,22.38337,88.92261,2025-03-26 21:00:49,28.278,0.078,20.142,0.759,0.734,121.29,1.0,7.725,1018.729,81.809,1.388,7.506,0,none,0.478,0.637,0.841,0.278,LOW,SYNTHETIC_DEMO_DATA
701,Mumbai Coast,19.04309,72.87614,2025-03-26 23:55:40,28.876,0.876,33.131,0.61,0.556,342.12,3.833,30.269,1019.508,73.853,1.748,14.529,0,none,0.716,0.512,0.825,0.383,MEDIUM,SYNTHETIC_DEMO_DATA
702,Gujarat Coast,22.41604,69.51275,2025-03-27 02:50:31,28.448,0.948,33.889,2.021,0.658,169.51,12.963,4.972,1003.209,63.575,0.918,12.225,0,none,0.305,0.583,0.604,0.43,MEDIUM,SYNTHETIC_DEMO_DATA
703,Odisha Coast,19.79522,85.68957,2025-03-27 05:45:22,28.903,-0.097,30.803,2.159,1.08,148.91,11.442,20.147,1006.423,94.797,1.616,12.423,0,none,0.57,0.753,0.779,0.257,LOW,SYNTHETIC_DEMO_DATA
704,Odisha Coast,19.95297,85.5545,2025-03-27 08:40:13,28.277,-0.723,30.619,0.641,0.324,219.57,1.0,5.646,1010.474,64.141,0.672,6.004,0,none,0.331,0.741,0.655,0.391,MEDIUM,SYNTHETIC_DEMO_DATA
705,Odisha Coast,19.73352,85.91529,2025-03-27 11:35:04,28.996,-0.004,26.366,2.249,1.035,115.16,17.976,23.176,1020.641,74.53,2.366,14.052,0,none,0.565,0.645,0.765,0.284,LOW,SYNTHETIC_DEMO_DATA
706,Mumbai Coast,19.072,72.73713,2025-03-27 14:29:56,27.12,-0.88,33.548,0.709,1.127,112.7,1.108,16.535,1013.687,77.32,1.108,10.749,1,anticyclonic,0.443,0.656,0.59,0.442,MEDIUM,SYNTHETIC_DEMO_DATA
707,Sundarbans,21.8889,89.16049,2025-03-27 17:24:47,28.575,0.375,20.565,1.508,0.368,118.55,13.135,20.89,1015.483,81.026,1.053,17.295,1,cyclonic,0.555,0.506,0.64,0.48,MEDIUM,SYNTHETIC_DEMO_DATA
708,Mumbai Coast,19.09264,72.75255,2025-03-27 20:19:38,27.943,-0.057,34.767,0.729,0.788,99.92,5.388,1.456,1022.997,68.185,0.74,5.89,0,none,0.383,0.748,0.748,0.2,LOW,SYNTHETIC_DEMO_DATA
709,Kerala Coast,9.88928,76.28126,2025-03-27 23:14:29,27.109,-1.191,34.718,1.95,0.766,355.21,16.783,16.162,1013.039,69.357,2.147,13.674,0,none,0.548,0.642,0.721,0.428,MEDIUM,SYNTHETIC_DEMO_DATA
710,Kerala Coast,9.93385,76.08936,2025-03-28 02:09:20,28.739,0.439,32.072,1.783,0.736,106.04,9.197,27.108,1018.013,58.978,1.557,13.625,1,cyclonic,0.569,0.823,0.672,0.34,MEDIUM,SYNTHETIC_DEMO_DATA
711,Gujarat Coast,22.35473,69.18531,2025-03-28 05:04:11,28.186,0.686,36.312,1.66,0.56,91.63,10.123,0.0,1006.296,52.79,0.835,6.501,1,anticyclonic,0.341,0.732,0.749,0.393,MEDIUM,SYNTHETIC_DEMO_DATA
712,Mumbai Coast,19.00711,72.82632,2025-03-28 07:59:02,27.913,-0.087,35.524,1.427,0.55,131.29,2.963,13.41,1000.168,73.336,1.549,7.856,1,cyclonic,0.553,0.598,0.839,0.25,LOW,SYNTHETIC_DEMO_DATA
713,Goa Coast,15.48925,73.42251,2025-03-28 10:53:53,28.228,0.028,34.831,2.457,0.54,91.16,18.777,8.891,1007.875,82.784,1.564,13.368,0,none,0.544,0.795,0.743,0.219,LOW,SYNTHETIC_DEMO_DATA
714,Goa Coast,15.64255,73.39344,2025-03-28 13:48:44,26.955,-1.245,31.076,2.144,0.873,174.33,11.196,15.159,1006.789,73.445,1.709,9.208,0,none,0.581,0.525,0.593,0.431,MEDIUM,SYNTHETIC_DEMO_DATA
715,Lakshadweep,10.29215,72.34915,2025-03-28 16:43:35,28.911,0.411,35.823,1.398,0.871,317.37,8.795,1.552,1014.142,84.919,1.56,4.495,0,none,0.315,0.7,0.687,0.17,LOW,SYNTHETIC_DEMO_DATA
716,Goa Coast,15.27908,73.64512,2025-03-28 19:38:26,27.106,-1.094,31.32,2.777,0.893,92.73,18.062,19.139,1023.585,57.717,1.629,13.44,1,anticyclonic,0.494,0.514,0.628,0.469,MEDIUM,SYNTHETIC_DEMO_DATA
717,Mumbai Coast,18.9955,72.795,2025-03-28 22:33:17,28.284,0.284,33.907,2.242,0.608,29.96,13.101,24.131,1003.0,81.897,1.601,9.706,0,none,0.518,0.761,0.586,0.28,LOW,SYNTHETIC_DEMO_DATA
718,Kerala Coast,9.76073,76.7651,2025-03-29 01:28:08,27.879,-0.421,33.952,1.843,0.167,118.61,12.366,14.666,1011.839,56.593,1.733,13.169,1,anticyclonic,0.493,0.806,0.67,0.262,LOW,SYNTHETIC_DEMO_DATA
719,Visakhapatnam,17.85985,83.1313,2025-03-29 04:22:59,29.76,1.26,32.733,0.801,1.02,227.02,4.735,4.99,1024.578,66.994,0.592,6.156,0,none,0.23,0.514,0.555,0.417,MEDIUM,SYNTHETIC_DEMO_DATA
720,Mumbai Coast,19.24591,72.76001,2025-03-29 07:17:50,27.714,-0.286,33.594,3.043,1.032,144.1,25.732,11.476,1007.616,72.581,1.835,13.797,1,cyclonic,0.58,0.622,0.866,0.296,LOW,SYNTHETIC_DEMO_DATA
721,Odisha Coast,19.74981,85.58762,2025-03-29 10:12:41,29.278,0.278,30.487,2.568,1.333,31.59,16.87,5.543,1029.718,66.579,1.282,7.368,0,none,0.318,0.608,0.785,0.331,MEDIUM,SYNTHETIC_DEMO_DATA
722,Lakshadweep,10.52849,72.69221,2025-03-29 13:07:32,28.739,0.239,32.766,1.054,0.958,132.75,3.479,17.578,1007.023,100.0,1.394,11.01,0,none,0.466,0.697,0.677,0.189,LOW,SYNTHETIC_DEMO_DATA
723,Andaman & Nicobar,11.44904,92.52186,2025-03-29 16:02:24,28.701,-0.299,32.841,2.062,0.634,312.56,13.165,20.874,1009.777,64.741,1.445,11.199,0,none,0.564,0.713,0.773,0.184,LOW,SYNTHETIC_DEMO_DATA
724,Odisha Coast,19.75899,85.4422,2025-03-29 18:57:15,29.812,0.812,29.405,0.953,0.435,196.47,6.772,11.587,1021.323,79.813,1.603,13.394,1,cyclonic,0.63,0.772,0.653,0.41,MEDIUM,SYNTHETIC_DEMO_DATA
725,Goa Coast,15.54987,73.92886,2025-03-29 21:52:06,28.959,0.759,35.541,1.582,0.819,178.37,7.78,8.694,1019.562,74.437,0.833,8.494,0,none,0.273,0.548,0.713,0.317,MEDIUM,SYNTHETIC_DEMO_DATA
726,Odisha Coast,19.79795,86.04467,2025-03-30 00:46:57,29.207,0.207,29.206,0.714,0.618,123.31,4.657,9.265,1000.148,81.298,0.9,5.712,0,none,0.413,0.879,0.747,0.21,LOW,SYNTHETIC_DEMO_DATA
727,Goa Coast,15.66259,73.96924,2025-03-30 03:41:48,28.641,0.441,34.046,3.35,0.67,353.74,23.51,7.379,1011.215,76.681,1.572,9.815,0,none,0.503,0.721,0.631,0.341,MEDIUM,SYNTHETIC_DEMO_DATA
728,Sundarbans,22.0965,89.16516,2025-03-30 06:36:39,28.501,0.301,22.07,1.121,0.755,201.29,13.821,14.254,1016.144,56.435,1.761,12.1,0,none,0.353,0.747,0.726,0.34,MEDIUM,SYNTHETIC_DEMO_DATA
729,Kerala Coast,9.78497,76.43077,2025-03-30 09:31:30,29.643,1.343,33.513,1.086,0.475,336.99,7.653,7.979,1012.37,81.953,1.629,13.263,0,none,0.453,0.632,0.519,0.463,MEDIUM,SYNTHETIC_DEMO_DATA
730,Gujarat Coast,22.16506,69.5105,2025-03-30 12:26:21,27.357,-0.143,34.737,1.447,0.596,47.12,7.891,5.392,1013.856,76.763,0.732,9.579,1,anticyclonic,0.383,0.633,0.794,0.273,LOW,SYNTHETIC_DEMO_DATA
731,Goa Coast,15.41118,73.7149,2025-03-30 15:21:12,27.631,-0.569,32.584,1.807,0.855,194.98,14.092,9.852,1012.594,73.985,1.335,11.132,1,cyclonic,0.416,0.622,0.584,0.338,MEDIUM,SYNTHETIC_DEMO_DATA
732,Kerala Coast,9.95702,76.04335,2025-03-30 18:16:03,27.367,-0.933,32.582,2.407,0.523,243.26,19.74,14.314,998.033,73.38,1.869,14.756,1,cyclonic,0.489,0.657,0.659,0.514,MEDIUM,SYNTHETIC_DEMO_DATA
733,Lakshadweep,10.78381,72.8193,2025-03-30 21:10:54,27.768,-0.732,33.628,1.219,0.579,56.19,12.482,29.069,1007.362,81.395,2.447,18.046,1,cyclonic,0.659,0.54,0.576,0.455,MEDIUM,SYNTHETIC_DEMO_DATA
734,Goa Coast,15.52396,73.85156,2025-03-31 00:05:45,29.069,0.869,33.159,1.678,0.419,166.51,4.784,13.817,1010.122,92.354,1.74,14.069,0,none,0.429,0.636,0.618,0.369,MEDIUM,SYNTHETIC_DEMO_DATA
735,Visakhapatnam,17.45805,83.27295,2025-03-31 03:00:36,30.054,1.554,34.092,1.243,0.695,55.19,7.07,3.764,1021.833,98.978,1.435,5.115,0,none,0.476,0.526,0.564,0.483,MEDIUM,SYNTHETIC_DEMO_DATA
736,Gujarat Coast,22.60365,69.34121,2025-03-31 05:55:27,26.722,-0.778,37.48,1.245,0.72,82.01,7.27,0.0,999.7,54.403,1.582,6.456,0,none,0.437,0.657,0.69,0.349,MEDIUM,SYNTHETIC_DEMO_DATA
737,Goa Coast,15.86142,73.93404,2025-03-31 08:50:18,28.287,0.087,36.643,0.714,0.744,141.68,9.893,16.329,1017.406,64.6,1.398,10.332,0,none,0.489,0.683,0.868,0.162,LOW,SYNTHETIC_DEMO_DATA
738,Chennai Coast,13.19392,80.13619,2025-03-31 11:45:09,28.598,-0.602,35.3,1.843,0.902,204.24,15.667,14.465,1014.197,63.288,1.293,13.464,0,none,0.407,0.67,0.643,0.29,LOW,SYNTHETIC_DEMO_DATA
739,Goa Coast,15.48441,73.6013,2025-03-31 14:40:00,29.602,1.402,32.953,1.822,0.886,169.41,16.135,17.148,1010.437,79.547,1.318,11.412,1,anticyclonic,0.54,0.688,0.632,0.495,MEDIUM,SYNTHETIC_DEMO_DATA
740,Andaman & Nicobar,11.68846,92.18844,2025-03-31 17:34:52,29.212,0.212,31.612,1.327,0.832,95.59,1.0,16.941,995.258,74.295,2.144,13.515,0,none,0.505,0.585,0.691,0.208,LOW,SYNTHETIC_DEMO_DATA
741,Andaman & Nicobar,11.67419,92.71212,2025-03-31 20:29:43,28.605,-0.395,32.675,0.964,0.336,311.16,5.681,0.0,1007.945,71.37,0.737,4.149,1,anticyclonic,0.273,0.536,0.794,0.268,LOW,SYNTHETIC_DEMO_DATA
742,Goa Coast,15.29907,73.88554,2025-03-31 23:24:34,27.232,-0.968,32.93,2.441,0.858,117.3,20.646,20.544,1012.361,89.852,1.386,14.293,1,anticyclonic,0.532,0.665,0.577,0.457,MEDIUM,SYNTHETIC_DEMO_DATA
743,Gujarat Coast,22.10261,69.67744,2025-04-01 02:19:25,27.973,-0.277,34.921,1.545,0.728,175.72,10.204,0.0,1006.857,35.0,1.026,5.986,1,cyclonic,0.375,0.749,0.548,0.383,MEDIUM,SYNTHETIC_DEMO_DATA
744,Visakhapatnam,18.00795,83.26343,2025-04-01 05:14:16,28.224,-1.026,36.172,1.82,0.758,314.52,18.052,0.0,1006.449,78.406,0.763,6.063,1,anticyclonic,0.417,0.546,0.612,0.405,MEDIUM,SYNTHETIC_DEMO_DATA
745,Goa Coast,15.58912,73.90367,2025-04-01 08:09:07,29.261,0.311,35.041,1.312,0.838,341.38,13.334,17.778,1015.868,65.67,1.94,15.475,1,cyclonic,0.502,0.576,0.774,0.319,MEDIUM,SYNTHETIC_DEMO_DATA
746,Chennai Coast,12.89678,80.32427,2025-04-01 11:03:58,30.266,0.316,32.122,2.445,1.01,299.18,16.964,16.275,1003.277,38.463,2.103,16.094,0,none,0.659,0.715,0.591,0.39,MEDIUM,SYNTHETIC_DEMO_DATA
747,Mumbai Coast,18.96259,73.06574,2025-04-01 13:58:49,28.671,-0.079,34.425,2.589,0.506,252.09,16.82,12.598,991.432,70.224,2.308,13.494,1,anticyclonic,0.442,0.845,0.755,0.259,LOW,SYNTHETIC_DEMO_DATA
748,Chennai Coast,12.75604,80.08376,2025-04-01 16:53:40,28.695,-1.255,35.022,2.012,0.635,117.54,13.769,12.051,995.465,82.604,1.841,10.754,0,none,0.472,0.62,0.701,0.406,MEDIUM,SYNTHETIC_DEMO_DATA
749,Chennai Coast,13.20959,80.09391,2025-04-01 19:48:31,28.753,-1.197,34.365,1.967,0.526,311.11,13.037,0.0,1014.963,70.679,1.101,4.934,0,none,0.371,0.674,0.532,0.407,MEDIUM,SYNTHETIC_DEMO_DATA
750,Odisha Coast,20.08793,85.57501,2025-04-01 22:43:22,30.576,0.826,29.064,1.685,0.71,144.97,20.096,24.244,1008.283,73.945,1.584,16.747,1,cyclonic,0.407,0.701,0.576,0.506,MEDIUM,SYNTHETIC_DEMO_DATA
751,Lakshadweep,10.29091,72.6158,2025-04-02 01:38:13,30.469,1.219,34.694,2.149,0.99,29.51,11.564,12.078,1001.57,46.378,1.482,8.812,1,anticyclonic,0.611,0.526,0.499,0.518,MEDIUM,SYNTHETIC_DEMO_DATA
752,Odisha Coast,19.65625,86.23867,2025-04-02 04:33:04,28.423,-1.327,31.009,1.97,1.145,201.1,19.938,25.699,1017.02,67.366,2.029,15.196,0,none,0.571,0.713,0.654,0.501,MEDIUM,SYNTHETIC_DEMO_DATA
753,Sundarbans,21.83,89.44119,2025-04-02 07:27:55,29.729,0.779,21.877,1.789,0.98,202.09,14.219,1.82,1017.771,62.515,0.35,8.516,0,none,0.251,0.632,0.625,0.434,MEDIUM,SYNTHETIC_DEMO_DATA
754,Lakshadweep,10.68203,72.73054,2025-04-02 10:22:46,29.111,-0.139,35.817,1.6,0.824,114.18,9.639,10.335,1008.759,77.562,1.145,11.132,0,none,0.472,0.788,0.746,0.181,LOW,SYNTHETIC_DEMO_DATA
755,Mumbai Coast,18.89408,72.97582,2025-04-02 13:17:37,27.635,-1.115,31.131,1.159,0.604,196.92,11.659,26.06,1026.496,76.147,1.909,16.227,1,cyclonic,0.525,0.719,0.464,0.503,MEDIUM,SYNTHETIC_DEMO_DATA
756,Kerala Coast,9.89367,76.42635,2025-04-02 16:12:28,29.052,0.002,35.572,1.879,0.749,99.51,12.043,19.833,1008.28,93.677,1.473,13.797,1,cyclonic,0.522,0.753,0.747,0.273,LOW,SYNTHETIC_DEMO_DATA
757,Goa Coast,15.80379,73.91451,2025-04-02 19:07:20,30.071,1.121,31.512,1.962,0.682,324.95,12.249,32.848,1017.043,71.499,1.818,16.38,0,none,0.633,0.528,0.657,0.42,MEDIUM,SYNTHETIC_DEMO_DATA
758,Chennai Coast,13.22867,80.38063,2025-04-02 22:02:11,30.958,1.008,32.631,2.353,0.696,16.92,21.266,11.93,1004.416,82.312,1.443,7.201,0,none,0.495,0.797,0.682,0.347,MEDIUM,SYNTHETIC_DEMO_DATA
759,Odisha Coast,19.66026,85.87778,2025-04-03 00:57:02,30.77,1.02,29.518,2.943,0.601,103.72,17.931,14.758,1003.39,99.94,2.0,8.126,0,none,0.473,0.74,0.693,0.426,MEDIUM,SYNTHETIC_DEMO_DATA
760,Goa Coast,15.69379,73.80692,2025-04-03 03:51:53,29.326,0.376,34.119,2.562,1.029,8.5,20.259,15.379,1008.797,66.648,1.64,12.133,0,none,0.52,0.67,0.721,0.314,MEDIUM,SYNTHETIC_DEMO_DATA
761,Odisha Coast,19.97485,85.97376,2025-04-03 06:46:44,29.733,-0.017,31.182,1.465,1.077,252.83,1.0,3.016,1021.961,78.02,0.614,2.959,0,none,0.415,0.835,0.819,0.168,LOW,SYNTHETIC_DEMO_DATA
762,Mumbai Coast,18.83714,72.65493,2025-04-03 09:41:35,28.592,-0.158,31.392,1.444,0.722,344.24,7.111,15.693,1024.792,60.295,1.374,8.014,1,anticyclonic,0.48,0.765,0.698,0.237,LOW,SYNTHETIC_DEMO_DATA
763,Lakshadweep,10.56541,73.14079,2025-04-03 12:36:26,28.618,-0.632,37.572,2.151,1.168,57.49,13.807,5.701,1004.917,40.362,0.516,1.76,0,none,0.329,0.62,0.762,0.248,LOW,SYNTHETIC_DEMO_DATA
764,Lakshadweep,10.63156,72.67907,2025-04-03 15:31:17,30.14,0.89,35.972,1.108,0.346,204.47,7.594,5.052,1008.177,95.746,1.187,8.941,1,cyclonic,0.463,0.736,0.588,0.332,MEDIUM,SYNTHETIC_DEMO_DATA
765,Chennai Coast,13.32821,80.14163,2025-04-03 18:26:08,29.641,-0.309,34.29,2.041,1.024,145.2,11.455,21.232,1007.209,77.849,1.636,11.665,1,anticyclonic,0.512,0.626,0.802,0.313,MEDIUM,SYNTHETIC_DEMO_DATA
766,Goa Coast,15.46397,74.13993,2025-04-03 21:20:59,29.203,0.253,32.689,1.437,0.546,280.96,10.405,7.92,1009.52,58.181,1.192,5.924,1,anticyclonic,0.597,0.738,0.786,0.259,LOW,SYNTHETIC_DEMO_DATA
767,Gujarat Coast,22.28743,69.65476,2025-04-04 00:15:50,28.264,0.014,33.375,2.395,1.31,89.81,13.013,5.166,1006.895,67.361,1.274,11.018,1,cyclonic,0.478,0.69,0.89,0.244,LOW,SYNTHETIC_DEMO_DATA
768,Kerala Coast,10.11164,76.23432,2025-04-04 03:10:41,29.373,0.323,32.596,1.316,0.069,308.18,9.438,37.574,1018.315,88.914,2.646,17.061,0,none,0.767,0.544,0.729,0.324,MEDIUM,SYNTHETIC_DEMO_DATA
769,Odisha Coast,20.053,85.94824,2025-04-04 06:05:32,28.31,-1.44,28.8,1.145,0.348,182.93,10.639,19.824,1003.113,71.761,1.659,13.55,1,cyclonic,0.49,0.508,0.54,0.526,MEDIUM,SYNTHETIC_DEMO_DATA
770,Chennai Coast,13.22026,80.15659,2025-04-04 09:00:23,28.297,-1.653,32.908,2.565,0.906,349.5,16.436,10.01,1013.822,84.092,1.536,13.737,0,none,0.416,0.501,0.469,0.527,MEDIUM,SYNTHETIC_DEMO_DATA
771,Gujarat Coast,22.38032,69.93933,2025-04-04 11:55:14,28.217,-0.033,35.253,1.565,0.891,184.44,10.388,12.466,1019.115,79.276,1.012,7.789,1,anticyclonic,0.323,0.796,0.804,0.17,LOW,SYNTHETIC_DEMO_DATA
772,Lakshadweep,10.83792,72.5982,2025-04-04 14:50:05,29.443,0.193,32.873,1.583,0.949,122.57,17.691,9.52,1024.459,86.414,1.103,7.418,0,none,0.494,0.742,0.716,0.287,LOW,SYNTHETIC_DEMO_DATA
773,Sundarbans,21.66312,89.28958,2025-04-04 17:44:56,28.741,-0.209,21.079,1.611,0.461,161.69,11.213,9.608,1012.42,84.537,1.422,9.412,1,anticyclonic,0.534,0.807,0.821,0.308,MEDIUM,SYNTHETIC_DEMO_DATA
774,Goa Coast,15.76053,73.74678,2025-04-04 20:39:47,28.113,-0.837,33.236,2.078,1.185,303.04,17.976,10.393,1017.916,71.113,0.87,7.88,0,none,0.376,0.718,0.572,0.426,MEDIUM,SYNTHETIC_DEMO_DATA
775,Andaman & Nicobar,11.55134,92.37819,2025-04-04 23:34:39,30.075,0.325,31.789,1.921,0.126,346.21,18.606,27.506,1008.341,83.453,2.751,20.4,1,cyclonic,0.698,0.758,0.481,0.463,MEDIUM,SYNTHETIC_DEMO_DATA
776,Lakshadweep,10.79649,72.60043,2025-04-05 02:29:30,29.617,0.367,34.752,2.365,0.95,194.71,16.937,2.252,1015.783,73.669,1.508,7.548,0,none,0.414,0.628,0.674,0.296,LOW,SYNTHETIC_DEMO_DATA
777,Kerala Coast,9.90021,75.90416,2025-04-05 05:24:21,29.43,0.38,33.203,1.389,0.609,209.93,12.291,16.613,1010.988,82.826,1.727,10.577,0,none,0.475,0.809,0.736,0.268,LOW,SYNTHETIC_DEMO_DATA
778,Odisha Coast,19.94067,85.69485,2025-04-05 08:19:12,29.641,-0.109,29.483,0.822,1.047,140.88,8.967,0.0,1017.98,72.963,0.605,4.002,0,none,0.233,0.774,0.726,0.18,LOW,SYNTHETIC_DEMO_DATA
779,Visakhapatnam,17.63128,83.06334,2025-04-05 11:14:03,29.48,0.23,34.158,1.413,0.504,359.83,15.881,0.0,1010.234,79.407,1.063,4.667,0,none,0.245,0.671,0.832,0.207,LOW,SYNTHETIC_DEMO_DATA
780,Andaman & Nicobar,11.36985,92.82967,2025-04-05 14:08:54,30.098,0.348,33.486,2.973,1.059,196.72,25.985,28.578,1013.514,62.771,1.175,18.051,0,none,0.481,0.559,0.613,0.348,MEDIUM,SYNTHETIC_DEMO_DATA
781,Andaman & Nicobar,11.72275,92.67219,2025-04-05 17:03:45,31.292,1.542,33.343,1.501,0.653,191.57,10.284,19.856,1021.285,65.093,2.058,13.68,0,none,0.386,0.523,0.623,0.436,MEDIUM,SYNTHETIC_DEMO_DATA
782,Gujarat Coast,21.98015,69.64416,2025-04-05 19:58:36,28.328,0.078,33.78,1.974,0.798,328.8,13.627,16.099,995.475,55.827,1.862,15.807,0,none,0.505,0.69,0.675,0.3,LOW,SYNTHETIC_DEMO_DATA
783,Odisha Coast,19.68993,86.17501,2025-04-05 22:53:27,31.488,1.738,29.521,1.77,0.572,1.0,13.072,9.033,1009.445,68.849,0.831,8.477,0,none,0.46,0.559,0.541,0.551,MEDIUM,SYNTHETIC_DEMO_DATA
784,Odisha Coast,19.71951,85.64609,2025-04-06 01:48:18,29.473,-0.277,29.934,1.9,0.513,278.3,8.488,2.547,1019.029,67.544,0.988,5.739,0,none,0.425,0.703,0.847,0.245,LOW,SYNTHETIC_DEMO_DATA
785,Kerala Coast,9.58931,76.39766,2025-04-06 04:43:09,27.493,-1.557,35.02,1.59,0.971,178.65,12.163,23.137,1008.072,52.409,1.899,10.94,0,none,0.554,0.572,0.505,0.497,MEDIUM,SYNTHETIC_DEMO_DATA
786,Mumbai Coast,19.23054,73.13346,2025-04-06 07:38:00,28.605,-0.145,34.665,1.266,0.685,76.48,6.48,8.69,1008.523,78.258,1.719,6.506,0,none,0.311,0.69,0.689,0.221,LOW,SYNTHETIC_DEMO_DATA
787,Sundarbans,21.73741,89.33125,2025-04-06 10:32:51,29.231,0.281,22.813,2.331,0.88,142.1,17.85,25.88,1006.872,65.757,2.065,13.941,0,none,0.627,0.751,0.734,0.303,MEDIUM,SYNTHETIC_DEMO_DATA
788,Gujarat Coast,22.11719,69.59148,2025-04-06 13:27:42,29.2,0.95,37.452,1.085,0.413,331.21,9.388,4.852,1013.54,84.111,0.984,7.025,1,anticyclonic,0.411,0.523,0.799,0.41,MEDIUM,SYNTHETIC_DEMO_DATA
789,Mumbai Coast,19.16017,72.704,2025-04-06 16:22:33,29.991,1.241,31.63,2.157,0.788,287.7,12.5,21.595,1017.127,75.015,2.515,17.938,0,none,0.666,0.656,0.666,0.509,MEDIUM,SYNTHETIC_DEMO_DATA
790,Sundarbans,22.00304,89.63542,2025-04-06 19:17:24,28.316,-0.634,20.234,1.538,0.816,320.31,10.243,25.495,1005.542,93.294,2.124,10.86,0,none,0.614,0.798,0.714,0.41,MEDIUM,SYNTHETIC_DEMO_DATA
791,Sundarbans,22.06407,89.22703,2025-04-06 22:12:15,28.946,-0.004,21.27,2.913,0.256,194.6,24.43,26.746,1007.702,88.226,1.759,18.792,1,anticyclonic,0.632,0.787,0.729,0.382,MEDIUM,SYNTHETIC_DEMO_DATA
792,Kerala Coast,9.97062,75.94107,2025-04-07 01:07:07,29.803,0.753,33.938,1.307,0.321,2.67,2.978,16.975,1015.901,86.998,1.236,6.761,0,none,0.511,0.661,0.601,0.365,MEDIUM,SYNTHETIC_DEMO_DATA
793,Goa Coast,15.71214,73.91197,2025-04-07 04:01:58,28.396,-0.554,32.532,2.113,0.896,321.25,12.523,0.0,996.693,81.65,1.307,10.982,0,none,0.358,0.741,0.673,0.289,LOW,SYNTHETIC_DEMO_DATA
794,Andaman & Nicobar,11.45153,92.67227,2025-04-07 06:56:49,29.747,-0.003,30.628,1.223,0.594,150.86,6.879,13.55,1009.144,80.616,1.237,9.782,0,none,0.518,0.762,0.842,0.184,LOW,SYNTHETIC_DEMO_DATA
795,Kerala Coast,10.22934,76.54373,2025-04-07 09:51:40,30.169,1.119,31.65,1.491,0.743,132.92,6.234,32.504,1014.579,94.746,1.686,12.656,0,none,0.762,0.674,0.623,0.467,MEDIUM,SYNTHETIC_DEMO_DATA
796,Visakhapatnam,17.66674,83.29321,2025-04-07 12:46:31,29.993,0.743,34.501,1.517,0.815,356.46,7.772,11.138,1010.357,83.688,1.013,7.344,0,none,0.44,0.74,0.611,0.326,MEDIUM,SYNTHETIC_DEMO_DATA
797,Lakshadweep,10.44417,72.43668,2025-04-07 15:41:22,29.465,0.215,34.578,2.029,0.557,267.19,6.989,24.444,999.81,80.688,2.249,17.416,0,none,0.687,0.795,0.702,0.222,LOW,SYNTHETIC_DEMO_DATA
798,Kerala Coast,9.95134,76.5997,2025-04-07 18:36:13,29.037,-0.013,34.788,1.582,0.744,11.15,8.001,11.248,1006.078,69.882,0.759,10.457,0,none,0.347,0.721,0.715,0.235,LOW,SYNTHETIC_DEMO_DATA
799,Chennai Coast,13.10837,80.21213,2025-04-07 21:31:04,29.386,-0.564,35.648,1.718,0.764,106.7,15.54,19.23,1012.879,85.118,1.434,11.784,0,none,0.393,0.723,0.696,0.291,LOW,SYNTHETIC_DEMO_DATA
800,Kerala Coast,10.03652,76.23842,2025-04-08 00:25:55,29.244,0.194,33.171,1.223,0.63,83.09,6.548,11.192,1016.348,82.041,1.473,8.856,1,anticyclonic,0.373,0.636,0.72,0.298,LOW,SYNTHETIC_DEMO_DATA
801,Sundarbans,21.56976,89.30054,2025-04-08 03:20:46,28.587,-0.363,19.395,0.972,1.139,230.5,1.403,19.987,1009.467,67.294,1.501,5.765,1,anticyclonic,0.57,0.68,0.614,0.296,LOW,SYNTHETIC_DEMO_DATA
802,Chennai Coast,12.94686,80.2389,2025-04-08 06:15:37,30.11,0.16,34.836,1.243,0.439,312.8,8.584,2.872,1016.313,78.272,0.213,4.557,0,none,0.35,0.745,0.748,0.233,LOW,SYNTHETIC_DEMO_DATA
803,Mumbai Coast,18.73797,72.62703,2025-04-08 09:10:28,28.399,-0.351,32.195,1.49,0.805,137.87,12.138,25.994,1004.551,85.122,1.89,18.346,0,none,0.648,0.715,0.553,0.298,LOW,SYNTHETIC_DEMO_DATA
804,Lakshadweep,10.35918,72.64729,2025-04-08 12:05:19,29.446,0.196,35.429,1.596,0.296,326.46,20.015,3.933,999.114,59.047,1.85,11.168,1,cyclonic,0.388,0.733,0.805,0.268,LOW,SYNTHETIC_DEMO_DATA
805,Goa Coast,15.4842,73.66229,2025-04-08 15:00:10,28.662,-0.288,33.062,1.764,0.796,116.36,18.904,12.066,1007.831,53.231,1.065,15.141,0,none,0.458,0.595,0.596,0.291,LOW,SYNTHETIC_DEMO_DATA
806,Goa Coast,15.50804,73.71811,2025-04-08 17:55:01,29.334,0.384,33.294,1.717,1.109,29.59,9.996,22.333,995.064,74.895,2.218,11.957,1,anticyclonic,0.681,0.787,0.748,0.255,LOW,SYNTHETIC_DEMO_DATA
807,Mumbai Coast,19.22464,72.57999,2025-04-08 20:49:52,29.095,0.345,36.24,2.106,0.601,204.3,13.939,7.877,1007.426,76.45,1.439,6.35,1,cyclonic,0.291,0.483,0.595,0.413,MEDIUM,SYNTHETIC_DEMO_DATA
808,Odisha Coast,19.59037,85.97646,2025-04-08 23:44:43,30.218,0.468,30.469,2.126,0.598,80.86,10.8,9.865,1010.853,94.192,1.643,11.002,0,none,0.394,0.593,0.603,0.371,MEDIUM,SYNTHETIC_DEMO_DATA
809,Chennai Coast,13.03433,80.35628,2025-04-09 02:39:35,29.33,-0.62,32.398,1.897,0.361,35.44,6.701,10.903,1002.41,71.982,1.645,9.342,0,none,0.602,0.615,0.669,0.292,LOW,SYNTHETIC_DEMO_DATA
810,Lakshadweep,10.23078,72.50775,2025-04-09 05:34:26,31.646,2.396,36.138,2.527,0.858,224.89,11.133,22.98,1026.03,100.0,1.794,12.557,1,cyclonic,0.604,0.474,0.351,0.746,HIGH,SYNTHETIC_DEMO_DATA
811,Sundarbans,21.81144,89.06215,2025-04-09 08:29:17,29.878,0.928,21.404,1.582,0.769,208.82,10.139,16.858,1019.532,74.214,1.837,11.962,0,none,0.397,0.565,0.703,0.448,MEDIUM,SYNTHETIC_DEMO_DATA
812,Andaman & Nicobar,11.58506,92.36941,2025-04-09 11:24:08,28.91,-0.84,33.477,1.67,0.439,49.37,8.242,8.528,1018.803,86.283,1.279,8.826,0,none,0.471,0.775,0.597,0.298,LOW,SYNTHETIC_DEMO_DATA
813,Gujarat Coast,22.25823,69.65824,2025-04-09 14:18:59,27.656,-0.594,35.539,2.65,0.433,150.25,15.022,5.776,1002.536,78.206,1.06,4.638,0,none,0.376,0.772,0.712,0.34,MEDIUM,SYNTHETIC_DEMO_DATA
814,Visakhapatnam,17.83305,82.64475,2025-04-09 17:13:50,28.95,-0.3,35.402,0.802,0.419,202.64,6.61,7.387,1004.775,91.542,1.221,6.525,1,cyclonic,0.385,0.704,0.758,0.298,LOW,SYNTHETIC_DEMO_DATA
815,Goa Coast,15.4495,73.75127,2025-04-09 20:08:41,27.396,-1.554,32.613,2.522,0.768,113.87,19.349,7.82,1016.897,51.167,1.686,8.62,1,cyclonic,0.326,0.535,0.554,0.558,MEDIUM,SYNTHETIC_DEMO_DATA
816,Andaman & Nicobar,11.39697,92.60792,2025-04-09 23:03:32,29.701,-0.049,32.95,1.924,0.783,105.48,14.386,17.204,1020.113,85.439,1.664,11.634,0,none,0.601,0.935,0.784,0.14,LOW,SYNTHETIC_DEMO_DATA
817,Sundarbans,22.05236,89.27376,2025-04-10 01:58:23,30.43,1.48,21.536,2.66,0.723,45.14,19.475,22.908,996.694,95.893,2.058,16.1,0,none,0.642,0.661,0.468,0.619,HIGH,SYNTHETIC_DEMO_DATA
818,Odisha Coast,20.19172,85.82467,2025-04-10 04:53:14,30.853,1.103,31.119,1.332,1.009,216.33,7.414,26.996,1009.602,71.055,1.919,14.256,1,anticyclonic,0.586,0.8,0.556,0.522,MEDIUM,SYNTHETIC_DEMO_DATA
819,Gujarat Coast,22.40476,69.56725,2025-04-10 07:48:05,29.531,1.281,35.314,2.202,1.202,151.38,20.763,6.773,1015.887,82.211,0.991,11.096,1,cyclonic,0.331,0.49,0.542,0.462,MEDIUM,SYNTHETIC_DEMO_DATA
820,Lakshadweep,10.33802,72.79648,2025-04-10 10:42:56,29.828,0.578,34.322,1.183,0.686,176.72,6.629,10.781,1015.52,64.157,1.282,6.672,0,none,0.305,0.594,0.724,0.258,LOW,SYNTHETIC_DEMO_DATA
821,Sundarbans,21.90378,89.36215,2025-04-10 13:37:47,29.134,0.184,22.377,1.339,0.669,211.43,11.556,11.549,998.965,78.736,1.816,8.814,1,cyclonic,0.435,0.576,0.628,0.378,MEDIUM,SYNTHETIC_DEMO_DATA
822,Gujarat Coast,22.01074,69.66247,2025-04-10 16:32:38,28.923,0.673,34.902,1.406,0.594,253.5,9.342,5.206,1013.402,62.05,0.203,8.304,1,anticyclonic,0.288,0.593,0.683,0.408,MEDIUM,SYNTHETIC_DEMO_DATA
823,Odisha Coast,19.66531,85.66804,2025-04-10 19:27:29,28.545,-1.205,29.356,0.878,1.195,193.92,4.281,14.712,1007.007,91.855,1.003,8.464,1,anticyclonic,0.353,0.663,0.609,0.513,MEDIUM,SYNTHETIC_DEMO_DATA
824,Gujarat Coast,22.23437,69.64864,2025-04-10 22:22:20,27.883,-0.367,35.216,2.519,0.981,241.05,19.288,3.295,1012.666,72.929,1.119,7.784,1,anticyclonic,0.269,0.652,0.623,0.333,MEDIUM,SYNTHETIC_DEMO_DATA
825,Gujarat Coast,22.06114,69.51935,2025-04-11 01:17:11,28.008,-0.242,33.555,1.961,0.558,250.43,15.79,0.0,1015.834,73.803,1.074,7.444,1,cyclonic,0.309,0.756,0.719,0.276,LOW,SYNTHETIC_DEMO_DATA
826,Sundarbans,22.3193,89.29555,2025-04-11 04:12:03,28.97,0.02,21.988,1.779,0.876,337.87,8.57,16.476,1021.294,78.603,1.723,11.923,1,cyclonic,0.529,0.626,0.722,0.306,MEDIUM,SYNTHETIC_DEMO_DATA
827,Gujarat Coast,22.32715,69.66835,2025-04-11 07:06:54,27.567,-0.683,37.033,1.794,0.777,160.57,11.853,0.0,1023.149,56.253,0.639,3.437,0,none,0.421,0.537,0.606,0.306,MEDIUM,SYNTHETIC_DEMO_DATA
828,Andaman & Nicobar,12.02034,92.53712,2025-04-11 10:01:45,29.952,0.202,32.301,0.506,0.593,6.29,3.927,11.387,1008.99,85.245,1.423,5.977,0,none,0.507,0.724,0.821,0.232,LOW,SYNTHETIC_DEMO_DATA
829,Andaman & Nicobar,11.52127,92.8139,2025-04-11 12:56:36,29.644,-0.106,31.35,1.274,0.923,209.07,7.147,24.44,1005.444,71.073,1.93,10.977,1,anticyclonic,0.61,0.854,0.729,0.188,LOW,SYNTHETIC_DEMO_DATA
830,Sundarbans,22.12499,89.52461,2025-04-11 15:51:27,27.552,-1.398,21.987,1.455,0.405,133.4,12.196,10.911,1019.848,76.112,1.11,12.258,1,cyclonic,0.439,0.601,0.562,0.539,MEDIUM,SYNTHETIC_DEMO_DATA
831,Visakhapatnam,17.52013,83.199,2025-04-11 18:46:18,28.601,-0.649,30.533,1.704,0.399,287.96,14.147,6.991,1020.254,77.875,1.211,8.75,1,cyclonic,0.559,0.747,0.752,0.3,MEDIUM,SYNTHETIC_DEMO_DATA
832,Visakhapatnam,17.4751,83.13021,2025-04-11 21:41:09,28.446,-0.804,31.265,1.105,0.647,19.07,8.859,7.905,1003.358,78.978,1.362,7.26,1,cyclonic,0.38,0.688,0.71,0.353,MEDIUM,SYNTHETIC_DEMO_DATA
833,Kerala Coast,10.17029,76.61584,2025-04-12 00:36:00,29.617,0.567,31.021,2.111,0.45,86.41,19.433,16.134,1008.625,88.272,2.324,14.177,0,none,0.682,0.724,0.663,0.331,MEDIUM,SYNTHETIC_DEMO_DATA
834,Odisha Coast,19.92751,86.00494,2025-04-12 03:30:51,30.468,0.718,28.024,2.189,0.948,25.45,14.137,18.694,1010.095,57.558,2.285,10.72,0,none,0.636,0.633,0.529,0.434,MEDIUM,SYNTHETIC_DEMO_DATA
835,Andaman & Nicobar,11.55668,92.72424,2025-04-12 06:25:42,30.056,0.306,32.277,2.594,0.879,356.27,15.536,7.498,1012.868,42.804,0.846,6.712,1,cyclonic,0.479,0.7,0.635,0.256,LOW,SYNTHETIC_DEMO_DATA
836,Goa Coast,15.68301,73.79655,2025-04-12 09:20:33,28.268,-0.682,33.779,2.17,0.368,245.01,17.301,10.234,1003.863,47.736,1.444,10.067,1,cyclonic,0.518,0.762,0.71,0.356,MEDIUM,SYNTHETIC_DEMO_DATA
837,Andaman & Nicobar,11.39252,92.65701,2025-04-12 12:15:24,29.713,-0.037,32.981,2.672,0.365,312.02,18.411,6.347,1020.535,62.181,0.271,8.526,1,anticyclonic,0.408,0.664,0.746,0.256,LOW,SYNTHETIC_DEMO_DATA
838,Odisha Coast,19.58486,86.01307,2025-04-12 15:10:15,30.374,0.624,29.208,1.587,0.574,153.05,8.973,17.195,1011.755,74.627,1.219,11.524,1,cyclonic,0.475,0.599,0.541,0.413,MEDIUM,SYNTHETIC_DEMO_DATA
839,Sundarbans,21.93994,89.28428,2025-04-12 18:05:06,30.265,1.315,18.723,2.03,0.484,53.76,16.538,19.196,1002.615,72.279,1.797,11.617,0,none,0.479,0.592,0.622,0.607,HIGH,SYNTHETIC_DEMO_DATA
840,Lakshadweep,10.71056,72.4375,2025-04-12 20:59:57,27.433,-1.817,35.301,1.695,0.707,170.88,12.905,7.249,1007.265,79.455,1.149,4.932,1,cyclonic,0.272,0.625,0.515,0.52,MEDIUM,SYNTHETIC_DEMO_DATA
841,Visakhapatnam,17.6279,83.14357,2025-04-12 23:54:48,29.664,0.414,35.451,1.78,0.538,177.7,12.825,0.0,1007.222,80.051,1.318,11.022,1,cyclonic,0.274,0.573,0.652,0.279,LOW,SYNTHETIC_DEMO_DATA
842,Gujarat Coast,22.28068,69.74239,2025-04-13 02:49:39,28.19,-0.06,35.198,2.203,0.466,235.25,13.465,0.0,1021.348,76.803,1.293,5.68,0,none,0.28,0.726,0.707,0.191,LOW,SYNTHETIC_DEMO_DATA
843,Lakshadweep,10.41664,72.74742,2025-04-13 05:44:31,30.014,0.764,34.569,1.323,0.755,207.78,6.929,0.0,1019.171,70.007,1.387,8.096,0,none,0.45,0.764,0.736,0.265,LOW,SYNTHETIC_DEMO_DATA
844,Sundarbans,22.09556,89.32908,2025-04-13 08:39:22,28.401,-0.549,20.199,1.307,0.751,1.28,12.962,19.192,1011.25,67.341,2.117,14.177,1,anticyclonic,0.497,0.548,0.714,0.473,MEDIUM,SYNTHETIC_DEMO_DATA
845,Sundarbans,22.2612,89.277,2025-04-13 11:34:13,30.094,1.144,22.99,1.739,0.48,65.68,13.828,2.026,1016.281,87.531,1.421,4.388,1,anticyclonic,0.386,0.54,0.481,0.504,MEDIUM,SYNTHETIC_DEMO_DATA
846,Sundarbans,21.84722,89.40235,2025-04-13 14:29:04,27.16,-1.79,23.927,1.934,0.05,35.49,14.264,11.737,1000.723,80.697,1.031,7.631,0,none,0.346,0.434,0.582,0.65,HIGH,SYNTHETIC_DEMO_DATA
847,Odisha Coast,19.76909,85.82647,2025-04-13 17:23:55,30.067,0.317,30.571,1.443,1.02,191.2,12.355,5.989,1013.361,70.865,1.409,11.768,0,none,0.439,0.623,0.636,0.328,MEDIUM,SYNTHETIC_DEMO_DATA
848,Sundarbans,21.97863,89.06219,2025-04-13 20:18:46,29.75,0.8,21.368,2.217,1.005,47.39,12.194,24.664,1016.739,66.46,2.42,13.682,0,none,0.585,0.513,0.545,0.493,MEDIUM,SYNTHETIC_DEMO_DATA
849,Andaman & Nicobar,11.88023,92.74184,2025-04-13 23:13:37,29.886,0.136,31.151,2.121,0.776,111.38,13.956,23.168,1003.945,84.924,2.241,13.339,1,cyclonic,0.594,0.617,0.833,0.3,MEDIUM,SYNTHETIC_DEMO_DATA
850,Gujarat Coast,22.45039,69.14505,2025-04-14 02:08:28,28.065,-0.185,36.477,1.452,0.579,144.96,11.364,5.327,1017.036,67.919,1.486,10.575,1,anticyclonic,0.286,0.822,0.844,0.266,LOW,SYNTHETIC_DEMO_DATA
851,Lakshadweep,10.73645,72.6324,2025-04-14 05:03:19,29.586,0.336,37.068,1.54,0.355,352.37,8.946,6.323,1011.102,80.252,0.811,4.234,0,none,0.247,0.602,0.605,0.266,LOW,SYNTHETIC_DEMO_DATA
852,Andaman & Nicobar,11.97668,92.41563,2025-04-14 07:58:10,28.893,-0.857,31.187,2.738,0.757,204.75,16.654,21.965,1004.97,53.7,1.288,14.056,0,none,0.422,0.644,0.728,0.441,MEDIUM,SYNTHETIC_DEMO_DATA
853,Lakshadweep,10.36203,72.52068,2025-04-14 10:53:01,28.86,-0.39,32.085,1.838,0.6,92.22,17.844,12.124,993.717,76.079,1.579,12.905,1,anticyclonic,0.412,0.648,0.716,0.337,MEDIUM,SYNTHETIC_DEMO_DATA
854,Visakhapatnam,17.66043,83.03418,2025-04-14 13:47:52,28.716,-0.534,33.873,1.852,0.63,17.0,14.39,10.685,1021.007,66.526,1.898,6.039,1,anticyclonic,0.515,0.68,0.761,0.291,LOW,SYNTHETIC_DEMO_DATA
855,Visakhapatnam,17.57541,83.58267,2025-04-14 16:42:43,28.808,-0.442,35.562,1.616,0.766,13.47,8.622,8.235,999.419,96.446,0.61,13.457,1,cyclonic,0.335,0.648,0.631,0.333,MEDIUM,SYNTHETIC_DEMO_DATA
856,Andaman & Nicobar,11.73528,92.39729,2025-04-14 19:37:34,30.818,1.068,33.16,2.393,0.777,245.15,15.58,17.051,1006.299,98.677,1.961,15.764,0,none,0.577,0.691,0.579,0.389,MEDIUM,SYNTHETIC_DEMO_DATA
857,Visakhapatnam,18.00684,83.00554,2025-04-14 22:32:25,30.275,1.025,33.388,1.357,0.715,78.02,5.364,0.469,1004.414,87.085,1.555,10.353,0,none,0.39,0.548,0.611,0.388,MEDIUM,SYNTHETIC_DEMO_DATA
858,Sundarbans,21.88177,88.88912,2025-04-15 01:27:16,27.7,-1.25,20.147,1.774,0.916,19.48,13.188,35.056,1012.848,75.695,2.614,19.765,1,anticyclonic,0.726,0.476,0.543,0.587,MEDIUM,SYNTHETIC_DEMO_DATA
859,Gujarat Coast,22.34629,69.4418,2025-04-15 04:22:07,26.909,-1.341,34.069,3.246,1.065,321.67,16.905,9.845,1020.841,93.893,1.261,9.555,0,none,0.416,0.525,0.532,0.615,HIGH,SYNTHETIC_DEMO_DATA
860,Andaman & Nicobar,11.68967,92.71562,2025-04-15 07:16:59,30.105,0.355,30.658,2.008,0.707,237.54,14.947,15.94,1006.907,90.949,1.763,12.646,1,anticyclonic,0.513,0.52,0.737,0.335,MEDIUM,SYNTHETIC_DEMO_DATA
861,Lakshadweep,10.37305,72.69612,2025-04-15 10:11:50,30.007,0.757,33.973,2.451,0.617,305.83,17.856,13.184,1015.028,79.155,1.551,6.733,0,none,0.409,0.657,0.664,0.339,MEDIUM,SYNTHETIC_DEMO_DATA
862,Lakshadweep,10.36049,72.76724,2025-04-15 13:06:41,29.57,0.32,35.547,1.995,0.671,288.03,8.661,0.0,999.498,81.939,0.852,5.204,1,cyclonic,0.402,0.723,0.744,0.251,LOW,SYNTHETIC_DEMO_DATA
863,Odisha Coast,19.75338,85.113,2025-04-15 16:01:32,29.123,-0.627,29.424,1.452,0.543,94.8,8.526,27.278,1007.885,76.176,2.214,14.488,0,none,0.666,0.645,0.591,0.376,MEDIUM,SYNTHETIC_DEMO_DATA
864,Goa Coast,15.4698,73.81056,2025-04-15 18:56:23,27.422,-1.528,31.62,1.668,1.126,348.11,6.857,10.32,1017.36,90.495,1.898,10.474,1,anticyclonic,0.477,0.6,0.501,0.561,MEDIUM,SYNTHETIC_DEMO_DATA
865,Andaman & Nicobar,11.90689,93.00494,2025-04-15 21:51:14,30.182,0.432,30.527,1.24,0.351,114.47,11.954,25.525,1034.825,94.591,2.132,17.811,1,cyclonic,0.655,0.629,0.681,0.345,MEDIUM,SYNTHETIC_DEMO_DATA
866,Gujarat Coast,22.13023,69.9176,2025-04-16 00:46:05,28.577,0.327,34.447,1.618,1.274,335.13,7.036,2.635,1018.612,73.313,0.724,6.652,1,anticyclonic,0.358,0.582,0.638,0.359,MEDIUM,SYNTHETIC_DEMO_DATA
867,Andaman & Nicobar,11.4675,92.39378,2025-04-16 03:40:56,30.486,0.736,31.262,2.059,0.806,174.3,12.667,14.071,1013.915,70.243,1.361,13.4,0,none,0.295,0.582,0.603,0.315,MEDIUM,SYNTHETIC_DEMO_DATA
868,Andaman & Nicobar,11.56578,92.96469,2025-04-16 06:35:47,29.249,-0.501,30.979,1.094,0.977,265.26,5.692,21.007,1006.781,82.124,1.743,10.197,0,none,0.506,0.584,0.761,0.326,MEDIUM,SYNTHETIC_DEMO_DATA
869,Kerala Coast,9.84789,76.14018,2025-04-16 09:30:38,29.003,-0.047,31.853,2.462,0.598,281.84,18.081,28.437,1000.81,77.333,1.445,15.869,0,none,0.477,0.872,0.835,0.212,LOW,SYNTHETIC_DEMO_DATA
870,Sundarbans,22.41781,89.36751,2025-04-16 12:25:29,29.295,0.345,21.084,0.39,0.563,71.41,1.0,12.837,1016.478,75.585,1.165,7.727,1,cyclonic,0.504,0.652,0.692,0.417,MEDIUM,SYNTHETIC_DEMO_DATA
871,Kerala Coast,9.86869,76.18189,2025-04-16 15:20:20,29.47,0.42,28.913,0.886,0.376,358.54,3.074,24.685,1020.032,90.099,2.0,15.64,0,none,0.552,0.828,0.68,0.309,MEDIUM,SYNTHETIC_DEMO_DATA
872,Visakhapatnam,17.59794,83.50139,2025-04-16 18:15:11,29.726,0.476,34.588,2.785,0.824,257.53,19.214,12.867,1012.391,74.652,0.967,12.835,1,cyclonic,0.298,0.655,0.796,0.316,MEDIUM,SYNTHETIC_DEMO_DATA
873,Odisha Coast,19.97318,86.30114,2025-04-16 21:10:02,30.897,1.147,30.862,0.52,0.462,94.99,8.776,21.901,1012.144,83.245,0.309,10.18,0,none,0.348,0.502,0.589,0.481,MEDIUM,SYNTHETIC_DEMO_DATA
874,Odisha Coast,19.72628,86.10435,2025-04-17 00:04:53,30.641,0.891,28.738,1.596,0.753,173.14,7.642,15.462,1001.767,73.31,1.238,11.304,0,none,0.419,0.527,0.655,0.428,MEDIUM,SYNTHETIC_DEMO_DATA
875,Gujarat Coast,21.99669,69.6509,2025-04-17 02:59:44,29.216,0.966,37.136,1.192,0.859,319.13,4.422,0.0,1009.183,87.395,0.445,1.768,1,cyclonic,0.208,0.603,0.616,0.408,MEDIUM,SYNTHETIC_DEMO_DATA
876,Mumbai Coast,18.84279,73.10114,2025-04-17 05:54:35,28.837,0.087,34.932,2.393,0.483,247.94,13.081,16.849,1012.446,63.879,1.916,11.622,0,none,0.591,0.797,0.634,0.226,LOW,SYNTHETIC_DEMO_DATA
877,Mumbai Coast,18.51078,72.7915,2025-04-17 08:49:26,27.54,-1.21,34.951,3.03,0.92,164.13,18.663,0.0,1024.439,73.688,0.571,5.027,1,cyclonic,0.488,0.642,0.684,0.438,MEDIUM,SYNTHETIC_DEMO_DATA
878,Goa Coast,15.18138,74.11516,2025-04-17 11:44:18,28.322,-0.628,33.67,1.604,0.933,101.13,13.744,3.007,1015.304,73.639,0.809,6.648,1,anticyclonic,0.339,0.625,0.746,0.34,MEDIUM,SYNTHETIC_DEMO_DATA
879,Mumbai Coast,18.95591,72.92007,2025-04-17 14:39:09,28.909,0.159,30.315,2.715,1.059,198.13,22.518,20.857,1012.358,69.041,1.965,14.749,0,none,0.587,0.696,0.539,0.341,MEDIUM,SYNTHETIC_DEMO_DATA
880,Gujarat Coast,22.40304,69.63053,2025-04-17 17:34:00,28.205,-0.045,36.54,1.812,0.881,34.97,16.826,0.0,1009.942,71.587,1.16,4.305,1,cyclonic,0.374,0.59,0.852,0.256,LOW,SYNTHETIC_DEMO_DATA
881,Sundarbans,22.02883,89.38145,2025-04-17 20:28:51,28.676,-0.274,18.6,1.946,1.092,66.19,13.005,29.994,1014.539,83.953,2.303,13.39,0,none,0.712,0.671,0.833,0.364,MEDIUM,SYNTHETIC_DEMO_DATA
882,Andaman & Nicobar,11.69444,92.75187,2025-04-17 23:23:42,29.844,0.094,32.029,1.902,0.326,103.01,17.0,33.391,1011.234,100.0,2.274,17.823,0,none,0.578,0.762,0.755,0.215,LOW,SYNTHETIC_DEMO_DATA
883,Kerala Coast,9.73724,76.57873,2025-04-18 02:18:33,28.554,-0.496,31.649,1.811,0.933,171.42,12.76,26.983,1021.589,79.745,2.325,15.034,0,none,0.513,0.628,0.563,0.44,MEDIUM,SYNTHETIC_DEMO_DATA
884,Odisha Coast,19.90786,85.81088,2025-04-18 05:13:24,29.635,-0.115,31.997,1.469,1.05,258.24,5.489,28.776,1008.601,100.0,1.764,14.734,1,cyclonic,0.57,0.857,0.746,0.382,MEDIUM,SYNTHETIC_DEMO_DATA
885,Andaman & Nicobar,11.30809,92.41659,2025-04-18 08:08:15,29.554,-0.196,31.005,1.964,1.248,342.89,19.462,11.157,1010.231,57.175,1.32,10.673,1,anticyclonic,0.413,0.718,0.803,0.273,LOW,SYNTHETIC_DEMO_DATA
886,Goa Coast,15.24619,74.02771,2025-04-18 11:03:06,28.988,0.038,33.786,1.197,1.208,300.0,8.876,15.804,1012.192,82.818,1.645,12.041,1,anticyclonic,0.485,0.624,0.645,0.266,LOW,SYNTHETIC_DEMO_DATA
887,Sundarbans,21.6307,89.5401,2025-04-18 13:57:57,28.255,-0.695,17.467,2.46,1.214,295.15,21.134,26.391,1023.66,74.375,1.699,15.248,0,none,0.429,0.519,0.722,0.467,MEDIUM,SYNTHETIC_DEMO_DATA
888,Odisha Coast,19.76812,86.17142,2025-04-18 16:52:48,27.84,-1.91,29.983,2.457,0.757,259.33,16.656,4.08,1011.128,80.298,0.833,10.481,1,cyclonic,0.358,0.559,0.435,0.687,HIGH,SYNTHETIC_DEMO_DATA
889,Sundarbans,21.84893,89.06386,2025-04-18 19:47:39,29.037,0.087,19.072,1.703,0.634,357.43,7.82,23.653,1003.013,90.407,1.851,6.949,1,cyclonic,0.618,0.705,0.824,0.374,MEDIUM,SYNTHETIC_DEMO_DATA
890,Visakhapatnam,17.95933,83.45821,2025-04-18 22:42:30,28.244,-1.006,32.051,1.081,0.763,272.72,9.781,10.513,1010.712,79.917,1.503,7.222,1,cyclonic,0.515,0.724,0.582,0.4,MEDIUM,SYNTHETIC_DEMO_DATA
891,Sundarbans,21.79424,89.14053,2025-04-19 01:37:21,28.087,-0.863,21.508,2.225,0.933,240.02,14.802,19.151,1013.008,80.066,1.235,14.768,0,none,0.368,0.573,0.61,0.401,MEDIUM,SYNTHETIC_DEMO_DATA
892,Goa Coast,15.41106,73.48032,2025-04-19 04:32:12,29.434,0.484,33.757,1.328,1.044,130.59,13.062,28.332,1010.74,81.868,1.903,15.318,0,none,0.623,0.792,0.713,0.279,LOW,SYNTHETIC_DEMO_DATA
893,Mumbai Coast,19.33517,73.02104,2025-04-19 07:27:03,28.413,-0.337,32.897,2.634,0.981,181.22,22.911,13.849,1002.123,57.8,1.472,11.576,0,none,0.436,0.611,0.667,0.357,MEDIUM,SYNTHETIC_DEMO_DATA
894,Lakshadweep,10.55511,72.37557,2025-04-19 10:21:54,28.0,-1.25,35.285,2.684,0.791,105.39,20.553,1.655,1024.128,79.564,0.732,6.139,0,none,0.402,0.578,0.628,0.422,MEDIUM,SYNTHETIC_DEMO_DATA
895,Goa Coast,15.95858,74.00451,2025-04-19 13:16:46,29.472,0.522,32.071,1.956,0.957,81.42,12.19,18.678,1007.03,93.262,1.633,9.694,1,anticyclonic,0.546,0.739,0.795,0.31,MEDIUM,SYNTHETIC_DEMO_DATA
896,Gujarat Coast,22.22547,69.33853,2025-04-19 16:11:37,28.688,0.438,37.436,2.125,1.098,175.16,15.538,1.923,1017.868,75.656,0.802,6.354,0,none,0.314,0.511,0.732,0.356,MEDIUM,SYNTHETIC_DEMO_DATA
897,Mumbai Coast,19.13214,72.98253,2025-04-19 19:06:28,28.225,-0.525,33.074,2.119,0.672,132.47,15.498,23.715,1015.018,86.076,1.761,11.073,1,anticyclonic,0.766,0.671,0.728,0.406,MEDIUM,SYNTHETIC_DEMO_DATA
898,Sundarbans,22.16314,89.31101,2025-04-19 22:01:19,28.268,-0.682,21.058,1.263,1.094,245.7,12.277,26.562,1023.178,94.038,1.961,18.142,1,cyclonic,0.499,0.726,0.752,0.424,MEDIUM,SYNTHETIC_DEMO_DATA
899,Sundarbans,21.93015,89.22761,2025-04-20 00:56:10,28.28,-0.67,21.002,1.845,0.248,143.86,8.547,9.112,1025.526,72.692,2.142,14.37,0,none,0.614,0.669,0.71,0.446,MEDIUM,SYNTHETIC_DEMO_DATA
900,Gujarat Coast,22.04725,69.71533,2025-04-20 03:51:01,28.502,0.252,36.948,1.993,0.705,244.86,12.516,7.892,1011.486,76.753,1.237,7.083,0,none,0.448,0.8,0.677,0.227,LOW,SYNTHETIC_DEMO_DATA
901,Sundarbans,22.17721,89.20599,2025-04-20 06:45:52,30.058,1.108,20.689,2.689,0.451,246.18,15.493,16.38,1015.981,61.026,0.808,11.128,0,none,0.389,0.68,0.552,0.462,MEDIUM,SYNTHETIC_DEMO_DATA
902,Sundarbans,22.11007,89.1301,2025-04-20 09:40:43,29.643,0.693,19.784,2.975,0.745,329.25,18.375,14.76,1001.481,70.175,1.49,13.552,0,none,0.53,0.58,0.554,0.503,MEDIUM,SYNTHETIC_DEMO_DATA
903,Visakhapatnam,17.54303,83.29082,2025-04-20 12:35:34,28.965,-0.285,32.857,1.533,0.559,146.35,11.211,6.382,1022.933,72.574,1.519,11.737,0,none,0.307,0.761,0.767,0.292,LOW,SYNTHETIC_DEMO_DATA
904,Andaman & Nicobar,11.94231,92.74745,2025-04-20 15:30:25,30.845,1.095,30.756,1.162,0.767,22.61,8.871,24.329,1006.89,77.311,1.957,11.822,1,cyclonic,0.596,0.635,0.729,0.415,MEDIUM,SYNTHETIC_DEMO_DATA
905,Kerala Coast,10.11807,76.66166,2025-04-20 18:25:16,29.618,0.568,33.4,2.104,0.864,279.15,7.015,26.682,999.953,75.099,2.177,11.347,0,none,0.603,0.619,0.644,0.364,MEDIUM,SYNTHETIC_DEMO_DATA
906,Goa Coast,15.30896,73.73248,2025-04-20 21:20:07,28.234,-0.716,34.402,1.527,1.025,300.08,8.414,6.047,1003.452,67.719,1.317,8.819,0,none,0.416,0.645,0.581,0.353,MEDIUM,SYNTHETIC_DEMO_DATA
907,Kerala Coast,9.92374,76.5599,2025-04-21 00:14:58,30.594,1.544,31.228,1.672,0.84,88.0,8.87,27.321,1019.788,48.101,1.115,13.805,1,anticyclonic,0.502,0.48,0.577,0.583,MEDIUM,SYNTHETIC_DEMO_DATA
908,Odisha Coast,20.21222,85.77876,2025-04-21 03:09:49,30.353,0.603,30.3,1.581,0.365,218.13,10.935,18.443,997.538,74.154,1.905,12.816,1,cyclonic,0.575,0.682,0.756,0.387,MEDIUM,SYNTHETIC_DEMO_DATA
909,Chennai Coast,13.07091,80.35345,2025-04-21 06:04:40,29.767,-0.183,36.216,1.855,0.82,218.48,8.774,2.225,1011.039,61.511,1.759,3.769,0,none,0.597,0.626,0.868,0.181,LOW,SYNTHETIC_DEMO_DATA
910,Sundarbans,21.83641,89.28493,2025-04-21 08:59:31,30.018,1.068,21.967,1.88,0.879,297.55,14.51,9.937,1003.679,76.609,1.047,7.122,1,anticyclonic,0.402,0.552,0.723,0.462,MEDIUM,SYNTHETIC_DEMO_DATA
911,Goa Coast,15.57381,73.80758,2025-04-21 11:54:22,29.743,0.793,33.364,1.355,1.423,336.72,8.973,16.504,1019.101,92.665,1.686,13.056,1,anticyclonic,0.46,0.668,0.645,0.476,MEDIUM,SYNTHETIC_DEMO_DATA
912,Odisha Coast,20.03416,85.93318,2025-04-21 14:49:14,28.224,-1.526,30.19,2.905,0.546,254.96,21.198,19.604,1002.668,74.708,1.477,11.608,1,anticyclonic,0.519,0.643,0.589,0.61,HIGH,SYNTHETIC_DEMO_DATA
913,Chennai Coast,13.2323,80.15906,2025-04-21 17:44:05,29.446,-0.504,33.359,1.477,1.354,222.25,11.444,20.502,1008.409,93.297,1.824,12.273,0,none,0.544,0.683,0.564,0.331,MEDIUM,SYNTHETIC_DEMO_DATA
914,Lakshadweep,10.56154,72.70244,2025-04-21 20:38:56,30.367,1.117,35.225,1.549,0.882,304.69,10.198,7.38,1018.409,80.243,1.438,13.066,1,cyclonic,0.341,0.601,0.597,0.446,MEDIUM,SYNTHETIC_DEMO_DATA
915,Mumbai Coast,18.98717,72.69438,2025-04-21 23:33:47,28.445,-0.305,34.761,2.603,1.025,80.54,13.416,5.117,1001.33,56.755,1.273,9.035,0,none,0.37,0.649,0.759,0.23,LOW,SYNTHETIC_DEMO_DATA
916,Kerala Coast,10.08269,76.38593,2025-04-22 02:28:38,29.474,0.424,31.991,1.8,1.181,205.72,15.976,26.507,1022.186,78.036,2.136,16.798,1,cyclonic,0.592,0.64,0.64,0.423,MEDIUM,SYNTHETIC_DEMO_DATA
917,Mumbai Coast,19.09625,72.79442,2025-04-22 05:23:29,28.655,-0.095,37.323,1.46,0.909,302.67,6.657,7.887,1017.393,58.639,1.333,4.491,0,none,0.434,1.0,0.722,0.171,LOW,SYNTHETIC_DEMO_DATA
918,Goa Coast,15.33117,74.05642,2025-04-22 08:18:20,30.031,1.081,31.607,1.264,1.194,1.5,7.694,16.324,1008.956,93.743,1.9,11.345,1,anticyclonic,0.504,0.727,0.681,0.436,MEDIUM,SYNTHETIC_DEMO_DATA
919,Visakhapatnam,17.68217,83.46591,2025-04-22 11:13:11,29.285,0.035,32.806,2.573,1.147,217.65,15.39,7.579,1019.49,95.457,1.561,5.987,1,cyclonic,0.452,0.651,0.771,0.243,LOW,SYNTHETIC_DEMO_DATA
920,Gujarat Coast,22.20392,70.00669,2025-04-22 14:08:02,28.618,0.368,37.804,1.934,0.783,212.78,17.642,8.438,999.675,56.531,1.233,7.274,0,none,0.309,0.511,0.726,0.33,MEDIUM,SYNTHETIC_DEMO_DATA
921,Andaman & Nicobar,11.85851,92.47816,2025-04-22 17:02:53,29.231,-0.519,32.128,2.664,1.068,56.88,15.534,22.048,1010.295,75.63,1.388,14.927,1,anticyclonic,0.554,0.914,0.614,0.432,MEDIUM,SYNTHETIC_DEMO_DATA
922,Mumbai Coast,19.04813,72.67007,2025-04-22 19:57:44,28.587,-0.163,34.485,2.841,0.879,179.17,23.825,10.636,1015.093,67.865,1.463,7.762,1,anticyclonic,0.333,0.497,0.733,0.312,MEDIUM,SYNTHETIC_DEMO_DATA
923,Kerala Coast,9.65943,75.92789,2025-04-22 22:52:35,29.868,0.818,34.551,1.575,0.424,192.82,14.315,35.445,1009.322,100.0,2.694,19.16,0,none,0.776,0.76,0.586,0.432,MEDIUM,SYNTHETIC_DEMO_DATA
924,Odisha Coast,19.66487,85.77141,2025-04-23 01:47:26,29.143,-0.607,28.608,2.125,0.631,283.28,8.207,6.657,1009.54,67.773,1.444,2.917,0,none,0.393,0.745,0.492,0.323,MEDIUM,SYNTHETIC_DEMO_DATA
925,Visakhapatnam,17.66618,83.19388,2025-04-23 04:42:17,29.786,0.536,31.289,1.179,0.895,87.38,10.312,28.042,1017.678,100.0,2.407,16.417,0,none,0.543,0.67,0.737,0.296,LOW,SYNTHETIC_DEMO_DATA
926,Lakshadweep,10.87114,72.62661,2025-04-23 07:37:08,27.963,-1.287,33.936,1.191,0.608,25.06,10.246,10.675,1012.422,77.218,1.727,11.495,0,none,0.468,0.485,0.563,0.462,MEDIUM,SYNTHETIC_DEMO_DATA
927,Mumbai Coast,19.14842,72.91457,2025-04-23 10:31:59,29.475,0.725,32.518,2.03,0.678,219.56,13.299,27.068,1007.966,89.251,1.49,16.17,1,anticyclonic,0.477,0.597,0.698,0.406,MEDIUM,SYNTHETIC_DEMO_DATA
928,Chennai Coast,12.86501,80.34287,2025-04-23 13:26:50,31.926,1.976,33.45,2.201,0.345,80.26,15.953,5.264,1003.484,75.846,1.028,8.906,1,anticyclonic,0.46,0.432,0.452,0.648,HIGH,SYNTHETIC_DEMO_DATA
929,Kerala Coast,10.2434,76.06922,2025-04-23 16:21:42,28.727,-0.323,34.355,2.316,1.212,64.32,12.78,21.181,1015.564,91.504,1.53,13.341,1,cyclonic,0.518,0.685,0.725,0.292,LOW,SYNTHETIC_DEMO_DATA
930,Mumbai Coast,18.91361,73.21895,2025-04-23 19:16:33,27.347,-1.403,33.8,1.2,0.629,90.11,15.081,24.965,1013.128,73.856,2.554,13.429,0,none,0.556,0.749,0.6,0.431,MEDIUM,SYNTHETIC_DEMO_DATA
931,Mumbai Coast,18.95654,73.01171,2025-04-23 22:11:24,28.534,-0.216,32.659,2.147,0.53,206.94,12.703,12.209,1013.555,61.842,0.83,6.322,0,none,0.408,0.734,0.603,0.252,LOW,SYNTHETIC_DEMO_DATA
932,Gujarat Coast,22.14989,69.70684,2025-04-24 01:06:15,27.223,-1.027,35.377,1.781,0.676,23.31,11.596,2.859,1005.812,93.41,0.595,1.863,1,anticyclonic,0.32,0.507,0.699,0.403,MEDIUM,SYNTHETIC_DEMO_DATA
933,Visakhapatnam,17.58017,83.09423,2025-04-24 04:01:06,30.066,0.816,33.26,1.664,0.175,255.44,10.226,3.996,1001.172,64.575,1.365,4.912,0,none,0.272,0.791,0.706,0.317,MEDIUM,SYNTHETIC_DEMO_DATA
934,Gujarat Coast,22.66377,69.64482,2025-04-24 06:55:57,27.847,-0.403,35.325,1.121,0.788,32.09,9.607,15.819,1016.635,68.394,1.136,5.721,0,none,0.465,0.819,0.75,0.237,LOW,SYNTHETIC_DEMO_DATA
935,Kerala Coast,9.91833,76.20039,2025-04-24 09:50:48,29.419,0.369,31.797,1.918,0.351,115.01,12.299,23.904,1005.059,78.079,2.398,15.16,1,anticyclonic,0.588,0.774,0.661,0.336,MEDIUM,SYNTHETIC_DEMO_DATA
936,Lakshadweep,10.35297,72.37084,2025-04-24 12:45:39,29.369,0.119,35.423,1.34,0.828,77.65,5.721,1.99,1024.607,54.473,1.38,8.555,1,cyclonic,0.502,0.897,0.651,0.129,LOW,SYNTHETIC_DEMO_DATA
937,Odisha Coast,19.93383,86.04407,2025-04-24 15:40:30,30.922,1.172,30.025,1.663,0.731,5.41,15.689,30.656,1020.714,99.585,2.026,16.363,0,none,0.67,0.66,0.518,0.468,MEDIUM,SYNTHETIC_DEMO_DATA
938,Odisha Coast,19.47974,85.92712,2025-04-24 18:35:21,29.611,-0.139,28.919,1.071,0.644,67.38,7.871,14.494,995.832,80.816,0.968,9.192,0,none,0.423,0.71,0.698,0.224,LOW,SYNTHETIC_DEMO_DATA
939,Kerala Coast,9.74542,75.93763,2025-04-24 21:30:12,29.322,0.272,31.846,1.874,0.625,351.65,14.312,29.45,1010.304,82.909,2.145,18.575,0,none,0.501,0.656,0.655,0.348,MEDIUM,SYNTHETIC_DEMO_DATA
940,Mumbai Coast,18.9052,72.80029,2025-04-25 00:25:03,27.275,-1.475,32.599,2.363,0.852,32.21,17.245,13.309,999.389,70.199,1.98,13.538,1,anticyclonic,0.478,0.618,0.456,0.628,HIGH,SYNTHETIC_DEMO_DATA
941,Gujarat Coast,22.528,69.36021,2025-04-25 03:19:54,27.962,-0.288,37.83,1.972,1.354,286.62,14.106,0.0,1009.294,78.535,1.511,2.319,0,none,0.453,0.63,0.621,0.273,LOW,SYNTHETIC_DEMO_DATA
942,Kerala Coast,10.20575,76.34914,2025-04-25 06:14:45,30.268,1.218,32.42,2.3,0.8,134.13,18.606,33.673,1009.471,94.623,2.449,18.719,0,none,0.66,0.459,0.674,0.504,MEDIUM,SYNTHETIC_DEMO_DATA
943,Lakshadweep,10.44645,72.9116,2025-04-25 09:09:36,29.185,-0.065,35.762,1.666,0.484,94.09,13.365,15.83,1016.889,62.098,1.721,11.399,0,none,0.575,0.655,0.689,0.134,LOW,SYNTHETIC_DEMO_DATA
944,Kerala Coast,10.13458,76.34007,2025-04-25 12:04:27,28.689,-0.361,32.177,1.822,0.803,32.32,13.517,22.482,993.72,65.798,1.602,9.79,1,anticyclonic,0.56,0.716,0.751,0.328,MEDIUM,SYNTHETIC_DEMO_DATA
945,Odisha Coast,19.75763,85.59546,2025-04-25 14:59:18,30.764,1.014,28.859,1.57,0.537,128.84,12.5,16.977,1002.699,83.229,1.543,16.453,1,anticyclonic,0.458,0.542,0.676,0.45,MEDIUM,SYNTHETIC_DEMO_DATA
946,Odisha Coast,19.51229,85.94036,2025-04-25 17:54:10,29.713,-0.037,28.106,1.096,0.53,27.59,10.885,14.142,1015.346,77.176,0.807,10.929,0,none,0.398,0.734,0.697,0.217,LOW,SYNTHETIC_DEMO_DATA
947,Lakshadweep,10.8189,72.57599,2025-04-25 20:49:01,29.435,0.185,33.529,1.667,1.116,206.01,10.374,19.353,1010.322,75.173,1.227,14.658,0,none,0.531,0.664,0.644,0.297,LOW,SYNTHETIC_DEMO_DATA
948,Odisha Coast,19.95718,86.0416,2025-04-25 23:43:52,29.261,-0.489,28.831,1.367,0.937,166.2,9.4,11.468,1018.674,71.714,1.114,10.715,1,cyclonic,0.396,0.622,0.627,0.428,MEDIUM,SYNTHETIC_DEMO_DATA
949,Lakshadweep,10.57501,72.61481,2025-04-26 02:38:43,28.647,-0.603,32.162,1.617,0.661,53.85,9.96,2.843,1006.643,81.895,0.111,8.469,1,cyclonic,0.225,0.576,0.685,0.344,MEDIUM,SYNTHETIC_DEMO_DATA
950,Visakhapatnam,17.56322,82.89664,2025-04-26 05:33:34,29.747,0.497,33.144,1.48,0.636,61.71,16.781,24.91,1011.262,80.337,2.094,14.328,1,cyclonic,0.596,0.759,0.778,0.304,MEDIUM,SYNTHETIC_DEMO_DATA
951,Sundarbans,22.1161,89.32203,2025-04-26 08:28:25,28.045,-0.905,21.3,1.75,0.634,332.42,11.879,22.333,1007.017,64.799,1.385,12.741,0,none,0.418,0.63,0.603,0.429,MEDIUM,SYNTHETIC_DEMO_DATA
952,Chennai Coast,13.02133,79.95566,2025-04-26 11:23:16,29.493,-0.457,34.999,0.805,0.503,82.8,5.176,7.877,1019.949,72.866,1.925,10.652,0,none,0.487,0.642,0.678,0.267,LOW,SYNTHETIC_DEMO_DATA
953,Gujarat Coast,22.38151,69.40781,2025-04-26 14:18:07,27.926,-0.324,34.986,1.608,0.716,11.31,6.419,6.541,1008.182,52.794,0.363,7.004,0,none,0.341,0.656,0.643,0.278,LOW,SYNTHETIC_DEMO_DATA
954,Kerala Coast,9.86458,76.4258,2025-04-26 17:12:58,29.39,0.34,34.894,1.521,1.018,117.55,9.233,25.784,1009.538,81.76,1.036,12.538,1,cyclonic,0.278,0.65,0.704,0.364,MEDIUM,SYNTHETIC_DEMO_DATA
955,Goa Coast,15.25083,73.98462,2025-04-26 20:07:49,29.837,0.887,33.151,2.145,1.07,182.82,14.955,12.074,1010.027,79.591,1.491,7.207,1,anticyclonic,0.272,0.55,0.587,0.42,MEDIUM,SYNTHETIC_DEMO_DATA
956,Gujarat Coast,22.63765,69.38389,2025-04-26 23:02:40,28.989,0.739,35.633,1.339,0.842,302.57,10.088,22.938,1004.03,87.877,1.634,11.246,1,cyclonic,0.482,0.634,0.58,0.469,MEDIUM,SYNTHETIC_DEMO_DATA
957,Kerala Coast,9.79677,76.4984,2025-04-27 01:57:31,29.487,0.437,32.539,1.433,0.733,169.99,9.77,28.548,1009.953,73.453,2.165,14.975,0,none,0.579,0.654,0.587,0.333,MEDIUM,SYNTHETIC_DEMO_DATA
958,Gujarat Coast,22.69318,69.65511,2025-04-27 04:52:22,28.857,0.607,35.472,0.992,0.488,327.43,6.969,0.316,999.186,62.114,0.654,4.744,0,none,0.415,0.791,0.567,0.295,LOW,SYNTHETIC_DEMO_DATA
959,Lakshadweep,10.44104,72.74877,2025-04-27 07:47:13,29.746,0.496,35.04,1.976,0.781,136.85,13.632,16.478,1003.702,68.187,1.785,12.076,0,none,0.507,0.672,0.614,0.269,LOW,SYNTHETIC_DEMO_DATA
960,Kerala Coast,10.03879,76.12743,2025-04-27 10:42:04,29.724,0.674,32.303,1.9,0.929,79.3,11.743,26.511,1016.436,86.271,2.819,18.942,0,none,0.712,0.659,0.619,0.428,MEDIUM,SYNTHETIC_DEMO_DATA
961,Odisha Coast,19.62536,85.61786,2025-04-27 13:36:55,29.665,-0.085,28.695,1.221,0.454,153.15,15.281,11.821,1004.127,72.25,1.56,11.187,0,none,0.398,0.726,0.698,0.28,LOW,SYNTHETIC_DEMO_DATA
962,Kerala Coast,10.00627,76.52676,2025-04-27 16:31:46,29.449,0.399,32.27,2.573,1.061,300.67,17.338,16.276,1026.975,76.714,1.669,13.242,1,cyclonic,0.487,0.746,0.749,0.321,MEDIUM,SYNTHETIC_DEMO_DATA
963,Andaman & Nicobar,11.73964,92.30626,2025-04-27 19:26:37,29.574,-0.176,31.606,2.412,0.575,146.87,18.116,18.669,1008.448,78.268,1.739,10.447,0,none,0.52,0.703,0.798,0.2,LOW,SYNTHETIC_DEMO_DATA
964,Visakhapatnam,17.81701,83.07896,2025-04-27 22:21:29,29.484,0.234,34.26,2.815,0.51,290.66,17.187,14.514,1019.515,93.281,1.693,7.403,0,none,0.404,0.559,0.737,0.223,LOW,SYNTHETIC_DEMO_DATA
965,Lakshadweep,10.23194,72.63163,2025-04-28 01:16:20,28.965,-0.285,34.198,1.351,1.254,56.78,2.651,8.137,1005.639,73.139,0.956,3.861,1,cyclonic,0.435,0.892,0.616,0.211,LOW,SYNTHETIC_DEMO_DATA
966,Mumbai Coast,19.25823,72.71559,2025-04-28 04:11:11,29.016,0.266,31.239,1.819,1.287,71.56,15.155,23.316,1020.03,100.0,0.936,15.221,1,anticyclonic,0.43,0.605,0.53,0.392,MEDIUM,SYNTHETIC_DEMO_DATA
967,Gujarat Coast,22.24337,69.29563,2025-04-28 07:06:02,28.281,0.031,34.89,2.061,0.937,208.91,14.906,5.242,1009.975,74.702,0.931,9.6,0,none,0.313,0.65,0.768,0.28,LOW,SYNTHETIC_DEMO_DATA
968,Chennai Coast,12.71767,80.59801,2025-04-28 10:00:53,29.438,-0.512,32.971,1.353,0.282,127.18,12.996,16.313,1008.769,80.764,1.579,11.427,0,none,0.465,0.677,0.653,0.274,LOW,SYNTHETIC_DEMO_DATA
969,Lakshadweep,10.6659,72.67767,2025-04-28 12:55:44,30.436,1.186,33.31,1.441,0.861,235.15,15.525,11.143,1009.744,72.759,1.536,7.07,0,none,0.614,0.528,0.621,0.334,MEDIUM,SYNTHETIC_DEMO_DATA
970,Sundarbans,22.00413,89.05178,2025-04-28 15:50:35,27.666,-1.284,21.057,1.684,0.279,70.51,11.913,24.554,1020.841,72.982,2.285,12.181,1,cyclonic,0.639,0.469,0.547,0.604,HIGH,SYNTHETIC_DEMO_DATA
971,Visakhapatnam,17.72308,83.11213,2025-04-28 18:45:26,29.505,0.255,33.729,2.532,0.983,265.99,13.691,7.694,1011.31,84.255,0.568,6.656,0,none,0.462,0.623,0.72,0.257,LOW,SYNTHETIC_DEMO_DATA
972,Kerala Coast,9.95002,76.23569,2025-04-28 21:40:17,28.397,-0.653,34.898,1.888,1.192,168.05,17.395,22.869,1022.456,78.111,2.135,17.815,1,cyclonic,0.606,0.611,0.603,0.455,MEDIUM,SYNTHETIC_DEMO_DATA
973,Kerala Coast,9.89601,76.0262,2025-04-29 00:35:08,29.126,0.076,34.443,2.065,1.084,128.91,14.575,27.085,1007.841,87.307,1.811,16.377,0,none,0.638,0.576,0.756,0.306,MEDIUM,SYNTHETIC_DEMO_DATA
974,Kerala Coast,9.78539,76.10294,2025-04-29 03:29:59,29.266,0.216,32.564,1.712,0.672,32.87,10.312,7.275,1009.998,83.383,1.234,3.81,0,none,0.352,0.715,0.64,0.211,LOW,SYNTHETIC_DEMO_DATA
975,Odisha Coast,19.82675,85.88247,2025-04-29 06:24:50,29.1,-0.65,30.57,1.39,0.657,101.93,6.712,1.969,1008.919,83.995,0.594,2.132,1,anticyclonic,0.387,0.761,0.57,0.331,MEDIUM,SYNTHETIC_DEMO_DATA
976,Visakhapatnam,17.62778,83.70313,2025-04-29 09:19:41,29.231,-0.019,31.785,1.17,1.029,214.51,15.725,5.495,1014.587,77.647,1.101,3.143,0,none,0.477,0.681,0.715,0.152,LOW,SYNTHETIC_DEMO_DATA
977,Sundarbans,22.11433,88.75947,2025-04-29 12:14:32,29.8,0.85,17.752,2.764,0.871,296.43,16.661,19.026,1017.605,85.259,0.902,9.722,0,none,0.41,0.671,0.685,0.47,MEDIUM,SYNTHETIC_DEMO_DATA
978,Mumbai Coast,18.99468,72.60914,2025-04-29 15:09:23,26.76,-1.99,34.609,1.883,0.921,57.98,15.613,22.653,995.667,94.687,1.904,13.709,1,cyclonic,0.446,0.253,0.445,0.691,HIGH,SYNTHETIC_DEMO_DATA
979,Chennai Coast,13.00449,80.08471,2025-04-29 18:04:14,30.203,0.253,33.886,1.491,0.738,323.12,5.093,13.979,1014.488,83.156,1.635,10.72,1,cyclonic,0.469,0.614,0.741,0.316,MEDIUM,SYNTHETIC_DEMO_DATA
980,Mumbai Coast,18.89512,72.67415,2025-04-29 20:59:05,29.551,0.801,33.69,2.359,0.828,341.48,11.334,21.776,1021.67,98.719,1.393,11.293,0,none,0.385,0.585,0.64,0.418,MEDIUM,SYNTHETIC_DEMO_DATA
981,Mumbai Coast,18.94482,72.8689,2025-04-29 23:53:57,28.935,0.185,33.127,1.287,1.092,169.95,7.441,7.092,1010.946,79.9,0.762,6.969,1,cyclonic,0.407,0.736,0.701,0.24,LOW,SYNTHETIC_DEMO_DATA
982,Goa Coast,15.8994,73.71871,2025-04-30 02:48:48,28.489,-0.461,35.69,1.04,0.979,268.57,3.806,1.666,1009.041,83.696,0.885,3.184,0,none,0.37,0.731,0.613,0.225,LOW,SYNTHETIC_DEMO_DATA
983,Mumbai Coast,18.84626,72.72598,2025-04-30 05:43:39,27.898,-0.852,34.083,1.835,0.198,255.75,9.476,20.255,994.339,74.226,1.172,13.11,0,none,0.456,0.564,0.453,0.461,MEDIUM,SYNTHETIC_DEMO_DATA
984,Gujarat Coast,22.70051,69.95913,2025-04-30 08:38:30,28.633,0.383,36.191,1.321,0.973,72.81,6.537,3.44,1018.426,71.338,0.627,4.682,1,cyclonic,0.242,0.687,0.677,0.303,MEDIUM,SYNTHETIC_DEMO_DATA
985,Mumbai Coast,19.11239,72.89945,2025-04-30 11:33:21,28.453,-0.297,34.643,2.61,0.5,176.14,20.432,16.066,1016.62,71.026,2.048,15.218,0,none,0.674,0.755,0.676,0.226,LOW,SYNTHETIC_DEMO_DATA
986,Gujarat Coast,22.30217,69.70383,2025-04-30 14:28:12,27.429,-0.821,35.931,1.081,0.984,298.75,2.559,5.348,1009.279,81.081,1.081,5.234,0,none,0.428,0.768,0.5,0.373,MEDIUM,SYNTHETIC_DEMO_DATA
987,Gujarat Coast,22.39748,69.55295,2025-04-30 17:23:03,28.55,0.3,35.045,1.034,0.849,70.01,11.695,0.0,1006.316,92.135,1.082,4.864,0,none,0.438,0.579,0.631,0.344,MEDIUM,SYNTHETIC_DEMO_DATA
988,Chennai Coast,13.26644,80.01752,2025-04-30 20:17:54,29.912,-0.038,33.891,2.268,1.222,15.31,13.039,0.0,1002.861,68.2,0.932,2.738,0,none,0.411,0.671,0.772,0.138,LOW,SYNTHETIC_DEMO_DATA
989,Visakhapatnam,17.69217,83.19671,2025-04-30 23:12:45,29.088,-0.162,33.216,2.651,0.743,163.8,20.89,12.865,1007.86,51.219,1.382,11.35,0,none,0.479,0.728,0.636,0.245,LOW,SYNTHETIC_DEMO_DATA
990,Goa Coast,15.46123,73.7051,2025-05-01 02:07:36,28.81,-0.689,33.561,2.286,0.816,193.45,14.025,5.654,1009.741,66.321,1.614,8.433,0,none,0.491,0.657,0.679,0.295,LOW,SYNTHETIC_DEMO_DATA
991,Chennai Coast,12.76989,80.33857,2025-05-01 05:02:27,29.082,-1.417,32.675,1.111,0.79,69.51,10.561,9.773,1019.505,65.784,1.672,11.15,1,anticyclonic,0.544,0.439,0.587,0.442,MEDIUM,SYNTHETIC_DEMO_DATA
992,Mumbai Coast,18.8403,73.03873,2025-05-01 07:57:18,29.352,0.053,31.642,1.349,0.611,154.37,10.806,41.078,998.737,76.108,2.092,19.251,0,none,0.585,0.657,0.732,0.267,LOW,SYNTHETIC_DEMO_DATA
993,Odisha Coast,19.4693,86.03499,2025-05-01 10:52:09,30.841,0.542,29.137,1.132,0.659,27.63,5.084,18.334,1007.61,67.078,1.899,14.54,1,anticyclonic,0.61,0.695,0.768,0.471,MEDIUM,SYNTHETIC_DEMO_DATA
994,Kerala Coast,9.90478,76.15349,2025-05-01 13:47:00,30.299,0.7,34.888,0.412,0.438,170.31,1.0,12.085,1021.018,70.779,1.057,8.174,0,none,0.537,0.736,0.683,0.363,MEDIUM,SYNTHETIC_DEMO_DATA
995,Mumbai Coast,19.22916,72.88682,2025-05-01 16:41:51,30.021,0.722,32.241,1.83,1.339,109.97,10.763,39.209,1017.648,77.086,2.116,20.207,1,cyclonic,0.727,0.664,0.731,0.483,MEDIUM,SYNTHETIC_DEMO_DATA
996,Gujarat Coast,22.32993,69.7131,2025-05-01 19:36:42,28.716,-0.084,33.993,1.859,0.999,90.16,10.639,0.292,1003.353,66.333,0.636,0.5,0,none,0.431,0.553,0.723,0.259,LOW,SYNTHETIC_DEMO_DATA
997,Mumbai Coast,18.80961,72.66431,2025-05-01 22:31:33,29.428,0.129,34.354,2.617,0.36,318.89,13.892,33.259,1016.814,86.251,1.983,17.2,0,none,0.769,0.848,0.804,0.211,LOW,SYNTHETIC_DEMO_DATA
998,Chennai Coast,12.91878,80.12526,2025-05-02 01:26:25,32.701,2.202,32.95,1.53,0.441,119.27,7.164,17.585,1003.09,62.94,1.027,6.58,0,none,0.377,0.62,0.519,0.57,MEDIUM,SYNTHETIC_DEMO_DATA
999,Lakshadweep,10.76952,72.56134,2025-05-02 04:21:16,29.229,-0.57,33.979,2.868,0.661,294.21,16.479,3.277,992.115,81.637,1.19,7.822,0,none,0.508,0.763,0.65,0.241,LOW,SYNTHETIC_DEMO_DATA
1000,Mumbai Coast,18.83311,73.0163,2025-05-02 07:16:07,30.342,1.043,33.387,2.723,0.456,167.61,14.775,26.43,996.951,87.653,2.168,12.473,0,none,0.639,0.623,0.58,0.444,MEDIUM,SYNTHETIC_DEMO_DATA
1001,Andaman & Nicobar,11.63786,92.92942,2025-05-02 10:10:58,29.674,-0.625,32.316,1.618,0.954,86.48,4.517,24.205,1010.37,78.801,1.711,11.218,1,anticyclonic,0.568,0.762,0.756,0.345,MEDIUM,SYNTHETIC_DEMO_DATA
1002,Goa Coast,15.31797,73.55957,2025-05-02 13:05:49,31.167,1.668,33.779,2.515,0.484,45.53,19.503,16.16,1010.509,57.711,1.76,13.714,0,none,0.458,0.676,0.576,0.495,MEDIUM,SYNTHETIC_DEMO_DATA
1003,Mumbai Coast,18.71631,72.87556,2025-05-02 16:00:40,29.429,0.13,33.527,2.466,0.922,204.16,9.908,13.057,1001.874,63.127,1.373,5.92,1,cyclonic,0.294,0.605,0.681,0.311,MEDIUM,SYNTHETIC_DEMO_DATA
1004,Andaman & Nicobar,11.52945,92.69056,2025-05-02 18:55:31,30.495,0.196,31.854,2.305,0.719,333.86,12.031,3.311,1014.695,90.366,0.992,5.07,0,none,0.43,0.678,0.7,0.218,LOW,SYNTHETIC_DEMO_DATA
1005,Odisha Coast,19.655,85.52641,2025-05-02 21:50:22,30.828,0.529,29.416,1.339,0.557,106.77,11.462,17.826,1009.543,82.709,1.372,11.955,1,cyclonic,0.459,0.724,0.722,0.356,MEDIUM,SYNTHETIC_DEMO_DATA
1006,Lakshadweep,10.75993,72.66768,2025-05-03 00:45:13,29.544,-0.255,34.63,0.849,0.764,41.8,1.056,10.142,1003.421,63.535,1.916,9.405,1,anticyclonic,0.499,0.67,0.592,0.219,LOW,SYNTHETIC_DEMO_DATA
1007,Andaman & Nicobar,11.94404,92.91636,2025-05-03 03:40:04,29.106,-1.193,29.824,1.971,0.883,37.92,13.132,26.799,1001.929,73.444,1.411,14.748,0,none,0.486,0.621,0.482,0.462,MEDIUM,SYNTHETIC_DEMO_DATA
1008,Mumbai Coast,19.08031,73.10395,2025-05-03 06:34:55,30.377,1.078,31.88,2.108,1.038,275.33,17.216,19.483,1006.89,73.219,1.52,12.171,1,anticyclonic,0.573,0.638,0.681,0.472,MEDIUM,SYNTHETIC_DEMO_DATA
1009,Goa Coast,15.66182,73.62433,2025-05-03 09:29:46,29.503,0.004,32.23,1.667,0.843,32.27,13.101,25.908,987.941,98.391,1.616,13.198,1,anticyclonic,0.563,0.769,0.769,0.233,LOW,SYNTHETIC_DEMO_DATA
1010,Mumbai Coast,18.74594,73.18103,2025-05-03 12:24:37,27.421,-1.878,31.804,2.729,0.761,26.04,20.064,24.42,1018.323,72.581,1.611,8.716,1,cyclonic,0.601,0.495,0.467,0.66,HIGH,SYNTHETIC_DEMO_DATA
1011,Visakhapatnam,17.86447,83.13946,2025-05-03 15:19:28,28.477,-1.322,32.917,0.862,0.341,86.85,5.607,19.738,998.789,58.463,1.692,5.995,0,none,0.444,0.627,0.635,0.396,MEDIUM,SYNTHETIC_DEMO_DATA
1012,Goa Coast,15.52295,73.57968,2025-05-03 18:14:19,30.028,0.529,33.747,1.921,0.384,287.09,13.859,6.979,1023.502,87.562,1.289,6.099,1,anticyclonic,0.42,0.599,0.688,0.298,LOW,SYNTHETIC_DEMO_DATA
1013,Visakhapatnam,17.82157,83.14818,2025-05-03 21:09:10,28.721,-1.078,33.507,2.06,0.96,259.37,15.468,7.212,1005.494,85.371,1.302,4.553,0,none,0.363,0.688,0.651,0.372,MEDIUM,SYNTHETIC_DEMO_DATA
1014,Chennai Coast,12.84608,80.3703,2025-05-04 00:04:01,31.351,0.852,34.272,1.329,0.744,144.15,8.707,0.0,1001.077,70.122,0.944,5.21,1,anticyclonic,0.204,0.641,0.56,0.421,MEDIUM,SYNTHETIC_DEMO_DATA
1015,Mumbai Coast,18.46095,73.15488,2025-05-04 02:58:53,29.072,-0.227,35.377,0.961,0.598,190.19,6.0,3.886,1014.082,80.396,0.286,4.734,0,none,0.384,0.602,0.688,0.274,LOW,SYNTHETIC_DEMO_DATA
1016,Andaman & Nicobar,11.79866,92.76988,2025-05-04 05:53:44,29.49,-0.809,32.885,1.788,0.712,233.98,14.289,17.627,1025.158,77.505,1.306,9.831,1,anticyclonic,0.39,0.548,0.766,0.319,MEDIUM,SYNTHETIC_DEMO_DATA
1017,Chennai Coast,13.07466,80.6403,2025-05-04 08:48:35,30.395,-0.105,31.118,2.274,0.822,186.79,18.734,6.771,1016.678,73.606,1.485,14.783,0,none,0.476,0.692,0.691,0.226,LOW,SYNTHETIC_DEMO_DATA
1018,Kerala Coast,10.01884,76.23594,2025-05-04 11:43:26,29.419,-0.18,35.162,1.383,0.705,231.21,6.955,24.999,1011.175,96.875,1.08,12.806,1,anticyclonic,0.521,0.754,0.691,0.344,MEDIUM,SYNTHETIC_DEMO_DATA
1019,Sundarbans,21.94215,89.23344,2025-05-04 14:38:17,30.247,0.748,19.831,1.025,0.847,73.58,9.353,5.478,1014.501,84.256,0.591,9.276,0,none,0.375,0.549,0.504,0.424,MEDIUM,SYNTHETIC_DEMO_DATA
1020,Odisha Coast,19.92529,86.03149,2025-05-04 17:33:08,30.255,-0.044,27.818,2.105,0.777,57.58,15.878,12.132,1014.916,90.902,1.115,6.32,0,none,0.398,0.872,0.672,0.271,LOW,SYNTHETIC_DEMO_DATA
1021,Sundarbans,22.15425,89.13497,2025-05-04 20:27:59,29.157,-0.343,20.687,1.65,0.655,353.62,11.818,17.737,1012.037,69.3,1.374,11.87,0,none,0.446,0.782,0.644,0.35,MEDIUM,SYNTHETIC_DEMO_DATA
1022,Sundarbans,22.22656,89.05439,2025-05-04 23:22:50,29.173,-0.326,21.943,2.544,0.319,141.71,20.643,17.62,1012.422,80.89,1.519,9.686,0,none,0.494,0.602,0.668,0.378,MEDIUM,SYNTHETIC_DEMO_DATA
1023,Andaman & Nicobar,11.9696,92.47952,2025-05-05 02:17:41,29.708,-0.592,32.997,3.258,0.877,295.41,21.755,5.22,1011.504,74.403,0.769,8.51,0,none,0.37,0.747,0.676,0.279,LOW,SYNTHETIC_DEMO_DATA
1024,Andaman & Nicobar,11.58207,92.73109,2025-05-05 05:12:32,30.061,-0.238,32.592,1.524,0.768,331.96,6.329,4.095,1018.874,69.691,0.889,4.425,0,none,0.349,0.7,0.727,0.164,LOW,SYNTHETIC_DEMO_DATA
1025,Andaman & Nicobar,11.96141,92.56354,2025-05-05 08:07:23,29.516,-0.783,35.155,0.94,1.004,169.42,1.698,15.034,1009.076,62.563,1.423,11.924,1,cyclonic,0.489,0.635,0.637,0.364,MEDIUM,SYNTHETIC_DEMO_DATA
1026,Sundarbans,22.02631,89.52799,2025-05-05 11:02:14,29.232,-0.267,22.077,2.238,0.329,121.6,17.712,8.358,1008.385,89.326,1.173,6.694,0,none,0.393,0.647,0.635,0.32,MEDIUM,SYNTHETIC_DEMO_DATA
1027,Sundarbans,21.65362,89.20509,2025-05-05 13:57:05,28.648,-0.851,21.765,0.941,0.443,270.29,1.0,16.981,1006.457,81.866,1.242,12.126,0,none,0.391,0.651,0.539,0.428,MEDIUM,SYNTHETIC_DEMO_DATA
1028,Visakhapatnam,17.77935,82.73909,2025-05-05 16:51:56,28.915,-0.884,34.068,1.86,0.879,100.9,14.147,3.725,1013.509,66.663,1.374,5.883,0,none,0.512,0.75,0.647,0.408,MEDIUM,SYNTHETIC_DEMO_DATA
1029,Mumbai Coast,18.98037,72.86821,2025-05-05 19:46:47,30.035,0.736,35.05,1.483,0.551,8.03,6.351,16.824,1021.015,69.337,1.218,3.958,0,none,0.409,0.639,0.764,0.315,MEDIUM,SYNTHETIC_DEMO_DATA
1030,Chennai Coast,13.45158,80.15585,2025-05-05 22:41:38,32.201,1.702,33.059,2.12,0.785,240.2,9.833,8.738,1027.897,76.341,1.222,5.189,1,cyclonic,0.294,0.525,0.621,0.566,MEDIUM,SYNTHETIC_DEMO_DATA
1031,Kerala Coast,9.68321,75.89032,2025-05-06 01:36:29,29.594,-0.005,30.651,1.945,0.94,141.9,19.906,23.976,1002.37,100.0,1.527,18.486,1,cyclonic,0.492,0.67,0.7,0.319,MEDIUM,SYNTHETIC_DEMO_DATA
1032,Odisha Coast,19.87051,86.0712,2025-05-06 04:31:21,29.995,-0.304,29.496,0.743,0.323,202.62,2.942,5.39,1019.705,62.025,1.109,7.863,0,none,0.46,0.663,0.565,0.303,MEDIUM,SYNTHETIC_DEMO_DATA
1033,Goa Coast,15.64348,73.71815,2025-05-06 07:26:12,29.528,0.029,32.649,1.36,1.125,244.18,7.747,21.594,1015.638,98.336,1.962,17.848,1,cyclonic,0.559,0.552,0.662,0.277,LOW,SYNTHETIC_DEMO_DATA
1034,Chennai Coast,13.12796,80.65836,2025-05-06 10:21:03,30.573,0.074,35.577,1.251,0.945,13.25,2.387,7.439,1004.094,77.007,0.91,9.638,1,cyclonic,0.426,0.822,0.697,0.279,LOW,SYNTHETIC_DEMO_DATA
1035,Sundarbans,21.61881,88.94064,2025-05-06 13:15:54,29.076,-0.423,20.728,1.711,0.569,186.18,10.146,16.826,1005.317,77.811,1.031,9.493,0,none,0.522,0.727,0.65,0.331,MEDIUM,SYNTHETIC_DEMO_DATA
1036,Goa Coast,15.7014,73.3737,2025-05-06 16:10:45,29.801,0.302,31.8,2.141,0.603,102.47,15.671,9.094,1002.166,79.354,1.443,10.738,0,none,0.346,0.661,0.628,0.302,MEDIUM,SYNTHETIC_DEMO_DATA
1037,Lakshadweep,10.70665,72.77608,2025-05-06 19:05:36,28.517,-1.282,32.086,1.849,0.394,149.57,10.35,21.708,1005.871,73.184,1.539,12.585,0,none,0.449,0.661,0.617,0.38,MEDIUM,SYNTHETIC_DEMO_DATA
1038,Sundarbans,22.00045,89.03698,2025-05-06 22:00:27,29.567,0.068,22.446,2.376,0.636,293.33,21.348,12.068,1012.029,72.407,1.593,6.995,1,cyclonic,0.342,0.616,0.825,0.346,MEDIUM,SYNTHETIC_DEMO_DATA
1039,Kerala Coast,10.16026,75.9802,2025-05-07 00:55:18,29.136,-0.463,32.263,2.513,0.657,182.01,13.699,11.592,1016.795,65.304,1.724,9.91,1,cyclonic,0.574,0.57,0.685,0.43,MEDIUM,SYNTHETIC_DEMO_DATA
1040,Andaman & Nicobar,11.87945,92.74425,2025-05-07 03:50:09,31.011,0.712,32.808,1.351,0.909,49.18,8.326,5.613,1022.306,79.071,0.574,6.539,0,none,0.287,0.719,0.671,0.287,LOW,SYNTHETIC_DEMO_DATA
1041,Goa Coast,15.66678,73.96374,2025-05-07 06:45:00,30.096,0.597,33.182,1.854,1.051,279.34,11.057,14.349,1026.721,66.782,1.567,11.854,1,cyclonic,0.535,0.642,0.738,0.312,MEDIUM,SYNTHETIC_DEMO_DATA
1042,Andaman & Nicobar,11.73421,92.57416,2025-05-07 09:39:51,29.999,-0.3,34.195,1.303,0.363,294.87,9.602,20.01,1016.467,84.136,1.96,6.782,0,none,0.47,0.58,0.747,0.19,LOW,SYNTHETIC_DEMO_DATA
1043,Kerala Coast,10.03042,76.20904,2025-05-07 12:34:42,29.092,-0.507,33.354,1.787,0.78,160.24,14.547,16.197,1015.692,89.799,1.321,10.354,1,cyclonic,0.454,0.625,0.686,0.334,MEDIUM,SYNTHETIC_DEMO_DATA
1044,Chennai Coast,13.19383,80.21291,2025-05-07 15:29:33,30.558,0.059,32.737,2.16,0.69,122.79,13.1,8.636,1024.121,78.738,1.267,8.107,1,anticyclonic,0.414,0.711,0.822,0.184,LOW,SYNTHETIC_DEMO_DATA
1045,Goa Coast,15.89676,73.82343,2025-05-07 18:24:24,29.08,-0.419,34.36,1.353,0.504,331.0,12.639,16.642,996.86,63.481,1.709,12.523,0,none,0.547,0.809,0.655,0.218,LOW,SYNTHETIC_DEMO_DATA
1046,Odisha Coast,19.73402,85.90881,2025-05-07 21:19:15,28.736,-1.563,29.013,2.221,0.574,231.1,19.036,13.135,1018.349,77.496,0.842,11.41,1,anticyclonic,0.459,0.502,0.628,0.585,MEDIUM,SYNTHETIC_DEMO_DATA
1047,Visakhapatnam,17.99251,83.04121,2025-05-08 00:14:06,30.644,0.845,32.09,1.623,0.721,289.97,7.48,19.506,1030.83,65.454,2.231,4.733,0,none,0.595,0.75,0.63,0.303,MEDIUM,SYNTHETIC_DEMO_DATA
1048,Gujarat Coast,22.29603,69.84052,2025-05-08 03:08:57,27.543,-1.256,35.438,2.623,0.796,280.75,19.316,5.8,1020.586,70.705,1.399,10.506,1,cyclonic,0.598,0.513,0.63,0.588,MEDIUM,SYNTHETIC_DEMO_DATA
1049,Gujarat Coast,22.06508,69.80022,2025-05-08 06:03:49,28.751,-0.048,34.906,1.575,0.701,84.34,4.616,14.078,1016.573,72.264,1.225,8.365,0,none,0.452,0.757,0.824,0.217,LOW,SYNTHETIC_DEMO_DATA
1050,Odisha Coast,19.72511,85.62779,2025-05-08 08:58:40,30.715,0.416,29.956,1.668,0.533,29.18,11.413,17.356,1009.937,79.489,1.46,13.565,0,none,0.407,0.659,0.694,0.332,MEDIUM,SYNTHETIC_DEMO_DATA
1051,Mumbai Coast,18.45437,72.8981,2025-05-08 11:53:31,28.238,-1.061,31.825,2.408,0.884,96.37,15.933,27.612,992.799,100.0,2.351,14.153,0,none,0.722,0.685,0.688,0.449,MEDIUM,SYNTHETIC_DEMO_DATA
1052,Chennai Coast,13.55832,80.20801,2025-05-08 14:48:22,28.141,-2.358,33.556,2.068,0.719,156.65,15.599,7.129,1008.999,83.414,1.074,10.632,0,none,0.433,0.594,0.46,0.669,HIGH,SYNTHETIC_DEMO_DATA
1053,Mumbai Coast,18.97897,72.7188,2025-05-08 17:43:13,28.664,-0.635,33.44,1.118,0.66,0.06,10.582,15.868,1015.276,77.247,2.106,15.345,0,none,0.557,0.646,0.626,0.332,MEDIUM,SYNTHETIC_DEMO_DATA
1054,Lakshadweep,10.94454,72.55676,2025-05-08 20:38:04,28.957,-0.842,33.849,0.948,0.702,281.08,1.0,10.727,1017.73,88.893,1.871,7.157,0,none,0.59,0.751,0.592,0.34,MEDIUM,SYNTHETIC_DEMO_DATA
1055,Sundarbans,22.07079,88.75608,2025-05-08 23:32:55,30.362,0.863,20.601,1.782,0.577,341.01,13.788,6.763,1010.393,67.493,0.825,3.723,0,none,0.424,0.714,0.616,0.412,MEDIUM,SYNTHETIC_DEMO_DATA
1056,Lakshadweep,10.53297,72.91222,2025-05-09 02:27:46,29.58,-0.219,35.055,0.291,0.683,107.0,1.0,6.96,1018.601,68.231,0.926,7.466,0,none,0.327,0.669,0.732,0.171,LOW,SYNTHETIC_DEMO_DATA
1057,Kerala Coast,10.17572,76.32906,2025-05-09 05:22:37,28.151,-1.448,34.477,1.939,0.918,280.5,13.301,20.605,1016.215,80.041,0.706,8.241,1,anticyclonic,0.448,0.5,0.517,0.614,HIGH,SYNTHETIC_DEMO_DATA
1058,Goa Coast,15.22784,74.25035,2025-05-09 08:17:28,29.784,0.285,33.74,2.513,0.5,186.25,22.674,27.008,1012.885,74.654,2.308,14.243,1,anticyclonic,0.694,0.841,0.714,0.311,MEDIUM,SYNTHETIC_DEMO_DATA
1059,Kerala Coast,9.7266,76.47461,2025-05-09 11:12:19,30.075,0.476,32.788,0.917,0.644,62.65,2.648,30.108,1023.695,71.119,1.918,16.165,1,anticyclonic,0.55,0.714,0.601,0.413,MEDIUM,SYNTHETIC_DEMO_DATA
1060,Chennai Coast,13.05616,80.21212,2025-05-09 14:07:10,31.267,0.768,33.617,2.822,0.71,278.56,18.976,7.134,1000.459,93.66,1.476,7.42,0,none,0.488,0.749,0.605,0.368,MEDIUM,SYNTHETIC_DEMO_DATA
1061,Goa Coast,15.2936,73.39993,2025-05-09 17:02:01,29.543,0.044,33.726,2.373,0.366,144.45,16.173,6.015,1011.421,67.084,0.665,8.357,1,cyclonic,0.347,0.7,0.69,0.222,LOW,SYNTHETIC_DEMO_DATA
1062,Gujarat Coast,22.22096,69.6597,2025-05-09 19:56:52,29.22,0.421,36.675,0.526,0.912,260.34,1.0,14.957,1015.787,74.405,1.328,9.674,0,none,0.492,0.819,0.623,0.286,LOW,SYNTHETIC_DEMO_DATA
1063,Odisha Coast,19.99117,85.77065,2025-05-09 22:51:43,30.4,0.101,29.209,1.809,0.581,282.73,9.852,25.883,1008.999,66.553,2.375,15.398,0,none,0.661,0.785,0.759,0.321,MEDIUM,SYNTHETIC_DEMO_DATA
1064,Goa Coast,15.73751,73.61302,2025-05-10 01:46:34,28.267,-1.232,32.642,1.387,0.633,298.74,13.327,18.405,1008.975,55.326,1.56,10.588,1,anticyclonic,0.384,0.52,0.488,0.516,MEDIUM,SYNTHETIC_DEMO_DATA
1065,Goa Coast,15.5228,73.82006,2025-05-10 04:41:25,28.991,-0.508,33.381,1.859,1.258,319.42,13.614,10.974,1013.865,68.797,1.494,10.199,1,anticyclonic,0.561,0.687,0.859,0.305,MEDIUM,SYNTHETIC_DEMO_DATA
1066,Chennai Coast,12.83421,80.23057,2025-05-10 07:36:16,30.223,-0.276,32.863,1.486,1.157,36.48,12.408,17.69,1010.108,85.051,1.734,12.104,0,none,0.432,0.724,0.633,0.192,LOW,SYNTHETIC_DEMO_DATA
1067,Lakshadweep,10.6474,72.4655,2025-05-10 10:31:08,28.888,-0.911,33.357,1.598,0.444,118.72,10.992,13.05,1008.958,75.889,0.838,9.118,1,anticyclonic,0.431,0.676,0.797,0.394,MEDIUM,SYNTHETIC_DEMO_DATA
1068,Gujarat Coast,21.97273,69.52795,2025-05-10 13:25:59,27.804,-0.996,35.134,1.841,0.664,115.75,14.875,2.867,1004.302,66.342,1.26,9.244,0,none,0.265,0.687,0.715,0.38,MEDIUM,SYNTHETIC_DEMO_DATA
1069,Chennai Coast,12.90947,80.13715,2025-05-10 16:20:50,31.276,0.777,34.036,1.328,0.524,317.56,11.466,3.37,1022.694,84.31,1.015,3.553,0,none,0.409,0.511,0.77,0.257,LOW,SYNTHETIC_DEMO_DATA
1070,Sundarbans,21.91945,89.30371,2025-05-10 19:15:41,29.908,0.409,19.628,1.342,0.338,131.66,5.611,20.869,1001.544,80.662,1.592,9.768,0,none,0.533,0.655,0.721,0.411,MEDIUM,SYNTHETIC_DEMO_DATA
1071,Gujarat Coast,22.44802,69.58817,2025-05-10 22:10:32,28.801,0.002,37.725,1.555,0.458,215.11,8.918,0.0,1017.44,61.37,1.207,9.476,0,none,0.429,0.685,0.641,0.319,MEDIUM,SYNTHETIC_DEMO_DATA
1072,Visakhapatnam,17.40869,83.27951,2025-05-11 01:05:23,29.91,0.111,33.561,2.012,0.733,262.55,14.58,10.287,1010.46,73.621,1.648,14.384,0,none,0.386,0.747,0.678,0.244,LOW,SYNTHETIC_DEMO_DATA
1073,Goa Coast,15.21957,74.13937,2025-05-11 04:00:14,28.429,-1.07,35.053,1.913,0.57,21.84,11.595,19.211,1014.204,85.695,1.765,14.583,1,cyclonic,0.442,0.636,0.565,0.46,MEDIUM,SYNTHETIC_DEMO_DATA
1074,Mumbai Coast,19.4254,72.99381,2025-05-11 06:55:05,28.756,-0.543,32.736,2.288,0.962,35.4,25.603,24.414,1013.123,79.54,1.921,17.874,1,cyclonic,0.661,0.687,0.581,0.44,MEDIUM,SYNTHETIC_DEMO_DATA
1075,Kerala Coast,9.73509,75.95903,2025-05-11 09:49:56,29.266,-0.333,33.867,2.712,0.72,161.14,18.092,23.987,1006.84,82.851,2.006,10.924,0,none,0.633,0.691,0.696,0.347,MEDIUM,SYNTHETIC_DEMO_DATA
1076,Odisha Coast,19.65836,85.64806,2025-05-11 12:44:47,29.729,-0.57,31.121,1.771,0.8,316.03,18.39,13.125,1023.836,74.096,2.008,14.035,1,cyclonic,0.471,0.631,0.688,0.388,MEDIUM,SYNTHETIC_DEMO_DATA
1077,Goa Coast,15.52879,74.02145,2025-05-11 15:39:38,30.768,1.269,33.389,1.958,0.769,97.94,13.443,24.121,1011.012,64.743,2.176,15.985,1,cyclonic,0.673,0.623,0.452,0.527,MEDIUM,SYNTHETIC_DEMO_DATA
1078,Odisha Coast,20.1317,85.67495,2025-05-11 18:34:29,29.604,-0.696,30.401,1.594,0.271,210.61,12.826,15.66,1018.284,71.261,2.217,13.338,1,anticyclonic,0.58,0.657,0.68,0.396,MEDIUM,SYNTHETIC_DEMO_DATA
1079,Kerala Coast,9.71615,76.20355,2025-05-11 21:29:20,29.267,-0.332,33.266,1.572,0.844,69.05,5.838,30.332,999.841,86.679,2.366,18.524,1,cyclonic,0.613,0.566,0.713,0.4,MEDIUM,SYNTHETIC_DEMO_DATA
1080,Andaman & Nicobar,11.27979,92.76214,2025-05-12 00:24:11,31.627,1.328,32.943,0.965,0.784,131.85,6.362,28.052,1009.17,76.829,1.853,13.02,1,anticyclonic,0.717,0.606,0.487,0.483,MEDIUM,SYNTHETIC_DEMO_DATA
1081,Lakshadweep,10.7006,72.48037,2025-05-12 03:19:02,30.078,0.279,35.322,1.845,0.78,101.35,14.813,10.418,1001.495,67.84,1.536,11.243,1,cyclonic,0.492,0.738,0.864,0.227,LOW,SYNTHETIC_DEMO_DATA
1082,Lakshadweep,10.54175,72.51055,2025-05-12 06:13:53,30.036,0.237,34.645,1.402,0.491,24.03,9.718,0.0,1017.321,80.85,1.243,1.928,1,anticyclonic,0.397,0.74,0.764,0.184,LOW,SYNTHETIC_DEMO_DATA
1083,Lakshadweep,10.7745,72.7221,2025-05-12 09:08:44,29.029,-0.77,35.452,0.704,0.568,22.13,8.312,16.273,999.633,81.287,1.543,9.862,1,anticyclonic,0.472,0.82,0.743,0.299,LOW,SYNTHETIC_DEMO_DATA
1084,Mumbai Coast,18.92263,72.75339,2025-05-12 12:03:36,28.98,-0.319,34.782,1.289,0.69,230.54,7.14,19.906,1004.091,50.968,1.533,9.318,1,anticyclonic,0.581,0.827,0.76,0.251,LOW,SYNTHETIC_DEMO_DATA
1085,Visakhapatnam,17.62117,83.6063,2025-05-12 14:58:27,30.372,0.573,32.992,1.68,0.662,197.04,12.905,10.513,1004.279,73.531,1.531,10.898,0,none,0.477,0.754,0.645,0.321,MEDIUM,SYNTHETIC_DEMO_DATA
1086,Andaman & Nicobar,11.84905,92.82553,2025-05-12 17:53:18,30.869,0.57,32.635,2.562,0.739,10.72,16.433,14.407,999.13,76.0,1.207,6.917,0,none,0.331,0.742,0.605,0.29,LOW,SYNTHETIC_DEMO_DATA
1087,Andaman & Nicobar,11.62624,92.74345,2025-05-12 20:48:09,29.838,-0.461,32.816,2.766,0.952,196.57,15.39,14.753,1025.57,80.462,1.45,7.026,0,none,0.467,0.701,0.655,0.285,LOW,SYNTHETIC_DEMO_DATA
1088,Lakshadweep,10.5353,72.78049,2025-05-12 23:43:00,29.794,-0.005,32.005,2.129,0.528,4.22,13.88,9.821,1019.049,81.115,1.763,10.03,0,none,0.37,0.728,0.743,0.136,LOW,SYNTHETIC_DEMO_DATA
1089,Gujarat Coast,22.29668,69.71951,2025-05-13 02:37:51,29.354,0.555,35.608,1.352,1.279,74.45,7.027,0.0,1006.847,69.453,1.05,3.211,0,none,0.5,0.732,0.576,0.305,MEDIUM,SYNTHETIC_DEMO_DATA
1090,Odisha Coast,19.7058,86.10676,2025-05-13 05:32:42,30.039,-0.26,29.27,1.552,0.235,154.98,4.052,22.717,1020.985,88.952,1.768,15.171,0,none,0.478,0.618,0.725,0.294,LOW,SYNTHETIC_DEMO_DATA
1091,Mumbai Coast,18.64508,72.84448,2025-05-13 08:27:33,29.315,0.016,32.576,1.409,0.979,267.09,6.004,12.895,1011.542,84.431,1.12,12.839,1,anticyclonic,0.449,0.863,0.8,0.183,LOW,SYNTHETIC_DEMO_DATA
1092,Kerala Coast,9.93274,76.36833,2025-05-13 11:22:24,28.128,-1.471,34.358,1.397,0.665,229.74,3.523,6.161,1012.744,75.552,1.288,8.008,0,none,0.378,0.496,0.666,0.501,MEDIUM,SYNTHETIC_DEMO_DATA
1093,Andaman & Nicobar,11.51805,92.61713,2025-05-13 14:17:15,31.272,0.973,32.064,1.927,0.616,41.73,8.769,23.043,1016.969,94.359,2.158,13.719,1,cyclonic,0.624,0.58,0.546,0.443,MEDIUM,SYNTHETIC_DEMO_DATA
1094,Chennai Coast,13.30107,79.90371,2025-05-13 17:12:06,29.597,-0.902,32.695,2.318,1.234,336.27,18.549,4.097,1001.815,88.071,0.428,3.328,0,none,0.408,0.654,0.66,0.356,MEDIUM,SYNTHETIC_DEMO_DATA
1095,Chennai Coast,12.91982,80.29757,2025-05-13 20:06:57,29.671,-0.828,33.36,2.256,1.508,270.57,18.744,0.0,1003.782,77.267,0.691,4.196,0,none,0.374,0.631,0.793,0.323,MEDIUM,SYNTHETIC_DEMO_DATA
1096,Sundarbans,22.13068,88.99801,2025-05-13 23:01:48,29.991,0.492,21.833,1.819,1.014,101.75,13.02,16.373,1004.888,80.893,1.979,10.421,0,none,0.46,0.705,0.764,0.316,MEDIUM,SYNTHETIC_DEMO_DATA
1097,Andaman & Nicobar,12.10297,92.66544,2025-05-14 01:56:39,29.233,-1.066,35.295,1.535,0.926,215.97,7.75,13.076,1026.565,73.465,1.755,11.043,1,anticyclonic,0.489,0.631,0.577,0.444,MEDIUM,SYNTHETIC_DEMO_DATA
1098,Goa Coast,15.59037,73.99378,2025-05-14 04:51:30,29.861,0.362,34.839,2.348,1.271,24.76,22.0,17.117,1019.052,73.792,1.651,14.882,0,none,0.573,0.594,0.574,0.359,MEDIUM,SYNTHETIC_DEMO_DATA
1099,Sundarbans,22.30792,89.04655,2025-05-14 07:46:21,29.368,-0.131,21.32,1.7,0.432,201.25,15.983,26.025,1009.186,94.536,1.875,16.405,0,none,0.603,0.606,0.688,0.305,MEDIUM,SYNTHETIC_DEMO_DATA
1100,Kerala Coast,9.9479,76.08274,2025-05-14 10:41:12,29.343,-0.256,34.512,0.537,0.406,226.2,1.0,10.43,1012.504,47.022,1.225,5.699,1,anticyclonic,0.397,0.7,0.839,0.256,LOW,SYNTHETIC_DEMO_DATA
1101,Kerala Coast,10.03089,76.14504,2025-05-14 13:36:04,29.199,-0.4,32.633,1.486,0.598,274.13,10.626,21.786,1010.494,85.234,2.189,11.99,0,none,0.601,0.795,0.672,0.257,LOW,SYNTHETIC_DEMO_DATA
1102,Kerala Coast,10.27763,76.40723,2025-05-14 16:30:55,28.818,-0.781,32.481,2.854,0.963,335.57,19.253,22.55,1016.358,77.062,1.86,18.619,1,anticyclonic,0.609,0.653,0.593,0.467,MEDIUM,SYNTHETIC_DEMO_DATA
1103,Lakshadweep,10.42492,72.36666,2025-05-14 19:25:46,29.841,0.042,34.485,2.148,0.923,86.75,9.332,10.47,1006.873,73.551,1.505,7.687,0,none,0.625,0.71,0.605,0.18,LOW,SYNTHETIC_DEMO_DATA
1104,Odisha Coast,19.41834,85.63974,2025-05-14 22:20:37,28.798,-1.501,29.94,1.682,0.94,22.18,12.176,8.131,994.953,88.384,1.171,11.274,0,none,0.49,0.643,0.574,0.52,MEDIUM,SYNTHETIC_DEMO_DATA
1105,Chennai Coast,13.07274,80.35199,2025-05-15 01:15:28,30.811,0.311,30.29,1.624,0.951,207.72,10.787,23.279,1007.222,72.527,2.507,13.909,1,cyclonic,0.504,0.669,0.623,0.337,MEDIUM,SYNTHETIC_DEMO_DATA
1106,Odisha Coast,19.76108,86.06321,2025-05-15 04:10:19,30.416,0.117,27.293,1.716,0.698,330.7,10.963,6.269,1013.237,77.661,1.267,9.317,0,none,0.5,0.748,0.88,0.194,LOW,SYNTHETIC_DEMO_DATA
1107,Visakhapatnam,17.45291,83.21783,2025-05-15 07:05:10,29.753,-0.046,32.318,0.805,0.721,18.35,1.0,5.01,1006.38,77.375,1.281,4.27,0,none,0.539,0.681,0.727,0.118,LOW,SYNTHETIC_DEMO_DATA
1108,Lakshadweep,10.40455,72.66767,2025-05-15 10:00:01,29.217,-0.582,32.462,2.029,0.953,91.6,11.907,13.652,1008.31,60.5,1.744,11.311,1,anticyclonic,0.465,0.625,0.704,0.288,LOW,SYNTHETIC_DEMO_DATA
1109,Lakshadweep,10.85959,72.75235,2025-05-15 12:54:52,30.623,0.824,33.043,1.063,0.247,11.82,11.797,22.002,1005.837,85.386,1.389,16.967,0,none,0.653,0.844,0.644,0.354,MEDIUM,SYNTHETIC_DEMO_DATA
1110,Sundarbans,22.12404,88.92394,2025-05-15 15:49:43,29.564,0.065,22.144,1.776,0.3,355.38,6.902,23.588,1008.741,91.574,2.27,15.989,0,none,0.666,0.816,0.692,0.322,MEDIUM,SYNTHETIC_DEMO_DATA
1111,Gujarat Coast,22.23071,69.64871,2025-05-15 18:44:34,28.086,-0.714,36.114,1.596,0.716,294.81,7.703,6.6,1005.528,100.0,0.842,8.057,1,cyclonic,0.506,0.707,0.618,0.4,MEDIUM,SYNTHETIC_DEMO_DATA
1112,Visakhapatnam,17.50503,83.27156,2025-05-15 21:39:25,29.872,0.073,32.672,1.196,0.828,23.19,7.866,6.194,1004.789,100.0,0.997,4.375,0,none,0.309,0.671,0.713,0.157,LOW,SYNTHETIC_DEMO_DATA
1113,Odisha Coast,19.8753,86.27525,2025-05-16 00:34:16,30.481,0.182,30.401,2.814,0.705,43.91,21.71,25.654,1005.406,98.51,1.31,16.796,0,none,0.532,0.735,0.628,0.341,MEDIUM,SYNTHETIC_DEMO_DATA
1114,Visakhapatnam,17.67073,83.17931,2025-05-16 03:29:07,31.44,1.641,33.94,2.612,0.849,341.44,16.574,2.566,1014.558,75.576,0.997,4.239,0,none,0.388,0.549,0.56,0.448,MEDIUM,SYNTHETIC_DEMO_DATA
1115,Odisha Coast,20.09712,85.76255,2025-05-16 06:23:58,29.928,-0.371,30.132,2.496,0.892,46.64,14.723,7.223,1012.308,69.506,1.255,10.426,0,none,0.459,0.65,0.609,0.366,MEDIUM,SYNTHETIC_DEMO_DATA
1116,Kerala Coast,10.23099,76.05162,2025-05-16 09:18:49,32.261,2.662,32.767,2.116,1.164,192.13,9.756,21.434,1017.352,80.318,1.716,12.765,1,anticyclonic,0.516,0.439,0.285,0.855,CRITICAL,SYNTHETIC_DEMO_DATA
1117,Lakshadweep,10.78258,72.51316,2025-05-16 12:13:40,29.869,0.07,34.287,1.04,0.605,183.93,4.082,16.241,1010.892,74.545,1.379,13.582,0,none,0.488,0.756,0.688,0.24,LOW,SYNTHETIC_DEMO_DATA
1118,Mumbai Coast,19.05904,72.77902,2025-05-16 15:08:32,29.94,0.641,33.489,1.279,0.651,24.67,6.923,27.97,1005.239,85.743,1.627,15.221,0,none,0.495,0.671,0.726,0.361,MEDIUM,SYNTHETIC_DEMO_DATA
1119,Goa Coast,15.33847,73.62686,2025-05-16 18:03:23,29.324,-0.175,33.341,0.798,0.637,62.76,6.794,26.959,1005.417,83.21,1.732,15.954,0,none,0.453,0.785,0.69,0.204,LOW,SYNTHETIC_DEMO_DATA
1120,Kerala Coast,9.7191,76.14339,2025-05-16 20:58:14,30.029,0.43,34.984,2.091,1.036,172.1,14.474,7.505,1004.977,78.672,1.314,9.009,0,none,0.522,0.75,0.745,0.255,LOW,SYNTHETIC_DEMO_DATA
1121,Sundarbans,22.27478,89.13428,2025-05-16 23:53:05,28.898,-0.601,24.899,1.851,0.559,34.57,9.132,11.585,1023.643,61.564,1.198,4.969,0,none,0.276,0.533,0.667,0.477,MEDIUM,SYNTHETIC_DEMO_DATA
1122,Sundarbans,22.12718,89.25456,2025-05-17 02:47:56,29.285,-0.214,21.133,0.564,0.434,255.3,1.4,8.201,1011.655,72.858,0.977,4.822,0,none,0.321,0.768,0.687,0.248,LOW,SYNTHETIC_DEMO_DATA
1123,Visakhapatnam,18.01862,83.02615,2025-05-17 05:42:47,31.5,1.701,32.795,2.304,0.681,318.83,17.023,13.767,1013.378,74.031,1.412,13.272,0,none,0.374,0.58,0.504,0.571,MEDIUM,SYNTHETIC_DEMO_DATA
1124,Visakhapatnam,17.50033,83.11296,2025-05-17 08:37:38,30.677,0.878,33.745,1.043,0.788,278.22,4.589,5.28,1020.469,53.815,1.125,5.397,0,none,0.417,0.435,0.519,0.394,MEDIUM,SYNTHETIC_DEMO_DATA
1125,Andaman & Nicobar,11.65643,92.48931,2025-05-17 11:32:29,28.725,-1.575,33.208,1.454,0.965,237.97,10.02,13.576,1003.005,55.725,1.375,10.841,1,anticyclonic,0.42,0.456,0.592,0.586,MEDIUM,SYNTHETIC_DEMO_DATA
1126,Andaman & Nicobar,12.07184,92.54935,2025-05-17 14:27:20,29.501,-0.798,30.818,1.548,0.05,21.04,9.229,8.135,1009.943,73.404,0.842,7.687,1,anticyclonic,0.347,0.535,0.586,0.393,MEDIUM,SYNTHETIC_DEMO_DATA
1127,Andaman & Nicobar,11.41083,92.93871,2025-05-17 17:22:11,28.774,-1.525,33.658,1.949,0.89,92.02,14.501,11.355,996.84,63.727,1.247,10.886,0,none,0.464,0.605,0.745,0.499,MEDIUM,SYNTHETIC_DEMO_DATA
1128,Gujarat Coast,21.94425,69.57138,2025-05-17 20:17:02,26.929,-1.87,34.096,3.088,0.817,206.39,18.401,1.753,1009.334,78.01,0.635,7.429,0,none,0.259,0.465,0.585,0.608,HIGH,SYNTHETIC_DEMO_DATA
1129,Mumbai Coast,19.0777,72.81485,2025-05-17 23:11:53,29.076,-0.223,33.304,1.329,1.03,342.52,7.632,23.583,1004.252,82.787,1.08,11.604,0,none,0.542,0.79,0.636,0.232,LOW,SYNTHETIC_DEMO_DATA
1130,Gujarat Coast,22.0042,69.62688,2025-05-18 02:06:44,27.565,-1.234,35.016,2.467,0.639,267.29,15.946,4.641,1015.606,80.483,0.948,9.558,1,anticyclonic,0.346,0.684,0.488,0.563,MEDIUM,SYNTHETIC_DEMO_DATA
1131,Kerala Coast,9.80213,76.30247,2025-05-18 05:01:35,28.787,-0.812,35.486,1.419,1.011,264.54,9.864,21.375,1004.193,72.906,1.662,13.572,1,anticyclonic,0.398,0.469,0.717,0.349,MEDIUM,SYNTHETIC_DEMO_DATA
1132,Gujarat Coast,22.33914,69.553,2025-05-18 07:56:26,31.008,2.209,35.842,1.739,0.362,299.0,6.3,6.286,1014.303,76.044,1.215,7.522,1,anticyclonic,0.423,0.442,0.439,0.726,HIGH,SYNTHETIC_DEMO_DATA
1133,Goa Coast,15.57949,73.52391,2025-05-18 10:51:17,29.274,-0.225,32.54,1.825,0.842,87.54,6.588,16.117,1014.217,66.363,1.738,17.67,1,anticyclonic,0.44,0.665,0.699,0.326,MEDIUM,SYNTHETIC_DEMO_DATA
1134,Goa Coast,15.23549,73.6566,2025-05-18 13:46:08,29.404,-0.095,33.368,1.8,0.856,294.32,10.161,16.892,999.47,75.371,1.801,10.104,1,anticyclonic,0.394,0.696,0.742,0.181,LOW,SYNTHETIC_DEMO_DATA
1135,Gujarat Coast,22.08595,69.31565,2025-05-18 16:41:00,28.949,0.15,34.907,1.041,0.961,8.28,2.438,11.307,1010.466,83.441,1.477,2.653,1,cyclonic,0.43,0.662,0.674,0.273,LOW,SYNTHETIC_DEMO_DATA
1136,Sundarbans,21.84281,89.08598,2025-05-18 19:35:51,29.135,-0.364,20.507,2.099,0.494,177.94,13.278,23.917,1006.123,70.511,0.88,15.426,1,anticyclonic,0.489,0.641,0.658,0.419,MEDIUM,SYNTHETIC_DEMO_DATA
1137,Goa Coast,15.64392,73.54698,2025-05-18 22:30:42,31.888,2.388,33.052,2.098,0.689,130.6,20.193,7.16,1011.691,92.125,2.095,12.026,0,none,0.438,0.272,0.432,0.651,HIGH,SYNTHETIC_DEMO_DATA
1138,Chennai Coast,13.20867,79.89372,2025-05-19 01:25:33,31.993,1.494,35.829,1.661,1.135,259.51,13.338,1.085,1014.892,71.702,0.941,5.671,0,none,0.306,0.66,0.598,0.422,MEDIUM,SYNTHETIC_DEMO_DATA
1139,Goa Coast,15.3048,73.67838,2025-05-19 04:20:24,29.657,0.158,33.637,2.55,0.988,88.85,16.566,10.689,1004.264,85.493,1.133,7.019,0,none,0.422,0.848,0.682,0.186,LOW,SYNTHETIC_DEMO_DATA
1140,Mumbai Coast,18.88886,72.65655,2025-05-19 07:15:15,29.049,-0.25,34.474,1.559,0.748,211.96,1.0,26.275,1005.869,92.347,2.175,19.364,0,none,0.694,0.718,0.639,0.36,MEDIUM,SYNTHETIC_DEMO_DATA
1141,Andaman & Nicobar,11.68588,92.89875,2025-05-19 10:10:06,30.983,0.684,30.838,2.643,1.169,165.76,21.135,16.103,1003.919,65.814,1.988,13.178,0,none,0.508,0.589,0.645,0.338,MEDIUM,SYNTHETIC_DEMO_DATA
1142,Chennai Coast,12.97735,80.36323,2025-05-19 13:04:57,30.03,-0.469,33.348,1.779,0.368,9.65,13.639,19.633,1021.179,95.854,1.706,9.878,0,none,0.393,0.716,0.646,0.279,LOW,SYNTHETIC_DEMO_DATA
1143,Lakshadweep,10.7953,72.57569,2025-05-19 15:59:48,30.468,0.669,33.996,2.114,0.527,202.97,11.007,8.887,1015.348,86.737,1.572,8.112,1,cyclonic,0.417,0.743,0.607,0.419,MEDIUM,SYNTHETIC_DEMO_DATA
1144,Andaman & Nicobar,11.70467,92.68997,2025-05-19 18:54:39,29.945,-0.354,32.159,2.238,0.954,197.42,12.88,26.343,1019.403,55.148,2.134,17.418,0,none,0.528,0.702,0.668,0.292,LOW,SYNTHETIC_DEMO_DATA
1145,Chennai Coast,12.85879,79.88226,2025-05-19 21:49:30,30.833,0.334,32.767,1.962,0.769,195.24,16.131,0.0,1000.427,61.437,0.865,3.318,0,none,0.354,0.634,0.734,0.26,LOW,SYNTHETIC_DEMO_DATA
1146,Kerala Coast,9.89475,76.45268,2025-05-20 00:44:21,29.907,0.308,30.883,1.911,0.693,137.81,16.539,26.327,1013.119,91.791,1.639,16.093,1,cyclonic,0.545,0.637,0.601,0.371,MEDIUM,SYNTHETIC_DEMO_DATA
1147,Mumbai Coast,18.95551,72.80262,2025-05-20 03:39:12,29.162,-0.137,33.635,1.275,0.396,141.58,11.368,30.241,1008.893,89.344,1.711,15.37,0,none,0.515,0.662,0.708,0.232,LOW,SYNTHETIC_DEMO_DATA
1148,Goa Coast,15.36919,73.93679,2025-05-20 06:34:03,29.394,-0.105,35.841,1.763,0.405,64.59,9.614,11.809,1003.831,62.794,1.252,7.39,1,anticyclonic,0.459,0.67,0.791,0.244,LOW,SYNTHETIC_DEMO_DATA
1149,Gujarat Coast,22.55091,69.74362,2025-05-20 09:28:54,28.963,0.164,36.757,3.3,0.939,171.33,26.581,0.0,1016.443,65.392,0.731,9.36,0,none,0.387,0.696,0.717,0.257,LOW,SYNTHETIC_DEMO_DATA
1150,Andaman & Nicobar,11.70112,92.22264,2025-05-20 12:23:45,30.293,-0.006,31.449,2.482,0.338,180.4,17.887,26.242,996.487,89.24,1.928,15.53,0,none,0.659,0.785,0.706,0.309,MEDIUM,SYNTHETIC_DEMO_DATA
1151,Chennai Coast,12.89509,80.42469,2025-05-20 15:18:36,30.904,0.405,32.283,2.381,0.7,116.75,22.062,8.946,1014.378,81.45,1.214,10.361,0,none,0.312,0.446,0.755,0.302,MEDIUM,SYNTHETIC_DEMO_DATA
1152,Mumbai Coast,19.14326,72.79815,2025-05-20 18:13:28,29.569,0.27,35.262,1.154,0.691,184.44,11.366,25.185,1013.264,81.459,1.691,14.3,0,none,0.539,0.896,0.723,0.231,LOW,SYNTHETIC_DEMO_DATA
1153,Kerala Coast,10.04054,76.29179,2025-05-20 21:08:19,30.268,0.669,33.006,1.49,0.856,163.15,6.161,30.736,995.132,84.016,2.496,16.2,0,none,0.627,0.72,0.761,0.283,LOW,SYNTHETIC_DEMO_DATA
1154,Lakshadweep,10.64225,72.45356,2025-05-21 00:03:10,30.711,0.912,34.199,1.577,1.085,80.24,14.939,12.062,1009.17,82.595,1.16,11.424,0,none,0.417,0.625,0.539,0.345,MEDIUM,SYNTHETIC_DEMO_DATA
1155,Chennai Coast,12.86509,80.29616,2025-05-21 02:58:01,29.736,-0.763,34.011,1.376,0.757,97.92,13.864,4.274,1004.523,71.058,0.495,7.612,0,none,0.338,0.478,0.56,0.349,MEDIUM,SYNTHETIC_DEMO_DATA
1156,Mumbai Coast,19.2251,72.92545,2025-05-21 05:52:52,29.86,0.561,33.849,1.962,0.578,95.33,7.378,18.039,1001.707,79.83,1.469,6.966,0,none,0.554,0.82,0.648,0.315,MEDIUM,SYNTHETIC_DEMO_DATA
1157,Odisha Coast,20.13593,85.8761,2025-05-21 08:47:43,29.238,-1.061,28.278,1.193,0.634,332.51,3.13,21.294,1015.074,83.53,1.693,12.605,1,cyclonic,0.59,0.684,0.576,0.53,MEDIUM,SYNTHETIC_DEMO_DATA
1158,Andaman & Nicobar,11.87154,92.73705,2025-05-21 11:42:34,31.611,1.312,32.527,2.034,0.603,330.04,14.5,14.734,996.168,78.579,1.891,10.409,1,anticyclonic,0.66,0.627,0.558,0.406,MEDIUM,SYNTHETIC_DEMO_DATA
1159,Chennai Coast,12.89773,80.37558,2025-05-21 14:37:25,32.656,2.157,34.82,2.033,1.194,311.6,8.744,11.191,1006.339,97.116,0.96,8.211,1,cyclonic,0.32,0.401,0.465,0.604,HIGH,SYNTHETIC_DEMO_DATA
1160,Chennai Coast,12.79338,80.14553,2025-05-21 17:32:16,30.873,0.374,33.752,2.604,0.893,327.73,17.312,0.0,1012.053,78.924,0.948,1.868,0,none,0.351,0.584,0.747,0.26,LOW,SYNTHETIC_DEMO_DATA
1161,Mumbai Coast,18.98899,72.8494,2025-05-21 20:27:07,29.839,0.54,35.035,2.258,0.711,350.49,14.958,11.781,1005.556,62.05,0.787,13.623,0,none,0.4,0.665,0.67,0.336,MEDIUM,SYNTHETIC_DEMO_DATA
1162,Kerala Coast,10.40012,76.10137,2025-05-21 23:21:58,29.943,0.344,34.873,1.905,1.0,209.6,10.362,12.25,1024.947,68.14,1.207,10.302,0,none,0.634,0.69,0.744,0.225,LOW,SYNTHETIC_DEMO_DATA
1163,Andaman & Nicobar,11.76656,92.60258,2025-05-22 02:16:49,30.246,-0.053,30.896,1.806,0.816,49.08,15.509,19.405,1021.784,92.902,1.463,13.298,0,none,0.446,0.617,0.694,0.268,LOW,SYNTHETIC_DEMO_DATA
1164,Mumbai Coast,18.89245,72.8403,2025-05-22 05:11:40,28.394,-0.905,32.827,1.753,1.058,22.08,10.323,22.314,1013.276,80.588,2.068,18.287,0,none,0.559,0.594,0.614,0.438,MEDIUM,SYNTHETIC_DEMO_DATA
1165,Mumbai Coast,18.71525,73.03763,2025-05-22 08:06:31,29.013,-0.286,36.747,1.526,0.226,10.94,10.888,2.306,1021.01,79.865,0.525,1.667,1,cyclonic,0.221,0.739,0.609,0.32,MEDIUM,SYNTHETIC_DEMO_DATA
1166,Odisha Coast,19.72493,86.13623,2025-05-22 11:01:22,30.334,0.034,31.567,2.923,1.087,63.01,21.624,8.276,1003.677,52.542,1.436,7.441,0,none,0.449,0.725,0.845,0.212,LOW,SYNTHETIC_DEMO_DATA
1167,Sundarbans,21.83768,89.04027,2025-05-22 13:56:13,29.904,0.405,20.656,1.922,1.018,185.0,8.787,33.175,1019.721,67.917,2.634,15.323,0,none,0.531,0.552,0.704,0.47,MEDIUM,SYNTHETIC_DEMO_DATA
1168,Chennai Coast,12.67201,80.11349,2025-05-22 16:51:04,30.299,-0.2,36.743,2.526,0.865,142.16,19.728,7.712,1005.08,81.018,1.506,8.03,0,none,0.427,0.77,0.68,0.239,LOW,SYNTHETIC_DEMO_DATA
1169,Lakshadweep,10.32586,72.85253,2025-05-22 19:45:55,28.72,-1.079,34.193,1.969,0.89,239.15,12.099,13.215,1012.293,58.581,1.946,11.941,1,anticyclonic,0.494,0.608,0.61,0.496,MEDIUM,SYNTHETIC_DEMO_DATA
1170,Lakshadweep,10.75306,72.80504,2025-05-22 22:40:47,31.178,1.379,31.838,2.232,0.866,27.74,7.509,4.37,1014.767,88.017,0.799,2.081,1,cyclonic,0.379,0.594,0.711,0.433,MEDIUM,SYNTHETIC_DEMO_DATA
1171,Gujarat Coast,22.28266,69.73954,2025-05-23 01:35:38,28.812,0.013,36.142,1.757,0.817,203.0,8.456,13.268,1018.495,69.056,1.14,4.983,1,cyclonic,0.45,0.741,0.785,0.21,LOW,SYNTHETIC_DEMO_DATA
1172,Gujarat Coast,22.45604,69.76926,2025-05-23 04:30:29,28.693,-0.107,37.403,1.907,0.963,52.39,14.185,2.158,998.095,74.7,0.701,0.742,1,cyclonic,0.29,0.683,0.683,0.195,LOW,SYNTHETIC_DEMO_DATA
1173,Chennai Coast,13.05871,80.12096,2025-05-23 07:25:20,30.353,-0.146,33.215,0.947,0.823,351.09,1.09,15.639,1013.077,100.0,1.567,7.084,0,none,0.454,0.721,0.699,0.259,LOW,SYNTHETIC_DEMO_DATA
1174,Odisha Coast,19.8698,85.76565,2025-05-23 10:20:11,31.165,0.866,30.572,2.252,0.92,315.06,11.259,12.201,1030.199,59.245,1.511,12.171,1,cyclonic,0.47,0.598,0.575,0.49,MEDIUM,SYNTHETIC_DEMO_DATA
1175,Sundarbans,21.77437,89.11004,2025-05-23 13:15:02,28.61,-0.889,20.802,1.841,0.805,138.41,14.542,10.259,1005.162,59.124,1.473,10.262,0,none,0.358,0.654,0.632,0.459,MEDIUM,SYNTHETIC_DEMO_DATA
1176,Chennai Coast,12.7712,80.17497,2025-05-23 16:09:53,30.407,-0.092,35.415,2.447,0.493,135.8,12.833,4.629,1011.917,78.786,1.341,9.155,1,anticyclonic,0.406,0.589,0.76,0.227,LOW,SYNTHETIC_DEMO_DATA
1177,Chennai Coast,13.11261,80.33384,2025-05-23 19:04:44,30.159,-0.34,33.645,1.301,0.97,137.86,8.84,7.607,1009.709,88.075,1.096,5.813,0,none,0.394,0.581,0.749,0.308,MEDIUM,SYNTHETIC_DEMO_DATA
1178,Odisha Coast,20.05939,85.60941,2025-05-23 21:59:35,30.024,-0.275,28.759,2.099,0.474,179.9,11.847,12.85,1010.824,79.784,0.961,9.564,0,none,0.481,0.642,0.62,0.301,MEDIUM,SYNTHETIC_DEMO_DATA
1179,Visakhapatnam,17.6535,83.26182,2025-05-24 00:54:26,30.738,0.939,30.88,2.108,0.835,311.75,14.394,0.0,1004.846,64.231,1.289,4.61,1,cyclonic,0.53,0.615,0.552,0.399,MEDIUM,SYNTHETIC_DEMO_DATA
1180,Sundarbans,22.11097,88.80905,2025-05-24 03:49:17,28.879,-0.62,21.686,1.012,0.594,310.62,7.923,10.588,1014.005,77.379,0.974,8.281,0,none,0.382,0.792,0.691,0.32,MEDIUM,SYNTHETIC_DEMO_DATA
1181,Gujarat Coast,22.18325,69.36377,2025-05-24 06:44:08,28.386,-0.413,34.459,1.934,0.792,275.58,13.538,4.473,996.327,56.75,0.907,8.566,0,none,0.386,0.677,0.604,0.305,MEDIUM,SYNTHETIC_DEMO_DATA
1182,Lakshadweep,10.56244,72.6962,2025-05-24 09:38:59,29.219,-0.58,33.102,1.229,0.344,186.53,8.394,10.545,1017.266,80.913,1.869,11.657,0,none,0.496,0.478,0.637,0.3,LOW,SYNTHETIC_DEMO_DATA
1183,Gujarat Coast,22.54216,69.42581,2025-05-24 12:33:50,30.024,1.225,35.317,2.049,0.965,154.95,11.465,9.505,999.673,67.75,0.727,5.494,1,cyclonic,0.387,0.669,0.484,0.474,MEDIUM,SYNTHETIC_DEMO_DATA
1184,Kerala Coast,9.94626,76.77408,2025-05-24 15:28:41,30.737,1.137,32.576,1.486,0.517,303.91,9.588,26.528,1010.104,89.669,1.28,17.0,0,none,0.523,0.5,0.471,0.545,MEDIUM,SYNTHETIC_DEMO_DATA
1185,Kerala Coast,9.89688,76.25802,2025-05-24 18:23:32,29.285,-0.314,34.325,2.193,0.687,279.78,16.854,23.453,1006.775,73.108,1.971,18.809,1,anticyclonic,0.671,0.806,0.632,0.333,MEDIUM,SYNTHETIC_DEMO_DATA
1186,Chennai Coast,12.71317,80.46298,2025-05-24 21:18:23,30.328,-0.171,31.804,1.142,0.833,181.03,2.996,7.616,1021.006,69.856,2.019,5.979,0,none,0.547,0.664,0.672,0.256,LOW,SYNTHETIC_DEMO_DATA
1187,Odisha Coast,19.94104,85.92683,2025-05-25 00:13:15,30.976,0.677,30.188,1.144,0.905,356.09,8.539,16.455,1008.662,75.165,1.061,9.983,1,cyclonic,0.373,0.676,0.613,0.412,MEDIUM,SYNTHETIC_DEMO_DATA
1188,Mumbai Coast,19.23591,72.95093,2025-05-25 03:08:06,29.316,0.017,34.27,1.846,0.719,235.68,11.331,13.251,1015.185,82.933,1.548,11.854,1,cyclonic,0.433,0.693,0.804,0.36,MEDIUM,SYNTHETIC_DEMO_DATA
1189,Mumbai Coast,18.45824,72.88088,2025-05-25 06:02:57,29.01,-0.289,33.657,1.894,0.86,3.45,11.098,17.557,1014.939,78.187,2.476,10.018,0,none,0.545,0.732,0.722,0.194,LOW,SYNTHETIC_DEMO_DATA
1190,Sundarbans,21.80667,89.03297,2025-05-25 08:57:48,29.603,0.104,19.923,0.938,0.603,248.54,6.651,13.196,1011.295,92.067,1.86,10.178,1,cyclonic,0.452,0.727,0.675,0.282,LOW,SYNTHETIC_DEMO_DATA
1191,Kerala Coast,9.60614,76.28292,2025-05-25 11:52:39,30.28,0.681,31.45,2.347,1.178,335.6,15.537,28.536,1021.653,71.04,1.904,20.007,0,none,0.586,0.67,0.609,0.392,MEDIUM,SYNTHETIC_DEMO_DATA
1192,Visakhapatnam,17.59186,83.28903,2025-05-25 14:47:30,28.693,-1.106,32.161,1.114,0.669,148.48,6.241,6.726,996.284,66.536,0.867,12.581,1,anticyclonic,0.318,0.616,0.542,0.412,MEDIUM,SYNTHETIC_DEMO_DATA
1193,Odisha Coast,20.17796,85.39111,2025-05-25 17:42:21,32.428,2.129,30.759,1.037,0.338,184.53,12.95,13.041,1022.221,70.479,1.472,7.259,1,cyclonic,0.531,0.379,0.577,0.714,HIGH,SYNTHETIC_DEMO_DATA
1194,Goa Coast,15.42372,73.54911,2025-05-25 20:37:12,28.792,-0.708,31.411,1.661,0.716,72.01,9.568,16.447,998.563,99.021,1.33,9.953,0,none,0.484,0.682,0.665,0.306,MEDIUM,SYNTHETIC_DEMO_DATA
1195,Mumbai Coast,19.11654,72.74802,2025-05-25 23:32:03,28.729,-0.57,32.482,2.593,0.89,46.51,18.939,23.435,1004.705,100.0,1.953,16.52,1,anticyclonic,0.494,0.606,0.665,0.427,MEDIUM,SYNTHETIC_DEMO_DATA
1196,Gujarat Coast,22.3413,69.4301,2025-05-26 02:26:54,29.492,0.693,37.969,2.817,0.825,114.58,21.685,13.869,1011.124,97.195,1.552,10.372,1,anticyclonic,0.491,0.722,0.704,0.429,MEDIUM,SYNTHETIC_DEMO_DATA
1197,Goa Coast,15.55789,73.66509,2025-05-26 05:21:45,28.959,-0.54,33.485,1.577,0.381,316.4,14.306,6.679,1018.117,82.093,1.303,11.45,1,anticyclonic,0.416,0.575,0.634,0.304,MEDIUM,SYNTHETIC_DEMO_DATA
1198,Lakshadweep,10.26093,72.40541,2025-05-26 08:16:36,28.56,-1.239,34.663,1.745,0.971,333.06,8.316,8.682,1007.306,79.089,0.975,7.906,1,anticyclonic,0.382,0.635,0.596,0.449,MEDIUM,SYNTHETIC_DEMO_DATA
1199,Andaman & Nicobar,11.69066,92.57701,2025-05-26 11:11:27,28.775,-1.524,30.732,0.89,0.72,70.22,2.248,21.968,1014.071,71.771,1.197,13.979,0,none,0.497,0.606,0.398,0.467,MEDIUM,SYNTHETIC_DEMO_DATA
1200,Gujarat Coast,22.57321,69.54406,2025-05-26 14:06:18,29.489,0.69,34.506,1.245,0.861,27.51,5.608,22.785,1022.687,70.368,1.689,14.65,1,anticyclonic,0.506,0.75,0.679,0.428,MEDIUM,SYNTHETIC_DEMO_DATA
1201,Andaman & Nicobar,11.75066,92.99525,2025-05-26 17:01:09,30.803,0.504,31.701,1.581,1.077,333.06,8.699,16.308,1017.537,87.148,1.135,7.057,0,none,0.276,0.792,0.613,0.233,LOW,SYNTHETIC_DEMO_DATA
1202,Kerala Coast,9.54166,76.44329,2025-05-26 19:56:00,29.215,-0.384,30.85,1.17,0.373,185.89,10.245,19.273,1008.074,83.872,2.195,14.3,0,none,0.517,0.917,0.767,0.311,MEDIUM,SYNTHETIC_DEMO_DATA
1203,Lakshadweep,10.73049,72.71638,2025-05-26 22:50:51,31.047,1.248,34.333,1.257,0.342,232.9,9.003,4.779,1005.217,80.606,1.611,9.826,1,anticyclonic,0.538,0.531,0.564,0.515,MEDIUM,SYNTHETIC_DEMO_DATA
1204,Goa Coast,15.27508,73.82311,2025-05-27 01:45:43,29.883,0.384,34.816,1.492,0.685,314.89,12.413,17.051,1019.831,94.571,2.249,12.652,0,none,0.571,0.737,0.774,0.311,MEDIUM,SYNTHETIC_DEMO_DATA
1205,Gujarat Coast,22.30748,69.8244,2025-05-27 04:40:34,29.283,0.484,35.958,1.427,1.211,318.39,11.894,10.186,997.6,86.768,0.714,6.139,0,none,0.335,0.698,0.735,0.294,LOW,SYNTHETIC_DEMO_DATA
1206,Lakshadweep,10.42973,72.83227,2025-05-27 07:35:25,29.86,0.061,35.38,2.4,0.916,292.06,14.838,14.701,1004.154,59.703,1.374,8.915,0,none,0.422,0.682,0.875,0.233,LOW,SYNTHETIC_DEMO_DATA
1207,Mumbai Coast,18.77344,73.11375,2025-05-27 10:30:16,29.795,0.496,34.227,1.8,0.64,56.85,9.83,8.025,1008.796,73.075,0.701,8.186,0,none,0.303,0.609,0.644,0.3,MEDIUM,SYNTHETIC_DEMO_DATA
1208,Goa Coast,15.84179,74.24805,2025-05-27 13:25:07,30.242,0.742,35.985,1.52,0.759,224.67,14.441,0.0,1019.64,69.407,0.752,2.638,0,none,0.421,0.683,0.689,0.221,LOW,SYNTHETIC_DEMO_DATA
1209,Visakhapatnam,17.9746,83.14937,2025-05-27 16:19:58,30.282,0.483,33.401,2.326,0.486,94.37,16.858,6.861,1013.032,85.761,0.947,11.135,1,cyclonic,0.391,0.767,0.703,0.231,LOW,SYNTHETIC_DEMO_DATA
1210,Lakshadweep,10.69973,72.55158,2025-05-27 19:14:49,29.446,-0.353,34.766,1.403,0.439,152.31,11.252,12.075,1004.15,74.161,1.637,12.349,0,none,0.419,0.741,0.618,0.28,LOW,SYNTHETIC_DEMO_DATA
1211,Gujarat Coast,22.42738,69.84755,2025-05-27 22:09:40,28.891,0.092,34.877,2.501,0.737,147.14,14.713,13.505,999.17,82.698,1.361,13.303,0,none,0.388,0.626,0.741,0.24,LOW,SYNTHETIC_DEMO_DATA
1212,Goa Coast,15.11843,73.89065,2025-05-28 01:04:31,30.707,1.208,33.572,2.125,0.619,284.43,11.919,6.928,1021.705,74.591,0.782,5.523,0,none,0.376,0.577,0.626,0.362,MEDIUM,SYNTHETIC_DEMO_DATA
1213,Kerala Coast,10.07035,76.60952,2025-05-28 03:59:22,29.989,0.39,32.32,2.028,0.956,330.64,21.52,31.892,1009.788,75.745,1.812,14.076,1,anticyclonic,0.7,0.627,0.678,0.35,MEDIUM,SYNTHETIC_DEMO_DATA
1214,Andaman & Nicobar,11.99123,92.54771,2025-05-28 06:54:13,28.985,-1.314,33.017,2.347,0.755,93.51,17.248,11.249,1021.698,92.484,1.807,13.222,1,anticyclonic,0.669,0.601,0.467,0.497,MEDIUM,SYNTHETIC_DEMO_DATA
1215,Sundarbans,21.96155,89.44064,2025-05-28 09:49:04,29.554,0.055,20.968,2.747,1.055,111.6,14.456,13.912,999.069,88.455,2.367,10.331,0,none,0.409,0.812,0.678,0.326,MEDIUM,SYNTHETIC_DEMO_DATA
1216,Odisha Coast,19.67547,85.92777,2025-05-28 12:43:55,32.197,1.898,28.773,1.237,0.868,313.8,10.184,9.878,1016.187,58.643,0.847,7.87,1,cyclonic,0.379,0.557,0.538,0.65,HIGH,SYNTHETIC_DEMO_DATA
1217,Mumbai Coast,18.86801,72.67236,2025-05-28 15:38:46,29.813,0.514,32.173,1.601,1.012,108.44,11.725,18.25,1012.564,68.022,1.168,14.42,0,none,0.467,0.716,0.739,0.346,MEDIUM,SYNTHETIC_DEMO_DATA
1218,Goa Coast,15.66254,73.66364,2025-05-28 18:33:37,30.534,1.035,31.432,2.271,0.738,194.89,15.939,5.276,1022.948,60.945,0.807,7.837,0,none,0.432,0.75,0.631,0.331,MEDIUM,SYNTHETIC_DEMO_DATA
1219,Andaman & Nicobar,11.51242,92.99965,2025-05-28 21:28:28,31.343,1.044,30.93,2.19,0.483,318.92,16.437,26.563,1010.354,88.423,2.411,19.13,0,none,0.571,0.62,0.552,0.437,MEDIUM,SYNTHETIC_DEMO_DATA
1220,Kerala Coast,9.97852,76.16326,2025-05-29 00:23:19,29.218,-0.381,30.498,2.337,0.555,247.8,11.253,19.94,1004.779,99.141,1.77,10.627,0,none,0.51,0.644,0.709,0.3,LOW,SYNTHETIC_DEMO_DATA
1221,Gujarat Coast,21.91417,69.4797,2025-05-29 03:18:11,30.268,1.469,33.269,0.996,0.871,139.47,2.893,27.95,1011.692,76.073,1.818,12.211,1,anticyclonic,0.646,0.648,0.604,0.557,MEDIUM,SYNTHETIC_DEMO_DATA
1222,Mumbai Coast,19.14198,73.08085,2025-05-29 06:13:02,30.76,1.461,33.365,2.237,0.456,310.45,16.097,14.706,1000.454,48.64,1.618,9.297,1,anticyclonic,0.579,0.681,0.543,0.551,MEDIUM,SYNTHETIC_DEMO_DATA
1223,Lakshadweep,10.52095,72.57249,2025-05-29 09:07:53,31.797,1.998,34.84,2.082,0.733,240.0,15.216,7.602,1004.254,79.929,1.642,4.461,1,cyclonic,0.455,0.501,0.55,0.588,MEDIUM,SYNTHETIC_DEMO_DATA
1224,Gujarat Coast,22.34573,69.39434,2025-05-29 12:02:44,28.679,-0.121,38.836,2.593,0.634,46.77,17.73,1.148,1007.638,40.565,0.402,8.229,0,none,0.423,0.676,0.838,0.204,LOW,SYNTHETIC_DEMO_DATA
1225,Kerala Coast,9.2529,76.41876,2025-05-29 14:57:35,29.392,-0.207,32.719,1.95,0.647,222.08,15.681,24.323,1015.631,80.382,1.648,11.359,0,none,0.51,0.701,0.686,0.198,LOW,SYNTHETIC_DEMO_DATA
1226,Lakshadweep,10.88048,72.35275,2025-05-29 17:52:26,29.42,-0.379,34.275,1.275,0.402,251.49,5.691,1.455,1022.276,77.421,1.052,3.82,1,anticyclonic,0.343,0.567,0.721,0.257,LOW,SYNTHETIC_DEMO_DATA
1227,Odisha Coast,19.7024,85.57089,2025-05-29 20:47:17,30.58,0.281,29.322,1.695,1.008,256.39,9.732,24.494,1028.867,78.543,1.938,9.324,0,none,0.703,0.901,0.794,0.237,LOW,SYNTHETIC_DEMO_DATA
1228,Lakshadweep,10.3315,72.79088,2025-05-29 23:42:08,28.352,-1.447,34.619,1.185,0.621,31.83,1.857,18.876,1019.18,73.661,1.467,15.11,1,cyclonic,0.524,0.607,0.599,0.551,MEDIUM,SYNTHETIC_DEMO_DATA
1229,Odisha Coast,19.65727,85.93415,2025-05-30 02:36:59,31.641,1.341,32.527,1.036,0.778,298.52,5.11,4.067,1007.048,77.929,1.021,7.95,0,none,0.356,0.546,0.569,0.464,MEDIUM,SYNTHETIC_DEMO_DATA
1230,Visakhapatnam,17.46292,83.39252,2025-05-30 05:31:50,29.298,-0.501,32.95,2.818,0.73,75.38,21.383,12.13,1013.986,70.029,1.323,8.964,1,anticyclonic,0.461,0.643,0.641,0.323,MEDIUM,SYNTHETIC_DEMO_DATA
1231,Andaman & Nicobar,11.76816,92.88536,2025-05-30 08:26:41,30.386,0.087,32.538,1.824,0.295,64.06,6.38,23.582,1008.618,51.573,1.191,13.38,1,anticyclonic,0.385,0.694,0.613,0.326,MEDIUM,SYNTHETIC_DEMO_DATA
1232,Goa Coast,15.53133,73.70199,2025-05-30 11:21:32,29.147,-0.352,32.993,2.5,0.298,253.95,13.946,2.095,1022.696,63.266,0.919,5.464,1,cyclonic,0.437,0.79,0.65,0.298,LOW,SYNTHETIC_DEMO_DATA
1233,Lakshadweep,10.4987,72.65033,2025-05-30 14:16:23,29.644,-0.155,34.431,1.564,0.439,156.56,8.63,20.201,1017.796,82.536,1.44,9.493,1,cyclonic,0.38,0.67,0.729,0.281,LOW,SYNTHETIC_DEMO_DATA
1234,Goa Coast,15.35985,73.58251,2025-05-30 17:11:14,30.903,1.404,33.304,2.104,0.59,107.64,14.845,11.549,1012.955,64.271,1.493,11.253,1,anticyclonic,0.538,0.602,0.563,0.499,MEDIUM,SYNTHETIC_DEMO_DATA
1235,Gujarat Coast,22.7558,69.49151,2025-05-30 20:06:05,27.714,-1.085,35.326,1.679,1.051,245.45,10.134,0.0,1007.735,87.118,1.145,9.264,0,none,0.255,0.431,0.658,0.445,MEDIUM,SYNTHETIC_DEMO_DATA
1236,Chennai Coast,13.2728,80.09953,2025-05-30 23:00:56,30.777,0.278,32.108,1.947,0.83,60.89,15.352,17.278,1010.369,78.808,1.523,8.216,0,none,0.531,0.788,0.79,0.229,LOW,SYNTHETIC_DEMO_DATA
1237,Sundarbans,21.52622,89.41196,2025-05-31 01:55:47,29.851,0.352,20.207,1.032,0.701,196.26,6.346,10.853,1002.304,100.0,0.97,9.258,0,none,0.485,0.703,0.648,0.338,MEDIUM,SYNTHETIC_DEMO_DATA
1238,Odisha Coast,19.89665,85.73503,2025-05-31 04:50:39,30.128,-0.171,27.429,2.128,0.842,316.5,15.146,20.841,1019.947,85.732,1.654,5.585,0,none,0.656,0.754,0.792,0.255,LOW,SYNTHETIC_DEMO_DATA
1239,Visakhapatnam,17.79512,83.24069,2025-05-31 07:45:30,30.463,0.664,33.786,1.714,0.512,146.15,7.475,3.864,1024.415,78.229,1.512,7.513,0,none,0.368,0.55,0.599,0.297,LOW,SYNTHETIC_DEMO_DATA
1240,Sundarbans,21.36978,89.04487,2025-05-31 10:40:21,30.339,0.84,21.427,1.809,0.19,326.2,12.377,23.734,1008.032,58.47,1.804,14.876,1,anticyclonic,0.561,0.699,0.557,0.448,MEDIUM,SYNTHETIC_DEMO_DATA
1241,Mumbai Coast,19.04547,72.95648,2025-05-31 13:35:12,29.602,0.303,33.97,2.752,0.557,174.73,12.658,21.152,1007.716,79.82,1.706,9.78,0,none,0.605,0.734,0.784,0.256,LOW,SYNTHETIC_DEMO_DATA
1242,Goa Coast,15.08003,73.95534,2025-05-31 16:30:03,28.847,-0.652,33.838,1.98,1.264,127.6,9.602,12.245,1007.736,79.94,1.441,9.842,0,none,0.525,0.652,0.691,0.278,LOW,SYNTHETIC_DEMO_DATA
1243,Lakshadweep,10.84406,72.57551,2025-05-31 19:24:54,29.298,-0.501,32.283,1.099,0.919,84.63,8.481,16.704,1004.61,92.112,1.21,8.958,0,none,0.449,0.721,0.742,0.322,MEDIUM,SYNTHETIC_DEMO_DATA
1244,Kerala Coast,9.69886,76.13626,2025-05-31 22:19:45,29.697,0.097,33.405,2.19,1.017,126.27,16.138,15.948,1008.709,79.734,1.064,11.147,0,none,0.522,0.726,0.693,0.244,LOW,SYNTHETIC_DEMO_DATA
1245,Andaman & Nicobar,12.08468,92.34598,2025-06-01 01:14:36,30.455,-0.045,31.358,2.287,0.739,300.79,17.18,38.98,1003.79,87.633,1.762,20.145,1,cyclonic,0.809,0.733,0.644,0.321,MEDIUM,SYNTHETIC_DEMO_DATA
1246,Lakshadweep,10.94399,72.94655,2025-06-01 04:09:27,30.473,0.473,32.976,2.371,1.001,355.52,16.297,29.719,1016.425,90.466,2.479,19.683,0,none,0.712,0.77,0.757,0.296,LOW,SYNTHETIC_DEMO_DATA
1247,Andaman & Nicobar,11.8063,92.13225,2025-06-01 07:04:18,31.27,0.77,31.576,2.461,1.037,205.92,22.098,52.927,1018.614,73.991,2.96,20.931,1,cyclonic,0.84,0.694,0.714,0.441,MEDIUM,SYNTHETIC_DEMO_DATA
1248,Kerala Coast,10.0857,76.37176,2025-06-01 09:59:09,30.323,0.523,31.599,1.616,0.646,213.19,12.568,58.168,1008.935,84.853,3.16,21.631,1,cyclonic,0.932,0.775,0.618,0.447,MEDIUM,SYNTHETIC_DEMO_DATA
1249,Chennai Coast,13.21634,80.2707,2025-06-01 12:54:00,30.323,-0.377,29.529,1.98,1.037,230.76,10.979,31.057,1010.999,62.001,2.675,20.766,1,cyclonic,0.645,0.735,0.635,0.384,MEDIUM,SYNTHETIC_DEMO_DATA
1250,Lakshadweep,10.69449,72.59408,2025-06-01 15:48:51,29.784,-0.216,35.252,1.812,0.85,236.66,15.857,46.766,1008.429,71.961,2.651,16.736,0,none,0.828,0.787,0.729,0.23,LOW,SYNTHETIC_DEMO_DATA
1251,Visakhapatnam,17.83137,83.18206,2025-06-01 18:43:42,31.737,1.737,33.328,2.782,1.062,116.82,21.136,22.013,1019.303,95.277,1.435,10.061,1,anticyclonic,0.549,0.593,0.447,0.613,HIGH,SYNTHETIC_DEMO_DATA
1252,Kerala Coast,9.84569,76.61057,2025-06-01 21:38:33,28.463,-1.337,31.151,2.629,0.576,46.8,15.069,59.095,1021.398,90.898,2.565,23.092,1,cyclonic,0.753,0.751,0.524,0.632,HIGH,SYNTHETIC_DEMO_DATA
1253,Sundarbans,22.16831,88.95831,2025-06-02 00:33:24,31.042,1.342,18.186,2.45,0.723,287.15,20.829,41.348,1003.618,90.732,2.242,19.451,1,cyclonic,0.679,0.697,0.499,0.582,MEDIUM,SYNTHETIC_DEMO_DATA
1254,Goa Coast,15.42905,73.9225,2025-06-02 03:28:15,30.795,1.095,30.621,2.814,1.483,114.56,24.301,48.884,1010.411,93.257,3.12,25.302,1,anticyclonic,0.725,0.654,0.514,0.552,MEDIUM,SYNTHETIC_DEMO_DATA
1255,Gujarat Coast,22.2378,69.27472,2025-06-02 06:23:06,28.296,-0.704,34.138,1.869,0.353,335.82,8.189,42.08,1002.812,66.734,2.077,15.338,0,none,0.499,0.687,0.555,0.383,MEDIUM,SYNTHETIC_DEMO_DATA
1256,Sundarbans,21.9635,89.30543,2025-06-02 09:17:58,30.183,0.483,20.931,2.092,0.75,296.43,11.534,47.196,1007.416,75.097,3.181,19.35,0,none,0.913,0.696,0.675,0.382,MEDIUM,SYNTHETIC_DEMO_DATA
1257,Visakhapatnam,18.16272,83.58436,2025-06-02 12:12:49,30.898,0.898,30.489,2.824,0.676,53.69,17.442,50.372,1015.816,83.956,2.816,22.557,1,anticyclonic,0.847,0.803,0.597,0.553,MEDIUM,SYNTHETIC_DEMO_DATA
1258,Mumbai Coast,19.17551,73.24765,2025-06-02 15:07:40,28.738,-0.762,29.539,1.841,0.277,62.56,8.693,46.51,1002.63,76.378,2.528,26.786,1,anticyclonic,0.802,0.571,0.569,0.542,MEDIUM,SYNTHETIC_DEMO_DATA
1259,Mumbai Coast,18.94023,72.49427,2025-06-02 18:02:31,29.596,0.096,34.698,1.904,0.695,266.04,10.52,56.933,1008.075,93.225,3.039,25.714,0,none,0.856,0.711,0.537,0.392,MEDIUM,SYNTHETIC_DEMO_DATA
1260,Andaman & Nicobar,11.62691,92.68828,2025-06-02 20:57:22,31.452,0.952,31.135,1.714,0.312,198.4,13.349,37.917,1000.655,92.859,1.858,17.181,0,none,0.504,0.502,0.607,0.408,MEDIUM,SYNTHETIC_DEMO_DATA
1261,Visakhapatnam,17.79205,83.24931,2025-06-02 23:52:13,29.499,-0.501,32.534,1.272,0.505,255.07,12.839,46.38,1010.151,91.254,2.503,19.934,1,anticyclonic,0.608,0.575,0.653,0.43,MEDIUM,SYNTHETIC_DEMO_DATA
1262,Lakshadweep,10.48616,72.8822,2025-06-03 02:47:04,30.107,0.107,31.322,2.387,1.231,10.62,15.047,30.401,1007.119,97.953,2.26,14.203,1,anticyclonic,0.498,0.767,0.73,0.236,LOW,SYNTHETIC_DEMO_DATA
1263,Kerala Coast,10.18776,76.35767,2025-06-03 05:41:55,29.998,0.198,32.947,1.253,0.37,155.64,11.693,60.52,1010.349,76.389,3.552,26.55,0,none,0.963,0.782,0.538,0.462,MEDIUM,SYNTHETIC_DEMO_DATA
1264,Andaman & Nicobar,11.78246,92.39192,2025-06-03 08:36:46,30.329,-0.171,28.608,2.585,0.369,80.94,19.146,46.514,1016.23,94.754,2.811,20.745,0,none,0.7,0.782,0.631,0.32,MEDIUM,SYNTHETIC_DEMO_DATA
1265,Visakhapatnam,17.57096,83.17372,2025-06-03 11:31:37,29.783,-0.217,32.238,2.294,0.911,203.99,17.769,38.285,1001.544,90.017,2.421,17.558,0,none,0.689,0.62,0.647,0.275,LOW,SYNTHETIC_DEMO_DATA
1266,Sundarbans,22.16458,89.33471,2025-06-03 14:26:28,30.116,0.416,20.464,2.293,0.607,341.08,18.45,47.512,1007.498,94.203,3.21,26.721,0,none,0.731,0.614,0.709,0.371,MEDIUM,SYNTHETIC_DEMO_DATA
1267,Sundarbans,22.25095,89.02247,2025-06-03 17:21:19,29.436,-0.264,18.414,1.955,0.497,192.25,16.647,63.387,1012.71,100.0,2.785,26.796,0,none,0.774,0.697,0.733,0.359,MEDIUM,SYNTHETIC_DEMO_DATA
1268,Chennai Coast,13.46633,80.1352,2025-06-03 20:16:10,30.144,-0.556,31.13,2.604,1.253,54.26,23.396,38.607,1021.586,87.29,2.039,21.129,0,none,0.621,0.645,0.515,0.405,MEDIUM,SYNTHETIC_DEMO_DATA
1269,Lakshadweep,10.87985,72.46939,2025-06-03 23:11:01,30.989,0.989,33.796,0.428,0.744,14.8,1.0,45.179,1001.967,60.37,2.504,23.326,1,cyclonic,0.894,0.677,0.538,0.549,MEDIUM,SYNTHETIC_DEMO_DATA
1270,Sundarbans,22.03115,88.93445,2025-06-04 02:05:52,28.416,-1.284,17.927,2.423,0.701,109.76,22.0,47.049,1007.673,93.295,3.604,24.699,1,cyclonic,0.789,0.706,0.606,0.599,MEDIUM,SYNTHETIC_DEMO_DATA
1271,Chennai Coast,13.49315,80.12822,2025-06-04 05:00:43,28.52,-2.18,32.727,2.499,0.917,108.09,24.273,45.239,997.488,90.241,3.037,25.547,0,none,0.774,0.434,0.398,0.726,HIGH,SYNTHETIC_DEMO_DATA
1272,Odisha Coast,19.66236,85.48176,2025-06-04 07:55:34,28.354,-2.146,29.045,0.77,0.394,144.8,1.249,34.785,1006.754,85.022,1.892,18.952,1,cyclonic,0.694,0.565,0.431,0.81,CRITICAL,SYNTHETIC_DEMO_DATA
1273,Lakshadweep,10.77252,72.30277,2025-06-04 10:50:26,30.985,0.985,34.038,3.619,1.015,271.6,29.333,34.887,1001.352,81.518,2.346,17.75,0,none,0.778,0.644,0.723,0.434,MEDIUM,SYNTHETIC_DEMO_DATA
1274,Gujarat Coast,22.26817,69.23649,2025-06-04 13:45:17,28.96,-0.04,32.284,2.553,0.14,236.76,16.97,51.959,989.677,96.842,3.119,23.474,1,anticyclonic,0.858,0.987,0.691,0.351,MEDIUM,SYNTHETIC_DEMO_DATA
1275,Goa Coast,15.24253,74.22183,2025-06-04 16:40:08,29.353,-0.347,32.475,2.966,1.369,54.93,18.343,36.296,1011.018,82.098,1.947,17.781,1,anticyclonic,0.682,0.891,0.652,0.3,LOW,SYNTHETIC_DEMO_DATA
1276,Goa Coast,15.86189,74.01066,2025-06-04 19:34:59,29.897,0.197,32.8,3.105,0.724,62.44,24.676,45.65,1012.455,100.0,2.703,21.957,0,none,0.781,0.754,0.688,0.293,LOW,SYNTHETIC_DEMO_DATA
1277,Gujarat Coast,22.2436,69.26588,2025-06-04 22:29:50,27.359,-1.641,37.001,1.705,1.097,8.3,12.071,34.041,1010.076,71.936,1.904,21.608,0,none,0.819,0.584,0.563,0.608,HIGH,SYNTHETIC_DEMO_DATA
1278,Goa Coast,15.4849,73.93354,2025-06-05 01:24:41,31.232,1.532,30.856,1.882,0.47,73.93,20.341,52.873,1009.07,91.45,2.521,22.743,1,cyclonic,0.785,0.544,0.578,0.626,HIGH,SYNTHETIC_DEMO_DATA
1279,Sundarbans,22.26626,89.34935,2025-06-05 04:19:32,30.276,0.576,19.591,2.854,0.76,122.06,23.527,45.204,1010.572,92.877,2.192,17.283,1,anticyclonic,0.673,0.637,0.632,0.46,MEDIUM,SYNTHETIC_DEMO_DATA
1280,Andaman & Nicobar,11.31695,92.35097,2025-06-05 07:14:23,29.386,-1.114,30.057,3.28,1.021,201.71,26.286,54.998,1013.632,85.052,3.785,29.428,1,anticyclonic,0.742,0.544,0.528,0.6,HIGH,SYNTHETIC_DEMO_DATA
1281,Goa Coast,15.45367,73.73085,2025-06-05 10:09:14,30.379,0.679,32.333,2.054,0.409,94.07,14.282,59.621,999.075,100.0,3.073,22.797,1,cyclonic,0.915,0.647,0.691,0.471,MEDIUM,SYNTHETIC_DEMO_DATA
1282,Goa Coast,15.32995,73.93607,2025-06-05 13:04:05,30.142,0.442,30.468,1.913,0.876,287.44,17.393,50.718,1001.362,86.813,3.223,29.213,0,none,0.91,0.556,0.541,0.394,MEDIUM,SYNTHETIC_DEMO_DATA
1283,Chennai Coast,13.24762,79.79411,2025-06-05 15:58:56,31.394,0.694,31.182,2.178,0.543,221.55,20.905,36.047,986.443,89.973,2.319,18.31,0,none,0.67,0.696,0.596,0.417,MEDIUM,SYNTHETIC_DEMO_DATA
1284,Andaman & Nicobar,11.99811,92.5785,2025-06-05 18:53:47,29.919,-0.581,29.99,2.305,0.947,235.82,20.86,50.088,1011.336,100.0,3.315,22.295,1,cyclonic,0.723,0.832,0.652,0.406,MEDIUM,SYNTHETIC_DEMO_DATA
1285,Chennai Coast,13.101,80.10994,2025-06-05 21:48:38,30.711,0.011,31.047,3.102,0.954,279.24,20.389,33.694,1005.724,85.619,1.602,19.627,0,none,0.589,0.744,0.7,0.314,MEDIUM,SYNTHETIC_DEMO_DATA
1286,Sundarbans,21.65053,89.02015,2025-06-06 00:43:29,30.935,1.235,19.945,1.821,0.781,115.48,18.32,51.315,997.371,99.187,3.276,23.479,1,cyclonic,0.856,0.72,0.654,0.62,HIGH,SYNTHETIC_DEMO_DATA
1287,Lakshadweep,10.55483,72.50802,2025-06-06 03:38:20,29.733,-0.267,34.783,1.092,1.178,288.58,4.796,29.023,1011.072,74.604,1.416,12.306,0,none,0.489,0.611,0.8,0.188,LOW,SYNTHETIC_DEMO_DATA
1288,Visakhapatnam,17.89204,83.1058,2025-06-06 06:33:11,31.117,1.117,31.788,4.003,0.424,128.03,22.385,41.177,1012.516,78.751,2.544,23.584,0,none,0.715,0.659,0.508,0.527,MEDIUM,SYNTHETIC_DEMO_DATA
1289,Odisha Coast,19.54769,85.90896,2025-06-06 09:28:02,29.447,-1.053,28.681,1.692,0.63,260.44,10.812,56.564,997.091,100.0,3.172,27.415,1,anticyclonic,0.764,0.608,0.536,0.657,HIGH,SYNTHETIC_DEMO_DATA
1290,Gujarat Coast,22.24935,69.31545,2025-06-06 12:22:54,30.379,1.379,32.592,2.07,0.964,233.39,20.629,46.757,1014.363,100.0,2.261,22.411,1,anticyclonic,0.599,0.669,0.528,0.646,HIGH,SYNTHETIC_DEMO_DATA
1291,Visakhapatnam,17.2694,83.23136,2025-06-06 15:17:45,30.014,0.014,31.902,1.7,0.508,198.46,17.181,32.265,1016.964,84.506,2.469,16.091,0,none,0.685,0.721,0.71,0.253,LOW,SYNTHETIC_DEMO_DATA
1292,Andaman & Nicobar,11.31488,92.90876,2025-06-06 18:12:36,29.449,-1.051,31.182,2.399,0.259,351.03,16.569,39.999,1008.179,81.522,2.726,22.228,1,anticyclonic,0.78,0.555,0.559,0.468,MEDIUM,SYNTHETIC_DEMO_DATA
1293,Kerala Coast,9.8976,76.06392,2025-06-06 21:07:27,29.035,-0.765,31.355,2.21,0.946,195.48,19.166,56.046,1002.952,99.095,3.151,29.171,0,none,0.971,0.673,0.446,0.518,MEDIUM,SYNTHETIC_DEMO_DATA
1294,Sundarbans,22.05481,89.03456,2025-06-07 00:02:18,28.767,-0.933,19.687,1.592,1.095,101.01,12.764,46.026,1012.498,84.186,2.626,21.335,1,cyclonic,0.861,0.647,0.711,0.574,MEDIUM,SYNTHETIC_DEMO_DATA
1295,Lakshadweep,10.61971,72.55122,2025-06-07 02:57:09,29.181,-0.819,32.599,2.006,0.409,202.44,15.777,39.889,1002.467,88.36,2.827,19.284,0,none,0.66,0.659,0.605,0.425,MEDIUM,SYNTHETIC_DEMO_DATA
1296,Mumbai Coast,18.9634,73.23878,2025-06-07 05:52:00,28.685,-0.815,32.681,2.099,0.985,134.32,12.066,50.65,999.376,91.08,2.971,25.479,1,cyclonic,0.838,0.622,0.604,0.554,MEDIUM,SYNTHETIC_DEMO_DATA
1297,Visakhapatnam,17.88281,83.2364,2025-06-07 08:46:51,30.201,0.201,32.325,1.963,0.529,318.18,14.31,39.873,1004.731,63.522,2.817,23.027,1,cyclonic,0.693,0.691,0.706,0.305,MEDIUM,SYNTHETIC_DEMO_DATA
1298,Gujarat Coast,22.46983,69.62029,2025-06-07 11:41:42,30.188,1.188,35.231,2.207,0.847,83.68,14.123,37.973,1002.661,57.668,2.158,17.108,0,none,0.578,0.611,0.566,0.549,MEDIUM,SYNTHETIC_DEMO_DATA
1299,Mumbai Coast,19.36264,72.95715,2025-06-07 14:36:33,28.791,-0.709,33.195,3.099,0.523,127.88,26.002,45.596,995.697,58.453,2.104,19.975,1,cyclonic,0.83,0.635,0.662,0.48,MEDIUM,SYNTHETIC_DEMO_DATA
1300,Sundarbans,22.12594,89.23091,2025-06-07 17:31:24,29.618,-0.082,18.274,2.722,1.017,235.09,19.771,55.881,998.799,94.763,2.488,25.054,0,none,0.842,0.706,0.774,0.364,MEDIUM,SYNTHETIC_DEMO_DATA
1301,Goa Coast,15.4498,73.77218,2025-06-07 20:26:15,29.251,-0.449,31.55,1.759,1.001,315.41,12.205,49.853,1006.98,77.895,2.857,24.301,0,none,0.748,0.671,0.677,0.345,MEDIUM,SYNTHETIC_DEMO_DATA
1302,Kerala Coast,10.02968,76.73758,2025-06-07 23:21:06,30.349,0.549,32.812,2.866,0.731,292.97,24.658,42.168,1004.689,98.594,2.451,21.734,1,cyclonic,0.807,0.785,0.636,0.524,MEDIUM,SYNTHETIC_DEMO_DATA
1303,Gujarat Coast,22.18453,69.58267,2025-06-08 02:15:57,27.778,-1.222,35.877,2.185,0.967,52.95,14.982,23.396,1024.431,73.463,1.622,11.469,1,anticyclonic,0.56,0.579,0.62,0.526,MEDIUM,SYNTHETIC_DEMO_DATA
1304,Andaman & Nicobar,11.59883,92.68799,2025-06-08 05:10:48,29.192,-1.308,29.797,2.285,0.565,56.44,20.086,40.906,1015.713,88.245,2.774,23.041,1,cyclonic,0.729,0.701,0.481,0.549,MEDIUM,SYNTHETIC_DEMO_DATA
1305,Gujarat Coast,22.08983,69.39941,2025-06-08 08:05:39,28.784,-0.216,34.435,2.407,0.486,348.16,12.071,24.114,1010.736,74.399,1.69,11.775,0,none,0.615,0.726,0.687,0.354,MEDIUM,SYNTHETIC_DEMO_DATA
1306,Gujarat Coast,21.74316,69.61255,2025-06-08 11:00:30,27.914,-1.086,31.92,3.002,1.008,294.54,26.368,38.44,995.64,76.568,2.569,19.289,0,none,0.791,0.647,0.658,0.457,MEDIUM,SYNTHETIC_DEMO_DATA
1307,Visakhapatnam,17.8213,83.42673,2025-06-08 13:55:22,30.354,0.354,31.367,2.197,0.436,257.2,11.075,45.442,1006.718,86.987,2.649,17.014,0,none,0.74,0.999,0.751,0.274,LOW,SYNTHETIC_DEMO_DATA
1308,Visakhapatnam,17.74098,83.15668,2025-06-08 16:50:13,30.081,0.081,33.653,2.308,0.574,99.29,18.381,39.044,993.158,84.124,2.332,20.057,1,anticyclonic,0.632,0.702,0.734,0.285,LOW,SYNTHETIC_DEMO_DATA
1309,Kerala Coast,9.88575,76.37824,2025-06-08 19:45:04,29.129,-0.671,30.68,3.115,0.94,308.7,30.046,47.845,1010.163,69.058,3.119,23.523,1,cyclonic,0.772,0.611,0.626,0.461,MEDIUM,SYNTHETIC_DEMO_DATA
1310,Andaman & Nicobar,12.15393,92.33212,2025-06-08 22:39:55,31.984,1.484,33.311,2.553,0.817,7.21,21.391,53.086,1010.232,85.925,2.967,22.224,0,none,0.849,0.648,0.481,0.537,MEDIUM,SYNTHETIC_DEMO_DATA
1311,Mumbai Coast,19.03476,73.14178,2025-06-09 01:34:46,29.986,0.486,30.361,2.654,0.906,316.4,20.902,50.187,1001.327,79.576,2.845,24.872,0,none,0.778,0.801,0.692,0.365,MEDIUM,SYNTHETIC_DEMO_DATA
1312,Chennai Coast,13.00678,80.18206,2025-06-09 04:29:37,30.036,-0.664,33.107,2.549,0.695,107.06,18.439,33.483,1017.781,100.0,2.931,18.62,1,cyclonic,0.707,0.673,0.549,0.442,MEDIUM,SYNTHETIC_DEMO_DATA
1313,Goa Coast,15.62668,73.69148,2025-06-09 07:24:28,29.093,-0.607,33.683,2.212,0.993,111.55,18.384,15.955,1006.711,66.981,1.306,11.114,0,none,0.32,0.778,0.692,0.28,LOW,SYNTHETIC_DEMO_DATA
1314,Andaman & Nicobar,11.35672,92.62391,2025-06-09 10:19:19,30.171,-0.329,30.804,2.12,0.769,293.33,16.697,39.296,991.545,76.157,2.01,18.47,0,none,0.535,0.754,0.647,0.331,MEDIUM,SYNTHETIC_DEMO_DATA
1315,Lakshadweep,10.86314,72.46699,2025-06-09 13:14:10,30.826,0.826,34.315,2.973,1.148,229.98,23.658,35.221,1010.696,87.063,2.235,20.465,0,none,0.515,0.667,0.508,0.39,MEDIUM,SYNTHETIC_DEMO_DATA
1316,Visakhapatnam,17.94299,83.41326,2025-06-09 16:09:01,30.413,0.413,32.302,0.796,0.587,349.86,1.773,35.26,1013.445,88.765,2.212,14.81,0,none,0.535,0.55,0.638,0.282,LOW,SYNTHETIC_DEMO_DATA
1317,Goa Coast,15.5272,73.56802,2025-06-09 19:03:52,28.856,-0.844,33.942,1.953,0.789,1.07,12.89,51.442,1020.626,91.152,3.035,24.718,1,anticyclonic,0.857,0.729,0.598,0.451,MEDIUM,SYNTHETIC_DEMO_DATA
1318,Mumbai Coast,18.82968,72.5817,2025-06-09 21:58:43,29.503,0.003,31.906,1.636,0.799,347.18,13.92,51.741,1006.327,87.788,3.224,23.564,0,none,0.819,0.888,0.669,0.273,LOW,SYNTHETIC_DEMO_DATA
1319,Kerala Coast,10.06283,76.31304,2025-06-10 00:53:34,30.857,1.057,30.091,2.512,0.704,122.34,13.283,47.017,1008.158,91.651,2.019,20.206,0,none,0.729,0.648,0.557,0.545,MEDIUM,SYNTHETIC_DEMO_DATA
1320,Chennai Coast,13.0804,80.32596,2025-06-10 03:48:25,31.287,0.587,31.267,2.281,1.135,253.75,16.96,61.888,1001.482,93.244,2.981,27.403,0,none,0.928,0.748,0.795,0.439,MEDIUM,SYNTHETIC_DEMO_DATA
1321,Odisha Coast,19.60425,85.72624,2025-06-10 06:43:16,31.813,1.313,30.405,1.173,0.627,211.47,6.311,29.688,1010.536,65.113,1.796,19.435,1,anticyclonic,0.613,0.553,0.569,0.642,HIGH,SYNTHETIC_DEMO_DATA
1322,Visakhapatnam,17.40879,83.13086,2025-06-10 09:38:07,30.416,0.416,32.336,1.958,0.671,289.81,12.817,26.904,1007.49,69.999,1.778,14.078,0,none,0.585,0.629,0.65,0.257,LOW,SYNTHETIC_DEMO_DATA
1323,Mumbai Coast,18.87827,72.87558,2025-06-10 12:32:58,29.105,-0.395,31.968,0.972,0.474,198.42,11.068,50.657,1011.218,98.341,2.647,25.447,0,none,0.666,0.778,0.529,0.379,MEDIUM,SYNTHETIC_DEMO_DATA
1324,Andaman & Nicobar,11.55415,92.38851,2025-06-10 15:27:50,29.252,-1.248,29.84,3.125,1.015,302.78,15.701,51.697,1021.67,72.709,2.713,25.446,1,anticyclonic,0.859,0.536,0.472,0.588,MEDIUM,SYNTHETIC_DEMO_DATA
1325,Andaman & Nicobar,11.93827,92.40039,2025-06-10 18:22:41,30.934,0.434,29.047,2.63,0.899,6.15,15.956,43.461,995.928,76.758,2.144,21.147,0,none,0.63,0.695,0.571,0.373,MEDIUM,SYNTHETIC_DEMO_DATA
1326,Odisha Coast,19.92522,85.50446,2025-06-10 21:17:32,32.738,2.238,29.154,2.032,0.904,278.55,9.392,45.538,993.469,76.258,2.43,23.304,1,cyclonic,0.777,0.627,0.432,0.837,CRITICAL,SYNTHETIC_DEMO_DATA
1327,Gujarat Coast,22.25835,70.02354,2025-06-11 00:12:23,28.233,-0.767,33.914,1.611,1.054,49.37,15.08,39.589,999.4,72.201,1.976,19.841,1,anticyclonic,0.532,0.52,0.691,0.495,MEDIUM,SYNTHETIC_DEMO_DATA
1328,Sundarbans,21.97415,89.24805,2025-06-11 03:07:14,30.038,0.338,20.624,1.838,0.56,12.3,17.499,55.631,995.201,94.706,2.08,23.21,1,cyclonic,0.726,0.749,0.671,0.443,MEDIUM,SYNTHETIC_DEMO_DATA
1329,Gujarat Coast,22.32719,69.86983,2025-06-11 06:02:05,29.957,0.957,33.184,2.493,1.365,44.59,20.865,27.286,1000.37,69.284,1.681,14.211,0,none,0.474,0.531,0.647,0.404,MEDIUM,SYNTHETIC_DEMO_DATA
1330,Chennai Coast,12.89778,80.25298,2025-06-11 08:56:56,30.17,-0.53,34.156,1.735,0.486,175.36,10.177,36.729,1011.892,87.828,2.268,16.768,0,none,0.622,0.652,0.637,0.336,MEDIUM,SYNTHETIC_DEMO_DATA
1331,Kerala Coast,10.14436,76.01844,2025-06-11 11:51:47,28.597,-1.203,32.396,1.835,0.615,173.64,17.447,49.703,1007.027,96.045,2.533,22.659,1,cyclonic,0.663,0.664,0.651,0.58,MEDIUM,SYNTHETIC_DEMO_DATA
1332,Goa Coast,15.2276,73.73717,2025-06-11 14:46:38,29.665,-0.035,31.136,2.051,1.098,146.81,14.114,42.868,1028.834,76.93,2.101,20.15,1,anticyclonic,0.66,0.544,0.682,0.32,MEDIUM,SYNTHETIC_DEMO_DATA
1333,Kerala Coast,9.5648,76.46792,2025-06-11 17:41:29,30.895,1.095,33.847,2.887,0.536,312.21,26.478,45.718,1019.658,74.791,2.347,24.13,1,anticyclonic,0.668,0.507,0.501,0.572,MEDIUM,SYNTHETIC_DEMO_DATA
1334,Andaman & Nicobar,11.73717,92.68085,2025-06-11 20:36:20,30.693,0.193,31.311,2.554,0.931,46.44,22.504,35.431,1007.889,98.887,2.891,21.247,0,none,0.763,0.773,0.645,0.269,LOW,SYNTHETIC_DEMO_DATA
1335,Mumbai Coast,18.83322,72.69926,2025-06-11 23:31:11,29.546,0.046,32.689,2.087,0.772,190.59,16.478,40.279,1002.715,87.297,2.323,22.024,0,none,0.741,0.698,0.623,0.265,LOW,SYNTHETIC_DEMO_DATA
1336,Lakshadweep,10.32642,72.54371,2025-06-12 02:26:02,29.109,-0.891,33.478,1.793,0.671,348.45,13.783,49.989,990.328,88.883,2.378,24.694,0,none,0.946,0.63,0.671,0.407,MEDIUM,SYNTHETIC_DEMO_DATA
1337,Gujarat Coast,22.08403,69.60431,2025-06-12 05:20:53,27.848,-1.152,32.944,1.792,0.671,135.36,21.009,32.387,1015.924,73.015,1.592,14.999,1,cyclonic,0.554,0.584,0.595,0.512,MEDIUM,SYNTHETIC_DEMO_DATA
1338,Visakhapatnam,17.59225,82.84364,2025-06-12 08:15:44,30.13,0.13,31.432,2.445,1.3,230.59,17.443,37.597,1007.571,100.0,2.27,13.694,1,anticyclonic,0.784,0.706,0.668,0.317,MEDIUM,SYNTHETIC_DEMO_DATA
1339,Goa Coast,15.31296,73.80299,2025-06-12 11:10:35,30.663,0.963,32.065,2.037,0.909,180.12,14.998,36.295,997.862,90.996,1.946,22.827,1,cyclonic,0.536,0.776,0.718,0.433,MEDIUM,SYNTHETIC_DEMO_DATA
1340,Kerala Coast,10.01895,76.17576,2025-06-12 14:05:26,29.769,-0.031,31.885,1.437,0.769,300.92,11.338,47.518,997.956,100.0,2.17,20.057,0,none,0.61,0.555,0.625,0.31,MEDIUM,SYNTHETIC_DEMO_DATA
1341,Mumbai Coast,19.14556,72.7756,2025-06-12 17:00:18,29.027,-0.473,32.811,2.654,0.628,97.36,18.5,43.715,1004.96,100.0,2.598,20.268,0,none,0.636,0.83,0.676,0.298,LOW,SYNTHETIC_DEMO_DATA
1342,Odisha Coast,19.73593,85.51612,2025-06-12 19:55:09,30.248,-0.252,28.89,2.59,0.991,173.16,16.891,51.097,1007.945,74.666,2.887,23.445,0,none,0.691,0.824,0.565,0.386,MEDIUM,SYNTHETIC_DEMO_DATA
1343,Odisha Coast,19.78873,85.79924,2025-06-12 22:50:00,30.541,0.041,26.845,2.752,0.617,205.08,20.946,42.441,1008.89,75.102,2.411,22.65,0,none,0.625,0.752,0.738,0.363,MEDIUM,SYNTHETIC_DEMO_DATA
1344,Mumbai Coast,19.3853,72.69157,2025-06-13 01:44:51,29.888,0.388,35.766,2.634,1.013,250.7,21.086,40.057,1016.317,72.525,2.726,26.809,0,none,0.725,0.649,0.483,0.355,MEDIUM,SYNTHETIC_DEMO_DATA
1345,Odisha Coast,19.90601,85.91994,2025-06-13 04:39:42,30.168,-0.332,28.795,3.245,1.002,108.47,24.787,36.667,1000.187,84.254,1.915,21.258,0,none,0.616,0.658,0.669,0.375,MEDIUM,SYNTHETIC_DEMO_DATA
1346,Lakshadweep,10.5383,72.96377,2025-06-13 07:34:33,29.419,-0.581,33.664,1.765,1.061,4.02,16.988,27.638,1000.876,87.002,2.243,16.056,0,none,0.626,0.543,0.531,0.335,MEDIUM,SYNTHETIC_DEMO_DATA
1347,Andaman & Nicobar,11.5118,92.59123,2025-06-13 10:29:24,30.623,0.123,30.561,2.68,0.884,73.79,20.749,48.179,1022.621,83.773,2.984,25.648,1,anticyclonic,0.753,0.715,0.581,0.339,MEDIUM,SYNTHETIC_DEMO_DATA
1348,Goa Coast,15.26203,73.89879,2025-06-13 13:24:15,30.204,0.504,32.304,1.201,0.782,45.78,8.155,44.831,1003.181,100.0,2.302,18.677,1,cyclonic,0.598,0.659,0.578,0.384,MEDIUM,SYNTHETIC_DEMO_DATA
1349,Goa Coast,15.16887,73.99027,2025-06-13 16:19:06,29.912,0.212,31.172,2.372,0.941,328.75,22.137,58.644,1016.353,94.174,3.261,26.024,1,cyclonic,0.904,0.732,0.634,0.387,MEDIUM,SYNTHETIC_DEMO_DATA
1350,Mumbai Coast,18.58292,72.66845,2025-06-13 19:13:57,29.091,-0.409,31.808,1.971,1.248,49.37,17.059,36.879,1017.759,86.946,1.564,19.454,1,anticyclonic,0.551,0.68,0.648,0.41,MEDIUM,SYNTHETIC_DEMO_DATA
1351,Sundarbans,21.57617,88.95895,2025-06-13 22:08:48,29.104,-0.596,19.871,2.129,0.773,244.79,13.763,47.203,1005.742,85.109,2.261,16.74,1,anticyclonic,0.702,0.698,0.611,0.545,MEDIUM,SYNTHETIC_DEMO_DATA
1352,Chennai Coast,13.1373,80.08942,2025-06-14 01:03:39,31.042,0.342,33.398,2.5,1.055,309.44,19.028,25.484,1002.549,100.0,2.126,12.195,0,none,0.445,0.692,0.714,0.298,LOW,SYNTHETIC_DEMO_DATA
1353,Kerala Coast,9.91807,75.89963,2025-06-14 03:58:30,30.268,0.468,32.889,1.85,0.696,236.24,15.87,47.0,1003.854,60.725,2.787,21.136,0,none,0.848,0.717,0.851,0.397,MEDIUM,SYNTHETIC_DEMO_DATA
1354,Lakshadweep,10.43837,72.66532,2025-06-14 06:53:21,29.903,-0.097,34.296,2.454,1.268,159.27,17.136,22.113,1023.62,100.0,1.857,20.435,0,none,0.482,0.712,0.548,0.279,LOW,SYNTHETIC_DEMO_DATA
1355,Visakhapatnam,17.82279,83.51657,2025-06-14 09:48:12,28.217,-1.783,31.191,3.005,0.92,300.48,24.106,43.445,1003.679,87.591,2.438,21.123,1,cyclonic,0.694,0.569,0.444,0.707,HIGH,SYNTHETIC_DEMO_DATA
1356,Kerala Coast,10.15785,76.20833,2025-06-14 12:43:03,30.418,0.618,31.394,1.531,0.694,21.49,13.168,72.805,1014.233,78.789,3.677,29.026,0,none,0.843,0.749,0.587,0.491,MEDIUM,SYNTHETIC_DEMO_DATA
1357,Chennai Coast,13.12635,80.28289,2025-06-14 15:37:54,30.41,-0.29,33.552,1.872,0.684,62.35,12.062,39.98,1021.266,77.49,2.393,21.006,1,cyclonic,0.753,0.775,0.508,0.371,MEDIUM,SYNTHETIC_DEMO_DATA
1358,Odisha Coast,19.57719,86.08715,2025-06-14 18:32:45,30.506,0.006,31.723,3.171,1.087,312.33,22.874,41.875,998.914,87.156,2.486,22.11,0,none,0.486,0.683,0.681,0.336,MEDIUM,SYNTHETIC_DEMO_DATA
1359,Odisha Coast,19.51382,85.80003,2025-06-14 21:27:37,30.335,-0.165,29.938,3.09,0.576,257.3,25.869,32.73,1007.323,55.43,1.989,17.843,0,none,0.506,0.764,0.749,0.285,LOW,SYNTHETIC_DEMO_DATA
1360,Chennai Coast,12.93667,80.1854,2025-06-15 00:22:28,31.943,1.243,32.235,1.89,0.342,38.85,18.284,36.748,1012.765,86.464,2.403,20.33,1,cyclonic,0.709,0.592,0.624,0.512,MEDIUM,SYNTHETIC_DEMO_DATA
1361,Sundarbans,21.76934,88.84183,2025-06-15 03:17:19,29.928,0.228,18.914,3.342,1.086,40.24,23.338,46.098,1004.653,66.982,2.376,22.5,0,none,0.784,0.727,0.63,0.33,MEDIUM,SYNTHETIC_DEMO_DATA
1362,Sundarbans,21.81684,89.29036,2025-06-15 06:12:10,29.381,-0.319,18.725,2.961,0.649,242.74,23.413,37.264,1004.35,83.641,2.574,13.912,0,none,0.743,0.837,0.663,0.314,MEDIUM,SYNTHETIC_DEMO_DATA
1363,Chennai Coast,13.23254,80.29604,2025-06-15 09:07:01,29.882,-0.818,33.51,2.563,1.049,259.78,20.714,33.269,1011.804,87.985,2.187,19.846,0,none,0.684,0.676,0.651,0.393,MEDIUM,SYNTHETIC_DEMO_DATA
1364,Visakhapatnam,17.9928,82.88363,2025-06-15 12:01:52,29.1,-0.9,34.169,1.574,0.491,216.19,14.97,38.275,1003.811,85.231,2.701,19.689,1,anticyclonic,0.764,0.648,0.616,0.492,MEDIUM,SYNTHETIC_DEMO_DATA
1365,Mumbai Coast,18.61155,73.2182,2025-06-15 14:56:43,28.946,-0.554,29.751,1.541,0.547,122.85,8.967,45.838,1002.79,84.687,3.283,18.448,1,cyclonic,0.857,0.589,0.624,0.493,MEDIUM,SYNTHETIC_DEMO_DATA
1366,Sundarbans,21.88597,89.16743,2025-06-15 17:51:34,31.763,2.063,18.137,2.855,0.582,335.84,24.323,44.268,1006.501,68.045,2.309,19.763,1,anticyclonic,0.789,0.603,0.472,0.779,HIGH,SYNTHETIC_DEMO_DATA
1367,Chennai Coast,13.36468,79.92084,2025-06-15 20:46:25,31.265,0.565,30.001,1.302,0.687,32.92,13.269,42.818,1015.181,75.341,2.723,21.919,1,cyclonic,0.785,0.656,0.607,0.41,MEDIUM,SYNTHETIC_DEMO_DATA
1368,Kerala Coast,9.82089,76.25679,2025-06-15 23:41:16,28.92,-0.88,32.303,1.739,0.786,133.53,13.462,47.964,1007.038,85.854,3.11,25.029,0,none,0.916,0.615,0.525,0.514,MEDIUM,SYNTHETIC_DEMO_DATA
1369,Lakshadweep,10.30856,72.4845,2025-06-16 02:36:07,29.401,-0.599,34.884,2.266,0.411,265.25,20.737,29.883,1004.07,76.055,2.369,18.682,1,cyclonic,0.83,0.699,0.61,0.387,MEDIUM,SYNTHETIC_DEMO_DATA
1370,Gujarat Coast,22.40599,69.70265,2025-06-16 05:30:58,28.012,-0.988,36.665,1.824,0.654,322.09,14.075,30.085,1007.222,70.76,2.165,16.017,0,none,0.665,0.638,0.555,0.502,MEDIUM,SYNTHETIC_DEMO_DATA
1371,Andaman & Nicobar,11.70759,92.41145,2025-06-16 08:25:49,30.205,-0.295,31.784,1.905,0.895,199.11,13.368,52.169,1014.775,54.871,2.871,24.732,0,none,0.902,0.811,0.713,0.269,LOW,SYNTHETIC_DEMO_DATA
1372,Chennai Coast,12.98575,79.96348,2025-06-16 11:20:40,30.669,-0.031,32.473,1.434,1.103,356.94,12.567,26.843,1009.62,64.011,1.201,17.697,0,none,0.452,0.834,0.661,0.189,LOW,SYNTHETIC_DEMO_DATA
1373,Kerala Coast,10.02753,76.19885,2025-06-16 14:15:31,30.439,0.639,31.368,1.452,0.763,8.17,12.428,51.206,1000.982,75.349,2.681,24.847,0,none,0.693,0.731,0.595,0.381,MEDIUM,SYNTHETIC_DEMO_DATA
1374,Kerala Coast,9.70832,76.25012,2025-06-16 17:10:22,29.121,-0.679,31.892,3.03,0.764,62.27,20.773,45.598,1006.058,87.036,2.544,20.293,1,cyclonic,0.728,0.546,0.591,0.511,MEDIUM,SYNTHETIC_DEMO_DATA
1375,Andaman & Nicobar,11.42392,92.57104,2025-06-16 20:05:13,30.732,0.232,29.964,2.539,0.199,231.4,17.656,46.324,1011.006,71.886,3.121,22.579,0,none,0.824,0.843,0.642,0.247,LOW,SYNTHETIC_DEMO_DATA
1376,Lakshadweep,10.25109,72.77284,2025-06-16 23:00:05,30.168,0.168,33.587,1.727,0.295,77.29,15.718,39.786,1004.128,84.116,1.779,16.433,0,none,0.664,0.806,0.767,0.243,LOW,SYNTHETIC_DEMO_DATA
1377,Lakshadweep,10.83398,72.99668,2025-06-17 01:54:56,29.804,-0.196,32.47,2.593,0.305,214.72,19.237,35.582,1019.36,70.552,2.499,20.097,0,none,0.797,0.735,0.565,0.309,MEDIUM,SYNTHETIC_DEMO_DATA
1378,Goa Coast,15.62583,73.9363,2025-06-17 04:49:47,29.808,0.108,31.8,2.608,0.695,136.27,22.678,40.797,1003.12,88.68,2.686,20.268,0,none,0.676,0.801,0.75,0.268,LOW,SYNTHETIC_DEMO_DATA
1379,Mumbai Coast,18.96535,72.67421,2025-06-17 07:44:38,29.136,-0.364,31.884,1.746,0.898,342.63,18.099,42.863,1008.21,96.913,2.96,23.617,1,cyclonic,0.821,0.577,0.57,0.38,MEDIUM,SYNTHETIC_DEMO_DATA
1380,Mumbai Coast,19.20403,72.66341,2025-06-17 10:39:29,27.796,-1.704,30.986,2.303,0.455,39.46,17.033,42.017,998.689,87.071,2.877,20.866,1,cyclonic,0.668,0.637,0.518,0.713,HIGH,SYNTHETIC_DEMO_DATA
1381,Lakshadweep,10.73568,72.56052,2025-06-17 13:34:20,29.87,-0.13,31.526,1.771,0.454,347.7,19.111,40.315,1018.078,97.941,3.085,24.165,0,none,0.704,0.595,0.589,0.238,LOW,SYNTHETIC_DEMO_DATA
1382,Visakhapatnam,17.46721,83.11881,2025-06-17 16:29:11,29.464,-0.536,31.545,1.902,1.017,180.42,17.677,39.334,1003.336,88.661,2.013,21.585,0,none,0.484,0.725,0.517,0.379,MEDIUM,SYNTHETIC_DEMO_DATA
1383,Chennai Coast,13.43754,80.46098,2025-06-17 19:24:02,30.412,-0.288,32.281,2.349,0.383,240.46,16.11,25.08,1019.861,68.469,1.783,13.154,1,anticyclonic,0.669,0.815,0.648,0.364,MEDIUM,SYNTHETIC_DEMO_DATA
1384,Andaman & Nicobar,11.80388,92.69398,2025-06-17 22:18:53,30.015,-0.485,32.949,1.494,0.735,282.81,11.794,50.786,996.902,84.996,2.541,26.268,1,cyclonic,0.764,0.752,0.671,0.418,MEDIUM,SYNTHETIC_DEMO_DATA
1385,Chennai Coast,13.00443,80.14021,2025-06-18 01:13:44,29.787,-0.913,33.009,2.252,0.749,358.61,12.025,21.03,1010.815,68.841,1.514,15.985,0,none,0.515,0.748,0.501,0.375,MEDIUM,SYNTHETIC_DEMO_DATA
1386,Visakhapatnam,17.62469,83.19201,2025-06-18 04:08:35,30.186,0.186,31.134,1.583,0.734,261.07,12.56,59.137,996.835,75.554,3.211,26.293,0,none,0.806,0.69,0.614,0.271,LOW,SYNTHETIC_DEMO_DATA
1387,Mumbai Coast,18.9776,72.86339,2025-06-18 07:03:26,29.731,0.231,32.895,1.782,1.105,73.46,18.237,45.513,1010.424,67.584,2.583,19.272,0,none,0.781,0.703,0.692,0.305,MEDIUM,SYNTHETIC_DEMO_DATA
1388,Chennai Coast,13.11485,80.28369,2025-06-18 09:58:17,30.938,0.238,29.584,2.351,0.754,126.29,15.264,32.961,994.546,90.202,1.801,14.804,0,none,0.731,0.779,0.848,0.261,LOW,SYNTHETIC_DEMO_DATA
1389,Andaman & Nicobar,11.85585,92.48386,2025-06-18 12:53:08,30.781,0.281,31.246,2.087,0.653,337.45,16.592,42.656,1013.548,82.07,2.487,23.626,0,none,0.797,0.568,0.675,0.286,LOW,SYNTHETIC_DEMO_DATA
1390,Lakshadweep,10.64814,72.61069,2025-06-18 15:47:59,29.916,-0.084,33.885,2.794,0.711,220.24,18.688,26.173,1011.7,75.769,2.344,15.31,0,none,0.527,0.71,0.645,0.303,MEDIUM,SYNTHETIC_DEMO_DATA
1391,Chennai Coast,12.90576,80.132,2025-06-18 18:42:50,30.636,-0.064,31.838,3.468,1.246,25.11,22.929,41.649,1014.516,95.116,2.885,24.095,0,none,0.866,0.821,0.68,0.352,MEDIUM,SYNTHETIC_DEMO_DATA
1392,Mumbai Coast,19.02386,72.97112,2025-06-18 21:37:41,30.644,1.144,31.459,2.598,1.098,6.57,19.706,49.996,1012.902,100.0,2.353,20.591,1,cyclonic,0.818,0.635,0.659,0.501,MEDIUM,SYNTHETIC_DEMO_DATA
1393,Lakshadweep,10.49934,72.66086,2025-06-19 00:32:33,28.654,-1.346,33.821,2.275,0.875,210.1,22.718,44.485,1004.135,95.042,2.096,24.514,0,none,0.737,0.624,0.361,0.595,MEDIUM,SYNTHETIC_DEMO_DATA
1394,Goa Coast,15.76525,73.86275,2025-06-19 03:27:24,29.547,-0.153,32.266,2.452,0.773,84.05,19.515,43.829,1020.177,85.964,3.01,22.989,0,none,0.766,0.746,0.754,0.316,MEDIUM,SYNTHETIC_DEMO_DATA
1395,Visakhapatnam,17.98727,83.08546,2025-06-19 06:22:15,30.375,0.375,32.352,2.167,0.847,311.79,15.337,32.568,1001.85,64.285,1.973,16.039,0,none,0.536,0.647,0.736,0.312,MEDIUM,SYNTHETIC_DEMO_DATA
1396,Mumbai Coast,19.15431,72.79551,2025-06-19 09:17:06,28.308,-1.192,31.432,2.747,1.103,166.96,19.495,47.008,1006.822,76.255,2.846,18.458,0,none,0.521,0.51,0.516,0.505,MEDIUM,SYNTHETIC_DEMO_DATA
1397,Gujarat Coast,22.43838,69.43749,2025-06-19 12:11:57,28.926,-0.074,35.048,3.489,0.574,197.48,28.867,35.099,1010.132,79.389,2.111,18.08,0,none,0.63,0.827,0.709,0.245,LOW,SYNTHETIC_DEMO_DATA
1398,Gujarat Coast,22.63279,69.56872,2025-06-19 15:06:48,30.079,1.079,35.25,1.76,0.674,234.09,9.002,16.952,1019.665,57.237,1.523,11.805,1,anticyclonic,0.342,0.655,0.598,0.498,MEDIUM,SYNTHETIC_DEMO_DATA
1399,Sundarbans,21.42662,88.95485,2025-06-19 18:01:39,29.489,-0.211,18.583,2.468,0.536,77.8,20.368,43.954,1000.941,100.0,2.831,24.356,0,none,0.792,0.644,0.707,0.352,MEDIUM,SYNTHETIC_DEMO_DATA
1400,Visakhapatnam,17.59439,83.21086,2025-06-19 20:56:30,29.511,-0.489,33.01,1.878,0.464,189.4,8.044,36.823,1001.313,80.936,2.337,21.81,1,cyclonic,0.769,0.659,0.604,0.424,MEDIUM,SYNTHETIC_DEMO_DATA
1401,Andaman & Nicobar,11.76011,92.68168,2025-06-19 23:51:21,31.061,0.561,31.885,2.001,1.089,252.85,15.233,28.725,1016.614,69.777,1.876,15.206,1,anticyclonic,0.463,0.718,0.643,0.378,MEDIUM,SYNTHETIC_DEMO_DATA
1402,Visakhapatnam,18.16837,83.11767,2025-06-20 02:46:12,29.569,-0.431,31.094,1.781,0.397,89.89,17.969,28.203,1012.561,89.51,1.799,15.408,0,none,0.435,0.681,0.599,0.325,MEDIUM,SYNTHETIC_DEMO_DATA
1403,Visakhapatnam,17.57935,83.42708,2025-06-20 05:41:03,31.114,1.114,31.137,2.512,0.584,197.22,16.434,46.234,1019.814,92.68,2.442,27.603,1,anticyclonic,0.646,0.536,0.536,0.582,MEDIUM,SYNTHETIC_DEMO_DATA
1404,Chennai Coast,12.87864,80.11207,2025-06-20 08:35:54,31.652,0.952,33.941,2.404,1.041,17.86,25.526,45.668,1018.394,63.661,2.657,22.229,1,cyclonic,0.833,0.554,0.54,0.531,MEDIUM,SYNTHETIC_DEMO_DATA
1405,Odisha Coast,20.13444,85.2845,2025-06-20 11:30:45,30.074,-0.426,25.694,1.487,1.233,132.17,9.361,40.113,997.836,93.857,2.969,20.495,1,cyclonic,0.863,0.838,0.66,0.342,MEDIUM,SYNTHETIC_DEMO_DATA
1406,Odisha Coast,19.61965,85.36116,2025-06-20 14:25:36,31.586,1.086,28.37,2.249,0.799,72.75,19.372,49.753,1008.653,82.966,2.693,25.294,0,none,0.734,0.583,0.541,0.608,HIGH,SYNTHETIC_DEMO_DATA
1407,Chennai Coast,13.2382,80.18809,2025-06-20 17:20:27,29.012,-1.688,28.145,2.313,0.552,313.14,17.043,43.952,1011.241,86.032,2.8,19.373,1,cyclonic,0.786,0.527,0.564,0.655,HIGH,SYNTHETIC_DEMO_DATA
1408,Andaman & Nicobar,11.7165,92.67177,2025-06-20 20:15:18,30.502,0.002,32.32,1.44,0.607,168.74,13.253,50.34,1016.676,91.366,3.216,24.104,0,none,0.77,0.775,0.682,0.254,LOW,SYNTHETIC_DEMO_DATA
1409,Sundarbans,21.79152,89.39351,2025-06-20 23:10:09,30.7,1.0,17.533,1.719,0.24,0.95,8.155,41.169,999.731,99.636,2.614,16.368,0,none,0.694,0.643,0.496,0.482,MEDIUM,SYNTHETIC_DEMO_DATA
1410,Visakhapatnam,17.87971,83.29345,2025-06-21 02:05:01,29.057,-0.943,33.332,2.989,1.041,191.55,23.311,38.835,998.492,90.35,3.275,25.845,1,anticyclonic,0.67,0.683,0.484,0.563,MEDIUM,SYNTHETIC_DEMO_DATA
1411,Sundarbans,22.15957,89.22704,2025-06-21 04:59:52,28.488,-1.212,20.679,2.803,1.479,44.95,21.946,49.434,1010.242,79.505,2.705,22.948,1,anticyclonic,0.82,0.565,0.543,0.669,HIGH,SYNTHETIC_DEMO_DATA
1412,Mumbai Coast,18.88345,72.97804,2025-06-21 07:54:43,28.339,-1.161,31.792,2.122,0.225,146.76,19.009,47.774,1017.387,81.215,3.074,23.5,1,anticyclonic,0.75,0.67,0.656,0.47,MEDIUM,SYNTHETIC_DEMO_DATA
1413,Visakhapatnam,17.74453,83.45258,2025-06-21 10:49:34,30.466,0.466,33.963,2.959,0.456,68.05,23.934,35.194,1014.258,100.0,2.69,21.736,0,none,0.667,0.72,0.661,0.304,MEDIUM,SYNTHETIC_DEMO_DATA
1414,Goa Coast,15.4679,74.30607,2025-06-21 13:44:25,28.569,-1.131,33.398,2.206,1.077,196.29,20.126,34.622,999.995,69.463,2.369,18.853,1,cyclonic,0.688,0.725,0.503,0.474,MEDIUM,SYNTHETIC_DEMO_DATA
1415,Mumbai Coast,19.08191,73.10248,2025-06-21 16:39:16,29.818,0.318,31.091,2.015,0.804,343.17,10.824,42.26,1006.085,70.405,1.632,14.032,0,none,0.507,0.673,0.695,0.316,MEDIUM,SYNTHETIC_DEMO_DATA
1416,Goa Coast,15.5836,73.8965,2025-06-21 19:34:07,30.342,0.642,32.451,2.521,0.753,239.56,23.742,44.241,1008.347,82.537,2.348,20.866,1,anticyclonic,0.716,0.594,0.716,0.393,MEDIUM,SYNTHETIC_DEMO_DATA
1417,Gujarat Coast,22.48251,69.68373,2025-06-21 22:28:58,30.358,1.358,31.253,2.697,1.0,192.59,19.699,52.411,996.237,97.755,2.56,18.653,1,anticyclonic,0.761,0.597,0.51,0.637,HIGH,SYNTHETIC_DEMO_DATA
1418,Kerala Coast,9.94137,76.11201,2025-06-22 01:23:49,30.259,0.459,31.834,1.824,0.723,257.13,14.214,52.112,987.093,93.044,3.086,22.365,0,none,0.821,0.8,0.579,0.355,MEDIUM,SYNTHETIC_DEMO_DATA
1419,Andaman & Nicobar,11.4611,92.54665,2025-06-22 04:18:40,30.418,-0.082,30.788,0.894,0.67,181.14,8.011,46.043,1004.773,90.84,2.628,20.667,1,cyclonic,0.821,0.666,0.709,0.358,MEDIUM,SYNTHETIC_DEMO_DATA
1420,Kerala Coast,10.15029,76.37187,2025-06-22 07:13:31,30.26,0.46,32.068,2.449,1.077,142.84,16.361,51.998,1000.629,81.954,2.198,24.642,0,none,0.782,0.668,0.595,0.409,MEDIUM,SYNTHETIC_DEMO_DATA
1421,Lakshadweep,10.32098,72.14396,2025-06-22 10:08:22,30.659,0.659,31.804,2.62,1.033,171.13,19.729,47.278,1000.891,89.242,2.858,24.248,1,cyclonic,0.739,0.648,0.741,0.411,MEDIUM,SYNTHETIC_DEMO_DATA
1422,Lakshadweep,10.68723,72.59232,2025-06-22 13:03:13,29.656,-0.344,30.595,2.774,0.809,248.71,22.653,46.65,1008.087,78.781,2.585,18.459,1,anticyclonic,0.773,0.721,0.736,0.316,MEDIUM,SYNTHETIC_DEMO_DATA
1423,Mumbai Coast,19.18004,73.122,2025-06-22 15:58:04,29.111,-0.389,32.325,3.121,0.507,77.79,19.018,47.929,1014.437,71.674,2.676,22.574,1,cyclonic,0.791,0.812,0.583,0.399,MEDIUM,SYNTHETIC_DEMO_DATA
1424,Gujarat Coast,22.02951,69.49688,2025-06-22 18:52:55,28.891,-0.109,33.208,2.731,1.103,62.99,18.061,39.522,1022.655,100.0,2.642,21.764,1,anticyclonic,0.696,0.748,0.667,0.31,MEDIUM,SYNTHETIC_DEMO_DATA
1425,Visakhapatnam,17.26756,83.36749,2025-06-22 21:47:46,29.248,-0.752,33.089,2.042,0.911,133.05,15.839,32.698,1004.92,69.218,2.433,18.136,1,anticyclonic,0.723,0.759,0.558,0.429,MEDIUM,SYNTHETIC_DEMO_DATA
1426,Andaman & Nicobar,11.373,92.9402,2025-06-23 00:42:37,30.285,-0.215,33.237,2.313,0.637,133.3,14.576,39.013,997.94,81.318,1.795,13.695,0,none,0.613,0.728,0.637,0.282,LOW,SYNTHETIC_DEMO_DATA
1427,Gujarat Coast,22.01592,69.58234,2025-06-23 03:37:29,27.354,-1.646,34.311,2.432,0.712,40.29,15.173,41.642,1012.218,58.688,2.091,16.787,1,cyclonic,0.583,0.614,0.519,0.633,HIGH,SYNTHETIC_DEMO_DATA
1428,Lakshadweep,10.66976,72.61273,2025-06-23 06:32:20,29.579,-0.421,33.194,1.496,0.961,135.86,16.117,36.882,1002.481,70.148,2.754,16.18,0,none,0.836,0.861,0.622,0.271,LOW,SYNTHETIC_DEMO_DATA
1429,Visakhapatnam,17.59848,82.84211,2025-06-23 09:27:11,30.754,0.754,30.108,3.247,0.619,264.71,21.226,40.598,1014.007,82.542,2.164,19.318,0,none,0.68,0.602,0.623,0.387,MEDIUM,SYNTHETIC_DEMO_DATA
1430,Goa Coast,15.63649,73.97401,2025-06-23 12:22:02,29.728,0.028,31.72,2.858,0.486,307.22,13.752,41.954,1011.133,71.837,1.804,18.74,0,none,0.568,0.629,0.758,0.274,LOW,SYNTHETIC_DEMO_DATA
1431,Kerala Coast,10.14509,76.2781,2025-06-23 15:16:53,29.176,-0.624,32.072,2.104,0.705,230.96,15.489,57.429,1020.162,92.009,2.369,27.837,0,none,0.794,0.585,0.422,0.554,MEDIUM,SYNTHETIC_DEMO_DATA
1432,Odisha Coast,19.78258,86.13281,2025-06-23 18:11:44,30.47,-0.03,28.473,1.484,0.769,319.16,13.032,51.36,987.88,79.294,2.787,26.005,0,none,0.856,0.691,0.461,0.366,MEDIUM,SYNTHETIC_DEMO_DATA
1433,Odisha Coast,19.77381,85.5985,2025-06-23 21:06:35,28.672,-1.828,26.749,2.367,0.721,135.24,14.126,32.936,1008.446,81.379,2.008,13.889,1,anticyclonic,0.499,0.467,0.635,0.656,HIGH,SYNTHETIC_DEMO_DATA
1434,Mumbai Coast,19.10792,72.78072,2025-06-24 00:01:26,28.868,-0.632,31.802,2.32,0.056,192.58,13.82,44.503,1019.205,87.603,2.34,22.578,0,none,0.608,0.716,0.62,0.401,MEDIUM,SYNTHETIC_DEMO_DATA
1435,Chennai Coast,13.10099,80.41144,2025-06-24 02:56:17,32.221,1.521,29.464,1.896,0.783,196.23,20.05,55.529,1014.042,88.205,2.766,19.405,0,none,0.839,0.485,0.459,0.571,MEDIUM,SYNTHETIC_DEMO_DATA
1436,Odisha Coast,19.96779,85.90493,2025-06-24 05:51:08,30.959,0.459,29.442,2.777,1.043,0.99,17.723,40.034,1000.333,100.0,2.84,19.676,0,none,0.892,0.673,0.545,0.458,MEDIUM,SYNTHETIC_DEMO_DATA
1437,Kerala Coast,9.78375,76.35702,2025-06-24 08:45:59,30.346,0.546,30.757,2.448,0.749,144.22,10.126,64.538,1006.51,100.0,3.774,31.927,1,cyclonic,0.964,0.649,0.605,0.512,MEDIUM,SYNTHETIC_DEMO_DATA
1438,Gujarat Coast,22.67362,69.67626,2025-06-24 11:40:50,28.428,-0.572,34.269,1.627,0.913,123.36,11.943,28.754,1009.321,63.032,1.155,9.322,1,anticyclonic,0.41,0.815,0.724,0.359,MEDIUM,SYNTHETIC_DEMO_DATA
1439,Chennai Coast,13.12666,80.21697,2025-06-24 14:35:41,30.881,0.181,33.056,2.581,1.303,125.63,22.154,26.969,1016.653,55.014,1.827,15.154,0,none,0.494,0.735,0.824,0.306,MEDIUM,SYNTHETIC_DEMO_DATA
1440,Lakshadweep,10.72784,72.15858,2025-06-24 17:30:32,29.756,-0.244,35.469,2.973,1.083,262.97,22.321,23.084,1023.108,84.416,2.445,15.616,1,anticyclonic,0.618,0.83,0.642,0.275,LOW,SYNTHETIC_DEMO_DATA
1441,Goa Coast,15.39436,73.83469,2025-06-24 20:25:23,28.005,-1.695,33.573,3.027,0.911,47.14,20.655,29.119,1008.356,89.524,2.532,18.833,0,none,0.781,0.661,0.456,0.621,HIGH,SYNTHETIC_DEMO_DATA
1442,Mumbai Coast,18.92526,72.82666,2025-06-24 23:20:14,30.885,1.385,32.305,3.157,0.857,233.95,21.844,47.855,1022.162,84.257,2.677,28.176,1,cyclonic,0.858,0.734,0.527,0.578,MEDIUM,SYNTHETIC_DEMO_DATA
1443,Lakshadweep,10.56864,72.57948,2025-06-25 02:15:05,30.233,0.233,31.381,2.598,0.682,297.82,14.556,29.756,1013.665,72.177,2.167,16.633,0,none,0.556,0.701,0.771,0.277,LOW,SYNTHETIC_DEMO_DATA
1444,Kerala Coast,9.74993,76.28747,2025-06-25 05:09:56,29.224,-0.576,31.317,2.416,0.888,40.13,15.246,49.355,1007.928,93.503,2.392,26.693,0,none,0.64,0.583,0.564,0.445,MEDIUM,SYNTHETIC_DEMO_DATA
1445,Odisha Coast,19.69862,85.82727,2025-06-25 08:04:48,30.15,-0.35,24.849,1.721,0.376,359.12,8.374,64.573,1015.932,87.923,2.984,31.959,0,none,0.704,0.567,0.599,0.469,MEDIUM,SYNTHETIC_DEMO_DATA
1446,Sundarbans,21.63386,89.18634,2025-06-25 10:59:39,30.558,0.858,20.294,2.991,0.828,272.05,21.993,54.588,1004.33,90.909,2.722,26.425,1,cyclonic,0.792,0.694,0.614,0.622,HIGH,SYNTHETIC_DEMO_DATA
1447,Lakshadweep,10.58555,72.4964,2025-06-25 13:54:30,29.86,-0.14,35.105,2.149,0.494,153.78,15.403,36.84,1013.212,68.406,2.061,13.16,1,cyclonic,0.524,0.662,0.771,0.345,MEDIUM,SYNTHETIC_DEMO_DATA
1448,Lakshadweep,10.65964,72.38282,2025-06-25 16:49:21,30.192,0.192,31.254,3.385,1.033,314.29,25.947,37.822,1006.487,83.141,1.902,17.025,0,none,0.661,0.713,0.696,0.307,MEDIUM,SYNTHETIC_DEMO_DATA
1449,Goa Coast,15.54447,73.82621,2025-06-25 19:44:12,31.204,1.504,31.238,2.806,0.619,153.25,18.085,44.617,1006.753,77.979,2.616,26.245,0,none,0.733,0.604,0.483,0.569,MEDIUM,SYNTHETIC_DEMO_DATA
1450,Odisha Coast,20.21091,85.78991,2025-06-25 22:39:03,32.042,1.542,28.914,2.503,0.3,336.89,21.153,40.039,1015.568,98.96,2.025,21.073,0,none,0.715,0.57,0.573,0.628,HIGH,SYNTHETIC_DEMO_DATA
1451,Visakhapatnam,17.91985,83.65469,2025-06-26 01:33:54,31.259,1.259,29.483,3.066,0.761,192.25,20.658,58.912,1003.608,87.47,2.587,25.079,1,anticyclonic,0.932,0.611,0.467,0.614,HIGH,SYNTHETIC_DEMO_DATA
1452,Sundarbans,22.08581,89.21762,2025-06-26 04:28:45,28.794,-0.906,21.068,2.802,0.708,243.98,25.015,49.208,1008.823,78.657,3.046,29.36,0,none,0.764,0.604,0.517,0.597,MEDIUM,SYNTHETIC_DEMO_DATA
1453,Sundarbans,21.93237,89.45186,2025-06-26 07:23:36,29.599,-0.101,19.687,2.578,0.855,179.89,15.165,47.07,1018.457,84.026,2.536,21.176,0,none,0.81,0.835,0.626,0.359,MEDIUM,SYNTHETIC_DEMO_DATA
1454,Visakhapatnam,17.88144,83.4433,2025-06-26 10:18:27,28.804,-1.196,30.765,2.696,0.513,169.31,17.524,48.027,1020.479,76.12,2.81,18.611,0,none,0.745,0.581,0.499,0.526,MEDIUM,SYNTHETIC_DEMO_DATA
1455,Mumbai Coast,18.79917,72.81901,2025-06-26 13:13:18,28.66,-0.84,32.548,2.735,0.741,56.66,20.063,50.211,1015.458,86.53,2.559,30.169,0,none,0.73,0.614,0.513,0.506,MEDIUM,SYNTHETIC_DEMO_DATA
1456,Sundarbans,22.1299,89.14036,2025-06-26 16:08:09,29.787,0.087,20.121,1.466,0.83,13.11,14.736,72.885,1017.189,96.748,3.41,30.188,0,none,0.986,0.762,0.636,0.425,MEDIUM,SYNTHETIC_DEMO_DATA
1457,Lakshadweep,10.66039,72.58663,2025-06-26 19:03:00,30.2,0.2,30.394,2.572,0.633,177.82,22.09,62.407,1026.566,82.622,3.115,26.762,0,none,0.802,0.797,0.52,0.344,MEDIUM,SYNTHETIC_DEMO_DATA
1458,Kerala Coast,9.56084,76.1719,2025-06-26 21:57:51,31.54,1.74,32.222,1.659,0.749,151.72,14.005,47.702,1004.182,95.58,2.854,24.6,0,none,0.851,0.71,0.443,0.634,HIGH,SYNTHETIC_DEMO_DATA
1459,Visakhapatnam,17.45304,83.20975,2025-06-27 00:52:42,29.64,-0.36,33.118,1.862,0.776,306.53,13.82,41.176,1011.445,84.31,2.31,21.368,1,cyclonic,0.721,0.534,0.694,0.377,MEDIUM,SYNTHETIC_DEMO_DATA
1460,Mumbai Coast,19.02987,72.69997,2025-06-27 03:47:33,29.743,0.243,31.406,2.678,0.867,238.95,14.827,39.406,1010.384,88.77,2.497,20.632,1,anticyclonic,0.835,0.589,0.767,0.374,MEDIUM,SYNTHETIC_DEMO_DATA
1461,Goa Coast,15.53734,74.10033,2025-06-27 06:42:24,28.585,-1.115,34.93,1.982,0.854,289.69,21.074,20.762,1020.599,68.927,1.934,14.787,0,none,0.491,0.556,0.579,0.388,MEDIUM,SYNTHETIC_DEMO_DATA
1462,Chennai Coast,13.19541,79.77385,2025-06-27 09:37:16,30.373,-0.327,32.772,2.557,0.5,3.84,19.284,39.903,1002.452,67.168,2.507,20.935,0,none,0.774,0.77,0.691,0.38,MEDIUM,SYNTHETIC_DEMO_DATA
1463,Sundarbans,21.98356,89.01162,2025-06-27 12:32:07,30.071,0.371,21.341,1.769,0.763,93.87,17.88,41.29,997.196,78.591,2.506,20.691,0,none,0.807,0.903,0.661,0.348,MEDIUM,SYNTHETIC_DEMO_DATA
1464,Sundarbans,21.75645,89.07611,2025-06-27 15:26:58,29.173,-0.527,21.662,2.33,1.121,147.4,21.343,53.717,1013.107,77.456,2.452,23.53,0,none,0.691,0.8,0.6,0.469,MEDIUM,SYNTHETIC_DEMO_DATA
1465,Andaman & Nicobar,11.86394,92.98438,2025-06-27 18:21:49,31.412,0.912,31.239,3.087,0.934,345.65,17.53,40.496,997.549,83.362,1.95,21.417,0,none,0.649,0.63,0.661,0.429,MEDIUM,SYNTHETIC_DEMO_DATA
1466,Odisha Coast,19.6195,86.14186,2025-06-27 21:16:40,30.9,0.4,29.561,2.422,0.621,305.72,17.192,21.443,1012.025,77.237,1.348,13.452,0,none,0.617,0.802,0.75,0.318,MEDIUM,SYNTHETIC_DEMO_DATA
1467,Gujarat Coast,22.50309,69.67112,2025-06-28 00:11:31,29.543,0.543,31.408,1.392,0.399,231.39,12.409,50.58,1013.334,69.473,3.665,24.078,1,cyclonic,0.882,0.775,0.639,0.475,MEDIUM,SYNTHETIC_DEMO_DATA
1468,Chennai Coast,12.86947,79.78051,2025-06-28 03:06:22,29.869,-0.831,35.224,1.411,0.668,340.36,7.975,40.339,1019.267,75.507,2.846,21.114,0,none,0.713,0.587,0.598,0.364,MEDIUM,SYNTHETIC_DEMO_DATA
1469,Goa Coast,15.67459,73.77186,2025-06-28 06:01:13,28.823,-0.877,31.632,2.092,0.488,92.62,16.312,38.18,1007.605,95.233,1.776,17.511,0,none,0.622,0.64,0.593,0.4,MEDIUM,SYNTHETIC_DEMO_DATA
1470,Sundarbans,22.18402,89.19881,2025-06-28 08:56:04,27.496,-2.204,20.468,3.082,0.899,232.06,22.995,30.571,1017.185,86.862,2.202,19.698,0,none,0.63,0.58,0.402,0.716,HIGH,SYNTHETIC_DEMO_DATA
1471,Andaman & Nicobar,11.74076,92.77807,2025-06-28 11:50:55,30.026,-0.474,30.73,2.075,0.759,314.31,21.654,51.403,1007.339,82.794,2.769,20.83,1,anticyclonic,0.825,0.683,0.551,0.441,MEDIUM,SYNTHETIC_DEMO_DATA
1472,Gujarat Coast,22.43292,69.40669,2025-06-28 14:45:46,29.64,0.64,34.068,1.959,0.777,326.74,14.1,30.65,996.399,88.812,2.094,13.051,1,anticyclonic,0.527,0.562,0.646,0.439,MEDIUM,SYNTHETIC_DEMO_DATA
1473,Kerala Coast,9.95075,76.09145,2025-06-28 17:40:37,29.32,-0.48,30.002,1.828,0.822,44.79,18.485,51.623,1017.196,87.126,3.185,26.202,0,none,0.813,0.758,0.677,0.307,MEDIUM,SYNTHETIC_DEMO_DATA
1474,Visakhapatnam,17.89643,83.27044,2025-06-28 20:35:28,29.25,-0.75,30.963,1.639,1.069,271.24,14.483,33.749,1009.554,74.392,2.485,23.182,0,none,0.65,0.651,0.541,0.39,MEDIUM,SYNTHETIC_DEMO_DATA
1475,Lakshadweep,10.65403,72.72795,2025-06-28 23:30:19,29.446,-0.554,34.165,1.457,0.723,174.67,18.419,27.304,1014.24,71.743,1.995,9.276,0,none,0.628,0.795,0.608,0.261,LOW,SYNTHETIC_DEMO_DATA
1476,Chennai Coast,13.08522,80.46553,2025-06-29 02:25:10,31.537,0.837,32.494,2.086,0.746,63.11,16.79,32.671,1004.067,80.462,2.462,14.964,0,none,0.706,0.752,0.546,0.383,MEDIUM,SYNTHETIC_DEMO_DATA
1477,Kerala Coast,9.81459,76.65019,2025-06-29 05:20:01,30.235,0.435,32.532,1.445,0.903,31.58,12.394,63.22,995.268,97.081,3.289,29.172,1,cyclonic,0.906,0.708,0.533,0.533,MEDIUM,SYNTHETIC_DEMO_DATA
1478,Chennai Coast,13.39974,80.23474,2025-06-29 08:14:52,30.63,-0.07,29.809,3.424,1.132,209.43,27.257,42.599,1018.487,78.961,2.726,23.933,0,none,0.685,0.761,0.613,0.339,MEDIUM,SYNTHETIC_DEMO_DATA
1479,Visakhapatnam,17.95462,83.29543,2025-06-29 11:09:44,30.417,0.417,33.282,2.875,0.293,146.78,21.565,40.628,1022.912,80.87,2.37,22.685,1,anticyclonic,0.643,0.596,0.603,0.404,MEDIUM,SYNTHETIC_DEMO_DATA
1480,Kerala Coast,10.23722,76.06293,2025-06-29 14:04:35,29.67,-0.13,33.622,2.769,1.026,184.16,23.939,55.939,1014.079,91.222,2.769,21.847,1,anticyclonic,0.857,0.823,0.668,0.361,MEDIUM,SYNTHETIC_DEMO_DATA
1481,Odisha Coast,19.60986,85.88087,2025-06-29 16:59:26,30.21,-0.29,26.48,2.374,0.5,324.24,23.893,56.023,1002.725,100.0,2.783,25.832,0,none,0.737,0.783,0.76,0.436,MEDIUM,SYNTHETIC_DEMO_DATA
1482,Sundarbans,22.08742,89.08154,2025-06-29 19:54:17,31.244,1.544,20.127,3.368,0.537,200.93,20.781,42.657,1006.617,87.607,2.199,22.208,1,anticyclonic,0.859,0.654,0.384,0.723,HIGH,SYNTHETIC_DEMO_DATA
1483,Visakhapatnam,17.83839,83.17296,2025-06-29 22:49:08,31.111,1.111,29.989,1.833,0.345,178.47,14.583,39.721,1007.753,94.14,1.757,21.829,0,none,0.564,0.675,0.613,0.465,MEDIUM,SYNTHETIC_DEMO_DATA
1484,Odisha Coast,19.69167,85.70335,2025-06-30 01:43:59,29.273,-1.227,27.323,2.012,1.142,57.34,14.714,45.351,1008.325,90.035,2.732,21.63,0,none,0.785,0.739,0.457,0.522,MEDIUM,SYNTHETIC_DEMO_DATA
1485,Kerala Coast,9.98491,76.3687,2025-06-30 04:38:50,29.99,0.19,32.82,1.723,0.335,25.26,7.961,69.203,1006.199,88.366,3.675,32.941,0,none,1.0,0.829,0.506,0.367,MEDIUM,SYNTHETIC_DEMO_DATA
1486,Andaman & Nicobar,11.9596,92.96035,2025-06-30 07:33:41,30.616,0.116,31.204,2.319,0.946,208.84,22.743,47.444,1011.847,95.418,2.612,25.137,1,cyclonic,0.778,0.793,0.74,0.272,LOW,SYNTHETIC_DEMO_DATA
1487,Odisha Coast,19.51977,85.63494,2025-06-30 10:28:32,31.868,1.368,30.213,2.365,0.511,345.36,24.834,36.475,1019.804,69.159,2.302,19.53,0,none,0.548,0.593,0.567,0.495,MEDIUM,SYNTHETIC_DEMO_DATA
1488,Sundarbans,21.69377,89.38448,2025-06-30 13:23:23,28.086,-1.614,19.724,2.552,0.93,10.36,16.927,38.205,998.387,91.529,2.192,17.656,1,cyclonic,0.654,0.548,0.586,0.631,HIGH,SYNTHETIC_DEMO_DATA
1489,Odisha Coast,19.47912,85.72494,2025-06-30 16:18:14,29.714,-0.786,27.614,1.983,1.024,231.63,16.466,45.992,1007.111,69.982,2.959,20.742,1,cyclonic,0.67,0.703,0.661,0.43,MEDIUM,SYNTHETIC_DEMO_DATA
1490,Mumbai Coast,19.08173,72.94415,2025-06-30 19:13:05,29.864,0.364,31.187,2.945,0.464,182.35,21.752,58.16,1018.162,92.4,3.638,28.316,1,anticyclonic,0.889,0.802,0.569,0.466,MEDIUM,SYNTHETIC_DEMO_DATA
1491,Visakhapatnam,17.67093,82.98298,2025-06-30 22:07:56,30.319,0.319,29.648,3.372,1.203,56.95,23.609,36.774,1000.904,63.382,2.891,19.676,0,none,0.838,0.676,0.664,0.274,LOW,SYNTHETIC_DEMO_DATA
1492,Kerala Coast,9.95918,76.2111,2025-07-01 01:02:47,30.626,1.027,30.607,2.457,0.827,216.31,16.172,46.382,1003.653,84.096,2.382,22.098,0,none,0.656,0.516,0.566,0.549,MEDIUM,SYNTHETIC_DEMO_DATA
1493,Sundarbans,22.15102,89.42066,2025-07-01 03:57:38,28.953,-0.546,19.388,2.018,0.774,68.5,15.684,50.971,1007.905,69.825,2.975,20.843,0,none,0.81,0.64,0.718,0.392,MEDIUM,SYNTHETIC_DEMO_DATA
1494,Chennai Coast,13.0803,80.12028,2025-07-01 06:52:29,29.949,-0.55,31.253,1.896,1.113,183.54,14.513,38.249,1008.751,96.218,2.372,22.214,0,none,0.723,0.572,0.512,0.446,MEDIUM,SYNTHETIC_DEMO_DATA
1495,Kerala Coast,10.14155,76.75429,2025-07-01 09:47:20,29.197,-0.402,32.753,2.216,0.769,82.02,19.429,38.112,1000.76,72.641,2.682,22.491,1,anticyclonic,0.752,0.624,0.65,0.381,MEDIUM,SYNTHETIC_DEMO_DATA
1496,Kerala Coast,9.92174,76.05926,2025-07-01 12:42:12,27.66,-1.939,29.697,2.207,0.797,299.11,13.62,46.795,1001.884,82.651,2.502,24.448,1,cyclonic,0.887,0.599,0.473,0.73,HIGH,SYNTHETIC_DEMO_DATA
1497,Mumbai Coast,18.57946,72.7012,2025-07-01 15:37:03,30.054,0.755,32.935,2.278,0.845,198.31,16.979,50.64,1025.592,78.238,2.747,18.829,1,anticyclonic,0.856,0.644,0.735,0.42,MEDIUM,SYNTHETIC_DEMO_DATA
1498,Goa Coast,15.46843,73.96617,2025-07-01 18:31:54,29.354,-0.145,31.414,3.355,0.608,222.11,20.745,37.88,1006.227,82.888,2.314,17.738,1,anticyclonic,0.749,0.726,0.583,0.306,MEDIUM,SYNTHETIC_DEMO_DATA
1499,Kerala Coast,9.92356,75.9571,2025-07-01 21:26:45,28.766,-0.833,32.065,2.779,0.849,123.15,24.107,47.058,1010.978,84.312,2.818,25.608,1,anticyclonic,0.696,0.622,0.653,0.499,MEDIUM,SYNTHETIC_DEMO_DATA
1500,Andaman & Nicobar,11.47184,92.57785,2025-07-02 00:21:36,30.165,-0.134,29.825,1.544,0.741,174.14,5.646,55.134,1008.408,78.175,3.04,27.185,1,anticyclonic,0.875,0.654,0.675,0.34,MEDIUM,SYNTHETIC_DEMO_DATA
1501,Mumbai Coast,18.86593,72.68181,2025-07-02 03:16:27,29.404,0.105,31.041,2.862,0.496,41.34,23.278,41.994,1005.729,96.224,2.783,20.972,0,none,0.701,0.634,0.833,0.285,LOW,SYNTHETIC_DEMO_DATA
1502,Visakhapatnam,17.42698,83.66807,2025-07-02 06:11:18,29.836,0.037,30.887,1.33,0.73,355.96,8.891,32.191,1000.157,81.766,1.909,17.167,0,none,0.736,0.673,0.794,0.213,LOW,SYNTHETIC_DEMO_DATA
1503,Visakhapatnam,17.36515,82.85555,2025-07-02 09:06:09,28.373,-1.426,31.981,2.874,0.406,230.9,24.267,48.673,1003.553,81.623,2.829,20.474,1,anticyclonic,0.587,0.652,0.588,0.56,MEDIUM,SYNTHETIC_DEMO_DATA
1504,Chennai Coast,13.13489,80.35764,2025-07-02 12:01:00,30.841,0.342,31.446,2.634,1.087,30.3,25.628,40.764,1012.073,77.899,2.064,16.689,1,cyclonic,0.6,0.912,0.646,0.381,MEDIUM,SYNTHETIC_DEMO_DATA
1505,Mumbai Coast,19.25009,72.6383,2025-07-02 14:55:51,28.79,-0.51,34.2,3.162,0.726,235.64,27.294,49.131,1011.746,100.0,2.745,24.192,1,anticyclonic,0.828,0.789,0.652,0.444,MEDIUM,SYNTHETIC_DEMO_DATA
1506,Visakhapatnam,17.77047,83.41156,2025-07-02 17:50:42,28.111,-1.688,30.662,1.995,1.003,144.09,14.453,26.59,1009.277,80.997,2.018,13.374,0,none,0.567,0.48,0.623,0.584,MEDIUM,SYNTHETIC_DEMO_DATA
1507,Lakshadweep,10.3789,72.71914,2025-07-02 20:45:33,30.755,0.956,32.094,2.532,1.081,21.22,20.095,35.387,1002.164,91.309,2.416,17.125,0,none,0.643,0.786,0.741,0.354,MEDIUM,SYNTHETIC_DEMO_DATA
1508,Kerala Coast,9.74734,76.1784,2025-07-02 23:40:24,28.544,-1.055,29.841,2.365,0.638,160.96,21.21,64.415,1018.559,100.0,3.504,27.686,0,none,0.943,0.615,0.565,0.494,MEDIUM,SYNTHETIC_DEMO_DATA
1509,Andaman & Nicobar,11.27763,92.78864,2025-07-03 02:35:15,31.233,0.934,30.984,2.364,0.767,75.16,17.361,52.146,1004.698,68.934,2.846,21.551,0,none,0.933,0.7,0.43,0.448,MEDIUM,SYNTHETIC_DEMO_DATA
1510,Gujarat Coast,22.09971,69.57216,2025-07-03 05:30:06,28.919,0.12,34.728,2.378,0.713,46.41,19.168,23.605,1007.743,72.193,1.906,15.42,1,anticyclonic,0.578,0.916,0.698,0.299,LOW,SYNTHETIC_DEMO_DATA
1511,Chennai Coast,12.82732,80.12736,2025-07-03 08:24:57,31.142,0.643,30.993,2.641,0.785,92.92,19.667,36.149,1014.301,84.953,1.904,18.106,1,anticyclonic,0.611,0.665,0.575,0.456,MEDIUM,SYNTHETIC_DEMO_DATA
1512,Visakhapatnam,17.70213,83.14688,2025-07-03 11:19:48,29.032,-0.767,31.421,1.417,0.77,165.06,20.225,44.929,996.119,83.822,2.181,21.875,1,cyclonic,0.65,0.628,0.453,0.49,MEDIUM,SYNTHETIC_DEMO_DATA
1513,Goa Coast,15.21615,73.96327,2025-07-03 14:14:40,29.501,0.002,31.601,1.872,0.792,184.76,16.649,50.208,999.468,99.54,3.133,20.249,1,cyclonic,0.956,0.724,0.65,0.299,LOW,SYNTHETIC_DEMO_DATA
1514,Chennai Coast,13.13957,80.21148,2025-07-03 17:09:31,30.535,0.036,30.273,2.367,1.164,273.88,17.028,28.84,1008.938,89.306,1.895,18.605,0,none,0.564,0.694,0.724,0.23,LOW,SYNTHETIC_DEMO_DATA
1515,Visakhapatnam,17.39702,83.31402,2025-07-03 20:04:22,30.024,0.225,31.007,2.19,0.845,214.76,17.562,41.46,1016.146,79.933,2.715,22.474,0,none,0.754,0.799,0.669,0.293,LOW,SYNTHETIC_DEMO_DATA
1516,Lakshadweep,10.38201,72.55332,2025-07-03 22:59:13,29.119,-0.68,32.631,2.417,0.516,162.41,21.998,31.332,1021.507,100.0,2.36,16.317,1,anticyclonic,0.752,0.728,0.732,0.326,MEDIUM,SYNTHETIC_DEMO_DATA
1517,Kerala Coast,9.81836,76.30788,2025-07-04 01:54:04,29.531,-0.068,30.988,2.508,0.656,186.98,24.146,51.786,999.866,78.503,2.64,28.641,1,cyclonic,0.794,0.773,0.678,0.378,MEDIUM,SYNTHETIC_DEMO_DATA
1518,Sundarbans,21.81423,89.31249,2025-07-04 04:48:55,31.041,1.542,18.864,2.261,0.392,80.19,17.143,45.004,1009.806,93.523,2.487,21.918,0,none,0.665,0.669,0.545,0.648,HIGH,SYNTHETIC_DEMO_DATA
1519,Kerala Coast,9.794,76.12318,2025-07-04 07:43:46,30.133,0.534,30.579,2.358,0.807,172.45,21.0,49.092,1012.086,74.941,3.216,21.293,1,cyclonic,0.853,0.776,0.633,0.421,MEDIUM,SYNTHETIC_DEMO_DATA
1520,Kerala Coast,10.10438,76.5424,2025-07-04 10:38:37,29.339,-0.26,33.349,1.432,1.264,21.55,12.801,56.293,1010.63,76.831,2.974,24.073,1,cyclonic,0.803,0.654,0.639,0.36,MEDIUM,SYNTHETIC_DEMO_DATA
1521,Andaman & Nicobar,11.48564,92.40359,2025-07-04 13:33:28,30.704,0.405,31.542,2.555,1.188,45.84,19.028,57.371,1012.177,86.478,3.356,27.86,1,cyclonic,0.725,0.669,0.587,0.414,MEDIUM,SYNTHETIC_DEMO_DATA
1522,Goa Coast,15.4085,73.93239,2025-07-04 16:28:19,30.017,0.518,33.448,3.196,0.558,224.31,26.3,34.913,1013.747,71.093,1.87,20.974,0,none,0.612,0.572,0.627,0.359,MEDIUM,SYNTHETIC_DEMO_DATA
1523,Odisha Coast,19.75009,85.90749,2025-07-04 19:23:10,29.78,-0.519,26.935,1.811,0.773,69.32,15.548,41.187,1015.267,71.634,2.582,18.266,0,none,0.728,0.803,0.519,0.47,MEDIUM,SYNTHETIC_DEMO_DATA
1524,Odisha Coast,19.6979,85.50018,2025-07-04 22:18:01,31.995,1.696,28.441,3.648,1.149,1.14,21.155,46.107,1006.068,87.266,2.56,23.405,1,anticyclonic,0.626,0.649,0.537,0.648,HIGH,SYNTHETIC_DEMO_DATA
1525,Gujarat Coast,22.3342,69.80541,2025-07-05 01:12:52,29.11,0.311,32.777,0.428,0.477,10.86,13.53,42.39,1016.466,82.779,2.685,19.946,0,none,0.696,0.538,0.554,0.326,MEDIUM,SYNTHETIC_DEMO_DATA
1526,Sundarbans,22.06133,89.11589,2025-07-05 04:07:43,29.574,0.075,21.003,1.17,0.842,100.99,13.756,43.726,1002.27,94.013,2.975,20.251,1,cyclonic,0.685,0.736,0.577,0.384,MEDIUM,SYNTHETIC_DEMO_DATA
1527,Chennai Coast,13.15708,80.49127,2025-07-05 07:02:34,29.728,-0.771,29.888,1.627,0.719,318.21,14.355,30.457,1004.41,76.566,2.378,17.763,0,none,0.672,0.669,0.6,0.432,MEDIUM,SYNTHETIC_DEMO_DATA
1528,Odisha Coast,19.91011,85.85458,2025-07-05 09:57:25,30.112,-0.187,26.771,2.596,0.804,272.59,21.249,46.311,1002.779,73.015,3.201,21.855,0,none,0.809,0.856,0.636,0.313,MEDIUM,SYNTHETIC_DEMO_DATA
1529,Sundarbans,21.99538,89.26278,2025-07-05 12:52:16,29.031,-0.468,20.103,2.28,0.281,273.72,21.139,51.908,1001.987,68.076,2.208,23.287,1,cyclonic,0.737,0.741,0.627,0.455,MEDIUM,SYNTHETIC_DEMO_DATA
1530,Lakshadweep,10.47248,72.85619,2025-07-05 15:47:08,30.647,0.848,30.723,1.835,0.841,48.0,9.557,43.982,998.493,68.679,2.893,19.358,1,cyclonic,0.662,0.522,0.682,0.503,MEDIUM,SYNTHETIC_DEMO_DATA
1531,Sundarbans,22.16726,89.15137,2025-07-05 18:41:59,30.609,1.11,21.831,1.585,0.17,75.71,11.73,36.589,1001.162,80.599,2.437,21.185,0,none,0.617,0.512,0.696,0.586,MEDIUM,SYNTHETIC_DEMO_DATA
1532,Sundarbans,21.78563,88.82923,2025-07-05 21:36:50,28.563,-0.936,21.069,2.04,0.904,50.78,16.263,49.352,1013.077,94.593,2.001,25.531,0,none,0.703,0.73,0.499,0.499,MEDIUM,SYNTHETIC_DEMO_DATA
1533,Lakshadweep,10.4956,72.55299,2025-07-06 00:31:41,29.143,-0.656,32.387,2.236,0.701,190.56,17.531,29.599,1010.897,84.956,2.07,14.695,1,anticyclonic,0.602,0.771,0.551,0.301,MEDIUM,SYNTHETIC_DEMO_DATA
1534,Odisha Coast,19.70116,85.59974,2025-07-06 03:26:32,30.071,-0.228,29.96,2.868,0.997,139.55,25.732,20.9,1014.806,85.231,1.737,14.312,1,anticyclonic,0.446,0.708,0.716,0.352,MEDIUM,SYNTHETIC_DEMO_DATA
1535,Andaman & Nicobar,11.72958,92.44676,2025-07-06 06:21:23,31.085,0.786,32.621,1.283,0.713,8.75,10.928,44.777,1006.412,75.162,2.628,22.144,0,none,0.72,0.79,0.539,0.395,MEDIUM,SYNTHETIC_DEMO_DATA
1536,Sundarbans,22.05193,89.2677,2025-07-06 09:16:14,30.03,0.531,18.663,2.517,0.659,217.75,23.841,45.617,991.64,70.277,3.012,24.42,1,cyclonic,0.785,0.803,0.687,0.516,MEDIUM,SYNTHETIC_DEMO_DATA
1537,Odisha Coast,19.70199,86.01344,2025-07-06 12:11:05,28.814,-1.485,30.638,2.669,0.757,289.43,19.976,41.586,1019.16,72.868,2.363,15.712,1,cyclonic,0.697,0.343,0.582,0.668,HIGH,SYNTHETIC_DEMO_DATA
1538,Odisha Coast,19.88465,85.79332,2025-07-06 15:05:56,30.525,0.226,30.45,2.054,0.659,127.26,17.864,45.391,1010.563,89.055,2.918,21.644,0,none,0.848,0.794,0.57,0.369,MEDIUM,SYNTHETIC_DEMO_DATA
1539,Goa Coast,15.29099,74.08423,2025-07-06 18:00:47,29.756,0.257,30.071,3.894,1.143,8.15,26.37,56.029,1010.378,80.468,2.953,29.267,1,anticyclonic,0.809,0.751,0.625,0.434,MEDIUM,SYNTHETIC_DEMO_DATA
1540,Gujarat Coast,22.46222,69.30796,2025-07-06 20:55:38,29.622,0.823,34.057,2.11,0.978,267.3,14.967,41.951,1012.785,94.755,2.285,18.1,1,anticyclonic,0.662,0.668,0.605,0.527,MEDIUM,SYNTHETIC_DEMO_DATA
1541,Kerala Coast,10.0446,76.25579,2025-07-06 23:50:29,28.433,-1.166,30.722,1.833,0.809,142.07,16.762,47.334,1007.974,100.0,2.937,21.146,0,none,0.877,0.497,0.619,0.482,MEDIUM,SYNTHETIC_DEMO_DATA
1542,Visakhapatnam,17.73988,83.20542,2025-07-07 02:45:20,30.399,0.6,29.894,1.682,1.185,83.89,10.977,37.758,1017.223,65.954,1.904,14.486,0,none,0.624,0.774,0.674,0.283,LOW,SYNTHETIC_DEMO_DATA
1543,Sundarbans,21.57804,89.05738,2025-07-07 05:40:11,29.239,-0.26,19.608,1.964,0.732,148.29,18.288,66.535,1015.112,71.615,3.607,31.548,0,none,0.925,0.809,0.581,0.455,MEDIUM,SYNTHETIC_DEMO_DATA
1544,Mumbai Coast,18.55581,72.67073,2025-07-07 08:35:02,28.424,-0.875,30.906,2.481,1.253,120.26,20.055,65.526,1011.649,78.495,3.398,29.613,0,none,0.764,0.694,0.549,0.461,MEDIUM,SYNTHETIC_DEMO_DATA
1545,Visakhapatnam,17.27102,83.39877,2025-07-07 11:29:53,29.325,-0.474,31.717,2.612,0.712,321.09,19.001,33.828,1007.184,80.046,2.469,19.639,0,none,0.624,0.681,0.738,0.344,MEDIUM,SYNTHETIC_DEMO_DATA
1546,Mumbai Coast,19.38285,72.86392,2025-07-07 14:24:44,28.505,-0.794,31.937,1.968,1.006,124.5,16.902,45.668,1009.488,87.291,2.095,22.404,0,none,0.542,0.692,0.398,0.468,MEDIUM,SYNTHETIC_DEMO_DATA
1547,Gujarat Coast,22.43824,69.87535,2025-07-07 17:19:35,29.824,1.025,37.968,1.82,0.834,192.16,14.42,22.119,1018.9,91.345,1.52,8.534,0,none,0.395,0.647,0.561,0.377,MEDIUM,SYNTHETIC_DEMO_DATA
1548,Andaman & Nicobar,11.91313,92.53925,2025-07-07 20:14:27,29.809,-0.49,28.676,2.669,1.278,266.2,12.111,40.543,1017.949,85.382,2.164,17.886,0,none,0.59,0.794,0.639,0.289,LOW,SYNTHETIC_DEMO_DATA
1549,Kerala Coast,10.12053,76.15522,2025-07-07 23:09:18,29.736,0.137,33.965,1.636,0.615,309.99,11.326,34.165,1005.135,83.181,2.171,19.764,0,none,0.545,0.869,0.631,0.292,LOW,SYNTHETIC_DEMO_DATA
1550,Sundarbans,21.64693,89.32729,2025-07-08 02:04:09,29.591,0.092,19.857,2.968,0.901,316.66,25.39,38.353,1023.311,88.376,2.14,22.925,1,anticyclonic,0.685,0.754,0.548,0.404,MEDIUM,SYNTHETIC_DEMO_DATA
1551,Visakhapatnam,17.25559,83.08486,2025-07-08 04:59:00,30.842,1.043,34.33,2.042,1.007,52.97,18.487,32.939,1003.063,73.622,1.716,13.4,0,none,0.5,0.628,0.774,0.454,MEDIUM,SYNTHETIC_DEMO_DATA
1552,Andaman & Nicobar,11.5866,92.45824,2025-07-08 07:53:51,30.839,0.54,31.704,2.152,0.618,275.12,11.976,54.344,1015.581,100.0,3.282,22.066,0,none,0.94,0.703,0.596,0.37,MEDIUM,SYNTHETIC_DEMO_DATA
1553,Mumbai Coast,18.77151,72.85128,2025-07-08 10:48:42,29.064,-0.235,30.541,2.26,0.651,166.16,12.777,39.664,1013.202,89.327,2.407,19.085,0,none,0.967,0.764,0.793,0.294,LOW,SYNTHETIC_DEMO_DATA
1554,Gujarat Coast,22.53476,69.21362,2025-07-08 13:43:33,28.914,0.115,32.095,1.535,1.183,232.44,18.705,50.559,1005.813,95.479,2.561,22.408,1,anticyclonic,0.81,0.725,0.595,0.412,MEDIUM,SYNTHETIC_DEMO_DATA
1555,Kerala Coast,10.1506,76.13414,2025-07-08 16:38:24,29.34,-0.259,31.319,2.212,0.525,160.59,17.485,49.698,1011.585,100.0,2.961,23.827,1,anticyclonic,0.815,0.746,0.691,0.4,MEDIUM,SYNTHETIC_DEMO_DATA
1556,Odisha Coast,19.89876,86.09376,2025-07-08 19:33:15,30.061,-0.238,28.116,2.001,1.273,177.28,19.403,49.578,994.094,97.036,3.047,27.401,0,none,0.844,0.539,0.612,0.433,MEDIUM,SYNTHETIC_DEMO_DATA
1557,Andaman & Nicobar,12.08265,92.57815,2025-07-08 22:28:06,30.573,0.274,32.397,2.773,0.582,301.76,24.295,22.825,1014.16,50.916,1.888,14.091,0,none,0.573,0.749,0.702,0.247,LOW,SYNTHETIC_DEMO_DATA
1558,Goa Coast,15.77396,74.09888,2025-07-09 01:22:57,28.847,-0.652,30.791,2.289,0.484,29.83,16.585,39.07,1015.049,97.159,2.439,17.614,1,cyclonic,0.679,0.697,0.589,0.393,MEDIUM,SYNTHETIC_DEMO_DATA
1559,Lakshadweep,10.637,72.40051,2025-07-09 04:17:48,29.694,-0.105,31.858,1.899,0.942,1.41,15.987,31.861,1012.031,61.782,2.215,21.242,0,none,0.63,0.607,0.666,0.257,LOW,SYNTHETIC_DEMO_DATA
1560,Andaman & Nicobar,11.62572,92.69116,2025-07-09 07:12:39,29.685,-0.615,30.537,1.884,0.633,225.27,12.631,32.403,1001.311,77.05,1.713,14.068,0,none,0.415,0.663,0.584,0.354,MEDIUM,SYNTHETIC_DEMO_DATA
1561,Visakhapatnam,17.67209,83.32998,2025-07-09 10:07:30,28.739,-1.06,30.65,1.536,0.607,13.37,15.867,37.203,1018.207,54.683,2.347,21.362,1,cyclonic,0.742,0.741,0.484,0.547,MEDIUM,SYNTHETIC_DEMO_DATA
1562,Visakhapatnam,17.5558,83.0695,2025-07-09 13:02:21,30.737,0.938,30.663,2.459,1.196,312.94,19.81,41.782,1008.087,78.29,2.798,19.854,1,cyclonic,0.633,0.661,0.562,0.566,MEDIUM,SYNTHETIC_DEMO_DATA
1563,Visakhapatnam,17.85188,83.21554,2025-07-09 15:57:12,30.891,1.092,29.896,2.326,0.56,316.0,17.271,40.287,1014.369,71.796,1.9,22.643,1,anticyclonic,0.526,0.595,0.506,0.559,MEDIUM,SYNTHETIC_DEMO_DATA
1564,Lakshadweep,10.81571,72.64213,2025-07-09 18:52:03,29.769,-0.03,31.568,2.957,0.78,78.27,23.912,45.149,1001.011,100.0,3.099,19.919,1,cyclonic,0.752,0.691,0.584,0.369,MEDIUM,SYNTHETIC_DEMO_DATA
1565,Mumbai Coast,19.03213,72.73849,2025-07-09 21:46:55,28.818,-0.481,31.978,2.93,0.442,2.56,22.634,40.659,1007.329,80.166,2.504,23.336,0,none,0.776,0.66,0.627,0.409,MEDIUM,SYNTHETIC_DEMO_DATA
1566,Kerala Coast,9.83605,76.16938,2025-07-10 00:41:46,28.904,-0.696,33.967,3.242,0.825,206.75,29.718,45.493,1006.192,96.197,3.224,26.28,0,none,0.693,0.699,0.558,0.513,MEDIUM,SYNTHETIC_DEMO_DATA
1567,Lakshadweep,10.61984,72.82629,2025-07-10 03:36:37,29.559,-0.24,34.917,2.364,0.507,178.49,15.545,47.902,1007.937,70.641,3.014,23.604,0,none,0.631,0.778,0.485,0.371,MEDIUM,SYNTHETIC_DEMO_DATA
1568,Gujarat Coast,22.31991,69.76709,2025-07-10 06:31:28,29.123,0.324,36.441,2.91,0.466,278.77,22.219,36.267,1009.228,84.438,2.778,20.855,0,none,0.723,0.749,0.571,0.416,MEDIUM,SYNTHETIC_DEMO_DATA
1569,Lakshadweep,10.48084,72.49082,2025-07-10 09:26:19,29.375,-0.424,34.918,2.77,0.929,333.05,23.914,35.462,1012.889,70.197,2.405,10.735,0,none,0.791,0.878,0.748,0.29,LOW,SYNTHETIC_DEMO_DATA
1570,Lakshadweep,10.76559,72.92602,2025-07-10 12:21:10,29.901,0.102,32.413,1.924,0.855,358.61,17.539,50.459,1002.065,81.553,2.853,23.979,0,none,0.845,0.933,0.642,0.27,LOW,SYNTHETIC_DEMO_DATA
1571,Sundarbans,21.99305,89.21364,2025-07-10 15:16:01,29.232,-0.267,19.329,1.593,1.013,70.95,11.083,37.881,1009.021,62.56,2.174,20.763,1,anticyclonic,0.585,0.657,0.528,0.452,MEDIUM,SYNTHETIC_DEMO_DATA
1572,Chennai Coast,12.45963,80.4476,2025-07-10 18:10:52,29.997,-0.502,34.511,2.533,0.301,350.23,25.007,41.922,1026.103,93.71,1.903,23.177,0,none,0.58,0.594,0.746,0.45,MEDIUM,SYNTHETIC_DEMO_DATA
1573,Goa Coast,15.51935,73.7999,2025-07-10 21:05:43,29.44,-0.059,32.597,1.983,0.952,290.86,14.192,49.22,990.218,51.167,2.92,26.395,0,none,0.767,0.605,0.743,0.287,LOW,SYNTHETIC_DEMO_DATA
1574,Andaman & Nicobar,11.65179,92.55168,2025-07-11 00:00:34,31.129,0.83,30.894,1.655,1.076,194.13,16.572,33.277,1013.469,71.856,2.535,19.794,0,none,0.753,0.823,0.611,0.341,MEDIUM,SYNTHETIC_DEMO_DATA
1575,Odisha Coast,20.15647,85.70467,2025-07-11 02:55:25,29.999,-0.3,27.366,2.269,0.804,209.1,14.861,47.632,1010.342,72.563,2.531,20.39,0,none,0.626,0.72,0.597,0.416,MEDIUM,SYNTHETIC_DEMO_DATA
1576,Chennai Coast,13.4521,79.74762,2025-07-11 05:50:16,30.562,0.063,31.777,1.992,0.452,208.59,18.319,31.752,1009.429,91.214,2.185,15.899,0,none,0.546,0.66,0.662,0.243,LOW,SYNTHETIC_DEMO_DATA
1577,Mumbai Coast,19.08462,73.09361,2025-07-11 08:45:07,30.52,1.221,32.416,2.874,0.825,2.1,22.596,37.591,1014.539,83.556,2.392,21.016,0,none,0.626,0.546,0.514,0.577,MEDIUM,SYNTHETIC_DEMO_DATA
1578,Goa Coast,15.39756,73.96049,2025-07-11 11:39:58,29.5,0.001,31.696,2.064,0.371,344.31,14.793,44.124,1018.944,91.864,2.032,22.375,0,none,0.906,0.841,0.783,0.206,LOW,SYNTHETIC_DEMO_DATA
1579,Odisha Coast,19.89241,85.47797,2025-07-11 14:34:49,30.68,0.381,27.659,2.165,0.579,284.86,19.527,42.355,997.271,87.306,2.65,20.376,1,anticyclonic,0.854,0.763,0.643,0.396,MEDIUM,SYNTHETIC_DEMO_DATA
1580,Gujarat Coast,22.36335,69.69834,2025-07-11 17:29:40,28.341,-0.458,34.466,1.841,0.554,90.23,15.034,33.392,1012.151,81.176,1.84,16.055,0,none,0.748,0.777,0.616,0.393,MEDIUM,SYNTHETIC_DEMO_DATA
1581,Visakhapatnam,17.54668,83.61467,2025-07-11 20:24:31,29.616,-0.183,30.399,2.593,1.036,108.75,19.713,39.81,1009.063,85.143,2.751,24.15,1,cyclonic,0.799,0.826,0.645,0.356,MEDIUM,SYNTHETIC_DEMO_DATA
1582,Visakhapatnam,17.75988,83.18507,2025-07-11 23:19:23,28.749,-1.05,33.529,3.309,0.916,122.58,22.55,38.874,1021.687,78.701,2.093,21.131,0,none,0.654,0.587,0.522,0.492,MEDIUM,SYNTHETIC_DEMO_DATA
1583,Mumbai Coast,19.12159,72.7106,2025-07-12 02:14:14,29.523,0.224,34.3,3.009,0.961,100.9,14.595,41.277,1016.065,81.479,2.464,17.237,1,cyclonic,0.671,0.743,0.729,0.42,MEDIUM,SYNTHETIC_DEMO_DATA
1584,Kerala Coast,10.24275,76.52321,2025-07-12 05:09:05,29.434,-0.165,33.543,2.224,0.818,195.35,14.843,55.817,1013.347,76.687,2.219,25.083,0,none,0.677,0.694,0.562,0.348,MEDIUM,SYNTHETIC_DEMO_DATA
1585,Gujarat Coast,22.29915,69.78477,2025-07-12 08:03:56,28.844,0.045,34.944,1.876,1.073,291.47,13.327,43.995,1010.934,65.894,2.468,21.601,0,none,0.613,0.792,0.782,0.246,LOW,SYNTHETIC_DEMO_DATA
1586,Chennai Coast,13.09364,79.95511,2025-07-12 10:58:47,31.874,1.375,32.482,1.96,0.78,140.4,18.299,29.186,1005.516,56.302,1.922,17.465,0,none,0.483,0.508,0.587,0.496,MEDIUM,SYNTHETIC_DEMO_DATA
1587,Andaman & Nicobar,11.72367,92.56592,2025-07-12 13:53:38,31.149,0.85,30.751,2.34,0.644,103.24,14.535,40.736,998.672,87.694,2.604,21.029,0,none,0.611,0.609,0.65,0.448,MEDIUM,SYNTHETIC_DEMO_DATA
1588,Sundarbans,22.11721,89.38415,2025-07-12 16:48:29,30.139,0.64,19.117,1.124,0.489,251.62,8.474,45.02,1006.328,90.887,2.202,16.031,0,none,0.669,0.634,0.604,0.418,MEDIUM,SYNTHETIC_DEMO_DATA
1589,Andaman & Nicobar,11.8811,92.65981,2025-07-12 19:43:20,30.032,-0.267,31.408,2.43,0.333,155.58,15.338,69.335,1009.956,85.613,3.294,29.767,0,none,0.776,0.708,0.668,0.392,MEDIUM,SYNTHETIC_DEMO_DATA
1590,Sundarbans,21.92114,89.48216,2025-07-12 22:38:11,29.497,-0.002,21.359,3.086,0.869,248.01,21.229,50.653,1002.058,100.0,2.514,23.826,0,none,0.625,0.704,0.73,0.414,MEDIUM,SYNTHETIC_DEMO_DATA
1591,Goa Coast,15.63506,73.52655,2025-07-13 01:33:02,30.346,0.847,31.574,2.261,0.528,6.5,15.27,33.564,1020.505,73.106,2.56,14.751,0,none,0.544,0.635,0.582,0.429,MEDIUM,SYNTHETIC_DEMO_DATA
1592,Chennai Coast,13.03298,80.50319,2025-07-13 04:27:53,29.84,-0.659,30.95,2.258,0.866,3.04,22.132,33.917,1001.666,62.439,2.393,18.881,0,none,0.563,0.603,0.481,0.442,MEDIUM,SYNTHETIC_DEMO_DATA
1593,Chennai Coast,12.74219,80.02998,2025-07-13 07:22:44,30.415,-0.084,33.76,2.305,0.529,199.56,16.356,27.979,1008.487,88.738,2.513,19.532,0,none,0.678,0.76,0.694,0.322,MEDIUM,SYNTHETIC_DEMO_DATA
1594,Sundarbans,21.85707,89.22806,2025-07-13 10:17:35,29.329,-0.17,20.377,1.111,0.599,343.39,9.846,34.334,1023.775,87.985,2.373,16.46,1,anticyclonic,0.461,0.838,0.618,0.363,MEDIUM,SYNTHETIC_DEMO_DATA
1595,Goa Coast,15.51037,73.87818,2025-07-13 13:12:26,30.02,0.521,31.943,2.904,0.527,242.58,17.328,42.384,998.036,100.0,2.584,19.526,0,none,0.606,0.798,0.613,0.428,MEDIUM,SYNTHETIC_DEMO_DATA
1596,Odisha Coast,20.08203,85.78595,2025-07-13 16:07:17,31.53,1.231,29.609,3.393,0.845,283.02,25.242,42.532,1025.422,79.194,1.982,19.279,1,anticyclonic,0.569,0.672,0.51,0.582,MEDIUM,SYNTHETIC_DEMO_DATA
1597,Gujarat Coast,22.7136,69.33386,2025-07-13 19:02:08,28.847,0.048,33.107,2.171,0.747,148.39,14.045,36.88,1003.046,63.654,2.698,16.422,0,none,0.595,0.577,0.785,0.331,MEDIUM,SYNTHETIC_DEMO_DATA
1598,Goa Coast,15.69931,73.80594,2025-07-13 21:56:59,28.718,-0.781,32.089,2.888,0.693,321.5,22.136,48.448,1007.566,79.814,2.996,23.07,0,none,0.705,0.644,0.61,0.401,MEDIUM,SYNTHETIC_DEMO_DATA
1599,Andaman & Nicobar,11.9218,92.95253,2025-07-14 00:51:51,30.711,0.412,30.588,2.423,1.127,194.92,22.614,47.31,1000.894,73.131,2.523,25.028,1,cyclonic,0.692,0.695,0.659,0.459,MEDIUM,SYNTHETIC_DEMO_DATA
1600,Goa Coast,15.40205,73.87051,2025-07-14 03:46:42,30.273,0.774,33.723,1.27,0.409,164.36,9.926,46.735,990.866,71.734,2.443,20.135,1,cyclonic,0.803,0.556,0.529,0.507,MEDIUM,SYNTHETIC_DEMO_DATA
1601,Chennai Coast,13.14358,80.11445,2025-07-14 06:41:33,29.95,-0.55,31.957,3.2,1.141,187.98,22.555,34.244,1021.481,80.489,2.543,17.368,1,cyclonic,0.768,0.723,0.622,0.418,MEDIUM,SYNTHETIC_DEMO_DATA
1602,Goa Coast,15.56414,73.60463,2025-07-14 09:36:24,29.069,-0.43,30.699,2.693,0.539,51.01,18.837,42.726,1004.655,73.328,2.231,20.279,1,anticyclonic,0.633,0.623,0.664,0.428,MEDIUM,SYNTHETIC_DEMO_DATA
1603,Andaman & Nicobar,11.99415,92.62647,2025-07-14 12:31:15,31.469,1.17,30.918,2.476,0.88,191.0,17.655,42.178,1009.963,73.28,2.395,18.371,1,cyclonic,0.671,0.45,0.532,0.544,MEDIUM,SYNTHETIC_DEMO_DATA
1604,Chennai Coast,13.01654,80.22046,2025-07-14 15:26:06,29.793,-0.706,33.91,2.042,0.555,350.22,11.998,41.979,1010.823,81.172,2.1,16.659,0,none,0.692,0.765,0.677,0.36,MEDIUM,SYNTHETIC_DEMO_DATA
1605,Odisha Coast,20.00728,85.49221,2025-07-14 18:20:57,28.872,-1.427,26.208,2.163,0.639,206.21,16.515,39.66,1013.209,78.015,2.339,17.17,1,anticyclonic,0.787,0.606,0.586,0.652,HIGH,SYNTHETIC_DEMO_DATA
1606,Andaman & Nicobar,11.70843,92.66519,2025-07-14 21:15:48,30.115,-0.184,29.15,2.48,0.726,279.62,19.963,41.004,1015.938,86.466,3.012,21.039,0,none,0.665,0.663,0.744,0.241,LOW,SYNTHETIC_DEMO_DATA
1607,Odisha Coast,19.58724,85.91278,2025-07-15 00:10:39,30.825,0.526,28.082,1.27,0.898,318.4,9.254,51.794,993.68,75.51,2.234,22.97,1,cyclonic,0.656,0.639,0.623,0.494,MEDIUM,SYNTHETIC_DEMO_DATA
1608,Mumbai Coast,19.07422,72.68468,2025-07-15 03:05:30,29.78,0.481,32.931,2.065,0.771,225.87,21.073,57.173,1003.865,84.755,2.807,25.113,0,none,0.985,0.702,0.65,0.408,MEDIUM,SYNTHETIC_DEMO_DATA
1609,Visakhapatnam,17.86922,83.49168,2025-07-15 06:00:21,30.697,0.898,29.827,1.328,0.906,75.19,11.526,38.749,1003.213,83.4,2.631,16.133,0,none,0.816,0.615,0.539,0.476,MEDIUM,SYNTHETIC_DEMO_DATA
1610,Odisha Coast,19.86666,85.96594,2025-07-15 08:55:12,30.964,0.665,28.61,2.553,0.943,149.21,16.467,42.511,1002.969,86.445,2.323,20.493,0,none,0.705,0.759,0.487,0.433,MEDIUM,SYNTHETIC_DEMO_DATA
1611,Goa Coast,15.38634,73.88035,2025-07-15 11:50:03,29.601,0.102,29.916,2.126,0.85,127.91,16.993,46.422,997.767,88.487,2.822,19.564,0,none,0.667,0.777,0.696,0.261,LOW,SYNTHETIC_DEMO_DATA
1612,Odisha Coast,19.91157,85.83816,2025-07-15 14:44:54,31.419,1.12,30.114,1.905,0.575,203.51,15.482,45.884,1000.109,100.0,2.708,24.603,1,anticyclonic,0.691,0.504,0.546,0.581,MEDIUM,SYNTHETIC_DEMO_DATA
1613,Gujarat Coast,22.29726,69.06303,2025-07-15 17:39:45,28.83,0.031,35.449,1.898,0.679,329.59,16.775,27.863,997.64,61.177,2.226,11.859,1,cyclonic,0.487,0.795,0.797,0.28,LOW,SYNTHETIC_DEMO_DATA
1614,Gujarat Coast,22.39244,69.53478,2025-07-15 20:34:36,28.768,-0.031,35.188,2.626,0.754,188.43,12.885,41.906,1008.388,82.804,2.746,18.207,0,none,0.6,0.896,0.766,0.231,LOW,SYNTHETIC_DEMO_DATA
1615,Sundarbans,22.41389,88.99432,2025-07-15 23:29:27,30.163,0.664,22.652,1.467,0.05,74.32,10.517,45.485,1007.19,82.739,3.167,19.806,0,none,0.713,0.732,0.604,0.494,MEDIUM,SYNTHETIC_DEMO_DATA
1616,Odisha Coast,19.77788,86.11292,2025-07-16 02:24:19,30.088,-0.211,27.587,1.068,0.862,1.49,8.307,33.959,1015.917,74.917,2.324,14.232,0,none,0.732,0.675,0.753,0.304,MEDIUM,SYNTHETIC_DEMO_DATA
1617,Goa Coast,15.33169,74.24061,2025-07-16 05:19:10,28.574,-0.926,31.268,1.831,0.54,293.2,14.046,43.862,1008.648,72.529,2.14,19.123,0,none,0.765,0.693,0.649,0.45,MEDIUM,SYNTHETIC_DEMO_DATA
1618,Mumbai Coast,18.88334,73.11445,2025-07-16 08:14:01,29.413,0.114,33.619,1.774,0.817,118.24,11.521,41.985,1011.63,84.231,2.649,20.744,0,none,0.665,0.712,0.567,0.298,LOW,SYNTHETIC_DEMO_DATA
1619,Odisha Coast,19.70609,86.2516,2025-07-16 11:08:52,30.755,0.456,27.627,2.502,0.932,266.97,19.209,40.195,1004.282,69.568,2.254,17.218,0,none,0.882,0.742,0.504,0.402,MEDIUM,SYNTHETIC_DEMO_DATA
1620,Lakshadweep,10.54632,72.59179,2025-07-16 14:03:43,29.645,-0.154,35.941,1.331,0.867,122.59,10.393,32.251,1026.696,83.882,1.754,18.412,1,cyclonic,0.594,0.534,0.683,0.332,MEDIUM,SYNTHETIC_DEMO_DATA
1621,Visakhapatnam,17.8702,83.51472,2025-07-16 16:58:34,29.367,-0.432,31.562,1.699,0.503,243.5,16.345,50.197,1002.709,71.127,2.851,21.914,0,none,0.724,0.548,0.706,0.336,MEDIUM,SYNTHETIC_DEMO_DATA
1622,Sundarbans,21.90027,89.04177,2025-07-16 19:53:25,29.459,-0.04,19.883,2.921,0.873,267.36,18.666,52.356,1012.148,78.494,2.834,25.234,0,none,0.79,0.744,0.652,0.409,MEDIUM,SYNTHETIC_DEMO_DATA
1623,Lakshadweep,10.38297,72.36276,2025-07-16 22:48:16,28.086,-1.713,30.347,1.999,0.468,264.94,13.951,31.394,1009.023,70.277,2.664,18.225,1,anticyclonic,0.488,0.599,0.571,0.648,HIGH,SYNTHETIC_DEMO_DATA
1624,Sundarbans,21.86248,88.95298,2025-07-17 01:43:07,29.716,0.217,17.792,2.453,0.686,311.05,19.495,58.868,1014.288,78.952,2.41,28.315,0,none,0.747,0.614,0.675,0.397,MEDIUM,SYNTHETIC_DEMO_DATA
1625,Mumbai Coast,19.06509,72.61082,2025-07-17 04:37:58,29.275,-0.024,32.472,2.383,0.39,28.43,21.781,42.729,1012.495,83.059,2.868,25.394,1,anticyclonic,0.821,0.79,0.73,0.362,MEDIUM,SYNTHETIC_DEMO_DATA
1626,Lakshadweep,10.8872,72.41706,2025-07-17 07:32:49,30.775,0.976,32.405,2.293,0.357,226.28,17.741,27.688,1002.405,65.774,2.474,18.777,1,anticyclonic,0.67,0.61,0.614,0.49,MEDIUM,SYNTHETIC_DEMO_DATA
1627,Mumbai Coast,18.68446,72.60792,2025-07-17 10:27:40,30.093,0.794,33.375,1.793,0.785,81.56,10.891,45.851,998.444,78.416,2.631,20.006,1,anticyclonic,0.837,0.675,0.667,0.449,MEDIUM,SYNTHETIC_DEMO_DATA
1628,Mumbai Coast,19.19933,72.62055,2025-07-17 13:22:31,30.116,0.817,33.649,2.883,0.695,60.78,21.471,56.311,993.138,79.876,2.928,27.702,0,none,0.895,0.826,0.647,0.452,MEDIUM,SYNTHETIC_DEMO_DATA
1629,Chennai Coast,12.90016,80.40352,2025-07-17 16:17:22,30.775,0.276,32.869,2.763,0.762,24.29,22.018,50.324,1009.636,78.713,2.722,30.729,0,none,0.758,0.771,0.682,0.313,MEDIUM,SYNTHETIC_DEMO_DATA
1630,Odisha Coast,19.66889,85.65492,2025-07-17 19:12:13,29.398,-0.901,27.045,1.968,0.785,231.69,19.142,51.276,1004.926,87.416,2.892,21.783,0,none,0.769,0.706,0.588,0.439,MEDIUM,SYNTHETIC_DEMO_DATA
1631,Mumbai Coast,18.86184,72.7252,2025-07-17 22:07:04,27.925,-1.374,32.328,2.784,0.747,240.74,16.361,45.637,1020.877,80.907,2.786,21.173,0,none,0.703,0.598,0.566,0.538,MEDIUM,SYNTHETIC_DEMO_DATA
1632,Andaman & Nicobar,11.68076,92.66899,2025-07-18 01:01:55,30.544,0.245,29.803,1.814,0.575,310.2,16.541,37.781,1012.715,67.207,2.004,14.92,0,none,0.795,0.731,0.748,0.252,LOW,SYNTHETIC_DEMO_DATA
1633,Sundarbans,21.92981,89.23465,2025-07-18 03:56:47,29.865,0.366,18.16,2.241,1.098,8.47,16.761,35.316,1012.781,70.512,1.642,15.927,0,none,0.586,0.659,0.534,0.413,MEDIUM,SYNTHETIC_DEMO_DATA
1634,Andaman & Nicobar,11.60215,92.53365,2025-07-18 06:51:38,29.991,-0.308,29.531,1.515,0.79,347.51,7.992,56.931,994.103,89.009,2.96,23.406,1,anticyclonic,0.858,0.816,0.662,0.343,MEDIUM,SYNTHETIC_DEMO_DATA
1635,Kerala Coast,9.88289,76.14652,2025-07-18 09:46:29,29.539,-0.06,31.845,2.718,0.967,247.59,15.509,42.496,1012.207,71.954,2.378,23.035,1,anticyclonic,0.697,0.629,0.646,0.318,MEDIUM,SYNTHETIC_DEMO_DATA
1636,Mumbai Coast,18.90036,72.70474,2025-07-18 12:41:20,30.651,1.352,34.303,1.661,0.989,15.46,10.07,43.813,1014.124,90.064,2.38,19.475,0,none,0.657,0.608,0.618,0.528,MEDIUM,SYNTHETIC_DEMO_DATA
1637,Odisha Coast,19.91676,85.92497,2025-07-18 15:36:11,30.684,0.385,29.025,2.519,0.853,199.34,20.782,44.278,1007.214,70.931,2.416,21.862,1,cyclonic,0.697,0.727,0.62,0.423,MEDIUM,SYNTHETIC_DEMO_DATA
1638,Gujarat Coast,22.12414,69.62005,2025-07-18 18:31:02,28.655,-0.144,34.902,3.325,0.556,101.9,23.368,30.863,1008.671,79.181,2.379,13.684,1,anticyclonic,0.54,0.781,0.588,0.372,MEDIUM,SYNTHETIC_DEMO_DATA
1639,Odisha Coast,19.73429,85.79105,2025-07-18 21:25:53,30.065,-0.234,29.025,1.716,0.889,63.61,12.236,39.609,1004.932,88.766,1.986,17.98,1,cyclonic,0.649,0.68,0.709,0.424,MEDIUM,SYNTHETIC_DEMO_DATA
1640,Visakhapatnam,17.8151,83.24586,2025-07-19 00:20:44,30.934,1.135,32.083,0.876,0.585,299.81,8.629,50.972,999.025,79.17,3.087,22.774,1,cyclonic,0.78,0.633,0.603,0.589,MEDIUM,SYNTHETIC_DEMO_DATA
1641,Goa Coast,15.25298,74.14777,2025-07-19 03:15:35,29.763,0.264,31.024,2.757,1.07,45.01,21.101,43.952,1009.965,99.838,2.344,16.73,1,cyclonic,0.81,0.569,0.706,0.371,MEDIUM,SYNTHETIC_DEMO_DATA
1642,Sundarbans,22.36897,89.17711,2025-07-19 06:10:26,28.61,-0.889,18.621,2.55,0.842,150.65,17.625,51.565,1008.63,100.0,3.149,23.986,0,none,0.842,0.672,0.616,0.51,MEDIUM,SYNTHETIC_DEMO_DATA
1643,Kerala Coast,9.68834,76.40447,2025-07-19 09:05:17,29.415,-0.184,31.005,2.328,0.5,100.17,24.076,54.389,997.119,84.753,2.634,24.676,0,none,0.781,0.608,0.686,0.295,LOW,SYNTHETIC_DEMO_DATA
1644,Mumbai Coast,18.67997,72.90273,2025-07-19 12:00:08,30.198,0.899,31.968,2.09,0.551,340.67,15.52,35.93,997.257,81.658,2.446,16.359,0,none,0.707,0.744,0.646,0.409,MEDIUM,SYNTHETIC_DEMO_DATA
1645,Odisha Coast,19.70622,86.01506,2025-07-19 14:54:59,30.616,0.316,29.315,1.813,0.381,66.33,12.739,38.062,1019.775,85.839,2.009,18.805,0,none,0.533,0.665,0.634,0.362,MEDIUM,SYNTHETIC_DEMO_DATA
1646,Visakhapatnam,17.77053,83.34439,2025-07-19 17:49:50,29.331,-0.468,29.951,2.913,0.902,118.79,21.349,32.308,1007.66,100.0,2.979,18.644,1,anticyclonic,0.667,0.735,0.696,0.399,MEDIUM,SYNTHETIC_DEMO_DATA
1647,Chennai Coast,13.23527,79.62265,2025-07-19 20:44:41,31.281,0.782,32.421,1.794,0.373,298.24,14.124,36.451,1006.061,77.712,2.155,16.834,1,cyclonic,0.666,0.543,0.501,0.457,MEDIUM,SYNTHETIC_DEMO_DATA
1648,Gujarat Coast,22.2106,69.62685,2025-07-19 23:39:32,29.087,0.288,35.035,2.368,0.603,54.58,19.17,27.176,992.572,77.951,1.831,18.897,0,none,0.43,0.643,0.577,0.308,MEDIUM,SYNTHETIC_DEMO_DATA
1649,Lakshadweep,10.72841,72.73466,2025-07-20 02:34:23,29.861,0.062,32.201,2.109,0.665,186.49,11.573,40.108,1010.475,66.301,2.377,20.01,1,anticyclonic,0.616,0.75,0.745,0.298,LOW,SYNTHETIC_DEMO_DATA
1650,Andaman & Nicobar,11.66917,92.69488,2025-07-20 05:29:14,31.847,1.548,30.101,2.452,1.137,34.59,16.406,41.09,999.211,98.833,2.782,14.954,1,anticyclonic,0.704,0.848,0.508,0.553,MEDIUM,SYNTHETIC_DEMO_DATA
1651,Odisha Coast,20.07845,86.08749,2025-07-20 08:24:06,30.239,-0.06,27.851,2.298,1.214,206.13,14.872,53.768,1006.482,59.348,2.993,27.28,1,anticyclonic,0.909,0.827,0.698,0.324,MEDIUM,SYNTHETIC_DEMO_DATA
1652,Sundarbans,22.16867,89.25563,2025-07-20 11:18:57,29.12,-0.379,19.88,2.099,0.899,142.08,18.568,53.621,1011.598,100.0,2.893,23.418,0,none,0.836,0.749,0.513,0.452,MEDIUM,SYNTHETIC_DEMO_DATA
1653,Sundarbans,21.88933,89.09714,2025-07-20 14:13:48,28.099,-1.4,18.894,1.849,0.807,338.87,16.773,38.983,1004.697,97.028,2.023,20.915,1,anticyclonic,0.611,0.466,0.559,0.693,HIGH,SYNTHETIC_DEMO_DATA
1654,Mumbai Coast,18.91427,72.84408,2025-07-20 17:08:39,29.053,-0.246,33.408,1.234,0.959,154.56,6.704,34.95,994.411,80.201,1.791,16.231,0,none,0.528,0.573,0.685,0.258,LOW,SYNTHETIC_DEMO_DATA
1655,Odisha Coast,19.84577,85.76274,2025-07-20 20:03:30,29.612,-0.687,26.636,2.421,1.27,279.15,21.183,52.389,1016.635,87.572,3.426,25.281,0,none,0.913,0.674,0.627,0.486,MEDIUM,SYNTHETIC_DEMO_DATA
1656,Visakhapatnam,17.59114,83.25727,2025-07-20 22:58:21,31.241,1.442,29.933,1.81,1.118,217.19,13.867,50.8,1018.471,77.614,2.484,25.49,0,none,0.684,0.631,0.438,0.521,MEDIUM,SYNTHETIC_DEMO_DATA
1657,Andaman & Nicobar,11.41583,93.00246,2025-07-21 01:53:12,29.195,-1.104,29.559,1.897,0.739,172.87,14.552,39.916,1000.561,98.394,2.869,18.028,1,cyclonic,0.648,0.568,0.492,0.539,MEDIUM,SYNTHETIC_DEMO_DATA
1658,Andaman & Nicobar,11.53983,92.63343,2025-07-21 04:48:03,31.314,1.015,29.446,1.235,1.206,320.09,11.128,35.764,1017.991,100.0,2.477,14.416,1,cyclonic,0.65,0.729,0.562,0.48,MEDIUM,SYNTHETIC_DEMO_DATA
1659,Andaman & Nicobar,11.47665,92.63748,2025-07-21 07:42:54,30.372,0.073,29.842,1.405,0.769,148.76,11.246,57.159,1009.599,93.311,3.276,21.765,0,none,0.816,0.688,0.674,0.237,LOW,SYNTHETIC_DEMO_DATA
1660,Visakhapatnam,17.77959,83.49621,2025-07-21 10:37:45,28.225,-1.574,30.078,1.003,0.729,176.62,9.779,38.847,1001.586,84.367,2.503,15.617,0,none,0.82,0.808,0.578,0.497,MEDIUM,SYNTHETIC_DEMO_DATA
1661,Gujarat Coast,22.31245,69.57035,2025-07-21 13:32:36,28.901,0.102,34.008,2.893,1.395,355.75,20.381,37.721,1022.289,75.157,2.718,21.644,1,anticyclonic,0.576,0.745,0.485,0.433,MEDIUM,SYNTHETIC_DEMO_DATA
1662,Gujarat Coast,22.41021,69.49063,2025-07-21 16:27:27,28.302,-0.497,34.242,2.205,0.56,114.36,16.928,13.64,1012.692,74.653,0.809,10.609,0,none,0.529,0.764,0.617,0.38,MEDIUM,SYNTHETIC_DEMO_DATA
1663,Odisha Coast,19.54279,85.83563,2025-07-21 19:22:18,30.19,-0.109,28.644,2.965,0.621,227.89,24.293,51.033,1023.029,100.0,3.226,29.271,0,none,0.797,0.755,0.693,0.366,MEDIUM,SYNTHETIC_DEMO_DATA
1664,Mumbai Coast,19.1101,72.97859,2025-07-21 22:17:09,27.827,-1.472,32.373,2.722,0.57,23.46,20.767,35.897,1017.714,84.528,2.375,20.88,1,cyclonic,0.564,0.526,0.51,0.67,HIGH,SYNTHETIC_DEMO_DATA
1665,Mumbai Coast,19.08841,73.11446,2025-07-22 01:12:00,28.689,-0.61,32.386,2.776,0.621,333.9,15.219,35.76,1025.73,72.024,1.595,19.323,0,none,0.643,0.811,0.601,0.369,MEDIUM,SYNTHETIC_DEMO_DATA
1666,Chennai Coast,13.58357,80.12769,2025-07-22 04:06:51,32.284,1.785,31.004,2.781,0.48,324.78,23.888,26.256,1009.494,81.964,1.459,14.674,1,anticyclonic,0.427,0.424,0.505,0.592,MEDIUM,SYNTHETIC_DEMO_DATA
1667,Goa Coast,15.5355,74.09791,2025-07-22 07:01:42,29.608,0.109,31.241,1.586,0.885,310.65,13.883,47.336,1010.408,68.815,2.185,19.269,0,none,0.766,0.762,0.702,0.265,LOW,SYNTHETIC_DEMO_DATA
1668,Gujarat Coast,22.57436,69.23686,2025-07-22 09:56:34,29.386,0.587,35.842,1.521,0.977,91.83,14.459,41.172,1012.73,88.386,3.106,18.993,0,none,0.843,0.722,0.62,0.371,MEDIUM,SYNTHETIC_DEMO_DATA
1669,Mumbai Coast,19.01091,72.69723,2025-07-22 12:51:25,29.31,0.011,33.707,2.971,1.18,263.4,21.435,48.243,1009.025,100.0,2.666,19.054,1,cyclonic,0.714,0.663,0.713,0.379,MEDIUM,SYNTHETIC_DEMO_DATA
1670,Goa Coast,15.39126,73.7643,2025-07-22 15:46:16,30.505,1.006,30.749,1.772,1.033,223.55,12.028,36.415,1007.198,85.222,2.204,21.356,0,none,0.689,0.765,0.562,0.462,MEDIUM,SYNTHETIC_DEMO_DATA
1671,Goa Coast,15.54493,73.6728,2025-07-22 18:41:07,30.025,0.526,32.933,2.637,1.02,333.4,15.959,40.835,997.439,87.717,2.688,19.232,0,none,0.653,0.641,0.678,0.296,LOW,SYNTHETIC_DEMO_DATA
1672,Mumbai Coast,18.48201,72.95868,2025-07-22 21:35:58,27.963,-1.336,32.032,2.201,0.754,16.42,19.343,42.732,1021.195,70.526,2.558,22.094,1,cyclonic,0.705,0.655,0.419,0.635,HIGH,SYNTHETIC_DEMO_DATA
1673,Visakhapatnam,17.69444,82.97986,2025-07-23 00:30:49,30.502,0.703,31.796,2.394,0.754,206.97,22.188,34.667,1003.085,85.594,1.794,17.574,0,none,0.609,0.752,0.705,0.312,MEDIUM,SYNTHETIC_DEMO_DATA
1674,Goa Coast,15.35678,74.00055,2025-07-23 03:25:40,28.032,-1.467,32.249,2.332,0.669,337.35,13.924,47.632,1004.298,84.895,2.873,25.874,1,anticyclonic,0.809,0.684,0.421,0.608,HIGH,SYNTHETIC_DEMO_DATA
1675,Goa Coast,15.17256,73.68969,2025-07-23 06:20:31,29.363,-0.136,33.556,2.695,0.998,354.11,19.444,39.944,991.958,97.831,2.389,18.36,0,none,0.746,0.84,0.671,0.228,LOW,SYNTHETIC_DEMO_DATA
1676,Lakshadweep,10.58466,72.46957,2025-07-23 09:15:22,29.529,-0.27,34.542,2.537,0.706,81.88,20.359,33.377,1013.215,90.355,1.439,12.9,0,none,0.429,0.645,0.703,0.296,LOW,SYNTHETIC_DEMO_DATA
1677,Odisha Coast,19.81423,85.81783,2025-07-23 12:10:13,31.129,0.83,29.416,2.451,0.691,324.4,20.17,40.693,1007.33,81.257,2.648,15.61,0,none,0.722,0.796,0.666,0.461,MEDIUM,SYNTHETIC_DEMO_DATA
1678,Kerala Coast,9.81158,76.01292,2025-07-23 15:05:04,28.927,-0.672,32.356,1.553,0.687,347.91,7.414,51.18,1004.162,70.522,3.58,21.451,1,cyclonic,0.934,0.83,0.58,0.396,MEDIUM,SYNTHETIC_DEMO_DATA
1679,Lakshadweep,10.32591,72.50601,2025-07-23 17:59:55,30.059,0.26,33.856,1.637,1.18,313.46,8.854,37.566,1005.649,78.896,1.956,18.765,0,none,0.646,0.737,0.733,0.275,LOW,SYNTHETIC_DEMO_DATA
1680,Mumbai Coast,19.1608,73.0349,2025-07-23 20:54:46,29.104,-0.195,32.923,1.954,0.748,147.3,14.41,38.775,1008.81,73.221,2.541,20.567,0,none,0.796,0.887,0.699,0.267,LOW,SYNTHETIC_DEMO_DATA
1681,Lakshadweep,10.77926,72.73407,2025-07-23 23:49:37,30.09,0.291,33.321,2.889,1.093,215.76,21.84,36.314,1002.618,72.789,2.953,19.428,0,none,0.548,0.688,0.694,0.326,MEDIUM,SYNTHETIC_DEMO_DATA
1682,Sundarbans,21.74259,89.17826,2025-07-24 02:44:28,28.847,-0.652,17.265,2.492,0.81,327.54,17.261,49.772,999.26,85.371,2.939,22.155,1,anticyclonic,0.824,0.592,0.614,0.478,MEDIUM,SYNTHETIC_DEMO_DATA
1683,Sundarbans,21.78622,89.57101,2025-07-24 05:39:19,30.113,0.614,18.605,1.027,1.0,129.44,5.287,39.816,1015.32,73.877,2.432,18.147,0,none,0.694,0.732,0.766,0.482,MEDIUM,SYNTHETIC_DEMO_DATA
1684,Goa Coast,15.58267,73.80792,2025-07-24 08:34:10,30.365,0.866,29.966,1.781,0.594,330.29,15.839,45.527,995.659,82.823,2.527,27.778,0,none,0.706,0.625,0.518,0.557,MEDIUM,SYNTHETIC_DEMO_DATA
1685,Chennai Coast,13.22994,80.17877,2025-07-24 11:29:02,30.299,-0.2,30.213,1.76,0.831,23.04,18.283,46.469,1008.746,81.433,2.413,24.652,1,cyclonic,0.7,0.775,0.65,0.418,MEDIUM,SYNTHETIC_DEMO_DATA
1686,Mumbai Coast,19.10115,72.90195,2025-07-24 14:23:53,30.852,1.553,29.081,2.271,0.38,180.87,15.636,53.399,994.585,89.681,3.163,24.765,1,cyclonic,0.818,0.688,0.475,0.622,HIGH,SYNTHETIC_DEMO_DATA
1687,Kerala Coast,9.68912,76.53239,2025-07-24 17:18:44,29.36,-0.239,31.539,1.023,1.383,302.38,4.892,47.6,1012.529,78.692,2.779,22.995,1,anticyclonic,0.831,0.787,0.675,0.39,MEDIUM,SYNTHETIC_DEMO_DATA
1688,Kerala Coast,9.84597,76.28169,2025-07-24 20:13:35,30.184,0.585,33.394,1.455,0.833,315.02,12.68,42.165,988.394,88.02,2.3,22.123,0,none,0.634,0.662,0.623,0.34,MEDIUM,SYNTHETIC_DEMO_DATA
1689,Lakshadweep,10.46771,72.67206,2025-07-24 23:08:26,29.442,-0.357,31.484,1.484,0.606,297.93,12.775,49.264,1011.979,77.577,2.344,20.888,1,anticyclonic,0.751,0.638,0.594,0.411,MEDIUM,SYNTHETIC_DEMO_DATA
1690,Sundarbans,21.92081,89.29929,2025-07-25 02:03:17,30.332,0.833,19.738,2.675,0.374,77.48,21.229,57.792,996.418,85.05,2.589,26.948,0,none,0.639,0.573,0.532,0.553,MEDIUM,SYNTHETIC_DEMO_DATA
1691,Goa Coast,15.77392,73.94569,2025-07-25 04:58:08,30.293,0.794,34.522,2.184,0.649,307.36,9.552,31.076,1007.379,81.284,1.693,17.087,0,none,0.455,0.548,0.55,0.425,MEDIUM,SYNTHETIC_DEMO_DATA
1692,Andaman & Nicobar,11.99612,92.66255,2025-07-25 07:52:59,29.859,-0.44,32.415,0.882,0.523,284.72,6.658,39.689,1012.492,82.265,2.49,17.285,0,none,0.738,0.712,0.643,0.316,MEDIUM,SYNTHETIC_DEMO_DATA
1693,Gujarat Coast,22.26194,69.60945,2025-07-25 10:47:50,29.879,1.08,32.718,2.446,0.651,123.8,17.693,39.077,1011.343,72.278,2.447,22.01,0,none,0.761,0.586,0.593,0.484,MEDIUM,SYNTHETIC_DEMO_DATA
1694,Chennai Coast,13.08389,80.25972,2025-07-25 13:42:41,30.685,0.186,32.144,2.116,0.627,327.46,13.646,44.028,1033.065,66.422,3.144,19.636,0,none,0.731,0.672,0.585,0.35,MEDIUM,SYNTHETIC_DEMO_DATA
1695,Odisha Coast,19.68544,85.67057,2025-07-25 16:37:32,29.69,-0.609,29.158,2.135,0.774,7.45,18.522,37.295,1009.19,81.639,2.869,15.055,1,cyclonic,0.75,0.881,0.741,0.41,MEDIUM,SYNTHETIC_DEMO_DATA
1696,Gujarat Coast,22.15834,69.48989,2025-07-25 19:32:23,29.292,0.493,34.353,2.257,0.969,115.62,15.159,20.574,1015.649,84.747,2.425,13.781,0,none,0.53,0.533,0.617,0.338,MEDIUM,SYNTHETIC_DEMO_DATA
1697,Kerala Coast,10.11617,76.4257,2025-07-25 22:27:14,31.355,1.756,32.265,2.986,0.607,189.59,23.131,52.744,1003.257,86.069,3.402,22.729,0,none,0.9,0.48,0.573,0.652,HIGH,SYNTHETIC_DEMO_DATA
1698,Odisha Coast,19.55582,85.9029,2025-07-26 01:22:05,29.348,-0.951,29.535,2.251,0.828,51.53,15.975,38.42,1004.88,71.056,2.085,19.492,0,none,0.721,0.612,0.486,0.45,MEDIUM,SYNTHETIC_DEMO_DATA
1699,Chennai Coast,12.95316,80.29154,2025-07-26 04:16:56,31.705,1.206,31.866,2.4,0.606,334.65,17.742,37.947,1011.638,69.026,2.164,24.603,1,anticyclonic,0.614,0.501,0.516,0.632,HIGH,SYNTHETIC_DEMO_DATA
1700,Lakshadweep,10.54004,72.62071,2025-07-26 07:11:47,29.797,-0.002,31.773,2.78,0.578,345.14,20.238,40.744,1019.726,85.066,2.999,21.172,1,anticyclonic,0.675,0.856,0.686,0.273,LOW,SYNTHETIC_DEMO_DATA
1701,Visakhapatnam,17.80103,83.13039,2025-07-26 10:06:38,28.808,-0.991,33.068,2.168,0.553,345.43,13.715,31.976,1004.164,66.466,2.002,17.611,0,none,0.759,0.671,0.671,0.405,MEDIUM,SYNTHETIC_DEMO_DATA
1702,Odisha Coast,20.00437,85.79996,2025-07-26 13:01:30,30.176,-0.123,29.248,1.7,1.125,304.72,13.391,25.757,1010.997,91.431,1.266,12.931,0,none,0.516,0.652,0.728,0.246,LOW,SYNTHETIC_DEMO_DATA
1703,Gujarat Coast,22.45898,69.52354,2025-07-26 15:56:21,29.732,0.933,36.02,2.121,0.709,61.38,15.165,26.348,1006.68,82.968,1.724,10.622,0,none,0.538,0.709,0.594,0.402,MEDIUM,SYNTHETIC_DEMO_DATA
1704,Odisha Coast,19.94096,85.88553,2025-07-26 18:51:12,28.558,-1.741,27.812,2.543,0.522,358.79,16.531,47.578,1014.509,91.632,2.852,22.289,1,cyclonic,0.619,0.511,0.309,0.768,HIGH,SYNTHETIC_DEMO_DATA
1705,Lakshadweep,10.43403,72.54484,2025-07-26 21:46:03,30.815,1.016,33.887,1.529,0.408,252.44,10.358,47.185,995.589,56.466,2.8,28.644,0,none,0.675,0.573,0.339,0.502,MEDIUM,SYNTHETIC_DEMO_DATA
1706,Andaman & Nicobar,11.48434,92.91177,2025-07-27 00:40:54,30.717,0.418,31.126,2.354,0.565,336.19,20.899,36.191,1008.265,82.552,2.697,14.42,0,none,0.722,0.683,0.673,0.269,LOW,SYNTHETIC_DEMO_DATA
1707,Lakshadweep,10.64502,72.62431,2025-07-27 03:35:45,28.478,-1.321,33.685,2.891,0.799,195.27,24.416,39.5,1002.406,80.328,3.237,19.309,1,cyclonic,0.68,0.681,0.535,0.558,MEDIUM,SYNTHETIC_DEMO_DATA
1708,Lakshadweep,10.75047,72.61922,2025-07-27 06:30:36,28.885,-0.914,35.115,1.526,0.269,5.92,5.361,32.584,1006.296,71.957,2.133,14.005,0,none,0.703,0.744,0.732,0.342,MEDIUM,SYNTHETIC_DEMO_DATA
1709,Visakhapatnam,17.39887,83.40426,2025-07-27 09:25:27,30.228,0.429,30.166,2.405,1.497,209.71,20.141,45.417,1002.417,70.505,2.454,24.295,1,cyclonic,0.682,0.644,0.627,0.362,MEDIUM,SYNTHETIC_DEMO_DATA
1710,Visakhapatnam,17.41832,82.9848,2025-07-27 12:20:18,28.586,-1.214,31.928,2.047,0.553,32.37,18.36,42.368,1017.706,61.746,2.294,19.65,0,none,0.746,0.54,0.548,0.545,MEDIUM,SYNTHETIC_DEMO_DATA
1711,Chennai Coast,13.50655,79.99867,2025-07-27 15:15:09,31.104,0.605,32.863,3.027,0.471,36.3,16.049,39.648,1008.038,72.437,2.546,24.94,0,none,0.591,0.668,0.581,0.456,MEDIUM,SYNTHETIC_DEMO_DATA
1712,Kerala Coast,10.1014,76.45807,2025-07-27 18:10:00,28.952,-0.647,30.788,3.158,0.475,60.95,25.022,51.527,1012.488,78.484,2.353,22.955,0,none,0.804,0.64,0.47,0.59,MEDIUM,SYNTHETIC_DEMO_DATA
1713,Andaman & Nicobar,11.96356,92.84646,2025-07-27 21:04:51,31.378,1.079,30.887,2.58,0.469,186.47,17.462,57.023,1006.358,100.0,3.468,30.313,1,cyclonic,1.0,0.707,0.551,0.547,MEDIUM,SYNTHETIC_DEMO_DATA
1714,Goa Coast,15.47329,73.72515,2025-07-27 23:59:42,29.936,0.437,33.924,2.844,0.998,228.73,22.052,35.331,1011.074,89.317,2.087,16.644,1,cyclonic,0.599,0.707,0.648,0.432,MEDIUM,SYNTHETIC_DEMO_DATA
1715,Gujarat Coast,22.37529,69.67912,2025-07-28 02:54:33,28.942,0.143,34.329,2.193,0.995,91.21,15.875,34.715,997.633,65.544,2.096,17.184,0,none,0.718,0.746,0.719,0.271,LOW,SYNTHETIC_DEMO_DATA
1716,Andaman & Nicobar,11.95298,92.94779,2025-07-28 05:49:24,30.661,0.362,28.663,2.676,1.062,119.73,19.004,33.095,1008.489,83.682,2.059,15.502,0,none,0.572,0.608,0.694,0.255,LOW,SYNTHETIC_DEMO_DATA
1717,Gujarat Coast,22.10409,69.49611,2025-07-28 08:44:15,28.256,-0.543,34.732,3.009,1.075,190.59,30.889,41.161,1011.132,69.905,1.902,21.8,0,none,0.658,0.66,0.509,0.437,MEDIUM,SYNTHETIC_DEMO_DATA
1718,Chennai Coast,12.83794,80.1396,2025-07-28 11:39:06,29.981,-0.518,31.179,1.798,0.758,359.6,20.512,40.462,1008.617,71.508,1.929,20.814,1,cyclonic,0.647,0.526,0.589,0.444,MEDIUM,SYNTHETIC_DEMO_DATA
1719,Kerala Coast,9.80614,76.20137,2025-07-28 14:33:58,29.369,-0.23,33.671,2.214,0.794,191.13,17.224,51.953,999.906,85.256,2.567,23.444,0,none,0.933,0.826,0.728,0.352,MEDIUM,SYNTHETIC_DEMO_DATA
1720,Mumbai Coast,18.81194,72.56841,2025-07-28 17:28:49,29.165,-0.134,34.563,2.384,0.482,275.57,20.44,38.971,1020.255,90.551,2.195,23.322,0,none,0.726,0.488,0.735,0.29,LOW,SYNTHETIC_DEMO_DATA
1721,Sundarbans,22.09497,88.78066,2025-07-28 20:23:40,31.415,1.916,18.963,2.146,0.682,210.9,20.094,36.201,1018.83,80.941,2.038,19.79,1,cyclonic,0.596,0.555,0.503,0.726,HIGH,SYNTHETIC_DEMO_DATA
1722,Goa Coast,15.44767,73.41725,2025-07-28 23:18:31,28.156,-1.343,32.41,2.51,1.123,81.56,19.977,42.667,1008.124,73.279,2.01,20.155,1,anticyclonic,0.818,0.681,0.605,0.559,MEDIUM,SYNTHETIC_DEMO_DATA
1723,Gujarat Coast,22.41462,69.60982,2025-07-29 02:13:22,28.957,0.158,33.824,3.279,0.768,355.43,27.7,39.951,1010.553,82.276,3.294,23.917,1,cyclonic,0.795,0.828,0.553,0.416,MEDIUM,SYNTHETIC_DEMO_DATA
1724,Goa Coast,15.88915,74.10259,2025-07-29 05:08:13,28.905,-0.594,30.034,2.94,1.164,110.88,21.21,51.989,1003.075,75.999,3.039,26.753,0,none,0.839,0.659,0.599,0.43,MEDIUM,SYNTHETIC_DEMO_DATA
1725,Mumbai Coast,18.80688,72.60488,2025-07-29 08:03:04,28.151,-1.148,33.083,1.263,0.247,148.07,9.758,41.032,999.476,70.043,2.823,16.749,1,anticyclonic,0.783,0.671,0.573,0.563,MEDIUM,SYNTHETIC_DEMO_DATA
1726,Goa Coast,15.2949,74.03703,2025-07-29 10:57:55,29.15,-0.349,29.783,2.343,0.796,309.25,16.908,38.724,1002.903,73.448,2.921,21.232,1,anticyclonic,0.768,0.711,0.715,0.366,MEDIUM,SYNTHETIC_DEMO_DATA
1727,Lakshadweep,10.8557,72.63665,2025-07-29 13:52:46,29.395,-0.404,33.529,3.307,0.739,53.5,22.49,41.412,989.104,95.964,1.964,21.056,1,anticyclonic,0.785,0.695,0.656,0.419,MEDIUM,SYNTHETIC_DEMO_DATA
1728,Mumbai Coast,18.72956,72.79949,2025-07-29 16:47:37,30.42,1.121,33.659,1.898,0.6,152.52,15.935,54.254,1003.795,98.946,2.572,26.698,0,none,0.703,0.678,0.583,0.495,MEDIUM,SYNTHETIC_DEMO_DATA
1729,Kerala Coast,9.89123,75.76205,2025-07-29 19:42:28,30.7,1.101,30.546,3.331,1.539,227.38,23.22,46.341,1004.198,70.475,2.188,26.115,1,anticyclonic,0.701,0.596,0.441,0.604,HIGH,SYNTHETIC_DEMO_DATA
1730,Odisha Coast,19.69128,85.6455,2025-07-29 22:37:19,28.884,-1.415,29.257,2.401,0.712,51.97,17.96,36.941,1003.282,81.157,1.866,21.42,1,cyclonic,0.628,0.559,0.513,0.663,HIGH,SYNTHETIC_DEMO_DATA
1731,Goa Coast,15.6537,74.04734,2025-07-30 01:32:10,29.593,0.094,31.9,3.035,1.004,238.26,20.516,38.829,1012.947,77.253,2.672,19.038,0,none,0.764,0.86,0.689,0.267,LOW,SYNTHETIC_DEMO_DATA
1732,Lakshadweep,10.66735,72.5542,2025-07-30 04:27:01,28.31,-1.489,32.68,1.802,0.74,66.45,14.81,51.592,1008.363,100.0,2.8,22.907,0,none,0.602,0.55,0.482,0.561,MEDIUM,SYNTHETIC_DEMO_DATA
1733,Gujarat Coast,22.30646,69.43398,2025-07-30 07:21:52,28.049,-0.75,35.7,2.309,0.769,289.54,18.086,22.624,1002.236,82.489,1.642,13.072,1,cyclonic,0.612,0.741,0.737,0.41,MEDIUM,SYNTHETIC_DEMO_DATA
1734,Andaman & Nicobar,11.47634,92.43843,2025-07-30 10:16:43,30.617,0.318,30.953,2.418,0.521,26.46,20.803,41.61,1006.634,78.422,2.199,23.68,0,none,0.587,0.699,0.606,0.29,LOW,SYNTHETIC_DEMO_DATA
1735,Andaman & Nicobar,12.09547,92.59171,2025-07-30 13:11:34,29.097,-1.202,30.393,2.19,0.642,290.65,11.394,48.194,1020.563,100.0,2.26,18.034,1,cyclonic,0.688,0.508,0.612,0.484,MEDIUM,SYNTHETIC_DEMO_DATA
1736,Goa Coast,15.79814,73.69346,2025-07-30 16:06:25,29.133,-0.366,31.112,2.092,0.888,248.35,20.511,48.406,1000.247,77.192,3.071,23.118,0,none,0.882,0.795,0.606,0.319,MEDIUM,SYNTHETIC_DEMO_DATA
1737,Mumbai Coast,19.1501,72.97574,2025-07-30 19:01:17,29.943,0.644,35.074,1.908,0.515,234.52,11.972,34.979,1014.765,66.652,2.318,20.266,1,anticyclonic,0.729,0.63,0.443,0.457,MEDIUM,SYNTHETIC_DEMO_DATA
1738,Sundarbans,22.01284,89.3917,2025-07-30 21:56:08,29.782,0.283,18.717,2.403,0.588,43.78,17.423,61.166,1012.376,88.739,3.182,21.521,0,none,0.779,0.596,0.707,0.47,MEDIUM,SYNTHETIC_DEMO_DATA
1739,Sundarbans,21.99405,89.34105,2025-07-31 00:50:59,30.448,0.949,17.822,2.165,0.895,172.89,18.658,44.335,1018.258,79.321,2.209,21.792,1,cyclonic,0.746,0.628,0.59,0.541,MEDIUM,SYNTHETIC_DEMO_DATA
1740,Visakhapatnam,18.14153,83.45825,2025-07-31 03:45:50,31.812,2.013,30.507,2.243,0.506,262.8,13.058,52.145,993.228,81.521,3.569,23.618,0,none,0.921,0.493,0.411,0.705,HIGH,SYNTHETIC_DEMO_DATA
1741,Kerala Coast,10.20969,76.53985,2025-07-31 06:40:41,31.061,1.462,30.684,2.477,0.65,354.39,18.728,52.653,1018.557,66.257,3.003,25.83,0,none,0.936,0.81,0.601,0.569,MEDIUM,SYNTHETIC_DEMO_DATA
1742,Goa Coast,15.16255,73.95543,2025-07-31 09:35:32,30.748,1.249,30.452,2.817,0.588,53.85,20.857,47.371,999.082,94.044,2.486,20.711,0,none,0.807,0.741,0.511,0.52,MEDIUM,SYNTHETIC_DEMO_DATA
1743,Kerala Coast,9.71037,76.24786,2025-07-31 12:30:23,29.723,0.123,33.152,1.665,0.946,131.92,12.387,50.342,1012.445,82.716,2.822,26.56,0,none,0.657,0.751,0.694,0.328,MEDIUM,SYNTHETIC_DEMO_DATA
1744,Sundarbans,21.67477,89.10694,2025-07-31 15:25:14,29.761,0.262,16.458,2.119,0.832,271.11,20.048,59.042,1013.541,100.0,3.054,26.641,0,none,0.962,0.896,0.774,0.335,MEDIUM,SYNTHETIC_DEMO_DATA
1745,Visakhapatnam,17.68596,83.15723,2025-07-31 18:20:05,29.878,0.079,31.512,2.337,0.936,107.13,16.587,42.736,1006.776,100.0,2.187,24.828,1,cyclonic,0.743,0.832,0.624,0.383,MEDIUM,SYNTHETIC_DEMO_DATA
1746,Lakshadweep,10.28367,72.75805,2025-07-31 21:14:56,27.508,-2.291,34.19,2.214,0.72,49.69,13.791,30.875,1010.011,74.933,1.416,15.529,0,none,0.631,0.564,0.472,0.682,HIGH,SYNTHETIC_DEMO_DATA
1747,Lakshadweep,10.71322,72.48297,2025-08-01 00:09:47,30.51,1.26,30.195,2.007,0.674,295.8,15.52,39.78,1006.555,95.627,1.214,16.159,1,anticyclonic,0.428,0.556,0.652,0.471,MEDIUM,SYNTHETIC_DEMO_DATA
1748,Chennai Coast,13.10021,80.37159,2025-08-01 03:04:38,29.317,-0.633,32.97,2.198,1.107,214.04,14.181,25.579,996.427,76.42,1.76,15.174,0,none,0.59,0.634,0.678,0.323,MEDIUM,SYNTHETIC_DEMO_DATA
1749,Andaman & Nicobar,11.64678,92.74647,2025-08-01 05:59:29,30.695,0.945,32.015,0.567,0.879,280.29,7.398,43.001,1008.438,73.129,2.65,16.228,0,none,0.678,0.539,0.756,0.329,MEDIUM,SYNTHETIC_DEMO_DATA
1750,Goa Coast,15.3288,73.70802,2025-08-01 08:54:20,29.248,0.298,30.075,2.737,0.845,298.48,20.494,38.355,1009.395,93.64,2.749,25.068,0,none,0.683,0.741,0.654,0.31,MEDIUM,SYNTHETIC_DEMO_DATA
1751,Lakshadweep,10.32568,72.64485,2025-08-01 11:49:11,29.02,-0.23,34.724,2.332,0.645,308.31,17.081,42.695,1007.126,83.002,2.283,20.5,0,none,0.698,0.585,0.713,0.254,LOW,SYNTHETIC_DEMO_DATA
1752,Andaman & Nicobar,11.87866,92.56498,2025-08-01 14:44:02,29.816,0.066,33.009,2.297,0.827,335.8,16.875,44.695,1007.239,85.688,2.251,22.621,1,anticyclonic,0.568,0.729,0.634,0.346,MEDIUM,SYNTHETIC_DEMO_DATA
1753,Gujarat Coast,22.10488,69.7063,2025-08-01 17:38:53,27.521,-0.729,32.728,2.516,0.684,278.0,18.059,39.639,1009.076,83.556,2.368,23.918,0,none,0.688,0.703,0.586,0.524,MEDIUM,SYNTHETIC_DEMO_DATA
1754,Chennai Coast,13.16417,80.42616,2025-08-01 20:33:45,30.674,0.724,32.096,2.771,1.034,92.68,22.059,36.705,1007.421,73.446,2.099,19.121,1,cyclonic,0.639,0.684,0.632,0.479,MEDIUM,SYNTHETIC_DEMO_DATA
1755,Gujarat Coast,22.28604,69.87528,2025-08-01 23:28:36,27.969,-0.281,34.037,2.437,0.705,277.8,18.854,33.01,1007.889,100.0,2.308,20.889,0,none,0.605,0.697,0.652,0.393,MEDIUM,SYNTHETIC_DEMO_DATA
1756,Chennai Coast,12.88818,80.56091,2025-08-02 02:23:27,29.182,-0.768,32.657,2.393,0.688,28.82,17.743,35.825,1000.615,87.7,2.069,24.07,1,anticyclonic,0.606,0.568,0.616,0.432,MEDIUM,SYNTHETIC_DEMO_DATA
1757,Chennai Coast,12.99734,80.40805,2025-08-02 05:18:18,28.352,-1.598,33.176,1.447,0.613,322.01,12.188,49.055,1003.183,88.489,2.386,22.76,0,none,0.644,0.509,0.42,0.651,HIGH,SYNTHETIC_DEMO_DATA
1758,Gujarat Coast,21.96833,69.91149,2025-08-02 08:13:09,27.688,-0.562,34.645,1.46,0.962,3.52,10.195,32.775,992.571,77.612,2.407,15.635,1,anticyclonic,0.746,0.694,0.666,0.435,MEDIUM,SYNTHETIC_DEMO_DATA
1759,Mumbai Coast,18.45987,72.79965,2025-08-02 11:08:00,28.16,-0.59,31.689,2.166,1.066,172.37,18.87,45.201,1001.975,96.446,3.275,26.552,0,none,0.814,0.82,0.668,0.461,MEDIUM,SYNTHETIC_DEMO_DATA
1760,Mumbai Coast,18.63757,72.85827,2025-08-02 14:02:51,29.538,0.788,33.456,2.154,0.627,122.31,14.406,33.207,1027.341,85.92,1.134,15.978,0,none,0.48,0.617,0.644,0.441,MEDIUM,SYNTHETIC_DEMO_DATA
1761,Chennai Coast,12.84044,80.11104,2025-08-02 16:57:42,31.882,1.932,31.497,3.048,0.572,43.81,19.945,43.024,1019.313,98.391,2.756,22.588,1,cyclonic,0.75,0.582,0.603,0.645,HIGH,SYNTHETIC_DEMO_DATA
1762,Kerala Coast,10.23804,76.21688,2025-08-02 19:52:33,28.734,-0.316,30.119,2.063,0.867,268.18,16.181,47.764,1005.737,89.779,3.151,24.114,1,cyclonic,0.66,0.739,0.701,0.368,MEDIUM,SYNTHETIC_DEMO_DATA
1763,Sundarbans,21.93546,89.27672,2025-08-02 22:47:24,29.11,0.16,20.482,1.824,0.799,138.0,15.721,62.298,1014.146,91.37,3.526,23.924,1,cyclonic,0.914,0.823,0.682,0.388,MEDIUM,SYNTHETIC_DEMO_DATA
1764,Gujarat Coast,22.19658,69.59758,2025-08-03 01:42:15,30.805,2.555,36.951,2.43,0.984,346.58,18.667,27.539,1003.453,67.433,2.037,15.69,1,anticyclonic,0.693,0.63,0.437,0.859,CRITICAL,SYNTHETIC_DEMO_DATA
1765,Mumbai Coast,18.93473,73.22939,2025-08-03 04:37:06,29.165,0.415,31.903,1.35,0.53,227.09,10.513,43.294,1024.759,90.748,1.804,20.039,1,cyclonic,0.59,0.688,0.707,0.407,MEDIUM,SYNTHETIC_DEMO_DATA
1766,Lakshadweep,10.51641,72.74186,2025-08-03 07:31:57,28.947,-0.303,32.861,2.721,1.013,250.6,16.26,43.408,999.618,75.357,2.658,25.735,0,none,0.697,0.774,0.567,0.34,MEDIUM,SYNTHETIC_DEMO_DATA
1767,Mumbai Coast,19.04418,72.61541,2025-08-03 10:26:48,29.271,0.521,31.8,3.153,0.713,260.67,21.537,32.78,1032.285,85.701,2.426,19.576,0,none,0.679,0.767,0.587,0.371,MEDIUM,SYNTHETIC_DEMO_DATA
1768,Kerala Coast,10.22362,76.30458,2025-08-03 13:21:39,29.634,0.584,31.995,2.945,0.8,334.19,22.174,47.392,1014.908,68.25,2.225,18.671,0,none,0.739,0.646,0.651,0.387,MEDIUM,SYNTHETIC_DEMO_DATA
1769,Sundarbans,22.19996,89.18962,2025-08-03 16:16:30,28.97,0.02,19.826,2.067,0.843,54.53,16.233,56.426,1016.622,66.623,3.319,28.319,1,anticyclonic,0.756,0.664,0.556,0.461,MEDIUM,SYNTHETIC_DEMO_DATA
1770,Odisha Coast,19.90276,86.10706,2025-08-03 19:11:21,29.423,-0.327,25.293,2.061,0.683,144.2,13.841,47.813,1009.247,61.448,2.364,20.067,1,cyclonic,0.661,0.568,0.742,0.469,MEDIUM,SYNTHETIC_DEMO_DATA
1771,Chennai Coast,12.97211,80.16015,2025-08-03 22:06:13,31.609,1.659,31.825,2.224,0.849,73.58,12.95,34.993,1004.13,86.149,2.143,17.74,1,anticyclonic,0.669,0.678,0.501,0.641,HIGH,SYNTHETIC_DEMO_DATA
1772,Chennai Coast,13.10007,80.48953,2025-08-04 01:01:04,30.552,0.602,32.742,2.608,0.702,140.81,20.582,46.595,1002.34,78.602,2.542,22.082,1,anticyclonic,0.749,0.591,0.532,0.469,MEDIUM,SYNTHETIC_DEMO_DATA
1773,Chennai Coast,12.68946,80.63608,2025-08-04 03:55:55,30.471,0.521,31.608,2.046,0.994,238.4,14.784,34.107,1019.056,78.838,1.373,19.031,1,anticyclonic,0.551,0.652,0.56,0.376,MEDIUM,SYNTHETIC_DEMO_DATA
1774,Chennai Coast,13.18427,80.38367,2025-08-04 06:50:46,28.915,-1.035,32.459,2.601,0.765,158.09,19.705,29.918,1014.07,74.941,2.521,18.003,0,none,0.871,0.716,0.516,0.438,MEDIUM,SYNTHETIC_DEMO_DATA
1775,Goa Coast,15.33862,73.90608,2025-08-04 09:45:37,28.585,-0.365,30.312,1.63,0.42,189.72,13.818,44.462,1023.294,84.137,2.751,19.007,0,none,0.787,0.786,0.734,0.364,MEDIUM,SYNTHETIC_DEMO_DATA
1776,Odisha Coast,19.6502,85.9992,2025-08-04 12:40:28,28.717,-1.033,26.886,2.509,0.757,3.57,22.316,48.185,1009.032,98.158,2.317,21.693,1,cyclonic,0.718,0.675,0.579,0.622,HIGH,SYNTHETIC_DEMO_DATA
1777,Chennai Coast,13.24247,80.41746,2025-08-04 15:35:19,31.487,1.537,31.92,2.005,0.924,314.62,19.679,39.918,1007.041,83.175,2.52,21.938,0,none,0.72,0.564,0.589,0.487,MEDIUM,SYNTHETIC_DEMO_DATA
1778,Odisha Coast,19.84237,85.72184,2025-08-04 18:30:10,27.783,-1.967,28.263,1.897,0.629,147.02,18.214,56.937,1000.528,99.893,3.888,28.389,1,anticyclonic,1.0,0.544,0.399,0.784,HIGH,SYNTHETIC_DEMO_DATA
1779,Chennai Coast,13.24577,80.40152,2025-08-04 21:25:01,28.417,-1.533,30.549,1.667,1.106,40.7,12.987,34.13,1019.799,71.238,2.756,21.309,0,none,0.602,0.511,0.619,0.525,MEDIUM,SYNTHETIC_DEMO_DATA
1780,Gujarat Coast,22.14541,69.63766,2025-08-05 00:19:52,27.516,-0.734,37.13,1.82,0.807,287.59,16.877,23.724,1003.714,100.0,1.835,14.683,1,cyclonic,0.498,0.629,0.611,0.438,MEDIUM,SYNTHETIC_DEMO_DATA
1781,Sundarbans,21.96524,88.89814,2025-08-05 03:14:43,28.503,-0.447,22.014,3.033,0.72,274.01,21.159,39.779,990.814,96.309,2.996,24.445,1,anticyclonic,0.661,0.689,0.562,0.453,MEDIUM,SYNTHETIC_DEMO_DATA
1782,Chennai Coast,13.11278,80.18723,2025-08-05 06:09:34,30.075,0.125,30.486,2.069,1.134,168.71,14.5,35.67,999.111,100.0,2.011,16.928,1,anticyclonic,0.512,0.662,0.709,0.305,MEDIUM,SYNTHETIC_DEMO_DATA
1783,Sundarbans,21.99347,89.50439,2025-08-05 09:04:25,28.56,-0.39,17.526,2.23,1.033,206.74,16.66,62.685,1014.027,85.672,3.103,27.221,0,none,0.917,0.883,0.571,0.401,MEDIUM,SYNTHETIC_DEMO_DATA
1784,Lakshadweep,10.61947,72.93054,2025-08-05 11:59:16,29.753,0.503,33.743,2.55,0.613,23.35,18.657,26.301,1008.285,88.827,2.054,18.91,0,none,0.65,0.683,0.557,0.378,MEDIUM,SYNTHETIC_DEMO_DATA
1785,Goa Coast,15.29343,73.9149,2025-08-05 14:54:07,29.216,0.266,31.325,2.308,0.662,261.71,17.541,27.069,1009.288,55.162,1.493,12.965,0,none,0.71,0.708,0.673,0.28,LOW,SYNTHETIC_DEMO_DATA
1786,Visakhapatnam,17.61895,83.10349,2025-08-05 17:48:58,28.128,-1.122,31.394,2.698,1.064,98.64,20.518,38.435,992.028,74.742,1.778,20.18,0,none,0.511,0.684,0.582,0.438,MEDIUM,SYNTHETIC_DEMO_DATA
1787,Odisha Coast,19.52357,85.68614,2025-08-05 20:43:49,30.336,0.586,27.756,1.838,0.66,245.15,10.915,37.805,997.721,78.687,2.324,16.576,1,cyclonic,0.716,0.725,0.549,0.431,MEDIUM,SYNTHETIC_DEMO_DATA
1788,Sundarbans,21.78992,89.01556,2025-08-05 23:38:41,29.337,0.387,18.12,2.409,0.917,117.0,18.204,48.124,1010.39,99.168,2.645,22.642,0,none,0.627,0.533,0.759,0.367,MEDIUM,SYNTHETIC_DEMO_DATA
1789,Kerala Coast,9.89656,76.44662,2025-08-06 02:33:32,30.665,1.615,31.525,1.946,0.824,75.94,11.592,35.883,999.155,100.0,2.891,13.883,1,cyclonic,0.799,0.7,0.484,0.573,MEDIUM,SYNTHETIC_DEMO_DATA
1790,Goa Coast,15.17997,73.86896,2025-08-06 05:28:23,29.699,0.749,33.233,1.247,0.849,14.26,14.792,47.687,1006.227,100.0,2.204,19.335,1,anticyclonic,0.645,0.622,0.649,0.408,MEDIUM,SYNTHETIC_DEMO_DATA
1791,Mumbai Coast,18.86055,73.02487,2025-08-06 08:23:14,28.349,-0.401,31.578,2.864,0.579,128.26,18.136,32.886,1012.484,85.223,1.884,17.737,1,cyclonic,0.639,0.668,0.737,0.357,MEDIUM,SYNTHETIC_DEMO_DATA
1792,Andaman & Nicobar,11.67597,92.76583,2025-08-06 11:18:05,29.168,-0.582,30.745,1.78,0.56,235.39,13.632,45.813,996.044,83.23,2.841,21.487,0,none,0.774,0.646,0.617,0.39,MEDIUM,SYNTHETIC_DEMO_DATA
1793,Chennai Coast,13.28069,80.53829,2025-08-06 14:12:56,29.787,-0.163,34.01,2.966,0.495,37.44,23.403,28.864,1009.323,68.093,1.65,13.83,1,cyclonic,0.525,0.822,0.813,0.337,MEDIUM,SYNTHETIC_DEMO_DATA
1794,Visakhapatnam,17.33102,83.55474,2025-08-06 17:07:47,27.755,-1.495,30.828,2.137,0.424,155.71,17.39,38.734,1017.133,90.125,2.478,23.241,1,anticyclonic,0.781,0.462,0.543,0.608,HIGH,SYNTHETIC_DEMO_DATA
1795,Kerala Coast,9.78731,76.16933,2025-08-06 20:02:38,28.034,-1.016,30.42,1.647,0.836,227.44,10.362,64.659,1005.479,100.0,3.37,25.636,1,anticyclonic,0.984,0.573,0.645,0.547,MEDIUM,SYNTHETIC_DEMO_DATA
1796,Visakhapatnam,17.85504,83.31877,2025-08-06 22:57:29,28.42,-0.83,31.828,1.847,0.942,119.96,17.031,52.833,1004.547,79.053,3.246,20.127,1,cyclonic,0.654,0.685,0.548,0.463,MEDIUM,SYNTHETIC_DEMO_DATA
1797,Lakshadweep,10.8386,72.66854,2025-08-07 01:52:20,28.543,-0.707,32.654,1.737,0.624,40.56,16.148,35.195,1023.393,85.654,1.736,17.84,0,none,0.645,0.65,0.724,0.317,MEDIUM,SYNTHETIC_DEMO_DATA
1798,Odisha Coast,19.58697,86.01752,2025-08-07 04:47:11,29.802,0.052,27.256,1.507,0.459,183.71,16.14,28.972,1016.087,52.91,2.313,14.312,0,none,0.521,0.736,0.854,0.224,LOW,SYNTHETIC_DEMO_DATA
1799,Kerala Coast,9.81289,76.05786,2025-08-07 07:42:02,28.295,-0.755,30.879,3.004,0.811,308.08,21.635,59.473,1003.672,79.68,2.274,25.612,1,anticyclonic,0.837,0.618,0.494,0.555,MEDIUM,SYNTHETIC_DEMO_DATA
1800,Mumbai Coast,18.55166,72.76659,2025-08-07 10:36:53,29.05,0.3,29.456,2.38,1.25,99.53,19.242,55.178,1009.625,100.0,3.498,30.282,1,anticyclonic,0.977,0.617,0.638,0.367,MEDIUM,SYNTHETIC_DEMO_DATA
1801,Sundarbans,21.88208,88.84905,2025-08-07 13:31:44,28.445,-0.505,17.437,2.057,0.876,213.76,13.555,52.498,1017.064,78.639,3.05,25.639,0,none,0.89,0.597,0.592,0.415,MEDIUM,SYNTHETIC_DEMO_DATA
1802,Kerala Coast,9.99643,76.59599,2025-08-07 16:26:35,29.237,0.187,29.777,2.417,0.476,239.86,13.965,57.171,1011.47,90.48,2.981,28.083,1,anticyclonic,0.839,0.738,0.658,0.409,MEDIUM,SYNTHETIC_DEMO_DATA
1803,Kerala Coast,9.7509,75.95999,2025-08-07 19:21:26,28.318,-0.732,28.374,2.613,0.306,185.4,22.219,57.985,1010.061,90.446,2.992,30.222,1,cyclonic,0.867,0.67,0.496,0.573,MEDIUM,SYNTHETIC_DEMO_DATA
1804,Visakhapatnam,18.23047,83.45797,2025-08-07 22:16:17,30.017,0.767,32.846,1.766,0.83,161.97,16.387,37.115,1004.922,74.869,2.187,18.081,0,none,0.689,0.694,0.646,0.368,MEDIUM,SYNTHETIC_DEMO_DATA
1805,Odisha Coast,19.59646,85.51868,2025-08-08 01:11:09,29.832,0.082,28.106,2.726,0.999,251.88,17.541,49.764,1011.663,74.495,2.55,24.784,0,none,0.724,0.807,0.618,0.326,MEDIUM,SYNTHETIC_DEMO_DATA
1806,Sundarbans,21.84068,89.23053,2025-08-08 04:06:00,28.275,-0.675,21.293,1.994,0.544,35.96,19.488,49.409,1004.076,84.837,3.24,29.604,0,none,0.862,0.702,0.626,0.485,MEDIUM,SYNTHETIC_DEMO_DATA
1807,Sundarbans,21.98416,88.86941,2025-08-08 07:00:51,28.579,-0.371,18.061,2.301,1.009,358.52,14.762,59.545,997.339,80.834,2.92,25.325,1,anticyclonic,0.775,0.83,0.621,0.517,MEDIUM,SYNTHETIC_DEMO_DATA
1808,Kerala Coast,9.86781,76.18438,2025-08-08 09:55:42,29.559,0.509,30.653,2.929,0.639,349.49,23.461,49.819,1009.281,86.966,3.073,25.299,1,cyclonic,0.691,0.678,0.5,0.508,MEDIUM,SYNTHETIC_DEMO_DATA
1809,Sundarbans,22.23679,88.82189,2025-08-08 12:50:33,29.451,0.501,22.043,2.329,0.547,332.89,16.176,47.76,992.263,94.938,2.637,25.869,1,anticyclonic,0.87,0.778,0.444,0.522,MEDIUM,SYNTHETIC_DEMO_DATA
1810,Lakshadweep,10.1727,72.51778,2025-08-08 15:45:24,29.22,-0.03,34.147,2.051,0.746,49.78,16.32,43.431,1018.578,83.623,2.927,20.99,1,anticyclonic,0.588,0.829,0.616,0.286,LOW,SYNTHETIC_DEMO_DATA
1811,Visakhapatnam,18.0016,83.19162,2025-08-08 18:40:15,28.435,-0.815,30.171,2.182,0.613,302.79,9.897,42.115,1019.818,81.07,2.428,18.845,0,none,0.722,0.725,0.592,0.477,MEDIUM,SYNTHETIC_DEMO_DATA
1812,Gujarat Coast,22.20231,69.87048,2025-08-08 21:35:06,29.18,0.93,33.108,1.28,0.811,315.08,9.861,30.208,996.247,83.199,1.508,14.292,0,none,0.591,0.65,0.538,0.454,MEDIUM,SYNTHETIC_DEMO_DATA
1813,Gujarat Coast,22.34797,69.33736,2025-08-09 00:29:57,27.738,-0.512,33.523,2.591,1.429,320.78,18.832,32.581,1008.768,56.619,1.972,14.668,1,cyclonic,0.709,0.829,0.709,0.386,MEDIUM,SYNTHETIC_DEMO_DATA
1814,Kerala Coast,10.22668,76.2005,2025-08-09 03:24:48,29.59,0.54,28.834,2.471,0.698,39.02,15.783,50.436,990.915,99.87,2.317,23.736,0,none,0.636,0.729,0.634,0.463,MEDIUM,SYNTHETIC_DEMO_DATA
1815,Andaman & Nicobar,11.66112,92.46742,2025-08-09 06:19:39,29.649,-0.101,29.958,1.364,0.952,241.02,12.832,49.11,1005.59,90.579,2.947,24.274,0,none,0.762,0.645,0.631,0.307,MEDIUM,SYNTHETIC_DEMO_DATA
1816,Odisha Coast,19.65659,85.89316,2025-08-09 09:14:30,28.612,-1.138,29.264,2.059,0.571,102.78,14.774,56.738,996.946,81.224,3.266,22.676,1,anticyclonic,0.841,0.757,0.433,0.602,HIGH,SYNTHETIC_DEMO_DATA
1817,Visakhapatnam,17.60842,83.35182,2025-08-09 12:09:21,29.11,-0.14,32.613,2.46,0.995,40.31,17.111,38.489,1008.073,100.0,2.525,21.292,1,cyclonic,0.879,0.739,0.668,0.344,MEDIUM,SYNTHETIC_DEMO_DATA
1818,Visakhapatnam,17.58183,83.24809,2025-08-09 15:04:12,29.287,0.037,31.512,2.771,0.441,340.56,19.012,34.409,1008.752,100.0,2.532,15.853,0,none,0.641,0.734,0.758,0.209,LOW,SYNTHETIC_DEMO_DATA
1819,Odisha Coast,19.79815,85.76732,2025-08-09 17:59:03,29.139,-0.611,28.806,1.533,1.053,2.85,11.775,35.79,1010.163,82.274,1.726,20.683,1,anticyclonic,0.558,0.633,0.66,0.408,MEDIUM,SYNTHETIC_DEMO_DATA
1820,Visakhapatnam,17.8301,83.28367,2025-08-09 20:53:54,29.528,0.278,30.573,1.98,0.463,266.4,15.91,35.914,1009.622,100.0,2.185,15.574,1,anticyclonic,0.556,0.635,0.613,0.26,LOW,SYNTHETIC_DEMO_DATA
1821,Chennai Coast,13.04647,80.43065,2025-08-09 23:48:45,30.566,0.616,32.032,1.882,0.724,54.23,10.661,34.981,1002.44,76.799,1.866,15.172,1,anticyclonic,0.324,0.647,0.686,0.368,MEDIUM,SYNTHETIC_DEMO_DATA
1822,Goa Coast,15.58606,73.78805,2025-08-10 02:43:37,28.45,-0.5,32.392,3.165,0.548,217.46,26.765,25.057,1008.366,80.681,2.14,18.077,1,cyclonic,0.672,0.745,0.621,0.343,MEDIUM,SYNTHETIC_DEMO_DATA
1823,Chennai Coast,12.76482,80.27571,2025-08-10 05:38:28,29.885,-0.065,30.867,3.135,0.793,200.52,22.928,35.009,1017.137,81.219,2.145,21.946,0,none,0.687,0.705,0.766,0.273,LOW,SYNTHETIC_DEMO_DATA
1824,Andaman & Nicobar,11.8051,92.54635,2025-08-10 08:33:19,29.239,-0.511,31.498,2.0,0.32,57.76,15.63,43.864,1002.476,85.88,3.384,22.822,1,anticyclonic,0.889,0.807,0.663,0.37,MEDIUM,SYNTHETIC_DEMO_DATA
1825,Goa Coast,15.65853,73.81508,2025-08-10 11:28:10,30.928,1.978,32.272,1.571,0.627,251.7,9.494,31.687,1007.119,81.361,1.861,16.93,0,none,0.527,0.498,0.474,0.6,HIGH,SYNTHETIC_DEMO_DATA
1826,Lakshadweep,10.8609,72.87188,2025-08-10 14:23:01,29.2,-0.05,32.714,1.429,0.73,234.47,12.179,36.164,1008.869,79.436,2.248,17.464,0,none,0.624,0.76,0.651,0.196,LOW,SYNTHETIC_DEMO_DATA
1827,Odisha Coast,19.642,85.69466,2025-08-10 17:17:52,30.196,0.446,28.185,0.868,0.741,297.7,8.536,34.698,1013.252,95.965,1.881,16.952,1,cyclonic,0.511,0.637,0.637,0.39,MEDIUM,SYNTHETIC_DEMO_DATA
1828,Lakshadweep,10.66292,72.49181,2025-08-10 20:12:43,28.407,-0.843,31.548,2.475,0.672,144.33,18.593,41.055,997.694,85.094,1.981,21.555,1,cyclonic,0.643,0.702,0.561,0.533,MEDIUM,SYNTHETIC_DEMO_DATA
1829,Gujarat Coast,22.59814,69.62336,2025-08-10 23:07:34,28.8,0.55,32.722,2.372,1.002,120.85,16.077,33.176,1004.541,81.797,2.318,17.216,0,none,0.65,0.859,0.667,0.323,MEDIUM,SYNTHETIC_DEMO_DATA
1830,Lakshadweep,10.74459,72.72039,2025-08-11 02:02:25,28.255,-0.995,33.256,1.68,0.718,231.41,11.48,32.757,1011.288,79.468,1.565,12.438,1,anticyclonic,0.76,0.691,0.635,0.341,MEDIUM,SYNTHETIC_DEMO_DATA
1831,Chennai Coast,13.26089,80.35993,2025-08-11 04:57:16,30.185,0.235,33.227,1.687,0.94,123.54,10.769,39.265,1024.698,100.0,1.705,13.351,0,none,0.653,0.716,0.705,0.238,LOW,SYNTHETIC_DEMO_DATA
1832,Lakshadweep,10.31577,72.64822,2025-08-11 07:52:07,29.234,-0.016,35.493,2.374,0.941,133.53,17.023,33.663,1013.662,100.0,1.948,19.624,1,cyclonic,0.624,0.817,0.72,0.218,LOW,SYNTHETIC_DEMO_DATA
1833,Mumbai Coast,19.36833,72.98699,2025-08-11 10:46:58,29.391,0.641,33.653,1.491,0.54,328.78,11.314,42.596,1016.186,70.42,2.468,17.794,0,none,0.643,0.743,0.562,0.415,MEDIUM,SYNTHETIC_DEMO_DATA
1834,Sundarbans,21.65267,89.49355,2025-08-11 13:41:49,29.618,0.668,19.148,2.392,0.602,213.85,19.995,43.828,1013.921,67.723,2.605,18.814,0,none,0.915,0.686,0.658,0.438,MEDIUM,SYNTHETIC_DEMO_DATA
1835,Kerala Coast,10.13761,76.22026,2025-08-11 16:36:40,29.351,0.301,31.325,2.035,0.823,318.41,15.011,57.244,1025.37,60.013,3.197,26.384,1,anticyclonic,1.0,0.969,0.533,0.403,MEDIUM,SYNTHETIC_DEMO_DATA
1836,Odisha Coast,20.09426,86.01371,2025-08-11 19:31:31,30.258,0.508,29.339,1.86,0.439,270.54,18.86,58.41,991.065,100.0,3.776,30.039,1,cyclonic,0.875,0.752,0.565,0.505,MEDIUM,SYNTHETIC_DEMO_DATA
1837,Lakshadweep,10.39673,72.47243,2025-08-11 22:26:22,30.762,1.512,32.54,1.639,0.734,359.35,14.274,35.034,1006.764,87.069,2.434,13.887,0,none,0.514,0.525,0.438,0.532,MEDIUM,SYNTHETIC_DEMO_DATA
1838,Chennai Coast,13.10686,80.29672,2025-08-12 01:21:13,29.487,-0.463,31.292,1.533,0.562,187.45,12.735,31.664,1007.921,84.2,1.821,13.865,1,anticyclonic,0.491,0.49,0.789,0.405,MEDIUM,SYNTHETIC_DEMO_DATA
1839,Visakhapatnam,17.74692,83.45254,2025-08-12 04:16:04,28.9,-0.35,30.93,2.209,0.774,290.76,16.622,42.221,998.701,100.0,2.321,21.921,0,none,0.64,0.803,0.639,0.375,MEDIUM,SYNTHETIC_DEMO_DATA
1840,Mumbai Coast,18.67157,72.95093,2025-08-12 07:10:56,30.828,2.078,33.128,1.701,0.865,327.36,13.828,39.877,1016.049,79.228,2.353,21.696,1,cyclonic,0.768,0.403,0.454,0.711,HIGH,SYNTHETIC_DEMO_DATA
1841,Kerala Coast,9.66027,76.10244,2025-08-12 10:05:47,28.723,-0.327,33.849,1.994,0.263,348.45,15.823,45.042,1011.095,89.768,1.443,21.781,0,none,0.527,0.585,0.686,0.401,MEDIUM,SYNTHETIC_DEMO_DATA
1842,Sundarbans,21.82025,88.90894,2025-08-12 13:00:38,28.852,-0.098,19.572,2.71,1.118,261.87,18.572,49.047,1012.598,77.504,3.494,26.651,0,none,0.967,0.665,0.841,0.329,MEDIUM,SYNTHETIC_DEMO_DATA
1843,Andaman & Nicobar,11.91753,92.94885,2025-08-12 15:55:29,30.258,0.508,30.402,1.333,0.349,177.33,6.748,47.674,1000.603,88.2,2.887,20.551,1,anticyclonic,0.787,0.736,0.626,0.408,MEDIUM,SYNTHETIC_DEMO_DATA
1844,Andaman & Nicobar,11.60655,92.671,2025-08-12 18:50:20,31.187,1.437,29.846,3.31,0.569,178.68,28.628,41.033,1003.415,91.198,2.22,19.834,1,anticyclonic,0.581,0.6,0.602,0.618,HIGH,SYNTHETIC_DEMO_DATA
1845,Goa Coast,15.43797,74.00878,2025-08-12 21:45:11,27.939,-1.011,33.172,1.785,0.609,62.6,15.283,36.552,1012.264,77.121,2.374,19.97,0,none,0.702,0.695,0.597,0.413,MEDIUM,SYNTHETIC_DEMO_DATA
1846,Gujarat Coast,22.19868,69.64317,2025-08-13 00:40:02,28.393,0.143,35.451,2.391,0.491,262.06,17.458,24.986,998.891,65.615,1.179,14.819,1,cyclonic,0.672,0.667,0.744,0.307,MEDIUM,SYNTHETIC_DEMO_DATA
1847,Kerala Coast,9.89637,76.30679,2025-08-13 03:34:53,28.557,-0.493,32.134,2.569,1.025,179.97,22.098,56.882,1013.268,98.672,3.011,24.252,0,none,0.896,0.663,0.525,0.476,MEDIUM,SYNTHETIC_DEMO_DATA
1848,Mumbai Coast,19.219,72.79682,2025-08-13 06:29:44,27.362,-1.388,29.99,1.552,0.576,61.08,8.853,53.489,1002.749,86.356,2.385,22.768,0,none,0.709,0.557,0.503,0.599,MEDIUM,SYNTHETIC_DEMO_DATA
1849,Mumbai Coast,18.93111,72.43473,2025-08-13 09:24:35,30.29,1.54,33.386,1.897,1.106,3.73,21.659,37.449,1003.519,80.3,2.465,20.63,0,none,0.565,0.581,0.401,0.653,HIGH,SYNTHETIC_DEMO_DATA
1850,Odisha Coast,19.74757,85.81965,2025-08-13 12:19:26,30.112,0.362,28.602,2.349,0.58,79.97,18.696,39.592,1012.468,73.754,2.752,23.058,0,none,0.695,0.484,0.552,0.512,MEDIUM,SYNTHETIC_DEMO_DATA
1851,Sundarbans,22.18204,89.22046,2025-08-13 15:14:17,28.06,-0.89,19.643,2.825,1.273,343.0,20.174,35.38,1006.945,89.22,2.513,16.305,1,cyclonic,0.845,0.639,0.604,0.538,MEDIUM,SYNTHETIC_DEMO_DATA
1852,Visakhapatnam,17.59546,82.86663,2025-08-13 18:09:08,30.461,1.211,30.674,1.937,1.163,305.45,17.932,44.416,1011.382,81.403,2.53,21.313,0,none,0.63,0.678,0.637,0.458,MEDIUM,SYNTHETIC_DEMO_DATA
1853,Kerala Coast,9.74387,75.91304,2025-08-13 21:03:59,29.159,0.109,31.643,2.513,0.767,140.64,21.998,57.525,984.912,57.294,2.762,26.839,0,none,0.753,0.571,0.639,0.409,MEDIUM,SYNTHETIC_DEMO_DATA
1854,Odisha Coast,19.75488,85.7593,2025-08-13 23:58:50,29.798,0.048,26.359,2.509,0.919,29.76,22.125,55.046,1021.473,100.0,2.981,23.299,0,none,0.81,0.785,0.828,0.332,MEDIUM,SYNTHETIC_DEMO_DATA
1855,Odisha Coast,19.73403,85.71103,2025-08-14 02:53:41,29.581,-0.169,28.168,1.432,0.626,113.14,12.642,43.473,1009.639,53.933,2.43,23.713,1,cyclonic,0.687,0.728,0.763,0.405,MEDIUM,SYNTHETIC_DEMO_DATA
1856,Andaman & Nicobar,11.78179,92.4777,2025-08-14 05:48:32,31.344,1.594,29.525,2.398,0.748,336.91,15.299,54.868,1011.198,84.247,2.388,29.09,0,none,0.799,0.629,0.431,0.588,MEDIUM,SYNTHETIC_DEMO_DATA
1857,Chennai Coast,13.12076,80.01536,2025-08-14 08:43:24,29.496,-0.454,31.115,1.758,1.082,250.35,12.911,39.666,1014.696,66.102,2.162,18.233,0,none,0.666,0.65,0.641,0.377,MEDIUM,SYNTHETIC_DEMO_DATA
1858,Mumbai Coast,18.81615,73.01483,2025-08-14 11:38:15,27.863,-0.887,33.095,2.238,1.304,335.3,20.02,64.597,1006.16,100.0,2.842,30.666,0,none,0.742,0.721,0.448,0.493,MEDIUM,SYNTHETIC_DEMO_DATA
1859,Mumbai Coast,18.77968,73.04793,2025-08-14 14:33:06,28.114,-0.636,30.837,2.557,0.612,92.5,23.351,55.14,1001.297,100.0,3.0,24.004,0,none,0.738,0.621,0.558,0.485,MEDIUM,SYNTHETIC_DEMO_DATA
1860,Goa Coast,15.59092,73.79689,2025-08-14 17:27:57,27.671,-1.279,31.343,2.778,0.678,42.46,20.914,36.278,1023.455,80.734,2.232,16.952,0,none,0.662,0.584,0.488,0.552,MEDIUM,SYNTHETIC_DEMO_DATA
1861,Goa Coast,15.22344,73.86455,2025-08-14 20:22:48,28.317,-0.633,31.055,3.454,0.95,243.68,17.797,47.822,1018.024,70.331,2.781,24.507,0,none,0.789,0.72,0.677,0.364,MEDIUM,SYNTHETIC_DEMO_DATA
1862,Visakhapatnam,17.47358,83.01622,2025-08-14 23:17:39,29.479,0.229,31.54,2.399,1.003,186.71,19.683,42.179,1001.027,100.0,2.234,25.849,0,none,0.729,0.672,0.729,0.303,MEDIUM,SYNTHETIC_DEMO_DATA
1863,Andaman & Nicobar,11.95638,92.49385,2025-08-15 02:12:30,29.964,0.214,30.947,3.296,1.058,29.98,23.846,53.464,1003.205,91.241,2.545,27.232,1,cyclonic,0.861,0.734,0.472,0.374,MEDIUM,SYNTHETIC_DEMO_DATA
1864,Chennai Coast,13.19622,80.16218,2025-08-15 05:07:21,30.582,0.632,31.05,1.96,1.125,300.8,10.964,43.271,1011.592,88.001,1.87,20.59,1,anticyclonic,0.648,0.697,0.679,0.427,MEDIUM,SYNTHETIC_DEMO_DATA
1865,Andaman & Nicobar,11.87473,92.4443,2025-08-15 08:02:12,30.35,0.6,33.052,0.2,0.855,2.86,1.0,52.453,1020.017,100.0,2.412,23.089,0,none,0.698,0.667,0.517,0.358,MEDIUM,SYNTHETIC_DEMO_DATA
1866,Kerala Coast,10.12216,76.46616,2025-08-15 10:57:03,29.322,0.272,32.697,2.179,0.413,261.18,21.802,56.15,1015.296,78.315,2.499,21.805,1,anticyclonic,0.659,0.714,0.639,0.379,MEDIUM,SYNTHETIC_DEMO_DATA
1867,Odisha Coast,19.70229,86.04342,2025-08-15 13:51:54,30.992,1.242,28.629,1.445,0.919,357.9,8.671,33.721,1013.037,73.063,2.034,17.687,1,cyclonic,0.636,0.585,0.587,0.551,MEDIUM,SYNTHETIC_DEMO_DATA
1868,Goa Coast,15.54246,74.18065,2025-08-15 16:46:45,27.003,-1.947,31.215,1.99,0.98,139.31,19.014,39.712,1027.115,86.606,2.706,22.84,0,none,0.76,0.663,0.354,0.629,HIGH,SYNTHETIC_DEMO_DATA
1869,Sundarbans,22.02088,89.1996,2025-08-15 19:41:36,29.561,0.611,19.075,2.434,1.019,87.15,20.643,59.493,1010.489,96.684,2.732,27.119,0,none,0.746,0.655,0.555,0.543,MEDIUM,SYNTHETIC_DEMO_DATA
1870,Goa Coast,15.77339,73.73418,2025-08-15 22:36:27,29.721,0.771,32.7,2.528,0.687,189.85,22.764,17.271,1010.979,76.905,2.227,14.974,0,none,0.63,0.593,0.73,0.368,MEDIUM,SYNTHETIC_DEMO_DATA
1871,Sundarbans,21.90426,88.98639,2025-08-16 01:31:18,28.602,-0.348,18.667,2.25,0.696,131.72,15.597,53.016,1007.005,65.2,2.335,23.39,0,none,0.613,0.699,0.594,0.405,MEDIUM,SYNTHETIC_DEMO_DATA
1872,Visakhapatnam,17.49414,83.2839,2025-08-16 04:26:09,29.561,0.311,30.01,1.293,0.395,31.76,8.374,41.454,1017.888,68.128,2.0,19.012,0,none,0.874,0.836,0.768,0.201,LOW,SYNTHETIC_DEMO_DATA
1873,Gujarat Coast,21.90831,69.5406,2025-08-16 07:21:00,28.685,0.435,33.299,3.283,0.973,303.44,29.372,49.295,1002.556,77.289,3.568,28.039,0,none,0.777,0.823,0.702,0.422,MEDIUM,SYNTHETIC_DEMO_DATA
1874,Lakshadweep,10.42142,72.54324,2025-08-16 10:15:52,30.539,1.289,32.247,2.739,0.903,318.59,20.812,34.777,1012.449,97.735,2.477,21.024,1,cyclonic,0.613,0.584,0.44,0.58,MEDIUM,SYNTHETIC_DEMO_DATA
1875,Kerala Coast,10.21082,76.28009,2025-08-16 13:10:43,27.112,-1.938,31.334,2.031,1.147,319.75,17.777,57.571,999.217,100.0,3.295,32.672,0,none,0.956,0.498,0.388,0.777,HIGH,SYNTHETIC_DEMO_DATA
1876,Odisha Coast,20.03067,85.70807,2025-08-16 16:05:34,30.449,0.699,28.86,1.505,0.549,34.57,8.22,41.368,992.246,91.506,2.095,15.005,0,none,0.666,0.645,0.681,0.369,MEDIUM,SYNTHETIC_DEMO_DATA
1877,Visakhapatnam,17.6612,83.30638,2025-08-16 19:00:25,27.916,-1.334,31.894,2.019,0.614,88.8,17.024,35.34,1010.897,59.705,1.96,20.637,0,none,0.719,0.71,0.46,0.504,MEDIUM,SYNTHETIC_DEMO_DATA
1878,Andaman & Nicobar,11.48632,92.64801,2025-08-16 21:55:16,31.128,1.378,31.042,0.853,0.24,314.62,11.61,41.216,1012.729,79.199,2.477,18.921,0,none,0.551,0.681,0.614,0.465,MEDIUM,SYNTHETIC_DEMO_DATA
1879,Goa Coast,15.57266,73.75588,2025-08-17 00:50:07,29.336,0.386,31.849,3.014,0.803,76.59,19.901,28.518,1011.691,82.338,2.33,15.689,1,anticyclonic,0.722,0.591,0.662,0.353,MEDIUM,SYNTHETIC_DEMO_DATA
1880,Odisha Coast,19.89478,85.89316,2025-08-17 03:44:58,29.607,-0.143,29.584,2.123,0.761,127.4,13.43,44.906,1008.215,87.107,2.771,20.783,0,none,0.734,0.755,0.78,0.346,MEDIUM,SYNTHETIC_DEMO_DATA
1881,Chennai Coast,12.82088,79.9384,2025-08-17 06:39:49,31.849,1.899,31.651,3.64,0.626,202.16,22.839,40.54,995.472,79.617,1.937,19.172,0,none,0.658,0.491,0.44,0.723,HIGH,SYNTHETIC_DEMO_DATA
1882,Visakhapatnam,17.88435,83.16826,2025-08-17 09:34:40,28.951,-0.299,31.467,1.449,0.394,78.08,8.818,41.439,1010.842,81.611,2.368,21.939,1,cyclonic,0.68,0.763,0.584,0.342,MEDIUM,SYNTHETIC_DEMO_DATA
1883,Odisha Coast,19.76873,85.87829,2025-08-17 12:29:31,28.347,-1.403,27.226,1.761,0.837,175.24,12.389,45.719,1000.881,82.451,2.566,20.297,1,cyclonic,0.662,0.569,0.559,0.637,HIGH,SYNTHETIC_DEMO_DATA
1884,Andaman & Nicobar,11.44925,92.82039,2025-08-17 15:24:22,28.61,-1.14,31.298,2.248,1.088,175.51,23.336,43.689,1020.198,100.0,2.502,24.537,1,anticyclonic,0.711,0.456,0.481,0.643,HIGH,SYNTHETIC_DEMO_DATA
1885,Gujarat Coast,22.28266,69.63205,2025-08-17 18:19:13,26.424,-1.826,35.197,2.61,0.489,284.0,14.947,34.931,1009.494,75.849,2.065,21.769,1,cyclonic,0.581,0.57,0.503,0.693,HIGH,SYNTHETIC_DEMO_DATA
1886,Odisha Coast,19.99634,85.98535,2025-08-17 21:14:04,29.512,-0.238,30.489,1.954,0.941,196.02,8.318,39.702,1013.575,90.852,2.11,13.666,0,none,0.711,0.843,0.574,0.319,MEDIUM,SYNTHETIC_DEMO_DATA
1887,Gujarat Coast,22.2965,69.54152,2025-08-18 00:08:55,27.15,-1.1,35.379,2.735,0.594,194.0,23.655,23.972,999.275,54.603,1.054,16.06,1,cyclonic,0.456,0.741,0.518,0.515,MEDIUM,SYNTHETIC_DEMO_DATA
1888,Kerala Coast,9.9962,76.27969,2025-08-18 03:03:46,28.99,-0.06,30.772,2.014,0.988,130.53,17.446,47.822,1020.726,93.647,2.894,28.839,0,none,0.714,0.674,0.535,0.352,MEDIUM,SYNTHETIC_DEMO_DATA
1889,Sundarbans,21.52547,89.06003,2025-08-18 05:58:37,29.66,0.71,20.364,2.459,0.648,239.12,14.488,41.382,1002.576,82.753,2.877,21.132,1,anticyclonic,0.676,0.618,0.58,0.542,MEDIUM,SYNTHETIC_DEMO_DATA
1890,Kerala Coast,9.7126,76.08047,2025-08-18 08:53:28,28.764,-0.286,32.748,2.274,1.202,317.32,17.242,44.839,1000.923,86.378,2.402,18.717,1,anticyclonic,0.69,0.667,0.685,0.356,MEDIUM,SYNTHETIC_DEMO_DATA
1891,Odisha Coast,20.01327,85.98307,2025-08-18 11:48:20,29.49,-0.26,27.596,1.783,0.475,196.68,19.958,46.045,1004.319,65.479,3.013,19.876,0,none,0.822,0.837,0.684,0.388,MEDIUM,SYNTHETIC_DEMO_DATA
1892,Visakhapatnam,17.44372,83.20645,2025-08-18 14:43:11,28.127,-1.123,31.287,2.164,0.849,283.06,23.209,29.801,1012.974,93.691,2.125,19.104,0,none,0.618,0.653,0.407,0.479,MEDIUM,SYNTHETIC_DEMO_DATA
1893,Andaman & Nicobar,11.53652,92.43796,2025-08-18 17:38:02,29.843,0.093,30.641,1.957,0.671,348.76,17.618,38.76,1003.247,57.856,2.275,19.79,0,none,0.737,0.873,0.693,0.213,LOW,SYNTHETIC_DEMO_DATA
1894,Goa Coast,15.20263,73.95927,2025-08-18 20:32:53,27.618,-1.332,33.046,4.021,0.523,358.72,28.738,34.78,1031.451,78.139,1.585,14.999,0,none,0.577,0.637,0.635,0.549,MEDIUM,SYNTHETIC_DEMO_DATA
1895,Odisha Coast,19.69554,85.65731,2025-08-18 23:27:44,30.26,0.51,26.515,2.521,0.804,273.61,19.271,53.429,1012.436,77.423,2.622,26.966,1,cyclonic,0.867,0.71,0.558,0.448,MEDIUM,SYNTHETIC_DEMO_DATA
1896,Andaman & Nicobar,12.11774,92.64611,2025-08-19 02:22:35,30.405,0.655,30.869,1.978,0.543,359.12,11.282,41.16,1017.416,94.423,2.449,18.403,1,anticyclonic,0.85,0.853,0.566,0.409,MEDIUM,SYNTHETIC_DEMO_DATA
1897,Mumbai Coast,18.6526,72.83677,2025-08-19 05:17:26,30.085,1.335,35.057,2.504,0.796,282.9,15.539,29.434,1005.743,93.239,1.622,17.125,0,none,0.618,0.42,0.581,0.577,MEDIUM,SYNTHETIC_DEMO_DATA
1898,Andaman & Nicobar,11.73695,92.55985,2025-08-19 08:12:17,29.551,-0.199,33.18,1.145,0.621,165.13,9.829,33.101,1010.587,77.458,2.11,15.985,0,none,0.462,0.665,0.68,0.22,LOW,SYNTHETIC_DEMO_DATA
1899,Goa Coast,15.55872,73.98728,2025-08-19 11:07:08,29.331,0.381,31.436,3.427,0.893,71.93,25.896,45.616,1004.884,89.387,2.539,24.949,0,none,0.791,0.796,0.623,0.352,MEDIUM,SYNTHETIC_DEMO_DATA
1900,Chennai Coast,12.67057,80.12803,2025-08-19 14:01:59,30.072,0.122,32.448,1.481,1.001,71.83,18.556,29.426,1008.789,68.45,2.117,15.931,1,cyclonic,0.782,0.83,0.784,0.252,LOW,SYNTHETIC_DEMO_DATA
1901,Mumbai Coast,19.1752,72.54595,2025-08-19 16:56:50,28.993,0.243,32.5,2.311,0.867,300.05,20.699,45.036,1003.383,94.188,2.814,22.685,1,cyclonic,0.744,0.551,0.714,0.361,MEDIUM,SYNTHETIC_DEMO_DATA
1902,Mumbai Coast,19.08593,72.66839,2025-08-19 19:51:41,28.707,-0.043,33.213,1.784,0.752,281.76,15.607,63.337,1022.302,85.762,3.315,29.05,0,none,0.912,0.835,0.689,0.336,MEDIUM,SYNTHETIC_DEMO_DATA
1903,Goa Coast,15.71671,73.76798,2025-08-19 22:46:32,28.372,-0.578,31.908,2.059,0.785,67.94,16.216,50.852,996.727,80.763,3.035,27.458,1,cyclonic,0.683,0.559,0.57,0.494,MEDIUM,SYNTHETIC_DEMO_DATA
1904,Visakhapatnam,17.65143,83.45718,2025-08-20 01:41:23,30.729,1.479,30.827,1.749,0.735,254.72,12.559,52.653,1024.787,65.546,2.743,27.69,1,cyclonic,0.732,0.513,0.467,0.593,MEDIUM,SYNTHETIC_DEMO_DATA
1905,Chennai Coast,13.3989,80.23944,2025-08-20 04:36:14,29.752,-0.198,30.713,2.736,1.052,230.1,21.309,39.992,1025.0,92.917,2.5,20.717,0,none,0.759,0.733,0.756,0.339,MEDIUM,SYNTHETIC_DEMO_DATA
1906,Visakhapatnam,17.58922,83.30836,2025-08-20 07:31:05,29.357,0.107,32.402,1.241,0.487,232.89,6.857,38.342,1007.435,69.215,1.751,24.352,1,cyclonic,0.583,0.679,0.625,0.348,MEDIUM,SYNTHETIC_DEMO_DATA
1907,Visakhapatnam,17.64164,82.78762,2025-08-20 10:25:56,30.224,0.974,32.328,3.213,0.904,203.92,22.646,48.237,1003.287,84.657,2.735,27.123,0,none,0.638,0.644,0.58,0.476,MEDIUM,SYNTHETIC_DEMO_DATA
1908,Odisha Coast,19.69872,85.75889,2025-08-20 13:20:48,29.948,0.198,28.025,0.705,0.411,312.38,5.431,46.535,1012.002,84.023,2.823,19.332,0,none,0.73,0.712,0.659,0.379,MEDIUM,SYNTHETIC_DEMO_DATA
1909,Sundarbans,22.3355,89.22753,2025-08-20 16:15:39,27.775,-1.175,19.237,1.686,0.084,345.35,10.354,44.698,997.24,100.0,2.198,17.541,0,none,0.64,0.585,0.559,0.522,MEDIUM,SYNTHETIC_DEMO_DATA
1910,Lakshadweep,10.65356,72.72974,2025-08-20 19:10:30,30.194,0.944,32.045,2.078,0.736,88.88,20.197,16.227,1011.719,79.162,1.807,11.574,1,anticyclonic,0.555,0.63,0.593,0.402,MEDIUM,SYNTHETIC_DEMO_DATA
1911,Sundarbans,21.99574,88.86982,2025-08-20 22:05:21,28.027,-0.923,20.566,2.277,0.371,137.19,13.312,59.705,1011.685,87.891,2.413,27.013,0,none,0.685,0.537,0.454,0.583,MEDIUM,SYNTHETIC_DEMO_DATA
1912,Andaman & Nicobar,11.56154,92.88279,2025-08-21 01:00:12,29.859,0.109,31.271,2.361,0.643,321.63,20.972,45.442,994.858,75.822,3.352,21.677,0,none,0.712,0.631,0.663,0.338,MEDIUM,SYNTHETIC_DEMO_DATA
1913,Sundarbans,21.91017,89.14874,2025-08-21 03:55:03,29.307,0.357,20.083,1.109,0.762,348.55,8.292,42.046,1012.131,79.459,2.438,20.255,0,none,0.598,0.65,0.688,0.284,LOW,SYNTHETIC_DEMO_DATA
1914,Goa Coast,15.66511,73.78828,2025-08-21 06:49:54,27.399,-1.551,33.233,1.869,0.646,302.33,15.161,32.865,1003.442,65.515,1.587,17.462,1,cyclonic,0.613,0.509,0.417,0.574,MEDIUM,SYNTHETIC_DEMO_DATA
1915,Chennai Coast,13.10061,80.55525,2025-08-21 09:44:45,31.321,1.371,32.276,2.347,0.863,157.5,13.755,30.925,1017.698,74.523,1.995,16.032,1,anticyclonic,0.463,0.585,0.49,0.546,MEDIUM,SYNTHETIC_DEMO_DATA
1916,Mumbai Coast,19.0415,73.15958,2025-08-21 12:39:36,29.095,0.345,32.493,3.602,0.671,126.47,26.864,45.144,999.613,98.067,2.391,22.503,0,none,0.806,0.689,0.692,0.379,MEDIUM,SYNTHETIC_DEMO_DATA
1917,Visakhapatnam,17.61942,83.41295,2025-08-21 15:34:27,28.775,-0.475,30.779,0.698,0.594,263.34,6.042,32.997,1011.439,81.05,2.36,18.685,1,cyclonic,0.642,0.667,0.641,0.417,MEDIUM,SYNTHETIC_DEMO_DATA
1918,Kerala Coast,10.0588,76.2103,2025-08-21 18:29:18,28.734,-0.316,30.052,2.679,0.631,128.58,21.289,57.151,1009.506,82.345,3.703,28.118,1,anticyclonic,0.997,0.786,0.657,0.434,MEDIUM,SYNTHETIC_DEMO_DATA
1919,Kerala Coast,9.64428,76.3481,2025-08-21 21:24:09,28.928,-0.122,30.676,2.306,1.317,269.26,18.972,42.998,1002.679,89.844,2.182,21.742,1,anticyclonic,0.698,0.799,0.692,0.347,MEDIUM,SYNTHETIC_DEMO_DATA
1920,Mumbai Coast,18.83023,72.74782,2025-08-22 00:19:00,30.307,1.557,31.817,2.646,0.749,101.45,17.052,43.288,993.4,95.178,2.521,20.242,0,none,0.677,0.497,0.508,0.581,MEDIUM,SYNTHETIC_DEMO_DATA
1921,Chennai Coast,13.01454,80.25914,2025-08-22 03:13:51,29.935,-0.015,33.449,2.96,1.268,144.73,24.294,26.282,1016.399,71.01,1.558,19.087,0,none,0.503,0.604,0.681,0.329,MEDIUM,SYNTHETIC_DEMO_DATA
1922,Mumbai Coast,18.7973,72.81166,2025-08-22 06:08:42,27.732,-1.018,31.96,1.806,0.931,241.51,14.656,32.164,1017.404,70.629,2.16,18.448,1,anticyclonic,0.754,0.588,0.521,0.471,MEDIUM,SYNTHETIC_DEMO_DATA
1923,Andaman & Nicobar,11.90631,92.65157,2025-08-22 09:03:33,28.514,-1.236,31.685,1.989,0.672,53.99,14.46,48.443,1013.07,80.659,2.73,19.08,0,none,0.856,0.716,0.56,0.471,MEDIUM,SYNTHETIC_DEMO_DATA
1924,Kerala Coast,9.41789,76.10562,2025-08-22 11:58:24,30.095,1.045,30.767,2.192,0.941,254.27,13.179,51.337,997.282,90.596,3.375,21.73,1,cyclonic,1.0,0.663,0.689,0.487,MEDIUM,SYNTHETIC_DEMO_DATA
1925,Chennai Coast,13.10765,80.48718,2025-08-22 14:53:15,31.742,1.792,33.582,2.15,0.699,348.49,17.499,33.26,1015.295,69.491,1.956,16.854,0,none,0.606,0.562,0.445,0.55,MEDIUM,SYNTHETIC_DEMO_DATA
1926,Odisha Coast,19.83382,85.96764,2025-08-22 17:48:07,29.461,-0.289,29.627,1.784,1.186,286.97,11.101,39.568,1018.883,88.229,2.008,15.706,1,cyclonic,0.558,0.745,0.747,0.36,MEDIUM,SYNTHETIC_DEMO_DATA
1927,Chennai Coast,13.12189,80.07649,2025-08-22 20:42:58,29.686,-0.264,31.916,1.325,1.118,305.64,14.592,32.82,1013.843,83.277,2.174,18.293,0,none,0.578,0.747,0.574,0.311,MEDIUM,SYNTHETIC_DEMO_DATA
1928,Odisha Coast,19.68445,85.74461,2025-08-22 23:37:49,30.496,0.746,29.664,2.264,0.934,213.99,16.173,41.801,1012.673,82.021,2.718,17.038,1,anticyclonic,0.883,0.87,0.623,0.444,MEDIUM,SYNTHETIC_DEMO_DATA
1929,Odisha Coast,19.92612,85.70518,2025-08-23 02:32:40,29.952,0.202,25.743,2.851,0.167,34.61,20.944,66.69,1007.037,71.75,2.783,28.794,0,none,0.857,0.839,0.665,0.421,MEDIUM,SYNTHETIC_DEMO_DATA
1930,Lakshadweep,10.52025,72.7254,2025-08-23 05:27:31,29.31,0.06,34.419,2.438,1.223,264.69,18.291,27.532,1003.732,94.719,1.596,15.547,1,anticyclonic,0.545,0.7,0.758,0.272,LOW,SYNTHETIC_DEMO_DATA
1931,Sundarbans,22.07267,89.24457,2025-08-23 08:22:22,28.881,-0.069,20.699,1.974,0.641,219.44,14.752,52.342,1016.189,70.54,3.025,27.636,0,none,0.871,0.852,0.691,0.291,LOW,SYNTHETIC_DEMO_DATA
1932,Kerala Coast,9.96206,76.17263,2025-08-23 11:17:13,29.014,-0.036,32.133,2.851,0.931,50.69,26.717,51.293,1014.212,91.736,3.076,23.103,0,none,0.863,0.868,0.726,0.275,LOW,SYNTHETIC_DEMO_DATA
1933,Andaman & Nicobar,11.72981,92.71825,2025-08-23 14:12:04,28.893,-0.857,28.489,2.539,0.952,57.34,21.603,56.484,1014.905,86.906,2.807,27.792,1,cyclonic,0.874,0.647,0.51,0.546,MEDIUM,SYNTHETIC_DEMO_DATA
1934,Lakshadweep,10.74529,72.76784,2025-08-23 17:06:55,28.523,-0.727,33.228,2.31,0.689,184.04,11.527,36.577,1008.955,98.036,2.351,14.809,0,none,0.592,0.683,0.522,0.336,MEDIUM,SYNTHETIC_DEMO_DATA
1935,Odisha Coast,19.93186,85.81552,2025-08-23 20:01:46,29.664,-0.086,29.595,2.128,0.313,134.79,15.394,37.688,1022.89,96.803,1.677,16.765,0,none,0.64,0.77,0.751,0.261,LOW,SYNTHETIC_DEMO_DATA
1936,Odisha Coast,19.92313,85.63891,2025-08-23 22:56:37,30.203,0.453,26.126,2.165,0.875,25.61,23.113,50.691,1013.73,82.548,2.723,21.437,1,cyclonic,0.825,0.734,0.657,0.407,MEDIUM,SYNTHETIC_DEMO_DATA
1937,Chennai Coast,13.07377,80.19042,2025-08-24 01:51:28,29.96,0.01,31.85,1.66,0.246,239.92,14.293,34.245,1009.042,70.142,1.959,19.567,0,none,0.593,0.676,0.671,0.286,LOW,SYNTHETIC_DEMO_DATA
1938,Mumbai Coast,18.86963,72.75207,2025-08-24 04:46:19,29.544,0.794,33.12,1.794,0.421,120.49,17.309,52.946,1003.03,88.124,2.09,23.889,0,none,0.699,0.711,0.516,0.489,MEDIUM,SYNTHETIC_DEMO_DATA
1939,Lakshadweep,10.62703,72.38269,2025-08-24 07:41:10,28.78,-0.47,33.894,2.313,1.402,263.84,19.473,35.444,1009.481,85.409,2.145,25.487,1,cyclonic,0.569,0.691,0.563,0.41,MEDIUM,SYNTHETIC_DEMO_DATA
1940,Visakhapatnam,17.71957,83.15014,2025-08-24 10:36:01,30.014,0.764,32.287,1.926,0.495,254.82,18.704,34.541,1002.006,70.242,2.526,20.608,0,none,0.834,0.577,0.575,0.358,MEDIUM,SYNTHETIC_DEMO_DATA
1941,Odisha Coast,20.00971,85.81079,2025-08-24 13:30:52,29.97,0.22,27.677,2.168,0.719,92.56,18.137,41.815,1004.199,77.634,2.731,22.316,0,none,0.737,0.696,0.6,0.44,MEDIUM,SYNTHETIC_DEMO_DATA
1942,Visakhapatnam,18.16197,83.59324,2025-08-24 16:25:43,29.683,0.433,31.824,3.056,1.162,230.28,18.721,38.971,1020.811,78.854,2.502,23.699,1,cyclonic,0.632,0.629,0.518,0.405,MEDIUM,SYNTHETIC_DEMO_DATA
1943,Andaman & Nicobar,11.78691,92.86843,2025-08-24 19:20:35,29.592,-0.158,31.59,2.229,0.456,223.6,19.149,51.312,995.661,74.496,2.373,22.42,0,none,0.704,0.721,0.602,0.292,LOW,SYNTHETIC_DEMO_DATA
1944,Sundarbans,21.94277,88.77283,2025-08-24 22:15:26,29.405,0.455,19.323,1.014,0.549,8.08,10.135,55.641,1000.038,97.912,3.342,24.332,1,cyclonic,0.82,0.809,0.59,0.364,MEDIUM,SYNTHETIC_DEMO_DATA
1945,Chennai Coast,12.83009,79.79562,2025-08-25 01:10:17,28.809,-1.141,32.151,1.851,0.995,182.97,16.109,33.929,996.544,70.233,2.153,21.82,1,anticyclonic,0.828,0.509,0.526,0.485,MEDIUM,SYNTHETIC_DEMO_DATA
1946,Odisha Coast,19.45234,85.41657,2025-08-25 04:05:08,30.121,0.371,28.5,2.057,1.155,353.37,10.355,49.934,1005.967,95.187,2.691,23.927,0,none,0.726,0.665,0.735,0.348,MEDIUM,SYNTHETIC_DEMO_DATA
1947,Odisha Coast,19.34291,85.82878,2025-08-25 06:59:59,29.405,-0.345,28.565,2.464,0.485,24.7,16.302,34.946,1014.49,79.539,2.333,15.676,0,none,0.65,0.723,0.747,0.313,MEDIUM,SYNTHETIC_DEMO_DATA
1948,Lakshadweep,10.56499,72.70066,2025-08-25 09:54:50,30.259,1.009,33.894,2.258,0.55,149.36,20.584,35.608,1011.79,73.943,1.517,20.052,1,cyclonic,0.465,0.503,0.565,0.483,MEDIUM,SYNTHETIC_DEMO_DATA
1949,Sundarbans,21.86793,88.90427,2025-08-25 12:49:41,28.571,-0.379,18.338,1.852,0.891,301.18,9.48,46.292,1019.969,100.0,2.082,26.692,1,cyclonic,0.752,0.752,0.69,0.424,MEDIUM,SYNTHETIC_DEMO_DATA
1950,Chennai Coast,12.88942,80.50738,2025-08-25 15:44:32,29.798,-0.152,30.649,2.529,1.004,75.59,26.307,30.026,1003.483,74.937,2.256,23.965,0,none,0.429,0.619,0.616,0.28,LOW,SYNTHETIC_DEMO_DATA
1951,Lakshadweep,10.44364,72.9452,2025-08-25 18:39:23,29.057,-0.193,30.078,2.026,0.438,309.7,18.997,39.466,1002.548,65.986,2.401,21.716,0,none,0.556,0.575,0.73,0.376,MEDIUM,SYNTHETIC_DEMO_DATA
1952,Gujarat Coast,22.43685,69.69431,2025-08-25 21:34:14,28.591,0.341,35.632,1.658,0.887,43.12,14.206,30.345,1011.391,96.061,2.258,16.676,0,none,0.657,0.703,0.684,0.352,MEDIUM,SYNTHETIC_DEMO_DATA
1953,Sundarbans,22.21146,89.31265,2025-08-26 00:29:05,28.659,-0.291,19.928,1.719,1.218,4.54,14.498,52.256,1005.045,90.518,2.69,24.349,0,none,0.724,0.773,0.658,0.371,MEDIUM,SYNTHETIC_DEMO_DATA
1954,Kerala Coast,9.82038,76.21182,2025-08-26 03:23:56,28.703,-0.347,32.278,2.385,0.815,319.46,24.768,50.817,1012.776,96.984,3.541,29.312,0,none,0.795,0.673,0.703,0.404,MEDIUM,SYNTHETIC_DEMO_DATA
1955,Lakshadweep,10.6736,72.80224,2025-08-26 06:18:47,28.029,-1.221,32.199,2.28,0.67,194.01,13.455,30.047,1013.758,70.165,2.058,13.55,0,none,0.568,0.656,0.542,0.45,MEDIUM,SYNTHETIC_DEMO_DATA
1956,Kerala Coast,9.87566,76.27525,2025-08-26 09:13:38,29.456,0.406,31.497,1.697,0.756,209.83,14.525,52.233,1006.864,87.296,2.268,20.692,1,cyclonic,0.562,0.713,0.621,0.333,MEDIUM,SYNTHETIC_DEMO_DATA
1957,Mumbai Coast,18.72737,72.75988,2025-08-26 12:08:29,27.927,-0.823,33.353,2.435,0.724,331.22,21.852,32.82,1010.869,88.343,2.431,17.934,0,none,0.725,0.761,0.622,0.453,MEDIUM,SYNTHETIC_DEMO_DATA
1958,Mumbai Coast,18.90291,72.79441,2025-08-26 15:03:20,27.955,-0.795,32.281,2.591,0.983,129.92,16.351,47.035,1005.753,75.18,2.777,25.547,0,none,0.758,0.617,0.62,0.496,MEDIUM,SYNTHETIC_DEMO_DATA
1959,Gujarat Coast,21.95358,69.57091,2025-08-26 17:58:11,29.431,1.181,36.53,1.853,0.488,208.0,16.542,11.775,1010.236,96.258,1.163,13.923,0,none,0.325,0.584,0.568,0.397,MEDIUM,SYNTHETIC_DEMO_DATA
1960,Odisha Coast,19.55961,85.88104,2025-08-26 20:53:03,29.274,-0.476,28.901,1.822,0.819,170.46,14.995,44.422,1013.292,65.789,1.862,19.288,0,none,0.694,0.69,0.728,0.367,MEDIUM,SYNTHETIC_DEMO_DATA
1961,Andaman & Nicobar,11.31597,92.72884,2025-08-26 23:47:54,30.312,0.562,31.928,2.199,0.747,144.9,17.629,35.372,990.886,77.542,2.425,17.75,0,none,0.543,0.71,0.608,0.299,LOW,SYNTHETIC_DEMO_DATA
1962,Lakshadweep,10.73447,72.61979,2025-08-27 02:42:45,29.973,0.723,32.345,3.645,0.707,87.77,21.191,31.626,1006.302,60.42,2.217,21.862,1,cyclonic,0.452,0.755,0.464,0.512,MEDIUM,SYNTHETIC_DEMO_DATA
1963,Odisha Coast,19.91442,85.85417,2025-08-27 05:37:36,30.245,0.495,27.587,2.872,0.766,11.2,28.273,40.82,1002.758,73.576,3.35,26.246,0,none,0.706,0.593,0.562,0.434,MEDIUM,SYNTHETIC_DEMO_DATA
1964,Andaman & Nicobar,11.51558,92.18446,2025-08-27 08:32:27,30.697,0.947,30.104,2.392,0.346,301.88,21.234,55.158,1007.045,73.564,3.024,24.89,0,none,0.841,0.638,0.606,0.493,MEDIUM,SYNTHETIC_DEMO_DATA
1965,Andaman & Nicobar,12.0392,92.42582,2025-08-27 11:27:18,30.383,0.633,32.106,1.556,0.716,93.34,8.809,52.495,1015.515,77.436,3.185,22.254,0,none,0.902,0.79,0.634,0.332,MEDIUM,SYNTHETIC_DEMO_DATA
1966,Goa Coast,15.25796,73.67293,2025-08-27 14:22:09,29.98,1.03,32.662,1.147,0.285,124.92,7.782,43.591,1011.908,83.768,2.72,23.644,0,none,0.779,0.526,0.628,0.419,MEDIUM,SYNTHETIC_DEMO_DATA
1967,Chennai Coast,12.68512,80.72247,2025-08-27 17:17:00,30.659,0.709,31.857,2.59,1.072,103.84,17.536,38.079,993.994,88.99,1.739,14.016,0,none,0.621,0.612,0.598,0.446,MEDIUM,SYNTHETIC_DEMO_DATA
1968,Kerala Coast,10.22969,76.42944,2025-08-27 20:11:51,27.914,-1.136,33.057,2.5,0.894,320.23,20.133,54.413,1007.084,71.159,3.095,26.114,1,anticyclonic,0.926,0.604,0.566,0.546,MEDIUM,SYNTHETIC_DEMO_DATA
1969,Andaman & Nicobar,11.70667,92.52803,2025-08-27 23:06:42,30.387,0.637,30.516,2.531,0.871,283.23,20.677,44.194,1009.073,100.0,2.688,18.864,0,none,0.828,0.742,0.48,0.329,MEDIUM,SYNTHETIC_DEMO_DATA
1970,Odisha Coast,19.93254,85.33925,2025-08-28 02:01:33,30.101,0.351,28.257,2.158,0.944,215.22,21.924,49.879,1017.091,81.572,2.674,25.812,1,anticyclonic,0.849,0.597,0.666,0.476,MEDIUM,SYNTHETIC_DEMO_DATA
1971,Andaman & Nicobar,11.94773,92.76312,2025-08-28 04:56:24,30.472,0.722,32.03,1.097,1.082,31.18,7.861,56.416,1011.954,91.852,2.64,24.221,1,anticyclonic,0.823,0.637,0.643,0.423,MEDIUM,SYNTHETIC_DEMO_DATA
1972,Lakshadweep,10.81332,72.98204,2025-08-28 07:51:15,28.168,-1.082,34.463,2.045,0.802,295.4,17.299,31.499,1017.257,83.185,2.008,19.087,0,none,0.57,0.641,0.487,0.517,MEDIUM,SYNTHETIC_DEMO_DATA
1973,Gujarat Coast,22.33712,69.48675,2025-08-28 10:46:06,27.955,-0.295,34.35,2.778,1.039,133.3,17.088,31.805,1017.422,69.217,2.601,17.26,0,none,0.731,0.687,0.812,0.315,MEDIUM,SYNTHETIC_DEMO_DATA
1974,Chennai Coast,13.19194,80.40534,2025-08-28 13:40:57,29.919,-0.031,34.49,1.918,0.429,11.93,16.745,26.029,1011.545,77.147,2.24,16.98,1,cyclonic,0.563,0.644,0.612,0.302,MEDIUM,SYNTHETIC_DEMO_DATA
1975,Mumbai Coast,19.10767,72.86738,2025-08-28 16:35:48,28.846,0.096,33.344,1.77,0.537,110.92,11.723,47.184,1028.859,73.89,3.139,18.572,0,none,0.687,0.646,0.692,0.37,MEDIUM,SYNTHETIC_DEMO_DATA
1976,Sundarbans,21.9966,89.24941,2025-08-28 19:30:39,28.631,-0.319,18.601,3.266,0.792,196.47,28.82,51.089,1004.382,100.0,2.713,19.53,0,none,0.673,0.679,0.626,0.412,MEDIUM,SYNTHETIC_DEMO_DATA
1977,Lakshadweep,10.24228,72.65963,2025-08-28 22:25:31,29.283,0.033,32.743,0.987,0.477,30.71,8.825,31.667,1005.081,70.628,2.61,18.985,1,cyclonic,0.773,0.797,0.652,0.235,LOW,SYNTHETIC_DEMO_DATA
1978,Chennai Coast,13.0456,80.29049,2025-08-29 01:20:22,29.859,-0.091,31.8,2.153,0.729,168.07,16.991,39.903,1006.02,98.201,3.166,17.497,1,cyclonic,0.847,0.812,0.851,0.284,LOW,SYNTHETIC_DEMO_DATA
1979,Sundarbans,22.21957,89.38799,2025-08-29 04:15:13,29.078,0.128,19.241,1.514,0.69,15.08,17.124,60.336,1010.356,82.654,2.696,23.797,0,none,0.772,0.749,0.664,0.414,MEDIUM,SYNTHETIC_DEMO_DATA
1980,Goa Coast,15.38333,73.75427,2025-08-29 07:10:04,30.169,1.219,29.932,1.53,0.875,266.81,11.983,52.726,1003.798,86.776,2.832,24.421,0,none,0.805,0.75,0.445,0.479,MEDIUM,SYNTHETIC_DEMO_DATA
1981,Gujarat Coast,22.22062,69.53321,2025-08-29 10:04:55,27.733,-0.517,34.459,1.742,0.852,301.9,12.34,49.731,998.968,93.686,2.86,24.026,1,anticyclonic,0.802,0.761,0.587,0.43,MEDIUM,SYNTHETIC_DEMO_DATA
1982,Gujarat Coast,22.45878,69.94204,2025-08-29 12:59:46,27.19,-1.06,33.689,2.725,0.796,192.46,18.147,42.517,1006.653,82.299,2.426,19.264,1,anticyclonic,0.622,0.558,0.59,0.545,MEDIUM,SYNTHETIC_DEMO_DATA
1983,Sundarbans,21.96773,89.35258,2025-08-29 15:54:37,30.488,1.538,18.536,2.776,1.071,294.16,20.771,35.623,1004.491,77.473,2.067,17.291,0,none,0.706,0.575,0.597,0.66,HIGH,SYNTHETIC_DEMO_DATA
1984,Goa Coast,15.57621,73.9351,2025-08-29 18:49:28,29.144,0.194,33.229,0.858,0.823,22.89,3.885,37.248,1013.706,90.87,2.772,19.167,1,anticyclonic,0.771,0.696,0.611,0.31,MEDIUM,SYNTHETIC_DEMO_DATA
1985,Gujarat Coast,22.65083,69.49124,2025-08-29 21:44:19,26.615,-1.635,33.267,1.638,0.927,60.11,9.777,20.934,1014.152,68.128,2.038,14.123,0,none,0.51,0.601,0.477,0.526,MEDIUM,SYNTHETIC_DEMO_DATA
1986,Goa Coast,15.50052,74.05207,2025-08-30 00:39:10,28.472,-0.478,30.652,2.128,1.054,151.04,22.034,46.085,1015.665,84.027,2.932,18.512,1,cyclonic,0.71,0.741,0.69,0.365,MEDIUM,SYNTHETIC_DEMO_DATA
1987,Andaman & Nicobar,12.00271,92.84909,2025-08-30 03:34:01,27.999,-1.751,30.465,1.782,0.617,181.15,11.45,48.518,998.112,98.518,2.527,23.406,0,none,0.731,0.498,0.466,0.686,HIGH,SYNTHETIC_DEMO_DATA
1988,Visakhapatnam,17.53851,83.52616,2025-08-30 06:28:52,29.294,0.044,33.874,1.726,0.723,323.01,12.696,23.959,1005.742,89.379,1.571,18.975,0,none,0.573,0.622,0.816,0.233,LOW,SYNTHETIC_DEMO_DATA
1989,Visakhapatnam,17.77248,83.31262,2025-08-30 09:23:43,28.592,-0.658,30.418,2.572,0.778,266.46,17.608,37.84,1009.651,87.691,2.817,18.169,1,anticyclonic,0.601,0.616,0.541,0.46,MEDIUM,SYNTHETIC_DEMO_DATA
1990,Lakshadweep,10.57986,72.56731,2025-08-30 12:18:34,29.056,-0.194,33.281,3.086,1.037,343.29,24.632,31.902,1003.805,71.556,1.752,24.196,0,none,0.745,0.734,0.514,0.339,MEDIUM,SYNTHETIC_DEMO_DATA
1991,Mumbai Coast,19.00337,72.97155,2025-08-30 15:13:25,29.024,0.274,32.623,2.745,0.794,192.48,18.639,41.212,1006.539,74.247,2.836,17.642,0,none,0.761,0.753,0.741,0.239,LOW,SYNTHETIC_DEMO_DATA
1992,Kerala Coast,9.8153,76.41923,2025-08-30 18:08:16,29.002,-0.048,32.263,2.236,0.443,211.7,16.878,65.377,987.269,84.538,3.151,30.328,0,none,0.868,0.699,0.627,0.4,MEDIUM,SYNTHETIC_DEMO_DATA
1993,Visakhapatnam,17.33284,83.44083,2025-08-30 21:03:07,27.945,-1.305,30.473,1.391,0.381,86.46,15.05,39.411,1009.013,70.945,2.029,22.659,0,none,0.718,0.585,0.509,0.518,MEDIUM,SYNTHETIC_DEMO_DATA
1994,Gujarat Coast,22.72245,69.68261,2025-08-30 23:57:59,28.632,0.382,34.539,2.913,0.513,237.65,28.332,40.346,1010.995,95.861,2.831,23.726,0,none,0.778,0.755,0.632,0.376,MEDIUM,SYNTHETIC_DEMO_DATA
1995,Goa Coast,15.193,73.79949,2025-08-31 02:52:50,30.601,1.651,32.17,3.102,0.78,111.0,22.672,41.168,1018.57,84.041,2.947,20.066,1,cyclonic,0.719,0.68,0.635,0.596,MEDIUM,SYNTHETIC_DEMO_DATA
1996,Sundarbans,22.05809,89.37438,2025-08-31 05:47:41,29.265,0.315,17.406,1.682,0.55,291.41,12.61,48.868,1004.815,89.161,2.491,20.872,1,anticyclonic,0.821,0.78,0.747,0.449,MEDIUM,SYNTHETIC_DEMO_DATA
1997,Mumbai Coast,18.58794,72.93838,2025-08-31 08:42:32,29.914,1.164,30.684,1.881,1.235,340.55,10.716,44.042,1005.919,91.781,2.986,12.067,1,cyclonic,0.869,0.731,0.585,0.504,MEDIUM,SYNTHETIC_DEMO_DATA
1998,Lakshadweep,10.67918,72.52415,2025-08-31 11:37:23,28.74,-0.51,32.084,2.422,0.339,262.05,21.485,36.983,1003.435,64.962,2.524,17.025,1,cyclonic,0.672,0.626,0.723,0.341,MEDIUM,SYNTHETIC_DEMO_DATA
1999,Visakhapatnam,17.58482,83.06735,2025-08-31 14:32:14,30.177,0.927,30.808,1.796,0.732,354.04,15.845,46.06,1024.26,87.76,2.802,17.026,0,none,0.791,0.691,0.714,0.416,MEDIUM,SYNTHETIC_DEMO_DATA
2000,Visakhapatnam,17.65862,83.35869,2025-08-31 17:27:05,28.559,-0.691,31.111,2.217,1.05,85.21,17.919,37.712,1018.792,67.405,2.125,19.276,0,none,0.67,0.749,0.526,0.46,MEDIUM,SYNTHETIC_DEMO_DATA
2001,Andaman & Nicobar,11.57163,92.91139,2025-08-31 20:21:56,29.836,0.086,30.073,2.392,0.744,101.88,18.322,48.413,1017.849,96.062,2.974,25.695,1,cyclonic,0.654,0.638,0.693,0.373,MEDIUM,SYNTHETIC_DEMO_DATA
2002,Sundarbans,21.94587,89.2202,2025-08-31 23:16:47,29.26,0.31,21.802,2.214,0.729,247.52,20.407,50.962,1006.312,72.945,2.699,30.319,1,anticyclonic,0.674,0.562,0.638,0.515,MEDIUM,SYNTHETIC_DEMO_DATA
2003,Chennai Coast,12.9681,80.5518,2025-09-01 02:11:38,28.839,-0.361,32.809,1.833,1.106,254.99,10.708,18.993,1003.883,76.641,1.569,12.073,0,none,0.553,0.665,0.708,0.302,MEDIUM,SYNTHETIC_DEMO_DATA
2004,Kerala Coast,9.81897,76.44315,2025-09-01 05:06:29,27.986,-0.314,31.623,2.124,0.604,335.22,22.823,52.112,1000.017,64.13,2.972,26.311,0,none,0.774,0.715,0.66,0.381,MEDIUM,SYNTHETIC_DEMO_DATA
2005,Goa Coast,15.78836,73.94502,2025-09-01 08:01:20,28.352,0.152,31.355,2.016,0.522,322.23,16.568,44.707,1011.879,80.657,3.186,20.794,1,anticyclonic,0.841,0.917,0.747,0.229,LOW,SYNTHETIC_DEMO_DATA
2006,Odisha Coast,19.99263,86.03806,2025-09-01 10:56:11,28.389,-0.611,26.345,2.258,0.377,163.58,15.758,62.594,1008.101,93.051,3.483,29.838,1,cyclonic,0.912,0.801,0.559,0.498,MEDIUM,SYNTHETIC_DEMO_DATA
2007,Kerala Coast,9.9171,76.36009,2025-09-01 13:51:02,28.392,0.092,31.187,1.739,0.334,332.94,9.575,49.467,1005.91,83.988,2.667,26.945,0,none,0.746,0.637,0.791,0.334,MEDIUM,SYNTHETIC_DEMO_DATA
2008,Odisha Coast,19.68584,85.67307,2025-09-01 16:45:53,29.311,0.311,28.748,1.592,0.853,163.79,6.162,45.492,1016.783,77.207,2.534,23.209,0,none,0.729,0.641,0.632,0.399,MEDIUM,SYNTHETIC_DEMO_DATA
2009,Goa Coast,15.50906,74.19549,2025-09-01 19:40:44,27.245,-0.955,34.545,2.488,0.216,87.41,20.397,38.88,999.885,100.0,2.222,20.261,1,anticyclonic,0.757,0.683,0.635,0.453,MEDIUM,SYNTHETIC_DEMO_DATA
2010,Gujarat Coast,22.45311,69.49652,2025-09-01 22:35:35,26.337,-1.163,36.012,1.919,0.13,265.52,15.969,26.004,1007.713,89.634,2.004,14.249,0,none,0.518,0.511,0.595,0.494,MEDIUM,SYNTHETIC_DEMO_DATA
2011,Kerala Coast,10.05275,75.91596,2025-09-02 01:30:27,27.51,-0.79,33.243,3.679,0.547,348.53,27.144,45.728,1013.47,79.879,2.812,23.959,0,none,0.682,0.649,0.63,0.503,MEDIUM,SYNTHETIC_DEMO_DATA
2012,Chennai Coast,12.95044,80.14834,2025-09-02 04:25:18,29.82,0.62,31.027,3.087,0.329,274.0,25.517,33.326,1001.506,76.44,2.25,18.857,0,none,0.639,0.776,0.671,0.317,MEDIUM,SYNTHETIC_DEMO_DATA
2013,Odisha Coast,19.65348,85.70673,2025-09-02 07:20:09,28.59,-0.41,29.847,2.102,0.21,274.85,16.154,46.443,1006.899,100.0,2.957,24.992,0,none,0.738,0.765,0.594,0.381,MEDIUM,SYNTHETIC_DEMO_DATA
2014,Lakshadweep,10.65213,72.57999,2025-09-02 10:15:00,28.041,-0.459,35.393,2.357,0.957,257.1,19.336,48.247,1001.916,70.325,2.558,20.499,0,none,0.697,0.768,0.753,0.334,MEDIUM,SYNTHETIC_DEMO_DATA
2015,Gujarat Coast,22.43517,69.42062,2025-09-02 13:09:51,26.524,-0.976,35.08,1.604,0.59,115.83,11.271,24.417,1003.06,80.811,2.215,11.501,1,anticyclonic,0.69,0.59,0.723,0.471,MEDIUM,SYNTHETIC_DEMO_DATA
2016,Chennai Coast,12.76418,80.01092,2025-09-02 16:04:42,29.232,0.032,29.918,2.909,1.13,116.76,21.339,33.76,1007.934,78.093,1.84,17.318,0,none,0.784,0.767,0.784,0.279,LOW,SYNTHETIC_DEMO_DATA
2017,Kerala Coast,9.95852,76.08367,2025-09-02 18:59:33,27.951,-0.349,30.967,2.232,0.153,82.58,11.587,54.15,1012.486,73.095,2.792,22.328,0,none,0.867,0.791,0.803,0.364,MEDIUM,SYNTHETIC_DEMO_DATA
2018,Goa Coast,15.46653,73.7194,2025-09-02 21:54:24,25.668,-2.532,29.435,2.809,0.749,315.32,23.466,37.369,1023.052,93.392,2.861,23.025,1,anticyclonic,0.728,0.52,0.296,0.839,CRITICAL,SYNTHETIC_DEMO_DATA
2019,Goa Coast,15.13952,73.29737,2025-09-03 00:49:15,26.985,-1.215,33.163,2.694,1.126,164.02,23.865,34.999,1021.378,61.61,2.036,21.404,1,cyclonic,0.64,0.599,0.509,0.492,MEDIUM,SYNTHETIC_DEMO_DATA
2020,Kerala Coast,9.71021,76.09164,2025-09-03 03:44:06,28.84,0.54,31.978,1.426,0.913,125.26,9.283,36.846,989.467,71.821,2.501,23.693,0,none,0.732,0.672,0.605,0.387,MEDIUM,SYNTHETIC_DEMO_DATA
2021,Chennai Coast,12.89157,79.80356,2025-09-03 06:38:57,28.805,-0.395,31.469,3.454,0.552,90.83,24.287,31.646,1020.752,91.189,2.312,22.214,1,anticyclonic,0.655,0.807,0.457,0.428,MEDIUM,SYNTHETIC_DEMO_DATA
2022,Gujarat Coast,22.14674,69.55856,2025-09-03 09:33:48,27.663,0.163,34.339,1.885,0.72,53.75,13.623,35.904,1010.956,85.6,2.597,15.845,0,none,0.721,0.741,0.794,0.315,MEDIUM,SYNTHETIC_DEMO_DATA
2023,Gujarat Coast,22.31859,69.78778,2025-09-03 12:28:39,24.687,-2.813,34.993,1.866,0.837,209.87,11.229,36.882,1016.168,58.415,2.126,18.194,0,none,0.628,0.473,0.389,0.812,CRITICAL,SYNTHETIC_DEMO_DATA
2024,Mumbai Coast,18.8519,72.59602,2025-09-03 15:23:30,26.807,-1.193,35.541,2.747,0.494,136.59,26.095,40.703,1006.619,84.447,2.515,19.146,0,none,0.78,0.64,0.454,0.502,MEDIUM,SYNTHETIC_DEMO_DATA
2025,Sundarbans,21.96251,88.9379,2025-09-03 18:18:21,28.622,0.422,19.823,2.681,0.898,58.19,22.246,39.617,1010.07,83.384,2.964,21.781,1,anticyclonic,0.832,0.709,0.598,0.491,MEDIUM,SYNTHETIC_DEMO_DATA
2026,Kerala Coast,10.00415,76.01425,2025-09-03 21:13:12,26.965,-1.335,33.893,2.893,0.443,273.54,26.372,55.365,1010.16,82.767,3.534,29.063,1,anticyclonic,0.958,0.687,0.53,0.66,HIGH,SYNTHETIC_DEMO_DATA
2027,Gujarat Coast,22.02759,69.68417,2025-09-04 00:08:03,27.044,-0.456,37.434,2.683,1.057,337.86,16.75,36.773,1007.061,82.803,2.122,16.487,0,none,0.684,0.796,0.508,0.356,MEDIUM,SYNTHETIC_DEMO_DATA
2028,Lakshadweep,10.81557,72.71479,2025-09-04 03:02:54,27.589,-0.911,33.467,2.917,0.676,193.87,20.677,31.069,1004.761,76.934,2.457,17.231,0,none,0.706,0.686,0.627,0.389,MEDIUM,SYNTHETIC_DEMO_DATA
2029,Mumbai Coast,18.84413,72.87244,2025-09-04 05:57:46,28.47,0.47,34.151,1.842,0.54,221.95,13.992,37.41,1001.509,88.214,2.805,19.45,0,none,0.717,0.725,0.718,0.406,MEDIUM,SYNTHETIC_DEMO_DATA
2030,Chennai Coast,13.17966,80.38285,2025-09-04 08:52:37,29.302,0.102,32.996,2.204,0.69,321.23,16.461,35.086,1008.223,76.378,2.413,15.856,0,none,0.704,0.793,0.653,0.287,LOW,SYNTHETIC_DEMO_DATA
2031,Mumbai Coast,19.07678,73.21498,2025-09-04 11:47:28,27.996,-0.004,33.43,2.054,0.871,148.68,16.728,45.12,1003.536,89.204,2.65,17.193,0,none,0.729,0.762,0.723,0.266,LOW,SYNTHETIC_DEMO_DATA
2032,Odisha Coast,19.89261,85.80825,2025-09-04 14:42:19,29.527,0.527,25.294,1.653,0.394,111.2,15.288,65.926,996.945,71.561,3.146,32.235,0,none,0.835,0.725,0.555,0.503,MEDIUM,SYNTHETIC_DEMO_DATA
2033,Sundarbans,21.50336,89.033,2025-09-04 17:37:10,27.285,-0.915,18.484,3.239,0.497,39.04,19.201,51.622,1012.006,87.396,2.532,26.072,0,none,0.742,0.664,0.43,0.611,HIGH,SYNTHETIC_DEMO_DATA
2034,Gujarat Coast,21.85227,69.33209,2025-09-04 20:32:01,26.171,-1.329,33.822,2.196,0.601,158.39,19.738,35.949,997.253,74.477,2.483,19.655,1,cyclonic,0.675,0.568,0.58,0.573,MEDIUM,SYNTHETIC_DEMO_DATA
2035,Lakshadweep,10.5041,72.85365,2025-09-04 23:26:52,28.267,-0.233,31.808,2.096,0.938,289.75,15.514,45.793,1015.319,68.11,2.696,22.938,0,none,0.625,0.638,0.676,0.367,MEDIUM,SYNTHETIC_DEMO_DATA
2036,Andaman & Nicobar,11.67083,92.60781,2025-09-05 02:21:43,28.765,-0.235,30.357,2.011,0.347,348.36,14.292,33.681,1014.971,99.372,2.157,14.426,1,anticyclonic,0.634,0.762,0.757,0.347,MEDIUM,SYNTHETIC_DEMO_DATA
2037,Mumbai Coast,18.7295,72.45219,2025-09-05 05:16:34,27.667,-0.333,33.795,1.633,0.576,191.96,7.934,34.625,999.633,64.737,2.547,22.098,0,none,0.655,0.852,0.63,0.318,MEDIUM,SYNTHETIC_DEMO_DATA
2038,Sundarbans,21.62024,89.05273,2025-09-05 08:11:25,27.715,-0.485,18.5,2.049,0.709,47.79,19.431,43.594,1002.311,83.478,2.237,21.105,1,cyclonic,0.608,0.676,0.753,0.442,MEDIUM,SYNTHETIC_DEMO_DATA
2039,Lakshadweep,10.27778,72.93371,2025-09-05 11:06:16,27.786,-0.714,33.967,3.437,0.592,358.43,24.163,48.057,1007.818,74.612,2.414,23.675,1,anticyclonic,0.669,0.662,0.58,0.39,MEDIUM,SYNTHETIC_DEMO_DATA
2040,Kerala Coast,10.039,76.1798,2025-09-05 14:01:07,28.816,0.516,32.729,1.493,0.05,325.27,13.37,39.889,1010.433,82.527,2.366,21.143,0,none,0.658,0.605,0.676,0.351,MEDIUM,SYNTHETIC_DEMO_DATA
2041,Visakhapatnam,18.10197,83.1196,2025-09-05 16:55:58,28.241,-0.259,31.61,2.456,0.849,260.66,14.554,44.385,1019.15,98.69,2.299,21.457,0,none,0.732,0.578,0.585,0.325,MEDIUM,SYNTHETIC_DEMO_DATA
2042,Andaman & Nicobar,11.70796,92.35758,2025-09-05 19:50:49,28.531,-0.469,32.683,2.715,0.888,37.64,20.891,36.932,1016.223,50.83,2.294,17.036,0,none,0.634,0.662,0.651,0.297,LOW,SYNTHETIC_DEMO_DATA
2043,Goa Coast,15.61283,73.54293,2025-09-05 22:45:40,26.83,-1.37,32.171,2.316,0.886,337.99,20.409,35.47,1011.484,75.058,1.609,14.487,1,anticyclonic,0.495,0.518,0.604,0.585,MEDIUM,SYNTHETIC_DEMO_DATA
2044,Goa Coast,15.54538,73.77299,2025-09-06 01:40:31,28.978,0.778,32.641,2.298,0.66,295.21,19.696,37.029,1006.507,92.299,2.268,19.192,1,anticyclonic,0.595,0.808,0.566,0.457,MEDIUM,SYNTHETIC_DEMO_DATA
2045,Visakhapatnam,17.70753,83.12765,2025-09-06 04:35:22,26.86,-1.64,32.1,2.44,0.907,223.58,24.183,35.304,1016.185,79.357,1.98,17.735,0,none,0.684,0.613,0.51,0.545,MEDIUM,SYNTHETIC_DEMO_DATA
2046,Lakshadweep,10.6673,72.552,2025-09-06 07:30:14,28.901,0.401,33.108,2.181,0.377,252.65,17.319,34.407,1023.005,62.447,1.78,18.971,0,none,0.644,0.649,0.609,0.296,LOW,SYNTHETIC_DEMO_DATA
2047,Kerala Coast,10.01736,76.41311,2025-09-06 10:25:05,28.603,0.303,31.466,1.581,0.631,210.34,19.956,47.476,1008.303,67.858,2.497,19.932,0,none,0.779,0.726,0.642,0.345,MEDIUM,SYNTHETIC_DEMO_DATA
2048,Mumbai Coast,19.19101,72.38994,2025-09-06 13:19:56,27.291,-0.709,30.382,2.249,0.802,38.19,13.917,57.396,1001.177,81.523,3.28,27.444,0,none,0.915,0.57,0.612,0.445,MEDIUM,SYNTHETIC_DEMO_DATA
2049,Goa Coast,15.59844,73.64327,2025-09-06 16:14:47,28.899,0.699,30.615,2.492,0.828,176.88,15.782,50.338,1003.054,75.914,2.243,21.982,1,anticyclonic,0.613,0.646,0.633,0.494,MEDIUM,SYNTHETIC_DEMO_DATA
2050,Gujarat Coast,22.51687,70.07781,2025-09-06 19:09:38,26.787,-0.713,36.457,3.078,0.608,24.51,19.769,35.005,1004.35,100.0,2.123,19.766,0,none,0.666,0.786,0.652,0.391,MEDIUM,SYNTHETIC_DEMO_DATA
2051,Odisha Coast,19.96872,85.48047,2025-09-06 22:04:29,29.174,0.174,27.971,1.855,0.952,282.29,15.548,41.907,1013.914,100.0,2.755,19.275,0,none,0.615,0.701,0.595,0.306,MEDIUM,SYNTHETIC_DEMO_DATA
2052,Chennai Coast,12.87187,80.47931,2025-09-07 00:59:20,29.595,0.395,31.222,3.285,0.674,277.17,29.287,42.203,1003.488,98.509,2.492,24.752,0,none,0.83,0.625,0.634,0.414,MEDIUM,SYNTHETIC_DEMO_DATA
2053,Chennai Coast,12.86265,80.00808,2025-09-07 03:54:11,30.928,1.728,31.607,2.249,0.892,264.24,14.935,36.789,1007.678,75.541,2.62,22.334,1,anticyclonic,0.767,0.429,0.543,0.664,HIGH,SYNTHETIC_DEMO_DATA
2054,Lakshadweep,10.60985,72.47154,2025-09-07 06:49:02,29.759,1.259,31.482,2.29,0.659,43.92,15.759,36.249,999.987,85.362,2.138,14.442,0,none,0.555,0.692,0.573,0.479,MEDIUM,SYNTHETIC_DEMO_DATA
2055,Goa Coast,15.73292,73.44578,2025-09-07 09:43:53,28.948,0.748,30.382,2.297,0.836,320.02,16.179,47.044,1016.388,74.145,2.441,19.827,1,anticyclonic,0.886,0.759,0.647,0.446,MEDIUM,SYNTHETIC_DEMO_DATA
2056,Chennai Coast,13.4657,80.37412,2025-09-07 12:38:44,28.599,-0.601,31.363,2.084,0.641,28.15,15.623,37.698,1007.706,86.061,2.461,20.754,0,none,0.381,0.532,0.641,0.37,MEDIUM,SYNTHETIC_DEMO_DATA
2057,Goa Coast,15.66108,74.01233,2025-09-07 15:33:35,28.702,0.502,29.197,1.707,0.482,256.01,14.047,39.876,1008.887,81.441,1.816,18.405,0,none,0.667,0.673,0.528,0.374,MEDIUM,SYNTHETIC_DEMO_DATA
2058,Goa Coast,15.97398,74.04502,2025-09-07 18:28:26,28.393,0.193,30.265,2.219,0.595,34.14,16.023,47.434,1004.278,77.135,3.053,20.83,1,cyclonic,0.865,0.74,0.725,0.319,MEDIUM,SYNTHETIC_DEMO_DATA
2059,Chennai Coast,13.11679,80.27706,2025-09-07 21:23:17,29.283,0.083,31.397,2.816,0.663,153.72,19.857,31.833,1021.706,84.574,2.521,19.429,0,none,0.561,0.635,0.583,0.262,LOW,SYNTHETIC_DEMO_DATA
2060,Kerala Coast,10.23506,76.07281,2025-09-08 00:18:08,28.081,-0.219,32.685,1.932,0.331,28.76,16.721,40.988,1002.753,100.0,2.12,18.557,1,cyclonic,0.64,0.591,0.684,0.405,MEDIUM,SYNTHETIC_DEMO_DATA
2061,Andaman & Nicobar,11.97955,92.17594,2025-09-08 03:12:59,28.418,-0.582,30.522,1.323,1.123,355.6,10.146,38.153,1003.729,98.201,1.952,17.18,0,none,0.492,0.609,0.621,0.321,MEDIUM,SYNTHETIC_DEMO_DATA
2062,Mumbai Coast,18.60315,72.78635,2025-09-08 06:07:50,28.088,0.088,33.162,2.468,1.201,180.44,21.043,40.905,1012.856,100.0,2.632,20.586,0,none,0.761,0.808,0.734,0.277,LOW,SYNTHETIC_DEMO_DATA
2063,Odisha Coast,19.87409,86.02208,2025-09-08 09:02:42,28.374,-0.626,27.78,2.188,0.914,85.88,17.007,36.248,985.809,89.945,1.828,14.845,1,anticyclonic,0.601,0.749,0.628,0.457,MEDIUM,SYNTHETIC_DEMO_DATA
2064,Goa Coast,15.29857,74.21748,2025-09-08 11:57:33,28.632,0.432,31.118,2.26,0.588,280.32,13.461,28.403,998.365,88.704,1.923,17.112,1,cyclonic,0.611,0.669,0.526,0.379,MEDIUM,SYNTHETIC_DEMO_DATA
2065,Mumbai Coast,18.77527,73.09845,2025-09-08 14:52:24,26.896,-1.104,32.325,2.549,1.303,335.94,23.125,36.087,1007.683,85.896,2.791,22.289,1,cyclonic,0.87,0.697,0.538,0.502,MEDIUM,SYNTHETIC_DEMO_DATA
2066,Mumbai Coast,19.04435,72.83298,2025-09-08 17:47:15,28.652,0.652,31.58,1.585,0.362,289.24,10.261,48.462,1008.387,97.842,2.88,21.343,0,none,0.841,0.676,0.569,0.443,MEDIUM,SYNTHETIC_DEMO_DATA
2067,Goa Coast,15.58176,73.78851,2025-09-08 20:42:06,28.297,0.097,31.313,2.209,0.718,350.51,18.898,39.19,1013.175,84.304,2.253,17.289,0,none,0.64,0.753,0.774,0.311,MEDIUM,SYNTHETIC_DEMO_DATA
2068,Lakshadweep,10.51843,73.0345,2025-09-08 23:36:57,29.22,0.72,32.091,1.684,0.771,321.44,21.071,41.645,1000.145,87.852,2.409,24.465,0,none,0.649,0.856,0.471,0.339,MEDIUM,SYNTHETIC_DEMO_DATA
2069,Chennai Coast,13.06914,80.66491,2025-09-09 02:31:48,28.841,-0.359,31.704,2.932,0.743,340.12,24.762,42.932,1005.485,66.052,2.156,20.218,0,none,0.689,0.793,0.763,0.278,LOW,SYNTHETIC_DEMO_DATA
2070,Kerala Coast,9.9347,76.22893,2025-09-09 05:26:39,27.661,-0.639,32.252,2.311,0.689,48.79,14.359,37.706,1021.516,73.834,2.305,13.209,1,anticyclonic,0.52,0.639,0.714,0.402,MEDIUM,SYNTHETIC_DEMO_DATA
2071,Odisha Coast,19.83021,85.74807,2025-09-09 08:21:30,29.201,0.201,29.53,2.713,1.028,92.56,22.836,41.919,997.259,81.876,2.536,21.711,1,cyclonic,0.731,0.769,0.771,0.34,MEDIUM,SYNTHETIC_DEMO_DATA
2072,Gujarat Coast,22.40769,69.53042,2025-09-09 11:16:21,26.724,-0.776,35.912,1.206,0.845,304.72,11.633,36.535,1008.97,84.961,2.395,17.546,1,cyclonic,0.653,0.711,0.683,0.487,MEDIUM,SYNTHETIC_DEMO_DATA
2073,Kerala Coast,9.67184,76.22987,2025-09-09 14:11:12,27.915,-0.385,32.231,1.72,0.568,89.11,10.162,32.452,1003.771,90.493,1.984,14.713,0,none,0.647,0.788,0.759,0.305,MEDIUM,SYNTHETIC_DEMO_DATA
2074,Chennai Coast,12.85257,80.021,2025-09-09 17:06:03,29.37,0.17,32.51,2.083,0.547,347.24,11.626,27.785,1010.572,100.0,2.029,17.54,0,none,0.595,0.7,0.654,0.278,LOW,SYNTHETIC_DEMO_DATA
2075,Gujarat Coast,22.27964,69.5361,2025-09-09 20:00:54,27.832,0.332,34.432,1.65,0.954,295.2,11.038,33.288,1004.792,61.155,1.546,15.198,0,none,0.677,0.852,0.657,0.284,LOW,SYNTHETIC_DEMO_DATA
2076,Kerala Coast,9.57091,76.0504,2025-09-09 22:55:45,29.015,0.715,30.969,1.347,1.183,128.26,6.695,47.401,999.589,82.856,2.862,24.108,1,cyclonic,0.773,0.559,0.56,0.496,MEDIUM,SYNTHETIC_DEMO_DATA
2077,Kerala Coast,9.99072,76.42789,2025-09-10 01:50:36,27.254,-1.046,30.886,2.075,0.545,212.95,14.822,62.663,1016.145,90.873,2.952,25.025,0,none,0.662,0.62,0.578,0.495,MEDIUM,SYNTHETIC_DEMO_DATA
2078,Kerala Coast,9.88362,76.20158,2025-09-10 04:45:27,27.096,-1.204,31.929,2.298,0.633,74.95,20.315,49.381,1012.637,77.146,2.834,22.633,0,none,0.888,0.702,0.564,0.544,MEDIUM,SYNTHETIC_DEMO_DATA
2079,Visakhapatnam,17.78546,83.39256,2025-09-10 07:40:18,27.599,-0.901,32.4,2.11,0.7,210.3,10.458,38.475,997.177,87.154,2.349,19.369,1,cyclonic,0.601,0.501,0.534,0.573,MEDIUM,SYNTHETIC_DEMO_DATA
2080,Odisha Coast,19.52133,85.59469,2025-09-10 10:35:10,28.841,-0.159,27.553,1.722,0.721,49.12,13.207,38.555,1011.07,74.297,2.495,24.031,0,none,0.711,0.558,0.697,0.363,MEDIUM,SYNTHETIC_DEMO_DATA
2081,Andaman & Nicobar,11.89958,92.53311,2025-09-10 13:30:01,29.451,0.451,30.627,3.087,0.933,267.41,20.379,44.216,1001.026,90.374,2.429,24.393,0,none,0.503,0.681,0.584,0.36,MEDIUM,SYNTHETIC_DEMO_DATA
2082,Sundarbans,21.86556,89.33778,2025-09-10 16:24:52,28.818,0.618,20.866,2.795,0.738,236.94,22.566,40.63,996.592,85.706,2.101,17.872,1,anticyclonic,0.526,0.738,0.535,0.462,MEDIUM,SYNTHETIC_DEMO_DATA
2083,Chennai Coast,12.8723,80.0479,2025-09-10 19:19:43,29.187,-0.013,31.853,2.255,0.562,241.49,19.942,44.383,1006.589,100.0,2.851,24.056,1,cyclonic,0.804,0.778,0.715,0.285,LOW,SYNTHETIC_DEMO_DATA
2084,Gujarat Coast,22.09225,69.70783,2025-09-10 22:14:34,27.211,-0.289,32.174,1.492,0.555,11.35,13.908,41.983,1013.514,96.888,2.454,20.273,0,none,0.644,0.802,0.724,0.349,MEDIUM,SYNTHETIC_DEMO_DATA
2085,Odisha Coast,19.6881,85.80672,2025-09-11 01:09:25,28.448,-0.552,26.568,3.145,0.319,342.52,16.0,50.783,1002.344,75.825,2.613,25.184,0,none,0.848,0.684,0.682,0.387,MEDIUM,SYNTHETIC_DEMO_DATA
2086,Gujarat Coast,22.1788,69.69896,2025-09-11 04:04:16,27.543,0.043,32.599,1.37,0.59,149.19,12.173,50.786,998.806,88.793,3.164,22.403,1,cyclonic,0.788,0.82,0.604,0.332,MEDIUM,SYNTHETIC_DEMO_DATA
2087,Goa Coast,15.40722,73.90631,2025-09-11 06:59:07,26.97,-1.23,32.857,1.785,0.447,359.19,12.924,47.047,1000.588,84.705,2.774,22.8,1,cyclonic,0.672,0.583,0.636,0.609,HIGH,SYNTHETIC_DEMO_DATA
2088,Gujarat Coast,22.25765,69.68637,2025-09-11 09:53:58,27.859,0.359,36.428,1.829,0.753,93.93,8.395,38.139,999.75,53.747,2.636,17.475,0,none,0.616,0.746,0.653,0.358,MEDIUM,SYNTHETIC_DEMO_DATA
2089,Chennai Coast,13.27982,79.94302,2025-09-11 12:48:49,28.618,-0.582,30.95,2.32,0.86,320.86,14.797,34.635,1004.999,67.256,2.706,13.08,0,none,0.754,0.709,0.82,0.34,MEDIUM,SYNTHETIC_DEMO_DATA
2090,Sundarbans,21.90433,89.10178,2025-09-11 15:43:40,27.595,-0.605,18.354,2.609,1.032,192.84,14.317,56.256,1004.471,78.901,2.755,24.039,0,none,0.83,0.761,0.63,0.436,MEDIUM,SYNTHETIC_DEMO_DATA
2091,Andaman & Nicobar,11.76051,92.44483,2025-09-11 18:38:31,28.441,-0.559,30.059,0.97,0.618,12.34,13.257,53.563,1003.14,95.149,3.032,22.772,0,none,0.762,0.674,0.52,0.374,MEDIUM,SYNTHETIC_DEMO_DATA
2092,Chennai Coast,12.99569,80.46202,2025-09-11 21:33:22,30.791,1.591,28.203,2.023,1.045,284.82,14.881,32.002,1004.038,80.327,2.553,18.304,1,anticyclonic,0.705,0.589,0.563,0.622,HIGH,SYNTHETIC_DEMO_DATA
2093,Andaman & Nicobar,11.7294,92.72109,2025-09-12 00:28:13,28.895,-0.105,31.512,1.652,0.95,149.65,14.691,48.18,1017.649,71.674,3.027,25.939,0,none,0.815,0.901,0.669,0.253,LOW,SYNTHETIC_DEMO_DATA
2094,Odisha Coast,19.78091,85.86777,2025-09-12 03:23:04,29.643,0.643,28.735,1.798,0.702,96.13,15.086,35.926,1001.029,70.404,1.719,18.516,0,none,0.53,0.586,0.542,0.469,MEDIUM,SYNTHETIC_DEMO_DATA
2095,Odisha Coast,20.18799,85.99512,2025-09-12 06:17:55,30.06,1.06,30.885,1.81,1.101,243.03,18.051,40.477,1008.231,74.813,2.5,19.677,1,cyclonic,0.735,0.717,0.649,0.537,MEDIUM,SYNTHETIC_DEMO_DATA
2096,Goa Coast,15.69347,73.71042,2025-09-12 09:12:46,27.935,-0.265,31.989,2.797,0.906,327.69,26.125,28.124,1001.449,72.625,2.247,18.528,0,none,0.705,0.684,0.64,0.34,MEDIUM,SYNTHETIC_DEMO_DATA
2097,Lakshadweep,10.56628,72.53899,2025-09-12 12:07:38,27.567,-0.933,33.587,2.661,0.555,155.4,22.62,34.035,1013.965,83.347,2.699,20.367,0,none,0.746,0.629,0.629,0.409,MEDIUM,SYNTHETIC_DEMO_DATA
2098,Andaman & Nicobar,11.8554,92.38525,2025-09-12 15:02:29,29.353,0.353,30.865,0.688,1.026,10.74,6.504,48.395,1015.531,83.69,2.456,23.609,1,cyclonic,0.662,1.0,0.675,0.347,MEDIUM,SYNTHETIC_DEMO_DATA
2099,Goa Coast,15.44008,73.9098,2025-09-12 17:57:20,28.026,-0.174,30.641,1.526,0.421,313.73,11.636,49.243,1002.68,95.981,2.591,18.391,0,none,0.752,0.645,0.692,0.319,MEDIUM,SYNTHETIC_DEMO_DATA
2100,Visakhapatnam,17.89604,83.40662,2025-09-12 20:52:11,26.893,-1.607,33.883,2.256,0.896,85.05,17.476,42.582,1014.488,68.428,3.039,24.863,0,none,0.723,0.592,0.392,0.62,HIGH,SYNTHETIC_DEMO_DATA
2101,Lakshadweep,10.77913,72.70484,2025-09-12 23:47:02,28.317,-0.183,33.409,1.132,0.908,103.03,11.816,25.47,1008.972,75.373,2.035,15.638,0,none,0.499,0.817,0.683,0.161,LOW,SYNTHETIC_DEMO_DATA
2102,Gujarat Coast,22.29416,69.18315,2025-09-13 02:41:53,27.95,0.45,34.051,1.615,1.032,120.62,17.715,36.984,1004.706,69.972,2.652,15.775,1,anticyclonic,0.6,0.619,0.631,0.455,MEDIUM,SYNTHETIC_DEMO_DATA
2103,Odisha Coast,20.079,85.8632,2025-09-13 05:36:44,29.258,0.258,29.07,1.957,1.045,53.47,15.953,50.201,1001.001,66.543,2.707,23.694,1,anticyclonic,0.778,0.629,0.498,0.436,MEDIUM,SYNTHETIC_DEMO_DATA
2104,Odisha Coast,19.7812,85.93625,2025-09-13 08:31:35,29.169,0.169,29.292,2.028,1.038,204.5,14.654,43.695,984.924,89.25,2.61,20.95,1,cyclonic,0.768,0.763,0.667,0.409,MEDIUM,SYNTHETIC_DEMO_DATA
2105,Andaman & Nicobar,11.40514,92.53417,2025-09-13 11:26:26,28.899,-0.101,29.163,2.347,0.695,7.81,13.637,56.735,1006.836,100.0,2.793,20.543,1,cyclonic,0.775,0.702,0.674,0.317,MEDIUM,SYNTHETIC_DEMO_DATA
2106,Visakhapatnam,18.02292,83.28047,2025-09-13 14:21:17,28.375,-0.125,32.074,2.914,0.529,58.75,17.357,24.078,1009.754,92.353,1.64,14.67,0,none,0.572,0.77,0.766,0.25,LOW,SYNTHETIC_DEMO_DATA
2107,Goa Coast,15.2778,73.51566,2025-09-13 17:16:08,27.349,-0.851,28.256,1.69,0.602,138.89,18.04,54.317,1008.289,100.0,3.356,28.655,0,none,0.824,0.755,0.597,0.437,MEDIUM,SYNTHETIC_DEMO_DATA
2108,Odisha Coast,19.77259,85.60753,2025-09-13 20:10:59,29.078,0.078,31.276,2.003,0.603,68.17,16.169,34.697,998.119,100.0,2.518,17.436,0,none,0.784,0.834,0.676,0.331,MEDIUM,SYNTHETIC_DEMO_DATA
2109,Visakhapatnam,17.82952,83.09645,2025-09-13 23:05:50,28.495,-0.005,31.605,2.065,0.462,195.49,16.541,34.073,1018.166,81.921,2.113,15.367,0,none,0.604,0.659,0.787,0.203,LOW,SYNTHETIC_DEMO_DATA
2110,Visakhapatnam,17.72094,83.47476,2025-09-14 02:00:41,28.445,-0.055,32.997,1.966,1.067,248.85,16.482,32.159,1005.978,81.617,1.853,17.875,1,cyclonic,0.738,0.749,0.807,0.269,LOW,SYNTHETIC_DEMO_DATA
2111,Visakhapatnam,17.69917,83.14912,2025-09-14 04:55:32,29.653,1.153,30.994,3.053,1.065,339.82,21.449,35.911,1003.282,92.495,2.17,17.553,1,cyclonic,0.632,0.531,0.502,0.523,MEDIUM,SYNTHETIC_DEMO_DATA
2112,Gujarat Coast,22.37227,69.31519,2025-09-14 07:50:23,27.748,0.248,33.208,1.799,1.116,91.33,7.695,29.673,1020.841,80.695,2.129,14.111,1,anticyclonic,0.664,0.812,0.653,0.37,MEDIUM,SYNTHETIC_DEMO_DATA
2113,Lakshadweep,10.47924,72.13801,2025-09-14 10:45:14,28.654,0.154,35.696,1.797,0.243,320.8,14.23,34.296,1011.185,90.63,1.75,16.349,0,none,0.542,0.826,0.696,0.225,LOW,SYNTHETIC_DEMO_DATA
2114,Lakshadweep,10.88952,72.5809,2025-09-14 13:40:06,27.562,-0.938,33.135,2.029,1.074,159.09,10.368,28.159,1009.107,59.333,1.732,15.09,1,cyclonic,0.527,0.615,0.581,0.464,MEDIUM,SYNTHETIC_DEMO_DATA
2115,Goa Coast,15.33727,73.91124,2025-09-14 16:34:57,27.779,-0.421,31.584,2.152,1.068,100.33,18.72,46.545,999.586,81.843,2.045,18.492,0,none,0.656,0.788,0.643,0.286,LOW,SYNTHETIC_DEMO_DATA
2116,Visakhapatnam,17.46447,83.3455,2025-09-14 19:29:48,28.539,0.039,28.364,2.616,0.927,310.11,21.198,54.236,1004.606,82.838,3.72,28.253,0,none,0.895,0.785,0.548,0.329,MEDIUM,SYNTHETIC_DEMO_DATA
2117,Lakshadweep,10.68323,72.58333,2025-09-14 22:24:39,29.094,0.594,35.359,3.349,0.648,323.46,24.914,25.667,1013.195,99.064,1.525,14.902,1,cyclonic,0.568,0.566,0.703,0.38,MEDIUM,SYNTHETIC_DEMO_DATA
2118,Mumbai Coast,19.20219,72.68292,2025-09-15 01:19:30,28.919,0.919,32.205,2.306,0.965,3.65,21.704,57.655,1003.662,100.0,3.109,26.907,0,none,0.728,0.495,0.572,0.436,MEDIUM,SYNTHETIC_DEMO_DATA
2119,Mumbai Coast,19.09524,72.92123,2025-09-15 04:14:21,26.433,-1.567,29.581,2.61,0.886,168.41,22.133,44.578,1006.353,88.167,2.664,21.815,0,none,0.786,0.512,0.394,0.61,HIGH,SYNTHETIC_DEMO_DATA
2120,Goa Coast,15.64495,73.68779,2025-09-15 07:09:12,27.666,-0.534,31.042,0.855,0.903,204.8,11.865,47.206,1003.563,86.706,2.307,21.652,1,anticyclonic,0.64,0.758,0.72,0.411,MEDIUM,SYNTHETIC_DEMO_DATA
2121,Goa Coast,15.75487,73.71054,2025-09-15 10:04:03,28.461,0.261,30.457,2.193,0.894,60.53,16.022,55.379,995.229,80.727,2.964,26.943,0,none,0.764,0.589,0.627,0.348,MEDIUM,SYNTHETIC_DEMO_DATA
2122,Lakshadweep,10.54632,72.22588,2025-09-15 12:58:54,27.835,-0.665,32.634,2.489,0.782,62.14,19.55,25.853,996.848,76.183,1.479,12.639,1,anticyclonic,0.556,0.632,0.682,0.293,LOW,SYNTHETIC_DEMO_DATA
2123,Mumbai Coast,19.18028,72.72894,2025-09-15 15:53:45,28.113,0.113,31.218,2.057,0.622,285.64,11.688,37.009,1006.931,79.927,2.48,17.79,0,none,0.657,0.829,0.769,0.269,LOW,SYNTHETIC_DEMO_DATA
2124,Gujarat Coast,22.32972,70.06272,2025-09-15 18:48:36,25.064,-2.436,35.298,1.866,0.564,299.66,17.903,38.708,1007.287,85.959,2.174,17.855,1,anticyclonic,0.669,0.485,0.472,0.759,HIGH,SYNTHETIC_DEMO_DATA
2125,Goa Coast,15.29683,73.75656,2025-09-15 21:43:27,28.839,0.639,30.029,1.067,0.524,321.77,6.666,41.729,1017.197,85.313,2.724,19.321,1,cyclonic,0.906,0.714,0.585,0.336,MEDIUM,SYNTHETIC_DEMO_DATA
2126,Visakhapatnam,17.70808,83.35815,2025-09-16 00:38:18,29.001,0.501,31.738,2.117,0.995,340.54,20.125,28.88,1010.359,57.94,2.003,13.654,0,none,0.553,0.672,0.729,0.324,MEDIUM,SYNTHETIC_DEMO_DATA
2127,Chennai Coast,12.69443,79.84131,2025-09-16 03:33:09,29.148,-0.052,32.852,1.602,1.016,176.76,10.209,22.143,1004.187,72.103,1.852,13.81,1,cyclonic,0.542,0.532,0.783,0.291,LOW,SYNTHETIC_DEMO_DATA
2128,Gujarat Coast,22.38072,68.92186,2025-09-16 06:28:00,28.683,1.183,35.606,1.662,1.017,168.03,9.832,30.748,1019.888,66.427,2.283,14.028,1,cyclonic,0.606,0.557,0.715,0.541,MEDIUM,SYNTHETIC_DEMO_DATA
2129,Sundarbans,21.8348,88.97973,2025-09-16 09:22:51,27.051,-1.149,19.011,2.875,0.676,303.49,22.938,50.709,1010.271,73.265,2.954,25.819,0,none,0.759,0.538,0.56,0.565,MEDIUM,SYNTHETIC_DEMO_DATA
2130,Chennai Coast,13.09639,80.2371,2025-09-16 12:17:42,28.429,-0.771,31.739,2.11,0.545,294.81,11.017,41.8,1012.27,69.616,2.226,17.589,1,anticyclonic,0.67,0.796,0.602,0.423,MEDIUM,SYNTHETIC_DEMO_DATA
2131,Goa Coast,15.40891,73.96921,2025-09-16 15:12:33,28.021,-0.179,30.432,2.544,0.61,314.79,21.361,37.797,1017.478,88.811,2.196,18.142,1,anticyclonic,0.549,0.62,0.793,0.343,MEDIUM,SYNTHETIC_DEMO_DATA
2132,Lakshadweep,10.37845,72.8978,2025-09-16 18:07:25,29.17,0.67,34.979,3.101,1.155,283.47,28.39,36.08,1011.21,87.806,2.275,19.131,0,none,0.79,0.81,0.637,0.326,MEDIUM,SYNTHETIC_DEMO_DATA
2133,Mumbai Coast,19.15022,72.40087,2025-09-16 21:02:16,27.47,-0.53,32.379,2.07,0.597,11.87,12.881,52.93,1017.816,68.603,3.301,26.453,1,anticyclonic,0.865,0.772,0.625,0.404,MEDIUM,SYNTHETIC_DEMO_DATA
2134,Chennai Coast,13.4373,79.84932,2025-09-16 23:57:07,29.078,-0.122,32.151,2.297,0.316,356.92,18.084,44.026,1012.227,73.564,2.625,23.205,0,none,0.673,0.636,0.723,0.327,MEDIUM,SYNTHETIC_DEMO_DATA
2135,Kerala Coast,9.72802,76.48774,2025-09-17 02:51:58,28.23,-0.07,32.043,2.045,0.981,317.95,12.51,52.36,1011.734,89.178,2.903,23.151,0,none,0.776,0.749,0.797,0.325,MEDIUM,SYNTHETIC_DEMO_DATA
2136,Gujarat Coast,22.33036,69.82808,2025-09-17 05:46:49,28.797,1.297,34.367,2.211,1.051,82.2,18.645,30.655,1024.553,87.506,2.437,17.417,1,cyclonic,0.539,0.576,0.577,0.588,MEDIUM,SYNTHETIC_DEMO_DATA
2137,Mumbai Coast,18.94877,72.96605,2025-09-17 08:41:40,28.509,0.509,30.959,2.343,0.883,232.87,16.357,50.495,1012.261,76.854,3.385,25.224,1,anticyclonic,0.824,0.768,0.602,0.481,MEDIUM,SYNTHETIC_DEMO_DATA
2138,Sundarbans,21.40221,89.46898,2025-09-17 11:36:31,28.017,-0.183,19.394,2.663,0.966,100.77,17.45,39.102,1002.36,99.734,1.889,17.302,1,anticyclonic,0.648,0.764,0.553,0.404,MEDIUM,SYNTHETIC_DEMO_DATA
2139,Mumbai Coast,18.89041,73.01628,2025-09-17 14:31:22,28.013,0.013,33.337,3.01,0.259,241.38,22.268,35.247,1023.536,60.183,2.128,18.462,1,anticyclonic,0.629,0.751,0.739,0.344,MEDIUM,SYNTHETIC_DEMO_DATA
2140,Kerala Coast,9.77461,76.30053,2025-09-17 17:26:13,27.931,-0.369,34.759,1.825,0.854,349.48,8.76,51.504,1000.25,95.567,2.927,25.009,0,none,0.912,0.694,0.519,0.364,MEDIUM,SYNTHETIC_DEMO_DATA
2141,Goa Coast,15.84181,73.84604,2025-09-17 20:21:04,27.903,-0.297,31.017,2.4,0.697,81.08,17.095,53.678,1003.734,100.0,3.12,25.954,0,none,0.764,0.648,0.655,0.33,MEDIUM,SYNTHETIC_DEMO_DATA
2142,Andaman & Nicobar,11.44694,92.43068,2025-09-17 23:15:55,29.491,0.491,30.844,2.954,0.758,308.23,20.437,47.101,1004.179,78.974,2.666,25.654,0,none,0.868,0.73,0.554,0.439,MEDIUM,SYNTHETIC_DEMO_DATA
2143,Lakshadweep,10.64534,72.68395,2025-09-18 02:10:46,30.016,1.516,32.227,3.074,1.148,97.27,22.649,34.768,1000.351,66.247,2.374,16.684,1,cyclonic,0.601,0.607,0.431,0.559,MEDIUM,SYNTHETIC_DEMO_DATA
2144,Gujarat Coast,22.24827,69.6123,2025-09-18 05:05:37,25.773,-1.727,34.856,2.978,0.913,92.46,18.249,25.384,1014.143,75.769,2.032,14.143,1,anticyclonic,0.59,0.531,0.543,0.582,MEDIUM,SYNTHETIC_DEMO_DATA
2145,Chennai Coast,13.00145,80.37849,2025-09-18 08:00:28,30.467,1.267,30.862,2.067,0.955,336.2,16.848,42.63,991.306,90.354,2.95,23.685,1,cyclonic,0.808,0.624,0.562,0.554,MEDIUM,SYNTHETIC_DEMO_DATA
2146,Kerala Coast,9.84283,76.22163,2025-09-18 10:55:19,28.754,0.454,31.807,2.491,1.082,291.06,13.383,41.025,1008.182,81.671,2.866,20.459,1,anticyclonic,0.797,0.808,0.675,0.39,MEDIUM,SYNTHETIC_DEMO_DATA
2147,Odisha Coast,19.55162,85.85737,2025-09-18 13:50:10,30.769,1.769,25.895,2.871,0.559,339.75,23.219,54.857,1016.178,95.161,3.286,24.605,1,cyclonic,0.844,0.585,0.498,0.758,HIGH,SYNTHETIC_DEMO_DATA
2148,Lakshadweep,10.54814,72.81827,2025-09-18 16:45:01,28.155,-0.345,33.422,2.406,0.918,277.5,14.914,46.303,1023.377,92.518,1.987,13.367,0,none,0.721,0.813,0.693,0.223,LOW,SYNTHETIC_DEMO_DATA
2149,Andaman & Nicobar,11.59265,92.79696,2025-09-18 19:39:53,29.072,0.072,30.109,2.119,0.621,343.19,6.592,54.056,1008.322,67.904,2.901,26.233,0,none,0.751,0.659,0.63,0.271,LOW,SYNTHETIC_DEMO_DATA
2150,Andaman & Nicobar,11.63992,92.62091,2025-09-18 22:34:44,29.34,0.34,31.684,2.26,0.517,336.06,19.218,45.295,1006.806,74.095,2.993,21.705,0,none,0.928,0.758,0.771,0.339,MEDIUM,SYNTHETIC_DEMO_DATA
2151,Chennai Coast,13.31013,80.33423,2025-09-19 01:29:35,28.99,-0.21,34.104,2.451,1.011,111.56,17.026,37.934,1015.767,72.012,2.404,18.24,0,none,0.741,0.827,0.669,0.316,MEDIUM,SYNTHETIC_DEMO_DATA
2152,Chennai Coast,13.48582,80.57507,2025-09-19 04:24:26,30.27,1.07,32.239,2.28,1.056,359.14,11.482,35.075,1011.035,100.0,2.329,20.308,0,none,0.691,0.571,0.56,0.47,MEDIUM,SYNTHETIC_DEMO_DATA
2153,Andaman & Nicobar,11.89905,92.59972,2025-09-19 07:19:17,29.944,0.944,32.444,1.69,0.417,47.28,14.763,30.401,1001.997,64.072,1.834,13.103,0,none,0.613,0.594,0.624,0.438,MEDIUM,SYNTHETIC_DEMO_DATA
2154,Mumbai Coast,18.53058,72.88514,2025-09-19 10:14:08,27.317,-0.683,32.938,2.993,0.207,145.43,24.019,37.573,1015.53,90.815,1.899,21.566,0,none,0.738,0.647,0.625,0.437,MEDIUM,SYNTHETIC_DEMO_DATA
2155,Goa Coast,14.92849,73.75908,2025-09-19 13:08:59,28.264,0.064,32.731,1.026,0.712,349.14,5.217,42.69,1013.978,83.703,1.812,19.706,1,cyclonic,0.617,0.641,0.618,0.367,MEDIUM,SYNTHETIC_DEMO_DATA
2156,Kerala Coast,9.98785,76.54831,2025-09-19 16:03:50,28.792,0.492,29.404,2.055,0.854,133.86,13.282,62.29,1000.457,86.04,3.276,24.67,0,none,0.915,0.683,0.651,0.394,MEDIUM,SYNTHETIC_DEMO_DATA
2157,Kerala Coast,9.87821,76.75982,2025-09-19 18:58:41,28.84,0.54,31.445,1.205,0.487,103.51,9.179,50.857,1013.074,98.266,2.545,21.984,1,anticyclonic,0.86,0.66,0.575,0.449,MEDIUM,SYNTHETIC_DEMO_DATA
2158,Gujarat Coast,22.383,69.6143,2025-09-19 21:53:32,27.914,0.414,34.226,3.21,0.618,291.23,24.925,37.775,1007.231,91.129,1.816,21.294,1,anticyclonic,0.589,0.787,0.617,0.417,MEDIUM,SYNTHETIC_DEMO_DATA
2159,Andaman & Nicobar,11.91318,92.71859,2025-09-20 00:48:23,27.66,-1.34,29.384,2.46,1.048,74.07,14.979,43.466,1005.366,100.0,2.814,16.63,0,none,0.756,0.553,0.63,0.5,MEDIUM,SYNTHETIC_DEMO_DATA
2160,Chennai Coast,12.90359,80.11122,2025-09-20 03:43:14,27.796,-1.404,32.527,2.48,1.235,179.36,15.606,47.376,1013.126,83.724,2.618,14.558,1,cyclonic,0.757,0.605,0.481,0.584,MEDIUM,SYNTHETIC_DEMO_DATA
2161,Andaman & Nicobar,11.8533,92.69499,2025-09-20 06:38:05,29.192,0.192,30.273,2.139,0.57,233.83,19.217,45.46,994.832,82.749,3.229,24.503,0,none,0.725,0.767,0.743,0.247,LOW,SYNTHETIC_DEMO_DATA
2162,Visakhapatnam,17.72665,82.99363,2025-09-20 09:32:56,27.193,-1.307,35.207,1.965,1.282,221.8,13.783,40.212,1010.246,67.511,2.379,15.639,1,cyclonic,0.563,0.529,0.517,0.553,MEDIUM,SYNTHETIC_DEMO_DATA
2163,Kerala Coast,9.72276,76.29986,2025-09-20 12:27:47,27.152,-1.148,32.388,1.934,1.135,218.5,18.369,59.086,1006.735,90.871,3.377,28.276,1,cyclonic,0.808,0.764,0.531,0.534,MEDIUM,SYNTHETIC_DEMO_DATA
2164,Lakshadweep,10.67334,72.70858,2025-09-20 15:22:38,28.758,0.258,33.318,1.552,0.848,335.48,12.51,35.365,1015.055,92.194,2.493,14.698,0,none,0.781,0.621,0.682,0.239,LOW,SYNTHETIC_DEMO_DATA
2165,Lakshadweep,10.42524,73.08481,2025-09-20 18:17:29,29.36,0.86,33.592,2.656,0.602,145.36,18.8,37.187,1015.349,73.535,2.699,19.249,0,none,0.733,0.66,0.588,0.415,MEDIUM,SYNTHETIC_DEMO_DATA
2166,Lakshadweep,10.44427,72.77334,2025-09-20 21:12:21,28.153,-0.347,35.348,2.599,0.803,279.01,26.718,37.905,1005.501,80.028,3.191,17.653,1,cyclonic,0.729,0.738,0.651,0.345,MEDIUM,SYNTHETIC_DEMO_DATA
2167,Chennai Coast,13.29629,80.18569,2025-09-21 00:07:12,29.053,-0.147,32.177,2.129,1.198,271.5,16.835,15.764,1011.242,78.286,1.193,13.17,0,none,0.398,0.602,0.784,0.193,LOW,SYNTHETIC_DEMO_DATA
2168,Andaman & Nicobar,11.81448,92.72815,2025-09-21 03:02:03,28.262,-0.738,29.918,1.026,0.438,285.09,5.276,46.208,992.12,84.957,1.916,20.806,0,none,0.671,0.852,0.535,0.378,MEDIUM,SYNTHETIC_DEMO_DATA
2169,Lakshadweep,10.61416,72.75198,2025-09-21 05:56:54,27.369,-1.131,33.301,2.7,0.57,247.02,24.207,36.294,1014.579,89.488,2.449,19.468,1,cyclonic,0.7,0.638,0.545,0.501,MEDIUM,SYNTHETIC_DEMO_DATA
2170,Lakshadweep,10.41394,72.55431,2025-09-21 08:51:45,29.275,0.775,30.556,3.288,0.456,197.44,24.702,40.831,1007.536,72.515,2.535,20.065,0,none,0.628,0.655,0.706,0.406,MEDIUM,SYNTHETIC_DEMO_DATA
2171,Sundarbans,21.95892,89.21382,2025-09-21 11:46:36,28.838,0.638,18.413,2.212,0.893,160.94,17.896,39.963,1005.66,97.86,2.148,17.436,0,none,0.683,0.884,0.59,0.444,MEDIUM,SYNTHETIC_DEMO_DATA
2172,Goa Coast,15.26818,74.1522,2025-09-21 14:41:27,27.545,-0.655,31.901,2.041,0.82,191.41,20.558,52.875,993.879,93.646,3.035,23.028,1,cyclonic,0.97,0.757,0.504,0.396,MEDIUM,SYNTHETIC_DEMO_DATA
2173,Lakshadweep,10.58378,72.84529,2025-09-21 17:36:18,28.993,0.493,31.823,2.617,0.395,332.04,19.558,39.078,1008.403,93.315,2.409,19.318,0,none,0.8,0.726,0.668,0.382,MEDIUM,SYNTHETIC_DEMO_DATA
2174,Goa Coast,15.86936,73.82646,2025-09-21 20:31:09,26.801,-1.399,33.452,2.307,1.052,176.58,14.687,37.903,1012.574,79.035,2.421,19.505,1,anticyclonic,0.653,0.591,0.595,0.538,MEDIUM,SYNTHETIC_DEMO_DATA
2175,Visakhapatnam,17.54757,83.13381,2025-09-21 23:26:00,28.609,0.109,31.616,2.209,0.643,199.87,16.659,41.757,997.054,67.396,2.615,21.536,1,cyclonic,0.687,0.698,0.764,0.301,MEDIUM,SYNTHETIC_DEMO_DATA
2176,Goa Coast,15.33151,73.80884,2025-09-22 02:20:51,27.472,-0.728,31.445,3.666,0.929,242.61,22.982,42.837,1005.536,74.46,2.58,21.75,1,cyclonic,0.75,0.679,0.583,0.487,MEDIUM,SYNTHETIC_DEMO_DATA
2177,Odisha Coast,19.83671,86.25655,2025-09-22 05:15:42,28.133,-0.867,27.28,1.587,0.648,146.58,13.629,53.405,998.371,80.573,2.827,24.695,0,none,0.832,0.629,0.519,0.457,MEDIUM,SYNTHETIC_DEMO_DATA
2178,Kerala Coast,9.62191,76.47949,2025-09-22 08:10:33,28.463,0.163,32.358,2.184,0.798,335.38,14.079,57.53,1018.327,93.784,2.47,25.557,0,none,0.718,0.563,0.712,0.378,MEDIUM,SYNTHETIC_DEMO_DATA
2179,Gujarat Coast,22.36097,69.5685,2025-09-22 11:05:24,28.395,0.895,33.192,3.447,1.101,74.24,24.648,42.286,1004.446,90.166,2.242,25.745,1,cyclonic,0.694,0.581,0.539,0.554,MEDIUM,SYNTHETIC_DEMO_DATA
2180,Kerala Coast,10.09824,76.18882,2025-09-22 14:00:15,27.396,-0.904,29.867,1.908,0.495,359.16,9.614,44.785,1003.663,81.776,2.983,24.752,1,cyclonic,0.877,0.751,0.557,0.468,MEDIUM,SYNTHETIC_DEMO_DATA
2181,Gujarat Coast,22.04337,69.57206,2025-09-22 16:55:06,26.292,-1.208,34.726,1.433,0.583,214.75,13.012,26.2,1008.686,95.325,1.704,12.611,1,anticyclonic,0.652,0.606,0.628,0.506,MEDIUM,SYNTHETIC_DEMO_DATA
2182,Visakhapatnam,17.83818,83.6255,2025-09-22 19:49:57,27.941,-0.559,31.689,1.951,0.561,357.9,16.92,35.779,1005.681,73.913,2.94,22.015,1,cyclonic,0.622,0.536,0.658,0.462,MEDIUM,SYNTHETIC_DEMO_DATA
2183,Gujarat Coast,22.33322,69.77157,2025-09-22 22:44:49,26.708,-0.792,35.041,1.831,0.676,186.95,13.146,38.559,1016.991,92.987,2.674,19.972,1,cyclonic,0.696,0.656,0.673,0.471,MEDIUM,SYNTHETIC_DEMO_DATA
2184,Gujarat Coast,22.24763,69.88519,2025-09-23 01:39:40,26.748,-0.752,34.121,2.102,0.484,343.19,14.644,31.568,994.463,77.29,1.759,12.807,0,none,0.704,0.807,0.563,0.392,MEDIUM,SYNTHETIC_DEMO_DATA
2185,Gujarat Coast,22.05936,69.96856,2025-09-23 04:34:31,27.391,-0.109,33.707,2.015,0.998,45.65,11.737,41.649,1011.624,64.621,1.289,19.425,0,none,0.595,0.891,0.596,0.305,MEDIUM,SYNTHETIC_DEMO_DATA
2186,Visakhapatnam,17.78937,83.43849,2025-09-23 07:29:22,28.831,0.331,31.49,2.872,0.575,192.35,22.878,38.01,1005.634,88.025,2.085,16.832,0,none,0.673,0.59,0.699,0.329,MEDIUM,SYNTHETIC_DEMO_DATA
2187,Chennai Coast,13.18748,80.54664,2025-09-23 10:24:13,29.27,0.07,29.918,1.98,1.075,205.11,15.422,33.729,1016.647,73.191,2.575,19.904,1,anticyclonic,0.751,0.931,0.695,0.23,LOW,SYNTHETIC_DEMO_DATA
2188,Visakhapatnam,17.57101,83.31367,2025-09-23 13:19:04,29.937,1.437,33.09,1.497,1.692,46.06,13.19,24.706,1007.385,79.495,1.305,10.029,0,none,0.545,0.389,0.641,0.521,MEDIUM,SYNTHETIC_DEMO_DATA
2189,Kerala Coast,9.8387,76.45314,2025-09-23 16:13:55,27.8,-0.5,32.001,2.313,1.086,202.98,12.788,41.258,1013.096,79.8,2.582,19.086,0,none,0.791,0.876,0.598,0.33,MEDIUM,SYNTHETIC_DEMO_DATA
2190,Mumbai Coast,19.06026,72.76525,2025-09-23 19:08:46,28.704,0.704,31.13,2.899,0.782,184.68,23.589,54.995,1021.223,86.449,2.677,30.639,0,none,0.844,0.58,0.545,0.473,MEDIUM,SYNTHETIC_DEMO_DATA
2191,Chennai Coast,12.62962,80.5025,2025-09-23 22:03:37,28.96,-0.24,32.401,1.885,0.606,201.49,8.984,25.241,1017.562,74.292,1.834,11.059,1,anticyclonic,0.536,0.844,0.773,0.263,LOW,SYNTHETIC_DEMO_DATA
2192,Kerala Coast,9.93076,76.3294,2025-09-24 00:58:28,27.908,-0.392,31.304,2.387,0.837,274.91,19.736,47.016,1012.163,70.377,3.08,21.025,0,none,0.908,0.669,0.633,0.369,MEDIUM,SYNTHETIC_DEMO_DATA
2193,Visakhapatnam,17.75266,83.36528,2025-09-24 03:53:19,29.093,0.593,31.497,1.959,0.916,222.01,14.245,39.175,1022.079,76.533,2.215,20.183,1,cyclonic,0.681,0.762,0.648,0.476,MEDIUM,SYNTHETIC_DEMO_DATA
2194,Visakhapatnam,17.69037,83.44993,2025-09-24 06:48:10,28.897,0.397,30.381,2.226,0.765,114.97,19.193,41.536,1005.781,78.099,2.498,21.042,0,none,0.796,0.823,0.554,0.348,MEDIUM,SYNTHETIC_DEMO_DATA
2195,Gujarat Coast,22.11235,69.75433,2025-09-24 09:43:01,26.987,-0.513,34.491,2.379,0.832,69.85,19.594,37.574,1003.261,68.915,2.81,19.486,1,cyclonic,0.678,0.821,0.664,0.416,MEDIUM,SYNTHETIC_DEMO_DATA
2196,Andaman & Nicobar,11.87739,92.84814,2025-09-24 12:37:52,28.915,-0.085,32.172,2.141,0.845,115.65,17.282,34.035,1027.159,100.0,1.932,16.798,0,none,0.705,0.716,0.671,0.264,LOW,SYNTHETIC_DEMO_DATA
2197,Visakhapatnam,17.43025,83.35293,2025-09-24 15:32:43,28.473,-0.027,31.563,2.288,0.554,254.6,14.246,36.911,1002.923,100.0,1.787,18.539,0,none,0.62,0.665,0.634,0.286,LOW,SYNTHETIC_DEMO_DATA
2198,Andaman & Nicobar,11.74879,92.90183,2025-09-24 18:27:34,29.557,0.557,30.827,2.592,0.703,142.93,17.307,53.319,1011.732,68.439,3.375,24.01,0,none,0.906,0.688,0.706,0.392,MEDIUM,SYNTHETIC_DEMO_DATA
2199,Mumbai Coast,19.19809,73.02777,2025-09-24 21:22:25,27.085,-0.915,30.779,2.996,0.244,316.26,22.672,54.499,1014.161,77.299,3.37,25.131,1,cyclonic,0.965,0.692,0.568,0.517,MEDIUM,SYNTHETIC_DEMO_DATA
2200,Odisha Coast,19.87713,85.7637,2025-09-25 00:17:17,28.204,-0.796,28.619,2.687,0.692,208.72,24.251,42.377,1009.001,77.216,2.081,22.234,0,none,0.727,0.702,0.601,0.501,MEDIUM,SYNTHETIC_DEMO_DATA
2201,Chennai Coast,13.39139,80.5237,2025-09-25 03:12:08,28.782,-0.418,32.001,1.701,0.81,256.7,13.973,26.513,1006.015,86.292,1.6,11.927,0,none,0.581,0.731,0.699,0.344,MEDIUM,SYNTHETIC_DEMO_DATA
2202,Sundarbans,21.61485,88.76398,2025-09-25 06:06:59,28.437,0.237,21.282,1.406,0.619,237.49,6.402,39.013,1003.972,88.748,1.823,19.516,0,none,0.646,0.835,0.718,0.341,MEDIUM,SYNTHETIC_DEMO_DATA
2203,Sundarbans,21.88757,89.01777,2025-09-25 09:01:50,28.285,0.085,18.633,3.066,1.071,98.68,21.776,45.758,1012.049,94.65,2.86,24.018,0,none,0.692,0.697,0.737,0.399,MEDIUM,SYNTHETIC_DEMO_DATA
2204,Chennai Coast,13.19169,80.46184,2025-09-25 11:56:41,29.741,0.541,32.91,2.056,0.249,20.65,11.133,34.077,1008.019,79.587,2.316,17.035,1,anticyclonic,0.618,0.623,0.583,0.413,MEDIUM,SYNTHETIC_DEMO_DATA
2205,Kerala Coast,10.12673,76.29387,2025-09-25 14:51:32,29.477,1.177,30.13,2.222,0.567,271.83,16.019,43.122,1000.241,94.577,2.037,20.801,1,cyclonic,0.632,0.616,0.486,0.568,MEDIUM,SYNTHETIC_DEMO_DATA
2206,Goa Coast,15.12254,73.35858,2025-09-25 17:46:23,27.773,-0.427,32.214,2.205,1.188,59.9,14.338,34.239,995.205,74.59,2.323,15.244,1,cyclonic,0.54,0.636,0.687,0.414,MEDIUM,SYNTHETIC_DEMO_DATA
2207,Odisha Coast,19.99833,85.90711,2025-09-25 20:41:14,28.983,-0.017,28.546,2.263,0.792,52.93,18.958,45.366,1011.974,98.98,2.811,19.179,0,none,0.785,0.837,0.701,0.305,MEDIUM,SYNTHETIC_DEMO_DATA
2208,Andaman & Nicobar,11.6966,92.5501,2025-09-25 23:36:05,28.04,-0.96,31.921,2.204,0.572,9.6,19.563,48.173,1015.527,84.002,2.488,18.849,1,cyclonic,0.847,0.792,0.669,0.375,MEDIUM,SYNTHETIC_DEMO_DATA
2209,Visakhapatnam,17.97674,83.17256,2025-09-26 02:30:56,27.754,-0.746,28.984,1.119,1.444,312.81,13.98,51.427,1006.767,85.932,2.87,19.54,1,anticyclonic,0.818,0.616,0.67,0.43,MEDIUM,SYNTHETIC_DEMO_DATA
2210,Odisha Coast,19.8371,85.73931,2025-09-26 05:25:47,30.211,1.211,27.885,1.035,0.766,25.69,12.526,42.794,1002.176,69.558,2.388,20.37,1,anticyclonic,0.768,0.696,0.464,0.577,MEDIUM,SYNTHETIC_DEMO_DATA
2211,Gujarat Coast,22.14833,69.35827,2025-09-26 08:20:38,27.673,0.173,35.104,2.414,1.123,134.46,21.107,25.362,1031.115,68.677,2.428,13.915,1,anticyclonic,0.689,0.741,0.766,0.33,MEDIUM,SYNTHETIC_DEMO_DATA
2212,Goa Coast,15.76057,73.93613,2025-09-26 11:15:29,27.517,-0.683,30.079,1.978,0.915,98.02,12.712,54.244,1006.033,85.543,2.62,27.159,0,none,0.794,0.711,0.678,0.362,MEDIUM,SYNTHETIC_DEMO_DATA
2213,Gujarat Coast,22.37448,69.88722,2025-09-26 14:10:20,26.92,-0.58,35.224,1.598,1.18,151.85,10.819,26.986,998.045,86.24,1.715,12.734,0,none,0.651,0.684,0.726,0.341,MEDIUM,SYNTHETIC_DEMO_DATA
2214,Odisha Coast,19.71523,85.6925,2025-09-26 17:05:11,28.319,-0.681,25.655,2.529,0.728,16.11,15.524,58.859,1031.936,88.537,3.535,32.269,1,cyclonic,0.962,0.592,0.664,0.539,MEDIUM,SYNTHETIC_DEMO_DATA
2215,Odisha Coast,20.12827,85.93141,2025-09-26 20:00:02,29.781,0.781,27.105,2.058,0.199,227.1,15.877,54.532,995.499,92.398,3.01,21.865,1,anticyclonic,0.843,0.711,0.632,0.485,MEDIUM,SYNTHETIC_DEMO_DATA
2216,Chennai Coast,13.27828,80.08673,2025-09-26 22:54:53,28.365,-0.835,34.161,2.565,0.478,281.23,23.093,40.382,1000.558,65.987,1.869,14.095,1,anticyclonic,0.618,0.688,0.648,0.428,MEDIUM,SYNTHETIC_DEMO_DATA
2217,Kerala Coast,10.03928,76.55924,2025-09-27 01:49:44,28.326,0.026,31.972,1.47,0.44,50.2,14.578,41.507,1007.838,90.775,2.283,18.992,1,anticyclonic,0.797,0.876,0.769,0.254,LOW,SYNTHETIC_DEMO_DATA
2218,Lakshadweep,10.59744,72.5619,2025-09-27 04:44:36,28.218,-0.282,32.956,2.661,0.87,319.07,19.053,54.115,1005.965,100.0,2.789,27.321,1,cyclonic,0.906,0.823,0.681,0.36,MEDIUM,SYNTHETIC_DEMO_DATA
2219,Visakhapatnam,17.91053,83.33422,2025-09-27 07:39:27,29.066,0.566,34.745,2.067,0.232,144.41,12.911,12.268,1012.368,78.424,1.497,12.883,0,none,0.537,0.648,0.7,0.321,MEDIUM,SYNTHETIC_DEMO_DATA
2220,Odisha Coast,19.83084,85.92682,2025-09-27 10:34:18,28.389,-0.611,27.177,2.827,0.979,195.11,23.387,46.613,1013.685,96.13,2.882,21.243,0,none,0.794,0.684,0.591,0.455,MEDIUM,SYNTHETIC_DEMO_DATA
2221,Lakshadweep,10.58661,72.43069,2025-09-27 13:29:09,28.14,-0.36,33.014,2.704,0.816,60.26,22.783,42.817,1015.459,86.485,1.878,21.45,0,none,0.664,0.6,0.586,0.333,MEDIUM,SYNTHETIC_DEMO_DATA
2222,Odisha Coast,19.70326,85.73198,2025-09-27 16:24:00,28.973,-0.027,30.915,3.767,0.653,277.59,27.758,35.546,1021.173,84.213,2.17,19.316,1,anticyclonic,0.662,0.851,0.641,0.395,MEDIUM,SYNTHETIC_DEMO_DATA
2223,Sundarbans,21.735,89.22737,2025-09-27 19:18:51,29.522,1.322,18.473,2.684,1.025,264.91,19.845,56.347,1004.961,89.504,3.9,30.441,0,none,0.783,0.486,0.481,0.642,HIGH,SYNTHETIC_DEMO_DATA
2224,Kerala Coast,10.05518,75.70054,2025-09-27 22:13:42,28.054,-0.246,29.512,2.311,0.861,3.59,16.121,54.955,1003.269,100.0,3.234,31.047,1,anticyclonic,0.95,0.712,0.555,0.467,MEDIUM,SYNTHETIC_DEMO_DATA
2225,Kerala Coast,9.98985,76.42904,2025-09-28 01:08:33,27.736,-0.564,32.542,2.277,0.421,56.0,19.401,45.066,995.64,77.509,2.698,23.598,0,none,0.68,0.736,0.718,0.42,MEDIUM,SYNTHETIC_DEMO_DATA
2226,Gujarat Coast,21.8385,69.64743,2025-09-28 04:03:24,27.649,0.149,34.403,1.086,0.975,119.47,6.821,33.865,998.967,90.055,1.941,14.452,0,none,0.698,0.684,0.77,0.297,LOW,SYNTHETIC_DEMO_DATA
2227,Andaman & Nicobar,11.70631,92.37621,2025-09-28 06:58:15,29.696,0.696,30.593,1.067,0.531,326.51,6.446,44.507,1004.208,86.046,2.702,21.911,1,anticyclonic,0.636,0.563,0.641,0.376,MEDIUM,SYNTHETIC_DEMO_DATA
2228,Lakshadweep,10.4938,72.61717,2025-09-28 09:53:06,28.989,0.489,33.99,1.214,0.369,107.02,8.661,29.733,1000.223,57.717,1.805,16.547,1,anticyclonic,0.605,0.603,0.546,0.317,MEDIUM,SYNTHETIC_DEMO_DATA
2229,Visakhapatnam,18.10661,83.05449,2025-09-28 12:47:57,28.359,-0.141,32.15,2.073,0.644,41.57,19.298,38.521,1008.752,79.779,1.739,15.141,0,none,0.672,0.774,0.728,0.218,LOW,SYNTHETIC_DEMO_DATA
2230,Lakshadweep,10.58499,72.6909,2025-09-28 15:42:48,27.938,-0.562,33.263,2.736,0.852,86.03,15.27,55.605,1013.409,84.415,3.114,26.463,1,cyclonic,0.941,0.785,0.683,0.43,MEDIUM,SYNTHETIC_DEMO_DATA
2231,Gujarat Coast,22.50166,69.68812,2025-09-28 18:37:39,27.564,0.064,33.974,2.227,0.76,224.36,17.671,32.965,1008.435,84.338,2.354,20.219,0,none,0.61,0.674,0.708,0.356,MEDIUM,SYNTHETIC_DEMO_DATA
2232,Sundarbans,22.00598,89.02482,2025-09-28 21:32:30,28.515,0.315,20.666,3.317,0.478,352.43,21.245,45.185,1011.619,94.81,3.613,24.706,0,none,0.85,0.803,0.682,0.418,MEDIUM,SYNTHETIC_DEMO_DATA
2233,Lakshadweep,10.72578,72.61864,2025-09-29 00:27:21,27.347,-1.153,33.373,2.109,0.747,359.59,19.266,33.873,1005.148,78.962,2.496,18.119,0,none,0.731,0.718,0.606,0.419,MEDIUM,SYNTHETIC_DEMO_DATA
2234,Odisha Coast,19.69406,85.7637,2025-09-29 03:22:12,29.166,0.166,29.746,1.809,0.662,21.69,8.373,44.527,1000.573,98.142,2.884,23.005,0,none,0.772,0.714,0.666,0.323,MEDIUM,SYNTHETIC_DEMO_DATA
2235,Mumbai Coast,18.93504,72.788,2025-09-29 06:17:04,27.263,-0.737,31.316,2.319,0.884,81.4,20.956,43.33,997.252,86.882,2.573,22.102,0,none,0.627,0.641,0.504,0.524,MEDIUM,SYNTHETIC_DEMO_DATA
2236,Goa Coast,15.66228,73.87929,2025-09-29 09:11:55,28.519,0.319,32.552,2.226,0.719,322.36,15.622,34.359,1007.378,83.492,1.757,16.305,1,cyclonic,0.742,0.716,0.857,0.31,MEDIUM,SYNTHETIC_DEMO_DATA
2237,Visakhapatnam,17.91919,83.22657,2025-09-29 12:06:46,28.493,-0.007,32.531,2.494,1.128,99.44,16.424,39.319,1004.912,93.593,2.129,15.955,1,anticyclonic,0.75,0.761,0.899,0.241,LOW,SYNTHETIC_DEMO_DATA
2238,Visakhapatnam,17.63646,83.00152,2025-09-29 15:01:37,27.793,-0.707,32.344,1.981,0.241,127.73,11.1,25.527,1018.066,87.28,2.213,16.898,0,none,0.581,0.758,0.621,0.376,MEDIUM,SYNTHETIC_DEMO_DATA
2239,Kerala Coast,10.21963,76.41072,2025-09-29 17:56:28,28.9,0.6,31.984,2.896,0.864,277.34,19.879,47.938,994.797,89.869,2.534,27.745,0,none,0.811,0.649,0.617,0.421,MEDIUM,SYNTHETIC_DEMO_DATA
2240,Andaman & Nicobar,11.62758,92.68629,2025-09-29 20:51:19,30.308,1.308,33.79,1.763,0.524,226.9,15.833,36.931,1000.23,89.068,2.322,20.882,1,cyclonic,0.535,0.583,0.442,0.537,MEDIUM,SYNTHETIC_DEMO_DATA
2241,Visakhapatnam,17.63034,83.39095,2025-09-29 23:46:10,28.82,0.32,32.502,2.169,0.562,76.49,15.236,38.671,1026.578,72.298,2.813,21.193,0,none,0.734,0.847,0.595,0.301,MEDIUM,SYNTHETIC_DEMO_DATA
2242,Gujarat Coast,22.33376,69.8398,2025-09-30 02:41:01,26.54,-0.96,34.438,2.88,0.905,349.9,19.975,31.649,1021.482,63.46,2.123,13.495,0,none,0.725,0.664,0.472,0.48,MEDIUM,SYNTHETIC_DEMO_DATA
2243,Kerala Coast,10.17539,76.37487,2025-09-30 05:35:52,27.781,-0.519,29.493,2.442,0.497,258.45,16.07,65.675,1023.87,65.472,3.525,30.904,1,anticyclonic,0.899,0.769,0.704,0.458,MEDIUM,SYNTHETIC_DEMO_DATA
2244,Odisha Coast,20.10449,85.88838,2025-09-30 08:30:43,30.158,1.158,27.672,1.936,0.753,286.1,10.899,50.589,1003.274,77.498,2.018,19.588,1,anticyclonic,0.643,0.636,0.702,0.608,HIGH,SYNTHETIC_DEMO_DATA
2245,Goa Coast,15.50697,73.85391,2025-09-30 11:25:34,28.323,0.123,30.909,2.512,0.222,144.78,18.537,47.614,1013.819,87.933,2.624,17.839,1,anticyclonic,0.754,0.791,0.646,0.366,MEDIUM,SYNTHETIC_DEMO_DATA
2246,Andaman & Nicobar,11.88817,92.55932,2025-09-30 14:20:25,28.635,-0.365,30.495,1.991,0.701,99.93,15.132,35.911,1008.266,67.961,2.385,18.463,0,none,0.723,0.501,0.643,0.317,MEDIUM,SYNTHETIC_DEMO_DATA
2247,Mumbai Coast,18.97387,72.69313,2025-09-30 17:15:16,26.975,-1.025,32.506,2.393,0.569,41.87,20.627,51.391,996.817,87.53,2.428,24.232,0,none,0.827,0.689,0.464,0.509,MEDIUM,SYNTHETIC_DEMO_DATA
2248,Odisha Coast,19.95611,85.80272,2025-09-30 20:10:07,29.49,0.49,28.93,1.839,0.931,310.56,14.814,47.604,1005.114,75.986,2.187,22.011,0,none,0.654,0.726,0.619,0.387,MEDIUM,SYNTHETIC_DEMO_DATA
2249,Odisha Coast,19.7853,85.41874,2025-09-30 23:04:58,29.356,0.356,28.308,1.201,1.074,302.12,5.762,49.575,1002.376,83.447,2.676,22.06,1,cyclonic,0.796,0.827,0.48,0.42,MEDIUM,SYNTHETIC_DEMO_DATA
2250,Kerala Coast,10.22772,76.34863,2025-10-01 01:59:49,27.71,0.16,32.248,1.215,0.451,263.69,3.995,23.31,1015.752,89.937,2.179,14.643,0,none,0.514,0.72,0.613,0.323,MEDIUM,SYNTHETIC_DEMO_DATA
2251,Mumbai Coast,18.85702,72.89326,2025-10-01 04:54:40,26.706,-0.544,33.759,1.859,0.961,61.05,14.92,11.054,1016.443,54.63,1.547,11.447,1,cyclonic,0.455,0.602,0.654,0.352,MEDIUM,SYNTHETIC_DEMO_DATA
2252,Mumbai Coast,18.962,72.8219,2025-10-01 07:49:32,27.657,0.407,31.779,0.882,1.187,254.18,12.892,18.11,1015.138,61.423,0.877,10.765,1,anticyclonic,0.448,0.582,0.65,0.354,MEDIUM,SYNTHETIC_DEMO_DATA
2253,Visakhapatnam,17.73771,83.24565,2025-10-01 10:44:23,28.306,0.556,33.672,1.157,0.818,102.25,11.455,14.083,1022.011,72.003,1.176,7.782,0,none,0.44,0.656,0.753,0.246,LOW,SYNTHETIC_DEMO_DATA
2254,Mumbai Coast,19.18796,72.89736,2025-10-01 13:39:14,26.658,-0.592,34.178,1.855,0.417,26.03,18.368,16.732,1026.042,73.656,1.29,13.49,0,none,0.512,0.601,0.774,0.309,MEDIUM,SYNTHETIC_DEMO_DATA
2255,Visakhapatnam,17.63308,82.85825,2025-10-01 16:34:05,27.309,-0.441,29.594,1.422,0.653,193.55,8.91,24.661,1013.869,78.222,2.209,19.064,1,cyclonic,0.572,0.614,0.636,0.344,MEDIUM,SYNTHETIC_DEMO_DATA
2256,Gujarat Coast,21.96446,69.8534,2025-10-01 19:28:56,26.059,-0.691,34.374,1.688,0.617,152.94,10.35,3.874,1002.852,67.264,1.036,5.697,0,none,0.306,0.707,0.581,0.344,MEDIUM,SYNTHETIC_DEMO_DATA
2257,Goa Coast,15.24901,73.80585,2025-10-01 22:23:47,28.177,0.727,32.213,1.87,0.776,57.15,14.777,19.127,1018.938,73.143,1.81,11.099,1,cyclonic,0.458,0.617,0.635,0.399,MEDIUM,SYNTHETIC_DEMO_DATA
2258,Gujarat Coast,22.13852,69.3416,2025-10-02 01:18:38,26.811,0.061,35.547,2.542,0.725,205.3,15.729,0.0,1019.553,47.884,0.628,4.824,0,none,0.211,0.769,0.667,0.144,LOW,SYNTHETIC_DEMO_DATA
2259,Sundarbans,21.95216,89.28143,2025-10-02 04:13:29,28.546,1.096,21.721,1.145,0.76,34.04,2.086,5.874,1007.572,65.926,0.959,4.077,0,none,0.464,0.71,0.632,0.366,MEDIUM,SYNTHETIC_DEMO_DATA
2260,Lakshadweep,10.55272,72.50446,2025-10-02 07:08:20,28.389,0.639,35.522,1.409,0.445,331.8,9.866,15.381,1007.185,100.0,1.135,14.298,0,none,0.479,0.735,0.61,0.293,LOW,SYNTHETIC_DEMO_DATA
2261,Sundarbans,21.55865,88.98915,2025-10-02 10:03:11,27.232,-0.218,20.519,2.115,1.1,299.94,14.463,30.059,1017.006,75.133,1.731,15.911,0,none,0.713,0.804,0.716,0.389,MEDIUM,SYNTHETIC_DEMO_DATA
2262,Lakshadweep,10.66178,72.80055,2025-10-02 12:58:02,26.877,-0.873,35.047,1.614,0.858,86.6,13.468,9.128,1010.206,84.273,1.709,10.561,1,cyclonic,0.502,0.479,0.612,0.405,MEDIUM,SYNTHETIC_DEMO_DATA
2263,Sundarbans,21.70368,88.98606,2025-10-02 15:52:53,27.428,-0.022,22.255,0.64,0.456,136.48,1.0,28.699,1011.876,93.138,1.68,13.211,0,none,0.494,0.629,0.747,0.245,LOW,SYNTHETIC_DEMO_DATA
2264,Mumbai Coast,18.70159,72.60526,2025-10-02 18:47:44,27.678,0.428,33.502,2.241,0.872,148.17,15.347,18.645,1016.517,79.233,1.978,9.678,1,anticyclonic,0.453,0.649,0.589,0.387,MEDIUM,SYNTHETIC_DEMO_DATA
2265,Odisha Coast,19.6971,85.71914,2025-10-02 21:42:35,26.764,-1.486,30.132,1.296,0.589,196.16,15.331,30.646,1014.781,65.236,1.811,14.253,1,cyclonic,0.67,0.473,0.567,0.623,HIGH,SYNTHETIC_DEMO_DATA
2266,Sundarbans,22.0393,89.13576,2025-10-03 00:37:26,27.273,-0.177,21.405,1.739,0.676,117.88,15.793,13.223,1013.624,52.574,1.408,8.455,0,none,0.506,0.819,0.646,0.315,MEDIUM,SYNTHETIC_DEMO_DATA
2267,Gujarat Coast,22.2974,69.15731,2025-10-03 03:32:17,26.685,-0.065,36.538,2.118,1.148,68.6,15.041,0.0,999.008,64.577,1.07,6.051,1,cyclonic,0.322,0.752,0.673,0.261,LOW,SYNTHETIC_DEMO_DATA
2268,Goa Coast,15.59025,74.02508,2025-10-03 06:27:08,29.201,1.751,34.197,1.954,0.405,307.0,12.453,16.562,1010.039,82.726,1.799,10.481,0,none,0.522,0.592,0.514,0.512,MEDIUM,SYNTHETIC_DEMO_DATA
2269,Odisha Coast,19.62525,85.95232,2025-10-03 09:22:00,28.089,-0.161,31.766,0.39,0.602,339.29,6.614,14.386,1012.635,100.0,1.18,9.868,1,anticyclonic,0.525,0.685,0.708,0.283,LOW,SYNTHETIC_DEMO_DATA
2270,Lakshadweep,10.39655,72.60899,2025-10-03 12:16:51,27.237,-0.513,34.887,0.902,0.557,81.65,5.997,5.81,1018.24,78.503,0.943,7.931,0,none,0.294,0.627,0.7,0.261,LOW,SYNTHETIC_DEMO_DATA
2271,Chennai Coast,12.74148,80.30322,2025-10-03 15:11:42,29.558,1.108,31.671,1.269,0.243,177.65,2.509,7.203,1004.959,79.7,0.848,6.226,0,none,0.412,0.607,0.354,0.403,MEDIUM,SYNTHETIC_DEMO_DATA
2272,Chennai Coast,13.11822,80.48329,2025-10-03 18:06:33,29.046,0.596,31.56,2.638,0.864,276.51,17.253,9.652,1004.076,83.145,0.883,8.702,0,none,0.433,0.67,0.684,0.305,MEDIUM,SYNTHETIC_DEMO_DATA
2273,Visakhapatnam,17.90536,83.34127,2025-10-03 21:01:24,27.455,-0.295,34.553,1.473,0.557,311.35,11.327,9.383,997.106,50.53,0.804,5.417,0,none,0.334,0.632,0.732,0.241,LOW,SYNTHETIC_DEMO_DATA
2274,Kerala Coast,9.5562,76.11795,2025-10-03 23:56:15,26.421,-1.129,33.734,2.695,0.797,92.65,14.195,19.285,1011.479,86.695,1.473,13.751,1,cyclonic,0.361,0.604,0.608,0.453,MEDIUM,SYNTHETIC_DEMO_DATA
2275,Odisha Coast,19.8526,85.78671,2025-10-04 02:51:06,27.958,-0.292,29.471,2.281,0.515,230.75,18.549,26.823,1016.587,93.234,1.839,15.406,0,none,0.639,0.672,0.597,0.377,MEDIUM,SYNTHETIC_DEMO_DATA
2276,Kerala Coast,10.10132,76.34159,2025-10-04 05:45:57,26.938,-0.612,33.48,2.135,0.813,107.31,11.343,10.89,1013.409,61.902,1.042,8.668,0,none,0.255,0.723,0.803,0.309,MEDIUM,SYNTHETIC_DEMO_DATA
2277,Visakhapatnam,17.52378,83.45265,2025-10-04 08:40:48,27.904,0.154,34.063,1.643,0.846,12.62,9.37,10.224,1003.407,69.686,1.263,10.84,0,none,0.459,0.881,0.785,0.202,LOW,SYNTHETIC_DEMO_DATA
2278,Sundarbans,22.00937,89.19057,2025-10-04 11:35:39,26.22,-1.23,21.951,1.419,0.482,248.81,9.191,16.609,998.385,83.84,1.137,7.293,1,anticyclonic,0.564,0.529,0.901,0.449,MEDIUM,SYNTHETIC_DEMO_DATA
2279,Chennai Coast,13.67117,80.48861,2025-10-04 14:30:30,27.86,-0.59,34.545,1.946,0.5,194.86,13.133,6.118,1008.48,77.694,0.904,8.631,0,none,0.458,0.66,0.738,0.332,MEDIUM,SYNTHETIC_DEMO_DATA
2280,Gujarat Coast,22.56065,69.6834,2025-10-04 17:25:21,26.247,-0.503,35.28,1.936,0.416,17.99,16.456,0.0,1010.469,78.078,1.017,3.392,1,anticyclonic,0.352,0.819,0.656,0.268,LOW,SYNTHETIC_DEMO_DATA
2281,Goa Coast,15.22763,73.65787,2025-10-04 20:20:12,28.932,1.482,32.928,2.673,0.666,341.8,23.523,6.745,1019.194,69.906,1.712,9.009,0,none,0.31,0.407,0.432,0.513,MEDIUM,SYNTHETIC_DEMO_DATA
2282,Chennai Coast,12.77223,80.51806,2025-10-04 23:15:03,26.878,-1.572,33.671,2.232,0.908,196.55,15.077,5.406,1007.629,83.249,1.309,3.424,1,anticyclonic,0.416,0.541,0.542,0.553,MEDIUM,SYNTHETIC_DEMO_DATA
2283,Chennai Coast,12.91583,80.37234,2025-10-05 02:09:54,27.9,-0.55,31.212,1.837,0.816,312.35,11.559,15.811,1018.638,75.127,2.279,13.133,0,none,0.502,0.742,0.591,0.351,MEDIUM,SYNTHETIC_DEMO_DATA
2284,Goa Coast,15.34269,73.9833,2025-10-05 05:04:45,27.553,0.103,32.567,0.914,0.482,241.21,4.23,21.652,999.49,80.232,1.708,9.675,0,none,0.626,0.834,0.672,0.162,LOW,SYNTHETIC_DEMO_DATA
2285,Gujarat Coast,22.45557,69.31323,2025-10-05 07:59:36,27.839,1.089,32.611,2.2,1.059,106.19,12.676,16.632,1006.044,76.284,1.554,11.163,1,anticyclonic,0.487,0.61,0.649,0.581,MEDIUM,SYNTHETIC_DEMO_DATA
2286,Andaman & Nicobar,11.59323,92.67577,2025-10-05 10:54:28,29.196,0.946,33.032,1.593,0.511,184.57,9.556,7.914,1002.759,55.613,1.064,5.026,0,none,0.335,0.58,0.697,0.342,MEDIUM,SYNTHETIC_DEMO_DATA
2287,Lakshadweep,10.24862,72.78469,2025-10-05 13:49:19,28.095,0.345,34.946,2.171,0.703,197.34,12.935,12.346,1024.177,75.373,1.762,12.306,0,none,0.356,0.668,0.673,0.305,MEDIUM,SYNTHETIC_DEMO_DATA
2288,Andaman & Nicobar,11.95169,92.78256,2025-10-05 16:44:10,28.383,0.133,34.776,1.682,0.504,22.76,7.876,0.0,1009.086,67.904,0.752,2.648,1,anticyclonic,0.323,0.841,0.646,0.222,LOW,SYNTHETIC_DEMO_DATA
2289,Lakshadweep,10.67599,72.58067,2025-10-05 19:39:01,27.18,-0.57,36.842,1.815,0.791,296.22,14.101,7.852,1009.015,66.312,1.186,7.912,1,cyclonic,0.285,0.574,0.784,0.291,LOW,SYNTHETIC_DEMO_DATA
2290,Kerala Coast,9.95613,76.00484,2025-10-05 22:33:52,29.56,2.01,33.193,1.59,0.05,308.13,10.495,30.737,1005.901,78.083,1.67,14.28,0,none,0.567,0.412,0.466,0.631,HIGH,SYNTHETIC_DEMO_DATA
2291,Chennai Coast,13.15191,80.19272,2025-10-06 01:28:43,26.882,-1.568,34.339,1.645,0.678,284.44,11.588,0.0,1011.546,56.958,0.74,0.544,1,anticyclonic,0.271,0.523,0.475,0.533,MEDIUM,SYNTHETIC_DEMO_DATA
2292,Chennai Coast,13.08064,80.14141,2025-10-06 04:23:34,27.686,-0.764,32.147,1.577,0.461,6.28,9.39,14.884,1022.649,72.494,1.251,9.335,1,cyclonic,0.406,0.653,0.674,0.335,MEDIUM,SYNTHETIC_DEMO_DATA
2293,Visakhapatnam,17.79455,83.38308,2025-10-06 07:18:25,27.661,-0.089,32.737,1.156,0.754,89.02,6.456,15.729,1002.431,75.28,2.026,11.925,1,cyclonic,0.534,0.751,0.85,0.286,LOW,SYNTHETIC_DEMO_DATA
2294,Goa Coast,15.27785,73.7477,2025-10-06 10:13:16,25.887,-1.563,35.184,2.275,0.852,179.14,14.486,19.149,1016.116,45.328,1.777,11.403,0,none,0.553,0.634,0.513,0.542,MEDIUM,SYNTHETIC_DEMO_DATA
2295,Goa Coast,15.67996,73.47145,2025-10-06 13:08:07,28.081,0.631,33.385,2.21,1.162,255.72,17.832,25.104,1011.644,76.628,1.949,13.264,0,none,0.459,0.628,0.721,0.282,LOW,SYNTHETIC_DEMO_DATA
2296,Andaman & Nicobar,11.69191,92.55384,2025-10-06 16:02:58,28.301,0.051,31.957,1.946,1.112,124.47,13.965,16.907,1011.424,72.748,1.229,12.447,1,anticyclonic,0.356,0.666,0.603,0.247,LOW,SYNTHETIC_DEMO_DATA
2297,Odisha Coast,19.94315,86.10225,2025-10-06 18:57:49,30.05,1.8,28.593,2.261,0.49,200.83,11.476,23.645,1014.669,87.613,1.475,12.101,1,cyclonic,0.614,0.406,0.511,0.639,HIGH,SYNTHETIC_DEMO_DATA
2298,Kerala Coast,10.11102,76.55408,2025-10-06 21:52:40,28.605,1.055,30.896,1.693,0.457,16.73,8.483,18.603,997.59,100.0,0.759,8.408,0,none,0.345,0.668,0.681,0.43,MEDIUM,SYNTHETIC_DEMO_DATA
2299,Visakhapatnam,18.08929,83.41104,2025-10-07 00:47:31,27.132,-0.618,28.195,0.82,0.51,282.01,6.265,22.437,1016.168,95.74,1.654,11.189,1,cyclonic,0.522,0.623,0.718,0.39,MEDIUM,SYNTHETIC_DEMO_DATA
2300,Andaman & Nicobar,11.51023,92.70346,2025-10-07 03:42:22,27.987,-0.263,35.072,0.764,0.63,259.81,3.236,2.564,1020.087,96.73,1.19,3.004,0,none,0.341,0.524,0.823,0.195,LOW,SYNTHETIC_DEMO_DATA
2301,Visakhapatnam,17.6604,83.08141,2025-10-07 06:37:13,27.97,0.22,32.863,2.497,0.648,28.06,16.417,10.494,1008.964,86.187,1.308,9.51,1,anticyclonic,0.424,0.696,0.715,0.296,LOW,SYNTHETIC_DEMO_DATA
2302,Odisha Coast,19.83051,85.79911,2025-10-07 09:32:04,27.062,-1.188,29.609,1.135,1.048,99.61,8.451,4.326,1013.87,75.338,1.051,7.604,0,none,0.416,0.584,0.639,0.442,MEDIUM,SYNTHETIC_DEMO_DATA
2303,Mumbai Coast,19.00911,72.88931,2025-10-07 12:26:56,27.984,0.734,30.514,1.375,0.747,336.99,10.445,12.791,1018.248,97.114,1.114,6.867,0,none,0.396,0.613,0.601,0.367,MEDIUM,SYNTHETIC_DEMO_DATA
2304,Andaman & Nicobar,11.82798,92.84141,2025-10-07 15:21:47,26.862,-1.388,32.146,1.29,1.215,132.8,5.444,15.038,1008.006,86.043,2.003,9.612,1,anticyclonic,0.557,0.594,0.613,0.467,MEDIUM,SYNTHETIC_DEMO_DATA
2305,Lakshadweep,11.02156,72.22689,2025-10-07 18:16:38,27.392,-0.358,35.303,1.747,0.947,6.2,10.734,5.74,1010.469,86.4,1.084,8.103,1,cyclonic,0.349,0.6,0.721,0.264,LOW,SYNTHETIC_DEMO_DATA
2306,Sundarbans,22.25305,89.28679,2025-10-07 21:11:29,27.413,-0.037,21.042,1.013,1.261,292.16,7.451,15.785,1009.852,82.187,0.963,6.983,1,anticyclonic,0.412,0.691,0.804,0.311,MEDIUM,SYNTHETIC_DEMO_DATA
2307,Chennai Coast,13.21182,80.30998,2025-10-08 00:06:20,28.11,-0.34,33.366,1.54,0.563,281.54,8.245,0.0,999.273,69.312,0.821,3.774,1,anticyclonic,0.353,0.723,0.731,0.269,LOW,SYNTHETIC_DEMO_DATA
2308,Odisha Coast,19.73687,85.91867,2025-10-08 03:01:11,27.807,-0.443,28.429,1.705,0.628,89.88,9.523,24.157,1006.395,85.605,1.477,9.608,1,anticyclonic,0.553,0.731,0.732,0.339,MEDIUM,SYNTHETIC_DEMO_DATA
2309,Chennai Coast,13.3071,79.93893,2025-10-08 05:56:02,27.665,-0.785,33.713,1.959,0.614,69.98,12.192,0.753,1006.363,68.472,1.265,4.574,1,anticyclonic,0.379,0.751,0.68,0.335,MEDIUM,SYNTHETIC_DEMO_DATA
2310,Mumbai Coast,19.26998,72.63524,2025-10-08 08:50:53,26.597,-0.653,31.832,2.914,0.512,19.18,18.83,19.554,1015.765,67.734,2.418,9.537,1,cyclonic,0.686,0.662,0.722,0.378,MEDIUM,SYNTHETIC_DEMO_DATA
2311,Visakhapatnam,17.76764,83.43615,2025-10-08 11:45:44,27.084,-0.666,32.501,2.372,0.465,211.07,19.485,4.573,1014.454,96.525,0.684,7.749,1,anticyclonic,0.378,0.636,0.636,0.349,MEDIUM,SYNTHETIC_DEMO_DATA
2312,Sundarbans,22.30622,89.13322,2025-10-08 14:40:35,28.096,0.646,19.846,2.406,0.945,356.35,10.353,24.86,1023.471,63.585,1.968,11.615,1,anticyclonic,0.584,0.659,0.737,0.408,MEDIUM,SYNTHETIC_DEMO_DATA
2313,Mumbai Coast,18.96069,72.69597,2025-10-08 17:35:26,26.069,-1.181,34.447,1.351,0.725,187.67,9.705,11.401,1005.206,81.447,1.686,7.907,1,cyclonic,0.454,0.513,0.544,0.53,MEDIUM,SYNTHETIC_DEMO_DATA
2314,Sundarbans,22.04851,89.20777,2025-10-08 20:30:17,27.851,0.401,19.76,2.294,0.65,286.78,20.659,13.464,1003.978,77.042,0.887,10.097,0,none,0.287,0.703,0.726,0.335,MEDIUM,SYNTHETIC_DEMO_DATA
2315,Visakhapatnam,17.63738,83.36832,2025-10-08 23:25:08,27.966,0.216,33.55,1.023,0.513,66.51,7.067,13.601,1004.124,83.879,0.785,7.904,1,cyclonic,0.533,0.663,0.726,0.327,MEDIUM,SYNTHETIC_DEMO_DATA
2316,Sundarbans,21.73132,89.3121,2025-10-09 02:19:59,27.571,0.121,20.243,1.899,0.604,207.75,14.008,12.312,1029.692,84.577,0.881,4.668,1,cyclonic,0.415,0.587,0.693,0.246,LOW,SYNTHETIC_DEMO_DATA
2317,Sundarbans,22.39682,89.2196,2025-10-09 05:14:50,26.665,-0.785,23.434,1.59,1.054,317.48,14.676,19.331,1030.712,71.61,1.157,13.61,1,anticyclonic,0.406,0.663,0.57,0.488,MEDIUM,SYNTHETIC_DEMO_DATA
2318,Kerala Coast,9.6778,76.29912,2025-10-09 08:09:41,27.27,-0.28,33.221,1.577,1.014,111.36,8.083,15.175,1003.255,86.424,1.14,10.833,0,none,0.252,0.568,0.66,0.312,MEDIUM,SYNTHETIC_DEMO_DATA
2319,Andaman & Nicobar,11.98395,92.32054,2025-10-09 11:04:32,27.792,-0.458,32.964,2.024,0.706,169.71,14.604,25.324,1008.049,60.703,1.857,16.452,1,anticyclonic,0.497,0.541,0.603,0.312,MEDIUM,SYNTHETIC_DEMO_DATA
2320,Goa Coast,15.58714,73.69647,2025-10-09 13:59:23,27.627,0.177,35.824,2.082,1.074,347.34,11.814,8.862,1004.874,60.115,1.134,8.041,1,cyclonic,0.395,0.516,0.639,0.32,MEDIUM,SYNTHETIC_DEMO_DATA
2321,Sundarbans,21.88585,89.15796,2025-10-09 16:54:15,28.739,1.289,22.568,2.104,0.829,17.83,17.659,22.909,1003.937,84.827,1.682,14.188,0,none,0.477,0.483,0.566,0.586,MEDIUM,SYNTHETIC_DEMO_DATA
2322,Sundarbans,21.86615,88.73926,2025-10-09 19:49:06,26.486,-0.964,22.211,2.026,0.581,210.06,13.37,17.053,1012.287,67.61,1.237,12.129,1,cyclonic,0.453,0.778,0.613,0.455,MEDIUM,SYNTHETIC_DEMO_DATA
2323,Chennai Coast,12.8689,80.09459,2025-10-09 22:43:57,29.632,1.182,31.26,2.192,1.18,86.0,12.646,10.433,996.456,86.85,0.944,8.001,0,none,0.36,0.624,0.705,0.402,MEDIUM,SYNTHETIC_DEMO_DATA
2324,Gujarat Coast,22.20585,69.54313,2025-10-10 01:38:48,25.788,-0.962,33.153,1.001,0.97,210.42,5.343,10.265,1011.047,63.313,1.065,9.591,1,cyclonic,0.513,0.763,0.648,0.41,MEDIUM,SYNTHETIC_DEMO_DATA
2325,Goa Coast,15.56831,74.32539,2025-10-10 04:33:39,28.865,1.415,33.52,2.369,0.905,154.74,17.675,9.659,1006.488,64.447,1.011,8.406,0,none,0.351,0.725,0.563,0.448,MEDIUM,SYNTHETIC_DEMO_DATA
2326,Andaman & Nicobar,12.0087,92.48501,2025-10-10 07:28:30,29.891,1.641,34.703,2.223,1.057,162.98,13.428,9.833,999.408,71.609,1.8,7.974,0,none,0.438,0.528,0.587,0.564,MEDIUM,SYNTHETIC_DEMO_DATA
2327,Chennai Coast,13.36573,80.33775,2025-10-10 10:23:21,28.348,-0.102,32.362,2.055,0.438,348.49,15.907,7.503,1022.321,52.749,0.877,5.237,0,none,0.306,0.727,0.757,0.254,LOW,SYNTHETIC_DEMO_DATA
2328,Odisha Coast,20.00694,85.62482,2025-10-10 13:18:12,26.882,-1.368,28.45,2.557,0.82,240.4,15.732,9.635,1004.137,70.517,1.823,8.039,1,anticyclonic,0.596,0.562,0.499,0.525,MEDIUM,SYNTHETIC_DEMO_DATA
2329,Sundarbans,22.09621,89.57838,2025-10-10 16:13:03,26.785,-0.665,20.396,1.28,0.539,170.65,8.703,24.126,1019.572,72.402,1.175,12.199,1,cyclonic,0.414,0.694,0.588,0.427,MEDIUM,SYNTHETIC_DEMO_DATA
2330,Odisha Coast,19.82844,85.77273,2025-10-10 19:07:54,28.754,0.504,29.471,0.955,0.855,16.21,1.0,11.566,1009.692,94.253,1.442,11.311,1,anticyclonic,0.358,0.695,0.705,0.412,MEDIUM,SYNTHETIC_DEMO_DATA
2331,Sundarbans,21.4988,89.35174,2025-10-10 22:02:45,27.262,-0.188,22.811,1.679,0.714,231.78,14.094,8.037,1010.837,84.208,1.637,12.696,0,none,0.541,0.746,0.634,0.322,MEDIUM,SYNTHETIC_DEMO_DATA
2332,Andaman & Nicobar,11.73434,92.5894,2025-10-11 00:57:36,27.365,-0.885,34.884,2.342,0.789,208.11,14.897,7.718,1015.479,62.463,1.089,7.32,0,none,0.284,0.522,0.543,0.408,MEDIUM,SYNTHETIC_DEMO_DATA
2333,Visakhapatnam,17.66982,83.03672,2025-10-11 03:52:27,27.631,-0.119,34.729,0.989,0.825,217.8,8.841,6.228,1000.025,88.681,0.718,13.354,1,anticyclonic,0.338,0.716,0.624,0.28,LOW,SYNTHETIC_DEMO_DATA
2334,Andaman & Nicobar,11.91167,92.66238,2025-10-11 06:47:18,28.85,0.6,31.554,2.392,0.898,213.37,21.648,16.0,1015.929,66.614,1.767,12.314,1,cyclonic,0.402,0.779,0.6,0.294,LOW,SYNTHETIC_DEMO_DATA
2335,Mumbai Coast,18.74905,72.97883,2025-10-11 09:42:09,25.82,-1.43,32.603,2.114,0.46,125.5,15.237,17.903,1010.304,63.241,0.905,9.594,1,cyclonic,0.549,0.477,0.675,0.54,MEDIUM,SYNTHETIC_DEMO_DATA
2336,Mumbai Coast,18.8258,72.95616,2025-10-11 12:37:00,27.751,0.501,34.86,1.05,0.629,67.24,3.605,27.843,1006.325,72.425,1.112,13.591,0,none,0.586,0.6,0.709,0.378,MEDIUM,SYNTHETIC_DEMO_DATA
2337,Kerala Coast,10.43612,76.36579,2025-10-11 15:31:51,25.921,-1.629,32.993,1.834,0.92,286.84,7.037,27.871,1000.783,90.816,1.76,14.476,0,none,0.633,0.59,0.49,0.607,HIGH,SYNTHETIC_DEMO_DATA
2338,Andaman & Nicobar,11.67862,92.67574,2025-10-11 18:26:43,28.304,0.054,34.619,2.188,0.71,255.38,13.047,18.926,1022.886,60.892,2.109,12.07,0,none,0.575,0.773,0.761,0.204,LOW,SYNTHETIC_DEMO_DATA
2339,Sundarbans,22.06295,89.26381,2025-10-11 21:21:34,27.249,-0.201,22.712,1.239,0.278,357.68,9.718,12.23,1008.988,76.204,1.65,7.403,0,none,0.466,0.694,0.753,0.247,LOW,SYNTHETIC_DEMO_DATA
2340,Sundarbans,21.9147,89.17255,2025-10-12 00:16:25,27.744,0.294,18.533,2.014,0.756,242.91,9.944,26.815,1002.05,72.167,1.666,15.126,1,cyclonic,0.579,0.692,0.574,0.388,MEDIUM,SYNTHETIC_DEMO_DATA
2341,Kerala Coast,10.06043,76.5286,2025-10-12 03:11:16,28.956,1.406,32.465,3.286,0.648,330.62,22.807,9.729,1003.546,53.975,1.631,6.879,1,cyclonic,0.456,0.649,0.553,0.585,MEDIUM,SYNTHETIC_DEMO_DATA
2342,Chennai Coast,13.05883,80.1661,2025-10-12 06:06:07,29.103,0.653,33.325,0.623,0.557,161.59,5.531,0.0,1016.708,74.825,0.766,2.252,0,none,0.293,0.676,0.665,0.213,LOW,SYNTHETIC_DEMO_DATA
2343,Mumbai Coast,18.81722,72.77921,2025-10-12 09:00:58,27.602,0.352,33.836,0.967,0.615,293.84,7.746,9.031,1019.319,66.759,1.091,12.432,1,cyclonic,0.352,0.641,0.746,0.319,MEDIUM,SYNTHETIC_DEMO_DATA
2344,Goa Coast,15.69669,74.06428,2025-10-12 11:55:49,27.308,-0.142,34.617,1.906,0.792,210.89,12.718,16.43,1005.318,73.177,1.342,14.288,0,none,0.537,0.645,0.625,0.25,LOW,SYNTHETIC_DEMO_DATA
2345,Mumbai Coast,18.83472,72.52652,2025-10-12 14:50:40,28.378,1.128,34.375,0.633,0.938,111.8,1.0,10.974,1018.354,84.836,1.085,4.644,0,none,0.33,0.568,0.649,0.385,MEDIUM,SYNTHETIC_DEMO_DATA
2346,Visakhapatnam,18.2173,83.19279,2025-10-12 17:45:31,27.743,-0.007,34.824,0.998,0.373,86.85,4.756,14.005,1015.575,69.953,1.438,9.905,0,none,0.626,0.883,0.761,0.094,LOW,SYNTHETIC_DEMO_DATA
2347,Chennai Coast,13.39689,80.49736,2025-10-12 20:40:22,28.576,0.126,31.746,1.931,0.883,302.17,17.994,7.823,1007.42,62.433,0.943,5.443,0,none,0.336,0.779,0.725,0.187,LOW,SYNTHETIC_DEMO_DATA
2348,Goa Coast,15.41151,73.48588,2025-10-12 23:35:13,28.043,0.593,36.077,1.602,0.789,52.17,14.414,11.211,1012.956,83.114,1.069,8.854,1,cyclonic,0.329,0.494,0.624,0.343,MEDIUM,SYNTHETIC_DEMO_DATA
2349,Visakhapatnam,17.81055,83.0352,2025-10-13 02:30:04,27.55,-0.2,32.187,1.062,0.278,277.6,3.465,6.579,999.062,64.411,0.575,6.21,0,none,0.286,0.74,0.561,0.24,LOW,SYNTHETIC_DEMO_DATA
2350,Mumbai Coast,18.71681,72.70191,2025-10-13 05:24:55,27.182,-0.068,34.098,1.688,0.773,325.53,8.865,28.252,1022.65,75.4,1.268,11.075,1,cyclonic,0.376,0.631,0.656,0.285,LOW,SYNTHETIC_DEMO_DATA
2351,Mumbai Coast,18.77306,72.92412,2025-10-13 08:19:46,27.843,0.593,34.777,2.059,0.854,227.61,19.9,18.979,1007.368,79.147,1.678,13.788,0,none,0.437,0.579,0.619,0.375,MEDIUM,SYNTHETIC_DEMO_DATA
2352,Goa Coast,15.39877,74.03126,2025-10-13 11:14:37,27.412,-0.038,35.366,1.519,0.934,241.42,11.518,11.972,1000.4,96.846,1.886,14.12,1,cyclonic,0.651,0.916,0.699,0.221,LOW,SYNTHETIC_DEMO_DATA
2353,Goa Coast,15.67536,73.43556,2025-10-13 14:09:28,27.717,0.267,31.581,1.685,0.827,292.72,17.118,21.167,1005.801,50.984,2.096,12.915,1,anticyclonic,0.652,0.69,0.763,0.271,LOW,SYNTHETIC_DEMO_DATA
2354,Kerala Coast,10.07425,76.35582,2025-10-13 17:04:19,27.179,-0.371,34.707,1.586,0.721,328.4,15.465,18.014,993.28,63.475,1.563,12.779,0,none,0.574,0.65,0.535,0.347,MEDIUM,SYNTHETIC_DEMO_DATA
2355,Chennai Coast,13.37917,80.05976,2025-10-13 19:59:11,27.852,-0.598,33.309,1.951,1.024,205.23,14.603,17.886,1001.318,68.027,0.936,8.149,0,none,0.419,0.706,0.731,0.257,LOW,SYNTHETIC_DEMO_DATA
2356,Chennai Coast,12.63568,80.24737,2025-10-13 22:54:02,30.119,1.669,34.012,1.609,0.756,295.23,12.331,0.161,1011.278,60.335,1.655,3.955,1,cyclonic,0.288,0.54,0.588,0.512,MEDIUM,SYNTHETIC_DEMO_DATA
2357,Kerala Coast,10.024,76.36131,2025-10-14 01:48:53,27.151,-0.399,33.624,2.399,0.469,150.73,14.137,17.114,1009.059,71.37,2.166,12.093,0,none,0.478,0.76,0.655,0.266,LOW,SYNTHETIC_DEMO_DATA
2358,Visakhapatnam,17.89276,83.28164,2025-10-14 04:43:44,27.994,0.244,34.653,1.326,0.39,58.63,5.298,0.0,994.659,64.531,0.808,8.209,1,cyclonic,0.365,0.745,0.604,0.31,MEDIUM,SYNTHETIC_DEMO_DATA
2359,Gujarat Coast,21.93868,69.66236,2025-10-14 07:38:35,27.391,0.641,35.646,1.397,1.04,246.06,8.872,4.612,1003.83,79.75,0.974,6.573,0,none,0.437,0.533,0.61,0.343,MEDIUM,SYNTHETIC_DEMO_DATA
2360,Visakhapatnam,17.66381,83.16512,2025-10-14 10:33:26,28.346,0.596,33.953,1.138,0.615,0.06,8.555,7.205,1021.724,61.796,1.162,11.737,1,anticyclonic,0.43,0.722,0.531,0.385,MEDIUM,SYNTHETIC_DEMO_DATA
2361,Gujarat Coast,22.03544,69.77393,2025-10-14 13:28:17,25.525,-1.225,37.157,0.993,1.04,0.36,8.004,0.26,1026.159,70.869,1.059,1.867,0,none,0.352,0.632,0.644,0.397,MEDIUM,SYNTHETIC_DEMO_DATA
2362,Goa Coast,15.639,73.94379,2025-10-14 16:23:08,26.632,-0.818,32.039,1.639,0.517,51.35,10.818,12.249,1012.205,67.818,1.386,12.911,0,none,0.554,0.788,0.597,0.361,MEDIUM,SYNTHETIC_DEMO_DATA
2363,Lakshadweep,10.98823,72.40787,2025-10-14 19:17:59,26.384,-1.366,35.515,1.048,0.471,143.54,3.296,15.843,1010.97,74.28,0.904,12.2,0,none,0.358,0.661,0.523,0.448,MEDIUM,SYNTHETIC_DEMO_DATA
2364,Odisha Coast,19.7826,85.52081,2025-10-14 22:12:50,27.302,-0.948,29.485,1.046,0.773,264.54,5.369,15.244,999.779,62.64,1.24,9.351,0,none,0.463,0.554,0.628,0.403,MEDIUM,SYNTHETIC_DEMO_DATA
2365,Goa Coast,15.75284,73.85206,2025-10-15 01:07:41,27.387,-0.063,33.261,0.59,0.476,59.65,5.596,12.635,1006.266,78.264,0.777,12.098,1,cyclonic,0.486,0.746,0.759,0.178,LOW,SYNTHETIC_DEMO_DATA
2366,Sundarbans,22.02389,89.02551,2025-10-15 04:02:32,27.319,-0.131,21.404,2.668,0.908,242.26,14.512,18.478,1008.186,86.461,1.853,11.008,0,none,0.406,0.618,0.721,0.34,MEDIUM,SYNTHETIC_DEMO_DATA
2367,Chennai Coast,13.28095,79.86356,2025-10-15 06:57:23,29.056,0.606,31.608,2.247,0.902,112.07,19.135,13.972,991.734,75.429,1.486,10.277,1,anticyclonic,0.506,0.751,0.694,0.394,MEDIUM,SYNTHETIC_DEMO_DATA
2368,Odisha Coast,19.90394,86.19941,2025-10-15 09:52:14,27.629,-0.621,28.644,1.699,1.253,314.21,13.263,15.526,1013.984,68.345,1.298,10.206,0,none,0.393,0.61,0.614,0.383,MEDIUM,SYNTHETIC_DEMO_DATA
2369,Odisha Coast,19.97499,85.68444,2025-10-15 12:47:05,28.687,0.437,29.719,2.449,0.936,331.33,13.728,26.495,1016.987,73.349,2.257,13.598,1,cyclonic,0.516,0.607,0.603,0.436,MEDIUM,SYNTHETIC_DEMO_DATA
2370,Odisha Coast,19.78821,86.02275,2025-10-15 15:41:56,27.533,-0.717,28.921,2.763,0.737,230.17,13.352,30.045,1005.505,83.931,1.858,15.714,1,cyclonic,0.573,0.55,0.735,0.503,MEDIUM,SYNTHETIC_DEMO_DATA
2371,Sundarbans,21.79637,88.80883,2025-10-15 18:36:47,27.958,0.508,20.27,1.669,0.809,323.73,11.781,21.923,1028.196,94.302,1.167,11.318,1,cyclonic,0.408,0.765,0.735,0.386,MEDIUM,SYNTHETIC_DEMO_DATA
2372,Andaman & Nicobar,11.78202,92.717,2025-10-15 21:31:39,27.315,-0.935,32.23,2.294,0.933,301.31,14.79,14.785,1013.83,73.586,1.823,14.495,1,cyclonic,0.46,0.678,0.69,0.439,MEDIUM,SYNTHETIC_DEMO_DATA
2373,Sundarbans,22.06127,89.13187,2025-10-16 00:26:30,25.213,-2.237,20.596,1.732,1.362,315.13,11.201,15.152,1004.946,79.084,1.163,10.751,1,anticyclonic,0.383,0.554,0.451,0.712,HIGH,SYNTHETIC_DEMO_DATA
2374,Chennai Coast,13.28192,80.5357,2025-10-16 03:21:21,27.574,-0.876,30.492,1.115,0.65,295.86,11.879,5.516,1008.258,76.068,0.906,7.062,1,cyclonic,0.446,0.664,0.757,0.358,MEDIUM,SYNTHETIC_DEMO_DATA
2375,Gujarat Coast,21.91801,69.39124,2025-10-16 06:16:12,26.264,-0.486,35.531,1.872,0.469,281.94,13.21,5.921,1006.838,63.931,1.098,8.25,1,anticyclonic,0.354,0.606,0.71,0.314,MEDIUM,SYNTHETIC_DEMO_DATA
2376,Lakshadweep,10.31469,72.51023,2025-10-16 09:11:03,28.243,0.493,36.205,1.065,0.814,324.82,7.598,10.476,1011.012,50.507,1.185,8.844,0,none,0.333,0.737,0.554,0.266,LOW,SYNTHETIC_DEMO_DATA
2377,Andaman & Nicobar,11.72718,92.65061,2025-10-16 12:05:54,28.128,-0.122,29.596,1.563,0.668,117.97,10.146,19.319,1015.678,100.0,1.541,6.994,1,cyclonic,0.459,0.794,0.634,0.24,LOW,SYNTHETIC_DEMO_DATA
2378,Odisha Coast,19.62563,85.73238,2025-10-16 15:00:45,28.004,-0.246,28.482,1.096,1.099,34.93,7.252,36.761,1006.078,67.465,2.443,15.369,0,none,0.621,0.619,0.756,0.288,LOW,SYNTHETIC_DEMO_DATA
2379,Lakshadweep,10.82763,72.66817,2025-10-16 17:55:36,27.347,-0.403,35.786,1.759,0.491,225.23,9.49,4.771,1025.639,73.317,0.888,2.287,0,none,0.283,0.612,0.733,0.273,LOW,SYNTHETIC_DEMO_DATA
2380,Gujarat Coast,22.31841,69.48838,2025-10-16 20:50:27,26.673,-0.077,34.242,1.784,1.017,44.18,12.645,12.762,1012.409,84.763,1.835,6.937,1,anticyclonic,0.465,0.709,0.701,0.281,LOW,SYNTHETIC_DEMO_DATA
2381,Odisha Coast,19.88235,85.69258,2025-10-16 23:45:18,29.245,0.995,28.205,1.644,1.337,344.94,8.263,26.603,1013.859,78.969,2.516,12.051,1,anticyclonic,0.608,0.787,0.506,0.528,MEDIUM,SYNTHETIC_DEMO_DATA
2382,Kerala Coast,9.6345,75.95661,2025-10-17 02:40:09,26.808,-0.742,32.542,1.396,0.779,282.59,11.361,11.304,1005.381,65.543,1.063,2.657,1,cyclonic,0.472,0.573,0.67,0.382,MEDIUM,SYNTHETIC_DEMO_DATA
2383,Lakshadweep,10.78583,72.75555,2025-10-17 05:35:00,25.298,-2.452,36.218,1.904,0.84,212.92,16.653,9.907,1001.943,93.437,1.458,10.868,0,none,0.339,0.468,0.411,0.652,HIGH,SYNTHETIC_DEMO_DATA
2384,Chennai Coast,13.32764,80.5003,2025-10-17 08:29:51,27.736,-0.714,33.936,1.751,0.85,180.66,14.212,0.0,999.485,52.94,1.188,8.491,0,none,0.3,0.652,0.609,0.37,MEDIUM,SYNTHETIC_DEMO_DATA
2385,Odisha Coast,19.96624,85.69148,2025-10-17 11:24:42,27.713,-0.537,28.514,2.882,0.767,106.93,28.347,11.912,1000.959,66.339,1.088,7.588,1,cyclonic,0.498,0.629,0.594,0.443,MEDIUM,SYNTHETIC_DEMO_DATA
2386,Andaman & Nicobar,11.99025,92.70753,2025-10-17 14:19:33,28.823,0.573,32.646,1.654,0.604,109.23,10.612,6.473,1006.242,73.026,0.515,8.46,1,anticyclonic,0.427,0.727,0.663,0.358,MEDIUM,SYNTHETIC_DEMO_DATA
2387,Lakshadweep,10.4255,72.5718,2025-10-17 17:14:24,28.823,1.073,35.076,1.788,0.588,177.58,10.273,0.0,1005.106,90.454,1.078,3.327,1,cyclonic,0.417,0.596,0.563,0.431,MEDIUM,SYNTHETIC_DEMO_DATA
2388,Lakshadweep,10.44764,72.84532,2025-10-17 20:09:15,27.573,-0.177,35.345,1.573,0.356,331.58,9.152,0.0,1016.777,77.926,1.076,5.667,0,none,0.251,0.733,0.765,0.203,LOW,SYNTHETIC_DEMO_DATA
2389,Lakshadweep,10.35433,72.6644,2025-10-17 23:04:07,27.145,-0.605,34.574,1.674,0.765,177.03,12.232,2.462,1035.0,83.459,0.27,7.139,0,none,0.26,0.74,0.604,0.198,LOW,SYNTHETIC_DEMO_DATA
2390,Andaman & Nicobar,11.52986,93.1976,2025-10-18 01:58:58,27.651,-0.599,31.783,2.777,1.119,229.74,20.882,2.715,1014.545,74.117,0.945,9.305,1,anticyclonic,0.281,0.619,0.725,0.337,MEDIUM,SYNTHETIC_DEMO_DATA
2391,Kerala Coast,10.03355,76.07444,2025-10-18 04:53:49,27.127,-0.423,34.121,1.013,0.163,328.28,7.623,16.756,1009.975,73.928,1.863,16.16,0,none,0.509,0.701,0.715,0.305,MEDIUM,SYNTHETIC_DEMO_DATA
2392,Odisha Coast,19.84411,86.1273,2025-10-18 07:48:40,27.254,-0.996,30.339,2.314,0.873,116.71,12.974,19.317,1010.792,70.039,1.328,10.1,0,none,0.558,0.594,0.62,0.477,MEDIUM,SYNTHETIC_DEMO_DATA
2393,Gujarat Coast,22.54162,69.27059,2025-10-18 10:43:31,25.192,-1.558,35.5,1.46,0.462,63.32,8.309,1.187,1004.891,67.701,0.963,5.461,1,anticyclonic,0.41,0.515,0.689,0.54,MEDIUM,SYNTHETIC_DEMO_DATA
2394,Visakhapatnam,17.75225,83.35661,2025-10-18 13:38:22,27.468,-0.282,34.221,1.729,0.742,136.28,10.233,0.0,1016.941,62.427,1.166,4.791,1,cyclonic,0.332,0.631,0.665,0.236,LOW,SYNTHETIC_DEMO_DATA
2395,Kerala Coast,9.87129,76.44722,2025-10-18 16:33:13,27.737,0.187,33.503,1.411,0.67,349.76,9.452,28.023,1007.167,78.981,1.698,14.246,0,none,0.437,0.648,0.715,0.354,MEDIUM,SYNTHETIC_DEMO_DATA
2396,Gujarat Coast,22.19422,69.75298,2025-10-18 19:28:04,27.872,1.122,37.412,2.802,0.838,153.7,17.8,6.434,1006.535,86.847,0.34,7.339,0,none,0.393,0.676,0.536,0.532,MEDIUM,SYNTHETIC_DEMO_DATA
2397,Lakshadweep,10.64763,72.38317,2025-10-18 22:22:55,27.078,-0.672,34.227,0.695,0.829,343.34,1.111,0.0,1018.109,65.678,0.914,1.459,0,none,0.302,0.778,0.705,0.269,LOW,SYNTHETIC_DEMO_DATA
2398,Visakhapatnam,17.79355,83.33566,2025-10-19 01:17:46,26.062,-1.688,33.569,2.833,0.565,175.0,17.837,1.981,1013.568,61.05,1.346,6.043,1,cyclonic,0.314,0.581,0.533,0.535,MEDIUM,SYNTHETIC_DEMO_DATA
2399,Visakhapatnam,17.65398,83.37696,2025-10-19 04:12:37,27.005,-0.745,33.117,3.063,0.344,149.61,17.123,16.973,1015.245,92.85,1.555,9.406,1,cyclonic,0.534,0.648,0.671,0.415,MEDIUM,SYNTHETIC_DEMO_DATA
2400,Goa Coast,15.84056,73.91989,2025-10-19 07:07:28,26.857,-0.593,33.027,2.907,1.041,232.98,22.177,13.742,995.253,74.331,1.189,13.144,0,none,0.42,0.762,0.791,0.273,LOW,SYNTHETIC_DEMO_DATA
2401,Sundarbans,21.58769,88.90657,2025-10-19 10:02:19,28.879,1.429,22.23,2.489,0.324,84.92,13.037,11.314,1009.005,59.726,1.166,9.152,1,anticyclonic,0.412,0.649,0.427,0.649,HIGH,SYNTHETIC_DEMO_DATA
2402,Mumbai Coast,19.02848,72.79796,2025-10-19 12:57:10,28.45,1.2,31.501,1.875,0.391,236.69,13.819,24.485,1006.202,68.847,1.364,13.985,0,none,0.532,0.452,0.526,0.506,MEDIUM,SYNTHETIC_DEMO_DATA
2403,Goa Coast,15.73196,73.99785,2025-10-19 15:52:01,28.603,1.153,34.131,2.295,0.767,286.32,16.995,8.36,1008.811,36.621,1.122,8.984,1,cyclonic,0.313,0.599,0.658,0.416,MEDIUM,SYNTHETIC_DEMO_DATA
2404,Mumbai Coast,18.82555,72.48083,2025-10-19 18:46:52,27.617,0.367,33.858,1.417,1.012,180.69,5.608,6.471,1019.276,52.781,1.746,9.772,0,none,0.299,0.639,0.69,0.203,LOW,SYNTHETIC_DEMO_DATA
2405,Chennai Coast,13.09222,79.75545,2025-10-19 21:41:43,28.65,0.2,33.611,2.019,0.987,173.87,14.387,19.366,1003.907,78.362,2.236,12.182,0,none,0.491,0.877,0.722,0.181,LOW,SYNTHETIC_DEMO_DATA
2406,Andaman & Nicobar,11.95807,92.44536,2025-10-20 00:36:34,28.289,0.039,29.594,2.084,0.576,282.31,17.15,19.47,1026.656,79.554,1.867,11.572,0,none,0.525,0.681,0.678,0.224,LOW,SYNTHETIC_DEMO_DATA
2407,Chennai Coast,13.35415,80.12383,2025-10-20 03:31:26,28.833,0.383,31.823,1.475,0.398,10.59,14.419,7.38,1011.251,52.723,0.589,5.904,1,anticyclonic,0.406,0.631,0.705,0.323,MEDIUM,SYNTHETIC_DEMO_DATA
2408,Goa Coast,15.22733,73.69768,2025-10-20 06:26:17,28.428,0.978,32.974,1.805,0.736,302.0,12.098,19.942,1009.2,76.523,1.39,13.688,1,anticyclonic,0.307,0.492,0.551,0.504,MEDIUM,SYNTHETIC_DEMO_DATA
2409,Kerala Coast,9.94214,76.3207,2025-10-20 09:21:08,28.209,0.659,30.533,0.589,0.447,68.88,1.0,30.235,1012.715,83.338,1.975,20.484,0,none,0.483,0.581,0.601,0.407,MEDIUM,SYNTHETIC_DEMO_DATA
2410,Sundarbans,22.01614,89.53063,2025-10-20 12:15:59,26.952,-0.498,18.84,1.863,0.4,216.52,15.285,25.283,1017.724,94.554,1.661,14.933,1,cyclonic,0.572,0.582,0.596,0.383,MEDIUM,SYNTHETIC_DEMO_DATA
2411,Mumbai Coast,19.06361,73.20443,2025-10-20 15:10:50,28.27,1.02,33.687,2.124,1.081,159.11,13.338,18.43,1006.273,74.009,1.622,12.132,1,cyclonic,0.532,0.716,0.49,0.405,MEDIUM,SYNTHETIC_DEMO_DATA
2412,Sundarbans,21.94107,89.31377,2025-10-20 18:05:41,26.755,-0.695,20.115,1.244,0.681,73.95,5.945,20.295,1017.574,99.973,1.544,12.526,0,none,0.615,0.734,0.647,0.391,MEDIUM,SYNTHETIC_DEMO_DATA
2413,Lakshadweep,10.54847,72.28689,2025-10-20 21:00:32,29.108,1.358,34.656,1.421,0.734,355.05,10.979,0.0,1010.23,71.854,0.646,5.706,0,none,0.303,0.617,0.635,0.466,MEDIUM,SYNTHETIC_DEMO_DATA
2414,Gujarat Coast,22.43886,69.55101,2025-10-20 23:55:23,26.18,-0.57,36.543,2.014,1.013,154.72,13.734,0.0,1023.691,82.275,0.507,6.308,1,anticyclonic,0.308,0.601,0.632,0.393,MEDIUM,SYNTHETIC_DEMO_DATA
2415,Chennai Coast,13.07936,79.79132,2025-10-21 02:50:14,29.984,1.534,34.757,1.508,0.621,155.9,10.058,5.417,1021.626,58.446,0.836,7.901,0,none,0.418,0.583,0.528,0.471,MEDIUM,SYNTHETIC_DEMO_DATA
2416,Kerala Coast,9.79142,76.33266,2025-10-21 05:45:05,28.02,0.47,34.168,1.82,1.068,266.11,16.51,9.96,1012.59,69.106,1.319,12.191,0,none,0.397,0.623,0.682,0.279,LOW,SYNTHETIC_DEMO_DATA
2417,Gujarat Coast,22.23366,69.51668,2025-10-21 08:39:56,26.608,-0.142,36.075,1.462,0.283,197.67,9.654,0.0,1018.024,80.17,1.383,7.556,0,none,0.292,0.637,0.709,0.23,LOW,SYNTHETIC_DEMO_DATA
2418,Visakhapatnam,17.55157,83.24535,2025-10-21 11:34:47,27.42,-0.33,32.133,0.828,1.191,352.66,4.731,14.212,1011.873,87.132,1.777,8.805,0,none,0.414,0.538,0.658,0.248,LOW,SYNTHETIC_DEMO_DATA
2419,Visakhapatnam,17.77532,83.35099,2025-10-21 14:29:38,28.253,0.503,34.856,1.956,0.583,285.01,7.044,7.018,1006.175,92.848,1.414,5.046,1,cyclonic,0.358,0.642,0.649,0.349,MEDIUM,SYNTHETIC_DEMO_DATA
2420,Kerala Coast,9.7933,76.01419,2025-10-21 17:24:29,27.961,0.411,34.224,1.942,0.951,254.76,10.927,13.539,1014.199,89.735,1.89,16.313,1,cyclonic,0.531,0.769,0.571,0.407,MEDIUM,SYNTHETIC_DEMO_DATA
2421,Visakhapatnam,17.60465,83.17361,2025-10-21 20:19:20,28.451,0.701,33.126,1.542,0.796,135.82,9.366,12.174,1014.697,61.218,1.299,10.489,0,none,0.55,0.582,0.771,0.302,MEDIUM,SYNTHETIC_DEMO_DATA
2422,Goa Coast,15.7335,74.03845,2025-10-21 23:14:11,27.198,-0.252,32.893,1.371,0.647,266.78,12.232,19.698,1000.867,74.74,1.643,11.611,1,cyclonic,0.594,0.811,0.731,0.259,LOW,SYNTHETIC_DEMO_DATA
2423,Odisha Coast,19.89103,86.18999,2025-10-22 02:09:02,27.567,-0.683,30.1,1.957,0.693,152.63,13.303,19.012,1019.062,77.329,1.256,7.719,1,cyclonic,0.458,0.593,0.785,0.417,MEDIUM,SYNTHETIC_DEMO_DATA
2424,Andaman & Nicobar,11.58113,92.31191,2025-10-22 05:03:54,26.927,-1.323,32.595,1.586,0.667,267.29,10.351,9.332,1006.174,100.0,1.291,8.402,0,none,0.523,0.451,0.577,0.532,MEDIUM,SYNTHETIC_DEMO_DATA
2425,Chennai Coast,13.29202,79.97931,2025-10-22 07:58:45,29.217,0.767,31.791,1.041,0.702,72.19,6.763,7.705,1007.931,97.922,0.912,8.291,0,none,0.35,0.684,0.664,0.29,LOW,SYNTHETIC_DEMO_DATA
2426,Mumbai Coast,19.17646,73.03275,2025-10-22 10:53:36,26.038,-1.212,35.084,2.267,0.928,12.03,10.71,16.991,1024.741,95.531,2.086,10.368,0,none,0.73,0.589,0.609,0.463,MEDIUM,SYNTHETIC_DEMO_DATA
2427,Odisha Coast,19.77768,85.46193,2025-10-22 13:48:27,28.066,-0.184,29.203,1.779,1.031,239.33,8.244,23.031,1004.004,73.449,1.635,11.555,0,none,0.453,0.869,0.713,0.245,LOW,SYNTHETIC_DEMO_DATA
2428,Chennai Coast,13.22117,80.02359,2025-10-22 16:43:18,26.266,-2.184,34.916,1.781,0.446,167.97,14.119,1.308,1012.978,84.912,1.456,4.763,1,cyclonic,0.411,0.389,0.39,0.663,HIGH,SYNTHETIC_DEMO_DATA
2429,Goa Coast,15.21476,73.65856,2025-10-22 19:38:09,25.993,-1.457,33.527,2.132,0.786,52.91,18.362,12.346,1011.091,58.763,1.791,10.348,0,none,0.419,0.524,0.608,0.523,MEDIUM,SYNTHETIC_DEMO_DATA
2430,Visakhapatnam,17.43526,83.52551,2025-10-22 22:33:00,28.154,0.404,33.035,2.237,0.607,124.6,15.344,1.762,1034.268,53.364,1.026,4.573,0,none,0.479,0.672,0.682,0.261,LOW,SYNTHETIC_DEMO_DATA
2431,Odisha Coast,19.745,86.0545,2025-10-23 01:27:51,28.98,0.73,29.533,1.877,0.832,337.04,16.313,3.755,1021.364,77.32,1.18,8.023,1,anticyclonic,0.438,0.646,0.625,0.438,MEDIUM,SYNTHETIC_DEMO_DATA
2432,Mumbai Coast,19.00465,72.91022,2025-10-23 04:22:42,27.179,-0.071,33.995,2.032,0.788,42.25,12.743,21.661,1007.514,70.013,1.266,11.755,1,cyclonic,0.496,0.724,0.713,0.305,MEDIUM,SYNTHETIC_DEMO_DATA
2433,Odisha Coast,19.86544,85.59051,2025-10-23 07:17:33,27.301,-0.949,29.118,1.655,0.714,203.6,9.464,19.129,999.559,85.689,1.239,9.347,0,none,0.426,0.514,0.602,0.424,MEDIUM,SYNTHETIC_DEMO_DATA
2434,Chennai Coast,13.13362,80.34242,2025-10-23 10:12:24,27.235,-1.215,32.51,1.509,0.571,315.85,15.239,17.736,1001.875,50.357,1.613,10.628,1,cyclonic,0.637,0.642,0.612,0.497,MEDIUM,SYNTHETIC_DEMO_DATA
2435,Kerala Coast,10.10541,76.19679,2025-10-23 13:07:15,27.305,-0.245,33.049,1.704,0.524,128.14,9.756,28.368,1017.861,64.286,1.906,16.25,0,none,0.559,0.659,0.553,0.292,LOW,SYNTHETIC_DEMO_DATA
2436,Mumbai Coast,19.12516,72.67492,2025-10-23 16:02:06,27.631,0.381,33.144,0.81,0.869,221.98,5.537,22.028,1003.284,66.77,1.817,13.225,0,none,0.534,0.714,0.705,0.244,LOW,SYNTHETIC_DEMO_DATA
2437,Gujarat Coast,22.67928,69.59459,2025-10-23 18:56:57,26.877,0.127,33.978,1.537,0.711,193.78,9.937,5.267,1020.778,87.623,0.448,4.578,0,none,0.324,0.648,0.765,0.234,LOW,SYNTHETIC_DEMO_DATA
2438,Gujarat Coast,22.21977,69.67794,2025-10-23 21:51:48,27.692,0.942,35.901,2.862,0.748,300.32,15.437,9.099,1004.167,79.45,0.935,6.915,1,cyclonic,0.412,0.784,0.579,0.438,MEDIUM,SYNTHETIC_DEMO_DATA
2439,Andaman & Nicobar,11.64952,92.42523,2025-10-24 00:46:39,28.594,0.344,31.572,2.071,0.748,336.67,18.483,0.0,1005.886,68.995,1.019,3.028,0,none,0.356,0.77,0.751,0.164,LOW,SYNTHETIC_DEMO_DATA
2440,Sundarbans,22.18244,89.08534,2025-10-24 03:41:30,27.767,0.317,19.791,1.945,0.187,173.35,7.19,11.489,992.333,67.571,1.489,5.165,0,none,0.343,0.587,0.733,0.294,LOW,SYNTHETIC_DEMO_DATA
2441,Chennai Coast,12.96759,80.25525,2025-10-24 06:36:22,27.868,-0.582,33.923,1.01,0.997,170.95,3.252,3.699,1001.057,57.245,0.743,6.451,0,none,0.298,0.662,0.685,0.261,LOW,SYNTHETIC_DEMO_DATA
2442,Sundarbans,22.06879,89.48208,2025-10-24 09:31:13,26.572,-0.878,20.799,1.637,0.597,96.01,11.256,25.345,1024.186,84.122,2.228,9.524,0,none,0.648,0.721,0.755,0.466,MEDIUM,SYNTHETIC_DEMO_DATA
2443,Sundarbans,22.32851,89.12444,2025-10-24 12:26:04,26.43,-1.02,20.363,1.543,0.768,76.87,9.598,22.327,1018.041,51.644,1.203,11.341,0,none,0.526,0.756,0.713,0.468,MEDIUM,SYNTHETIC_DEMO_DATA
2444,Visakhapatnam,17.57609,83.18765,2025-10-24 15:20:55,26.658,-1.092,34.241,1.293,0.85,3.71,8.147,11.397,1005.669,79.343,0.664,12.102,1,cyclonic,0.396,0.633,0.628,0.397,MEDIUM,SYNTHETIC_DEMO_DATA
2445,Mumbai Coast,18.96083,72.998,2025-10-24 18:15:46,26.232,-1.018,33.473,1.503,0.373,292.15,14.355,2.699,1012.481,80.203,0.717,5.195,1,cyclonic,0.251,0.563,0.558,0.454,MEDIUM,SYNTHETIC_DEMO_DATA
2446,Andaman & Nicobar,11.69862,92.80622,2025-10-24 21:10:37,28.527,0.277,32.905,1.135,0.676,312.05,2.27,15.223,1008.67,57.381,1.577,10.124,1,cyclonic,0.333,0.67,0.682,0.228,LOW,SYNTHETIC_DEMO_DATA
2447,Goa Coast,15.59565,73.73115,2025-10-25 00:05:28,27.143,-0.307,35.864,2.488,0.983,282.3,14.44,13.833,1013.524,59.369,1.273,8.104,1,anticyclonic,0.523,0.503,0.777,0.341,MEDIUM,SYNTHETIC_DEMO_DATA
2448,Gujarat Coast,22.76537,69.55004,2025-10-25 03:00:19,25.804,-0.946,36.628,1.834,0.49,254.11,12.602,0.84,1016.411,71.127,1.431,11.979,0,none,0.453,0.536,0.624,0.425,MEDIUM,SYNTHETIC_DEMO_DATA
2449,Goa Coast,15.28449,73.80911,2025-10-25 05:55:10,28.3,0.85,35.44,1.112,0.983,184.29,8.18,8.698,1006.993,53.692,0.744,8.0,1,cyclonic,0.29,0.546,0.593,0.273,LOW,SYNTHETIC_DEMO_DATA
2450,Odisha Coast,19.88566,85.95739,2025-10-25 08:50:01,27.574,-0.676,29.335,2.091,0.801,147.92,16.714,17.917,1007.014,98.213,1.331,12.019,0,none,0.537,0.587,0.616,0.365,MEDIUM,SYNTHETIC_DEMO_DATA
2451,Andaman & Nicobar,11.85394,92.55133,2025-10-25 11:44:52,28.916,0.666,31.815,1.889,0.552,263.7,13.404,0.0,1006.022,71.72,0.895,5.806,0,none,0.41,0.601,0.687,0.306,MEDIUM,SYNTHETIC_DEMO_DATA
2452,Andaman & Nicobar,12.18359,92.73823,2025-10-25 14:39:43,27.544,-0.706,33.419,1.171,0.875,128.27,11.222,13.997,1010.111,84.707,1.574,12.261,0,none,0.387,0.647,0.635,0.347,MEDIUM,SYNTHETIC_DEMO_DATA
2453,Sundarbans,21.92174,89.21179,2025-10-25 17:34:34,28.011,0.561,20.768,2.262,1.133,175.58,14.862,20.299,1017.965,65.63,1.723,15.924,0,none,0.441,0.681,0.559,0.457,MEDIUM,SYNTHETIC_DEMO_DATA
2454,Kerala Coast,10.06838,76.31543,2025-10-25 20:29:25,28.302,0.752,30.519,0.919,0.905,96.0,5.387,3.711,1011.062,72.62,0.396,4.777,1,anticyclonic,0.425,0.767,0.671,0.326,MEDIUM,SYNTHETIC_DEMO_DATA
2455,Andaman & Nicobar,11.62954,93.05367,2025-10-25 23:24:16,28.048,-0.202,33.805,2.265,0.65,287.92,17.266,12.305,1014.875,70.138,1.218,11.179,1,cyclonic,0.475,0.848,0.656,0.278,LOW,SYNTHETIC_DEMO_DATA
2456,Kerala Coast,10.18113,76.54596,2025-10-26 02:19:07,28.836,1.286,31.546,2.226,1.022,340.5,12.083,30.234,1016.701,67.348,2.566,21.196,0,none,0.507,0.556,0.49,0.568,MEDIUM,SYNTHETIC_DEMO_DATA
2457,Andaman & Nicobar,11.5754,92.5014,2025-10-26 05:13:58,27.975,-0.275,32.915,2.428,0.686,86.72,17.874,18.01,1010.58,100.0,0.781,10.222,0,none,0.503,0.607,0.743,0.268,LOW,SYNTHETIC_DEMO_DATA
2458,Lakshadweep,10.63456,72.84882,2025-10-26 08:08:50,26.667,-1.083,34.117,1.713,0.595,192.26,12.261,7.812,1014.977,72.73,1.102,8.655,1,anticyclonic,0.285,0.386,0.577,0.445,MEDIUM,SYNTHETIC_DEMO_DATA
2459,Kerala Coast,9.9602,76.4385,2025-10-26 11:03:41,26.368,-1.182,34.366,1.657,1.095,211.34,8.986,19.658,1010.393,70.988,1.141,7.922,0,none,0.485,0.633,0.669,0.415,MEDIUM,SYNTHETIC_DEMO_DATA
2460,Sundarbans,22.16129,89.577,2025-10-26 13:58:32,27.764,0.314,19.502,1.393,0.983,183.52,10.73,9.498,1000.121,62.792,0.853,10.532,0,none,0.33,0.62,0.723,0.284,LOW,SYNTHETIC_DEMO_DATA
2461,Chennai Coast,13.22345,79.91067,2025-10-26 16:53:23,29.151,0.701,34.749,1.492,0.855,230.17,13.572,0.0,1004.161,65.211,0.926,6.671,1,anticyclonic,0.15,0.605,0.669,0.325,MEDIUM,SYNTHETIC_DEMO_DATA
2462,Visakhapatnam,17.66686,83.02519,2025-10-26 19:48:14,27.938,0.188,33.843,0.475,0.837,300.84,5.57,18.051,1008.068,60.934,1.311,11.309,0,none,0.628,0.81,0.785,0.258,LOW,SYNTHETIC_DEMO_DATA
2463,Kerala Coast,10.19891,76.24572,2025-10-26 22:43:05,26.74,-0.81,31.008,2.534,0.562,333.08,23.799,20.203,1004.469,74.991,1.742,15.458,0,none,0.54,0.619,0.75,0.38,MEDIUM,SYNTHETIC_DEMO_DATA
2464,Mumbai Coast,19.13334,72.58356,2025-10-27 01:37:56,26.425,-0.825,35.67,2.714,0.717,354.72,22.038,15.052,1016.276,58.966,1.96,11.119,0,none,0.569,0.582,0.576,0.408,MEDIUM,SYNTHETIC_DEMO_DATA
2465,Kerala Coast,9.93627,76.10815,2025-10-27 04:32:47,27.094,-0.456,33.978,2.606,0.764,200.71,13.094,23.785,994.309,87.312,1.608,17.343,1,cyclonic,0.719,0.744,0.777,0.364,MEDIUM,SYNTHETIC_DEMO_DATA
2466,Odisha Coast,19.80053,85.24496,2025-10-27 07:27:38,28.281,0.031,28.213,2.08,0.706,106.23,13.926,23.094,1009.258,84.876,1.57,13.053,0,none,0.481,0.749,0.664,0.234,LOW,SYNTHETIC_DEMO_DATA
2467,Chennai Coast,13.23788,80.24237,2025-10-27 10:22:29,27.546,-0.904,32.296,1.779,0.712,160.43,10.899,13.144,1006.374,54.367,1.294,2.956,0,none,0.368,0.722,0.7,0.35,MEDIUM,SYNTHETIC_DEMO_DATA
2468,Gujarat Coast,22.17812,69.57345,2025-10-27 13:17:20,24.994,-1.756,36.462,2.796,0.876,157.91,20.387,19.652,1010.042,79.213,2.176,13.491,0,none,0.631,0.505,0.493,0.591,MEDIUM,SYNTHETIC_DEMO_DATA
2469,Sundarbans,22.12154,89.41071,2025-10-27 16:12:11,28.69,1.24,18.937,1.847,0.444,60.05,10.338,31.73,1013.206,95.298,1.734,13.079,1,cyclonic,0.51,0.625,0.576,0.511,MEDIUM,SYNTHETIC_DEMO_DATA
2470,Visakhapatnam,18.23828,83.1223,2025-10-27 19:07:02,28.062,0.312,32.693,1.939,1.113,321.3,14.913,0.0,1011.963,62.248,0.774,7.325,1,anticyclonic,0.262,0.622,0.646,0.324,MEDIUM,SYNTHETIC_DEMO_DATA
2471,Andaman & Nicobar,11.85583,92.20154,2025-10-27 22:01:53,27.055,-1.195,30.021,2.666,0.376,78.3,15.206,27.793,1018.933,76.897,1.417,14.47,1,cyclonic,0.564,0.564,0.596,0.562,MEDIUM,SYNTHETIC_DEMO_DATA
2472,Sundarbans,21.6632,89.40334,2025-10-28 00:56:44,26.669,-0.781,18.818,2.05,0.441,152.43,11.474,24.464,1011.374,82.397,1.854,12.65,0,none,0.634,0.653,0.588,0.456,MEDIUM,SYNTHETIC_DEMO_DATA
2473,Kerala Coast,9.94172,76.27574,2025-10-28 03:51:35,28.543,0.993,31.927,1.145,0.51,21.68,11.313,23.547,1016.874,60.746,1.363,11.762,0,none,0.323,0.556,0.736,0.37,MEDIUM,SYNTHETIC_DEMO_DATA
2474,Visakhapatnam,17.51007,83.13926,2025-10-28 06:46:26,27.981,0.231,33.066,1.246,0.571,250.81,10.202,20.354,1002.185,81.445,1.96,13.371,1,anticyclonic,0.506,0.76,0.631,0.338,MEDIUM,SYNTHETIC_DEMO_DATA
2475,Odisha Coast,20.02163,85.77146,2025-10-28 09:41:18,27.819,-0.431,28.021,1.749,0.926,307.48,12.662,13.52,1009.535,91.208,1.185,10.536,1,anticyclonic,0.252,0.56,0.696,0.369,MEDIUM,SYNTHETIC_DEMO_DATA
2476,Kerala Coast,9.86829,76.49137,2025-10-28 12:36:09,26.977,-0.573,35.445,1.015,0.518,241.79,7.669,12.288,1013.664,66.53,0.845,9.099,0,none,0.376,0.685,0.816,0.27,LOW,SYNTHETIC_DEMO_DATA
2477,Mumbai Coast,18.76612,72.91954,2025-10-28 15:31:00,25.59,-1.66,32.077,1.202,0.62,104.21,12.68,33.705,1007.02,85.122,1.981,10.725,1,cyclonic,0.718,0.772,0.586,0.535,MEDIUM,SYNTHETIC_DEMO_DATA
2478,Odisha Coast,19.75178,85.91667,2025-10-28 18:25:51,27.592,-0.658,29.378,2.14,0.367,56.31,14.178,15.72,1014.342,67.072,1.312,11.113,0,none,0.493,0.805,0.715,0.35,MEDIUM,SYNTHETIC_DEMO_DATA
2479,Sundarbans,21.85461,89.10095,2025-10-28 21:20:42,28.272,0.822,17.859,2.104,0.899,9.37,10.141,21.044,998.181,72.693,2.028,13.301,0,none,0.626,0.685,0.556,0.444,MEDIUM,SYNTHETIC_DEMO_DATA
2480,Odisha Coast,19.41173,85.91914,2025-10-29 00:15:33,28.34,0.09,29.51,1.44,0.793,134.26,8.924,11.642,1016.313,59.666,1.821,10.142,1,anticyclonic,0.343,0.667,0.636,0.41,MEDIUM,SYNTHETIC_DEMO_DATA
2481,Gujarat Coast,22.09924,69.30055,2025-10-29 03:10:24,25.894,-0.856,37.406,1.291,0.593,190.55,6.819,0.0,1012.983,85.047,1.011,8.362,0,none,0.384,0.612,0.707,0.277,LOW,SYNTHETIC_DEMO_DATA
2482,Andaman & Nicobar,11.81141,92.81687,2025-10-29 06:05:15,29.338,1.088,32.048,1.183,0.792,305.46,4.584,2.409,1019.792,86.696,1.011,5.787,0,none,0.463,0.64,0.751,0.354,MEDIUM,SYNTHETIC_DEMO_DATA
2483,Odisha Coast,19.87554,85.59362,2025-10-29 09:00:06,27.917,-0.333,30.544,2.03,0.635,339.98,20.004,4.44,1018.667,69.689,1.026,9.82,0,none,0.313,0.554,0.724,0.295,LOW,SYNTHETIC_DEMO_DATA
2484,Chennai Coast,12.95199,80.31458,2025-10-29 11:54:57,29.214,0.764,32.395,2.244,0.732,295.82,15.96,12.755,1011.421,47.662,1.401,15.524,0,none,0.476,0.587,0.535,0.376,MEDIUM,SYNTHETIC_DEMO_DATA
2485,Chennai Coast,13.17024,80.25435,2025-10-29 14:49:48,28.675,0.225,31.865,1.678,0.643,129.76,10.216,3.141,1010.453,75.457,1.372,5.393,1,anticyclonic,0.294,0.604,0.721,0.269,LOW,SYNTHETIC_DEMO_DATA
2486,Chennai Coast,12.94973,80.44556,2025-10-29 17:44:39,28.612,0.162,34.194,0.698,0.669,270.98,1.0,10.076,1012.067,83.585,1.033,8.107,0,none,0.361,0.598,0.624,0.248,LOW,SYNTHETIC_DEMO_DATA
2487,Visakhapatnam,17.80757,83.30183,2025-10-29 20:39:30,29.073,1.323,33.22,1.673,0.96,89.87,9.158,11.961,995.122,69.023,1.023,9.095,1,anticyclonic,0.338,0.595,0.661,0.451,MEDIUM,SYNTHETIC_DEMO_DATA
2488,Sundarbans,21.60553,89.21452,2025-10-29 23:34:21,28.432,0.982,21.329,1.284,0.808,46.33,12.905,12.748,1004.243,75.919,1.728,10.543,0,none,0.404,0.626,0.621,0.432,MEDIUM,SYNTHETIC_DEMO_DATA
2489,Mumbai Coast,19.09942,72.61266,2025-10-30 02:29:12,25.894,-1.356,33.786,2.643,0.63,188.31,15.006,18.016,1006.222,60.022,1.493,6.043,0,none,0.461,0.574,0.603,0.421,MEDIUM,SYNTHETIC_DEMO_DATA
2490,Chennai Coast,13.70913,80.14894,2025-10-30 05:24:03,28.532,0.082,31.202,2.336,1.186,22.23,19.463,11.856,1013.397,60.231,1.94,8.425,0,none,0.534,0.704,0.553,0.2,LOW,SYNTHETIC_DEMO_DATA
2491,Chennai Coast,13.4914,80.33563,2025-10-30 08:18:54,28.012,-0.438,33.317,0.927,0.999,133.14,6.854,18.709,1010.063,74.651,1.546,12.556,0,none,0.36,0.567,0.646,0.292,LOW,SYNTHETIC_DEMO_DATA
2492,Visakhapatnam,17.81952,83.33207,2025-10-30 11:13:46,27.253,-0.497,31.954,1.113,0.804,83.51,7.215,3.521,1017.757,75.152,0.691,5.568,1,anticyclonic,0.304,0.617,0.776,0.223,LOW,SYNTHETIC_DEMO_DATA
2493,Lakshadweep,10.6889,72.63781,2025-10-30 14:08:37,27.389,-0.361,34.744,1.357,1.263,170.48,10.32,3.546,1009.711,73.944,0.903,7.701,1,anticyclonic,0.368,0.632,0.716,0.326,MEDIUM,SYNTHETIC_DEMO_DATA
2494,Gujarat Coast,22.31613,69.54726,2025-10-30 17:03:28,27.385,0.635,37.157,2.593,0.894,55.31,12.219,5.794,1007.159,64.554,0.868,9.749,0,none,0.448,0.793,0.618,0.325,MEDIUM,SYNTHETIC_DEMO_DATA
2495,Kerala Coast,9.88697,76.04689,2025-10-30 19:58:19,28.355,0.805,33.675,1.873,0.05,289.02,15.376,24.307,1014.548,79.869,1.83,14.45,0,none,0.487,0.551,0.646,0.451,MEDIUM,SYNTHETIC_DEMO_DATA
2496,Visakhapatnam,17.43975,83.20774,2025-10-30 22:53:10,28.066,0.316,32.19,2.155,0.691,143.24,11.056,14.31,1016.583,88.518,1.359,11.622,1,anticyclonic,0.473,0.532,0.683,0.265,LOW,SYNTHETIC_DEMO_DATA
2497,Andaman & Nicobar,11.65868,92.72762,2025-10-31 01:48:01,29.208,0.958,32.731,1.897,0.627,215.32,15.515,11.38,1013.871,48.972,1.576,10.389,0,none,0.476,0.727,0.697,0.366,MEDIUM,SYNTHETIC_DEMO_DATA
2498,Andaman & Nicobar,12.14403,92.84487,2025-10-31 04:42:52,27.465,-0.785,32.346,1.606,0.815,350.91,12.435,23.253,1007.366,91.429,1.766,14.038,1,cyclonic,0.431,0.619,0.585,0.41,MEDIUM,SYNTHETIC_DEMO_DATA
2499,Sundarbans,21.86678,89.43502,2025-10-31 07:37:43,26.958,-0.492,21.6,1.809,0.313,239.54,16.933,17.454,1002.986,72.995,1.327,13.544,1,cyclonic,0.538,0.733,0.661,0.403,MEDIUM,SYNTHETIC_DEMO_DATA
2500,Lakshadweep,10.52849,72.43348,2025-10-31 10:32:34,28.104,0.354,35.452,1.793,0.83,105.84,11.497,18.448,1013.417,70.626,2.003,13.605,1,cyclonic,0.562,0.77,0.652,0.315,MEDIUM,SYNTHETIC_DEMO_DATA
2501,Gujarat Coast,22.75949,69.67179,2025-10-31 13:27:25,25.968,-0.782,34.345,1.577,1.132,337.11,10.549,0.0,1016.966,63.953,0.863,7.455,1,anticyclonic,0.47,0.702,0.732,0.361,MEDIUM,SYNTHETIC_DEMO_DATA
2502,Sundarbans,22.04928,89.36656,2025-10-31 16:22:16,27.632,0.182,20.941,1.216,0.88,60.4,7.634,17.274,1003.073,71.245,1.792,9.468,1,cyclonic,0.409,0.608,0.71,0.383,MEDIUM,SYNTHETIC_DEMO_DATA
2503,Goa Coast,15.77948,73.9801,2025-10-31 19:17:07,26.205,-1.245,32.264,1.827,1.388,270.02,13.008,27.303,1018.688,71.971,2.16,12.573,0,none,0.673,0.569,0.699,0.479,MEDIUM,SYNTHETIC_DEMO_DATA
2504,Odisha Coast,19.89066,86.18034,2025-10-31 22:11:58,27.764,-0.486,32.34,2.508,0.998,23.37,15.971,11.942,1013.275,67.331,1.285,11.866,1,cyclonic,0.504,0.673,0.705,0.437,MEDIUM,SYNTHETIC_DEMO_DATA
2505,Sundarbans,22.04333,89.01186,2025-11-01 01:06:49,24.814,-2.087,20.808,2.235,0.842,81.49,8.603,28.04,1009.52,73.326,1.985,14.463,0,none,0.618,0.659,0.416,0.692,HIGH,SYNTHETIC_DEMO_DATA
2506,Odisha Coast,19.94315,86.08602,2025-11-01 04:01:40,27.316,-0.385,31.303,1.843,0.745,95.61,5.008,0.0,1012.325,85.432,0.965,5.781,0,none,0.326,0.59,0.745,0.255,LOW,SYNTHETIC_DEMO_DATA
2507,Kerala Coast,9.76657,76.03043,2025-11-01 06:56:31,27.13,0.129,31.447,1.526,1.177,14.42,12.13,17.391,1001.811,73.152,1.423,13.313,0,none,0.327,0.63,0.718,0.287,LOW,SYNTHETIC_DEMO_DATA
2508,Gujarat Coast,22.32861,69.44452,2025-11-01 09:51:22,25.863,-0.338,35.027,1.558,0.39,58.32,8.39,12.362,1005.725,63.328,1.415,7.332,1,cyclonic,0.493,0.706,0.77,0.284,LOW,SYNTHETIC_DEMO_DATA
2509,Kerala Coast,10.04809,76.443,2025-11-01 12:46:13,29.018,2.017,31.165,3.127,0.935,324.43,22.489,20.551,1014.288,98.291,1.33,12.24,1,cyclonic,0.377,0.409,0.33,0.774,HIGH,SYNTHETIC_DEMO_DATA
2510,Odisha Coast,19.82906,85.93184,2025-11-01 15:41:05,27.92,0.219,28.357,1.953,0.672,234.05,16.739,15.019,1007.624,79.3,1.632,14.737,1,anticyclonic,0.476,0.686,0.789,0.318,MEDIUM,SYNTHETIC_DEMO_DATA
2511,Odisha Coast,19.87239,85.70101,2025-11-01 18:35:56,27.008,-0.693,30.287,0.653,0.41,97.25,7.443,25.087,1009.418,90.062,2.067,19.698,1,anticyclonic,0.34,0.726,0.625,0.41,MEDIUM,SYNTHETIC_DEMO_DATA
2512,Andaman & Nicobar,11.75147,92.87043,2025-11-01 21:30:47,28.115,0.414,30.885,2.392,0.843,128.96,12.724,12.966,1027.245,60.319,1.123,6.314,0,none,0.34,0.602,0.662,0.247,LOW,SYNTHETIC_DEMO_DATA
2513,Lakshadweep,10.46709,72.45097,2025-11-02 00:25:38,26.097,-1.104,35.145,1.636,0.784,5.16,9.585,11.337,1011.179,78.486,1.298,8.444,1,anticyclonic,0.562,0.591,0.628,0.464,MEDIUM,SYNTHETIC_DEMO_DATA
2514,Goa Coast,15.42164,73.8774,2025-11-02 03:20:29,27.786,0.885,34.961,0.331,0.984,243.51,2.091,0.0,1011.795,74.274,0.766,6.408,1,cyclonic,0.339,0.601,0.569,0.443,MEDIUM,SYNTHETIC_DEMO_DATA
2515,Odisha Coast,19.69787,85.7007,2025-11-02 06:15:20,27.823,0.122,29.818,2.062,0.541,301.55,12.966,14.125,1005.391,86.973,1.744,10.445,0,none,0.326,0.622,0.59,0.254,LOW,SYNTHETIC_DEMO_DATA
2516,Andaman & Nicobar,11.81315,93.32377,2025-11-02 09:10:11,29.346,1.645,31.256,1.23,0.773,52.21,13.664,15.554,1004.672,63.308,2.078,12.573,1,anticyclonic,0.588,0.799,0.695,0.465,MEDIUM,SYNTHETIC_DEMO_DATA
2517,Gujarat Coast,22.48996,69.95722,2025-11-02 12:05:02,25.289,-0.912,36.547,2.237,0.663,237.59,11.668,10.547,1007.174,75.82,1.353,6.451,1,anticyclonic,0.296,0.492,0.697,0.473,MEDIUM,SYNTHETIC_DEMO_DATA
2518,Mumbai Coast,18.80714,72.66426,2025-11-02 14:59:53,27.158,0.457,35.071,1.933,0.949,279.85,13.891,20.663,1004.716,89.092,1.841,14.252,1,anticyclonic,0.386,0.594,0.654,0.392,MEDIUM,SYNTHETIC_DEMO_DATA
2519,Odisha Coast,19.98497,85.93974,2025-11-02 17:54:44,28.765,1.064,30.02,1.966,0.574,177.12,16.591,9.362,1004.779,89.5,1.115,6.961,1,anticyclonic,0.416,0.593,0.559,0.404,MEDIUM,SYNTHETIC_DEMO_DATA
2520,Lakshadweep,10.79909,72.63208,2025-11-02 20:49:35,27.28,0.079,35.388,2.204,1.106,161.72,12.904,10.566,1015.134,77.528,0.748,9.87,1,anticyclonic,0.437,0.702,0.772,0.218,LOW,SYNTHETIC_DEMO_DATA
2521,Kerala Coast,9.81446,76.10957,2025-11-02 23:44:26,26.258,-0.743,33.156,1.215,0.714,305.35,10.108,25.526,990.546,86.01,1.524,14.063,0,none,0.521,0.63,0.578,0.424,MEDIUM,SYNTHETIC_DEMO_DATA
2522,Sundarbans,21.86305,89.47755,2025-11-03 02:39:17,26.943,0.042,20.364,2.715,0.783,142.07,19.127,27.837,1017.517,71.684,1.988,20.183,1,anticyclonic,0.603,0.752,0.701,0.287,LOW,SYNTHETIC_DEMO_DATA
2523,Visakhapatnam,17.47624,83.16425,2025-11-03 05:34:08,28.262,1.061,30.391,0.409,1.104,166.62,7.078,10.518,1003.037,70.882,0.701,7.517,1,cyclonic,0.502,0.697,0.538,0.335,MEDIUM,SYNTHETIC_DEMO_DATA
2524,Kerala Coast,10.02994,76.16608,2025-11-03 08:28:59,27.506,0.505,32.073,2.767,0.535,317.25,17.924,14.215,996.811,71.158,0.425,9.393,0,none,0.281,0.582,0.625,0.373,MEDIUM,SYNTHETIC_DEMO_DATA
2525,Sundarbans,21.87805,89.18463,2025-11-03 11:23:50,27.463,0.562,22.616,1.496,0.74,130.82,9.383,18.29,1024.054,64.269,0.865,10.599,1,cyclonic,0.434,0.72,0.652,0.405,MEDIUM,SYNTHETIC_DEMO_DATA
2526,Chennai Coast,12.99376,80.3655,2025-11-03 14:18:41,28.353,0.452,34.642,1.611,0.643,129.73,10.424,2.711,1018.815,70.346,1.102,3.459,0,none,0.405,0.71,0.781,0.308,MEDIUM,SYNTHETIC_DEMO_DATA
2527,Kerala Coast,10.04497,76.13184,2025-11-03 17:13:33,27.352,0.351,32.905,1.166,0.589,37.08,6.79,25.947,1027.695,63.77,1.831,15.312,0,none,0.622,0.602,0.588,0.36,MEDIUM,SYNTHETIC_DEMO_DATA
2528,Lakshadweep,10.63161,73.06935,2025-11-03 20:08:24,27.816,0.615,34.849,1.825,0.656,291.03,15.379,2.357,1009.846,82.768,0.05,7.583,1,cyclonic,0.337,0.513,0.705,0.294,LOW,SYNTHETIC_DEMO_DATA
2529,Sundarbans,21.87434,89.33319,2025-11-03 23:03:15,27.763,0.862,22.559,2.703,0.621,161.62,19.135,10.199,1013.239,80.102,1.442,9.16,1,anticyclonic,0.431,0.64,0.639,0.489,MEDIUM,SYNTHETIC_DEMO_DATA
2530,Mumbai Coast,19.09928,73.39429,2025-11-04 01:58:06,26.095,-0.606,34.41,1.352,0.819,333.23,8.779,18.353,995.282,59.693,1.906,12.616,0,none,0.497,0.565,0.69,0.355,MEDIUM,SYNTHETIC_DEMO_DATA
2531,Lakshadweep,10.68869,72.83111,2025-11-04 04:52:57,27.09,-0.111,34.851,1.449,0.466,291.77,11.124,6.01,1009.24,77.646,1.132,8.48,0,none,0.51,0.693,0.661,0.227,LOW,SYNTHETIC_DEMO_DATA
2532,Andaman & Nicobar,11.74309,92.62332,2025-11-04 07:47:48,30.297,2.596,31.732,1.99,0.687,64.0,10.687,22.142,1013.405,79.459,1.971,12.542,1,anticyclonic,0.497,0.401,0.281,0.791,HIGH,SYNTHETIC_DEMO_DATA
2533,Lakshadweep,10.4402,73.0791,2025-11-04 10:42:39,26.612,-0.589,34.627,2.738,1.358,155.73,18.232,4.221,1020.817,70.103,0.863,7.701,1,anticyclonic,0.229,0.634,0.683,0.318,MEDIUM,SYNTHETIC_DEMO_DATA
2534,Odisha Coast,19.68373,85.86207,2025-11-04 13:37:30,27.956,0.255,30.106,1.889,0.261,138.03,14.109,4.201,1008.882,89.694,1.056,6.655,0,none,0.355,0.619,0.598,0.284,LOW,SYNTHETIC_DEMO_DATA
2535,Andaman & Nicobar,11.53059,92.40042,2025-11-04 16:32:21,27.73,0.029,32.932,2.497,1.176,167.82,17.691,11.506,1018.56,59.493,1.033,7.936,0,none,0.393,0.571,0.738,0.281,LOW,SYNTHETIC_DEMO_DATA
2536,Lakshadweep,10.7502,72.39475,2025-11-04 19:27:12,26.85,-0.351,33.932,0.969,1.113,76.53,7.551,4.651,1021.985,46.741,1.499,3.548,1,cyclonic,0.373,0.694,0.694,0.219,LOW,SYNTHETIC_DEMO_DATA
2537,Chennai Coast,12.79972,80.27805,2025-11-04 22:22:03,27.813,-0.088,35.897,1.703,0.6,352.77,9.654,2.224,1017.099,66.487,1.227,5.605,0,none,0.335,0.67,0.65,0.216,LOW,SYNTHETIC_DEMO_DATA
2538,Kerala Coast,9.94674,76.55281,2025-11-05 01:16:54,27.1,0.099,33.087,1.46,0.49,137.47,8.11,20.347,1021.467,80.673,1.706,11.368,0,none,0.558,0.59,0.69,0.201,LOW,SYNTHETIC_DEMO_DATA
2539,Mumbai Coast,19.15219,72.78168,2025-11-05 04:11:45,26.553,-0.148,33.802,1.485,0.673,294.24,8.216,15.253,1020.323,76.18,1.554,13.278,1,cyclonic,0.59,0.85,0.757,0.211,LOW,SYNTHETIC_DEMO_DATA
2540,Kerala Coast,9.82276,76.21588,2025-11-05 07:06:36,27.976,0.975,33.455,1.483,0.385,102.01,10.136,12.715,1012.286,80.67,1.214,8.363,1,anticyclonic,0.487,0.631,0.736,0.376,MEDIUM,SYNTHETIC_DEMO_DATA
2541,Visakhapatnam,17.92658,83.10788,2025-11-05 10:01:27,27.984,0.783,32.819,2.583,0.916,174.26,14.135,7.018,1019.112,85.738,1.013,8.134,0,none,0.408,0.584,0.75,0.286,LOW,SYNTHETIC_DEMO_DATA
2542,Lakshadweep,10.29147,72.41479,2025-11-05 12:56:18,27.166,-0.035,33.108,2.193,1.141,147.68,13.637,11.234,1004.283,67.186,1.367,10.335,0,none,0.411,0.707,0.782,0.193,LOW,SYNTHETIC_DEMO_DATA
2543,Lakshadweep,10.37971,72.27025,2025-11-05 15:51:09,26.705,-0.496,37.004,1.501,0.636,149.56,13.441,2.905,1008.298,59.594,0.643,11.421,0,none,0.339,0.726,0.724,0.218,LOW,SYNTHETIC_DEMO_DATA
2544,Chennai Coast,13.13506,80.22775,2025-11-05 18:46:01,28.251,0.35,34.915,1.257,0.726,62.35,16.89,3.033,1013.488,91.435,1.595,8.309,1,cyclonic,0.489,0.653,0.676,0.315,MEDIUM,SYNTHETIC_DEMO_DATA
2545,Andaman & Nicobar,11.73448,92.87283,2025-11-05 21:40:52,28.172,0.471,32.714,0.451,0.716,147.01,1.0,15.253,1011.023,70.713,1.782,10.504,1,cyclonic,0.324,0.734,0.67,0.28,LOW,SYNTHETIC_DEMO_DATA
2546,Chennai Coast,13.05439,80.36605,2025-11-06 00:35:43,26.142,-1.759,32.384,1.801,1.049,177.83,10.544,15.325,1014.05,80.606,1.698,7.568,1,cyclonic,0.453,0.566,0.522,0.499,MEDIUM,SYNTHETIC_DEMO_DATA
2547,Goa Coast,15.43774,73.64387,2025-11-06 03:30:34,26.917,0.016,33.063,2.316,0.632,251.76,14.4,16.727,1014.847,71.749,1.895,13.986,1,anticyclonic,0.69,0.863,0.681,0.27,LOW,SYNTHETIC_DEMO_DATA
2548,Mumbai Coast,18.97205,72.70754,2025-11-06 06:25:25,27.24,0.539,34.635,1.829,0.796,305.97,13.346,11.071,1017.649,91.32,1.509,10.89,1,cyclonic,0.418,0.793,0.763,0.358,MEDIUM,SYNTHETIC_DEMO_DATA
2549,Kerala Coast,9.94205,76.22555,2025-11-06 09:20:16,27.307,0.306,33.552,0.966,0.964,4.53,7.136,17.032,1014.379,73.278,1.172,12.973,0,none,0.472,0.677,0.778,0.3,MEDIUM,SYNTHETIC_DEMO_DATA
2550,Odisha Coast,19.67382,86.41925,2025-11-06 12:15:07,28.461,0.76,27.979,2.972,0.603,106.93,18.456,14.321,1008.578,83.077,1.2,9.714,0,none,0.502,0.67,0.641,0.439,MEDIUM,SYNTHETIC_DEMO_DATA
2551,Gujarat Coast,22.65329,69.28799,2025-11-06 15:09:58,26.107,-0.094,36.133,1.82,0.83,336.31,11.884,17.988,999.753,81.45,1.73,9.151,0,none,0.632,0.749,0.796,0.231,LOW,SYNTHETIC_DEMO_DATA
2552,Chennai Coast,13.00707,79.95753,2025-11-06 18:04:49,26.565,-1.336,35.808,1.719,0.377,294.89,11.179,6.685,1004.499,49.25,1.294,7.706,0,none,0.578,0.661,0.576,0.446,MEDIUM,SYNTHETIC_DEMO_DATA
2553,Visakhapatnam,17.42422,83.4199,2025-11-06 20:59:40,25.869,-1.332,31.959,1.074,0.947,354.84,5.965,9.374,1006.576,81.225,0.141,8.943,1,anticyclonic,0.343,0.579,0.388,0.585,MEDIUM,SYNTHETIC_DEMO_DATA
2554,Odisha Coast,19.5528,85.9447,2025-11-06 23:54:31,28.54,0.839,29.545,2.941,1.005,142.42,23.011,5.83,1000.198,66.434,0.781,6.024,0,none,0.422,0.664,0.705,0.33,MEDIUM,SYNTHETIC_DEMO_DATA
2555,Lakshadweep,10.62954,72.62702,2025-11-07 02:49:22,28.269,1.068,34.767,2.083,0.45,160.85,15.761,11.962,1002.634,73.67,1.168,6.602,1,anticyclonic,0.4,0.544,0.605,0.439,MEDIUM,SYNTHETIC_DEMO_DATA
2556,Odisha Coast,19.75052,85.7673,2025-11-07 05:44:13,28.315,0.614,31.326,2.477,0.17,10.26,17.005,16.316,1016.652,60.554,1.483,15.21,1,anticyclonic,0.492,0.709,0.646,0.426,MEDIUM,SYNTHETIC_DEMO_DATA
2557,Goa Coast,15.28197,73.71494,2025-11-07 08:39:04,27.343,0.442,34.186,2.134,1.106,158.13,1.431,16.589,1017.915,74.779,0.703,15.382,0,none,0.377,0.661,0.631,0.353,MEDIUM,SYNTHETIC_DEMO_DATA
2558,Andaman & Nicobar,11.64355,92.63687,2025-11-07 11:33:55,29.199,1.498,29.93,1.835,0.598,5.0,16.841,28.172,1008.387,84.711,1.777,18.302,0,none,0.493,0.498,0.358,0.535,MEDIUM,SYNTHETIC_DEMO_DATA
2559,Sundarbans,21.7401,89.14722,2025-11-07 14:28:46,27.673,0.772,20.832,1.523,0.884,338.76,4.033,31.585,1017.585,99.908,1.673,15.835,0,none,0.548,0.648,0.625,0.391,MEDIUM,SYNTHETIC_DEMO_DATA
2560,Mumbai Coast,18.78035,72.8809,2025-11-07 17:23:37,26.088,-0.613,34.209,1.903,0.525,173.29,12.084,16.249,1010.912,74.668,1.67,9.579,0,none,0.512,0.674,0.693,0.354,MEDIUM,SYNTHETIC_DEMO_DATA
2561,Mumbai Coast,18.9741,72.84085,2025-11-07 20:18:29,26.248,-0.453,32.752,0.71,0.522,195.45,2.907,14.169,1011.136,60.346,1.448,10.14,1,anticyclonic,0.538,0.721,0.734,0.247,LOW,SYNTHETIC_DEMO_DATA
2562,Chennai Coast,12.53908,79.8472,2025-11-07 23:13:20,28.357,0.456,34.324,1.921,0.863,150.53,18.834,2.003,1013.883,67.813,1.15,12.213,0,none,0.561,0.648,0.723,0.288,LOW,SYNTHETIC_DEMO_DATA
2563,Gujarat Coast,22.59796,69.87096,2025-11-08 02:08:11,26.852,0.651,34.716,1.543,0.55,109.62,10.319,0.0,1029.011,73.189,1.376,7.082,0,none,0.389,0.458,0.701,0.395,MEDIUM,SYNTHETIC_DEMO_DATA
2564,Kerala Coast,10.24415,76.26293,2025-11-08 05:03:02,26.963,-0.038,32.585,2.056,0.648,277.47,14.727,26.636,1003.788,67.899,2.334,12.424,0,none,0.6,0.736,0.672,0.206,LOW,SYNTHETIC_DEMO_DATA
2565,Kerala Coast,9.97807,76.22902,2025-11-08 07:57:53,24.568,-2.433,33.273,0.872,0.41,263.11,3.75,23.076,1023.887,76.811,1.916,14.851,1,cyclonic,0.431,0.47,0.499,0.77,HIGH,SYNTHETIC_DEMO_DATA
2566,Kerala Coast,9.71988,76.30711,2025-11-08 10:52:44,27.287,0.286,32.778,1.573,0.817,123.97,12.785,11.018,1005.101,64.314,0.738,8.585,0,none,0.346,0.616,0.758,0.322,MEDIUM,SYNTHETIC_DEMO_DATA
2567,Andaman & Nicobar,11.79033,92.86414,2025-11-08 13:47:35,28.473,0.772,30.757,1.493,0.603,252.82,12.272,9.587,1011.292,78.283,1.345,9.403,1,cyclonic,0.45,0.636,0.651,0.383,MEDIUM,SYNTHETIC_DEMO_DATA
2568,Gujarat Coast,22.34279,69.42716,2025-11-08 16:42:26,26.752,0.551,36.596,2.146,0.91,202.19,14.31,19.103,1001.256,54.985,1.024,12.415,1,anticyclonic,0.495,0.653,0.62,0.411,MEDIUM,SYNTHETIC_DEMO_DATA
2569,Chennai Coast,13.01137,80.25409,2025-11-08 19:37:17,28.291,0.39,33.673,1.97,0.884,9.01,8.114,8.058,1017.756,72.038,1.936,8.722,0,none,0.492,0.542,0.707,0.321,MEDIUM,SYNTHETIC_DEMO_DATA
2570,Lakshadweep,10.67296,72.94221,2025-11-08 22:32:08,26.976,-0.225,34.132,1.172,1.107,5.64,14.51,14.284,1017.968,79.948,1.214,8.132,0,none,0.463,0.878,0.779,0.159,LOW,SYNTHETIC_DEMO_DATA
2571,Andaman & Nicobar,11.40003,92.7878,2025-11-09 01:26:59,28.418,0.717,30.496,2.122,0.752,57.81,15.3,8.574,1010.928,79.049,1.321,10.098,1,cyclonic,0.435,0.689,0.623,0.385,MEDIUM,SYNTHETIC_DEMO_DATA
2572,Lakshadweep,10.5471,72.62287,2025-11-09 04:21:50,27.049,-0.152,36.041,2.076,0.519,308.08,9.783,0.0,1019.365,88.771,1.274,5.65,0,none,0.357,0.735,0.819,0.215,LOW,SYNTHETIC_DEMO_DATA
2573,Goa Coast,15.73604,73.63195,2025-11-09 07:16:41,26.168,-0.733,28.901,1.675,0.657,186.15,17.032,8.216,1016.181,70.902,1.464,9.947,1,anticyclonic,0.281,0.533,0.748,0.363,MEDIUM,SYNTHETIC_DEMO_DATA
2574,Chennai Coast,13.28248,80.15743,2025-11-09 10:11:32,28.595,0.694,34.524,1.704,0.697,7.47,3.429,2.989,1009.115,72.878,0.721,5.419,1,anticyclonic,0.274,0.6,0.575,0.381,MEDIUM,SYNTHETIC_DEMO_DATA
2575,Goa Coast,15.2245,73.82838,2025-11-09 13:06:23,26.825,-0.076,33.72,1.534,0.562,25.65,7.082,2.648,1005.669,81.416,0.772,3.029,0,none,0.329,0.794,0.781,0.097,LOW,SYNTHETIC_DEMO_DATA
2576,Chennai Coast,12.57054,80.06852,2025-11-09 16:01:14,28.957,1.056,33.612,2.069,1.153,260.07,13.855,8.103,1010.508,75.468,0.454,12.773,0,none,0.205,0.531,0.564,0.456,MEDIUM,SYNTHETIC_DEMO_DATA
2577,Visakhapatnam,17.83156,83.25471,2025-11-09 18:56:05,26.692,-0.509,31.182,2.22,0.386,275.28,15.225,16.947,1008.045,77.666,1.359,6.013,0,none,0.453,0.678,0.702,0.261,LOW,SYNTHETIC_DEMO_DATA
2578,Kerala Coast,9.81669,76.15678,2025-11-09 21:50:57,25.802,-1.199,35.516,1.377,0.465,270.8,9.215,18.999,1014.084,55.513,1.878,13.673,0,none,0.506,0.627,0.578,0.427,MEDIUM,SYNTHETIC_DEMO_DATA
2579,Lakshadweep,10.4681,72.58694,2025-11-10 00:45:48,25.854,-1.347,34.429,2.067,0.872,230.92,11.113,19.856,1035.0,73.733,1.493,11.334,1,cyclonic,0.468,0.679,0.53,0.488,MEDIUM,SYNTHETIC_DEMO_DATA
2580,Mumbai Coast,19.19984,73.08718,2025-11-10 03:40:39,26.142,-0.559,33.402,1.011,0.765,250.4,2.644,23.73,999.885,86.346,1.641,15.18,1,cyclonic,0.649,0.866,0.772,0.317,MEDIUM,SYNTHETIC_DEMO_DATA
2581,Chennai Coast,12.97321,80.04291,2025-11-10 06:35:30,28.19,0.289,33.085,1.622,0.772,54.34,12.122,9.13,1010.925,64.333,0.831,5.085,1,anticyclonic,0.223,0.713,0.704,0.233,LOW,SYNTHETIC_DEMO_DATA
2582,Kerala Coast,9.79622,76.30304,2025-11-10 09:30:21,27.924,0.923,33.148,2.331,0.835,199.24,14.103,2.331,1019.707,83.27,1.18,7.675,1,anticyclonic,0.407,0.655,0.651,0.409,MEDIUM,SYNTHETIC_DEMO_DATA
2583,Visakhapatnam,18.04094,83.09538,2025-11-10 12:25:12,26.359,-0.842,31.551,1.326,0.284,300.6,4.876,21.331,1007.242,86.508,2.317,15.747,1,anticyclonic,0.559,0.666,0.619,0.393,MEDIUM,SYNTHETIC_DEMO_DATA
2584,Gujarat Coast,22.61679,69.55076,2025-11-10 15:20:03,26.605,0.404,35.002,2.023,0.923,313.88,12.5,16.498,1010.983,82.341,1.24,11.453,0,none,0.306,0.545,0.665,0.32,MEDIUM,SYNTHETIC_DEMO_DATA
2585,Chennai Coast,13.24377,80.41628,2025-11-10 18:14:54,29.159,1.258,32.297,2.578,1.171,178.23,19.519,2.723,1002.956,63.834,1.326,6.451,0,none,0.411,0.626,0.545,0.464,MEDIUM,SYNTHETIC_DEMO_DATA
2586,Mumbai Coast,19.001,72.59078,2025-11-10 21:09:45,26.871,0.17,34.496,1.191,0.9,2.64,4.934,13.275,1012.649,81.207,0.967,10.993,1,cyclonic,0.391,0.738,0.724,0.195,LOW,SYNTHETIC_DEMO_DATA
2587,Chennai Coast,13.54467,80.01826,2025-11-11 00:04:36,27.525,-0.376,32.943,2.017,0.948,12.89,17.748,0.0,1012.158,62.786,0.555,3.459,1,anticyclonic,0.281,0.697,0.679,0.252,LOW,SYNTHETIC_DEMO_DATA
2588,Chennai Coast,12.94064,80.54843,2025-11-11 02:59:27,27.429,-0.472,33.32,0.973,0.892,194.92,12.231,24.4,1015.847,66.821,1.842,11.313,0,none,0.58,0.739,0.7,0.245,LOW,SYNTHETIC_DEMO_DATA
2589,Lakshadweep,10.6147,72.67683,2025-11-11 05:54:18,28.415,1.214,34.707,1.8,0.88,216.74,16.288,0.0,999.971,73.539,0.05,3.183,0,none,0.286,0.443,0.656,0.43,MEDIUM,SYNTHETIC_DEMO_DATA
2590,Chennai Coast,13.51128,80.21371,2025-11-11 08:49:09,28.224,0.323,35.012,0.538,0.622,279.9,1.237,8.272,1019.085,85.399,1.642,9.792,0,none,0.5,0.677,0.798,0.202,LOW,SYNTHETIC_DEMO_DATA
2591,Sundarbans,22.03591,89.06074,2025-11-11 11:44:00,27.651,0.75,19.965,1.628,0.721,6.92,11.502,25.575,1026.487,76.876,1.576,12.465,1,anticyclonic,0.521,0.549,0.672,0.502,MEDIUM,SYNTHETIC_DEMO_DATA
2592,Chennai Coast,13.27224,80.30003,2025-11-11 14:38:51,27.225,-0.676,31.873,1.441,0.653,149.72,10.391,2.173,1013.06,72.318,0.841,4.983,0,none,0.332,0.521,0.624,0.386,MEDIUM,SYNTHETIC_DEMO_DATA
2593,Mumbai Coast,19.23683,73.00792,2025-11-11 17:33:42,27.426,0.725,34.383,1.891,0.663,299.26,15.565,22.612,1008.279,88.061,1.941,16.274,1,anticyclonic,0.444,0.694,0.572,0.408,MEDIUM,SYNTHETIC_DEMO_DATA
2594,Sundarbans,21.78286,89.196,2025-11-11 20:28:33,27.552,0.651,21.988,1.504,0.676,54.97,5.045,17.465,996.29,73.936,1.784,10.441,0,none,0.494,0.669,0.64,0.367,MEDIUM,SYNTHETIC_DEMO_DATA
2595,Chennai Coast,13.05487,80.11187,2025-11-11 23:23:25,27.815,-0.086,32.523,2.683,0.553,111.48,19.369,12.805,1008.704,95.158,1.279,11.441,0,none,0.524,0.709,0.745,0.229,LOW,SYNTHETIC_DEMO_DATA
2596,Odisha Coast,19.77758,85.89528,2025-11-12 02:18:16,27.218,-0.483,29.178,1.848,0.308,15.23,12.693,19.096,1008.961,63.734,1.429,13.009,0,none,0.382,0.618,0.64,0.394,MEDIUM,SYNTHETIC_DEMO_DATA
2597,Mumbai Coast,19.04486,73.06942,2025-11-12 05:13:07,25.464,-1.236,33.869,0.814,0.67,146.14,7.444,17.898,1024.494,72.652,1.918,12.467,0,none,0.592,0.563,0.591,0.468,MEDIUM,SYNTHETIC_DEMO_DATA
2598,Goa Coast,15.33188,73.76987,2025-11-12 08:07:58,27.984,1.083,34.525,2.282,0.746,335.28,18.654,12.807,1001.3,73.411,1.92,11.921,1,anticyclonic,0.463,0.461,0.687,0.408,MEDIUM,SYNTHETIC_DEMO_DATA
2599,Lakshadweep,10.51017,72.46577,2025-11-12 11:02:49,28.325,1.124,34.996,1.578,0.644,309.72,17.904,0.0,1007.386,94.885,0.894,7.219,1,anticyclonic,0.369,0.624,0.688,0.432,MEDIUM,SYNTHETIC_DEMO_DATA
2600,Chennai Coast,13.16745,79.95263,2025-11-12 13:57:40,29.543,1.642,34.47,1.695,0.357,54.74,8.917,0.0,1011.702,89.988,0.606,3.687,1,cyclonic,0.378,0.662,0.589,0.495,MEDIUM,SYNTHETIC_DEMO_DATA
2601,Andaman & Nicobar,11.56012,92.49254,2025-11-12 16:52:31,27.973,0.272,35.129,1.89,0.637,204.85,8.258,22.568,1026.296,89.037,1.642,11.83,0,none,0.546,0.783,0.831,0.216,LOW,SYNTHETIC_DEMO_DATA
2602,Visakhapatnam,17.8105,82.84976,2025-11-12 19:47:22,27.007,-0.193,30.976,1.061,0.464,67.73,6.956,14.869,1013.249,75.2,1.403,12.995,0,none,0.491,0.864,0.769,0.119,LOW,SYNTHETIC_DEMO_DATA
2603,Goa Coast,15.65104,73.96723,2025-11-12 22:42:13,27.133,0.232,31.47,1.21,0.928,135.33,11.008,25.276,1018.749,74.064,2.001,10.966,0,none,0.444,0.79,0.67,0.235,LOW,SYNTHETIC_DEMO_DATA
2604,Mumbai Coast,19.01084,72.98172,2025-11-13 01:37:04,26.177,-0.524,32.889,1.603,1.149,74.78,16.006,22.563,1008.071,87.878,2.059,17.345,1,cyclonic,0.484,0.778,0.606,0.407,MEDIUM,SYNTHETIC_DEMO_DATA
2605,Goa Coast,15.38135,73.54372,2025-11-13 04:31:55,26.844,-0.057,33.332,1.558,0.703,233.03,8.983,27.867,1013.465,42.634,1.539,17.008,0,none,0.425,0.674,0.606,0.267,LOW,SYNTHETIC_DEMO_DATA
2606,Goa Coast,15.49661,73.6412,2025-11-13 07:26:46,26.383,-0.518,30.654,2.134,1.055,179.15,12.329,12.194,1006.15,70.05,1.592,12.767,0,none,0.414,0.724,0.588,0.381,MEDIUM,SYNTHETIC_DEMO_DATA
2607,Mumbai Coast,19.18171,72.57501,2025-11-13 10:21:37,27.441,0.74,32.085,2.401,0.662,292.85,15.649,30.107,1008.386,87.636,1.663,16.074,0,none,0.579,0.689,0.726,0.363,MEDIUM,SYNTHETIC_DEMO_DATA
2608,Visakhapatnam,17.52038,83.54916,2025-11-13 13:16:28,26.987,-0.214,36.187,1.189,0.35,219.36,9.274,8.025,1014.256,69.883,1.256,6.974,0,none,0.507,0.683,0.866,0.154,LOW,SYNTHETIC_DEMO_DATA
2609,Mumbai Coast,19.26314,73.16934,2025-11-13 16:11:19,26.845,0.144,34.485,1.644,0.85,17.34,11.048,13.084,1008.441,93.507,1.942,8.413,0,none,0.409,0.759,0.798,0.217,LOW,SYNTHETIC_DEMO_DATA
2610,Andaman & Nicobar,11.95518,92.51854,2025-11-13 19:06:10,27.646,-0.055,33.766,1.704,0.415,202.47,4.396,17.78,1011.766,66.93,1.757,14.248,1,cyclonic,0.474,0.763,0.698,0.216,LOW,SYNTHETIC_DEMO_DATA
2611,Lakshadweep,10.43642,72.64024,2025-11-13 22:01:01,29.53,2.329,35.433,2.674,0.83,283.63,15.342,1.206,1021.464,83.988,1.018,6.561,0,none,0.279,0.551,0.518,0.667,HIGH,SYNTHETIC_DEMO_DATA
2612,Lakshadweep,10.49145,72.54279,2025-11-14 00:55:52,27.452,0.251,33.124,2.527,1.029,96.32,17.28,0.0,1004.863,71.63,0.894,5.857,1,cyclonic,0.338,0.631,0.523,0.332,MEDIUM,SYNTHETIC_DEMO_DATA
2613,Odisha Coast,19.81942,85.65492,2025-11-14 03:50:44,27.995,0.294,29.324,1.765,0.912,70.71,14.197,31.882,1007.801,92.189,1.371,15.354,1,anticyclonic,0.55,0.774,0.632,0.363,MEDIUM,SYNTHETIC_DEMO_DATA
2614,Mumbai Coast,18.74061,73.0515,2025-11-14 06:45:35,27.359,0.658,35.658,2.227,0.331,182.61,13.159,16.626,1014.136,73.294,1.963,11.786,1,cyclonic,0.596,0.685,0.616,0.385,MEDIUM,SYNTHETIC_DEMO_DATA
2615,Odisha Coast,19.53778,85.86402,2025-11-14 09:40:26,27.337,-0.364,29.566,1.624,0.989,316.35,14.665,12.57,1009.355,75.568,0.641,5.186,1,cyclonic,0.377,0.726,0.82,0.321,MEDIUM,SYNTHETIC_DEMO_DATA
2616,Gujarat Coast,22.36147,69.48574,2025-11-14 12:35:17,27.571,1.37,34.608,1.779,0.906,0.02,14.372,0.0,1016.442,85.196,0.959,9.333,0,none,0.476,0.402,0.611,0.499,MEDIUM,SYNTHETIC_DEMO_DATA
2617,Lakshadweep,10.15127,72.63694,2025-11-14 15:30:08,27.486,0.285,35.189,2.37,0.833,227.91,9.402,0.0,1014.441,70.525,0.907,6.18,0,none,0.444,0.832,0.771,0.175,LOW,SYNTHETIC_DEMO_DATA
2618,Sundarbans,22.00259,89.53727,2025-11-14 18:24:59,25.644,-1.257,21.573,1.386,0.834,40.04,6.032,16.208,1028.378,63.835,1.403,9.993,0,none,0.515,0.686,0.528,0.453,MEDIUM,SYNTHETIC_DEMO_DATA
2619,Gujarat Coast,22.477,69.4942,2025-11-14 21:19:50,26.637,0.436,36.525,1.022,0.695,183.88,2.749,0.0,1023.259,75.308,0.148,1.888,0,none,0.23,0.592,0.783,0.265,LOW,SYNTHETIC_DEMO_DATA
2620,Lakshadweep,10.39732,72.57928,2025-11-15 00:14:41,26.863,-0.338,34.134,1.316,0.677,216.82,10.067,10.49,1017.681,100.0,0.902,11.628,0,none,0.503,0.627,0.677,0.259,LOW,SYNTHETIC_DEMO_DATA
2621,Andaman & Nicobar,11.60568,92.6359,2025-11-15 03:09:32,27.346,-0.355,31.721,1.468,0.357,277.72,9.362,1.276,1021.742,82.107,0.735,4.545,0,none,0.247,0.735,0.784,0.268,LOW,SYNTHETIC_DEMO_DATA
2622,Chennai Coast,13.13927,80.56461,2025-11-15 06:04:23,28.093,0.192,35.404,2.125,1.02,302.8,12.952,14.812,1001.078,86.446,0.794,11.35,0,none,0.515,0.686,0.583,0.251,LOW,SYNTHETIC_DEMO_DATA
2623,Odisha Coast,19.80443,85.91176,2025-11-15 08:59:14,25.833,-1.868,31.715,1.677,0.222,85.89,11.477,0.0,1003.7,89.358,1.444,8.753,0,none,0.4,0.572,0.475,0.552,MEDIUM,SYNTHETIC_DEMO_DATA
2624,Lakshadweep,10.66863,72.67908,2025-11-15 11:54:05,27.191,-0.01,34.694,2.749,1.002,46.31,19.615,15.408,1017.618,62.024,1.806,10.52,1,anticyclonic,0.451,0.888,0.748,0.209,LOW,SYNTHETIC_DEMO_DATA
2625,Lakshadweep,10.61982,72.61367,2025-11-15 14:48:56,25.926,-1.275,32.415,2.129,0.481,337.14,13.493,0.0,1000.387,73.237,0.963,6.043,1,cyclonic,0.422,0.565,0.586,0.476,MEDIUM,SYNTHETIC_DEMO_DATA
2626,Mumbai Coast,18.8257,72.46175,2025-11-15 17:43:47,26.938,0.237,36.22,1.529,0.694,4.73,17.279,8.512,1011.98,77.634,1.508,9.002,1,cyclonic,0.308,0.868,0.698,0.26,LOW,SYNTHETIC_DEMO_DATA
2627,Lakshadweep,10.82246,72.56134,2025-11-15 20:38:38,26.661,-0.54,36.7,1.853,0.59,120.97,10.467,18.334,1025.166,82.047,2.112,13.417,1,cyclonic,0.601,0.64,0.622,0.371,MEDIUM,SYNTHETIC_DEMO_DATA
2628,Sundarbans,22.05043,89.39759,2025-11-15 23:33:29,27.498,0.597,20.643,2.02,0.832,94.91,15.399,20.949,1013.109,88.808,1.874,16.466,0,none,0.523,0.713,0.581,0.432,MEDIUM,SYNTHETIC_DEMO_DATA
2629,Gujarat Coast,22.14659,69.63176,2025-11-16 02:28:20,26.043,-0.158,35.676,1.354,0.74,181.18,6.284,8.316,1014.5,93.466,0.623,7.532,1,anticyclonic,0.384,0.756,0.753,0.234,LOW,SYNTHETIC_DEMO_DATA
2630,Sundarbans,22.01308,89.13727,2025-11-16 05:23:12,28.122,1.221,21.795,2.493,0.637,297.05,22.318,13.281,1003.752,81.257,1.482,11.56,1,anticyclonic,0.341,0.688,0.488,0.575,MEDIUM,SYNTHETIC_DEMO_DATA
2631,Lakshadweep,10.70574,72.63234,2025-11-16 08:18:03,25.85,-1.351,37.566,2.106,1.08,43.36,12.595,15.801,1008.198,51.442,1.422,10.255,1,cyclonic,0.45,0.559,0.648,0.509,MEDIUM,SYNTHETIC_DEMO_DATA
2632,Gujarat Coast,22.49386,69.36583,2025-11-16 11:12:54,26.109,-0.092,37.081,1.883,0.874,10.81,13.961,5.62,1026.884,75.39,0.842,6.464,0,none,0.242,0.733,0.764,0.193,LOW,SYNTHETIC_DEMO_DATA
2633,Lakshadweep,10.40204,72.73772,2025-11-16 14:07:45,27.533,0.332,33.74,1.985,0.798,154.01,17.104,22.017,1019.844,73.851,1.511,11.895,1,anticyclonic,0.346,0.581,0.783,0.302,MEDIUM,SYNTHETIC_DEMO_DATA
2634,Mumbai Coast,19.06228,72.90323,2025-11-16 17:02:36,26.274,-0.427,35.759,1.237,0.632,3.86,7.585,16.134,1006.31,99.534,1.129,10.117,1,anticyclonic,0.473,0.703,0.736,0.296,LOW,SYNTHETIC_DEMO_DATA
2635,Sundarbans,22.09766,89.26613,2025-11-16 19:57:27,28.13,1.229,21.661,3.292,0.351,57.51,21.886,19.02,1014.245,71.189,0.953,12.538,1,cyclonic,0.379,0.683,0.629,0.531,MEDIUM,SYNTHETIC_DEMO_DATA
2636,Sundarbans,21.80182,89.35217,2025-11-16 22:52:18,27.428,0.527,19.673,1.914,0.825,168.96,14.968,2.275,997.164,92.273,1.152,6.484,0,none,0.367,0.736,0.668,0.294,LOW,SYNTHETIC_DEMO_DATA
2637,Chennai Coast,12.84906,80.20758,2025-11-17 01:47:09,27.535,-0.366,31.896,2.381,0.914,128.25,17.32,5.49,1009.326,54.649,0.846,7.244,0,none,0.321,0.793,0.669,0.247,LOW,SYNTHETIC_DEMO_DATA
2638,Goa Coast,15.33972,73.68424,2025-11-17 04:42:00,26.63,-0.271,33.121,1.75,0.529,168.55,6.857,1.816,1026.832,78.98,0.654,6.646,0,none,0.358,0.677,0.644,0.247,LOW,SYNTHETIC_DEMO_DATA
2639,Odisha Coast,19.65449,85.50287,2025-11-17 07:36:51,28.591,0.89,29.517,2.723,0.855,8.63,12.11,4.537,1005.368,74.397,0.821,3.704,1,anticyclonic,0.307,0.658,0.655,0.467,MEDIUM,SYNTHETIC_DEMO_DATA
2640,Andaman & Nicobar,11.95072,92.72672,2025-11-17 10:31:42,28.028,0.327,33.928,2.325,0.948,212.5,17.618,20.12,1014.689,80.363,1.952,16.908,1,anticyclonic,0.546,0.703,0.65,0.266,LOW,SYNTHETIC_DEMO_DATA
2641,Visakhapatnam,18.04488,83.27326,2025-11-17 13:26:33,26.952,-0.249,32.695,2.196,0.81,90.74,11.76,10.17,1018.451,75.121,1.118,7.882,1,cyclonic,0.466,0.767,0.735,0.252,LOW,SYNTHETIC_DEMO_DATA
2642,Kerala Coast,9.63359,76.40283,2025-11-17 16:21:24,26.284,-0.717,32.704,2.042,0.709,85.61,12.834,7.24,1011.838,83.026,1.796,8.058,0,none,0.503,0.751,0.545,0.342,MEDIUM,SYNTHETIC_DEMO_DATA
2643,Visakhapatnam,17.94991,82.91516,2025-11-17 19:16:15,28.179,0.978,32.849,1.327,1.035,196.9,10.924,5.76,1008.215,89.95,1.328,7.285,1,cyclonic,0.412,0.471,0.606,0.392,MEDIUM,SYNTHETIC_DEMO_DATA
2644,Kerala Coast,9.96428,76.04477,2025-11-17 22:11:06,27.475,0.474,32.743,1.893,0.575,241.76,13.113,23.435,1009.31,83.489,1.836,17.727,0,none,0.58,0.633,0.613,0.393,MEDIUM,SYNTHETIC_DEMO_DATA
2645,Kerala Coast,9.63254,76.30738,2025-11-18 01:05:57,25.934,-1.067,36.643,1.066,0.845,92.45,1.955,13.433,1010.276,61.505,1.186,5.951,1,anticyclonic,0.579,0.657,0.586,0.446,MEDIUM,SYNTHETIC_DEMO_DATA
2646,Sundarbans,21.67427,88.99243,2025-11-18 04:00:48,26.762,-0.139,19.839,2.34,0.582,312.18,9.401,30.292,1009.431,80.815,1.601,16.957,1,anticyclonic,0.585,0.687,0.754,0.391,MEDIUM,SYNTHETIC_DEMO_DATA
2647,Mumbai Coast,19.05329,72.51714,2025-11-18 06:55:40,26.19,-0.511,35.087,1.401,0.556,125.98,11.444,14.211,1024.765,58.585,1.75,11.261,0,none,0.503,0.751,0.612,0.364,MEDIUM,SYNTHETIC_DEMO_DATA
2648,Goa Coast,15.38319,74.03462,2025-11-18 09:50:31,25.489,-1.412,33.094,1.097,0.832,233.78,9.263,16.047,1014.585,77.542,1.31,12.922,0,none,0.623,0.855,0.705,0.344,MEDIUM,SYNTHETIC_DEMO_DATA
2649,Lakshadweep,10.29461,72.42698,2025-11-18 12:45:22,26.461,-0.74,33.948,2.76,1.009,337.21,22.539,14.193,1018.103,77.828,1.595,12.675,1,cyclonic,0.49,0.64,0.579,0.429,MEDIUM,SYNTHETIC_DEMO_DATA
2650,Chennai Coast,13.39493,80.30402,2025-11-18 15:40:13,27.986,0.085,34.372,2.728,1.103,94.23,15.794,6.632,1012.952,87.342,0.874,10.92,1,cyclonic,0.31,0.673,0.706,0.27,LOW,SYNTHETIC_DEMO_DATA
2651,Andaman & Nicobar,11.49676,92.76015,2025-11-18 18:35:04,26.686,-1.015,32.772,2.11,0.703,184.62,17.689,3.795,1022.495,65.287,1.555,5.125,0,none,0.353,0.621,0.664,0.354,MEDIUM,SYNTHETIC_DEMO_DATA
2652,Andaman & Nicobar,11.68921,92.5614,2025-11-18 21:29:55,27.988,0.287,33.178,1.855,0.63,87.86,8.624,10.746,1013.805,96.661,1.576,8.803,0,none,0.549,0.744,0.69,0.186,LOW,SYNTHETIC_DEMO_DATA
2653,Lakshadweep,10.45322,72.75466,2025-11-19 00:24:46,26.817,-0.384,34.611,1.462,0.544,139.78,1.0,17.782,1014.677,69.563,1.522,6.405,0,none,0.52,0.693,0.698,0.253,LOW,SYNTHETIC_DEMO_DATA
2654,Chennai Coast,13.21822,80.03623,2025-11-19 03:19:37,26.761,-1.14,34.857,1.906,0.621,44.56,11.987,5.811,1013.229,89.123,0.895,5.243,0,none,0.271,0.539,0.621,0.429,MEDIUM,SYNTHETIC_DEMO_DATA
2655,Andaman & Nicobar,11.68839,92.37798,2025-11-19 06:14:28,26.376,-1.325,32.074,1.926,0.752,263.07,10.909,10.956,1025.024,81.421,1.493,11.19,1,anticyclonic,0.535,0.461,0.469,0.491,MEDIUM,SYNTHETIC_DEMO_DATA
2656,Mumbai Coast,19.01045,72.54718,2025-11-19 09:09:19,26.483,-0.218,33.021,2.008,0.915,60.8,10.293,12.642,1013.734,71.839,1.107,7.715,1,anticyclonic,0.447,0.604,0.708,0.333,MEDIUM,SYNTHETIC_DEMO_DATA
2657,Sundarbans,21.97906,88.97058,2025-11-19 12:04:10,26.623,-0.278,20.011,1.212,1.358,126.53,8.995,21.781,1017.023,83.555,1.921,8.302,1,anticyclonic,0.392,0.73,0.637,0.35,MEDIUM,SYNTHETIC_DEMO_DATA
2658,Visakhapatnam,17.77137,83.32132,2025-11-19 14:59:01,26.817,-0.384,32.45,2.336,0.924,122.42,18.425,2.794,1018.28,61.177,0.557,2.229,1,cyclonic,0.307,0.612,0.604,0.276,LOW,SYNTHETIC_DEMO_DATA
2659,Gujarat Coast,22.17597,69.11496,2025-11-19 17:53:52,26.457,0.256,34.053,1.0,0.931,233.28,7.751,0.0,1012.174,71.494,0.897,7.047,1,cyclonic,0.295,0.617,0.659,0.298,LOW,SYNTHETIC_DEMO_DATA
2660,Odisha Coast,19.93484,85.74868,2025-11-19 20:48:43,27.687,-0.014,29.745,2.52,1.081,99.1,20.748,24.241,1003.033,92.321,1.654,14.105,1,cyclonic,0.623,0.697,0.649,0.367,MEDIUM,SYNTHETIC_DEMO_DATA
2661,Kerala Coast,10.01583,75.87479,2025-11-19 23:43:34,26.168,-0.833,32.281,1.272,0.682,69.5,12.058,43.038,1022.17,84.85,2.563,19.999,0,none,0.811,0.573,0.566,0.385,MEDIUM,SYNTHETIC_DEMO_DATA
2662,Goa Coast,15.61417,73.87056,2025-11-20 02:38:25,26.522,-0.379,33.105,2.136,1.05,186.07,19.029,2.601,1015.524,71.387,1.379,4.571,0,none,0.559,0.646,0.675,0.249,LOW,SYNTHETIC_DEMO_DATA
2663,Odisha Coast,19.88445,85.67943,2025-11-20 05:33:16,27.053,-0.648,29.2,1.701,0.577,28.34,12.162,0.0,1003.632,67.691,0.627,7.874,1,cyclonic,0.177,0.509,0.64,0.404,MEDIUM,SYNTHETIC_DEMO_DATA
2664,Kerala Coast,9.77237,76.26479,2025-11-20 08:28:08,27.087,0.086,31.426,1.941,0.43,339.77,14.934,22.142,1015.56,92.044,1.846,16.974,1,cyclonic,0.587,0.796,0.599,0.323,MEDIUM,SYNTHETIC_DEMO_DATA
2665,Visakhapatnam,17.80082,82.9331,2025-11-20 11:22:59,26.442,-0.759,30.813,2.237,0.936,151.04,17.463,23.298,1018.942,82.731,1.822,18.525,1,cyclonic,0.456,0.734,0.576,0.424,MEDIUM,SYNTHETIC_DEMO_DATA
2666,Mumbai Coast,19.11286,72.66947,2025-11-20 14:17:50,24.415,-2.286,32.418,1.252,1.194,306.91,11.962,19.219,1018.266,76.906,1.064,6.786,0,none,0.376,0.467,0.376,0.678,HIGH,SYNTHETIC_DEMO_DATA
2667,Visakhapatnam,17.35415,83.72062,2025-11-20 17:12:41,27.915,0.714,31.293,2.766,0.894,44.63,24.408,20.035,1015.248,95.693,1.882,13.925,0,none,0.421,0.663,0.588,0.325,MEDIUM,SYNTHETIC_DEMO_DATA
2668,Lakshadweep,10.45142,72.69706,2025-11-20 20:07:32,26.972,-0.229,35.501,1.463,0.398,60.4,11.078,13.345,1019.478,93.219,1.155,7.839,1,anticyclonic,0.444,0.601,0.73,0.285,LOW,SYNTHETIC_DEMO_DATA
2669,Sundarbans,22.24652,89.44277,2025-11-20 23:02:23,26.864,-0.037,20.846,1.352,0.885,284.05,10.883,20.905,1009.003,82.116,2.119,10.732,0,none,0.642,0.71,0.717,0.266,LOW,SYNTHETIC_DEMO_DATA
2670,Lakshadweep,10.74264,72.62845,2025-11-21 01:57:14,26.621,-0.58,34.107,1.333,0.516,207.32,4.132,12.947,1002.138,75.62,0.605,9.302,0,none,0.383,0.607,0.711,0.276,LOW,SYNTHETIC_DEMO_DATA
2671,Goa Coast,15.73523,73.48782,2025-11-21 04:52:05,25.81,-1.091,31.701,1.675,0.261,179.66,12.212,12.506,1013.49,91.97,1.62,12.176,0,none,0.425,0.57,0.613,0.391,MEDIUM,SYNTHETIC_DEMO_DATA
2672,Andaman & Nicobar,11.55449,92.5541,2025-11-21 07:46:56,27.658,-0.043,30.479,2.347,0.741,291.91,16.557,17.054,1000.469,73.986,1.69,10.75,1,cyclonic,0.657,0.856,0.785,0.187,LOW,SYNTHETIC_DEMO_DATA
2673,Andaman & Nicobar,11.96623,92.50628,2025-11-21 10:41:47,27.472,-0.229,30.154,0.8,0.807,158.88,1.0,19.974,1006.452,60.221,1.637,10.311,1,anticyclonic,0.557,0.746,0.605,0.268,LOW,SYNTHETIC_DEMO_DATA
2674,Odisha Coast,19.80263,85.73152,2025-11-21 13:36:38,28.296,0.595,29.215,1.974,0.511,167.74,18.425,29.195,1003.563,86.922,1.949,17.696,0,none,0.709,0.816,0.642,0.329,MEDIUM,SYNTHETIC_DEMO_DATA
2675,Lakshadweep,10.50552,72.61704,2025-11-21 16:31:29,28.504,1.303,37.71,1.696,0.692,226.41,10.096,2.962,1002.519,81.314,1.582,9.651,1,cyclonic,0.436,0.531,0.569,0.528,MEDIUM,SYNTHETIC_DEMO_DATA
2676,Mumbai Coast,19.09434,72.71865,2025-11-21 19:26:20,25.812,-0.889,31.302,1.872,0.699,79.9,15.57,24.499,1007.56,69.165,1.959,16.504,1,cyclonic,0.638,0.727,0.612,0.47,MEDIUM,SYNTHETIC_DEMO_DATA
2677,Lakshadweep,10.77284,72.66191,2025-11-21 22:21:11,26.396,-0.805,33.778,0.496,0.92,229.59,5.356,6.841,1008.612,61.751,1.5,9.939,1,cyclonic,0.446,0.746,0.603,0.335,MEDIUM,SYNTHETIC_DEMO_DATA
2678,Andaman & Nicobar,11.68416,93.06341,2025-11-22 01:16:02,27.556,-0.145,31.328,2.127,0.882,13.11,18.439,8.945,1000.378,75.44,1.48,6.931,1,cyclonic,0.566,0.566,0.74,0.197,LOW,SYNTHETIC_DEMO_DATA
2679,Mumbai Coast,19.49521,72.85015,2025-11-22 04:10:53,27.113,0.412,35.274,1.206,0.656,283.22,8.864,24.785,1007.174,91.389,2.005,15.403,1,anticyclonic,0.602,0.574,0.606,0.376,MEDIUM,SYNTHETIC_DEMO_DATA
2680,Chennai Coast,12.92478,80.31586,2025-11-22 07:05:44,28.208,0.307,33.983,1.445,0.495,109.43,8.059,6.283,1005.381,88.905,0.675,1.164,1,cyclonic,0.412,0.697,0.758,0.249,LOW,SYNTHETIC_DEMO_DATA
2681,Odisha Coast,19.95996,86.07124,2025-11-22 10:00:36,27.278,-0.423,31.954,2.2,0.939,177.25,20.797,7.104,1004.578,71.565,1.196,11.017,1,anticyclonic,0.4,0.635,0.569,0.361,MEDIUM,SYNTHETIC_DEMO_DATA
2682,Odisha Coast,19.97968,85.74947,2025-11-22 12:55:27,27.971,0.27,31.517,1.818,0.682,348.42,12.233,8.675,1015.215,81.971,1.011,6.733,1,anticyclonic,0.38,0.752,0.764,0.305,MEDIUM,SYNTHETIC_DEMO_DATA
2683,Chennai Coast,13.3231,80.01703,2025-11-22 15:50:18,26.431,-1.47,33.129,0.969,0.532,29.39,1.566,5.521,1003.47,53.872,1.037,4.284,0,none,0.456,0.53,0.504,0.489,MEDIUM,SYNTHETIC_DEMO_DATA
2684,Andaman & Nicobar,11.40324,92.90587,2025-11-22 18:45:09,27.284,-0.417,31.531,1.255,0.578,343.99,12.401,5.792,1003.58,73.603,0.915,9.201,0,none,0.371,0.664,0.651,0.234,LOW,SYNTHETIC_DEMO_DATA
2685,Mumbai Coast,18.89255,72.33697,2025-11-22 21:40:00,26.773,0.072,32.386,1.94,0.557,31.88,15.911,13.755,1022.046,89.556,1.082,8.368,1,anticyclonic,0.476,0.724,0.765,0.263,LOW,SYNTHETIC_DEMO_DATA
2686,Kerala Coast,9.7833,76.62978,2025-11-23 00:34:51,26.759,-0.242,35.001,1.093,0.499,149.98,3.66,13.851,1012.182,82.234,1.413,9.659,0,none,0.335,0.657,0.61,0.326,MEDIUM,SYNTHETIC_DEMO_DATA
2687,Visakhapatnam,17.4953,83.26042,2025-11-23 03:29:42,27.656,0.455,34.016,0.424,0.75,108.17,2.107,2.417,1001.764,69.611,0.857,6.381,0,none,0.46,0.83,0.748,0.199,LOW,SYNTHETIC_DEMO_DATA
2688,Mumbai Coast,18.94379,72.83452,2025-11-23 06:24:33,27.737,1.036,30.93,1.451,0.638,53.6,9.419,18.643,1026.254,67.157,2.027,10.745,1,anticyclonic,0.508,0.688,0.675,0.389,MEDIUM,SYNTHETIC_DEMO_DATA
2689,Gujarat Coast,22.13998,69.38689,2025-11-23 09:19:24,26.798,0.598,35.16,1.765,0.591,25.53,16.81,2.716,1013.154,79.281,1.092,8.475,1,anticyclonic,0.346,0.517,0.751,0.371,MEDIUM,SYNTHETIC_DEMO_DATA
2690,Lakshadweep,10.47972,72.61947,2025-11-23 12:14:15,28.183,0.982,34.417,2.269,0.241,165.89,16.963,19.99,1007.521,82.635,0.911,10.461,0,none,0.48,0.723,0.641,0.428,MEDIUM,SYNTHETIC_DEMO_DATA
2691,Goa Coast,15.40937,73.78359,2025-11-23 15:09:06,27.405,0.504,31.976,0.965,0.259,269.64,9.121,0.0,995.664,55.899,1.451,5.06,1,anticyclonic,0.493,0.645,0.755,0.273,LOW,SYNTHETIC_DEMO_DATA
2692,Gujarat Coast,21.91641,69.42297,2025-11-23 18:03:57,26.633,0.433,34.049,1.103,0.909,49.31,2.752,6.369,1013.863,56.597,1.602,6.359,0,none,0.493,0.738,0.692,0.23,LOW,SYNTHETIC_DEMO_DATA
2693,Lakshadweep,10.76473,72.39236,2025-11-23 20:58:48,27.64,0.439,32.52,1.834,0.824,322.74,6.022,26.226,1001.06,82.657,2.3,14.867,1,anticyclonic,0.509,0.573,0.56,0.346,MEDIUM,SYNTHETIC_DEMO_DATA
2694,Kerala Coast,9.93756,76.31279,2025-11-23 23:53:39,24.755,-2.246,33.294,1.803,0.933,322.83,1.633,29.013,1009.593,84.783,1.985,13.667,1,anticyclonic,0.631,0.658,0.538,0.695,HIGH,SYNTHETIC_DEMO_DATA
2695,Lakshadweep,10.59501,72.57735,2025-11-24 02:48:30,26.128,-1.073,34.474,0.981,0.587,126.41,9.049,15.815,1011.645,73.633,1.535,11.044,1,cyclonic,0.412,0.658,0.687,0.346,MEDIUM,SYNTHETIC_DEMO_DATA
2696,Chennai Coast,12.9987,80.17032,2025-11-24 05:43:21,27.452,-0.449,33.366,1.668,0.329,227.29,7.283,9.183,1001.942,73.653,1.169,6.611,1,cyclonic,0.635,0.729,0.669,0.279,LOW,SYNTHETIC_DEMO_DATA
2697,Odisha Coast,20.00694,85.65461,2025-11-24 08:38:12,28.311,0.61,30.061,1.137,0.995,343.41,3.816,25.397,1011.507,86.309,1.605,11.737,1,anticyclonic,0.592,0.676,0.723,0.338,MEDIUM,SYNTHETIC_DEMO_DATA
2698,Kerala Coast,9.84822,76.22652,2025-11-24 11:33:03,27.956,0.955,30.886,2.156,0.595,308.91,10.394,16.205,1015.078,78.912,1.58,9.875,1,cyclonic,0.276,0.487,0.657,0.454,MEDIUM,SYNTHETIC_DEMO_DATA
2699,Odisha Coast,19.64356,86.13456,2025-11-24 14:27:55,27.688,-0.013,28.386,1.811,0.377,64.25,12.002,29.995,1019.79,97.703,1.999,15.115,0,none,0.597,0.629,0.684,0.257,LOW,SYNTHETIC_DEMO_DATA
2700,Odisha Coast,19.64467,85.37848,2025-11-24 17:22:46,26.939,-0.762,29.347,2.319,0.744,102.1,14.428,11.566,1012.497,87.898,1.427,15.065,0,none,0.427,0.702,0.651,0.446,MEDIUM,SYNTHETIC_DEMO_DATA
2701,Andaman & Nicobar,11.81217,92.21183,2025-11-24 20:17:37,27.481,-0.219,32.744,1.45,0.343,257.29,12.521,19.033,1010.491,91.377,1.766,11.38,0,none,0.445,0.687,0.701,0.239,LOW,SYNTHETIC_DEMO_DATA
2702,Goa Coast,15.58016,74.28242,2025-11-24 23:12:28,27.26,0.359,33.905,1.398,0.607,300.92,13.564,7.179,1010.757,85.59,0.836,7.022,1,cyclonic,0.338,0.647,0.634,0.293,LOW,SYNTHETIC_DEMO_DATA
2703,Visakhapatnam,17.50962,83.10023,2025-11-25 02:07:19,27.457,0.256,32.494,0.823,0.389,189.97,1.0,7.598,1031.325,80.197,0.536,2.57,0,none,0.253,0.704,0.585,0.216,LOW,SYNTHETIC_DEMO_DATA
2704,Andaman & Nicobar,12.08704,92.76005,2025-11-25 05:02:10,27.621,-0.08,31.272,1.752,0.564,86.58,12.218,0.0,1008.288,86.717,0.878,5.03,1,anticyclonic,0.218,0.609,0.731,0.262,LOW,SYNTHETIC_DEMO_DATA
2705,Sundarbans,21.95079,89.15356,2025-11-25 07:57:01,26.69,-0.211,21.24,1.54,0.337,298.65,11.959,16.109,1025.995,75.015,1.84,9.256,0,none,0.502,0.728,0.669,0.345,MEDIUM,SYNTHETIC_DEMO_DATA
2706,Visakhapatnam,17.84241,83.29217,2025-11-25 10:51:52,27.528,0.327,32.187,0.849,0.816,224.35,4.185,8.548,1022.172,81.103,1.07,11.806,0,none,0.203,0.663,0.6,0.186,LOW,SYNTHETIC_DEMO_DATA
2707,Goa Coast,15.25741,73.89857,2025-11-25 13:46:43,27.121,0.22,33.292,1.039,0.468,315.47,3.814,15.071,1020.686,67.419,1.371,10.406,0,none,0.425,0.745,0.689,0.268,LOW,SYNTHETIC_DEMO_DATA
2708,Chennai Coast,12.7988,80.53076,2025-11-25 16:41:34,27.772,-0.129,34.68,2.968,0.763,208.73,22.559,2.747,1015.262,82.89,0.561,0.5,0,none,0.398,0.714,0.744,0.231,LOW,SYNTHETIC_DEMO_DATA
2709,Goa Coast,15.72031,73.97797,2025-11-25 19:36:25,28.207,1.306,35.295,3.174,0.583,3.6,24.743,10.776,1011.773,77.291,2.074,12.034,1,anticyclonic,0.579,0.551,0.57,0.485,MEDIUM,SYNTHETIC_DEMO_DATA
2710,Andaman & Nicobar,12.07385,92.70757,2025-11-25 22:31:16,27.153,-0.548,30.157,1.338,0.314,8.23,12.246,16.348,1013.703,81.013,1.772,9.15,0,none,0.476,0.508,0.597,0.298,LOW,SYNTHETIC_DEMO_DATA
2711,Sundarbans,21.76093,89.55698,2025-11-26 01:26:07,26.635,-0.266,21.825,1.242,0.883,99.14,10.361,23.99,1021.496,66.304,2.458,15.11,0,none,0.496,0.704,0.643,0.331,MEDIUM,SYNTHETIC_DEMO_DATA
2712,Sundarbans,21.85531,89.2783,2025-11-26 04:20:58,26.628,-0.273,22.053,1.603,0.764,123.51,13.06,10.075,1002.861,52.934,1.375,6.505,0,none,0.321,0.688,0.754,0.3,LOW,SYNTHETIC_DEMO_DATA
2713,Lakshadweep,10.74851,72.7691,2025-11-26 07:15:49,27.218,0.017,36.701,2.256,0.441,320.91,16.23,10.394,1008.178,80.854,1.467,7.207,1,cyclonic,0.459,0.662,0.692,0.216,LOW,SYNTHETIC_DEMO_DATA
2714,Mumbai Coast,19.07486,72.52321,2025-11-26 10:10:40,26.736,0.035,34.854,2.725,0.11,219.68,23.994,10.964,1026.753,89.259,1.318,9.532,0,none,0.439,0.638,0.719,0.263,LOW,SYNTHETIC_DEMO_DATA
2715,Mumbai Coast,18.92756,72.6593,2025-11-26 13:05:31,26.073,-0.628,33.017,1.271,0.703,212.15,6.286,21.197,1003.276,82.292,1.364,12.995,0,none,0.541,0.729,0.626,0.3,MEDIUM,SYNTHETIC_DEMO_DATA
2716,Kerala Coast,10.07593,75.98548,2025-11-26 16:00:23,26.602,-0.399,32.753,2.817,1.045,267.18,15.035,9.842,1009.606,65.978,1.014,10.196,1,cyclonic,0.323,0.605,0.652,0.336,MEDIUM,SYNTHETIC_DEMO_DATA
2717,Kerala Coast,10.14928,76.12713,2025-11-26 18:55:14,28.711,1.71,32.811,1.755,0.972,221.67,12.583,19.069,1023.164,75.732,2.013,11.523,1,anticyclonic,0.543,0.486,0.542,0.612,HIGH,SYNTHETIC_DEMO_DATA
2718,Gujarat Coast,22.37495,69.61397,2025-11-26 21:50:05,26.551,0.35,37.808,2.609,0.758,12.52,24.231,0.0,1013.736,87.599,0.985,5.478,1,cyclonic,0.324,0.643,0.769,0.265,LOW,SYNTHETIC_DEMO_DATA
2719,Mumbai Coast,18.84742,72.66992,2025-11-27 00:44:56,27.093,0.392,34.679,1.114,0.644,303.4,9.273,22.96,1018.532,77.175,1.298,13.643,0,none,0.505,0.665,0.449,0.356,MEDIUM,SYNTHETIC_DEMO_DATA
2720,Odisha Coast,19.9376,85.74571,2025-11-27 03:39:47,27.719,0.018,29.944,1.649,0.403,282.76,9.323,3.124,1019.71,67.887,0.77,8.953,0,none,0.402,0.749,0.762,0.228,LOW,SYNTHETIC_DEMO_DATA
2721,Gujarat Coast,22.25391,69.82042,2025-11-27 06:34:38,25.697,-0.504,35.084,0.921,0.79,310.84,7.029,1.252,1000.829,64.913,1.216,6.653,1,cyclonic,0.318,0.559,0.652,0.322,MEDIUM,SYNTHETIC_DEMO_DATA
2722,Gujarat Coast,22.06319,69.64733,2025-11-27 09:29:29,27.32,1.119,36.481,2.009,0.306,178.95,14.829,0.0,1018.847,61.623,1.502,9.711,1,anticyclonic,0.51,0.646,0.648,0.436,MEDIUM,SYNTHETIC_DEMO_DATA
2723,Odisha Coast,19.86772,85.97912,2025-11-27 12:24:20,28.082,0.381,28.838,1.956,0.444,252.12,11.373,21.119,994.074,59.121,2.109,10.412,0,none,0.492,0.693,0.766,0.342,MEDIUM,SYNTHETIC_DEMO_DATA
2724,Chennai Coast,12.91538,80.14749,2025-11-27 15:19:11,26.696,-1.205,33.754,0.962,0.695,252.79,3.04,0.0,1005.329,61.743,0.691,2.917,1,cyclonic,0.293,0.556,0.504,0.433,MEDIUM,SYNTHETIC_DEMO_DATA
2725,Goa Coast,15.31302,73.81442,2025-11-27 18:14:02,26.689,-0.212,32.861,1.471,0.379,79.78,9.317,15.358,1014.86,72.166,1.623,13.288,0,none,0.718,0.635,0.714,0.267,LOW,SYNTHETIC_DEMO_DATA
2726,Gujarat Coast,21.97397,69.29468,2025-11-27 21:08:53,26.462,0.261,33.687,1.399,0.481,144.8,11.729,12.622,1005.441,55.467,0.931,7.073,0,none,0.407,0.732,0.643,0.281,LOW,SYNTHETIC_DEMO_DATA
2727,Odisha Coast,19.90536,85.62527,2025-11-28 00:03:44,27.799,0.098,28.403,1.932,0.75,12.76,13.178,19.774,1012.517,96.938,1.432,7.442,1,anticyclonic,0.515,0.865,0.757,0.265,LOW,SYNTHETIC_DEMO_DATA
2728,Sundarbans,21.99081,89.03339,2025-11-28 02:58:35,25.743,-1.158,20.438,1.621,0.642,137.85,7.106,7.862,1007.536,84.359,1.806,6.667,1,cyclonic,0.503,0.781,0.595,0.486,MEDIUM,SYNTHETIC_DEMO_DATA
2729,Mumbai Coast,18.95583,73.00068,2025-11-28 05:53:26,25.587,-1.114,34.132,2.062,0.958,60.21,9.059,30.639,1013.174,81.774,2.125,12.419,0,none,0.632,0.706,0.581,0.438,MEDIUM,SYNTHETIC_DEMO_DATA
2730,Kerala Coast,9.90762,76.08679,2025-11-28 08:48:17,27.049,0.048,34.781,0.961,0.361,305.46,3.913,16.959,1016.527,100.0,1.746,8.291,0,none,0.504,0.645,0.698,0.312,MEDIUM,SYNTHETIC_DEMO_DATA
2731,Lakshadweep,10.63394,73.07548,2025-11-28 11:43:08,28.979,1.778,33.806,1.86,0.95,91.85,15.569,5.059,1001.324,73.622,1.175,12.379,0,none,0.307,0.395,0.396,0.45,MEDIUM,SYNTHETIC_DEMO_DATA
2732,Mumbai Coast,18.93299,72.55986,2025-11-28 14:37:59,25.437,-1.264,33.044,2.848,0.685,309.66,17.1,12.688,1003.418,83.45,1.444,16.381,0,none,0.481,0.609,0.602,0.531,MEDIUM,SYNTHETIC_DEMO_DATA
2733,Lakshadweep,10.36482,73.01422,2025-11-28 17:32:51,26.242,-0.959,34.965,1.606,0.675,11.47,13.818,5.746,1011.001,64.18,0.451,6.764,0,none,0.414,0.426,0.665,0.375,MEDIUM,SYNTHETIC_DEMO_DATA
2734,Visakhapatnam,17.42519,83.39957,2025-11-28 20:27:42,26.536,-0.665,32.666,2.392,1.149,11.54,17.297,17.106,1024.59,88.278,0.916,10.482,1,anticyclonic,0.358,0.693,0.619,0.327,MEDIUM,SYNTHETIC_DEMO_DATA
2735,Kerala Coast,10.19616,75.85738,2025-11-28 23:22:33,26.446,-0.555,35.163,2.082,0.809,313.65,11.446,21.15,997.198,81.193,1.406,11.387,1,anticyclonic,0.578,0.824,0.775,0.361,MEDIUM,SYNTHETIC_DEMO_DATA
2736,Odisha Coast,19.76563,85.91699,2025-11-29 02:17:24,27.738,0.037,30.226,1.715,0.667,11.26,15.93,14.736,1006.279,86.526,0.618,10.613,0,none,0.506,0.712,0.698,0.29,LOW,SYNTHETIC_DEMO_DATA
2737,Mumbai Coast,18.95218,72.96862,2025-11-29 05:12:15,26.444,-0.257,32.419,1.013,0.316,62.84,9.969,14.634,1017.405,83.728,0.872,11.11,1,cyclonic,0.536,0.801,0.577,0.309,MEDIUM,SYNTHETIC_DEMO_DATA
2738,Odisha Coast,20.01116,85.73095,2025-11-29 08:07:06,28.28,0.579,30.104,1.711,0.624,338.99,13.668,13.105,1014.854,79.802,1.542,9.074,0,none,0.391,0.67,0.724,0.352,MEDIUM,SYNTHETIC_DEMO_DATA
2739,Kerala Coast,9.5605,76.29665,2025-11-29 11:01:57,27.197,0.196,35.242,1.291,0.656,49.84,5.389,14.098,1012.655,60.537,1.361,11.866,1,cyclonic,0.528,0.676,0.747,0.313,MEDIUM,SYNTHETIC_DEMO_DATA
2740,Chennai Coast,12.8888,80.11098,2025-11-29 13:56:48,28.711,0.81,33.372,1.644,0.762,208.75,12.702,11.618,1009.64,80.445,1.339,9.947,0,none,0.416,0.692,0.573,0.326,MEDIUM,SYNTHETIC_DEMO_DATA
2741,Odisha Coast,19.74528,85.94279,2025-11-29 16:51:39,27.827,0.126,28.497,1.871,0.403,105.1,13.309,20.819,1016.053,91.151,1.668,11.654,1,anticyclonic,0.539,0.716,0.675,0.285,LOW,SYNTHETIC_DEMO_DATA
2742,Sundarbans,22.02119,88.93872,2025-11-29 19:46:30,27.812,0.911,19.679,2.482,0.743,124.06,18.436,32.359,996.693,87.62,2.439,16.422,0,none,0.708,0.742,0.449,0.398,MEDIUM,SYNTHETIC_DEMO_DATA
2743,Mumbai Coast,19.01833,72.6876,2025-11-29 22:41:21,27.409,0.709,33.265,1.103,0.552,331.36,10.13,6.432,1034.774,57.647,0.731,3.547,1,anticyclonic,0.292,0.688,0.626,0.343,MEDIUM,SYNTHETIC_DEMO_DATA
2744,Lakshadweep,10.13615,72.65642,2025-11-30 01:36:12,28.507,1.306,33.506,1.902,0.583,356.28,15.975,26.017,1008.538,64.607,2.024,14.727,0,none,0.548,0.711,0.563,0.397,MEDIUM,SYNTHETIC_DEMO_DATA
2745,Odisha Coast,19.89882,85.80705,2025-11-30 04:31:03,29.188,1.487,27.367,1.659,0.598,212.06,10.342,18.049,1006.228,87.242,1.493,6.167,1,cyclonic,0.586,0.588,0.559,0.513,MEDIUM,SYNTHETIC_DEMO_DATA
2746,Kerala Coast,9.74842,76.56328,2025-11-30 07:25:54,27.839,0.838,33.651,2.913,0.896,90.07,18.438,24.893,1003.284,82.557,1.785,9.039,1,anticyclonic,0.55,0.54,0.537,0.501,MEDIUM,SYNTHETIC_DEMO_DATA
2747,Visakhapatnam,17.94331,83.48032,2025-11-30 10:20:45,26.147,-1.054,29.152,2.532,0.746,208.14,22.23,11.508,1007.939,85.656,1.472,10.23,1,anticyclonic,0.394,0.401,0.526,0.538,MEDIUM,SYNTHETIC_DEMO_DATA
2748,Andaman & Nicobar,11.63928,92.79573,2025-11-30 13:15:36,29.483,1.782,30.897,2.147,0.965,194.8,11.722,19.122,1009.776,68.809,1.073,11.8,1,cyclonic,0.524,0.581,0.536,0.612,HIGH,SYNTHETIC_DEMO_DATA
2749,Kerala Coast,9.51201,75.82862,2025-11-30 16:10:27,26.273,-0.728,34.005,2.147,0.82,8.91,16.628,7.618,995.316,73.786,1.768,10.43,0,none,0.396,0.65,0.778,0.336,MEDIUM,SYNTHETIC_DEMO_DATA
2750,Lakshadweep,10.73775,72.79676,2025-11-30 19:05:19,27.239,0.038,35.768,2.783,0.778,61.6,18.364,14.176,1000.331,63.985,1.119,10.111,1,anticyclonic,0.405,0.787,0.765,0.229,LOW,SYNTHETIC_DEMO_DATA
2751,Visakhapatnam,17.70166,83.13617,2025-11-30 22:00:10,26.151,-1.049,35.14,1.842,1.043,327.32,6.088,0.0,1018.293,70.338,0.882,5.446,1,anticyclonic,0.375,0.355,0.709,0.435,MEDIUM,SYNTHETIC_DEMO_DATA
2752,Sundarbans,21.67851,89.21961,2025-12-01 00:55:01,25.921,-0.779,21.663,0.855,0.716,179.97,4.146,20.42,1005.226,63.834,1.873,11.547,0,none,0.648,0.756,0.694,0.411,MEDIUM,SYNTHETIC_DEMO_DATA
2753,Mumbai Coast,19.02899,72.98977,2025-12-01 03:49:52,28.502,2.002,33.89,1.123,0.72,147.7,11.627,7.61,1014.528,73.003,1.083,5.877,1,cyclonic,0.348,0.601,0.661,0.541,MEDIUM,SYNTHETIC_DEMO_DATA
2754,Gujarat Coast,22.03861,69.5125,2025-12-01 06:44:43,27.427,1.427,34.833,1.751,0.539,154.64,10.71,16.256,1013.629,65.116,1.527,10.966,0,none,0.408,0.51,0.562,0.483,MEDIUM,SYNTHETIC_DEMO_DATA
2755,Lakshadweep,10.55091,72.51126,2025-12-01 09:39:34,27.89,0.89,35.63,1.821,1.049,92.3,8.127,6.916,1003.354,77.15,1.56,12.073,0,none,0.453,0.696,0.6,0.311,MEDIUM,SYNTHETIC_DEMO_DATA
2756,Andaman & Nicobar,11.8981,92.43662,2025-12-01 12:34:25,27.513,0.013,30.755,1.816,0.308,277.54,12.216,16.431,999.946,97.435,2.524,13.37,0,none,0.601,0.861,0.763,0.196,LOW,SYNTHETIC_DEMO_DATA
2757,Andaman & Nicobar,11.89201,92.76127,2025-12-01 15:29:16,26.634,-0.866,35.092,0.877,0.719,5.74,4.718,2.785,999.143,58.326,1.005,6.025,1,cyclonic,0.307,0.592,0.697,0.322,MEDIUM,SYNTHETIC_DEMO_DATA
2758,Gujarat Coast,22.31836,69.68057,2025-12-01 18:24:07,25.268,-0.732,33.535,1.709,0.606,169.06,13.01,7.055,1000.207,75.286,1.517,10.471,0,none,0.643,0.645,0.681,0.422,MEDIUM,SYNTHETIC_DEMO_DATA
2759,Chennai Coast,12.93526,80.29996,2025-12-01 21:18:58,28.321,0.621,34.173,1.694,0.686,283.34,7.556,6.855,1017.651,60.33,0.724,9.871,0,none,0.422,0.665,0.723,0.285,LOW,SYNTHETIC_DEMO_DATA
2760,Kerala Coast,10.18343,76.25548,2025-12-02 00:13:49,26.456,-0.344,34.233,2.071,0.834,95.69,19.124,13.77,1017.513,70.039,0.745,11.651,0,none,0.478,0.678,0.737,0.236,LOW,SYNTHETIC_DEMO_DATA
2761,Odisha Coast,19.73028,85.88597,2025-12-02 03:08:40,28.023,0.523,29.13,1.805,0.856,339.83,15.813,14.501,1008.785,72.66,0.926,14.519,1,anticyclonic,0.573,0.676,0.735,0.408,MEDIUM,SYNTHETIC_DEMO_DATA
2762,Kerala Coast,9.83169,76.36344,2025-12-02 06:03:31,25.852,-0.948,33.373,0.662,0.568,102.09,4.19,13.107,1014.986,82.035,1.236,10.942,0,none,0.479,0.703,0.661,0.401,MEDIUM,SYNTHETIC_DEMO_DATA
2763,Chennai Coast,13.16731,80.36303,2025-12-02 08:58:22,27.794,0.094,34.043,1.741,0.483,100.37,9.804,8.019,1018.452,70.829,1.153,5.431,1,cyclonic,0.475,0.65,0.791,0.196,LOW,SYNTHETIC_DEMO_DATA
2764,Sundarbans,22.19049,88.96675,2025-12-02 11:53:13,26.417,-0.283,20.304,1.97,0.78,229.72,15.774,10.183,1024.624,87.24,1.646,6.885,0,none,0.333,0.613,0.726,0.313,MEDIUM,SYNTHETIC_DEMO_DATA
2765,Visakhapatnam,17.60009,83.04876,2025-12-02 14:48:04,26.049,-0.951,33.73,2.596,0.883,210.49,22.131,0.018,1000.583,53.314,0.971,6.882,1,anticyclonic,0.335,0.68,0.64,0.419,MEDIUM,SYNTHETIC_DEMO_DATA
2766,Mumbai Coast,19.02697,72.96719,2025-12-02 17:42:55,26.392,-0.108,32.617,1.427,0.828,106.52,14.123,23.825,1011.188,90.47,1.421,9.724,1,anticyclonic,0.584,0.738,0.764,0.226,LOW,SYNTHETIC_DEMO_DATA
2767,Chennai Coast,13.15031,80.00223,2025-12-02 20:37:47,27.069,-0.631,35.053,1.665,0.995,261.57,9.483,0.0,1016.391,72.63,1.559,8.724,0,none,0.446,0.69,0.57,0.289,LOW,SYNTHETIC_DEMO_DATA
2768,Lakshadweep,10.54919,72.43392,2025-12-02 23:32:38,25.883,-1.117,35.594,1.847,1.084,247.78,14.502,19.479,1024.7,86.351,2.12,15.937,0,none,0.71,0.674,0.564,0.431,MEDIUM,SYNTHETIC_DEMO_DATA
2769,Kerala Coast,10.15977,76.4924,2025-12-03 02:27:29,26.14,-0.66,35.351,2.801,1.183,207.71,17.402,11.311,1016.61,70.682,1.336,9.523,1,cyclonic,0.422,0.664,0.706,0.416,MEDIUM,SYNTHETIC_DEMO_DATA
2770,Lakshadweep,10.9061,72.9313,2025-12-03 05:22:20,27.339,0.339,33.538,1.645,0.917,325.63,8.179,17.977,1004.939,64.605,1.408,13.541,0,none,0.55,0.849,0.789,0.21,LOW,SYNTHETIC_DEMO_DATA
2771,Gujarat Coast,22.49887,69.32953,2025-12-03 08:17:11,26.404,0.404,37.382,2.153,0.746,59.17,14.817,17.675,1017.227,53.958,1.55,10.283,0,none,0.586,0.685,0.729,0.31,MEDIUM,SYNTHETIC_DEMO_DATA
2772,Sundarbans,22.03898,89.37207,2025-12-03 11:12:02,26.993,0.293,21.372,2.449,0.767,114.25,16.552,21.717,1014.837,88.388,1.028,11.484,0,none,0.62,0.67,0.765,0.309,MEDIUM,SYNTHETIC_DEMO_DATA
2773,Visakhapatnam,17.69427,83.00552,2025-12-03 14:06:53,28.033,1.033,31.639,2.311,0.525,22.22,13.649,0.0,1009.175,81.435,0.294,2.133,1,cyclonic,0.25,0.457,0.501,0.446,MEDIUM,SYNTHETIC_DEMO_DATA
2774,Goa Coast,15.64781,73.87956,2025-12-03 17:01:44,26.075,-0.625,32.456,2.056,0.972,108.43,11.809,26.943,1012.368,78.484,2.192,18.803,1,anticyclonic,0.547,0.763,0.549,0.387,MEDIUM,SYNTHETIC_DEMO_DATA
2775,Mumbai Coast,18.58272,72.87025,2025-12-03 19:56:35,26.328,-0.172,31.862,1.371,1.111,106.56,7.311,27.605,1007.529,76.241,1.997,15.115,0,none,0.557,0.745,0.689,0.213,LOW,SYNTHETIC_DEMO_DATA
2776,Chennai Coast,12.72019,79.84241,2025-12-03 22:51:26,27.177,-0.523,32.812,2.925,0.597,354.99,16.153,3.719,1005.862,69.967,0.994,5.003,0,none,0.31,0.608,0.639,0.306,MEDIUM,SYNTHETIC_DEMO_DATA
2777,Mumbai Coast,19.09271,72.98384,2025-12-04 01:46:17,26.497,-0.003,31.794,0.948,0.869,170.38,5.437,28.26,1001.42,68.041,2.088,16.276,0,none,0.691,0.81,0.783,0.239,LOW,SYNTHETIC_DEMO_DATA
2778,Lakshadweep,10.50441,72.76675,2025-12-04 04:41:08,27.476,0.476,35.225,2.534,0.561,116.28,14.976,4.962,1021.417,91.886,1.147,7.861,0,none,0.507,0.73,0.671,0.273,LOW,SYNTHETIC_DEMO_DATA
2779,Chennai Coast,13.01267,79.92904,2025-12-04 07:35:59,27.187,-0.513,34.67,0.923,0.691,198.23,4.965,5.575,1013.457,92.425,1.594,8.095,0,none,0.48,0.666,0.779,0.234,LOW,SYNTHETIC_DEMO_DATA
2780,Sundarbans,21.63552,88.99572,2025-12-04 10:30:50,26.845,0.145,22.166,2.14,0.515,75.67,10.065,22.926,1010.908,74.869,1.325,13.724,0,none,0.438,0.672,0.582,0.337,MEDIUM,SYNTHETIC_DEMO_DATA
2781,Chennai Coast,13.11204,80.66476,2025-12-04 13:25:41,27.84,0.14,33.938,2.51,0.898,196.64,16.82,0.0,1014.405,98.809,0.443,7.421,0,none,0.235,0.688,0.584,0.249,LOW,SYNTHETIC_DEMO_DATA
2782,Lakshadweep,10.70695,72.8319,2025-12-04 16:20:32,27.324,0.324,34.912,1.97,0.347,129.69,7.569,13.606,999.188,86.696,1.618,8.265,0,none,0.359,0.621,0.73,0.257,LOW,SYNTHETIC_DEMO_DATA
2783,Goa Coast,15.6804,73.69168,2025-12-04 19:15:23,26.323,-0.377,33.404,1.971,0.945,17.32,12.331,17.974,1015.624,82.652,1.098,10.185,0,none,0.532,0.632,0.653,0.282,LOW,SYNTHETIC_DEMO_DATA
2784,Andaman & Nicobar,11.44972,92.466,2025-12-04 22:10:15,27.451,-0.049,32.948,1.912,0.985,358.35,15.346,0.614,1011.858,72.327,1.276,2.45,0,none,0.406,0.61,0.861,0.181,LOW,SYNTHETIC_DEMO_DATA
2785,Lakshadweep,10.98945,72.5802,2025-12-05 01:05:06,25.535,-1.465,34.994,1.182,0.581,349.29,9.297,0.0,1007.859,76.627,1.222,7.622,1,cyclonic,0.364,0.438,0.478,0.511,MEDIUM,SYNTHETIC_DEMO_DATA
2786,Odisha Coast,19.59604,85.96795,2025-12-05 03:59:57,28.042,0.542,28.714,1.463,0.676,240.57,10.512,14.602,1005.977,81.06,1.419,11.143,1,anticyclonic,0.353,0.746,0.722,0.314,MEDIUM,SYNTHETIC_DEMO_DATA
2787,Visakhapatnam,17.7257,83.48011,2025-12-05 06:54:48,28.714,1.714,34.002,2.163,0.716,136.12,15.858,5.566,1020.439,76.61,0.675,6.44,0,none,0.41,0.581,0.558,0.575,MEDIUM,SYNTHETIC_DEMO_DATA
2788,Sundarbans,22.28657,88.99749,2025-12-05 09:49:39,26.214,-0.486,21.567,1.087,0.435,172.99,6.064,23.635,1012.251,61.432,1.808,10.641,1,cyclonic,0.503,0.677,0.803,0.367,MEDIUM,SYNTHETIC_DEMO_DATA
2789,Sundarbans,22.16399,89.03599,2025-12-05 12:44:30,27.305,0.605,20.413,1.335,1.014,80.28,7.709,17.839,1011.105,79.333,1.092,4.981,1,anticyclonic,0.372,0.668,0.659,0.346,MEDIUM,SYNTHETIC_DEMO_DATA
2790,Andaman & Nicobar,11.67193,92.80894,2025-12-05 15:39:21,27.798,0.298,33.413,1.247,0.654,255.77,4.435,11.777,1024.864,63.026,0.992,11.585,0,none,0.31,0.553,0.648,0.291,LOW,SYNTHETIC_DEMO_DATA
2791,Lakshadweep,10.45046,72.65878,2025-12-05 18:34:12,26.174,-0.826,33.525,2.506,0.686,88.36,15.928,3.983,1006.602,64.346,0.814,3.128,0,none,0.289,0.637,0.58,0.322,MEDIUM,SYNTHETIC_DEMO_DATA
2792,Odisha Coast,19.99712,85.71932,2025-12-05 21:29:03,27.917,0.417,30.072,2.279,0.371,68.15,17.276,6.487,1010.776,71.526,0.953,13.0,1,anticyclonic,0.401,0.592,0.618,0.38,MEDIUM,SYNTHETIC_DEMO_DATA
2793,Goa Coast,15.55743,74.08451,2025-12-06 00:23:54,26.969,0.269,33.054,1.131,0.976,14.85,9.146,12.94,1010.192,81.483,1.145,10.24,0,none,0.328,0.571,0.795,0.261,LOW,SYNTHETIC_DEMO_DATA
2794,Mumbai Coast,19.03336,72.6055,2025-12-06 03:18:45,25.355,-1.145,31.079,1.851,0.783,99.7,11.632,18.765,1006.961,75.616,1.834,13.888,1,cyclonic,0.532,0.626,0.598,0.432,MEDIUM,SYNTHETIC_DEMO_DATA
2795,Sundarbans,22.134,89.29707,2025-12-06 06:13:36,26.585,-0.115,21.557,3.315,0.75,9.14,19.748,4.74,1008.196,71.694,0.804,8.077,0,none,0.394,0.621,0.686,0.274,LOW,SYNTHETIC_DEMO_DATA
2796,Lakshadweep,10.46359,72.28268,2025-12-06 09:08:27,26.713,-0.287,35.85,1.743,0.471,209.27,10.39,0.0,999.712,92.806,1.185,7.098,0,none,0.415,0.648,0.785,0.236,LOW,SYNTHETIC_DEMO_DATA
2797,Andaman & Nicobar,11.46519,92.71519,2025-12-06 12:03:18,28.091,0.591,32.819,2.454,0.846,33.19,16.139,5.237,1002.555,77.18,0.872,5.016,0,none,0.268,0.527,0.567,0.302,MEDIUM,SYNTHETIC_DEMO_DATA
2798,Mumbai Coast,19.00078,72.91561,2025-12-06 14:58:09,26.654,0.154,33.499,2.688,0.712,129.14,16.721,25.015,1000.969,69.343,1.955,14.405,0,none,0.492,0.722,0.739,0.275,LOW,SYNTHETIC_DEMO_DATA
2799,Goa Coast,14.93743,73.79468,2025-12-06 17:53:00,26.444,-0.256,33.376,1.017,0.929,117.57,7.101,17.428,1019.134,69.004,1.358,8.202,1,cyclonic,0.566,0.46,0.77,0.26,LOW,SYNTHETIC_DEMO_DATA
2800,Chennai Coast,13.17199,80.31937,2025-12-06 20:47:51,28.444,0.744,33.603,1.844,0.698,321.1,14.928,8.071,1007.387,66.831,1.328,7.752,0,none,0.441,0.508,0.678,0.315,MEDIUM,SYNTHETIC_DEMO_DATA
2801,Goa Coast,15.4845,73.79951,2025-12-06 23:42:42,26.12,-0.58,34.768,2.568,0.863,22.91,15.332,17.422,1012.377,99.271,1.526,14.314,1,anticyclonic,0.513,0.626,0.595,0.351,MEDIUM,SYNTHETIC_DEMO_DATA
2802,Kerala Coast,9.73323,76.14206,2025-12-07 02:37:34,28.374,1.574,34.946,1.457,0.648,116.66,12.536,15.065,1004.585,81.666,1.559,11.265,0,none,0.429,0.631,0.564,0.481,MEDIUM,SYNTHETIC_DEMO_DATA
2803,Lakshadweep,10.31321,72.62545,2025-12-07 05:32:25,26.53,-0.47,34.135,1.297,0.737,130.12,5.569,7.02,1008.972,67.94,1.424,7.62,1,anticyclonic,0.485,0.714,0.807,0.227,LOW,SYNTHETIC_DEMO_DATA
2804,Sundarbans,21.80774,89.24824,2025-12-07 08:27:16,27.06,0.36,19.112,1.253,0.752,281.3,7.282,16.962,1013.629,70.297,1.478,12.558,1,cyclonic,0.541,0.576,0.503,0.462,MEDIUM,SYNTHETIC_DEMO_DATA
2805,Odisha Coast,19.70629,85.48933,2025-12-07 11:22:07,27.166,-0.334,30.929,1.123,0.119,326.36,9.407,13.714,1013.855,81.335,0.705,9.284,0,none,0.38,0.736,0.71,0.288,LOW,SYNTHETIC_DEMO_DATA
2806,Lakshadweep,10.47516,72.6737,2025-12-07 14:16:58,28.481,1.481,36.19,0.571,0.991,171.99,8.777,12.068,1001.988,84.477,1.12,13.779,0,none,0.39,0.516,0.595,0.5,MEDIUM,SYNTHETIC_DEMO_DATA
2807,Visakhapatnam,17.50123,83.54806,2025-12-07 17:11:49,26.474,-0.526,33.817,1.755,0.822,307.36,8.978,0.0,1032.268,76.436,0.573,2.914,0,none,0.311,0.578,0.721,0.283,LOW,SYNTHETIC_DEMO_DATA
2808,Chennai Coast,12.83548,80.14399,2025-12-07 20:06:40,28.484,0.784,32.884,1.923,1.09,221.64,10.903,2.916,1010.45,83.593,0.993,6.841,1,anticyclonic,0.455,0.637,0.654,0.35,MEDIUM,SYNTHETIC_DEMO_DATA
2809,Goa Coast,15.20794,73.97251,2025-12-07 23:01:31,26.6,-0.1,34.132,1.278,0.816,228.5,16.668,16.016,996.701,91.829,1.453,11.054,1,anticyclonic,0.374,0.691,0.801,0.273,LOW,SYNTHETIC_DEMO_DATA
2810,Odisha Coast,19.86607,85.73226,2025-12-08 01:56:22,27.704,0.204,27.439,2.815,0.581,153.86,15.404,31.504,1014.237,63.887,1.892,15.252,0,none,0.6,0.776,0.588,0.365,MEDIUM,SYNTHETIC_DEMO_DATA
2811,Mumbai Coast,18.97693,72.67944,2025-12-08 04:51:13,27.467,0.967,32.03,1.566,1.067,61.34,12.567,18.054,989.565,93.011,1.752,12.799,0,none,0.47,0.699,0.65,0.399,MEDIUM,SYNTHETIC_DEMO_DATA
2812,Visakhapatnam,17.56041,83.41785,2025-12-08 07:46:04,27.024,0.024,33.742,2.48,0.443,9.97,19.404,0.267,1006.176,61.608,0.989,8.87,0,none,0.26,0.522,0.681,0.28,LOW,SYNTHETIC_DEMO_DATA
2813,Odisha Coast,19.80349,85.77539,2025-12-08 10:40:55,27.658,0.158,30.554,1.847,0.254,1.9,15.056,20.68,998.619,99.599,1.987,10.289,0,none,0.6,0.777,0.694,0.21,LOW,SYNTHETIC_DEMO_DATA
2814,Lakshadweep,10.2686,72.48855,2025-12-08 13:35:46,25.862,-1.138,33.09,1.726,0.553,45.86,11.623,0.0,1005.9,56.486,0.811,5.201,1,cyclonic,0.362,0.59,0.562,0.421,MEDIUM,SYNTHETIC_DEMO_DATA
2815,Odisha Coast,19.90972,85.54998,2025-12-08 16:30:37,27.88,0.38,29.822,2.317,0.681,208.12,20.694,19.879,1009.89,92.609,1.489,15.799,1,cyclonic,0.53,0.575,0.709,0.388,MEDIUM,SYNTHETIC_DEMO_DATA
2816,Sundarbans,21.83718,89.04882,2025-12-08 19:25:28,27.112,0.412,24.151,1.286,0.686,30.55,12.049,8.07,1010.019,58.254,1.277,6.327,1,cyclonic,0.275,0.667,0.655,0.36,MEDIUM,SYNTHETIC_DEMO_DATA
2817,Gujarat Coast,22.30901,69.54117,2025-12-08 22:20:19,26.981,0.981,34.758,1.355,1.21,29.88,6.904,0.0,1029.005,55.421,0.625,1.233,1,cyclonic,0.316,0.613,0.777,0.444,MEDIUM,SYNTHETIC_DEMO_DATA
2818,Andaman & Nicobar,11.87973,92.53478,2025-12-09 01:15:10,28.25,0.75,35.371,1.65,0.555,51.16,5.605,0.0,999.65,71.266,0.353,5.678,1,cyclonic,0.316,0.526,0.628,0.372,MEDIUM,SYNTHETIC_DEMO_DATA
2819,Odisha Coast,19.76977,85.75877,2025-12-09 04:10:02,27.368,-0.132,29.086,2.78,0.692,76.99,19.007,20.856,1020.061,73.611,1.924,14.787,0,none,0.503,0.817,0.602,0.314,MEDIUM,SYNTHETIC_DEMO_DATA
2820,Goa Coast,15.32827,73.81539,2025-12-09 07:04:53,29.708,3.008,33.338,1.574,0.837,303.03,9.151,18.092,1004.969,73.852,1.882,13.733,1,cyclonic,0.529,0.337,0.382,0.806,CRITICAL,SYNTHETIC_DEMO_DATA
2821,Mumbai Coast,18.62792,72.76549,2025-12-09 09:59:44,26.214,-0.286,34.518,1.121,0.698,34.92,4.127,15.18,1004.543,63.398,1.04,9.738,0,none,0.323,0.671,0.656,0.232,LOW,SYNTHETIC_DEMO_DATA
2822,Andaman & Nicobar,11.98397,92.53991,2025-12-09 12:54:35,26.939,-0.561,31.406,1.435,0.559,33.77,8.325,9.74,1012.628,72.521,1.309,7.094,1,cyclonic,0.476,0.729,0.726,0.234,LOW,SYNTHETIC_DEMO_DATA
2823,Odisha Coast,19.90814,85.78052,2025-12-09 15:49:26,27.363,-0.137,29.857,2.982,0.855,305.09,29.302,10.897,999.339,73.637,1.449,12.039,1,cyclonic,0.576,0.778,0.731,0.329,MEDIUM,SYNTHETIC_DEMO_DATA
2824,Lakshadweep,10.57804,72.75043,2025-12-09 18:44:17,28.773,1.773,34.238,2.859,0.884,30.57,23.053,3.153,1013.251,100.0,1.488,8.198,0,none,0.399,0.486,0.407,0.585,MEDIUM,SYNTHETIC_DEMO_DATA
2825,Gujarat Coast,22.0786,69.46514,2025-12-09 21:39:08,25.349,-0.651,36.786,2.741,0.871,320.77,18.122,11.039,1006.593,62.319,1.375,6.741,0,none,0.459,0.59,0.759,0.305,MEDIUM,SYNTHETIC_DEMO_DATA
2826,Andaman & Nicobar,11.73668,92.75151,2025-12-10 00:33:59,29.359,1.859,33.149,2.131,0.684,242.2,17.268,23.128,1019.263,74.157,1.286,12.998,0,none,0.425,0.547,0.536,0.551,MEDIUM,SYNTHETIC_DEMO_DATA
2827,Chennai Coast,13.30999,80.44041,2025-12-10 03:28:50,28.617,0.917,34.75,1.549,0.783,13.83,12.221,0.0,1007.845,68.123,1.388,4.255,0,none,0.411,0.659,0.727,0.324,MEDIUM,SYNTHETIC_DEMO_DATA
2828,Lakshadweep,10.28483,73.00379,2025-12-10 06:23:41,27.69,0.69,34.295,2.703,0.694,215.91,18.039,0.0,1018.078,94.318,0.712,1.586,0,none,0.196,0.593,0.654,0.305,MEDIUM,SYNTHETIC_DEMO_DATA
2829,Gujarat Coast,22.12654,69.82695,2025-12-10 09:18:32,27.118,1.118,38.919,1.443,0.688,173.6,11.912,6.305,1006.293,80.172,0.707,9.336,0,none,0.319,0.506,0.684,0.456,MEDIUM,SYNTHETIC_DEMO_DATA
2830,Odisha Coast,19.59404,85.85795,2025-12-10 12:13:23,26.755,-0.745,30.364,2.253,0.826,104.47,17.303,8.17,1012.33,92.375,1.258,3.308,1,cyclonic,0.323,0.494,0.746,0.434,MEDIUM,SYNTHETIC_DEMO_DATA
2831,Lakshadweep,10.29974,73.14495,2025-12-10 15:08:14,27.28,0.28,34.779,1.879,1.074,349.48,15.573,0.0,1012.03,56.845,0.893,7.667,0,none,0.379,0.608,0.542,0.299,LOW,SYNTHETIC_DEMO_DATA
2832,Goa Coast,15.48705,73.94435,2025-12-10 18:03:05,28.464,1.764,34.744,1.445,0.833,131.72,10.881,6.524,1023.641,77.997,1.374,8.14,1,cyclonic,0.476,0.668,0.483,0.579,MEDIUM,SYNTHETIC_DEMO_DATA
2833,Chennai Coast,13.07896,79.93158,2025-12-10 20:57:56,26.941,-0.759,34.26,1.456,1.101,133.85,11.952,13.325,1010.339,83.085,1.684,13.942,0,none,0.423,0.61,0.569,0.38,MEDIUM,SYNTHETIC_DEMO_DATA
2834,Mumbai Coast,18.78892,72.69556,2025-12-10 23:52:47,25.793,-0.707,32.358,1.368,0.434,177.73,8.119,13.953,1008.146,82.494,1.35,8.111,0,none,0.387,0.593,0.71,0.397,MEDIUM,SYNTHETIC_DEMO_DATA
2835,Chennai Coast,13.45119,80.52466,2025-12-11 02:47:38,28.337,0.637,34.967,1.235,1.141,284.87,7.618,0.0,1023.1,90.307,1.012,0.888,0,none,0.421,0.542,0.742,0.262,LOW,SYNTHETIC_DEMO_DATA
2836,Mumbai Coast,19.27027,72.91146,2025-12-11 05:42:30,26.989,0.489,33.306,1.695,0.871,29.45,6.578,25.591,996.4,74.05,1.922,14.908,1,anticyclonic,0.602,0.805,0.648,0.374,MEDIUM,SYNTHETIC_DEMO_DATA
2837,Lakshadweep,10.57704,72.63151,2025-12-11 08:37:21,26.754,-0.246,33.309,1.746,0.752,96.4,12.549,17.215,1007.082,70.284,1.301,9.068,1,anticyclonic,0.42,0.766,0.804,0.229,LOW,SYNTHETIC_DEMO_DATA
2838,Andaman & Nicobar,11.5978,92.64375,2025-12-11 11:32:12,29.461,1.961,30.714,2.407,1.143,321.74,15.46,14.674,1007.655,69.164,0.903,12.091,1,anticyclonic,0.417,0.648,0.541,0.617,HIGH,SYNTHETIC_DEMO_DATA
2839,Visakhapatnam,17.52789,82.73102,2025-12-11 14:27:03,27.036,0.036,32.988,1.394,0.258,108.85,12.028,10.984,1017.222,76.242,1.187,6.531,0,none,0.578,0.759,0.768,0.165,LOW,SYNTHETIC_DEMO_DATA
2840,Lakshadweep,10.61239,72.53471,2025-12-11 17:21:54,26.294,-0.706,36.587,1.268,0.374,124.94,9.29,6.679,999.522,87.746,0.206,3.753,1,anticyclonic,0.266,0.62,0.576,0.321,MEDIUM,SYNTHETIC_DEMO_DATA
2841,Kerala Coast,9.52331,76.48749,2025-12-11 20:16:45,27.32,0.52,34.324,1.128,0.581,162.06,5.671,23.359,991.607,66.995,2.069,13.617,0,none,0.636,0.822,0.649,0.313,MEDIUM,SYNTHETIC_DEMO_DATA
2842,Goa Coast,15.33971,73.84606,2025-12-11 23:11:36,26.252,-0.448,36.255,2.505,0.742,219.47,19.109,4.588,1018.722,93.991,1.014,5.348,0,none,0.339,0.625,0.671,0.264,LOW,SYNTHETIC_DEMO_DATA
2843,Goa Coast,15.50573,74.0876,2025-12-12 02:06:27,25.831,-0.869,34.055,1.988,0.693,280.21,15.832,0.0,1008.222,69.853,1.459,7.488,0,none,0.447,0.652,0.763,0.291,LOW,SYNTHETIC_DEMO_DATA
2844,Kerala Coast,9.96019,76.33099,2025-12-12 05:01:18,28.064,1.264,33.937,2.363,0.785,340.78,18.325,10.417,1010.314,79.851,1.219,8.893,0,none,0.498,0.566,0.593,0.52,MEDIUM,SYNTHETIC_DEMO_DATA
2845,Kerala Coast,9.5852,76.2245,2025-12-12 07:56:09,26.771,-0.029,32.736,3.577,0.256,7.27,24.217,9.551,1017.414,68.433,0.931,10.071,1,cyclonic,0.393,0.778,0.692,0.334,MEDIUM,SYNTHETIC_DEMO_DATA
2846,Kerala Coast,9.93695,76.48459,2025-12-12 10:51:00,25.895,-0.905,32.828,1.312,0.819,58.17,11.832,24.539,1018.034,100.0,1.884,18.865,1,anticyclonic,0.573,0.558,0.627,0.513,MEDIUM,SYNTHETIC_DEMO_DATA
2847,Andaman & Nicobar,11.62001,92.76811,2025-12-12 13:45:51,26.701,-0.799,33.483,1.564,1.048,342.96,12.237,11.145,1014.399,62.738,1.391,11.707,0,none,0.329,0.695,0.587,0.303,MEDIUM,SYNTHETIC_DEMO_DATA
2848,Chennai Coast,13.51291,80.20022,2025-12-12 16:40:42,27.767,0.067,35.142,2.864,0.604,104.07,16.065,0.091,1014.101,84.142,0.904,1.953,0,none,0.339,0.713,0.778,0.176,LOW,SYNTHETIC_DEMO_DATA
2849,Visakhapatnam,17.76361,83.26529,2025-12-12 19:35:33,26.739,-0.261,32.786,1.616,0.424,62.95,10.861,12.312,1015.416,82.483,1.707,11.514,1,anticyclonic,0.63,0.783,0.712,0.233,LOW,SYNTHETIC_DEMO_DATA
2850,Chennai Coast,13.07721,80.17103,2025-12-12 22:30:24,27.77,0.07,33.724,2.208,0.425,299.11,18.446,5.407,1018.632,69.237,1.01,11.061,0,none,0.325,0.569,0.677,0.289,LOW,SYNTHETIC_DEMO_DATA
2851,Odisha Coast,19.71532,85.70034,2025-12-13 01:25:15,26.378,-1.122,29.46,1.354,0.812,95.74,6.246,11.232,1000.561,71.66,1.036,5.685,1,cyclonic,0.388,0.556,0.626,0.468,MEDIUM,SYNTHETIC_DEMO_DATA
2852,Chennai Coast,12.87631,80.33139,2025-12-13 04:20:06,26.481,-1.219,32.77,1.503,0.603,27.35,6.462,7.148,1006.378,71.511,1.35,9.984,1,anticyclonic,0.42,0.611,0.746,0.438,MEDIUM,SYNTHETIC_DEMO_DATA
2853,Odisha Coast,20.03676,86.28766,2025-12-13 07:14:58,27.469,-0.031,30.073,2.16,0.885,96.88,12.787,28.729,1018.883,80.713,1.499,14.382,0,none,0.61,0.625,0.728,0.287,LOW,SYNTHETIC_DEMO_DATA
2854,Sundarbans,21.9385,89.42905,2025-12-13 10:09:49,27.663,0.963,22.64,2.797,0.912,316.27,17.078,28.253,1010.49,76.79,2.289,17.667,1,cyclonic,0.864,0.667,0.674,0.506,MEDIUM,SYNTHETIC_DEMO_DATA
2855,Goa Coast,15.46513,73.64562,2025-12-13 13:04:40,26.721,0.021,33.954,2.043,0.509,333.57,15.087,4.644,1015.615,95.246,0.559,7.013,0,none,0.356,0.738,0.756,0.136,LOW,SYNTHETIC_DEMO_DATA
2856,Sundarbans,22.22924,89.03427,2025-12-13 15:59:31,26.696,-0.004,23.296,2.656,0.936,252.21,16.243,0.0,1018.526,57.662,0.923,7.741,0,none,0.432,0.816,0.76,0.221,LOW,SYNTHETIC_DEMO_DATA
2857,Mumbai Coast,19.29694,72.8448,2025-12-13 18:54:22,25.404,-1.096,33.349,1.38,1.076,162.62,5.967,22.099,1009.784,90.559,2.128,16.684,0,none,0.495,0.732,0.536,0.417,MEDIUM,SYNTHETIC_DEMO_DATA
2858,Goa Coast,15.02848,74.04205,2025-12-13 21:49:13,27.787,1.087,32.853,1.359,0.524,268.33,7.899,3.048,1020.511,46.257,0.631,4.117,0,none,0.251,0.437,0.475,0.429,MEDIUM,SYNTHETIC_DEMO_DATA
2859,Goa Coast,15.14319,73.79436,2025-12-14 00:44:04,26.689,-0.011,32.353,1.97,1.163,254.72,12.91,27.757,1012.372,72.583,1.833,13.294,1,cyclonic,0.613,0.921,0.795,0.187,LOW,SYNTHETIC_DEMO_DATA
2860,Kerala Coast,9.49176,76.30008,2025-12-14 03:38:55,26.38,-0.42,33.343,1.326,0.537,248.97,9.571,14.359,1002.883,69.527,1.416,10.168,0,none,0.578,0.874,0.783,0.186,LOW,SYNTHETIC_DEMO_DATA
2861,Odisha Coast,19.68767,85.9716,2025-12-14 06:33:46,26.843,-0.657,27.181,1.868,0.848,35.45,8.495,8.999,1000.309,69.902,1.331,10.339,0,none,0.366,0.688,0.695,0.388,MEDIUM,SYNTHETIC_DEMO_DATA
2862,Lakshadweep,10.76949,73.05566,2025-12-14 09:28:37,27.968,0.968,33.191,2.208,0.687,272.26,8.077,15.621,1012.169,63.317,1.164,9.275,0,none,0.446,0.593,0.644,0.356,MEDIUM,SYNTHETIC_DEMO_DATA
2863,Andaman & Nicobar,11.739,93.01316,2025-12-14 12:23:28,27.8,0.3,31.895,1.247,0.803,26.5,10.483,9.415,1002.008,70.294,0.855,10.088,0,none,0.302,0.737,0.777,0.192,LOW,SYNTHETIC_DEMO_DATA
2864,Gujarat Coast,22.13346,69.68846,2025-12-14 15:18:19,25.871,-0.129,34.896,2.601,1.062,147.84,24.758,0.0,1003.743,76.274,0.687,5.231,1,anticyclonic,0.392,0.757,0.76,0.286,LOW,SYNTHETIC_DEMO_DATA
2865,Sundarbans,21.62021,89.23503,2025-12-14 18:13:10,26.244,-0.456,20.045,1.962,0.627,167.43,13.155,26.548,1010.3,71.005,2.137,16.865,1,anticyclonic,0.638,0.699,0.609,0.477,MEDIUM,SYNTHETIC_DEMO_DATA
2866,Sundarbans,21.78058,88.58299,2025-12-14 21:08:01,26.254,-0.446,22.296,1.36,0.713,246.0,12.65,18.699,1010.968,81.496,1.4,14.579,1,cyclonic,0.499,0.614,0.685,0.405,MEDIUM,SYNTHETIC_DEMO_DATA
2867,Chennai Coast,13.14868,80.58488,2025-12-15 00:02:52,28.223,0.523,33.384,1.591,0.215,208.67,7.025,7.928,1027.054,85.731,1.181,9.859,0,none,0.327,0.654,0.687,0.285,LOW,SYNTHETIC_DEMO_DATA
2868,Odisha Coast,19.77615,86.01025,2025-12-15 02:57:43,26.764,-0.736,30.493,2.235,0.834,172.21,21.389,16.408,1005.462,81.015,1.199,12.439,1,cyclonic,0.375,0.491,0.782,0.419,MEDIUM,SYNTHETIC_DEMO_DATA
2869,Andaman & Nicobar,11.54141,92.72293,2025-12-15 05:52:34,27.261,-0.239,33.224,1.578,0.501,53.31,14.491,5.855,1022.34,60.769,0.992,12.69,0,none,0.389,0.736,0.565,0.229,LOW,SYNTHETIC_DEMO_DATA
2870,Visakhapatnam,17.80699,83.50934,2025-12-15 08:47:26,26.446,-0.554,30.986,2.393,0.864,92.29,14.8,19.143,1016.204,61.197,1.939,16.335,0,none,0.608,0.598,0.714,0.348,MEDIUM,SYNTHETIC_DEMO_DATA
2871,Visakhapatnam,17.60822,83.3569,2025-12-15 11:42:17,25.884,-1.116,32.383,1.942,1.181,338.51,11.509,18.287,1004.541,68.131,1.609,12.68,0,none,0.421,0.738,0.653,0.403,MEDIUM,SYNTHETIC_DEMO_DATA
2872,Lakshadweep,10.66237,72.78869,2025-12-15 14:37:08,26.08,-0.92,33.982,1.774,0.65,358.78,9.964,4.414,1006.72,75.13,1.204,5.793,1,anticyclonic,0.475,0.634,0.676,0.403,MEDIUM,SYNTHETIC_DEMO_DATA
2873,Andaman & Nicobar,11.71524,92.27819,2025-12-15 17:31:59,26.942,-0.558,30.832,0.714,0.641,208.31,1.0,28.044,1007.096,94.559,2.209,12.346,1,cyclonic,0.722,0.8,0.675,0.333,MEDIUM,SYNTHETIC_DEMO_DATA
2874,Visakhapatnam,17.99438,83.01963,2025-12-15 20:26:50,25.717,-1.283,33.678,1.236,0.611,222.24,13.87,0.0,1001.658,53.373,1.113,6.759,0,none,0.425,0.538,0.537,0.452,MEDIUM,SYNTHETIC_DEMO_DATA
2875,Chennai Coast,13.21695,80.21619,2025-12-15 23:21:41,25.429,-2.271,34.639,2.177,0.624,258.23,16.646,0.0,1012.534,71.305,1.083,6.275,0,none,0.266,0.412,0.514,0.612,HIGH,SYNTHETIC_DEMO_DATA
2876,Mumbai Coast,19.29336,72.87539,2025-12-16 02:16:32,27.233,0.733,33.469,1.159,0.624,193.78,4.155,7.656,1017.663,66.628,1.213,9.002,0,none,0.337,0.658,0.643,0.321,MEDIUM,SYNTHETIC_DEMO_DATA
2877,Gujarat Coast,21.82178,69.26627,2025-12-16 05:11:23,25.041,-0.959,34.425,1.201,0.741,302.57,13.768,6.819,1014.729,73.618,0.878,7.809,1,anticyclonic,0.233,0.601,0.604,0.432,MEDIUM,SYNTHETIC_DEMO_DATA
2878,Lakshadweep,10.96766,72.61975,2025-12-16 08:06:14,27.939,0.939,32.961,0.909,0.781,65.68,7.864,22.581,998.113,67.927,1.529,14.283,1,anticyclonic,0.449,0.648,0.402,0.468,MEDIUM,SYNTHETIC_DEMO_DATA
2879,Andaman & Nicobar,12.09769,92.83305,2025-12-16 11:01:05,28.791,1.291,34.599,1.379,0.586,300.46,8.384,5.671,1012.061,77.8,1.521,8.602,0,none,0.599,0.691,0.46,0.415,MEDIUM,SYNTHETIC_DEMO_DATA
2880,Lakshadweep,10.61029,72.58611,2025-12-16 13:55:56,27.54,0.54,32.469,1.459,0.935,113.64,10.351,18.094,1002.675,68.001,0.873,8.982,0,none,0.409,0.589,0.645,0.331,MEDIUM,SYNTHETIC_DEMO_DATA
2881,Sundarbans,22.01678,89.60688,2025-12-16 16:50:47,26.679,-0.021,19.068,1.448,0.942,310.73,9.754,12.616,1012.224,68.98,1.522,13.208,1,cyclonic,0.421,0.624,0.728,0.315,MEDIUM,SYNTHETIC_DEMO_DATA
2882,Visakhapatnam,17.85786,82.74389,2025-12-16 19:45:38,25.953,-1.047,33.114,2.599,0.909,92.13,18.046,6.612,1016.082,61.857,1.308,10.085,0,none,0.378,0.529,0.653,0.386,MEDIUM,SYNTHETIC_DEMO_DATA
2883,Mumbai Coast,18.56071,73.10548,2025-12-16 22:40:29,25.473,-1.027,33.553,1.973,0.886,29.45,13.047,19.032,1008.998,86.805,1.509,13.712,0,none,0.675,0.651,0.629,0.383,MEDIUM,SYNTHETIC_DEMO_DATA
2884,Sundarbans,21.64412,89.34293,2025-12-17 01:35:20,26.331,-0.369,18.588,1.757,0.896,73.77,18.518,7.2,1025.828,64.495,0.897,6.788,0,none,0.482,0.731,0.588,0.344,MEDIUM,SYNTHETIC_DEMO_DATA
2885,Chennai Coast,13.55424,80.1912,2025-12-17 04:30:11,27.446,-0.254,33.412,1.438,0.414,326.99,14.908,1.669,1019.918,82.276,1.004,5.037,0,none,0.36,0.754,0.785,0.192,LOW,SYNTHETIC_DEMO_DATA
2886,Odisha Coast,19.77915,85.82282,2025-12-17 07:25:02,27.641,0.141,30.436,2.363,0.734,267.56,17.431,8.728,1006.805,72.264,1.157,9.335,0,none,0.553,0.577,0.704,0.231,LOW,SYNTHETIC_DEMO_DATA
2887,Lakshadweep,10.29758,72.73057,2025-12-17 10:19:53,26.959,-0.041,32.315,1.842,0.621,332.29,8.958,10.284,1024.247,88.183,1.19,10.669,1,cyclonic,0.481,0.796,0.851,0.163,LOW,SYNTHETIC_DEMO_DATA
2888,Sundarbans,21.72343,89.11572,2025-12-17 13:14:45,26.688,-0.012,20.21,2.612,0.951,201.44,18.753,42.349,1004.211,78.415,2.625,26.08,1,cyclonic,0.702,0.75,0.707,0.449,MEDIUM,SYNTHETIC_DEMO_DATA
2889,Odisha Coast,19.6782,85.90172,2025-12-17 16:09:36,29.462,1.962,29.082,1.801,0.654,321.73,14.024,8.275,1032.719,72.427,1.461,8.194,0,none,0.589,0.456,0.499,0.643,HIGH,SYNTHETIC_DEMO_DATA
2890,Odisha Coast,19.8109,85.66003,2025-12-17 19:04:27,28.189,0.689,30.869,2.286,1.192,272.11,16.179,18.561,1005.739,81.529,1.437,9.98,1,anticyclonic,0.523,0.637,0.817,0.41,MEDIUM,SYNTHETIC_DEMO_DATA
2891,Odisha Coast,20.06743,85.7319,2025-12-17 21:59:18,27.081,-0.419,30.759,1.697,0.531,316.23,13.858,19.751,1021.455,79.234,1.611,11.761,0,none,0.598,0.777,0.74,0.241,LOW,SYNTHETIC_DEMO_DATA
2892,Mumbai Coast,18.97326,72.99156,2025-12-18 00:54:09,24.434,-2.066,32.995,1.394,0.567,21.07,10.981,27.726,1020.21,82.62,1.763,15.765,0,none,0.55,0.574,0.405,0.628,HIGH,SYNTHETIC_DEMO_DATA
2893,Chennai Coast,12.85609,80.1593,2025-12-18 03:49:00,27.553,-0.147,32.692,1.875,0.642,47.06,8.318,24.422,1006.259,68.217,1.318,8.861,0,none,0.565,0.667,0.724,0.303,MEDIUM,SYNTHETIC_DEMO_DATA
2894,Lakshadweep,10.71901,72.24957,2025-12-18 06:43:51,26.017,-0.983,32.77,1.084,0.567,2.82,6.807,33.771,1024.229,75.088,2.666,17.832,0,none,0.628,0.615,0.553,0.366,MEDIUM,SYNTHETIC_DEMO_DATA
2895,Visakhapatnam,18.20018,83.26848,2025-12-18 09:38:42,26.313,-0.687,31.938,2.138,1.003,358.86,18.088,10.04,990.544,100.0,1.265,13.784,0,none,0.376,0.488,0.663,0.356,MEDIUM,SYNTHETIC_DEMO_DATA
2896,Mumbai Coast,19.05011,72.96634,2025-12-18 12:33:33,25.989,-0.511,33.098,1.939,0.918,280.78,11.678,22.478,1023.321,71.739,2.155,12.47,0,none,0.554,0.671,0.695,0.342,MEDIUM,SYNTHETIC_DEMO_DATA
2897,Gujarat Coast,22.16902,69.66768,2025-12-18 15:28:24,25.859,-0.141,33.584,1.272,0.706,251.46,9.006,0.0,999.162,73.689,0.66,1.876,0,none,0.263,0.736,0.723,0.146,LOW,SYNTHETIC_DEMO_DATA
2898,Gujarat Coast,22.28601,69.36312,2025-12-18 18:23:15,26.018,0.018,35.65,2.978,0.752,232.99,21.091,13.955,1015.985,67.801,1.386,7.217,0,none,0.375,0.746,0.787,0.223,LOW,SYNTHETIC_DEMO_DATA
2899,Goa Coast,15.3168,73.94478,2025-12-18 21:18:06,25.648,-1.052,34.354,1.832,1.039,182.35,21.608,24.458,1013.21,81.453,1.747,9.073,1,anticyclonic,0.525,0.638,0.62,0.388,MEDIUM,SYNTHETIC_DEMO_DATA
2900,Visakhapatnam,17.77058,83.14407,2025-12-19 00:12:57,27.589,0.589,32.29,1.272,0.774,41.47,16.3,20.695,1018.125,99.513,1.58,15.436,0,none,0.536,0.623,0.741,0.314,MEDIUM,SYNTHETIC_DEMO_DATA
2901,Mumbai Coast,19.00152,72.65435,2025-12-19 03:07:48,26.628,0.128,31.958,0.829,0.629,150.55,6.222,13.658,1022.244,69.255,2.1,10.139,0,none,0.568,0.689,0.7,0.263,LOW,SYNTHETIC_DEMO_DATA
2902,Andaman & Nicobar,11.72754,92.59561,2025-12-19 06:02:39,26.873,-0.627,31.287,1.465,0.519,311.58,7.82,5.611,1001.821,84.017,1.157,7.005,1,anticyclonic,0.396,0.577,0.662,0.332,MEDIUM,SYNTHETIC_DEMO_DATA
2903,Andaman & Nicobar,11.41357,92.23905,2025-12-19 08:57:30,27.571,0.071,33.636,1.003,0.809,158.76,2.245,4.298,1007.764,63.8,0.069,4.959,1,cyclonic,0.294,0.752,0.94,0.161,LOW,SYNTHETIC_DEMO_DATA
2904,Gujarat Coast,22.2809,69.66922,2025-12-19 11:52:21,24.72,-1.28,36.005,1.9,0.478,104.73,15.774,0.0,1010.629,92.193,1.344,5.099,0,none,0.546,0.53,0.565,0.356,MEDIUM,SYNTHETIC_DEMO_DATA
2905,Gujarat Coast,22.21063,69.73815,2025-12-19 14:47:13,25.682,-0.318,35.58,1.906,0.658,181.01,12.721,8.278,1004.327,71.785,0.957,8.179,1,cyclonic,0.298,0.658,0.725,0.289,LOW,SYNTHETIC_DEMO_DATA
2906,Andaman & Nicobar,11.94657,93.01765,2025-12-19 17:42:04,27.527,0.027,32.198,2.03,0.69,196.15,11.276,8.8,1020.991,52.623,1.476,6.375,0,none,0.448,0.545,0.758,0.215,LOW,SYNTHETIC_DEMO_DATA
2907,Gujarat Coast,22.05413,69.4306,2025-12-19 20:36:55,24.944,-1.056,38.509,1.431,0.753,262.73,9.442,5.711,1014.18,70.917,1.36,9.289,0,none,0.459,0.667,0.602,0.448,MEDIUM,SYNTHETIC_DEMO_DATA
2908,Lakshadweep,10.70489,72.18007,2025-12-19 23:31:46,26.533,-0.467,33.822,1.611,0.584,133.13,8.033,14.807,1012.759,55.634,1.249,8.92,1,anticyclonic,0.388,0.687,0.808,0.322,MEDIUM,SYNTHETIC_DEMO_DATA
2909,Odisha Coast,19.4381,86.32502,2025-12-20 02:26:37,27.971,0.471,27.931,2.678,1.192,141.53,19.927,24.47,997.883,73.146,2.23,19.214,0,none,0.684,0.614,0.722,0.404,MEDIUM,SYNTHETIC_DEMO_DATA
2910,Chennai Coast,13.14249,80.15454,2025-12-20 05:21:28,29.305,1.605,33.844,2.365,0.643,264.63,20.412,9.409,1008.127,81.674,1.289,6.714,1,cyclonic,0.352,0.627,0.615,0.499,MEDIUM,SYNTHETIC_DEMO_DATA
2911,Odisha Coast,19.70084,85.56077,2025-12-20 08:16:19,26.748,-0.752,30.388,1.088,0.62,18.96,12.019,20.952,1017.425,76.521,2.417,16.589,1,anticyclonic,0.734,0.636,0.537,0.389,MEDIUM,SYNTHETIC_DEMO_DATA
2912,Sundarbans,21.97047,88.837,2025-12-20 11:11:10,27.401,0.701,22.529,0.924,0.219,259.99,9.098,29.351,999.361,92.726,1.301,8.349,1,anticyclonic,0.435,0.758,0.71,0.419,MEDIUM,SYNTHETIC_DEMO_DATA
2913,Kerala Coast,9.859,76.0633,2025-12-20 14:06:01,26.104,-0.696,35.133,1.21,1.06,124.67,5.841,18.922,1025.822,80.562,1.163,12.415,1,cyclonic,0.428,0.594,0.617,0.395,MEDIUM,SYNTHETIC_DEMO_DATA
2914,Visakhapatnam,17.50208,83.36079,2025-12-20 17:00:52,27.13,0.13,33.463,0.996,1.066,205.63,7.846,0.0,1014.469,68.993,0.956,2.553,0,none,0.414,0.831,0.694,0.104,LOW,SYNTHETIC_DEMO_DATA
2915,Kerala Coast,9.5583,76.80504,2025-12-20 19:55:43,25.423,-1.377,33.384,2.347,0.693,126.17,18.225,27.249,998.35,86.438,1.851,18.664,1,anticyclonic,0.615,0.628,0.55,0.646,HIGH,SYNTHETIC_DEMO_DATA
2916,Kerala Coast,10.15576,75.75866,2025-12-20 22:50:34,26.863,0.063,35.194,2.082,0.528,29.48,19.43,18.334,1004.028,76.639,1.817,13.61,1,cyclonic,0.568,0.748,0.7,0.287,LOW,SYNTHETIC_DEMO_DATA
2917,Gujarat Coast,22.19207,69.45841,2025-12-21 01:45:25,25.917,-0.083,35.314,1.368,1.088,173.4,5.466,9.461,1016.754,71.199,1.335,10.586,1,anticyclonic,0.462,0.591,0.682,0.309,MEDIUM,SYNTHETIC_DEMO_DATA
2918,Lakshadweep,10.64634,72.83144,2025-12-21 04:40:16,28.03,1.03,35.453,1.878,1.244,99.19,11.254,21.358,1001.188,87.203,1.417,16.824,1,anticyclonic,0.452,0.593,0.505,0.473,MEDIUM,SYNTHETIC_DEMO_DATA
2919,Andaman & Nicobar,11.86936,92.73053,2025-12-21 07:35:07,27.06,-0.44,33.138,2.172,0.859,107.88,18.013,12.898,1004.565,72.33,0.792,9.409,0,none,0.342,0.456,0.562,0.35,MEDIUM,SYNTHETIC_DEMO_DATA
2920,Chennai Coast,12.89252,80.50119,2025-12-21 10:29:58,27.497,-0.203,34.192,2.43,0.889,196.99,14.432,1.275,1009.872,80.114,0.746,1.495,0,none,0.261,0.701,0.789,0.248,LOW,SYNTHETIC_DEMO_DATA
2921,Chennai Coast,13.03481,80.76139,2025-12-21 13:24:49,26.929,-0.771,32.106,1.405,0.656,268.39,12.841,18.626,1012.603,93.324,1.545,11.173,1,cyclonic,0.461,0.762,0.664,0.408,MEDIUM,SYNTHETIC_DEMO_DATA
2922,Goa Coast,15.21869,73.76273,2025-12-21 16:19:41,26.999,0.299,33.282,2.252,0.515,278.73,11.18,17.026,1009.231,74.928,1.147,13.06,0,none,0.57,0.721,0.746,0.282,LOW,SYNTHETIC_DEMO_DATA
2923,Odisha Coast,19.26884,85.84608,2025-12-21 19:14:32,27.916,0.416,30.05,2.749,0.782,74.71,19.516,11.514,1016.668,85.375,1.621,7.699,0,none,0.344,0.685,0.678,0.326,MEDIUM,SYNTHETIC_DEMO_DATA
2924,Mumbai Coast,18.59649,72.82658,2025-12-21 22:09:23,26.826,0.326,33.537,0.994,0.706,325.23,3.092,18.038,1001.351,78.402,1.019,10.239,0,none,0.541,0.702,0.848,0.304,MEDIUM,SYNTHETIC_DEMO_DATA
2925,Kerala Coast,9.94394,76.18725,2025-12-22 01:04:14,26.458,-0.342,31.093,2.636,0.907,332.6,15.73,38.128,1012.459,72.874,1.938,18.052,0,none,0.452,0.58,0.599,0.419,MEDIUM,SYNTHETIC_DEMO_DATA
2926,Odisha Coast,19.70924,85.47113,2025-12-22 03:59:05,26.161,-1.339,30.22,2.601,0.89,170.57,20.622,6.192,1008.522,61.087,0.92,5.551,0,none,0.208,0.587,0.533,0.463,MEDIUM,SYNTHETIC_DEMO_DATA
2927,Gujarat Coast,22.12131,69.91023,2025-12-22 06:53:56,27.647,1.647,38.03,0.793,1.029,45.33,6.544,15.392,996.914,86.628,0.971,5.348,0,none,0.315,0.618,0.585,0.542,MEDIUM,SYNTHETIC_DEMO_DATA
2928,Chennai Coast,12.94796,80.3493,2025-12-22 09:48:47,27.674,-0.026,31.91,2.501,0.796,261.6,15.384,0.0,1010.102,70.33,0.718,8.646,0,none,0.42,0.744,0.751,0.179,LOW,SYNTHETIC_DEMO_DATA
2929,Odisha Coast,19.62605,86.08654,2025-12-22 12:43:38,28.356,0.856,29.061,3.055,1.115,358.87,18.608,31.044,1008.177,84.443,1.246,17.584,0,none,0.544,0.773,0.558,0.429,MEDIUM,SYNTHETIC_DEMO_DATA
2930,Gujarat Coast,22.17063,70.03083,2025-12-22 15:38:29,24.196,-1.804,35.354,1.668,0.298,188.07,13.297,1.314,1026.667,80.292,0.864,0.5,1,anticyclonic,0.198,0.629,0.511,0.607,HIGH,SYNTHETIC_DEMO_DATA
2931,Odisha Coast,19.79484,86.12187,2025-12-22 18:33:20,27.336,-0.164,28.538,1.775,0.727,153.43,12.557,19.676,1003.708,92.507,2.295,7.688,1,anticyclonic,0.455,0.727,0.775,0.288,LOW,SYNTHETIC_DEMO_DATA
2932,Gujarat Coast,22.40472,69.75862,2025-12-22 21:28:11,27.048,1.048,36.488,2.058,0.725,328.15,18.244,0.0,1011.518,94.878,1.019,4.79,1,anticyclonic,0.286,0.725,0.657,0.413,MEDIUM,SYNTHETIC_DEMO_DATA
2933,Odisha Coast,19.66196,86.0097,2025-12-23 00:23:02,27.116,-0.384,31.868,2.349,0.518,202.21,16.887,14.445,1003.467,79.242,1.439,14.169,1,cyclonic,0.326,0.633,0.531,0.471,MEDIUM,SYNTHETIC_DEMO_DATA
2934,Kerala Coast,10.19691,76.33003,2025-12-23 03:17:53,27.434,0.634,31.57,2.605,0.502,203.1,11.339,28.382,1003.132,58.978,1.588,18.484,0,none,0.829,0.7,0.566,0.421,MEDIUM,SYNTHETIC_DEMO_DATA
2935,Andaman & Nicobar,11.5305,92.64769,2025-12-23 06:12:44,28.363,0.863,32.829,2.023,0.27,59.07,14.59,10.36,1006.681,66.237,1.343,8.2,0,none,0.452,0.625,0.58,0.393,MEDIUM,SYNTHETIC_DEMO_DATA
2936,Visakhapatnam,17.54069,83.40204,2025-12-23 09:07:35,27.511,0.511,31.558,1.365,0.738,47.71,7.839,16.377,1016.674,70.938,1.233,11.626,1,anticyclonic,0.422,0.618,0.602,0.332,MEDIUM,SYNTHETIC_DEMO_DATA
2937,Goa Coast,15.28459,73.97586,2025-12-23 12:02:26,26.015,-0.685,35.205,0.912,0.66,170.96,6.582,8.407,1009.702,57.344,1.024,8.356,0,none,0.333,0.676,0.604,0.311,MEDIUM,SYNTHETIC_DEMO_DATA
2938,Goa Coast,15.77928,73.96425,2025-12-23 14:57:17,28.05,1.35,34.096,2.022,0.665,181.16,12.445,1.453,1019.592,54.128,1.41,3.766,0,none,0.257,0.591,0.621,0.392,MEDIUM,SYNTHETIC_DEMO_DATA
2939,Lakshadweep,10.64456,72.35268,2025-12-23 17:52:09,26.52,-0.48,35.658,0.451,0.665,37.81,4.334,19.773,1012.422,86.413,1.354,9.507,0,none,0.39,0.537,0.644,0.286,LOW,SYNTHETIC_DEMO_DATA
2940,Odisha Coast,19.92064,86.06076,2025-12-23 20:47:00,27.519,0.019,27.896,2.389,1.017,131.31,20.443,0.0,1005.453,68.658,0.957,5.202,0,none,0.385,0.66,0.689,0.229,LOW,SYNTHETIC_DEMO_DATA
2941,Goa Coast,15.00714,73.96865,2025-12-23 23:41:51,27.551,0.851,35.263,1.796,0.56,107.29,10.889,12.665,1017.359,79.812,1.028,7.948,0,none,0.476,0.723,0.656,0.351,MEDIUM,SYNTHETIC_DEMO_DATA
2942,Lakshadweep,10.69018,72.50234,2025-12-24 02:36:42,26.558,-0.442,34.028,1.775,0.905,355.23,11.98,12.706,1007.744,70.893,1.454,11.306,1,cyclonic,0.405,0.763,0.593,0.322,MEDIUM,SYNTHETIC_DEMO_DATA
2943,Goa Coast,15.39742,73.77946,2025-12-24 05:31:33,26.64,-0.06,37.578,1.275,0.415,55.1,6.032,12.398,1010.02,87.411,1.535,4.227,1,cyclonic,0.398,0.657,0.809,0.192,LOW,SYNTHETIC_DEMO_DATA
2944,Odisha Coast,19.64787,85.63551,2025-12-24 08:26:24,26.821,-0.679,29.051,1.221,1.073,206.69,9.679,29.952,1016.257,86.083,1.855,16.558,1,cyclonic,0.439,0.66,0.564,0.457,MEDIUM,SYNTHETIC_DEMO_DATA
2945,Andaman & Nicobar,11.91122,92.73133,2025-12-24 11:21:15,26.359,-1.141,28.999,1.088,0.508,289.19,5.509,21.11,1019.899,73.708,2.281,12.886,1,cyclonic,0.538,0.54,0.518,0.527,MEDIUM,SYNTHETIC_DEMO_DATA
2946,Odisha Coast,19.82265,85.79198,2025-12-24 14:16:06,27.701,0.201,30.191,1.851,1.07,270.61,12.336,9.518,1006.134,97.54,1.261,7.62,0,none,0.441,0.728,0.794,0.154,LOW,SYNTHETIC_DEMO_DATA
2947,Mumbai Coast,18.96764,72.70311,2025-12-24 17:10:57,25.925,-0.575,32.559,1.728,0.394,296.32,13.779,17.464,1020.563,59.752,1.353,13.943,1,anticyclonic,0.411,0.518,0.598,0.456,MEDIUM,SYNTHETIC_DEMO_DATA
2948,Kerala Coast,9.633,76.48943,2025-12-24 20:05:48,25.09,-1.71,32.491,1.469,1.085,202.44,10.002,24.48,1016.042,80.623,1.369,13.241,0,none,0.596,0.541,0.442,0.627,HIGH,SYNTHETIC_DEMO_DATA
2949,Mumbai Coast,18.68879,72.87107,2025-12-24 23:00:39,25.556,-0.944,32.867,1.892,1.227,209.84,13.465,5.102,1020.132,65.497,0.815,10.328,1,anticyclonic,0.381,0.559,0.681,0.401,MEDIUM,SYNTHETIC_DEMO_DATA
2950,Mumbai Coast,19.08144,72.74386,2025-12-25 01:55:30,27.293,0.793,35.053,1.533,0.589,175.29,9.974,9.116,1027.014,60.288,0.918,11.609,0,none,0.279,0.585,0.519,0.366,MEDIUM,SYNTHETIC_DEMO_DATA
2951,Sundarbans,21.96388,89.23431,2025-12-25 04:50:21,27.439,0.739,19.207,1.627,0.731,113.65,12.007,28.71,1010.561,76.3,2.193,18.979,0,none,0.718,0.622,0.715,0.442,MEDIUM,SYNTHETIC_DEMO_DATA
2952,Mumbai Coast,18.99034,73.05968,2025-12-25 07:45:12,26.829,0.329,33.871,1.823,0.104,152.76,13.951,18.63,1011.248,55.612,1.123,10.044,0,none,0.492,0.888,0.659,0.284,LOW,SYNTHETIC_DEMO_DATA
2953,Lakshadweep,10.55128,72.69515,2025-12-25 10:40:03,27.908,0.908,35.468,2.246,0.787,201.68,15.912,7.467,1001.737,75.061,0.61,7.641,0,none,0.372,0.623,0.674,0.269,LOW,SYNTHETIC_DEMO_DATA
2954,Kerala Coast,9.82856,76.25523,2025-12-25 13:34:54,26.981,0.181,33.654,2.119,0.793,63.76,12.802,6.346,996.686,81.88,0.854,8.466,0,none,0.401,0.71,0.77,0.28,LOW,SYNTHETIC_DEMO_DATA
2955,Visakhapatnam,18.07081,83.1117,2025-12-25 16:29:45,28.174,1.174,33.849,1.682,0.831,121.35,11.564,16.367,997.817,86.148,1.979,12.548,0,none,0.532,0.575,0.598,0.363,MEDIUM,SYNTHETIC_DEMO_DATA
2956,Lakshadweep,10.95565,72.48406,2025-12-25 19:24:37,27.135,0.135,36.784,1.867,0.642,201.54,12.414,3.895,1000.667,68.949,1.251,12.199,0,none,0.437,0.65,0.807,0.209,LOW,SYNTHETIC_DEMO_DATA
2957,Sundarbans,21.975,88.91544,2025-12-25 22:19:28,25.972,-0.728,20.544,1.859,0.26,358.34,10.931,17.214,1011.607,52.663,1.288,14.442,0,none,0.456,0.681,0.651,0.415,MEDIUM,SYNTHETIC_DEMO_DATA
2958,Kerala Coast,9.7131,76.18256,2025-12-26 01:14:19,26.863,0.063,32.265,2.538,0.699,198.88,16.171,22.858,1021.688,72.228,1.179,14.096,1,cyclonic,0.433,0.674,0.772,0.33,MEDIUM,SYNTHETIC_DEMO_DATA
2959,Mumbai Coast,19.15718,72.76405,2025-12-26 04:09:10,27.145,0.645,32.545,2.821,0.53,93.12,25.341,7.824,1015.505,76.664,1.353,6.334,0,none,0.46,0.69,0.651,0.347,MEDIUM,SYNTHETIC_DEMO_DATA
2960,Kerala Coast,9.90804,75.89607,2025-12-26 07:04:01,26.64,-0.16,30.844,2.392,0.93,265.57,15.962,15.066,1001.789,62.022,1.189,11.742,0,none,0.501,0.623,0.623,0.293,LOW,SYNTHETIC_DEMO_DATA
2961,Lakshadweep,10.59732,72.82697,2025-12-26 09:58:52,26.753,-0.247,35.353,2.079,1.0,139.24,11.6,13.299,1019.22,71.13,1.087,10.226,1,anticyclonic,0.265,0.615,0.626,0.202,LOW,SYNTHETIC_DEMO_DATA
2962,Kerala Coast,9.8153,76.42649,2025-12-26 12:53:43,25.884,-0.916,33.627,2.09,0.438,152.09,14.059,23.31,1021.541,70.881,1.911,15.192,0,none,0.444,0.536,0.654,0.472,MEDIUM,SYNTHETIC_DEMO_DATA
2963,Lakshadweep,10.53649,72.94252,2025-12-26 15:48:34,27.848,0.848,36.187,1.924,0.871,127.1,9.438,6.703,1000.176,72.767,1.459,5.057,0,none,0.316,0.651,0.73,0.232,LOW,SYNTHETIC_DEMO_DATA
2964,Sundarbans,22.10911,88.72298,2025-12-26 18:43:25,27.076,0.376,20.575,1.67,0.72,203.78,11.528,6.661,1024.129,72.128,0.84,5.847,0,none,0.376,0.718,0.663,0.238,LOW,SYNTHETIC_DEMO_DATA
2965,Goa Coast,15.70503,73.85323,2025-12-26 21:38:16,28.365,1.665,32.437,2.217,0.85,277.01,15.89,1.784,1027.931,86.757,0.05,5.712,0,none,0.336,0.546,0.547,0.488,MEDIUM,SYNTHETIC_DEMO_DATA
2966,Mumbai Coast,18.9898,72.94816,2025-12-27 00:33:07,27.331,0.831,32.944,1.365,0.533,320.06,11.37,24.614,1000.387,63.276,1.681,10.771,0,none,0.4,0.693,0.703,0.399,MEDIUM,SYNTHETIC_DEMO_DATA
2967,Visakhapatnam,17.7018,83.6863,2025-12-27 03:27:58,26.502,-0.498,31.668,3.166,0.76,284.21,26.949,13.888,1021.702,89.854,1.39,11.769,0,none,0.398,0.649,0.574,0.337,MEDIUM,SYNTHETIC_DEMO_DATA
2968,Visakhapatnam,17.73026,83.02773,2025-12-27 06:22:49,27.358,0.358,33.106,2.071,0.494,324.77,11.511,8.564,1007.629,68.725,1.175,6.843,1,anticyclonic,0.583,0.746,0.664,0.274,LOW,SYNTHETIC_DEMO_DATA
2969,Goa Coast,15.42517,73.69654,2025-12-27 09:17:40,27.681,0.981,34.34,0.729,1.051,10.99,2.884,17.782,1012.757,91.931,2.018,14.128,0,none,0.73,0.535,0.608,0.343,MEDIUM,SYNTHETIC_DEMO_DATA
2970,Gujarat Coast,22.3234,69.67134,2025-12-27 12:12:31,25.627,-0.373,36.507,1.341,0.779,67.07,9.161,0.0,1001.435,77.423,0.994,6.296,0,none,0.301,0.647,0.722,0.322,MEDIUM,SYNTHETIC_DEMO_DATA
2971,Gujarat Coast,22.1776,69.42296,2025-12-27 15:07:22,26.981,0.981,33.464,2.677,0.705,326.68,18.036,7.282,1017.912,74.083,1.343,11.233,1,cyclonic,0.556,0.674,0.636,0.512,MEDIUM,SYNTHETIC_DEMO_DATA
2972,Sundarbans,21.8495,89.13005,2025-12-27 18:02:13,25.429,-1.271,22.264,2.199,0.625,70.25,20.872,25.499,1010.316,83.014,1.142,13.807,0,none,0.611,0.734,0.603,0.518,MEDIUM,SYNTHETIC_DEMO_DATA
2973,Mumbai Coast,19.10953,73.08513,2025-12-27 20:57:05,25.405,-1.095,33.623,1.988,0.276,332.86,12.757,17.936,1012.193,88.599,0.975,14.499,0,none,0.366,0.514,0.532,0.49,MEDIUM,SYNTHETIC_DEMO_DATA
2974,Lakshadweep,10.81949,72.75036,2025-12-27 23:51:56,27.992,0.992,35.126,2.196,0.324,44.51,15.955,0.689,1016.777,36.975,1.233,6.998,1,anticyclonic,0.364,0.51,0.621,0.378,MEDIUM,SYNTHETIC_DEMO_DATA
2975,Sundarbans,21.81036,89.41201,2025-12-28 02:46:47,26.58,-0.12,19.887,2.123,1.015,204.18,11.596,18.694,1001.101,76.124,0.971,12.924,1,anticyclonic,0.351,0.675,0.702,0.45,MEDIUM,SYNTHETIC_DEMO_DATA
2976,Kerala Coast,10.44616,76.33438,2025-12-28 05:41:38,25.127,-1.673,32.09,2.157,0.963,98.56,13.222,14.69,1019.835,55.585,1.476,13.505,1,anticyclonic,0.504,0.547,0.547,0.65,HIGH,SYNTHETIC_DEMO_DATA
2977,Kerala Coast,9.85804,76.18041,2025-12-28 08:36:29,25.623,-1.177,33.078,2.126,1.203,33.75,16.076,16.208,1004.469,83.74,1.299,10.712,1,anticyclonic,0.59,0.577,0.724,0.484,MEDIUM,SYNTHETIC_DEMO_DATA
2978,Andaman & Nicobar,11.7235,92.67952,2025-12-28 11:31:20,27.823,0.323,31.571,1.269,0.845,301.37,7.728,23.68,1014.171,77.454,1.914,16.7,0,none,0.504,0.683,0.667,0.311,MEDIUM,SYNTHETIC_DEMO_DATA
2979,Visakhapatnam,17.74577,82.99608,2025-12-28 14:26:11,28.608,1.608,32.469,1.997,0.741,210.51,15.605,12.65,998.09,60.904,0.829,5.869,0,none,0.335,0.43,0.517,0.557,MEDIUM,SYNTHETIC_DEMO_DATA
2980,Kerala Coast,9.79561,76.23354,2025-12-28 17:21:02,26.862,0.062,32.325,1.94,0.574,148.03,8.563,31.551,1033.933,90.591,2.06,20.089,1,anticyclonic,0.695,0.734,0.766,0.304,MEDIUM,SYNTHETIC_DEMO_DATA
2981,Goa Coast,15.40558,73.69732,2025-12-28 20:15:53,25.866,-0.834,32.588,1.422,0.643,213.2,7.979,17.472,1013.678,76.825,1.476,11.66,0,none,0.436,0.563,0.665,0.414,MEDIUM,SYNTHETIC_DEMO_DATA
2982,Sundarbans,21.85986,89.26588,2025-12-28 23:10:44,25.989,-0.711,21.191,1.417,0.161,299.45,12.519,12.686,1000.517,64.93,1.072,9.506,0,none,0.355,0.623,0.793,0.355,MEDIUM,SYNTHETIC_DEMO_DATA
2983,Andaman & Nicobar,11.6989,92.73609,2025-12-29 02:05:35,26.756,-0.744,33.297,2.055,0.274,76.06,9.041,7.458,1010.64,76.194,1.044,7.467,1,anticyclonic,0.412,0.725,0.654,0.354,MEDIUM,SYNTHETIC_DEMO_DATA
2984,Andaman & Nicobar,11.63122,92.66758,2025-12-29 05:00:26,28.45,0.95,34.082,1.222,0.569,336.54,12.534,11.824,997.812,61.575,1.326,10.276,0,none,0.47,0.605,0.57,0.38,MEDIUM,SYNTHETIC_DEMO_DATA
2985,Goa Coast,15.44057,73.80986,2025-12-29 07:55:17,26.692,-0.008,31.532,1.487,0.56,108.77,12.354,22.691,1025.745,49.716,1.302,12.408,0,none,0.627,0.653,0.717,0.282,LOW,SYNTHETIC_DEMO_DATA
2986,Gujarat Coast,22.23508,69.68473,2025-12-29 10:50:08,27.062,1.062,33.463,1.456,0.585,30.08,11.993,4.124,1005.122,78.469,0.888,8.489,1,anticyclonic,0.385,0.596,0.602,0.427,MEDIUM,SYNTHETIC_DEMO_DATA
2987,Goa Coast,15.41388,73.82841,2025-12-29 13:44:59,25.095,-1.605,33.643,2.358,0.475,358.69,15.486,10.527,1002.406,57.87,1.91,14.264,1,cyclonic,0.55,0.547,0.427,0.532,MEDIUM,SYNTHETIC_DEMO_DATA
2988,Goa Coast,15.49064,74.015,2025-12-29 16:39:50,27.317,0.617,35.064,2.154,1.243,140.61,15.045,10.66,1010.43,78.318,1.62,12.846,0,none,0.392,0.615,0.699,0.292,LOW,SYNTHETIC_DEMO_DATA
2989,Lakshadweep,10.55579,72.77144,2025-12-29 19:34:41,28.255,1.255,33.609,1.701,0.604,47.86,10.821,1.422,1009.059,83.923,1.226,10.213,0,none,0.46,0.562,0.53,0.433,MEDIUM,SYNTHETIC_DEMO_DATA
2990,Kerala Coast,10.0458,76.1963,2025-12-29 22:29:32,26.514,-0.286,32.583,2.209,0.38,242.62,18.843,12.433,1016.474,86.955,1.296,8.924,0,none,0.395,0.589,0.601,0.316,MEDIUM,SYNTHETIC_DEMO_DATA
2991,Kerala Coast,9.95707,75.99159,2025-12-30 01:24:24,26.691,-0.109,32.946,2.216,0.929,89.73,16.174,31.412,1001.315,83.039,2.291,17.683,0,none,0.561,0.762,0.601,0.271,LOW,SYNTHETIC_DEMO_DATA
2992,Gujarat Coast,22.601,69.25642,2025-12-30 04:19:15,25.19,-0.81,33.105,1.256,0.556,333.93,4.789,7.423,1014.69,95.845,1.366,8.084,0,none,0.459,0.636,0.627,0.367,MEDIUM,SYNTHETIC_DEMO_DATA
2993,Odisha Coast,19.93545,85.70059,2025-12-30 07:14:06,27.797,0.297,30.12,1.243,0.65,326.83,9.705,16.719,1004.775,88.797,2.434,11.947,0,none,0.542,0.64,0.652,0.315,MEDIUM,SYNTHETIC_DEMO_DATA
2994,Andaman & Nicobar,11.64725,92.92722,2025-12-30 10:08:57,28.319,0.819,33.863,1.979,0.752,20.98,16.32,21.048,1008.301,88.228,1.853,19.923,0,none,0.611,0.64,0.658,0.381,MEDIUM,SYNTHETIC_DEMO_DATA
2995,Goa Coast,15.83103,73.89124,2025-12-30 13:03:48,27.003,0.303,32.949,1.931,0.757,176.03,14.591,6.22,1011.576,61.716,1.419,6.85,0,none,0.416,0.735,0.693,0.218,LOW,SYNTHETIC_DEMO_DATA
2996,Gujarat Coast,22.21074,69.72412,2025-12-30 15:58:39,25.612,-0.388,34.667,2.242,0.885,15.67,14.731,0.0,1009.857,87.038,0.625,7.884,0,none,0.347,0.63,0.567,0.275,LOW,SYNTHETIC_DEMO_DATA
2997,Chennai Coast,12.88851,80.15776,2025-12-30 18:53:30,27.363,-0.337,36.389,1.582,0.872,27.83,5.171,9.444,1007.022,59.199,1.089,5.234,1,anticyclonic,0.404,0.563,0.722,0.289,LOW,SYNTHETIC_DEMO_DATA
2998,Chennai Coast,12.88867,80.31489,2025-12-30 21:48:21,27.786,0.086,33.915,2.348,0.978,241.29,13.473,3.812,1016.642,59.935,1.054,5.887,0,none,0.337,0.512,0.669,0.23,LOW,SYNTHETIC_DEMO_DATA
2999,Kerala Coast,10.4812,76.14117,2025-12-31 00:43:12,25.563,-1.237,34.589,1.225,1.082,240.23,11.01,25.282,1013.497,65.33,1.575,12.102,1,cyclonic,0.503,0.682,0.613,0.565,MEDIUM,SYNTHETIC_DEMO_DATA
3000,Gujarat Coast,22.53306,69.46075,2025-12-31 03:38:03,26.476,0.476,37.585,0.33,0.897,20.48,2.389,15.421,1016.928,67.999,1.139,11.334,0,none,0.475,0.572,0.642,0.346,MEDIUM,SYNTHETIC_DEMO_DATA
3001,Goa Coast,15.34345,73.75075,2025-12-31 06:32:54,26.195,-0.505,33.952,1.525,0.715,180.63,13.283,4.748,1010.519,64.395,0.901,7.646,0,none,0.416,0.69,0.585,0.337,MEDIUM,SYNTHETIC_DEMO_DATA
3002,Gujarat Coast,22.31172,69.66237,2025-12-31 09:27:45,25.751,-0.249,37.833,1.33,0.296,220.27,10.926,0.0,1021.435,81.392,0.712,7.298,0,none,0.347,0.588,0.825,0.232,LOW,SYNTHETIC_DEMO_DATA
3003,Lakshadweep,10.55741,72.49744,2025-12-31 12:22:36,28.268,1.268,35.902,1.955,0.473,225.85,13.152,0.0,1000.469,71.003,1.33,3.588,0,none,0.366,0.538,0.629,0.461,MEDIUM,SYNTHETIC_DEMO_DATA
3004,Lakshadweep,10.57143,72.45544,2025-12-31 15:17:27,27.998,0.998,35.565,1.15,0.672,185.61,5.646,6.736,1034.449,95.295,1.255,12.977,1,anticyclonic,0.131,0.562,0.388,0.501,MEDIUM,SYNTHETIC_DEMO_DATA
3005,Goa Coast,15.14517,73.66936,2025-12-31 18:12:18,28.29,1.59,35.499,2.1,0.796,349.31,21.004,0.0,1011.902,98.719,0.833,7.493,1,anticyclonic,0.215,0.469,0.581,0.56,MEDIUM,SYNTHETIC_DEMO_DATA
3006,Chennai Coast,13.12868,80.18842,2025-12-31 21:07:09,29.643,1.943,32.282,1.884,0.84,122.92,8.228,5.464,1010.73,83.567,1.006,6.656,1,cyclonic,0.482,0.567,0.548,0.66,HIGH,SYNTHETIC_DEMO_DATA
3007,Mumbai Coast,18.73826,73.06842,2026-01-01 00:02:00,26.387,-0.314,35.758,0.774,1.138,43.96,4.373,7.822,1016.424,54.064,0.757,9.873,1,anticyclonic,0.342,0.644,0.586,0.361,MEDIUM,SYNTHETIC_DEMO_DATA
3008,Kerala Coast,9.68404,76.02386,2026-01-01 02:56:52,27.0,-0.001,33.376,1.807,0.608,44.37,8.516,19.222,1017.171,70.403,1.919,9.726,1,cyclonic,0.517,0.803,0.767,0.237,LOW,SYNTHETIC_DEMO_DATA
3009,Gujarat Coast,22.48353,69.83536,2026-01-01 05:51:43,27.536,1.335,37.071,1.535,0.193,255.93,7.495,0.0,1031.208,79.513,0.612,6.525,1,anticyclonic,0.322,0.603,0.68,0.532,MEDIUM,SYNTHETIC_DEMO_DATA
3010,Andaman & Nicobar,11.72874,92.91479,2026-01-01 08:46:34,27.523,-0.178,31.341,1.87,0.341,228.39,13.134,6.313,1016.023,72.314,1.396,7.937,0,none,0.467,0.715,0.759,0.2,LOW,SYNTHETIC_DEMO_DATA
3011,Chennai Coast,12.55986,80.08557,2026-01-01 11:41:25,28.47,0.569,34.642,1.939,0.598,19.52,15.28,24.142,1005.256,82.435,1.542,12.855,1,anticyclonic,0.675,0.634,0.696,0.331,MEDIUM,SYNTHETIC_DEMO_DATA
3012,Mumbai Coast,19.1354,73.0438,2026-01-01 14:36:16,27.835,1.134,32.555,1.844,1.302,236.86,8.521,10.059,1016.529,71.221,0.923,6.951,1,anticyclonic,0.273,0.552,0.609,0.52,MEDIUM,SYNTHETIC_DEMO_DATA
3013,Sundarbans,22.32234,89.15368,2026-01-01 17:31:07,26.546,-0.355,20.357,1.839,0.657,300.04,12.701,9.133,1012.677,88.517,0.718,6.55,1,anticyclonic,0.433,0.549,0.683,0.384,MEDIUM,SYNTHETIC_DEMO_DATA
3014,Goa Coast,15.71157,73.7189,2026-01-01 20:25:58,26.101,-0.8,33.132,1.676,0.423,117.78,8.741,20.992,1016.892,97.434,1.314,10.98,1,anticyclonic,0.55,0.664,0.805,0.343,MEDIUM,SYNTHETIC_DEMO_DATA
3015,Kerala Coast,10.02478,76.23987,2026-01-01 23:20:49,27.321,0.32,34.951,2.199,0.773,174.81,19.952,9.791,1012.173,65.076,1.497,10.234,0,none,0.429,0.639,0.685,0.273,LOW,SYNTHETIC_DEMO_DATA
3016,Kerala Coast,9.96406,76.20066,2026-01-02 02:15:40,26.422,-0.579,31.527,2.426,0.623,91.66,15.078,26.471,1002.487,93.696,1.649,11.855,0,none,0.506,0.675,0.729,0.316,MEDIUM,SYNTHETIC_DEMO_DATA
3017,Mumbai Coast,18.44451,73.0679,2026-01-02 05:10:31,26.385,-0.316,33.578,1.674,0.597,269.67,9.134,11.733,1006.698,58.993,1.589,5.859,0,none,0.41,0.763,0.725,0.189,LOW,SYNTHETIC_DEMO_DATA
3018,Visakhapatnam,17.45581,82.92204,2026-01-02 08:05:22,27.379,0.178,32.182,0.662,0.381,306.03,5.706,15.3,1007.822,74.862,1.353,3.419,0,none,0.566,0.752,0.824,0.191,LOW,SYNTHETIC_DEMO_DATA
3019,Mumbai Coast,18.92317,72.41414,2026-01-02 11:00:13,26.678,-0.023,32.426,1.982,0.622,113.67,14.632,18.592,1005.292,78.578,1.293,10.788,0,none,0.436,0.623,0.768,0.238,LOW,SYNTHETIC_DEMO_DATA
3020,Goa Coast,15.59964,73.96082,2026-01-02 13:55:04,26.656,-0.245,33.766,0.988,1.257,0.48,6.676,20.777,1011.51,58.246,1.73,7.547,0,none,0.584,0.662,0.73,0.18,LOW,SYNTHETIC_DEMO_DATA
3021,Chennai Coast,13.2507,80.20632,2026-01-02 16:49:55,29.979,2.078,35.489,2.079,1.137,16.09,6.852,16.283,1009.045,48.306,1.573,10.411,1,anticyclonic,0.382,0.462,0.454,0.65,HIGH,SYNTHETIC_DEMO_DATA
3022,Odisha Coast,19.87024,85.55342,2026-01-02 19:44:46,27.972,0.271,28.971,1.452,0.529,66.22,8.198,8.165,1017.898,76.411,0.985,8.765,1,cyclonic,0.295,0.616,0.655,0.322,MEDIUM,SYNTHETIC_DEMO_DATA
3023,Chennai Coast,12.71942,80.12414,2026-01-02 22:39:37,27.981,0.08,34.446,2.508,0.644,39.62,14.187,14.295,1007.661,61.417,1.6,11.91,1,cyclonic,0.535,0.8,0.697,0.323,MEDIUM,SYNTHETIC_DEMO_DATA
3024,Odisha Coast,19.86724,85.79501,2026-01-03 01:34:28,29.568,1.867,30.304,1.222,0.504,235.99,3.498,5.537,1007.461,77.809,0.737,6.553,1,anticyclonic,0.44,0.548,0.507,0.586,MEDIUM,SYNTHETIC_DEMO_DATA
3025,Chennai Coast,13.00993,80.56294,2026-01-03 04:29:20,28.066,0.165,32.4,2.138,1.298,278.82,15.332,0.0,1009.511,79.074,1.09,8.157,0,none,0.349,0.759,0.692,0.249,LOW,SYNTHETIC_DEMO_DATA
3026,Gujarat Coast,22.09929,69.61176,2026-01-03 07:24:11,24.608,-1.593,34.452,3.074,0.738,104.7,25.191,2.929,1008.647,77.775,0.962,7.236,0,none,0.343,0.633,0.608,0.42,MEDIUM,SYNTHETIC_DEMO_DATA
3027,Odisha Coast,19.67307,86.19042,2026-01-03 10:19:02,26.489,-1.212,28.709,2.122,0.908,320.05,14.454,22.247,1006.198,86.443,1.821,14.505,1,cyclonic,0.539,0.512,0.555,0.564,MEDIUM,SYNTHETIC_DEMO_DATA
3028,Goa Coast,15.048,74.09769,2026-01-03 13:13:53,26.946,0.045,34.603,1.854,0.94,156.91,7.866,6.894,1008.732,68.05,1.157,7.084,0,none,0.406,0.712,0.806,0.166,LOW,SYNTHETIC_DEMO_DATA
3029,Visakhapatnam,17.88139,83.38269,2026-01-03 16:08:44,27.477,0.276,33.437,1.524,0.628,26.7,13.089,19.622,1021.98,73.264,1.434,12.294,1,cyclonic,0.469,0.703,0.642,0.269,LOW,SYNTHETIC_DEMO_DATA
3030,Andaman & Nicobar,11.50135,92.30241,2026-01-03 19:03:35,27.377,-0.324,34.891,2.08,0.612,310.69,14.694,8.562,1009.733,74.287,0.88,13.043,1,anticyclonic,0.409,0.673,0.648,0.249,LOW,SYNTHETIC_DEMO_DATA
3031,Goa Coast,15.86132,73.88298,2026-01-03 21:58:26,25.137,-1.764,34.089,1.389,0.823,124.05,8.62,16.541,1008.3,90.209,0.505,9.629,1,anticyclonic,0.515,0.533,0.64,0.469,MEDIUM,SYNTHETIC_DEMO_DATA
3032,Visakhapatnam,17.58928,83.42758,2026-01-04 00:53:17,26.67,-0.531,34.126,0.905,0.334,61.2,2.229,15.551,1004.036,74.227,1.071,10.994,0,none,0.544,0.682,0.52,0.263,LOW,SYNTHETIC_DEMO_DATA
3033,Mumbai Coast,19.09317,72.73836,2026-01-04 03:48:08,26.655,-0.046,34.728,1.575,0.783,44.88,10.108,7.181,1019.276,99.909,0.803,7.075,1,cyclonic,0.305,0.746,0.684,0.295,LOW,SYNTHETIC_DEMO_DATA
3034,Odisha Coast,19.94791,86.0023,2026-01-04 06:42:59,28.079,0.378,31.018,1.258,0.885,102.35,8.893,11.65,1011.331,60.667,1.984,11.935,0,none,0.603,0.719,0.675,0.281,LOW,SYNTHETIC_DEMO_DATA
3035,Sundarbans,21.96955,89.38103,2026-01-04 09:37:50,27.22,0.319,23.282,1.04,0.396,84.44,5.799,9.748,1001.458,86.7,1.4,6.269,0,none,0.426,0.586,0.849,0.252,LOW,SYNTHETIC_DEMO_DATA
3036,Lakshadweep,10.38296,72.50913,2026-01-04 12:32:41,27.454,0.253,33.479,1.404,1.259,121.72,10.364,0.0,1006.767,83.908,0.718,7.303,0,none,0.439,0.588,0.766,0.246,LOW,SYNTHETIC_DEMO_DATA
3037,Andaman & Nicobar,11.6296,92.8594,2026-01-04 15:27:32,27.787,0.087,31.52,1.615,0.537,335.06,7.967,20.731,1002.743,75.335,1.726,12.222,1,anticyclonic,0.583,0.711,0.701,0.228,LOW,SYNTHETIC_DEMO_DATA
3038,Odisha Coast,19.85656,85.85912,2026-01-04 18:22:23,27.92,0.219,30.411,1.853,0.699,337.66,10.987,15.775,1010.397,95.826,1.038,10.892,0,none,0.526,0.692,0.758,0.287,LOW,SYNTHETIC_DEMO_DATA
3039,Visakhapatnam,18.03856,83.19408,2026-01-04 21:17:14,27.409,0.208,34.214,2.014,0.871,189.66,8.015,9.796,1010.141,41.555,1.0,6.337,0,none,0.301,0.631,0.703,0.242,LOW,SYNTHETIC_DEMO_DATA
3040,Odisha Coast,19.48977,85.76138,2026-01-05 00:12:05,28.261,0.56,29.55,2.845,0.665,336.98,18.999,20.488,1009.766,100.0,1.95,15.773,0,none,0.708,0.592,0.634,0.394,MEDIUM,SYNTHETIC_DEMO_DATA
3041,Chennai Coast,13.31334,80.34455,2026-01-05 03:06:56,28.11,0.209,33.649,2.136,0.865,164.45,13.416,16.365,1010.543,84.26,1.57,11.467,0,none,0.626,0.595,0.764,0.253,LOW,SYNTHETIC_DEMO_DATA
3042,Visakhapatnam,17.65313,83.34553,2026-01-05 06:01:48,27.015,-0.186,32.198,2.078,0.545,11.97,13.963,7.762,1008.502,91.998,1.316,12.51,0,none,0.485,0.711,0.75,0.199,LOW,SYNTHETIC_DEMO_DATA
3043,Chennai Coast,12.99761,80.39673,2026-01-05 08:56:39,28.006,0.105,33.771,1.347,0.718,235.53,10.064,19.887,1010.708,90.171,1.166,7.954,1,cyclonic,0.507,0.717,0.612,0.231,LOW,SYNTHETIC_DEMO_DATA
3044,Mumbai Coast,19.17095,72.65157,2026-01-05 11:51:30,27.923,1.222,33.657,1.714,0.446,7.79,12.314,16.404,999.606,80.088,1.548,12.572,0,none,0.466,0.56,0.584,0.508,MEDIUM,SYNTHETIC_DEMO_DATA
3045,Odisha Coast,19.78909,85.65289,2026-01-05 14:46:21,27.73,0.029,29.233,1.295,0.412,232.59,10.341,19.367,1014.889,52.257,0.473,9.346,0,none,0.396,0.614,0.73,0.223,LOW,SYNTHETIC_DEMO_DATA
3046,Andaman & Nicobar,11.8965,92.73493,2026-01-05 17:41:12,27.814,0.113,29.891,1.663,0.539,73.13,12.72,11.599,1015.67,75.634,1.055,8.61,0,none,0.407,0.548,0.675,0.208,LOW,SYNTHETIC_DEMO_DATA
3047,Goa Coast,15.78141,73.80022,2026-01-05 20:36:03,27.519,0.618,34.211,1.679,0.656,309.81,11.333,4.876,1023.135,48.564,0.769,8.863,0,none,0.394,0.672,0.571,0.388,MEDIUM,SYNTHETIC_DEMO_DATA
3048,Goa Coast,15.63429,74.18669,2026-01-05 23:30:54,28.099,1.198,34.529,2.561,0.811,307.89,11.909,14.41,1005.692,87.305,1.731,11.116,0,none,0.512,0.653,0.6,0.437,MEDIUM,SYNTHETIC_DEMO_DATA
3049,Odisha Coast,19.94718,85.98373,2026-01-06 02:25:45,27.116,-0.585,30.267,0.934,0.713,9.62,2.819,11.04,1002.811,80.292,1.361,11.177,0,none,0.498,0.491,0.612,0.374,MEDIUM,SYNTHETIC_DEMO_DATA
3050,Goa Coast,15.39394,73.85689,2026-01-06 05:20:36,27.486,0.585,34.604,2.189,0.3,258.51,16.685,7.007,1011.851,52.155,0.955,5.9,0,none,0.381,0.679,0.69,0.277,LOW,SYNTHETIC_DEMO_DATA
3051,Andaman & Nicobar,11.591,92.95382,2026-01-06 08:15:27,28.193,0.492,32.187,1.141,0.365,322.58,7.323,15.483,1014.285,80.244,1.408,6.157,1,cyclonic,0.527,0.688,0.703,0.305,MEDIUM,SYNTHETIC_DEMO_DATA
3052,Odisha Coast,19.92266,86.03758,2026-01-06 11:10:18,29.028,1.327,30.302,2.28,0.595,317.16,13.789,19.507,994.748,79.777,1.829,13.893,0,none,0.467,0.475,0.572,0.533,MEDIUM,SYNTHETIC_DEMO_DATA
3053,Goa Coast,15.45109,73.69387,2026-01-06 14:05:09,28.158,1.257,33.175,1.367,0.939,219.25,12.009,5.252,1020.439,92.122,1.115,8.323,0,none,0.434,0.622,0.515,0.385,MEDIUM,SYNTHETIC_DEMO_DATA
3054,Chennai Coast,13.06122,80.47838,2026-01-06 17:00:00,28.894,0.993,33.435,1.45,0.646,155.02,10.005,14.277,996.243,91.592,1.311,11.54,1,cyclonic,0.406,0.615,0.682,0.45,MEDIUM,SYNTHETIC_DEMO_DATA
3055,Goa Coast,15.51534,73.56458,2026-01-06 19:54:51,26.255,-0.646,32.026,1.58,1.093,181.69,6.324,19.641,1007.214,76.004,1.541,7.186,1,anticyclonic,0.526,0.538,0.655,0.391,MEDIUM,SYNTHETIC_DEMO_DATA
3056,Kerala Coast,9.91136,76.05073,2026-01-06 22:49:42,27.348,0.347,32.664,1.201,1.05,252.4,3.673,25.25,1011.852,71.844,2.059,14.969,0,none,0.604,0.751,0.673,0.321,MEDIUM,SYNTHETIC_DEMO_DATA
3057,Andaman & Nicobar,11.54824,93.05856,2026-01-07 01:44:33,27.709,0.008,32.215,1.222,0.681,46.46,7.398,18.466,1021.366,63.225,1.561,8.668,0,none,0.617,0.71,0.749,0.147,LOW,SYNTHETIC_DEMO_DATA
3058,Odisha Coast,19.769,86.0019,2026-01-07 04:39:24,27.392,-0.309,31.435,2.052,1.079,76.19,9.505,14.179,1015.709,52.305,1.127,7.006,0,none,0.299,0.74,0.754,0.258,LOW,SYNTHETIC_DEMO_DATA
3059,Chennai Coast,13.2224,80.45869,2026-01-07 07:34:16,28.716,0.815,34.095,1.511,0.825,54.88,15.217,0.0,1011.513,41.841,0.274,7.178,1,anticyclonic,0.142,0.486,0.731,0.417,MEDIUM,SYNTHETIC_DEMO_DATA
3060,Visakhapatnam,17.88432,83.51414,2026-01-07 10:29:07,25.712,-1.489,34.56,1.971,0.593,214.25,11.717,0.0,1013.951,67.351,1.122,5.717,0,none,0.382,0.555,0.388,0.492,MEDIUM,SYNTHETIC_DEMO_DATA
3061,Visakhapatnam,17.73797,83.03087,2026-01-07 13:23:58,25.834,-1.367,30.847,2.131,0.483,152.24,13.223,12.578,1014.27,70.615,0.69,12.088,1,anticyclonic,0.389,0.403,0.522,0.547,MEDIUM,SYNTHETIC_DEMO_DATA
3062,Chennai Coast,12.85961,79.9808,2026-01-07 16:18:49,28.887,0.986,35.537,1.63,0.982,125.81,16.232,0.0,1020.346,81.056,0.959,6.272,1,anticyclonic,0.617,0.665,0.634,0.38,MEDIUM,SYNTHETIC_DEMO_DATA
3063,Chennai Coast,13.09438,80.31639,2026-01-07 19:13:40,27.241,-0.66,30.581,1.793,1.323,71.99,12.716,28.105,1006.315,79.183,2.021,14.163,0,none,0.521,0.663,0.683,0.364,MEDIUM,SYNTHETIC_DEMO_DATA
3064,Odisha Coast,20.11055,85.84996,2026-01-07 22:08:31,27.022,-0.679,32.892,1.612,0.485,97.21,14.359,0.0,1015.23,76.065,1.496,9.039,0,none,0.295,0.484,0.618,0.411,MEDIUM,SYNTHETIC_DEMO_DATA
3065,Goa Coast,15.67233,73.65618,2026-01-08 01:03:22,26.002,-0.899,34.373,1.891,0.498,301.19,17.843,4.183,1013.187,48.185,1.144,9.792,1,anticyclonic,0.368,0.64,0.576,0.345,MEDIUM,SYNTHETIC_DEMO_DATA
3066,Mumbai Coast,18.87949,72.67027,2026-01-08 03:58:13,25.408,-1.293,32.954,1.09,1.185,92.3,9.009,15.986,1014.327,71.773,1.498,12.344,0,none,0.416,0.664,0.526,0.43,MEDIUM,SYNTHETIC_DEMO_DATA
3067,Andaman & Nicobar,11.62771,93.04636,2026-01-08 06:53:04,28.015,0.314,31.693,1.807,0.586,296.44,14.049,30.356,1011.145,88.99,2.556,16.658,1,cyclonic,0.596,0.586,0.752,0.308,MEDIUM,SYNTHETIC_DEMO_DATA
3068,Goa Coast,15.33644,73.92595,2026-01-08 09:47:55,25.414,-1.487,33.238,1.79,0.63,338.97,9.866,27.593,1000.72,74.151,1.689,20.842,1,cyclonic,0.626,0.562,0.512,0.593,MEDIUM,SYNTHETIC_DEMO_DATA
3069,Odisha Coast,20.46114,85.71416,2026-01-08 12:42:46,27.612,-0.089,30.62,0.976,0.715,135.41,11.462,10.921,1016.558,100.0,1.203,11.745,0,none,0.3,0.605,0.703,0.179,LOW,SYNTHETIC_DEMO_DATA
3070,Sundarbans,21.89886,89.4961,2026-01-08 15:37:37,26.947,0.046,21.521,2.051,0.806,120.59,8.583,5.112,1016.299,83.063,1.03,7.12,0,none,0.378,0.758,0.792,0.238,LOW,SYNTHETIC_DEMO_DATA
3071,Kerala Coast,9.93711,76.15801,2026-01-08 18:32:28,26.912,-0.089,34.388,0.829,0.761,105.37,6.055,27.744,1005.612,69.266,1.747,12.027,1,cyclonic,0.684,0.703,0.723,0.27,LOW,SYNTHETIC_DEMO_DATA
3072,Kerala Coast,10.20134,76.17153,2026-01-08 21:27:19,26.316,-0.685,33.575,0.976,0.843,1.55,8.12,12.871,1004.63,68.243,1.659,13.534,0,none,0.515,0.639,0.577,0.412,MEDIUM,SYNTHETIC_DEMO_DATA
3073,Visakhapatnam,17.48833,82.99209,2026-01-09 00:22:10,27.621,0.42,32.192,1.136,0.745,110.92,8.238,0.0,1012.347,68.855,0.22,1.583,0,none,0.263,0.765,0.737,0.2,LOW,SYNTHETIC_DEMO_DATA
3074,Goa Coast,15.7596,74.025,2026-01-09 03:17:01,27.682,0.781,34.158,2.257,1.127,343.48,16.173,6.161,1025.691,94.86,1.294,11.266,0,none,0.274,0.64,0.751,0.307,MEDIUM,SYNTHETIC_DEMO_DATA
3075,Mumbai Coast,18.7792,73.06169,2026-01-09 06:11:52,28.153,1.452,32.345,2.232,0.671,262.44,18.272,17.908,1002.761,84.308,1.456,15.612,1,cyclonic,0.44,0.666,0.536,0.536,MEDIUM,SYNTHETIC_DEMO_DATA
3076,Goa Coast,15.38153,74.25044,2026-01-09 09:06:44,26.835,-0.066,34.356,1.711,0.599,348.37,17.629,4.049,1005.183,65.539,1.053,10.094,0,none,0.442,0.728,0.824,0.16,LOW,SYNTHETIC_DEMO_DATA
3077,Odisha Coast,19.55641,85.71104,2026-01-09 12:01:35,27.051,-0.65,28.15,1.747,0.899,71.16,8.483,15.012,1006.642,87.294,1.101,12.041,1,anticyclonic,0.48,0.679,0.591,0.426,MEDIUM,SYNTHETIC_DEMO_DATA
3078,Andaman & Nicobar,11.81642,92.85109,2026-01-09 14:56:26,27.83,0.129,33.615,2.556,0.132,283.65,15.688,16.874,1011.169,66.44,1.631,10.553,0,none,0.369,0.653,0.751,0.24,LOW,SYNTHETIC_DEMO_DATA
3079,Visakhapatnam,18.11918,83.11699,2026-01-09 17:51:17,27.603,0.402,30.679,2.022,0.41,286.22,18.93,0.974,998.192,74.562,0.808,5.006,0,none,0.273,0.64,0.678,0.302,MEDIUM,SYNTHETIC_DEMO_DATA
3080,Kerala Coast,10.06834,75.91472,2026-01-09 20:46:08,27.963,0.962,32.21,1.749,0.879,204.33,16.4,28.14,1010.294,90.864,1.617,16.478,0,none,0.536,0.6,0.49,0.503,MEDIUM,SYNTHETIC_DEMO_DATA
3081,Kerala Coast,10.18702,76.24131,2026-01-09 23:40:59,26.752,-0.249,32.415,2.071,0.7,218.26,10.83,13.924,1006.838,75.208,1.272,10.433,0,none,0.438,0.711,0.623,0.249,LOW,SYNTHETIC_DEMO_DATA
3082,Andaman & Nicobar,11.89603,92.76253,2026-01-10 02:35:50,26.378,-1.323,31.326,1.999,1.221,109.24,14.613,1.399,1018.611,75.379,0.781,7.757,0,none,0.238,0.481,0.506,0.452,MEDIUM,SYNTHETIC_DEMO_DATA
3083,Visakhapatnam,17.55074,83.12096,2026-01-10 05:30:41,27.162,-0.039,33.122,0.747,0.725,242.59,9.068,23.57,1011.526,74.617,1.7,13.777,1,anticyclonic,0.494,0.872,0.645,0.281,LOW,SYNTHETIC_DEMO_DATA
3084,Visakhapatnam,17.44175,83.16728,2026-01-10 08:25:32,27.918,0.717,33.074,2.023,0.892,85.4,7.336,10.486,1003.147,71.251,0.483,1.815,0,none,0.335,0.673,0.666,0.292,LOW,SYNTHETIC_DEMO_DATA
3085,Chennai Coast,13.47153,80.28315,2026-01-10 11:20:23,29.342,1.441,34.388,1.83,0.794,156.29,7.029,5.898,1011.502,67.732,1.089,4.406,1,anticyclonic,0.312,0.449,0.651,0.442,MEDIUM,SYNTHETIC_DEMO_DATA
3086,Chennai Coast,13.41802,80.10687,2026-01-10 14:15:14,28.038,0.137,34.181,2.485,0.978,330.44,15.125,11.532,1002.232,80.404,1.033,9.511,0,none,0.361,0.737,0.753,0.232,LOW,SYNTHETIC_DEMO_DATA
3087,Odisha Coast,19.90813,85.73906,2026-01-10 17:10:05,27.289,-0.412,29.353,2.394,0.465,129.24,15.34,25.809,1009.767,91.967,1.656,13.402,1,cyclonic,0.611,0.828,0.677,0.383,MEDIUM,SYNTHETIC_DEMO_DATA
3088,Odisha Coast,19.51236,85.61585,2026-01-10 20:04:56,27.656,-0.045,29.506,2.781,0.723,357.74,13.789,14.269,1010.489,81.858,1.358,7.385,0,none,0.413,0.717,0.684,0.235,LOW,SYNTHETIC_DEMO_DATA
3089,Visakhapatnam,17.67476,83.29251,2026-01-10 22:59:47,28.476,1.275,32.576,1.682,1.152,347.62,9.105,16.461,1005.917,91.537,1.792,11.901,0,none,0.539,0.719,0.527,0.369,MEDIUM,SYNTHETIC_DEMO_DATA
3090,Kerala Coast,10.04817,75.91874,2026-01-11 01:54:38,27.112,0.111,36.297,1.302,1.23,193.44,3.827,7.423,995.383,86.544,0.718,7.963,0,none,0.356,0.677,0.723,0.229,LOW,SYNTHETIC_DEMO_DATA
3091,Chennai Coast,13.10897,80.53661,2026-01-11 04:49:29,27.544,-0.357,34.858,1.399,1.413,267.71,10.966,1.232,1012.685,61.466,1.149,6.189,0,none,0.379,0.904,0.658,0.196,LOW,SYNTHETIC_DEMO_DATA
3092,Chennai Coast,13.09453,80.39901,2026-01-11 07:44:20,27.835,-0.066,34.335,1.929,0.994,98.44,11.992,23.094,1014.781,82.401,1.583,12.17,1,cyclonic,0.538,0.878,0.767,0.215,LOW,SYNTHETIC_DEMO_DATA
3093,Goa Coast,15.51378,73.98385,2026-01-11 10:39:11,26.743,-0.158,33.428,2.225,0.656,125.41,9.602,18.773,1007.65,72.671,1.716,7.463,0,none,0.459,0.707,0.709,0.203,LOW,SYNTHETIC_DEMO_DATA
3094,Visakhapatnam,17.93727,83.48198,2026-01-11 13:34:03,26.922,-0.279,33.695,2.259,0.93,168.68,22.219,13.118,1000.426,72.748,1.892,13.127,0,none,0.6,0.831,0.598,0.268,LOW,SYNTHETIC_DEMO_DATA
3095,Lakshadweep,10.70072,72.63815,2026-01-11 16:28:54,27.397,0.196,33.703,1.839,0.655,51.34,9.265,19.489,1007.122,68.962,1.355,12.565,0,none,0.539,0.638,0.817,0.159,LOW,SYNTHETIC_DEMO_DATA
3096,Goa Coast,15.64884,73.86882,2026-01-11 19:23:45,26.945,0.044,33.437,1.814,1.303,306.61,11.198,17.776,1011.695,85.505,1.846,14.947,1,cyclonic,0.62,0.655,0.824,0.231,LOW,SYNTHETIC_DEMO_DATA
3097,Odisha Coast,20.12575,85.69931,2026-01-11 22:18:36,29.093,1.392,29.501,1.841,1.153,49.98,11.788,7.978,1005.855,71.803,1.503,11.154,1,cyclonic,0.589,0.591,0.608,0.517,MEDIUM,SYNTHETIC_DEMO_DATA
3098,Chennai Coast,13.29787,79.9464,2026-01-12 01:13:27,27.326,-0.575,32.988,2.825,1.002,22.02,17.292,5.047,1010.791,52.392,1.016,4.889,1,anticyclonic,0.34,0.725,0.599,0.319,MEDIUM,SYNTHETIC_DEMO_DATA
3099,Odisha Coast,19.45318,85.81735,2026-01-12 04:08:18,27.267,-0.434,28.28,1.82,0.58,184.64,7.426,20.459,1010.02,67.629,1.719,10.861,1,anticyclonic,0.562,0.784,0.78,0.365,MEDIUM,SYNTHETIC_DEMO_DATA
3100,Visakhapatnam,17.92141,83.31273,2026-01-12 07:03:09,26.159,-1.042,32.471,2.182,0.904,310.11,17.754,3.374,1013.252,77.481,1.068,9.391,1,cyclonic,0.403,0.357,0.686,0.465,MEDIUM,SYNTHETIC_DEMO_DATA
3101,Chennai Coast,12.66052,80.40482,2026-01-12 09:58:00,27.554,-0.347,32.716,1.162,0.681,348.38,5.679,8.092,1028.076,79.905,1.021,7.04,0,none,0.387,0.798,0.674,0.223,LOW,SYNTHETIC_DEMO_DATA
3102,Odisha Coast,19.66728,86.05104,2026-01-12 12:52:51,28.407,0.706,30.194,1.171,0.678,352.2,7.847,1.484,1017.592,70.566,1.175,3.397,1,anticyclonic,0.249,0.503,0.697,0.374,MEDIUM,SYNTHETIC_DEMO_DATA
3103,Sundarbans,21.90597,89.30306,2026-01-12 15:47:42,26.613,-0.288,20.714,2.118,0.766,217.14,9.166,10.523,1008.337,78.67,0.661,4.26,1,anticyclonic,0.338,0.613,0.792,0.361,MEDIUM,SYNTHETIC_DEMO_DATA
3104,Kerala Coast,9.91696,76.31917,2026-01-12 18:42:33,26.685,-0.316,33.391,1.322,0.951,89.27,8.581,17.56,1006.445,85.563,2.2,15.042,0,none,0.718,0.652,0.691,0.331,MEDIUM,SYNTHETIC_DEMO_DATA
3105,Goa Coast,15.18131,73.88164,2026-01-12 21:37:24,26.841,-0.06,33.454,1.444,0.34,158.51,12.183,0.0,1028.287,43.786,0.258,5.956,0,none,0.15,0.665,0.74,0.182,LOW,SYNTHETIC_DEMO_DATA
3106,Chennai Coast,13.48415,80.08184,2026-01-13 00:32:15,26.996,-0.905,35.573,1.225,0.925,209.32,9.365,3.216,1018.58,81.746,0.919,7.244,1,cyclonic,0.415,0.691,0.663,0.42,MEDIUM,SYNTHETIC_DEMO_DATA
3107,Andaman & Nicobar,11.61996,92.66849,2026-01-13 03:27:06,28.058,0.357,32.456,3.814,1.145,9.53,24.218,9.534,1017.352,86.544,1.351,9.563,0,none,0.311,0.462,0.819,0.27,LOW,SYNTHETIC_DEMO_DATA
3108,Chennai Coast,13.0192,80.28381,2026-01-13 06:21:57,27.687,-0.214,34.889,2.067,1.011,297.39,15.879,12.568,1019.228,82.041,1.177,13.558,0,none,0.447,0.869,0.674,0.229,LOW,SYNTHETIC_DEMO_DATA
3109,Lakshadweep,10.72368,72.52484,2026-01-13 09:16:48,27.8,0.599,33.805,1.225,0.877,321.94,10.257,6.803,1027.194,74.608,0.916,10.187,0,none,0.336,0.518,0.631,0.351,MEDIUM,SYNTHETIC_DEMO_DATA
3110,Visakhapatnam,17.51837,83.04585,2026-01-13 12:11:39,25.198,-2.003,33.243,2.289,0.716,158.43,11.08,6.664,1017.627,58.078,1.389,7.463,0,none,0.553,0.65,0.472,0.534,MEDIUM,SYNTHETIC_DEMO_DATA
3111,Mumbai Coast,18.83079,72.59523,2026-01-13 15:06:31,25.362,-1.339,32.455,1.956,1.223,95.46,11.393,12.581,1004.806,81.283,0.894,7.685,0,none,0.443,0.497,0.613,0.523,MEDIUM,SYNTHETIC_DEMO_DATA
3112,Goa Coast,15.72617,74.09611,2026-01-13 18:01:22,26.629,-0.272,30.804,1.415,0.986,227.89,5.589,18.402,1004.069,97.475,1.307,12.486,1,anticyclonic,0.387,0.784,0.449,0.303,MEDIUM,SYNTHETIC_DEMO_DATA
3113,Sundarbans,21.84325,89.2989,2026-01-13 20:56:13,26.893,-0.008,19.966,1.318,0.522,291.13,8.183,0.933,1007.218,77.096,1.5,4.693,0,none,0.362,0.706,0.816,0.196,LOW,SYNTHETIC_DEMO_DATA
3114,Lakshadweep,10.49091,72.71141,2026-01-13 23:51:04,25.73,-1.471,33.656,1.992,0.726,318.85,15.154,0.429,1008.942,61.274,0.716,2.269,0,none,0.411,0.586,0.63,0.469,MEDIUM,SYNTHETIC_DEMO_DATA
3115,Chennai Coast,13.06212,80.45573,2026-01-14 02:45:55,28.364,0.463,34.665,0.952,0.47,8.28,8.242,9.841,1009.798,65.053,1.073,6.312,0,none,0.363,0.622,0.717,0.259,LOW,SYNTHETIC_DEMO_DATA
3116,Kerala Coast,9.61143,76.09065,2026-01-14 05:40:46,26.355,-0.646,34.344,1.939,0.827,53.4,15.708,16.919,1019.234,63.052,1.377,11.787,1,anticyclonic,0.551,0.656,0.646,0.429,MEDIUM,SYNTHETIC_DEMO_DATA
3117,Gujarat Coast,22.38293,69.75917,2026-01-14 08:35:37,26.417,0.216,36.472,0.213,0.251,44.04,4.529,14.173,1006.794,65.028,1.295,7.194,0,none,0.635,0.793,0.778,0.234,LOW,SYNTHETIC_DEMO_DATA
3118,Gujarat Coast,21.99924,69.46355,2026-01-14 11:30:28,25.589,-0.612,37.595,1.78,0.439,10.36,14.756,0.0,1003.983,68.252,1.344,5.362,1,anticyclonic,0.447,0.708,0.737,0.361,MEDIUM,SYNTHETIC_DEMO_DATA
3119,Sundarbans,21.86442,88.91983,2026-01-14 14:25:19,27.86,0.959,20.91,1.411,0.814,118.18,1.469,15.785,1004.043,70.011,1.856,12.322,0,none,0.622,0.481,0.541,0.512,MEDIUM,SYNTHETIC_DEMO_DATA
3120,Andaman & Nicobar,11.68534,92.93748,2026-01-14 17:20:10,27.387,-0.314,34.193,1.964,1.001,149.63,15.726,20.858,1019.004,66.387,1.234,11.064,0,none,0.51,0.716,0.611,0.262,LOW,SYNTHETIC_DEMO_DATA
3121,Gujarat Coast,22.31969,69.40763,2026-01-14 20:15:01,27.415,1.214,37.326,1.355,0.835,301.09,8.146,7.818,1007.581,82.26,1.231,9.088,0,none,0.315,0.593,0.554,0.52,MEDIUM,SYNTHETIC_DEMO_DATA
3122,Lakshadweep,10.46177,72.83166,2026-01-14 23:09:52,29.063,1.862,33.404,0.768,0.124,72.37,4.628,11.184,1015.253,66.077,0.946,10.1,0,none,0.317,0.487,0.426,0.571,MEDIUM,SYNTHETIC_DEMO_DATA
3123,Kerala Coast,9.55082,76.40263,2026-01-15 02:04:43,28.591,1.59,32.928,1.294,1.239,278.83,12.213,13.633,1014.044,76.214,2.165,10.438,1,anticyclonic,0.521,0.46,0.55,0.574,MEDIUM,SYNTHETIC_DEMO_DATA
3124,Gujarat Coast,22.2805,69.13376,2026-01-15 04:59:34,25.646,-0.555,35.593,1.197,1.002,119.77,10.544,10.651,1031.695,68.314,1.48,6.791,1,cyclonic,0.343,0.731,0.605,0.296,LOW,SYNTHETIC_DEMO_DATA
3125,Kerala Coast,10.00394,76.22702,2026-01-15 07:54:25,26.729,-0.272,33.641,2.143,0.712,218.87,15.346,18.087,1007.995,55.531,1.303,16.321,1,anticyclonic,0.589,0.669,0.667,0.286,LOW,SYNTHETIC_DEMO_DATA
3126,Andaman & Nicobar,11.76879,92.53225,2026-01-15 10:49:16,27.615,-0.086,33.27,1.736,0.49,120.25,16.619,7.755,1010.132,83.836,1.51,12.94,1,anticyclonic,0.422,0.631,0.705,0.263,LOW,SYNTHETIC_DEMO_DATA
3127,Andaman & Nicobar,11.48675,92.68582,2026-01-15 13:44:07,26.135,-1.566,33.11,1.951,1.1,133.94,10.497,0.206,1010.731,71.665,1.761,5.395,0,none,0.429,0.645,0.618,0.352,MEDIUM,SYNTHETIC_DEMO_DATA
3128,Lakshadweep,10.37715,72.79344,2026-01-15 16:38:59,27.89,0.689,36.481,1.943,0.44,262.0,11.356,0.891,1014.802,78.027,1.174,8.379,0,none,0.362,0.57,0.796,0.247,LOW,SYNTHETIC_DEMO_DATA
3129,Mumbai Coast,18.94904,72.74874,2026-01-15 19:33:50,26.199,-0.502,34.86,2.088,0.875,224.43,16.441,6.326,1015.486,76.509,1.282,2.078,1,cyclonic,0.508,0.65,0.745,0.308,MEDIUM,SYNTHETIC_DEMO_DATA
3130,Goa Coast,15.39657,74.02766,2026-01-15 22:28:41,27.455,0.555,32.987,0.343,0.424,168.25,2.728,10.42,1014.674,74.272,0.953,5.405,0,none,0.468,0.588,0.671,0.267,LOW,SYNTHETIC_DEMO_DATA
3131,Chennai Coast,13.02006,80.39437,2026-01-16 01:23:32,29.404,1.503,33.103,1.941,0.541,156.99,11.216,6.133,992.498,78.342,1.033,8.79,0,none,0.387,0.463,0.449,0.537,MEDIUM,SYNTHETIC_DEMO_DATA
3132,Kerala Coast,9.77738,76.27706,2026-01-16 04:18:23,26.671,-0.33,34.188,2.116,0.816,310.68,5.988,24.705,1001.91,97.648,1.73,13.683,0,none,0.613,0.555,0.773,0.327,MEDIUM,SYNTHETIC_DEMO_DATA
3133,Goa Coast,15.37529,73.97683,2026-01-16 07:13:14,28.155,1.254,32.997,1.43,0.818,326.34,6.981,3.596,1020.184,73.703,1.218,7.648,1,anticyclonic,0.459,0.419,0.513,0.463,MEDIUM,SYNTHETIC_DEMO_DATA
3134,Sundarbans,22.13064,89.13556,2026-01-16 10:08:05,25.984,-0.917,19.591,1.669,0.995,322.02,5.066,33.0,1000.563,53.245,2.331,15.38,0,none,0.604,0.613,0.487,0.54,MEDIUM,SYNTHETIC_DEMO_DATA
3135,Goa Coast,15.37332,73.77213,2026-01-16 13:02:56,27.35,0.449,32.283,0.984,0.415,320.97,9.302,23.648,1020.237,56.934,1.81,10.993,0,none,0.627,0.741,0.567,0.309,MEDIUM,SYNTHETIC_DEMO_DATA
3136,Sundarbans,21.97444,89.09368,2026-01-16 15:57:47,27.282,0.381,21.539,2.118,0.795,349.1,18.702,14.865,1013.364,92.386,2.157,11.65,1,cyclonic,0.594,0.592,0.686,0.365,MEDIUM,SYNTHETIC_DEMO_DATA
3137,Mumbai Coast,18.95814,72.63507,2026-01-16 18:52:38,26.457,-0.244,31.693,1.969,0.555,185.41,9.454,25.427,1015.283,60.434,1.596,14.914,1,cyclonic,0.382,0.769,0.66,0.27,LOW,SYNTHETIC_DEMO_DATA
3138,Kerala Coast,9.87707,76.38556,2026-01-16 21:47:29,27.187,0.186,34.01,1.241,1.108,307.59,2.29,13.463,1009.936,84.5,1.294,5.675,0,none,0.384,0.842,0.707,0.222,LOW,SYNTHETIC_DEMO_DATA
3139,Kerala Coast,10.28817,76.28884,2026-01-17 00:42:20,27.946,0.945,32.875,1.684,1.005,128.69,14.855,26.299,1007.209,73.858,1.955,18.933,1,cyclonic,0.591,0.626,0.515,0.472,MEDIUM,SYNTHETIC_DEMO_DATA
3140,Kerala Coast,10.05841,76.31454,2026-01-17 03:37:11,26.933,-0.068,31.087,1.232,0.888,300.54,7.926,33.497,1000.089,83.972,1.767,13.831,0,none,0.55,0.856,0.641,0.262,LOW,SYNTHETIC_DEMO_DATA
3141,Kerala Coast,9.92198,76.27064,2026-01-17 06:32:02,24.662,-2.338,32.703,1.404,0.84,219.11,6.513,0.305,1010.636,48.442,1.009,4.385,1,cyclonic,0.425,0.462,0.482,0.68,HIGH,SYNTHETIC_DEMO_DATA
3142,Kerala Coast,9.88668,75.99469,2026-01-17 09:26:53,26.654,-0.347,30.825,2.238,0.933,189.13,14.164,31.529,1016.438,87.808,2.064,22.116,0,none,0.574,0.652,0.705,0.326,MEDIUM,SYNTHETIC_DEMO_DATA
3143,Kerala Coast,9.81413,76.38551,2026-01-17 12:21:44,27.644,0.643,33.536,1.713,0.727,51.46,11.59,9.442,1010.17,81.88,1.529,11.925,0,none,0.55,0.685,0.704,0.263,LOW,SYNTHETIC_DEMO_DATA
3144,Mumbai Coast,19.27527,72.9081,2026-01-17 15:16:35,26.85,0.15,33.675,2.47,0.749,283.18,17.559,31.91,993.069,98.237,1.873,19.04,0,none,0.499,0.668,0.75,0.265,LOW,SYNTHETIC_DEMO_DATA
3145,Goa Coast,15.10838,73.43363,2026-01-17 18:11:27,26.943,0.042,34.915,2.838,0.754,63.46,20.421,8.239,1005.239,70.604,0.75,11.986,0,none,0.308,0.727,0.62,0.31,MEDIUM,SYNTHETIC_DEMO_DATA
3146,Mumbai Coast,19.08181,72.70308,2026-01-17 21:06:18,27.748,1.047,32.014,1.632,0.685,54.36,5.559,15.948,998.928,71.362,1.735,10.431,1,cyclonic,0.607,0.721,0.594,0.434,MEDIUM,SYNTHETIC_DEMO_DATA
3147,Gujarat Coast,22.1027,69.96355,2026-01-18 00:01:09,27.275,1.074,35.398,1.36,0.539,20.6,4.983,7.452,1004.685,72.02,1.529,10.459,1,anticyclonic,0.356,0.643,0.599,0.521,MEDIUM,SYNTHETIC_DEMO_DATA
3148,Andaman & Nicobar,11.67353,92.67457,2026-01-18 02:56:00,27.25,-0.451,33.051,2.467,0.75,189.32,15.594,13.014,1003.186,63.252,1.415,11.696,0,none,0.61,0.79,0.771,0.32,MEDIUM,SYNTHETIC_DEMO_DATA
3149,Lakshadweep,10.43038,72.78029,2026-01-18 05:50:51,28.507,1.306,34.516,2.31,0.77,134.26,16.696,19.65,1005.635,67.351,1.662,15.316,1,anticyclonic,0.623,0.713,0.443,0.525,MEDIUM,SYNTHETIC_DEMO_DATA
3150,Odisha Coast,20.11562,85.68624,2026-01-18 08:45:42,26.625,-1.076,30.149,2.232,0.65,210.11,15.103,30.914,1017.195,91.219,1.675,11.895,0,none,0.529,0.57,0.591,0.504,MEDIUM,SYNTHETIC_DEMO_DATA
3151,Goa Coast,15.42129,73.83279,2026-01-18 11:40:33,26.982,0.081,33.42,1.397,0.822,220.92,10.889,13.541,1008.295,62.792,1.602,10.522,0,none,0.559,0.566,0.692,0.192,LOW,SYNTHETIC_DEMO_DATA
3152,Visakhapatnam,17.99723,83.37152,2026-01-18 14:35:24,27.456,0.255,33.143,1.134,0.73,168.27,7.747,0.0,1002.032,77.43,1.294,4.282,0,none,0.437,0.724,0.791,0.224,LOW,SYNTHETIC_DEMO_DATA
3153,Odisha Coast,19.85802,85.81828,2026-01-18 17:30:15,28.93,1.23,28.932,3.047,0.664,335.2,20.766,21.301,1000.151,63.585,2.122,16.853,1,anticyclonic,0.525,0.636,0.567,0.562,MEDIUM,SYNTHETIC_DEMO_DATA
3154,Goa Coast,15.39112,73.52039,2026-01-18 20:25:06,27.885,0.984,34.194,2.41,0.544,162.08,16.088,7.935,1015.999,65.469,1.844,10.255,0,none,0.41,0.708,0.543,0.442,MEDIUM,SYNTHETIC_DEMO_DATA
3155,Sundarbans,21.83443,89.28693,2026-01-18 23:19:57,28.585,1.684,21.744,1.189,0.407,313.43,11.183,21.051,1009.057,67.197,1.098,13.045,0,none,0.354,0.492,0.516,0.587,MEDIUM,SYNTHETIC_DEMO_DATA
3156,Andaman & Nicobar,11.93932,92.79123,2026-01-19 02:14:48,26.607,-1.094,33.519,2.475,0.831,133.92,12.358,16.281,1016.142,75.276,1.569,10.724,1,cyclonic,0.564,0.67,0.741,0.447,MEDIUM,SYNTHETIC_DEMO_DATA
3157,Goa Coast,15.43787,73.99429,2026-01-19 05:09:39,29.374,2.473,32.957,1.416,0.574,240.24,4.513,11.609,1020.635,82.795,0.84,14.812,1,cyclonic,0.28,0.384,0.466,0.686,HIGH,SYNTHETIC_DEMO_DATA
3158,Lakshadweep,10.66445,72.51043,2026-01-19 08:04:30,27.728,0.527,35.406,2.664,0.918,115.66,19.227,19.849,1007.714,44.212,1.424,12.754,1,cyclonic,0.433,0.63,0.667,0.334,MEDIUM,SYNTHETIC_DEMO_DATA
3159,Gujarat Coast,22.04326,69.74998,2026-01-19 10:59:21,28.128,1.927,37.704,1.699,0.686,59.09,13.454,0.0,1017.089,90.289,0.989,5.711,1,cyclonic,0.43,0.459,0.568,0.56,MEDIUM,SYNTHETIC_DEMO_DATA
3160,Andaman & Nicobar,11.98257,92.64142,2026-01-19 13:54:12,27.07,-0.631,32.448,2.019,0.27,126.58,11.062,3.693,1016.229,59.136,1.416,6.209,1,anticyclonic,0.32,0.684,0.71,0.29,LOW,SYNTHETIC_DEMO_DATA
3161,Odisha Coast,19.7282,85.36498,2026-01-19 16:49:03,27.358,-0.343,30.031,1.837,0.675,303.73,11.672,21.512,1006.29,66.143,1.394,12.228,0,none,0.458,0.819,0.645,0.251,LOW,SYNTHETIC_DEMO_DATA
3162,Andaman & Nicobar,11.70452,92.54806,2026-01-19 19:43:55,27.57,-0.131,29.519,1.717,0.877,137.12,9.901,41.654,996.778,82.908,2.281,19.1,1,anticyclonic,0.805,0.957,0.628,0.256,LOW,SYNTHETIC_DEMO_DATA
3163,Odisha Coast,19.60367,86.00813,2026-01-19 22:38:46,28.789,1.088,29.736,2.095,0.451,219.36,15.492,6.879,1014.873,71.881,1.038,10.917,1,cyclonic,0.405,0.556,0.481,0.489,MEDIUM,SYNTHETIC_DEMO_DATA
3164,Chennai Coast,12.88999,80.26329,2026-01-20 01:33:37,27.266,-0.635,33.666,1.839,0.84,136.05,8.372,15.936,1009.928,78.85,1.354,8.48,1,anticyclonic,0.455,0.65,0.741,0.329,MEDIUM,SYNTHETIC_DEMO_DATA
3165,Odisha Coast,19.89773,85.73708,2026-01-20 04:28:28,25.201,-2.5,31.459,2.325,1.055,260.72,15.033,7.712,1014.734,66.727,1.046,8.54,1,anticyclonic,0.331,0.34,0.36,0.75,HIGH,SYNTHETIC_DEMO_DATA
3166,Kerala Coast,10.12859,76.49313,2026-01-20 07:23:19,27.478,0.477,34.256,2.417,0.59,248.48,18.123,14.062,1011.697,93.134,1.424,11.609,0,none,0.395,0.648,0.637,0.336,MEDIUM,SYNTHETIC_DEMO_DATA
3167,Goa Coast,15.22771,74.0115,2026-01-20 10:18:10,27.376,0.475,31.073,2.42,1.138,349.9,15.272,8.838,1006.464,69.439,1.278,7.174,1,anticyclonic,0.429,0.565,0.735,0.354,MEDIUM,SYNTHETIC_DEMO_DATA
3168,Visakhapatnam,17.94825,83.32249,2026-01-20 13:13:01,28.38,1.179,33.165,2.039,0.623,108.55,11.055,4.691,1012.607,90.727,1.116,6.095,0,none,0.285,0.626,0.523,0.399,MEDIUM,SYNTHETIC_DEMO_DATA
3169,Andaman & Nicobar,11.91808,92.88407,2026-01-20 16:07:52,28.238,0.537,31.276,0.2,0.433,324.09,1.0,6.165,1005.078,75.948,1.295,11.497,0,none,0.374,0.652,0.672,0.275,LOW,SYNTHETIC_DEMO_DATA
3170,Gujarat Coast,22.27428,69.80879,2026-01-20 19:02:43,28.33,2.129,36.384,1.788,0.597,37.16,10.583,13.828,1016.966,80.128,0.848,11.429,1,anticyclonic,0.484,0.509,0.487,0.662,HIGH,SYNTHETIC_DEMO_DATA
3171,Gujarat Coast,22.27448,69.73684,2026-01-20 21:57:34,26.802,0.601,36.551,1.625,0.305,118.19,10.69,0.0,1012.042,68.75,1.426,2.973,1,anticyclonic,0.443,0.673,0.726,0.326,MEDIUM,SYNTHETIC_DEMO_DATA
3172,Lakshadweep,10.94784,72.68044,2026-01-21 00:52:25,27.348,0.147,32.925,2.294,0.852,23.73,13.221,7.069,1020.492,78.452,1.674,8.877,0,none,0.523,0.576,0.82,0.146,LOW,SYNTHETIC_DEMO_DATA
3173,Kerala Coast,10.20019,76.44702,2026-01-21 03:47:16,26.06,-0.941,32.576,1.899,0.638,239.33,14.214,33.44,1011.615,95.224,2.411,17.805,1,anticyclonic,0.433,0.71,0.478,0.516,MEDIUM,SYNTHETIC_DEMO_DATA
3174,Chennai Coast,13.13851,80.46807,2026-01-21 06:42:07,27.2,-0.701,32.239,2.559,0.668,322.99,14.871,0.0,1025.028,74.79,1.447,12.106,1,anticyclonic,0.27,0.722,0.737,0.336,MEDIUM,SYNTHETIC_DEMO_DATA
3175,Lakshadweep,10.7204,72.83351,2026-01-21 09:36:58,27.33,0.129,35.564,1.622,0.83,203.62,16.573,2.337,1006.731,100.0,0.736,4.57,0,none,0.232,0.759,0.642,0.117,LOW,SYNTHETIC_DEMO_DATA
3176,Mumbai Coast,18.84357,72.83004,2026-01-21 12:31:49,27.425,0.724,34.91,1.549,0.313,302.71,7.563,21.643,1005.563,83.902,2.407,15.617,0,none,0.519,0.759,0.547,0.438,MEDIUM,SYNTHETIC_DEMO_DATA
3177,Gujarat Coast,22.28367,69.42802,2026-01-21 15:26:40,26.205,0.004,37.663,1.875,0.792,132.91,10.648,0.0,1010.99,68.175,1.054,2.987,1,anticyclonic,0.286,0.644,0.794,0.246,LOW,SYNTHETIC_DEMO_DATA
3178,Visakhapatnam,17.80355,82.79863,2026-01-21 18:21:31,26.699,-0.502,33.133,1.912,0.761,243.01,13.175,19.778,1014.838,81.388,1.147,12.247,1,cyclonic,0.419,0.663,0.717,0.409,MEDIUM,SYNTHETIC_DEMO_DATA
3179,Visakhapatnam,17.63885,82.97456,2026-01-21 21:16:22,26.817,-0.383,32.505,1.701,1.008,47.12,7.939,13.38,1013.292,82.617,0.993,10.057,0,none,0.423,0.791,0.607,0.3,MEDIUM,SYNTHETIC_DEMO_DATA
3180,Odisha Coast,19.85895,85.82461,2026-01-22 00:11:14,26.137,-1.564,29.885,2.02,0.986,236.21,13.398,8.05,1028.728,43.442,1.269,4.335,1,cyclonic,0.295,0.514,0.6,0.579,MEDIUM,SYNTHETIC_DEMO_DATA
3181,Visakhapatnam,17.69338,83.09769,2026-01-22 03:06:05,28.021,0.82,32.28,2.92,0.709,216.97,19.409,6.944,1031.862,78.843,1.312,11.64,1,anticyclonic,0.312,0.614,0.55,0.466,MEDIUM,SYNTHETIC_DEMO_DATA
3182,Odisha Coast,19.83724,85.69835,2026-01-22 06:00:56,28.088,0.387,29.439,1.773,0.787,244.82,17.831,0.0,1009.259,68.858,0.605,5.948,0,none,0.319,0.755,0.768,0.263,LOW,SYNTHETIC_DEMO_DATA
3183,Goa Coast,15.77495,73.72287,2026-01-22 08:55:47,27.247,0.346,33.828,1.038,0.959,348.49,9.539,18.551,1004.709,86.353,1.74,10.63,0,none,0.458,0.664,0.535,0.292,LOW,SYNTHETIC_DEMO_DATA
3184,Sundarbans,22.13217,89.29401,2026-01-22 11:50:38,27.005,0.104,22.47,2.367,0.675,288.38,17.117,21.834,1009.451,58.599,1.683,14.661,1,cyclonic,0.456,0.721,0.756,0.35,MEDIUM,SYNTHETIC_DEMO_DATA
3185,Gujarat Coast,22.34985,69.614,2026-01-22 14:45:29,25.985,-0.216,33.131,1.628,0.885,136.36,10.204,9.277,1010.214,63.507,1.776,10.774,1,anticyclonic,0.561,0.797,0.747,0.265,LOW,SYNTHETIC_DEMO_DATA
3186,Lakshadweep,10.64559,72.57771,2026-01-22 17:40:20,27.426,0.225,34.76,1.927,0.478,344.56,13.796,2.13,1004.044,81.603,1.076,10.733,0,none,0.286,0.702,0.79,0.19,LOW,SYNTHETIC_DEMO_DATA
3187,Goa Coast,15.72155,73.97677,2026-01-22 20:35:11,26.267,-0.634,32.168,2.389,1.073,305.71,14.909,24.586,1005.804,53.151,1.655,17.452,1,cyclonic,0.492,0.745,0.555,0.424,MEDIUM,SYNTHETIC_DEMO_DATA
3188,Kerala Coast,9.68753,76.47638,2026-01-22 23:30:02,27.398,0.397,35.323,1.544,0.642,15.13,13.465,20.937,1007.458,72.253,1.011,9.164,1,cyclonic,0.569,0.795,0.647,0.355,MEDIUM,SYNTHETIC_DEMO_DATA
3189,Sundarbans,21.79013,89.16244,2026-01-23 02:24:53,27.496,0.595,22.335,3.041,0.553,317.42,22.55,20.59,1012.503,59.412,2.319,13.868,0,none,0.528,0.65,0.611,0.458,MEDIUM,SYNTHETIC_DEMO_DATA
3190,Andaman & Nicobar,11.96792,92.73816,2026-01-23 05:19:44,27.436,-0.265,32.246,1.74,0.525,80.17,14.089,14.758,999.759,70.755,1.007,11.936,0,none,0.495,0.628,0.827,0.302,MEDIUM,SYNTHETIC_DEMO_DATA
3191,Sundarbans,21.95601,89.25868,2026-01-23 08:14:35,26.24,-0.661,21.576,2.504,0.813,39.95,17.037,17.898,1016.91,55.17,2.266,13.7,0,none,0.713,0.783,0.654,0.426,MEDIUM,SYNTHETIC_DEMO_DATA
3192,Gujarat Coast,22.28268,69.70841,2026-01-23 11:09:26,27.501,1.3,34.973,1.146,1.586,193.2,12.556,5.667,1005.452,67.857,0.94,6.819,1,anticyclonic,0.356,0.498,0.388,0.579,MEDIUM,SYNTHETIC_DEMO_DATA
3193,Gujarat Coast,22.21186,69.67514,2026-01-23 14:04:17,26.333,0.132,34.653,2.663,0.892,295.08,12.469,0.0,1011.782,83.051,1.046,5.969,1,cyclonic,0.374,0.78,0.787,0.286,LOW,SYNTHETIC_DEMO_DATA
3194,Odisha Coast,19.46469,85.48314,2026-01-23 16:59:08,27.892,0.191,29.02,0.827,0.352,157.92,10.758,8.654,1005.228,61.974,1.5,7.674,0,none,0.559,0.724,0.742,0.243,LOW,SYNTHETIC_DEMO_DATA
3195,Goa Coast,15.31946,73.94268,2026-01-23 19:53:59,27.322,0.421,33.47,2.828,0.61,293.25,18.701,0.0,1013.5,76.359,0.449,6.617,0,none,0.354,0.667,0.632,0.262,LOW,SYNTHETIC_DEMO_DATA
3196,Odisha Coast,19.68639,85.81047,2026-01-23 22:48:50,28.566,0.865,30.857,0.91,0.858,136.14,7.113,10.038,1002.382,52.449,0.763,5.137,0,none,0.424,0.606,0.69,0.365,MEDIUM,SYNTHETIC_DEMO_DATA
3197,Visakhapatnam,17.54302,83.41211,2026-01-24 01:43:42,27.857,0.656,32.701,1.932,0.481,274.01,14.554,9.246,1002.478,68.076,1.279,6.285,1,anticyclonic,0.453,0.645,0.739,0.306,MEDIUM,SYNTHETIC_DEMO_DATA
3198,Andaman & Nicobar,11.54276,92.58706,2026-01-24 04:38:33,28.037,0.336,34.774,2.166,1.104,198.68,17.212,22.789,1006.204,74.29,2.191,16.175,1,cyclonic,0.566,0.721,0.752,0.348,MEDIUM,SYNTHETIC_DEMO_DATA
3199,Lakshadweep,10.81211,72.54681,2026-01-24 07:33:24,26.749,-0.452,34.608,1.634,0.651,323.4,7.86,3.455,1012.956,84.059,1.107,8.938,0,none,0.413,0.873,0.79,0.313,MEDIUM,SYNTHETIC_DEMO_DATA
3200,Visakhapatnam,17.47693,83.49825,2026-01-24 10:28:15,26.94,-0.261,31.106,1.298,0.341,81.65,12.152,20.423,1007.227,85.953,1.878,12.361,1,anticyclonic,0.568,0.771,0.716,0.318,MEDIUM,SYNTHETIC_DEMO_DATA
3201,Lakshadweep,10.69475,72.38909,2026-01-24 13:23:06,27.593,0.392,32.877,1.466,0.854,198.57,7.196,22.72,1010.053,100.0,1.224,11.549,1,anticyclonic,0.59,0.615,0.704,0.36,MEDIUM,SYNTHETIC_DEMO_DATA
3202,Lakshadweep,10.70015,72.92428,2026-01-24 16:17:57,27.913,0.712,33.401,2.296,0.887,139.39,15.141,3.309,1020.943,84.121,1.132,5.463,0,none,0.455,0.754,0.711,0.26,LOW,SYNTHETIC_DEMO_DATA
3203,Goa Coast,15.26769,73.67411,2026-01-24 19:12:48,27.449,0.548,31.654,1.697,0.896,231.26,12.973,22.285,1009.402,79.533,2.085,16.122,1,anticyclonic,0.486,0.693,0.748,0.306,MEDIUM,SYNTHETIC_DEMO_DATA
3204,Odisha Coast,19.94929,86.00405,2026-01-24 22:07:39,27.694,-0.007,30.871,2.264,0.636,168.54,13.639,17.766,993.967,77.228,1.912,7.865,1,anticyclonic,0.424,0.742,0.753,0.338,MEDIUM,SYNTHETIC_DEMO_DATA
3205,Visakhapatnam,17.67396,83.29723,2026-01-25 01:02:30,28.778,1.577,33.766,1.593,0.524,109.92,16.095,7.665,1025.467,85.25,1.173,8.011,0,none,0.528,0.574,0.55,0.523,MEDIUM,SYNTHETIC_DEMO_DATA
3206,Gujarat Coast,22.50922,69.27381,2026-01-25 03:57:21,25.516,-0.685,31.76,1.773,0.246,259.13,14.479,10.436,1012.658,64.078,0.916,10.395,0,none,0.413,0.692,0.533,0.38,MEDIUM,SYNTHETIC_DEMO_DATA
3207,Lakshadweep,10.28897,72.2952,2026-01-25 06:52:12,26.27,-0.931,35.127,1.467,0.756,95.93,11.228,0.0,1011.674,71.126,0.492,0.841,0,none,0.201,0.543,0.622,0.369,MEDIUM,SYNTHETIC_DEMO_DATA
3208,Andaman & Nicobar,11.83383,92.40401,2026-01-25 09:47:03,28.38,0.679,32.325,2.264,0.986,135.21,18.344,17.937,1012.296,67.184,1.893,12.681,1,anticyclonic,0.654,0.513,0.709,0.383,MEDIUM,SYNTHETIC_DEMO_DATA
3209,Kerala Coast,9.82317,76.14073,2026-01-25 12:41:54,28.099,1.098,33.676,1.502,0.887,341.17,15.399,27.224,1001.525,82.461,1.676,15.921,1,cyclonic,0.47,0.619,0.578,0.531,MEDIUM,SYNTHETIC_DEMO_DATA
3210,Visakhapatnam,17.58395,82.91721,2026-01-25 15:36:45,26.952,-0.249,35.149,2.247,0.751,357.63,19.234,13.408,1006.305,81.186,1.371,14.934,0,none,0.448,0.615,0.61,0.275,LOW,SYNTHETIC_DEMO_DATA
3211,Lakshadweep,10.5423,72.56703,2026-01-25 18:31:36,25.937,-1.264,36.08,2.339,0.915,110.4,13.418,0.0,996.346,67.945,0.743,3.756,1,cyclonic,0.363,0.631,0.469,0.479,MEDIUM,SYNTHETIC_DEMO_DATA
3212,Visakhapatnam,17.76712,83.06363,2026-01-25 21:26:27,27.248,0.047,33.708,2.108,0.728,354.94,12.308,0.26,1013.42,58.841,0.332,6.198,0,none,0.324,0.615,0.81,0.138,LOW,SYNTHETIC_DEMO_DATA
3213,Chennai Coast,12.67729,80.20042,2026-01-26 00:21:18,27.656,-0.245,34.427,2.187,1.354,122.1,18.583,0.0,1006.564,85.85,0.809,0.5,0,none,0.325,0.663,0.722,0.229,LOW,SYNTHETIC_DEMO_DATA
3214,Lakshadweep,10.49775,72.60945,2026-01-26 03:16:10,27.203,0.002,33.822,2.077,0.05,345.05,20.142,4.017,1022.155,55.335,1.527,7.202,1,anticyclonic,0.482,0.81,0.789,0.231,LOW,SYNTHETIC_DEMO_DATA
3215,Mumbai Coast,18.69608,72.72252,2026-01-26 06:11:01,27.417,0.716,35.369,1.505,0.694,232.84,9.243,11.971,1009.829,94.584,1.514,10.379,0,none,0.398,0.58,0.701,0.371,MEDIUM,SYNTHETIC_DEMO_DATA
3216,Visakhapatnam,17.88575,83.32418,2026-01-26 09:05:52,27.494,0.293,33.723,2.341,0.477,334.48,19.683,0.0,1022.743,67.373,0.584,2.632,0,none,0.339,0.671,0.624,0.25,LOW,SYNTHETIC_DEMO_DATA
3217,Sundarbans,22.04978,89.33884,2026-01-26 12:00:43,27.551,0.65,21.065,1.699,1.312,340.1,9.957,14.859,1015.356,60.621,1.458,10.744,0,none,0.283,0.673,0.587,0.37,MEDIUM,SYNTHETIC_DEMO_DATA
3218,Kerala Coast,9.92231,76.00484,2026-01-26 14:55:34,27.98,0.979,34.111,1.097,0.664,283.93,6.521,19.104,1000.157,74.155,1.108,8.483,1,cyclonic,0.375,0.675,0.664,0.479,MEDIUM,SYNTHETIC_DEMO_DATA
3219,Lakshadweep,10.84232,72.45567,2026-01-26 17:50:25,26.924,-0.277,36.044,2.269,0.687,173.19,13.757,1.12,1004.82,75.103,0.814,8.569,1,anticyclonic,0.368,0.63,0.624,0.29,LOW,SYNTHETIC_DEMO_DATA
3220,Kerala Coast,10.0953,76.24536,2026-01-26 20:45:16,26.915,-0.086,32.081,1.275,0.755,226.3,6.067,18.99,1014.593,83.784,1.567,8.667,0,none,0.491,0.832,0.737,0.258,LOW,SYNTHETIC_DEMO_DATA
3221,Gujarat Coast,22.34457,69.36834,2026-01-26 23:40:07,25.201,-1.0,33.314,1.539,0.802,160.43,10.179,11.687,1007.512,87.379,0.543,9.674,0,none,0.212,0.551,0.629,0.458,MEDIUM,SYNTHETIC_DEMO_DATA
3222,Visakhapatnam,17.78928,83.10838,2026-01-27 02:34:58,27.005,-0.196,32.162,1.202,0.869,58.3,10.948,16.659,1011.151,68.218,1.33,13.132,1,anticyclonic,0.52,0.625,0.778,0.323,MEDIUM,SYNTHETIC_DEMO_DATA
3223,Goa Coast,15.37503,74.11988,2026-01-27 05:29:49,25.677,-1.224,31.659,1.81,1.0,219.26,11.319,0.0,991.087,83.156,1.516,5.699,0,none,0.488,0.645,0.717,0.326,MEDIUM,SYNTHETIC_DEMO_DATA
3224,Goa Coast,15.13222,73.54318,2026-01-27 08:24:40,27.903,1.002,32.388,1.625,0.327,179.75,18.003,17.654,1019.153,83.078,0.928,7.501,0,none,0.455,0.754,0.543,0.385,MEDIUM,SYNTHETIC_DEMO_DATA
3225,Gujarat Coast,22.56321,69.49782,2026-01-27 11:19:31,25.016,-1.185,37.871,2.842,0.553,141.07,18.909,1.438,1009.038,89.558,0.692,3.67,0,none,0.226,0.656,0.478,0.506,MEDIUM,SYNTHETIC_DEMO_DATA
3226,Goa Coast,15.67291,74.09348,2026-01-27 14:14:22,29.334,2.433,32.946,2.503,0.545,226.44,20.246,14.758,999.345,92.11,0.664,12.06,1,anticyclonic,0.32,0.404,0.477,0.695,HIGH,SYNTHETIC_DEMO_DATA
3227,Mumbai Coast,19.09865,72.87721,2026-01-27 17:09:13,26.793,0.093,34.674,2.275,0.581,18.66,11.359,35.679,1004.875,83.885,1.851,16.114,0,none,0.678,0.881,0.663,0.245,LOW,SYNTHETIC_DEMO_DATA
3228,Chennai Coast,13.63403,80.14196,2026-01-27 20:04:04,28.8,0.899,33.916,1.94,0.579,139.45,13.336,5.535,1014.262,65.96,1.53,9.974,0,none,0.501,0.67,0.694,0.315,MEDIUM,SYNTHETIC_DEMO_DATA
3229,Goa Coast,15.48571,74.00587,2026-01-27 22:58:55,26.744,-0.157,34.07,2.689,1.088,255.64,21.436,6.303,1024.538,71.13,1.184,6.603,0,none,0.472,0.835,0.791,0.197,LOW,SYNTHETIC_DEMO_DATA
3230,Andaman & Nicobar,11.69669,92.675,2026-01-28 01:53:46,26.608,-1.093,33.502,0.711,1.098,136.14,6.052,3.07,1021.824,93.811,0.977,12.099,1,anticyclonic,0.428,0.677,0.573,0.436,MEDIUM,SYNTHETIC_DEMO_DATA
3231,Andaman & Nicobar,12.18471,92.82024,2026-01-28 04:48:38,26.367,-1.334,33.489,1.958,0.999,182.33,14.135,7.456,995.742,82.292,1.501,11.839,0,none,0.402,0.458,0.48,0.478,MEDIUM,SYNTHETIC_DEMO_DATA
3232,Visakhapatnam,17.7031,83.30041,2026-01-28 07:43:29,27.233,0.032,33.719,2.292,0.808,162.67,12.851,2.488,1022.574,77.828,0.752,5.139,1,cyclonic,0.474,0.712,0.7,0.179,LOW,SYNTHETIC_DEMO_DATA
3233,Gujarat Coast,22.64529,69.79329,2026-01-28 10:38:20,26.891,0.69,35.813,1.74,0.075,156.31,12.701,0.0,1023.224,71.236,1.029,4.184,0,none,0.429,0.485,0.682,0.31,MEDIUM,SYNTHETIC_DEMO_DATA
3234,Sundarbans,21.69969,89.12188,2026-01-28 13:33:11,26.743,-0.158,22.816,2.571,0.702,182.01,14.512,18.173,1014.034,66.625,1.859,9.861,1,cyclonic,0.586,0.728,0.682,0.436,MEDIUM,SYNTHETIC_DEMO_DATA
3235,Mumbai Coast,19.10323,73.01172,2026-01-28 16:28:02,26.401,-0.3,32.503,1.508,1.328,55.46,12.305,15.307,1001.041,84.957,1.076,11.755,0,none,0.464,0.616,0.746,0.209,LOW,SYNTHETIC_DEMO_DATA
3236,Mumbai Coast,18.82358,73.05535,2026-01-28 19:22:53,28.343,1.642,32.715,1.784,0.476,239.92,12.03,29.265,1006.552,80.714,2.332,16.788,0,none,0.549,0.468,0.563,0.557,MEDIUM,SYNTHETIC_DEMO_DATA
3237,Chennai Coast,12.8451,80.31057,2026-01-28 22:17:44,28.669,0.768,34.131,2.178,0.798,324.88,11.051,7.687,1024.081,96.418,0.848,6.557,0,none,0.326,0.6,0.553,0.347,MEDIUM,SYNTHETIC_DEMO_DATA
3238,Lakshadweep,10.58875,72.84545,2026-01-29 01:12:35,25.678,-1.523,35.977,1.711,0.791,325.54,12.503,3.952,999.73,58.39,1.812,8.905,0,none,0.507,0.778,0.527,0.405,MEDIUM,SYNTHETIC_DEMO_DATA
3239,Andaman & Nicobar,11.22901,92.24658,2026-01-29 04:07:26,29.782,2.081,31.737,2.372,0.534,160.17,11.132,25.355,1000.869,78.375,1.513,12.807,1,cyclonic,0.606,0.504,0.559,0.619,HIGH,SYNTHETIC_DEMO_DATA
3240,Sundarbans,21.93359,89.07385,2026-01-29 07:02:17,26.435,-0.466,19.167,2.476,0.37,9.45,14.588,32.495,1011.674,76.777,1.603,19.33,1,anticyclonic,0.559,0.485,0.679,0.44,MEDIUM,SYNTHETIC_DEMO_DATA
3241,Visakhapatnam,17.58026,83.23014,2026-01-29 09:57:08,27.587,0.386,32.963,1.788,0.805,207.59,14.237,11.006,1017.446,45.14,1.724,7.369,0,none,0.38,0.849,0.717,0.229,LOW,SYNTHETIC_DEMO_DATA
3242,Visakhapatnam,17.71272,83.33051,2026-01-29 12:51:59,26.549,-0.652,31.524,1.746,0.623,293.98,11.874,15.416,1000.825,88.273,1.349,12.246,0,none,0.509,0.624,0.703,0.337,MEDIUM,SYNTHETIC_DEMO_DATA
3243,Andaman & Nicobar,11.8835,92.60316,2026-01-29 15:46:50,27.603,-0.098,30.817,2.185,0.872,308.87,14.55,16.067,1016.706,83.971,1.628,13.486,0,none,0.568,0.853,0.71,0.188,LOW,SYNTHETIC_DEMO_DATA
3244,Mumbai Coast,19.07156,72.55199,2026-01-29 18:41:41,25.035,-1.666,34.874,1.716,0.821,27.85,5.226,23.899,999.093,96.614,1.442,9.056,0,none,0.549,0.611,0.552,0.488,MEDIUM,SYNTHETIC_DEMO_DATA
3245,Goa Coast,15.5604,73.60263,2026-01-29 21:36:32,27.596,0.695,34.312,2.513,0.606,259.94,18.961,9.082,998.759,72.779,1.393,6.394,1,cyclonic,0.404,0.801,0.587,0.288,LOW,SYNTHETIC_DEMO_DATA
3246,Andaman & Nicobar,11.61241,92.74259,2026-01-30 00:31:23,28.386,0.685,32.115,1.964,0.28,40.04,12.126,25.391,996.94,79.495,2.222,14.007,1,anticyclonic,0.516,0.596,0.634,0.378,MEDIUM,SYNTHETIC_DEMO_DATA
3247,Goa Coast,15.65412,73.74584,2026-01-30 03:26:14,26.815,-0.086,32.534,1.593,0.953,98.33,10.191,19.097,1010.664,86.373,1.154,6.545,1,anticyclonic,0.308,0.715,0.776,0.253,LOW,SYNTHETIC_DEMO_DATA
3248,Sundarbans,21.93306,88.85682,2026-01-30 06:21:06,27.55,0.649,21.031,2.522,0.87,324.78,19.369,15.942,1005.958,100.0,2.177,10.869,1,cyclonic,0.42,0.819,0.721,0.45,MEDIUM,SYNTHETIC_DEMO_DATA
3249,Odisha Coast,19.71132,85.70815,2026-01-30 09:15:57,27.9,0.199,29.379,1.019,0.532,157.01,1.0,7.628,1004.393,77.742,1.481,8.677,0,none,0.341,0.507,0.761,0.215,LOW,SYNTHETIC_DEMO_DATA
3250,Chennai Coast,13.05299,80.3136,2026-01-30 12:10:48,28.269,0.368,33.466,1.627,0.509,139.57,11.384,0.0,1014.552,68.72,0.565,5.381,1,anticyclonic,0.393,0.577,0.786,0.301,MEDIUM,SYNTHETIC_DEMO_DATA
3251,Chennai Coast,13.28252,80.04476,2026-01-30 15:05:39,28.422,0.521,34.302,2.084,0.925,0.49,13.469,5.371,1014.994,83.425,1.17,10.361,1,anticyclonic,0.382,0.661,0.769,0.324,MEDIUM,SYNTHETIC_DEMO_DATA
3252,Goa Coast,15.79381,73.92433,2026-01-30 18:00:30,26.446,-0.455,33.985,1.728,0.293,110.06,5.451,9.097,1012.003,90.044,1.375,9.223,0,none,0.266,0.529,0.726,0.271,LOW,SYNTHETIC_DEMO_DATA
3253,Odisha Coast,19.98385,85.98291,2026-01-30 20:55:21,28.04,0.339,29.927,1.267,0.341,262.79,12.846,6.011,998.829,76.799,1.075,9.199,1,anticyclonic,0.484,0.685,0.679,0.355,MEDIUM,SYNTHETIC_DEMO_DATA
3254,Chennai Coast,13.03292,80.50973,2026-01-30 23:50:12,28.018,0.117,34.983,1.855,0.606,29.92,15.967,7.897,1019.685,58.387,0.102,12.5,1,anticyclonic,0.189,0.592,0.687,0.303,MEDIUM,SYNTHETIC_DEMO_DATA
3255,Visakhapatnam,17.97588,82.95095,2026-01-31 02:45:03,27.875,0.674,30.619,1.628,0.544,53.01,10.611,17.25,1008.568,96.718,1.678,10.982,0,none,0.472,0.688,0.647,0.353,MEDIUM,SYNTHETIC_DEMO_DATA
3256,Odisha Coast,19.87172,85.95066,2026-01-31 05:39:54,28.308,0.607,30.679,1.234,0.748,41.39,6.252,16.863,1007.653,68.191,0.585,9.678,0,none,0.35,0.656,0.683,0.308,MEDIUM,SYNTHETIC_DEMO_DATA
3257,Odisha Coast,19.79371,85.92355,2026-01-31 08:34:45,28.242,0.541,31.795,1.105,0.167,210.25,12.298,16.352,1008.321,66.295,1.37,10.096,1,anticyclonic,0.458,0.772,0.605,0.403,MEDIUM,SYNTHETIC_DEMO_DATA
3258,Odisha Coast,20.21702,85.53589,2026-01-31 11:29:36,26.0,-1.701,28.476,1.686,0.838,7.18,12.928,0.0,1017.175,72.435,0.978,6.085,1,anticyclonic,0.463,0.508,0.512,0.595,MEDIUM,SYNTHETIC_DEMO_DATA
3259,Mumbai Coast,18.73856,72.58714,2026-01-31 14:24:27,26.725,0.024,35.27,2.081,0.727,57.36,10.78,14.223,1016.874,64.795,1.437,8.008,0,none,0.463,0.759,0.694,0.181,LOW,SYNTHETIC_DEMO_DATA
3260,Kerala Coast,9.85715,76.32415,2026-01-31 17:19:18,27.137,0.136,32.167,1.307,0.829,78.48,11.604,25.775,1013.459,47.822,2.156,14.38,0,none,0.468,0.688,0.747,0.259,LOW,SYNTHETIC_DEMO_DATA
3261,Kerala Coast,10.20528,75.85538,2026-01-31 20:14:09,26.768,-0.233,32.839,1.753,1.012,7.29,10.753,19.11,1009.589,57.782,2.074,13.023,0,none,0.617,0.792,0.687,0.25,LOW,SYNTHETIC_DEMO_DATA
3262,Kerala Coast,9.70418,75.88176,2026-01-31 23:09:00,27.82,0.819,30.705,2.212,0.7,246.38,15.826,26.798,1009.056,87.218,2.19,15.744,0,none,0.561,0.635,0.49,0.437,MEDIUM,SYNTHETIC_DEMO_DATA
3263,Goa Coast,15.48636,73.81404,2026-02-01 02:03:51,28.094,0.644,35.728,2.007,0.479,237.58,5.902,6.113,1016.641,52.682,1.472,5.441,0,none,0.355,0.623,0.628,0.306,MEDIUM,SYNTHETIC_DEMO_DATA
3264,Andaman & Nicobar,11.74544,92.54909,2026-02-01 04:58:42,28.206,-0.044,31.521,2.975,0.564,52.59,15.137,8.847,1016.896,64.459,1.039,10.026,0,none,0.329,0.703,0.658,0.22,LOW,SYNTHETIC_DEMO_DATA
3265,Mumbai Coast,18.53712,72.65861,2026-02-01 07:53:34,27.778,0.528,31.675,2.419,0.538,13.98,17.003,13.64,996.127,87.594,1.752,12.391,0,none,0.617,0.679,0.662,0.353,MEDIUM,SYNTHETIC_DEMO_DATA
3266,Gujarat Coast,21.73067,69.40369,2026-02-01 10:48:25,26.771,0.021,34.71,1.238,1.038,295.1,12.769,13.057,1009.232,63.965,0.732,9.423,0,none,0.463,0.728,0.693,0.227,LOW,SYNTHETIC_DEMO_DATA
3267,Goa Coast,15.59114,73.53061,2026-02-01 13:43:16,26.869,-0.581,33.656,2.688,1.136,69.13,15.832,14.005,1010.397,75.267,1.873,9.865,0,none,0.363,0.716,0.638,0.322,MEDIUM,SYNTHETIC_DEMO_DATA
3268,Gujarat Coast,22.15891,69.92992,2026-02-01 16:38:07,26.044,-0.706,35.373,2.587,0.813,237.04,21.763,0.0,1012.229,69.992,1.102,6.09,0,none,0.41,0.698,0.595,0.363,MEDIUM,SYNTHETIC_DEMO_DATA
3269,Odisha Coast,19.60305,86.0334,2026-02-01 19:32:58,27.709,-0.541,26.944,2.478,0.732,35.06,17.648,17.309,1020.018,81.621,1.829,13.922,1,anticyclonic,0.621,0.595,0.618,0.418,MEDIUM,SYNTHETIC_DEMO_DATA
3270,Lakshadweep,10.57367,72.57618,2026-02-01 22:27:49,26.073,-1.677,33.585,1.594,0.913,5.02,16.013,3.554,1001.063,67.916,0.05,5.143,0,none,0.244,0.583,0.442,0.442,MEDIUM,SYNTHETIC_DEMO_DATA
3271,Odisha Coast,19.48481,85.83056,2026-02-02 01:22:40,28.301,0.051,30.123,1.748,0.607,21.57,3.174,0.0,1015.771,90.288,1.332,3.04,0,none,0.409,0.699,0.744,0.18,LOW,SYNTHETIC_DEMO_DATA
3272,Kerala Coast,9.85077,76.32652,2026-02-02 04:17:31,26.856,-0.694,31.806,1.75,1.009,269.5,16.046,18.436,1012.625,78.887,1.677,12.853,1,anticyclonic,0.418,0.57,0.622,0.42,MEDIUM,SYNTHETIC_DEMO_DATA
3273,Gujarat Coast,22.01562,69.60066,2026-02-02 07:12:22,27.297,0.547,36.97,1.678,0.582,356.33,16.579,5.329,1010.732,67.489,1.505,5.234,0,none,0.453,0.634,0.66,0.363,MEDIUM,SYNTHETIC_DEMO_DATA
3274,Kerala Coast,10.10047,76.69923,2026-02-02 10:07:13,27.297,-0.253,32.709,1.734,0.638,50.05,14.214,0.0,992.193,70.405,0.498,2.596,1,cyclonic,0.502,0.745,0.792,0.238,LOW,SYNTHETIC_DEMO_DATA
3275,Visakhapatnam,17.95067,83.01363,2026-02-02 13:02:04,27.508,-0.242,34.118,1.318,0.754,37.56,12.759,6.669,1014.579,83.708,1.954,7.051,1,anticyclonic,0.467,0.616,0.589,0.28,LOW,SYNTHETIC_DEMO_DATA
3276,Lakshadweep,10.5111,72.56924,2026-02-02 15:56:55,27.793,0.043,35.542,2.645,0.91,147.98,18.461,13.951,1016.042,70.501,1.999,13.691,0,none,0.58,0.828,0.765,0.183,LOW,SYNTHETIC_DEMO_DATA
3277,Sundarbans,21.71479,89.02615,2026-02-02 18:51:46,28.403,0.953,19.957,1.548,0.794,155.55,5.955,11.929,1008.753,75.021,2.033,8.649,0,none,0.522,0.682,0.652,0.419,MEDIUM,SYNTHETIC_DEMO_DATA
3278,Visakhapatnam,17.79528,83.34032,2026-02-02 21:46:37,28.745,0.995,30.68,2.213,0.71,353.38,21.184,7.691,1014.918,70.616,1.555,11.242,0,none,0.489,0.73,0.623,0.402,MEDIUM,SYNTHETIC_DEMO_DATA
3279,Lakshadweep,10.54999,72.90294,2026-02-03 00:41:28,28.1,0.35,35.446,0.834,0.442,178.91,4.242,1.912,1008.816,71.424,0.75,4.834,0,none,0.277,0.728,0.636,0.16,LOW,SYNTHETIC_DEMO_DATA
3280,Goa Coast,15.41887,73.88181,2026-02-03 03:36:19,27.599,0.149,31.507,2.254,0.791,228.39,13.703,22.998,1014.289,65.477,1.627,14.958,1,cyclonic,0.67,0.725,0.687,0.315,MEDIUM,SYNTHETIC_DEMO_DATA
3281,Sundarbans,21.95233,88.71566,2026-02-03 06:31:10,27.037,-0.413,19.695,1.605,0.265,336.54,9.602,34.182,1002.548,78.593,1.646,19.501,0,none,0.55,0.696,0.699,0.391,MEDIUM,SYNTHETIC_DEMO_DATA
3282,Goa Coast,15.21216,73.84283,2026-02-03 09:26:01,27.909,0.459,32.524,1.516,0.411,284.09,8.137,15.916,1003.96,75.122,1.416,5.993,0,none,0.516,0.729,0.614,0.228,LOW,SYNTHETIC_DEMO_DATA
3283,Lakshadweep,10.49759,72.61029,2026-02-03 12:20:53,29.114,1.364,33.899,0.727,1.05,214.18,5.899,1.74,989.01,92.518,1.242,7.886,0,none,0.33,0.632,0.555,0.36,MEDIUM,SYNTHETIC_DEMO_DATA
3284,Sundarbans,22.35858,89.0383,2026-02-03 15:15:44,28.603,1.153,21.264,2.115,0.714,45.36,16.067,14.566,1020.757,59.817,1.456,7.128,0,none,0.485,0.611,0.612,0.494,MEDIUM,SYNTHETIC_DEMO_DATA
3285,Kerala Coast,9.88482,76.11454,2026-02-03 18:10:35,28.251,0.701,34.622,1.275,0.932,84.77,6.625,26.071,1018.326,74.393,2.066,14.377,0,none,0.594,0.612,0.609,0.416,MEDIUM,SYNTHETIC_DEMO_DATA
3286,Kerala Coast,9.74592,76.6484,2026-02-03 21:05:26,26.883,-0.667,32.115,0.966,0.88,190.41,5.844,30.445,1015.751,67.998,2.037,16.414,0,none,0.694,0.663,0.739,0.333,MEDIUM,SYNTHETIC_DEMO_DATA
3287,Odisha Coast,19.8292,85.89188,2026-02-04 00:00:17,27.523,-0.727,29.046,3.008,0.561,108.88,16.847,24.456,1012.503,79.01,1.439,11.126,1,anticyclonic,0.575,0.705,0.582,0.4,MEDIUM,SYNTHETIC_DEMO_DATA
3288,Visakhapatnam,17.28101,82.97621,2026-02-04 02:55:08,29.018,1.268,36.268,1.536,0.248,247.5,9.706,0.0,1014.098,67.359,1.098,4.498,0,none,0.381,0.557,0.57,0.379,MEDIUM,SYNTHETIC_DEMO_DATA
3289,Odisha Coast,19.73924,85.86982,2026-02-04 05:49:59,29.936,1.686,29.975,1.755,1.056,136.55,12.082,0.0,1017.501,77.366,1.308,9.214,1,cyclonic,0.362,0.532,0.469,0.626,HIGH,SYNTHETIC_DEMO_DATA
3290,Odisha Coast,20.20286,85.46763,2026-02-04 08:44:50,28.105,-0.145,30.797,1.872,0.95,252.77,13.21,24.431,1018.401,71.063,1.966,13.64,0,none,0.542,0.716,0.773,0.33,MEDIUM,SYNTHETIC_DEMO_DATA
3291,Kerala Coast,9.7622,76.50761,2026-02-04 11:39:41,27.408,-0.142,31.384,2.127,0.687,1.13,13.039,13.851,1013.149,69.615,1.615,8.981,1,anticyclonic,0.398,0.701,0.767,0.289,LOW,SYNTHETIC_DEMO_DATA
3292,Kerala Coast,10.01687,76.48142,2026-02-04 14:34:32,27.059,-0.491,34.312,1.744,1.112,234.36,9.807,13.451,996.525,70.809,1.676,10.876,1,cyclonic,0.481,0.688,0.707,0.396,MEDIUM,SYNTHETIC_DEMO_DATA
3293,Visakhapatnam,17.6049,83.07782,2026-02-04 17:29:23,28.008,0.258,30.578,2.221,0.805,146.07,6.366,28.975,1016.527,84.239,1.126,11.581,1,anticyclonic,0.459,0.736,0.723,0.325,MEDIUM,SYNTHETIC_DEMO_DATA
3294,Visakhapatnam,17.84805,83.0768,2026-02-04 20:24:14,26.255,-1.495,33.569,1.363,0.724,349.65,11.258,0.0,1016.139,73.299,1.245,0.5,0,none,0.442,0.585,0.644,0.392,MEDIUM,SYNTHETIC_DEMO_DATA
3295,Odisha Coast,19.47482,86.05755,2026-02-04 23:19:05,28.721,0.471,30.657,3.193,0.687,61.16,21.004,9.535,1018.301,64.248,1.328,10.941,0,none,0.558,0.711,0.595,0.356,MEDIUM,SYNTHETIC_DEMO_DATA
3296,Goa Coast,15.30814,73.77817,2026-02-05 02:13:56,26.604,-0.846,34.144,1.975,0.706,315.44,15.28,13.484,1022.163,82.896,1.773,10.891,1,cyclonic,0.375,0.667,0.658,0.434,MEDIUM,SYNTHETIC_DEMO_DATA
3297,Visakhapatnam,17.67031,83.276,2026-02-05 05:08:47,28.045,0.295,34.525,1.726,0.661,55.11,4.228,11.819,998.156,83.786,1.361,5.253,0,none,0.47,0.664,0.727,0.223,LOW,SYNTHETIC_DEMO_DATA
3298,Lakshadweep,10.3476,72.22683,2026-02-05 08:03:38,27.689,-0.061,34.516,1.633,0.647,170.91,11.111,13.601,1013.629,74.698,1.963,16.3,1,cyclonic,0.5,0.704,0.669,0.285,LOW,SYNTHETIC_DEMO_DATA
3299,Mumbai Coast,18.78731,72.60663,2026-02-05 10:58:29,27.317,0.067,32.77,1.894,0.47,292.7,10.38,6.629,1007.695,66.231,1.026,5.956,0,none,0.257,0.723,0.765,0.176,LOW,SYNTHETIC_DEMO_DATA
3300,Andaman & Nicobar,11.77417,92.94692,2026-02-05 13:53:21,27.267,-0.983,34.214,2.533,0.914,46.33,16.802,7.086,1021.558,75.882,0.978,11.39,1,cyclonic,0.249,0.488,0.617,0.446,MEDIUM,SYNTHETIC_DEMO_DATA
3301,Gujarat Coast,22.38865,69.52659,2026-02-05 16:48:12,27.57,0.82,36.442,2.104,0.43,117.68,15.127,6.688,1030.344,68.966,0.968,8.778,1,cyclonic,0.335,0.569,0.636,0.454,MEDIUM,SYNTHETIC_DEMO_DATA
3302,Visakhapatnam,17.62646,83.17748,2026-02-05 19:43:03,27.98,0.23,34.987,1.007,0.76,30.77,8.257,8.866,1006.593,68.609,1.019,7.67,1,cyclonic,0.305,0.76,0.788,0.287,LOW,SYNTHETIC_DEMO_DATA
3303,Gujarat Coast,22.36133,69.69644,2026-02-05 22:37:54,26.676,-0.074,37.479,2.291,0.827,186.1,12.015,0.0,1016.476,66.145,0.825,7.264,1,cyclonic,0.331,0.647,0.756,0.259,LOW,SYNTHETIC_DEMO_DATA
3304,Visakhapatnam,17.88886,83.02114,2026-02-06 01:32:45,27.714,-0.036,32.992,2.04,0.942,333.11,8.34,9.797,1020.825,83.025,1.125,10.767,1,cyclonic,0.477,0.669,0.714,0.198,LOW,SYNTHETIC_DEMO_DATA
3305,Odisha Coast,19.85608,85.84409,2026-02-06 04:27:36,27.683,-0.567,30.835,1.28,0.734,281.27,12.163,4.805,1009.494,87.889,1.064,8.16,0,none,0.419,0.64,0.616,0.296,LOW,SYNTHETIC_DEMO_DATA
3306,Visakhapatnam,17.50712,83.34086,2026-02-06 07:22:27,27.881,0.131,31.32,2.36,0.86,249.62,15.006,18.617,1007.831,69.115,1.305,16.045,0,none,0.532,0.656,0.662,0.228,LOW,SYNTHETIC_DEMO_DATA
3307,Visakhapatnam,17.73376,83.38402,2026-02-06 10:17:18,26.898,-0.852,32.757,2.727,0.702,270.2,14.779,0.0,1008.065,70.884,1.726,3.486,0,none,0.448,0.736,0.697,0.306,MEDIUM,SYNTHETIC_DEMO_DATA
3308,Odisha Coast,19.79434,85.52215,2026-02-06 13:12:09,28.799,0.549,30.016,1.258,1.085,147.13,9.473,12.076,1013.602,72.478,0.919,10.749,0,none,0.557,0.746,0.66,0.346,MEDIUM,SYNTHETIC_DEMO_DATA
3309,Sundarbans,21.69652,89.13954,2026-02-06 16:07:00,28.315,0.865,21.67,1.38,0.717,225.57,14.865,23.96,1010.021,81.777,1.316,11.043,1,anticyclonic,0.437,0.662,0.643,0.537,MEDIUM,SYNTHETIC_DEMO_DATA
3310,Lakshadweep,10.46269,72.74472,2026-02-06 19:01:51,28.105,0.355,36.352,0.765,1.101,113.09,4.909,0.0,1022.652,85.261,1.859,5.399,1,anticyclonic,0.513,0.679,0.873,0.181,LOW,SYNTHETIC_DEMO_DATA
3311,Mumbai Coast,18.94267,72.94831,2026-02-06 21:56:42,25.44,-1.81,30.219,3.197,0.994,38.72,27.542,16.235,1000.636,95.474,1.771,17.008,1,anticyclonic,0.47,0.641,0.391,0.629,HIGH,SYNTHETIC_DEMO_DATA
3312,Kerala Coast,10.10123,76.48056,2026-02-07 00:51:33,26.673,-0.877,34.661,1.572,0.659,66.08,11.647,30.766,1005.554,88.137,1.569,14.35,1,anticyclonic,0.582,0.652,0.484,0.443,MEDIUM,SYNTHETIC_DEMO_DATA
3313,Lakshadweep,10.64093,72.8866,2026-02-07 03:46:24,28.497,0.747,35.17,1.196,0.906,229.7,7.57,1.903,1016.899,82.098,0.82,7.252,0,none,0.177,0.698,0.631,0.189,LOW,SYNTHETIC_DEMO_DATA
3314,Visakhapatnam,17.7238,83.13334,2026-02-07 06:41:15,27.794,0.044,33.82,2.091,1.412,225.86,21.789,0.0,1018.696,70.105,0.793,11.136,1,cyclonic,0.099,0.698,0.701,0.217,LOW,SYNTHETIC_DEMO_DATA
3315,Kerala Coast,9.25498,76.17589,2026-02-07 09:36:06,26.589,-0.961,32.92,0.536,0.802,139.01,6.613,22.189,1011.28,69.931,2.142,14.072,0,none,0.598,0.556,0.71,0.387,MEDIUM,SYNTHETIC_DEMO_DATA
3316,Andaman & Nicobar,11.90827,92.9522,2026-02-07 12:30:57,29.263,1.013,31.322,1.6,0.614,238.38,12.378,8.018,1011.672,100.0,0.977,7.5,0,none,0.48,0.578,0.515,0.366,MEDIUM,SYNTHETIC_DEMO_DATA
3317,Gujarat Coast,22.17735,69.89466,2026-02-07 15:25:49,26.068,-0.682,33.614,2.913,1.006,53.23,18.489,11.763,1018.76,51.273,1.147,8.914,0,none,0.457,0.669,0.709,0.378,MEDIUM,SYNTHETIC_DEMO_DATA
3318,Chennai Coast,13.24511,80.37331,2026-02-07 18:20:40,28.697,0.247,32.981,2.107,1.007,10.71,15.699,15.817,1006.621,81.825,1.591,13.746,1,cyclonic,0.424,0.648,0.621,0.288,LOW,SYNTHETIC_DEMO_DATA
3319,Visakhapatnam,18.22593,83.55362,2026-02-07 21:15:31,27.582,-0.168,31.773,2.232,0.8,288.85,14.245,17.245,1006.284,63.013,0.972,12.351,0,none,0.455,0.653,0.667,0.231,LOW,SYNTHETIC_DEMO_DATA
3320,Sundarbans,21.616,89.17418,2026-02-08 00:10:22,28.54,1.09,20.26,1.238,0.676,55.26,9.621,24.233,1000.126,89.991,1.194,12.512,1,anticyclonic,0.494,0.732,0.578,0.486,MEDIUM,SYNTHETIC_DEMO_DATA
3321,Sundarbans,21.84995,89.54485,2026-02-08 03:05:13,28.009,0.559,20.405,2.598,0.83,95.32,19.908,16.499,1006.989,59.509,1.771,16.285,0,none,0.553,0.703,0.612,0.437,MEDIUM,SYNTHETIC_DEMO_DATA
3322,Odisha Coast,19.77907,85.94603,2026-02-08 06:00:04,29.275,1.025,30.772,2.595,0.51,137.97,16.568,4.391,1005.904,81.203,0.785,5.906,0,none,0.426,0.732,0.56,0.405,MEDIUM,SYNTHETIC_DEMO_DATA
3323,Goa Coast,15.34185,73.66818,2026-02-08 08:54:55,28.225,0.775,33.732,1.927,0.859,110.69,12.099,9.627,1008.909,57.696,0.971,9.205,1,anticyclonic,0.323,0.546,0.773,0.362,MEDIUM,SYNTHETIC_DEMO_DATA
3324,Gujarat Coast,22.16449,69.49392,2026-02-08 11:49:46,25.493,-1.257,35.082,1.587,0.288,74.73,9.622,8.608,1012.378,100.0,0.793,10.406,0,none,0.418,0.801,0.527,0.463,MEDIUM,SYNTHETIC_DEMO_DATA
3325,Kerala Coast,9.9045,76.21037,2026-02-08 14:44:37,27.486,-0.064,32.069,2.254,1.019,329.03,14.054,20.13,1010.467,80.337,1.436,14.418,0,none,0.398,0.631,0.846,0.267,LOW,SYNTHETIC_DEMO_DATA
3326,Goa Coast,15.52189,73.45961,2026-02-08 17:39:28,26.344,-1.106,32.92,1.606,0.754,334.57,16.18,6.631,999.603,78.49,1.371,8.053,1,anticyclonic,0.413,0.605,0.631,0.386,MEDIUM,SYNTHETIC_DEMO_DATA
3327,Odisha Coast,19.74081,86.23681,2026-02-08 20:34:19,28.006,-0.244,27.465,2.823,1.015,263.13,18.246,18.878,1013.213,67.937,1.923,14.707,1,anticyclonic,0.582,0.743,0.701,0.358,MEDIUM,SYNTHETIC_DEMO_DATA
3328,Visakhapatnam,17.57654,83.40167,2026-02-08 23:29:10,28.19,0.44,32.819,1.323,0.568,143.99,6.4,23.851,1010.367,70.12,1.086,11.214,1,anticyclonic,0.45,0.713,0.616,0.308,MEDIUM,SYNTHETIC_DEMO_DATA
3329,Chennai Coast,13.48988,80.19537,2026-02-09 02:24:01,28.752,0.302,34.123,1.268,0.472,233.17,13.256,14.579,999.674,74.03,1.783,8.341,1,anticyclonic,0.605,0.64,0.757,0.288,LOW,SYNTHETIC_DEMO_DATA
3330,Lakshadweep,10.60303,72.59525,2026-02-09 05:18:52,29.17,1.42,33.397,0.443,0.773,322.17,1.0,9.274,1021.211,58.284,1.356,8.493,0,none,0.479,0.538,0.585,0.367,MEDIUM,SYNTHETIC_DEMO_DATA
3331,Gujarat Coast,22.3508,69.61969,2026-02-09 08:13:43,27.464,0.714,35.893,2.655,0.891,337.92,20.531,4.672,1023.585,84.141,1.296,8.278,0,none,0.476,0.612,0.672,0.371,MEDIUM,SYNTHETIC_DEMO_DATA
3332,Andaman & Nicobar,11.53635,92.93822,2026-02-09 11:08:34,27.981,-0.269,33.108,2.562,1.101,102.55,19.163,7.396,1000.669,55.89,0.697,11.203,1,anticyclonic,0.4,0.626,0.761,0.31,MEDIUM,SYNTHETIC_DEMO_DATA
3333,Visakhapatnam,17.55497,83.14956,2026-02-09 14:03:25,27.411,-0.339,32.032,1.853,0.733,353.23,18.772,7.285,1003.878,45.337,0.799,9.647,1,anticyclonic,0.308,0.593,0.669,0.331,MEDIUM,SYNTHETIC_DEMO_DATA
3334,Andaman & Nicobar,11.65043,92.42767,2026-02-09 16:58:17,26.549,-1.701,33.447,1.659,0.294,108.09,11.906,2.392,1006.012,75.996,0.74,7.512,0,none,0.152,0.474,0.454,0.47,MEDIUM,SYNTHETIC_DEMO_DATA
3335,Sundarbans,22.06413,89.22296,2026-02-09 19:53:08,25.738,-1.712,22.817,2.14,1.158,258.3,14.085,31.122,1013.932,69.301,2.248,19.099,0,none,0.612,0.578,0.466,0.678,HIGH,SYNTHETIC_DEMO_DATA
3336,Visakhapatnam,17.53082,83.0795,2026-02-09 22:47:59,28.595,0.845,33.871,1.896,0.484,51.8,15.075,6.714,1011.889,69.752,0.829,6.6,1,anticyclonic,0.366,0.571,0.571,0.426,MEDIUM,SYNTHETIC_DEMO_DATA
3337,Mumbai Coast,18.6959,72.69611,2026-02-10 01:42:50,28.337,1.087,35.867,2.107,0.791,106.01,14.12,11.788,1009.478,68.112,0.915,9.774,0,none,0.345,0.562,0.645,0.415,MEDIUM,SYNTHETIC_DEMO_DATA
3338,Sundarbans,21.79253,88.76212,2026-02-10 04:37:41,26.55,-0.9,20.68,1.559,0.448,177.32,13.878,17.377,1006.687,66.816,2.528,16.456,1,cyclonic,0.435,0.817,0.614,0.427,MEDIUM,SYNTHETIC_DEMO_DATA
3339,Andaman & Nicobar,12.27727,92.64031,2026-02-10 07:32:32,28.938,0.688,33.506,1.693,0.787,91.07,10.427,20.674,1014.887,85.404,1.246,9.877,1,cyclonic,0.471,0.638,0.574,0.343,MEDIUM,SYNTHETIC_DEMO_DATA
3340,Andaman & Nicobar,11.77097,92.66166,2026-02-10 10:27:23,27.49,-0.76,32.305,1.688,0.919,162.08,10.918,20.226,1014.921,58.681,2.301,15.443,0,none,0.765,0.935,0.552,0.298,LOW,SYNTHETIC_DEMO_DATA
3341,Mumbai Coast,19.02204,72.86641,2026-02-10 13:22:14,27.747,0.497,36.672,0.917,1.274,221.79,7.252,3.508,1013.454,70.265,0.432,1.783,1,anticyclonic,0.357,0.733,0.725,0.293,LOW,SYNTHETIC_DEMO_DATA
3342,Chennai Coast,13.05323,80.34933,2026-02-10 16:17:05,28.371,-0.079,33.26,1.21,0.581,120.83,1.0,22.303,1010.359,83.153,1.762,8.214,1,anticyclonic,0.488,0.82,0.878,0.198,LOW,SYNTHETIC_DEMO_DATA
3343,Sundarbans,21.84645,89.43307,2026-02-10 19:11:56,27.406,-0.044,22.508,0.514,0.138,302.2,4.172,25.859,1014.352,87.77,1.738,11.519,0,none,0.58,0.734,0.647,0.27,LOW,SYNTHETIC_DEMO_DATA
3344,Gujarat Coast,22.36674,69.49364,2026-02-10 22:06:47,27.691,0.941,35.841,2.139,0.465,60.24,12.052,1.019,1017.309,77.342,1.784,6.665,0,none,0.372,0.572,0.663,0.352,MEDIUM,SYNTHETIC_DEMO_DATA
3345,Mumbai Coast,19.01909,72.82685,2026-02-11 01:01:38,28.184,0.934,31.496,1.549,0.722,3.05,15.096,24.316,1016.681,83.973,1.916,11.762,1,anticyclonic,0.562,0.696,0.588,0.482,MEDIUM,SYNTHETIC_DEMO_DATA
3346,Goa Coast,15.82604,74.1376,2026-02-11 03:56:29,26.999,-0.451,33.815,1.636,1.063,337.14,17.331,26.463,1014.804,69.625,2.123,14.006,0,none,0.522,0.559,0.513,0.396,MEDIUM,SYNTHETIC_DEMO_DATA
3347,Gujarat Coast,22.25669,69.42225,2026-02-11 06:51:20,27.343,0.593,35.669,1.235,0.77,237.84,8.104,11.012,1005.041,89.029,1.732,9.472,0,none,0.523,0.638,0.741,0.368,MEDIUM,SYNTHETIC_DEMO_DATA
3348,Odisha Coast,19.83187,85.90656,2026-02-11 09:46:11,28.911,0.661,29.242,1.352,0.97,243.96,10.537,13.33,1021.2,65.298,1.265,8.297,0,none,0.404,0.791,0.584,0.294,LOW,SYNTHETIC_DEMO_DATA
3349,Odisha Coast,19.79659,85.4325,2026-02-11 12:41:02,28.439,0.189,29.125,1.363,0.863,313.94,8.836,8.786,1011.418,71.828,0.491,9.187,0,none,0.368,0.637,0.727,0.234,LOW,SYNTHETIC_DEMO_DATA
3350,Goa Coast,15.76641,73.99626,2026-02-11 15:35:53,28.384,0.934,35.752,2.31,0.857,0.89,18.884,4.408,1013.204,59.546,1.412,9.257,1,cyclonic,0.491,0.586,0.656,0.375,MEDIUM,SYNTHETIC_DEMO_DATA
3351,Odisha Coast,19.95558,85.8375,2026-02-11 18:30:45,27.204,-1.046,32.491,1.202,0.727,176.18,13.975,19.832,999.172,100.0,1.107,11.531,1,anticyclonic,0.372,0.595,0.693,0.516,MEDIUM,SYNTHETIC_DEMO_DATA
3352,Lakshadweep,10.52546,72.57591,2026-02-11 21:25:36,28.238,0.488,34.932,2.286,0.605,73.52,11.709,12.172,1011.671,73.342,1.264,9.434,0,none,0.539,0.675,0.771,0.351,MEDIUM,SYNTHETIC_DEMO_DATA
3353,Odisha Coast,20.0253,85.95497,2026-02-12 00:20:27,27.763,-0.487,29.674,1.681,0.842,184.08,10.529,23.925,1012.19,69.915,2.074,12.931,0,none,0.669,0.774,0.679,0.273,LOW,SYNTHETIC_DEMO_DATA
3354,Goa Coast,15.42198,74.2549,2026-02-12 03:15:18,26.926,-0.524,34.409,1.921,0.315,133.85,11.974,10.015,1012.555,79.632,0.793,7.6,0,none,0.417,0.71,0.613,0.273,LOW,SYNTHETIC_DEMO_DATA
3355,Lakshadweep,10.45934,72.82661,2026-02-12 06:10:09,27.276,-0.474,33.619,2.591,0.754,55.83,18.255,6.595,1021.925,72.022,1.561,10.741,1,cyclonic,0.575,0.69,0.686,0.337,MEDIUM,SYNTHETIC_DEMO_DATA
3356,Kerala Coast,10.18379,76.35012,2026-02-12 09:05:00,28.111,0.561,33.648,1.286,0.927,50.21,9.193,21.804,1007.667,75.663,1.946,12.347,1,anticyclonic,0.703,0.57,0.747,0.341,MEDIUM,SYNTHETIC_DEMO_DATA
3357,Sundarbans,21.94662,89.1849,2026-02-12 11:59:51,27.291,-0.159,21.292,1.585,1.022,353.39,7.487,17.603,999.796,53.431,1.267,13.551,0,none,0.361,0.757,0.625,0.271,LOW,SYNTHETIC_DEMO_DATA
3358,Andaman & Nicobar,12.05024,92.70958,2026-02-12 14:54:42,28.143,-0.107,32.553,2.497,0.412,34.47,9.353,5.726,1020.073,59.122,0.822,5.729,0,none,0.429,0.731,0.679,0.187,LOW,SYNTHETIC_DEMO_DATA
3359,Odisha Coast,19.76762,86.06046,2026-02-12 17:49:33,27.337,-0.913,30.195,2.534,0.258,317.87,15.614,21.993,1004.5,81.371,2.041,13.384,0,none,0.578,0.7,0.634,0.467,MEDIUM,SYNTHETIC_DEMO_DATA
3360,Mumbai Coast,19.09176,72.72058,2026-02-12 20:44:24,26.1,-1.15,35.075,2.803,0.627,18.19,14.851,17.352,1004.443,68.44,1.26,15.037,0,none,0.444,0.582,0.665,0.445,MEDIUM,SYNTHETIC_DEMO_DATA
3361,Lakshadweep,10.46165,72.60973,2026-02-12 23:39:15,26.89,-0.86,34.586,2.024,0.716,52.96,16.174,22.847,1014.79,84.513,2.508,16.44,1,cyclonic,0.684,0.702,0.581,0.397,MEDIUM,SYNTHETIC_DEMO_DATA
3362,Goa Coast,15.4686,73.92339,2026-02-13 02:34:06,28.547,1.097,34.011,3.149,0.559,281.07,27.4,16.843,1015.907,61.994,1.911,16.402,0,none,0.551,0.37,0.52,0.446,MEDIUM,SYNTHETIC_DEMO_DATA
3363,Sundarbans,22.25672,89.30604,2026-02-13 05:28:57,26.508,-0.942,19.625,1.674,0.558,217.8,9.969,17.192,1020.211,66.881,1.077,11.45,0,none,0.44,0.714,0.607,0.417,MEDIUM,SYNTHETIC_DEMO_DATA
3364,Andaman & Nicobar,11.84326,92.58876,2026-02-13 08:23:48,28.006,-0.244,32.628,2.586,0.512,108.16,13.981,18.832,1002.602,61.751,1.775,14.844,0,none,0.625,0.809,0.648,0.267,LOW,SYNTHETIC_DEMO_DATA
3365,Odisha Coast,20.05529,85.78125,2026-02-13 11:18:39,29.027,0.777,30.557,1.086,1.045,286.05,9.298,18.356,1003.278,82.126,1.36,14.493,0,none,0.381,0.65,0.54,0.414,MEDIUM,SYNTHETIC_DEMO_DATA
3366,Goa Coast,15.96647,73.90087,2026-02-13 14:13:30,25.894,-1.556,32.189,1.476,1.063,146.48,4.904,11.609,1013.913,73.869,1.423,11.346,0,none,0.343,0.574,0.489,0.492,MEDIUM,SYNTHETIC_DEMO_DATA
3367,Gujarat Coast,22.63128,69.62248,2026-02-13 17:08:21,26.88,0.13,35.772,1.314,0.375,227.75,9.607,2.951,1016.8,62.186,1.065,5.423,0,none,0.445,0.6,0.882,0.225,LOW,SYNTHETIC_DEMO_DATA
3368,Visakhapatnam,17.67493,83.25475,2026-02-13 20:03:12,28.604,0.854,33.958,2.233,0.77,344.34,19.424,1.704,1013.816,74.004,0.547,7.236,1,anticyclonic,0.287,0.664,0.603,0.331,MEDIUM,SYNTHETIC_DEMO_DATA
3369,Kerala Coast,9.94163,76.41628,2026-02-13 22:58:04,27.715,0.165,34.313,1.982,1.272,305.91,11.148,18.327,1009.53,76.069,1.44,9.747,0,none,0.515,0.659,0.723,0.266,LOW,SYNTHETIC_DEMO_DATA
3370,Odisha Coast,19.4774,86.32502,2026-02-14 01:52:55,28.921,0.671,29.701,2.746,0.956,340.17,19.474,11.13,998.483,67.588,1.661,13.388,0,none,0.527,0.656,0.648,0.41,MEDIUM,SYNTHETIC_DEMO_DATA
3371,Lakshadweep,10.2498,72.60657,2026-02-14 04:47:46,27.307,-0.443,33.423,2.576,0.935,258.78,15.945,5.272,1007.334,97.086,0.969,7.215,1,anticyclonic,0.394,0.656,0.666,0.265,LOW,SYNTHETIC_DEMO_DATA
3372,Visakhapatnam,17.83594,83.06639,2026-02-14 07:42:37,26.655,-1.095,32.507,2.877,0.468,144.26,24.737,6.969,997.013,72.55,1.448,13.079,1,anticyclonic,0.478,0.419,0.601,0.402,MEDIUM,SYNTHETIC_DEMO_DATA
3373,Chennai Coast,12.93553,79.97021,2026-02-14 10:37:28,27.683,-0.767,33.842,0.46,0.3,261.35,7.514,9.183,1013.668,83.671,0.953,5.911,1,anticyclonic,0.391,0.617,0.737,0.317,MEDIUM,SYNTHETIC_DEMO_DATA
3374,Mumbai Coast,18.9476,72.7112,2026-02-14 13:32:19,26.593,-0.657,33.157,1.271,0.541,107.82,4.835,24.472,1013.864,82.977,2.372,10.071,0,none,0.468,0.597,0.676,0.337,MEDIUM,SYNTHETIC_DEMO_DATA
3375,Gujarat Coast,22.37012,69.74306,2026-02-14 16:27:10,27.058,0.308,35.399,1.959,0.836,57.58,11.362,3.793,1024.222,81.788,1.206,8.484,0,none,0.3,0.711,0.582,0.291,LOW,SYNTHETIC_DEMO_DATA
3376,Mumbai Coast,18.96157,72.5906,2026-02-14 19:22:01,27.656,0.406,32.402,2.14,0.704,46.01,15.839,16.351,1006.239,79.562,0.883,7.613,1,cyclonic,0.438,0.76,0.607,0.324,MEDIUM,SYNTHETIC_DEMO_DATA
3377,Mumbai Coast,18.88579,72.66596,2026-02-14 22:16:52,27.516,0.266,35.358,2.629,0.705,210.18,18.581,7.931,1006.331,79.39,1.719,11.236,0,none,0.41,0.64,0.546,0.277,LOW,SYNTHETIC_DEMO_DATA
3378,Mumbai Coast,18.69623,72.93761,2026-02-15 01:11:43,26.784,-0.466,32.798,2.554,1.364,314.16,23.291,24.66,1034.726,81.151,1.672,19.477,0,none,0.625,0.745,0.563,0.397,MEDIUM,SYNTHETIC_DEMO_DATA
3379,Andaman & Nicobar,11.923,92.55396,2026-02-15 04:06:34,29.115,0.865,31.967,1.65,0.548,5.0,10.905,0.0,1020.333,61.02,1.528,7.362,0,none,0.453,0.624,0.625,0.328,MEDIUM,SYNTHETIC_DEMO_DATA
3380,Chennai Coast,13.19184,80.18729,2026-02-15 07:01:25,26.685,-1.765,32.946,1.909,0.683,152.06,14.024,11.648,1015.722,85.47,1.458,8.128,1,cyclonic,0.523,0.635,0.62,0.521,MEDIUM,SYNTHETIC_DEMO_DATA
3381,Andaman & Nicobar,12.4654,92.70401,2026-02-15 09:56:16,28.509,0.259,34.142,2.939,0.366,315.39,23.895,7.941,1017.346,76.418,1.298,11.896,1,cyclonic,0.489,0.801,0.619,0.243,LOW,SYNTHETIC_DEMO_DATA
3382,Goa Coast,15.47822,73.69143,2026-02-15 12:51:07,26.517,-0.933,32.744,1.13,0.72,182.95,10.656,7.375,1017.539,63.718,0.877,10.385,0,none,0.251,0.595,0.619,0.354,MEDIUM,SYNTHETIC_DEMO_DATA
3383,Lakshadweep,10.31373,72.62478,2026-02-15 15:45:58,28.774,1.024,34.163,1.672,0.664,308.68,13.626,0.0,1017.933,69.372,1.623,4.925,0,none,0.568,0.685,0.634,0.364,MEDIUM,SYNTHETIC_DEMO_DATA
3384,Lakshadweep,10.81946,72.52375,2026-02-15 18:40:49,26.812,-0.938,34.344,1.71,1.021,194.3,10.867,15.214,1002.934,67.315,1.349,9.619,0,none,0.443,0.633,0.726,0.395,MEDIUM,SYNTHETIC_DEMO_DATA
3385,Goa Coast,15.36511,73.98536,2026-02-15 21:35:40,28.31,0.86,32.998,1.158,0.662,344.94,9.254,17.227,1021.918,58.563,1.468,17.417,1,anticyclonic,0.613,0.616,0.549,0.41,MEDIUM,SYNTHETIC_DEMO_DATA
3386,Visakhapatnam,17.65254,83.37401,2026-02-16 00:30:32,27.694,-0.056,33.639,1.864,0.754,201.31,15.327,9.006,1019.748,70.876,1.697,9.297,0,none,0.511,0.76,0.718,0.137,LOW,SYNTHETIC_DEMO_DATA
3387,Goa Coast,15.71366,73.54782,2026-02-16 03:25:23,26.424,-1.026,34.284,2.334,0.376,189.21,14.906,1.313,1008.941,74.052,0.564,8.504,0,none,0.341,0.577,0.508,0.389,MEDIUM,SYNTHETIC_DEMO_DATA
3388,Goa Coast,15.37887,73.81643,2026-02-16 06:20:14,28.816,1.366,35.067,1.179,0.727,76.42,4.568,21.641,1017.954,98.628,2.043,11.579,1,anticyclonic,0.571,0.478,0.701,0.513,MEDIUM,SYNTHETIC_DEMO_DATA
3389,Visakhapatnam,17.75865,83.38183,2026-02-16 09:15:05,27.724,-0.026,35.134,2.492,0.727,56.68,13.4,5.29,1003.761,45.523,1.329,3.571,0,none,0.252,0.552,0.76,0.145,LOW,SYNTHETIC_DEMO_DATA
3390,Gujarat Coast,22.40763,69.71738,2026-02-16 12:09:56,29.383,2.633,35.857,2.319,1.023,241.22,12.242,0.0,1004.488,83.296,1.122,6.747,1,anticyclonic,0.471,0.427,0.367,0.745,HIGH,SYNTHETIC_DEMO_DATA
3391,Visakhapatnam,17.86113,83.18321,2026-02-16 15:04:47,27.581,-0.169,32.185,1.643,0.935,197.01,17.073,0.0,999.916,65.418,1.044,6.183,0,none,0.388,0.741,0.762,0.214,LOW,SYNTHETIC_DEMO_DATA
3392,Mumbai Coast,18.9268,72.83259,2026-02-16 17:59:38,26.923,-0.327,32.897,2.051,0.959,341.87,15.428,6.321,1006.145,66.42,1.372,8.022,0,none,0.382,0.606,0.706,0.25,LOW,SYNTHETIC_DEMO_DATA
3393,Goa Coast,15.47587,73.68019,2026-02-16 20:54:29,27.008,-0.442,34.223,2.719,0.866,335.27,25.419,21.015,1016.103,79.649,1.545,11.264,0,none,0.449,0.663,0.629,0.27,LOW,SYNTHETIC_DEMO_DATA
3394,Odisha Coast,19.95689,85.81108,2026-02-16 23:49:20,28.178,-0.072,27.58,1.748,0.474,134.0,17.237,33.746,1009.861,84.84,2.38,18.522,0,none,0.608,0.882,0.728,0.213,LOW,SYNTHETIC_DEMO_DATA
3395,Chennai Coast,12.72896,80.42,2026-02-17 02:44:11,29.18,0.73,33.358,1.312,0.655,316.5,11.349,0.0,994.497,66.442,0.304,4.481,1,cyclonic,0.294,0.555,0.752,0.364,MEDIUM,SYNTHETIC_DEMO_DATA
3396,Goa Coast,15.41807,73.89085,2026-02-17 05:39:02,27.016,-0.434,33.452,2.904,0.947,330.73,17.875,25.086,1022.067,85.533,2.121,15.091,0,none,0.538,0.664,0.685,0.333,MEDIUM,SYNTHETIC_DEMO_DATA
3397,Kerala Coast,9.80342,75.78006,2026-02-17 08:33:53,27.578,0.028,36.121,1.585,0.821,359.5,11.766,0.0,1013.464,69.516,1.418,2.821,1,anticyclonic,0.503,0.903,0.731,0.262,LOW,SYNTHETIC_DEMO_DATA
3398,Lakshadweep,10.23189,72.69833,2026-02-17 11:28:44,26.798,-0.952,35.481,0.94,0.607,177.41,5.314,6.579,1009.474,73.275,0.259,5.304,0,none,0.289,0.675,0.661,0.295,LOW,SYNTHETIC_DEMO_DATA
3399,Sundarbans,22.0893,89.27272,2026-02-17 14:23:35,27.21,-0.24,21.502,1.903,0.884,212.14,11.201,21.467,1012.566,78.676,1.806,7.233,1,anticyclonic,0.429,0.831,0.568,0.364,MEDIUM,SYNTHETIC_DEMO_DATA
3400,Goa Coast,15.41687,73.92268,2026-02-17 17:18:26,26.955,-0.495,33.144,2.365,0.856,111.07,13.183,25.804,1017.452,96.866,1.942,15.901,1,anticyclonic,0.562,0.638,0.743,0.339,MEDIUM,SYNTHETIC_DEMO_DATA
3401,Andaman & Nicobar,11.58894,92.4227,2026-02-17 20:13:17,26.902,-1.348,30.1,1.871,1.002,265.53,11.239,13.482,1016.698,60.594,1.391,8.814,0,none,0.549,0.69,0.527,0.419,MEDIUM,SYNTHETIC_DEMO_DATA
3402,Lakshadweep,10.53197,72.98006,2026-02-17 23:08:08,26.642,-1.108,34.117,1.298,0.292,226.02,11.065,16.0,1015.397,65.06,1.106,10.266,0,none,0.423,0.615,0.586,0.452,MEDIUM,SYNTHETIC_DEMO_DATA
3403,Odisha Coast,20.08584,85.85325,2026-02-18 02:03:00,28.784,0.534,29.365,1.467,1.019,326.25,9.198,8.445,1000.993,64.541,1.159,8.232,0,none,0.432,0.651,0.591,0.359,MEDIUM,SYNTHETIC_DEMO_DATA
3404,Lakshadweep,10.6385,72.32355,2026-02-18 04:57:51,28.972,1.222,33.147,1.844,0.984,136.75,13.675,6.764,1009.368,95.46,0.987,9.85,1,cyclonic,0.356,0.784,0.646,0.375,MEDIUM,SYNTHETIC_DEMO_DATA
3405,Chennai Coast,13.2147,80.25588,2026-02-18 07:52:42,29.108,0.658,34.753,2.545,0.661,221.03,8.383,11.205,1013.6,87.512,1.183,9.667,0,none,0.395,0.487,0.711,0.359,MEDIUM,SYNTHETIC_DEMO_DATA
3406,Chennai Coast,12.97619,80.01781,2026-02-18 10:47:33,30.221,1.771,34.626,2.363,0.744,9.37,18.455,10.254,1004.007,77.948,1.165,10.01,1,anticyclonic,0.408,0.753,0.424,0.63,HIGH,SYNTHETIC_DEMO_DATA
3407,Chennai Coast,13.29954,80.40948,2026-02-18 13:42:24,28.718,0.268,33.97,2.03,0.801,149.16,16.912,3.196,1026.986,86.743,1.05,7.499,0,none,0.393,0.717,0.552,0.296,LOW,SYNTHETIC_DEMO_DATA
3408,Gujarat Coast,22.43815,69.72868,2026-02-18 16:37:15,25.712,-1.038,33.981,0.921,0.676,214.54,7.772,10.688,1009.649,97.056,1.721,9.626,0,none,0.429,0.751,0.628,0.391,MEDIUM,SYNTHETIC_DEMO_DATA
3409,Gujarat Coast,22.3597,69.57317,2026-02-18 19:32:06,26.424,-0.326,35.6,2.039,0.67,266.02,22.264,21.74,1020.052,90.768,1.797,15.792,1,anticyclonic,0.637,0.661,0.561,0.459,MEDIUM,SYNTHETIC_DEMO_DATA
3410,Kerala Coast,9.84214,76.28181,2026-02-18 22:26:57,27.195,-0.355,35.074,1.862,1.022,268.02,11.059,29.411,1001.334,100.0,2.205,14.869,0,none,0.719,0.799,0.691,0.277,LOW,SYNTHETIC_DEMO_DATA
3411,Sundarbans,22.29235,89.08971,2026-02-19 01:21:48,26.941,-0.509,19.667,1.443,0.743,289.85,12.678,15.04,1000.026,72.711,1.11,10.83,0,none,0.537,0.775,0.702,0.392,MEDIUM,SYNTHETIC_DEMO_DATA
3412,Lakshadweep,10.48593,72.42671,2026-02-19 04:16:39,27.767,0.017,34.978,2.362,0.581,94.17,18.853,6.587,1017.948,88.05,1.027,8.303,1,cyclonic,0.405,0.834,0.686,0.199,LOW,SYNTHETIC_DEMO_DATA
3413,Visakhapatnam,17.35964,83.0454,2026-02-19 07:11:30,28.281,0.531,33.022,2.476,0.615,210.71,16.661,13.981,1017.374,92.497,1.356,10.227,1,cyclonic,0.418,0.734,0.591,0.349,MEDIUM,SYNTHETIC_DEMO_DATA
3414,Sundarbans,21.85257,88.86894,2026-02-19 10:06:21,25.818,-1.632,22.61,2.537,0.575,66.59,8.188,15.812,1008.457,78.54,1.072,8.803,1,cyclonic,0.541,0.681,0.643,0.551,MEDIUM,SYNTHETIC_DEMO_DATA
3415,Mumbai Coast,19.15962,72.76974,2026-02-19 13:01:12,27.829,0.579,30.883,1.328,0.461,293.32,8.261,31.228,1001.022,80.787,2.416,14.695,0,none,0.543,0.666,0.575,0.417,MEDIUM,SYNTHETIC_DEMO_DATA
3416,Kerala Coast,10.15968,76.3282,2026-02-19 15:56:03,28.022,0.472,32.998,1.595,0.296,254.74,9.873,28.788,1015.186,79.137,2.105,19.985,0,none,0.489,0.613,0.641,0.386,MEDIUM,SYNTHETIC_DEMO_DATA
3417,Gujarat Coast,22.38504,69.91849,2026-02-19 18:50:54,26.961,0.211,35.735,1.217,0.756,131.84,4.882,0.246,1009.736,66.224,0.974,4.83,0,none,0.369,0.699,0.741,0.249,LOW,SYNTHETIC_DEMO_DATA
3418,Andaman & Nicobar,11.58825,92.5609,2026-02-19 21:45:45,28.816,0.566,32.253,1.912,0.904,180.61,11.596,20.473,1003.283,87.453,1.291,13.5,0,none,0.663,0.72,0.609,0.299,LOW,SYNTHETIC_DEMO_DATA
3419,Sundarbans,21.67302,89.32756,2026-02-20 00:40:36,27.544,0.094,20.309,1.761,0.841,291.31,7.555,18.9,1009.492,85.992,0.867,11.752,0,none,0.524,0.716,0.742,0.304,MEDIUM,SYNTHETIC_DEMO_DATA
3420,Visakhapatnam,17.82443,83.20912,2026-02-20 03:35:28,27.198,-0.552,34.3,2.381,1.028,90.37,10.558,0.0,1007.703,71.526,1.373,9.2,0,none,0.38,0.704,0.822,0.308,MEDIUM,SYNTHETIC_DEMO_DATA
3421,Mumbai Coast,19.07996,72.86365,2026-02-20 06:30:19,27.324,0.074,34.302,2.566,1.281,84.4,14.96,23.562,1022.834,65.451,1.72,12.397,0,none,0.555,0.83,0.714,0.254,LOW,SYNTHETIC_DEMO_DATA
3422,Goa Coast,15.2296,73.63057,2026-02-20 09:25:10,28.345,0.895,33.726,1.453,0.976,273.77,3.746,4.174,1020.37,73.608,1.179,6.56,1,anticyclonic,0.422,0.527,0.588,0.376,MEDIUM,SYNTHETIC_DEMO_DATA
3423,Gujarat Coast,22.41546,69.4713,2026-02-20 12:20:01,26.929,0.179,35.452,1.895,1.164,152.59,11.48,6.393,1011.993,84.732,0.559,4.556,0,none,0.146,0.627,0.742,0.297,LOW,SYNTHETIC_DEMO_DATA
3424,Chennai Coast,13.07648,80.33196,2026-02-20 15:14:52,27.659,-0.791,33.943,1.544,0.755,246.82,12.414,11.125,1005.77,100.0,0.864,8.878,1,anticyclonic,0.523,0.674,0.704,0.33,MEDIUM,SYNTHETIC_DEMO_DATA
3425,Gujarat Coast,22.27019,69.4668,2026-02-20 18:09:43,27.268,0.518,36.088,1.416,1.085,184.2,6.541,7.363,1006.447,98.65,0.398,9.703,0,none,0.285,0.69,0.649,0.31,MEDIUM,SYNTHETIC_DEMO_DATA
3426,Lakshadweep,10.41317,72.56128,2026-02-20 21:04:34,28.337,0.587,36.096,1.176,0.918,283.86,10.422,0.0,1000.679,90.536,0.843,5.943,0,none,0.387,0.714,0.587,0.301,MEDIUM,SYNTHETIC_DEMO_DATA
3427,Kerala Coast,9.85367,76.01358,2026-02-20 23:59:25,27.963,0.413,34.395,1.542,0.924,174.53,5.223,15.607,1004.948,70.163,1.701,6.477,1,cyclonic,0.549,0.823,0.749,0.266,LOW,SYNTHETIC_DEMO_DATA
3428,Andaman & Nicobar,11.49593,92.44591,2026-02-21 02:54:16,28.964,0.714,32.037,1.899,0.731,196.21,16.303,23.796,1010.464,60.846,1.393,13.171,0,none,0.357,0.609,0.562,0.377,MEDIUM,SYNTHETIC_DEMO_DATA
3429,Goa Coast,15.1493,73.57525,2026-02-21 05:49:07,27.377,-0.073,33.809,2.19,0.944,87.24,14.075,0.0,1000.009,56.085,1.405,9.726,1,cyclonic,0.229,0.649,0.578,0.241,LOW,SYNTHETIC_DEMO_DATA
3430,Chennai Coast,12.78482,80.34778,2026-02-21 08:43:58,29.316,0.866,32.795,2.076,0.932,193.08,18.08,11.809,1003.316,67.059,1.608,12.696,1,anticyclonic,0.541,0.646,0.686,0.405,MEDIUM,SYNTHETIC_DEMO_DATA
3431,Visakhapatnam,17.50453,83.24214,2026-02-21 11:38:49,26.804,-0.946,32.036,2.036,0.756,4.5,17.207,23.411,1013.455,67.093,1.367,10.702,0,none,0.542,0.565,0.541,0.38,MEDIUM,SYNTHETIC_DEMO_DATA
3432,Goa Coast,15.6493,73.73524,2026-02-21 14:33:40,28.42,0.97,34.051,2.551,1.129,143.0,14.085,12.851,1020.793,60.566,1.544,8.317,1,cyclonic,0.449,0.457,0.623,0.454,MEDIUM,SYNTHETIC_DEMO_DATA
3433,Visakhapatnam,17.58347,83.20314,2026-02-21 17:28:31,27.984,0.234,33.959,1.967,1.046,196.2,15.898,0.0,1012.199,98.862,1.653,10.23,1,anticyclonic,0.357,0.568,0.717,0.279,LOW,SYNTHETIC_DEMO_DATA
3434,Chennai Coast,13.21226,80.25997,2026-02-21 20:23:22,29.058,0.608,32.858,2.076,0.57,99.46,11.761,13.978,1009.322,76.542,1.127,5.64,1,anticyclonic,0.53,0.832,0.685,0.296,LOW,SYNTHETIC_DEMO_DATA
3435,Visakhapatnam,17.78383,83.14239,2026-02-21 23:18:13,27.539,-0.211,33.305,2.056,1.3,327.46,11.914,3.161,1007.038,97.504,0.817,1.856,0,none,0.467,0.674,0.687,0.239,LOW,SYNTHETIC_DEMO_DATA
3436,Gujarat Coast,22.25638,69.84198,2026-02-22 02:13:04,26.602,-0.148,35.377,2.945,1.051,295.38,15.226,2.766,999.439,61.473,0.504,6.368,1,cyclonic,0.27,0.723,0.904,0.321,MEDIUM,SYNTHETIC_DEMO_DATA
3437,Visakhapatnam,17.81459,83.64982,2026-02-22 05:07:56,28.051,0.301,33.828,2.127,0.495,278.39,14.254,4.05,1023.349,56.182,0.884,7.864,0,none,0.302,0.704,0.794,0.267,LOW,SYNTHETIC_DEMO_DATA
3438,Gujarat Coast,22.26902,69.81443,2026-02-22 08:02:47,27.176,0.426,36.903,2.395,0.565,309.42,16.088,3.057,1005.843,54.504,1.608,9.184,0,none,0.351,0.678,0.772,0.284,LOW,SYNTHETIC_DEMO_DATA
3439,Lakshadweep,10.46876,72.7182,2026-02-22 10:57:38,27.398,-0.352,34.662,2.06,0.739,259.03,16.189,0.0,1020.462,72.056,0.816,6.977,1,cyclonic,0.438,0.713,0.595,0.28,LOW,SYNTHETIC_DEMO_DATA
3440,Andaman & Nicobar,11.78196,92.64906,2026-02-22 13:52:29,29.354,1.104,31.826,1.399,0.662,355.04,11.771,7.872,1018.103,70.417,1.066,8.146,1,anticyclonic,0.457,0.634,0.725,0.385,MEDIUM,SYNTHETIC_DEMO_DATA
3441,Lakshadweep,10.63824,72.7669,2026-02-22 16:47:20,27.69,-0.06,36.405,2.16,0.784,217.11,17.554,0.0,1010.968,56.748,1.087,3.968,0,none,0.405,0.697,0.761,0.124,LOW,SYNTHETIC_DEMO_DATA
3442,Sundarbans,21.85185,89.17433,2026-02-22 19:42:11,26.45,-1.0,18.097,3.457,0.837,26.77,23.972,5.493,1005.925,75.896,1.779,6.234,0,none,0.414,0.614,0.671,0.453,MEDIUM,SYNTHETIC_DEMO_DATA
3443,Kerala Coast,9.58312,76.14324,2026-02-22 22:37:02,27.341,-0.209,32.528,2.645,1.063,303.09,15.743,12.742,1006.637,68.526,1.396,7.265,1,anticyclonic,0.374,0.577,0.792,0.343,MEDIUM,SYNTHETIC_DEMO_DATA
3444,Visakhapatnam,17.62525,83.20724,2026-02-23 01:31:53,27.648,-0.102,31.795,2.915,1.152,148.04,23.571,2.55,1008.311,66.289,0.418,9.724,0,none,0.157,0.666,0.673,0.238,LOW,SYNTHETIC_DEMO_DATA
3445,Lakshadweep,10.52349,72.60716,2026-02-23 04:26:44,26.965,-0.785,34.476,1.168,0.887,187.63,6.541,0.0,1016.06,55.007,0.21,3.132,1,cyclonic,0.344,0.454,0.645,0.341,MEDIUM,SYNTHETIC_DEMO_DATA
3446,Goa Coast,15.39711,73.98565,2026-02-23 07:21:35,26.481,-0.969,34.694,1.384,0.693,43.11,9.853,9.881,1011.102,74.774,1.668,15.906,1,cyclonic,0.492,0.75,0.571,0.439,MEDIUM,SYNTHETIC_DEMO_DATA
3447,Chennai Coast,13.2437,80.12923,2026-02-23 10:16:26,27.512,-0.938,31.946,1.615,1.299,36.46,14.145,22.142,1010.016,75.572,2.281,10.923,0,none,0.631,0.616,0.707,0.396,MEDIUM,SYNTHETIC_DEMO_DATA
3448,Mumbai Coast,18.86529,72.57248,2026-02-23 13:11:17,27.991,0.741,32.774,1.309,0.292,238.08,14.458,16.482,1021.084,83.669,1.404,9.571,1,anticyclonic,0.285,0.815,0.66,0.37,MEDIUM,SYNTHETIC_DEMO_DATA
3449,Gujarat Coast,22.27032,69.54403,2026-02-23 16:06:08,26.902,0.152,35.926,0.85,0.899,347.63,7.132,13.802,1013.35,93.643,1.628,9.436,0,none,0.713,0.727,0.829,0.214,LOW,SYNTHETIC_DEMO_DATA
3450,Kerala Coast,9.6839,76.52944,2026-02-23 19:00:59,27.717,0.167,32.162,1.72,0.702,5.97,15.059,17.729,1025.865,82.766,1.242,13.713,0,none,0.471,0.701,0.681,0.243,LOW,SYNTHETIC_DEMO_DATA
3451,Kerala Coast,10.04589,76.50653,2026-02-23 21:55:50,27.41,-0.14,34.662,2.094,0.956,72.86,9.1,22.482,994.876,97.542,1.715,15.149,0,none,0.412,0.647,0.639,0.317,MEDIUM,SYNTHETIC_DEMO_DATA
3452,Sundarbans,21.99656,89.05167,2026-02-24 00:50:41,27.913,0.463,21.353,2.874,1.068,43.52,21.791,14.628,1004.553,73.457,1.622,11.848,1,anticyclonic,0.354,0.675,0.509,0.407,MEDIUM,SYNTHETIC_DEMO_DATA
3453,Kerala Coast,10.10108,76.36304,2026-02-24 03:45:32,28.098,0.548,32.902,0.848,0.385,170.57,9.748,19.863,1003.495,70.111,1.495,11.461,0,none,0.34,0.575,0.704,0.347,MEDIUM,SYNTHETIC_DEMO_DATA
3454,Chennai Coast,13.026,80.45775,2026-02-24 06:40:24,29.515,1.065,33.215,1.727,0.786,2.35,12.353,9.084,1016.079,79.146,1.576,13.304,0,none,0.579,0.605,0.623,0.406,MEDIUM,SYNTHETIC_DEMO_DATA
3455,Andaman & Nicobar,11.9013,92.5494,2026-02-24 09:35:15,28.698,0.448,35.667,1.919,0.741,3.64,9.272,14.951,1033.057,66.705,1.953,8.314,0,none,0.45,0.659,0.696,0.303,MEDIUM,SYNTHETIC_DEMO_DATA
3456,Andaman & Nicobar,11.79325,92.87899,2026-02-24 12:30:06,25.763,-2.487,33.079,2.742,0.577,0.99,19.003,0.0,1001.269,81.23,1.258,8.596,0,none,0.512,0.592,0.365,0.616,HIGH,SYNTHETIC_DEMO_DATA
3457,Goa Coast,15.50522,73.9471,2026-02-24 15:24:57,26.645,-0.805,33.539,1.398,0.834,59.73,8.041,18.967,1009.888,66.923,1.244,13.278,0,none,0.492,0.784,0.649,0.327,MEDIUM,SYNTHETIC_DEMO_DATA
3458,Sundarbans,21.91051,89.064,2026-02-24 18:19:48,26.754,-0.696,19.871,2.106,0.606,306.56,14.06,26.841,996.464,91.77,2.1,14.485,0,none,0.584,0.748,0.563,0.469,MEDIUM,SYNTHETIC_DEMO_DATA
3459,Andaman & Nicobar,11.76547,92.72549,2026-02-24 21:14:39,28.752,0.502,32.164,0.791,0.551,99.9,7.174,8.037,993.938,77.606,1.421,8.134,0,none,0.424,0.724,0.641,0.265,LOW,SYNTHETIC_DEMO_DATA
3460,Chennai Coast,12.89012,80.3134,2026-02-25 00:09:30,28.112,-0.338,32.058,1.968,0.613,226.87,10.242,4.654,1030.933,69.169,1.128,4.747,0,none,0.377,0.644,0.673,0.254,LOW,SYNTHETIC_DEMO_DATA
3461,Kerala Coast,9.98073,76.37886,2026-02-25 03:04:21,28.666,1.116,33.265,1.531,0.814,300.48,12.672,13.225,1002.788,73.752,0.844,8.228,1,anticyclonic,0.522,0.524,0.5,0.507,MEDIUM,SYNTHETIC_DEMO_DATA
3462,Lakshadweep,10.42764,72.44172,2026-02-25 05:59:12,26.783,-0.967,32.325,2.213,0.73,42.07,12.456,13.198,1018.987,84.114,1.948,12.531,1,anticyclonic,0.504,0.634,0.626,0.392,MEDIUM,SYNTHETIC_DEMO_DATA
3463,Andaman & Nicobar,11.56331,92.62334,2026-02-25 08:54:03,28.86,0.61,33.173,1.624,0.522,305.06,7.612,10.684,1010.131,59.0,1.317,11.956,1,cyclonic,0.412,0.74,0.656,0.316,MEDIUM,SYNTHETIC_DEMO_DATA
3464,Sundarbans,22.06327,89.24321,2026-02-25 11:48:54,26.659,-0.791,20.772,1.285,0.961,40.55,12.204,34.676,1014.406,79.051,1.766,15.388,0,none,0.561,0.69,0.572,0.443,MEDIUM,SYNTHETIC_DEMO_DATA
3465,Chennai Coast,12.97266,80.73541,2026-02-25 14:43:45,28.766,0.316,32.847,1.625,0.445,4.8,14.448,0.0,1011.923,62.643,0.545,4.235,0,none,0.191,0.676,0.742,0.265,LOW,SYNTHETIC_DEMO_DATA
3466,Goa Coast,15.43211,74.13895,2026-02-25 17:38:36,28.237,0.787,34.582,0.594,0.906,142.33,2.605,16.67,1013.069,75.958,1.917,8.374,1,anticyclonic,0.566,0.785,0.775,0.349,MEDIUM,SYNTHETIC_DEMO_DATA
3467,Mumbai Coast,18.61206,73.11147,2026-02-25 20:33:27,28.01,0.76,35.824,2.342,0.455,329.67,17.487,21.806,1007.845,77.302,1.34,13.264,1,cyclonic,0.577,0.627,0.606,0.429,MEDIUM,SYNTHETIC_DEMO_DATA
3468,Visakhapatnam,18.04121,83.48844,2026-02-25 23:28:18,26.955,-0.795,33.449,1.306,0.305,262.01,14.634,12.516,1008.479,84.396,1.477,14.842,0,none,0.398,0.653,0.551,0.387,MEDIUM,SYNTHETIC_DEMO_DATA
3469,Mumbai Coast,18.94701,72.67064,2026-02-26 02:23:09,27.837,0.587,35.524,1.223,0.19,105.67,8.453,6.314,1003.455,52.441,0.774,7.613,0,none,0.36,0.638,0.763,0.294,LOW,SYNTHETIC_DEMO_DATA
3470,Andaman & Nicobar,11.75817,93.05283,2026-02-26 05:18:00,29.105,0.855,32.338,0.858,0.382,194.9,4.52,7.651,1018.692,86.457,0.858,3.458,0,none,0.384,0.69,0.64,0.284,LOW,SYNTHETIC_DEMO_DATA
3471,Visakhapatnam,17.94718,83.25728,2026-02-26 08:12:51,27.616,-0.134,32.054,2.703,1.136,93.3,23.939,17.034,1003.678,74.391,1.651,19.058,1,cyclonic,0.536,0.765,0.634,0.36,MEDIUM,SYNTHETIC_DEMO_DATA
3472,Goa Coast,15.32773,73.72587,2026-02-26 11:07:43,27.359,-0.091,32.266,2.289,0.938,194.16,13.126,7.923,1013.989,66.344,0.941,7.868,1,cyclonic,0.31,0.764,0.795,0.174,LOW,SYNTHETIC_DEMO_DATA
3473,Goa Coast,15.62973,73.5858,2026-02-26 14:02:34,28.529,1.079,30.845,2.216,0.562,37.47,12.42,18.116,1006.384,81.879,1.25,13.998,0,none,0.541,0.66,0.618,0.39,MEDIUM,SYNTHETIC_DEMO_DATA
3474,Andaman & Nicobar,11.74676,92.64533,2026-02-26 16:57:25,29.186,0.936,33.122,2.317,0.92,135.65,13.678,1.991,1008.905,89.009,0.792,2.799,0,none,0.321,0.714,0.738,0.288,LOW,SYNTHETIC_DEMO_DATA
3475,Visakhapatnam,17.4251,83.02586,2026-02-26 19:52:16,27.277,-0.473,34.758,2.357,0.709,4.0,16.785,17.933,1001.449,58.881,1.312,7.588,1,anticyclonic,0.497,0.607,0.721,0.303,MEDIUM,SYNTHETIC_DEMO_DATA
3476,Visakhapatnam,17.59014,83.14435,2026-02-26 22:47:07,27.848,0.098,32.162,1.071,0.701,359.16,12.511,4.98,1011.013,71.062,0.925,8.381,0,none,0.451,0.745,0.634,0.169,LOW,SYNTHETIC_DEMO_DATA
3477,Mumbai Coast,18.85066,72.78322,2026-02-27 01:41:58,26.727,-0.523,32.392,1.488,1.205,252.77,3.219,12.304,1009.916,92.264,1.41,9.287,1,cyclonic,0.45,0.586,0.701,0.402,MEDIUM,SYNTHETIC_DEMO_DATA
3478,Mumbai Coast,19.01667,72.65001,2026-02-27 04:36:49,26.187,-1.063,32.34,0.559,0.407,79.9,8.945,24.966,1013.79,68.924,1.011,6.763,0,none,0.444,0.626,0.511,0.452,MEDIUM,SYNTHETIC_DEMO_DATA
3479,Kerala Coast,9.90589,76.14301,2026-02-27 07:31:40,26.546,-1.004,35.225,1.225,0.948,280.35,5.346,27.552,1010.103,66.709,0.708,11.712,0,none,0.466,0.516,0.639,0.51,MEDIUM,SYNTHETIC_DEMO_DATA
3480,Goa Coast,16.0552,73.89411,2026-02-27 10:26:31,28.636,1.186,32.934,2.221,0.529,276.9,8.495,11.909,1004.795,63.954,1.395,6.017,1,anticyclonic,0.494,0.684,0.679,0.395,MEDIUM,SYNTHETIC_DEMO_DATA
3481,Goa Coast,15.55419,73.73052,2026-02-27 13:21:22,26.799,-0.651,32.957,2.32,0.574,216.4,13.237,22.629,1012.592,74.335,1.078,14.932,0,none,0.461,0.568,0.567,0.371,MEDIUM,SYNTHETIC_DEMO_DATA
3482,Visakhapatnam,17.87363,83.15246,2026-02-27 16:16:13,28.007,0.257,33.897,1.294,0.417,6.19,1.0,1.796,1004.577,64.07,0.575,5.15,0,none,0.318,0.645,0.825,0.206,LOW,SYNTHETIC_DEMO_DATA
3483,Goa Coast,15.24698,73.79122,2026-02-27 19:11:04,28.099,0.649,33.192,1.429,0.963,231.05,7.771,9.104,1004.878,66.243,1.437,5.112,0,none,0.52,0.737,0.709,0.309,MEDIUM,SYNTHETIC_DEMO_DATA
3484,Visakhapatnam,17.73986,82.78569,2026-02-27 22:05:55,27.633,-0.117,33.815,2.448,0.923,318.38,14.858,7.186,1003.392,100.0,1.138,9.3,0,none,0.379,0.6,0.718,0.215,LOW,SYNTHETIC_DEMO_DATA
3485,Kerala Coast,10.03034,75.97088,2026-02-28 01:00:46,28.427,0.877,33.622,1.366,0.455,192.75,7.399,12.574,1010.876,72.203,1.395,5.952,1,anticyclonic,0.515,0.546,0.664,0.415,MEDIUM,SYNTHETIC_DEMO_DATA
3486,Sundarbans,22.19085,88.98008,2026-02-28 03:55:37,27.087,-0.363,22.031,2.296,0.744,13.95,13.32,11.921,1007.143,69.756,1.47,11.432,0,none,0.371,0.64,0.606,0.341,MEDIUM,SYNTHETIC_DEMO_DATA
3487,Chennai Coast,12.82502,80.19437,2026-02-28 06:50:28,28.23,-0.22,31.491,1.124,0.942,14.92,1.0,9.961,1008.592,73.412,1.227,6.21,0,none,0.332,0.702,0.778,0.249,LOW,SYNTHETIC_DEMO_DATA
3488,Lakshadweep,10.56009,72.50356,2026-02-28 09:45:19,28.613,0.863,36.272,2.243,0.833,112.68,16.856,7.227,1024.401,87.933,1.529,9.84,0,none,0.399,0.713,0.621,0.318,MEDIUM,SYNTHETIC_DEMO_DATA
3489,Kerala Coast,9.53129,76.22643,2026-02-28 12:40:11,28.534,0.984,36.723,1.196,1.011,219.03,7.386,10.022,1015.272,56.288,1.404,9.394,1,anticyclonic,0.426,0.591,0.608,0.434,MEDIUM,SYNTHETIC_DEMO_DATA
3490,Goa Coast,15.36334,73.88357,2026-02-28 15:35:02,28.159,0.709,33.667,1.869,0.7,311.22,10.003,4.834,1026.985,71.818,0.709,6.815,0,none,0.49,0.562,0.656,0.322,MEDIUM,SYNTHETIC_DEMO_DATA
3491,Odisha Coast,19.82978,85.8411,2026-02-28 18:29:53,27.691,-0.559,28.815,1.56,0.58,211.86,9.811,19.506,1008.851,81.607,1.497,9.268,0,none,0.421,0.786,0.634,0.392,MEDIUM,SYNTHETIC_DEMO_DATA
3492,Gujarat Coast,22.28517,69.65323,2026-02-28 21:24:44,27.504,0.754,35.953,1.605,0.886,229.07,10.507,2.075,1022.892,70.364,0.627,4.017,1,cyclonic,0.353,0.532,0.683,0.441,MEDIUM,SYNTHETIC_DEMO_DATA
3493,Chennai Coast,12.90319,80.3748,2026-03-01 00:19:35,30.2,1.0,35.939,1.262,0.875,156.54,9.121,15.994,1005.544,80.499,1.293,7.87,0,none,0.493,0.66,0.717,0.425,MEDIUM,SYNTHETIC_DEMO_DATA
3494,Goa Coast,15.49309,73.73155,2026-03-01 03:14:26,27.122,-1.078,34.3,1.939,0.828,323.38,10.848,10.405,1006.436,56.616,0.749,7.681,0,none,0.264,0.595,0.549,0.405,MEDIUM,SYNTHETIC_DEMO_DATA
3495,Lakshadweep,10.27415,72.75752,2026-03-01 06:09:17,28.609,0.109,32.554,1.275,0.551,197.05,9.433,11.434,1022.072,73.888,1.19,11.543,0,none,0.399,0.576,0.757,0.221,LOW,SYNTHETIC_DEMO_DATA
3496,Mumbai Coast,19.00821,73.01192,2026-03-01 09:04:08,28.28,0.28,33.312,2.109,1.178,124.29,15.106,25.335,1000.605,60.181,1.573,14.219,1,anticyclonic,0.315,0.567,0.722,0.303,MEDIUM,SYNTHETIC_DEMO_DATA
3497,Odisha Coast,19.93582,85.91874,2026-03-01 11:58:59,28.08,-0.92,31.704,1.768,0.438,319.68,16.499,7.072,1010.798,71.987,1.811,6.004,0,none,0.598,0.741,0.611,0.397,MEDIUM,SYNTHETIC_DEMO_DATA
3498,Kerala Coast,10.20106,75.97017,2026-03-01 14:53:50,28.422,0.122,33.582,1.567,0.524,2.26,14.455,28.781,1024.818,84.336,1.713,14.499,1,cyclonic,0.362,0.674,0.601,0.373,MEDIUM,SYNTHETIC_DEMO_DATA
3499,Odisha Coast,19.86451,86.12302,2026-03-01 17:48:41,28.926,-0.074,31.519,1.516,0.652,93.93,7.25,8.109,1009.599,66.861,0.351,3.752,1,anticyclonic,0.301,0.714,0.807,0.285,LOW,SYNTHETIC_DEMO_DATA
3500,Kerala Coast,9.82715,76.28422,2026-03-01 20:43:32,28.42,0.12,31.451,1.951,0.777,76.19,13.892,19.854,1011.957,68.202,1.434,11.911,0,none,0.53,0.8,0.863,0.257,LOW,SYNTHETIC_DEMO_DATA
3501,Sundarbans,21.64277,89.04889,2026-03-01 23:38:23,27.972,-0.228,22.614,1.546,1.33,118.86,10.026,28.737,1006.01,83.194,1.603,13.618,1,anticyclonic,0.446,0.604,0.722,0.301,MEDIUM,SYNTHETIC_DEMO_DATA
3502,Gujarat Coast,22.00548,69.5896,2026-03-02 02:33:14,28.711,1.211,36.68,1.344,0.67,354.76,10.319,8.265,1014.824,63.739,0.825,10.455,1,cyclonic,0.307,0.594,0.538,0.532,MEDIUM,SYNTHETIC_DEMO_DATA
3503,Chennai Coast,13.22833,80.10023,2026-03-02 05:28:05,29.353,0.153,31.84,1.347,0.602,57.2,9.734,3.371,1008.499,90.54,1.44,10.853,0,none,0.525,0.699,0.619,0.241,LOW,SYNTHETIC_DEMO_DATA
3504,Visakhapatnam,17.44285,83.35194,2026-03-02 08:22:56,27.557,-0.943,32.391,1.709,0.699,129.9,10.471,4.848,989.648,86.142,0.78,2.641,0,none,0.352,0.84,0.661,0.353,MEDIUM,SYNTHETIC_DEMO_DATA
3505,Sundarbans,22.07993,89.3275,2026-03-02 11:17:47,28.629,0.429,20.999,0.82,1.022,238.99,3.855,16.413,1019.388,82.785,1.289,5.635,0,none,0.401,0.893,0.54,0.27,LOW,SYNTHETIC_DEMO_DATA
3506,Andaman & Nicobar,11.25338,92.34341,2026-03-02 14:12:39,28.793,-0.207,35.009,1.08,0.465,200.62,6.078,0.0,1025.728,82.871,0.067,0.77,1,anticyclonic,0.154,0.702,0.771,0.176,LOW,SYNTHETIC_DEMO_DATA
3507,Andaman & Nicobar,11.54942,92.81832,2026-03-02 17:07:30,27.774,-1.226,31.86,2.846,0.873,190.45,20.7,17.582,1014.082,55.122,1.949,8.431,1,anticyclonic,0.553,0.687,0.714,0.491,MEDIUM,SYNTHETIC_DEMO_DATA
3508,Andaman & Nicobar,11.84127,92.61125,2026-03-02 20:02:21,29.624,0.624,32.919,1.335,0.836,30.71,10.906,11.605,1032.911,75.444,1.443,7.004,1,cyclonic,0.498,0.785,0.717,0.26,LOW,SYNTHETIC_DEMO_DATA
3509,Sundarbans,22.17284,89.41316,2026-03-02 22:57:12,27.201,-0.999,19.997,1.819,0.349,199.54,15.665,25.148,998.165,88.559,2.305,14.604,0,none,0.669,0.651,0.602,0.481,MEDIUM,SYNTHETIC_DEMO_DATA
3510,Chennai Coast,13.04985,80.31241,2026-03-03 01:52:03,28.757,-0.443,32.745,1.587,0.544,147.65,5.902,12.308,1007.751,84.387,1.647,9.39,0,none,0.424,0.807,0.646,0.244,LOW,SYNTHETIC_DEMO_DATA
3511,Lakshadweep,10.47767,72.58588,2026-03-03 04:46:54,29.078,0.578,35.101,2.499,0.854,50.03,14.823,4.735,1012.434,66.101,1.112,6.927,0,none,0.35,0.702,0.704,0.273,LOW,SYNTHETIC_DEMO_DATA
3512,Mumbai Coast,19.08368,72.80473,2026-03-03 07:41:45,27.388,-0.612,34.096,2.079,0.852,354.01,15.158,17.097,1017.039,84.114,1.53,11.277,0,none,0.434,0.566,0.515,0.354,MEDIUM,SYNTHETIC_DEMO_DATA
3513,Odisha Coast,19.69471,85.81824,2026-03-03 10:36:36,29.786,0.786,31.63,2.585,0.558,209.43,17.162,10.686,1012.959,83.576,1.809,10.6,1,cyclonic,0.496,0.706,0.62,0.456,MEDIUM,SYNTHETIC_DEMO_DATA
3514,Odisha Coast,19.5163,85.92671,2026-03-03 13:31:27,29.042,0.042,30.343,1.941,0.928,15.04,14.772,4.826,986.649,51.431,1.319,13.789,0,none,0.362,0.616,0.691,0.277,LOW,SYNTHETIC_DEMO_DATA
3515,Visakhapatnam,17.89838,83.28913,2026-03-03 16:26:18,27.28,-1.22,31.914,2.106,0.564,324.8,18.766,18.694,1010.827,75.423,1.763,14.11,0,none,0.472,0.65,0.47,0.495,MEDIUM,SYNTHETIC_DEMO_DATA
3516,Lakshadweep,10.41685,72.18085,2026-03-03 19:21:09,27.711,-0.789,36.21,0.981,0.815,126.7,10.455,12.356,1020.409,86.642,1.994,7.04,1,anticyclonic,0.605,0.728,0.581,0.235,LOW,SYNTHETIC_DEMO_DATA
3517,Odisha Coast,19.62481,85.65254,2026-03-03 22:16:00,29.437,0.437,31.38,1.24,0.885,43.47,8.837,7.413,988.626,59.552,1.592,8.33,0,none,0.439,0.681,0.513,0.397,MEDIUM,SYNTHETIC_DEMO_DATA
3518,Lakshadweep,10.95819,72.78018,2026-03-04 01:10:51,28.449,-0.051,33.075,2.087,1.224,356.06,12.01,18.655,1016.598,86.734,1.708,12.823,1,anticyclonic,0.497,0.621,0.79,0.26,LOW,SYNTHETIC_DEMO_DATA
3519,Gujarat Coast,21.7766,69.64697,2026-03-04 04:05:42,27.58,0.08,34.368,0.997,1.105,276.34,9.021,15.211,1002.585,60.334,1.984,9.096,0,none,0.542,0.699,0.73,0.252,LOW,SYNTHETIC_DEMO_DATA
3520,Lakshadweep,10.90626,72.53017,2026-03-04 07:00:33,28.519,0.019,33.656,0.93,0.818,282.58,4.625,13.023,1015.005,96.9,1.134,7.13,1,cyclonic,0.498,0.719,0.801,0.217,LOW,SYNTHETIC_DEMO_DATA
3521,Andaman & Nicobar,11.35151,92.64583,2026-03-04 09:55:24,27.764,-1.236,33.237,0.695,0.702,309.84,3.345,1.768,1009.982,76.128,0.494,4.227,0,none,0.281,0.582,0.591,0.331,MEDIUM,SYNTHETIC_DEMO_DATA
3522,Chennai Coast,13.24488,80.5327,2026-03-04 12:50:15,30.739,1.539,34.759,1.992,0.739,61.52,13.753,4.023,995.314,72.786,1.444,8.108,1,cyclonic,0.38,0.47,0.566,0.541,MEDIUM,SYNTHETIC_DEMO_DATA
3523,Andaman & Nicobar,11.81931,92.72171,2026-03-04 15:45:07,28.802,-0.198,31.968,2.164,0.966,266.01,22.424,19.785,1016.281,53.268,2.037,11.449,0,none,0.619,0.678,0.8,0.267,LOW,SYNTHETIC_DEMO_DATA
3524,Odisha Coast,19.91542,85.89109,2026-03-04 18:39:58,29.755,0.755,29.721,1.959,1.02,38.07,16.732,8.653,1011.422,72.526,0.865,10.856,0,none,0.406,0.582,0.554,0.421,MEDIUM,SYNTHETIC_DEMO_DATA
3525,Visakhapatnam,17.59638,83.3782,2026-03-04 21:34:49,27.336,-1.164,32.209,1.673,1.211,183.01,9.874,3.392,1020.6,60.516,0.641,4.193,1,cyclonic,0.181,0.578,0.665,0.451,MEDIUM,SYNTHETIC_DEMO_DATA
3526,Visakhapatnam,17.75925,83.45939,2026-03-05 00:29:40,31.613,3.113,32.939,1.672,1.168,162.69,10.107,6.489,1011.069,77.166,1.579,3.285,1,anticyclonic,0.383,0.383,0.393,0.833,CRITICAL,SYNTHETIC_DEMO_DATA
3527,Odisha Coast,20.07344,86.09073,2026-03-05 03:24:31,29.619,0.619,29.037,2.214,0.877,208.29,11.0,27.822,993.059,48.921,2.02,13.547,1,cyclonic,0.556,0.647,0.538,0.526,MEDIUM,SYNTHETIC_DEMO_DATA
3528,Sundarbans,21.9109,89.23811,2026-03-05 06:19:22,28.661,0.461,22.622,1.845,0.879,40.15,10.027,11.817,1013.515,80.159,0.873,8.775,0,none,0.428,0.729,0.788,0.271,LOW,SYNTHETIC_DEMO_DATA
3529,Odisha Coast,19.44661,85.7774,2026-03-05 09:14:13,29.209,0.209,30.505,2.156,0.615,275.35,19.21,26.797,1011.445,75.277,2.309,18.483,0,none,0.614,0.76,0.66,0.339,MEDIUM,SYNTHETIC_DEMO_DATA
3530,Odisha Coast,19.82931,85.72115,2026-03-05 12:09:04,28.743,-0.257,31.297,1.926,1.25,84.16,11.043,8.931,1000.929,68.92,1.628,7.809,0,none,0.383,0.744,0.724,0.257,LOW,SYNTHETIC_DEMO_DATA
3531,Chennai Coast,13.2817,80.71768,2026-03-05 15:03:55,30.256,1.056,35.707,1.868,0.329,92.37,14.916,0.0,1013.108,79.794,0.05,5.571,1,anticyclonic,0.209,0.558,0.7,0.414,MEDIUM,SYNTHETIC_DEMO_DATA
3532,Sundarbans,22.3743,89.30582,2026-03-05 17:58:46,29.15,0.95,21.139,1.883,0.709,116.39,10.979,23.611,1009.631,90.292,1.787,13.799,1,cyclonic,0.496,0.602,0.583,0.532,MEDIUM,SYNTHETIC_DEMO_DATA
3533,Sundarbans,21.83838,89.40508,2026-03-05 20:53:37,28.995,0.795,22.676,2.706,1.441,0.14,19.846,15.845,1010.941,82.301,1.369,8.155,1,anticyclonic,0.439,0.583,0.603,0.478,MEDIUM,SYNTHETIC_DEMO_DATA
3534,Lakshadweep,10.66333,72.49423,2026-03-05 23:48:28,30.259,1.759,34.222,1.461,0.413,39.03,15.554,2.925,1004.915,61.914,1.133,11.014,0,none,0.515,0.545,0.639,0.475,MEDIUM,SYNTHETIC_DEMO_DATA
3535,Sundarbans,21.71468,89.54199,2026-03-06 02:43:19,28.112,-0.088,21.083,1.292,0.76,288.21,9.173,12.23,1019.334,75.483,1.513,8.823,1,cyclonic,0.466,0.7,0.707,0.32,MEDIUM,SYNTHETIC_DEMO_DATA
3536,Sundarbans,21.71008,89.75993,2026-03-06 05:38:10,27.524,-0.676,21.22,1.545,0.388,252.08,9.196,0.0,1016.113,80.759,1.241,7.295,0,none,0.382,0.587,0.582,0.407,MEDIUM,SYNTHETIC_DEMO_DATA
3537,Sundarbans,21.81509,89.3418,2026-03-06 08:33:01,28.365,0.165,20.804,2.416,0.753,81.69,18.496,15.556,1003.103,62.22,0.707,10.993,0,none,0.433,0.531,0.645,0.352,MEDIUM,SYNTHETIC_DEMO_DATA
3538,Odisha Coast,20.18127,85.9183,2026-03-06 11:27:52,29.238,0.238,31.007,1.429,0.725,327.75,9.507,19.392,1010.274,74.361,1.972,11.253,0,none,0.533,0.645,0.755,0.317,MEDIUM,SYNTHETIC_DEMO_DATA
3539,Mumbai Coast,19.12443,72.81519,2026-03-06 14:22:43,27.369,-0.631,34.407,1.381,1.052,304.18,15.161,10.708,1019.718,84.651,1.46,12.143,1,anticyclonic,0.381,0.514,0.659,0.396,MEDIUM,SYNTHETIC_DEMO_DATA
3540,Andaman & Nicobar,11.31527,92.80585,2026-03-06 17:17:35,29.928,0.928,32.556,2.442,0.993,34.79,15.761,13.663,1012.788,87.965,0.984,8.466,1,anticyclonic,0.254,0.506,0.586,0.447,MEDIUM,SYNTHETIC_DEMO_DATA
3541,Goa Coast,15.74856,74.02048,2026-03-06 20:12:26,27.971,-0.229,33.449,1.721,0.904,3.49,7.865,13.425,994.891,69.512,0.805,8.646,0,none,0.605,0.903,0.643,0.222,LOW,SYNTHETIC_DEMO_DATA
3542,Mumbai Coast,18.6798,72.86473,2026-03-06 23:07:17,28.696,0.696,34.449,1.46,0.395,54.18,11.29,13.075,1019.366,79.738,1.165,9.178,0,none,0.538,0.51,0.578,0.379,MEDIUM,SYNTHETIC_DEMO_DATA
3543,Sundarbans,21.57852,88.89133,2026-03-07 02:02:08,29.868,1.668,18.68,2.346,0.223,198.33,14.812,34.925,1030.561,60.235,2.078,18.903,0,none,0.652,0.478,0.487,0.658,HIGH,SYNTHETIC_DEMO_DATA
3544,Goa Coast,15.58037,73.51151,2026-03-07 04:56:59,28.949,0.749,34.8,2.123,0.665,94.59,12.88,7.24,1008.24,60.629,1.554,11.201,1,cyclonic,0.495,0.769,0.483,0.389,MEDIUM,SYNTHETIC_DEMO_DATA
3545,Sundarbans,22.14066,89.41535,2026-03-07 07:51:50,28.485,0.285,21.59,1.861,1.023,75.45,13.949,14.378,1016.733,90.648,1.785,13.315,1,anticyclonic,0.441,0.761,0.759,0.352,MEDIUM,SYNTHETIC_DEMO_DATA
3546,Gujarat Coast,22.34893,69.64266,2026-03-07 10:46:41,26.234,-1.266,34.53,1.508,0.511,215.12,15.783,14.588,1007.388,81.755,1.678,5.792,0,none,0.422,0.651,0.702,0.451,MEDIUM,SYNTHETIC_DEMO_DATA
3547,Kerala Coast,9.9996,75.87511,2026-03-07 13:41:32,29.97,1.67,32.366,1.816,0.837,266.04,15.236,19.189,1020.058,84.076,1.032,16.142,1,cyclonic,0.494,0.535,0.29,0.723,HIGH,SYNTHETIC_DEMO_DATA
3548,Andaman & Nicobar,11.86241,92.48365,2026-03-07 16:36:23,28.207,-0.793,33.03,1.695,0.29,16.1,13.303,11.409,1014.889,58.175,0.746,9.559,1,anticyclonic,0.455,0.654,0.557,0.351,MEDIUM,SYNTHETIC_DEMO_DATA
3549,Chennai Coast,13.34462,80.11127,2026-03-07 19:31:14,29.009,-0.191,33.121,1.538,0.675,162.56,10.552,6.739,1010.208,72.174,0.883,4.123,0,none,0.287,0.535,0.833,0.191,LOW,SYNTHETIC_DEMO_DATA
3550,Gujarat Coast,21.85525,69.74866,2026-03-07 22:26:05,27.671,0.171,34.156,1.299,0.333,27.78,11.66,1.064,1012.852,83.308,0.638,6.517,1,cyclonic,0.366,0.668,0.799,0.239,LOW,SYNTHETIC_DEMO_DATA
3551,Kerala Coast,9.92003,76.2157,2026-03-08 01:20:56,29.468,1.168,32.39,2.438,1.067,131.03,14.302,21.695,1009.904,100.0,1.586,7.948,1,cyclonic,0.525,0.634,0.57,0.556,MEDIUM,SYNTHETIC_DEMO_DATA
3552,Mumbai Coast,18.90006,72.73588,2026-03-08 04:15:47,28.288,0.288,34.728,1.245,0.757,187.38,5.056,16.795,1003.121,42.072,1.551,14.169,0,none,0.376,0.707,0.587,0.265,LOW,SYNTHETIC_DEMO_DATA
3553,Lakshadweep,10.52528,72.88192,2026-03-08 07:10:38,28.084,-0.416,36.367,1.633,0.33,285.26,13.443,1.93,999.021,69.73,0.982,4.647,1,cyclonic,0.347,0.714,0.636,0.271,LOW,SYNTHETIC_DEMO_DATA
3554,Goa Coast,15.67203,73.67079,2026-03-08 10:05:29,27.716,-0.484,33.385,1.936,0.917,301.67,11.482,10.336,999.027,82.817,1.639,9.943,0,none,0.496,0.723,0.74,0.231,LOW,SYNTHETIC_DEMO_DATA
3555,Kerala Coast,9.73503,76.49662,2026-03-08 13:00:20,28.484,0.184,32.855,1.72,0.509,267.83,4.628,17.317,1009.172,74.842,1.112,6.913,0,none,0.474,0.668,0.762,0.19,LOW,SYNTHETIC_DEMO_DATA
3556,Kerala Coast,9.95821,76.3857,2026-03-08 15:55:11,28.951,0.651,32.513,2.631,0.561,186.69,20.304,12.461,995.834,83.278,1.36,10.186,0,none,0.385,0.69,0.764,0.414,MEDIUM,SYNTHETIC_DEMO_DATA
3557,Goa Coast,15.67254,73.82451,2026-03-08 18:50:03,28.967,0.767,32.097,2.26,0.903,32.28,13.65,19.802,1007.504,100.0,1.616,12.72,0,none,0.597,0.613,0.682,0.402,MEDIUM,SYNTHETIC_DEMO_DATA
3558,Chennai Coast,12.66529,80.59181,2026-03-08 21:44:54,29.057,-0.143,33.078,1.796,0.598,153.76,13.929,5.614,1027.047,84.963,1.228,8.986,1,cyclonic,0.25,0.811,0.685,0.21,LOW,SYNTHETIC_DEMO_DATA
3559,Odisha Coast,20.0493,86.05464,2026-03-09 00:39:45,27.688,-1.312,29.931,2.38,0.707,292.99,18.637,14.407,1018.871,80.16,1.085,13.158,1,cyclonic,0.407,0.584,0.655,0.566,MEDIUM,SYNTHETIC_DEMO_DATA
3560,Kerala Coast,10.16624,76.25737,2026-03-09 03:34:36,27.78,-0.52,33.639,2.236,0.808,6.31,21.285,18.302,1009.434,70.003,1.05,14.438,0,none,0.435,0.56,0.549,0.396,MEDIUM,SYNTHETIC_DEMO_DATA
3561,Sundarbans,21.88762,89.34173,2026-03-09 06:29:27,27.733,-0.467,22.745,2.158,0.599,151.84,11.459,6.993,1024.82,70.18,1.329,9.986,0,none,0.414,0.747,0.773,0.285,LOW,SYNTHETIC_DEMO_DATA
3562,Odisha Coast,19.99742,85.82122,2026-03-09 09:24:18,28.173,-0.827,28.104,1.271,0.594,194.51,7.378,4.712,1008.347,85.876,1.318,7.177,0,none,0.51,0.619,0.704,0.352,MEDIUM,SYNTHETIC_DEMO_DATA
3563,Kerala Coast,10.06152,76.33041,2026-03-09 12:19:09,28.531,0.231,34.523,1.95,0.669,140.93,14.066,21.025,1008.389,56.798,1.67,15.495,1,anticyclonic,0.551,0.717,0.65,0.347,MEDIUM,SYNTHETIC_DEMO_DATA
3564,Goa Coast,15.44383,73.74257,2026-03-09 15:14:00,28.359,0.159,33.973,2.053,0.873,81.87,12.865,9.714,1013.469,68.264,2.017,10.659,0,none,0.402,0.752,0.767,0.203,LOW,SYNTHETIC_DEMO_DATA
3565,Goa Coast,15.08045,73.36416,2026-03-09 18:08:51,27.293,-0.907,31.513,2.26,0.889,237.21,9.31,9.764,999.288,79.087,0.809,5.003,1,anticyclonic,0.285,0.541,0.52,0.358,MEDIUM,SYNTHETIC_DEMO_DATA
3566,Visakhapatnam,17.38289,83.09804,2026-03-09 21:03:42,28.256,-0.244,34.01,1.239,0.863,1.72,14.327,5.536,1014.879,80.869,0.253,10.061,0,none,0.392,0.616,0.729,0.222,LOW,SYNTHETIC_DEMO_DATA
3567,Kerala Coast,10.13297,76.30024,2026-03-09 23:58:33,28.807,0.507,33.382,1.005,0.488,234.18,8.4,32.563,1001.116,72.298,1.951,19.518,0,none,0.468,0.681,0.467,0.38,MEDIUM,SYNTHETIC_DEMO_DATA
3568,Odisha Coast,19.74935,85.67351,2026-03-10 02:53:24,28.386,-0.614,31.367,1.611,1.194,62.23,11.583,26.516,1008.533,75.547,1.711,14.716,0,none,0.687,0.804,0.658,0.313,MEDIUM,SYNTHETIC_DEMO_DATA
3569,Goa Coast,15.55439,73.7242,2026-03-10 05:48:15,28.557,0.357,34.577,1.618,1.149,142.23,15.193,4.279,1001.412,74.316,0.587,7.254,0,none,0.326,0.692,0.669,0.289,LOW,SYNTHETIC_DEMO_DATA
3570,Visakhapatnam,17.60824,83.25268,2026-03-10 08:43:06,29.206,0.706,32.703,1.745,0.402,41.99,9.103,16.854,999.475,70.877,1.666,12.368,1,anticyclonic,0.485,0.645,0.552,0.389,MEDIUM,SYNTHETIC_DEMO_DATA
3571,Goa Coast,15.19424,73.69701,2026-03-10 11:37:57,28.422,0.222,32.329,2.028,0.695,348.22,11.317,1.261,1006.56,88.184,1.02,2.497,0,none,0.309,0.785,0.689,0.208,LOW,SYNTHETIC_DEMO_DATA
3572,Andaman & Nicobar,12.18397,92.53899,2026-03-10 14:32:48,27.408,-1.592,30.92,2.965,0.714,57.29,21.898,17.887,1018.236,84.726,1.922,15.766,0,none,0.453,0.412,0.53,0.509,MEDIUM,SYNTHETIC_DEMO_DATA
3573,Gujarat Coast,22.04267,69.38938,2026-03-10 17:27:39,26.567,-0.933,33.785,2.354,0.532,4.78,15.747,6.037,1008.87,58.591,1.399,3.379,1,cyclonic,0.327,0.573,0.66,0.403,MEDIUM,SYNTHETIC_DEMO_DATA
3574,Chennai Coast,13.14343,80.51638,2026-03-10 20:22:30,29.06,-0.14,33.125,1.761,0.835,161.95,11.641,13.94,1021.933,77.253,1.94,12.985,0,none,0.512,0.644,0.749,0.278,LOW,SYNTHETIC_DEMO_DATA
3575,Lakshadweep,10.56873,72.56979,2026-03-10 23:17:22,29.667,1.167,34.575,1.983,0.52,224.94,10.838,3.804,1014.397,76.926,0.545,5.786,1,cyclonic,0.28,0.506,0.569,0.454,MEDIUM,SYNTHETIC_DEMO_DATA
3576,Gujarat Coast,22.32961,69.30904,2026-03-11 02:12:13,26.36,-1.14,36.035,1.066,0.606,124.62,12.652,0.0,1016.634,62.474,0.323,4.902,1,cyclonic,0.353,0.59,0.6,0.495,MEDIUM,SYNTHETIC_DEMO_DATA
3577,Gujarat Coast,22.13633,69.78294,2026-03-11 05:07:04,27.618,0.118,34.32,1.701,0.536,330.3,8.357,0.0,1014.33,89.14,0.375,5.722,0,none,0.396,0.588,0.73,0.206,LOW,SYNTHETIC_DEMO_DATA
3578,Andaman & Nicobar,12.02217,92.35026,2026-03-11 08:01:55,28.973,-0.027,30.348,1.35,0.593,268.73,10.194,32.644,1004.874,89.432,2.2,18.675,1,cyclonic,0.685,0.688,0.639,0.263,LOW,SYNTHETIC_DEMO_DATA
3579,Andaman & Nicobar,12.02492,92.54481,2026-03-11 10:56:46,28.055,-0.945,33.411,1.462,0.944,146.73,13.092,9.753,1010.175,61.389,1.281,3.177,1,anticyclonic,0.398,0.606,0.607,0.391,MEDIUM,SYNTHETIC_DEMO_DATA
3580,Sundarbans,21.90895,89.08711,2026-03-11 13:51:37,27.116,-1.084,21.355,2.015,0.928,232.91,12.738,12.304,1021.157,76.504,2.312,10.17,0,none,0.587,0.831,0.516,0.509,MEDIUM,SYNTHETIC_DEMO_DATA
3581,Andaman & Nicobar,12.06761,92.62856,2026-03-11 16:46:28,30.196,1.196,32.447,2.677,1.225,275.38,22.615,7.198,1004.831,86.36,0.21,7.839,0,none,0.37,0.58,0.69,0.448,MEDIUM,SYNTHETIC_DEMO_DATA
3582,Goa Coast,15.29091,73.73721,2026-03-11 19:41:19,28.479,0.279,32.117,2.255,0.716,151.14,19.036,16.649,1011.572,78.733,1.379,16.599,0,none,0.431,0.587,0.676,0.27,LOW,SYNTHETIC_DEMO_DATA
3583,Visakhapatnam,17.7646,83.01956,2026-03-11 22:36:10,28.095,-0.405,34.41,2.2,0.955,152.46,17.376,0.0,1013.563,74.065,0.566,3.429,0,none,0.452,0.6,0.716,0.29,LOW,SYNTHETIC_DEMO_DATA
3584,Chennai Coast,13.13712,80.19944,2026-03-12 01:31:01,29.907,0.707,33.862,1.559,0.76,5.32,7.357,16.204,1008.396,56.643,1.591,10.824,0,none,0.309,0.78,0.586,0.323,MEDIUM,SYNTHETIC_DEMO_DATA
3585,Goa Coast,15.7127,73.89738,2026-03-12 04:25:52,27.787,-0.413,33.923,1.269,0.775,326.91,6.176,0.557,1018.998,79.302,1.098,3.964,1,cyclonic,0.424,0.759,0.687,0.253,LOW,SYNTHETIC_DEMO_DATA
3586,Visakhapatnam,17.51972,83.26022,2026-03-12 07:20:43,28.067,-0.433,34.013,2.353,0.581,229.65,14.35,1.589,1021.469,72.389,0.89,7.062,0,none,0.374,0.816,0.732,0.233,LOW,SYNTHETIC_DEMO_DATA
3587,Kerala Coast,9.68677,76.20138,2026-03-12 10:15:34,27.614,-0.686,32.387,2.136,0.697,150.28,12.467,22.471,1000.329,80.609,1.393,10.899,1,anticyclonic,0.598,0.594,0.752,0.397,MEDIUM,SYNTHETIC_DEMO_DATA
3588,Gujarat Coast,22.25479,69.55249,2026-03-12 13:10:25,26.616,-0.884,33.692,1.633,0.758,7.43,9.616,23.077,1026.72,88.131,2.235,11.893,1,anticyclonic,0.598,0.667,0.783,0.443,MEDIUM,SYNTHETIC_DEMO_DATA
3589,Gujarat Coast,22.82606,69.75567,2026-03-12 16:05:16,26.959,-0.541,34.098,2.375,1.136,128.48,18.219,0.0,1011.385,90.297,0.731,7.636,1,cyclonic,0.296,0.579,0.534,0.352,MEDIUM,SYNTHETIC_DEMO_DATA
3590,Lakshadweep,10.51432,72.72975,2026-03-12 19:00:07,29.184,0.684,34.544,1.703,0.821,146.93,9.401,22.832,1005.078,61.808,1.577,16.515,0,none,0.512,0.581,0.576,0.319,MEDIUM,SYNTHETIC_DEMO_DATA
3591,Odisha Coast,19.62831,85.50828,2026-03-12 21:54:58,29.056,0.056,30.291,1.692,0.611,238.31,7.689,17.865,1023.46,87.83,2.032,13.871,0,none,0.434,0.515,0.824,0.301,MEDIUM,SYNTHETIC_DEMO_DATA
3592,Visakhapatnam,17.72708,83.38201,2026-03-13 00:49:50,27.709,-0.791,32.648,0.792,0.572,149.08,3.31,2.568,1008.197,64.275,1.103,6.691,0,none,0.293,0.713,0.585,0.237,LOW,SYNTHETIC_DEMO_DATA
3593,Lakshadweep,10.7078,72.65825,2026-03-13 03:44:41,27.672,-0.828,32.607,0.774,0.735,46.35,5.094,28.115,1008.007,66.584,2.35,14.373,0,none,0.638,0.694,0.693,0.293,LOW,SYNTHETIC_DEMO_DATA
3594,Mumbai Coast,18.81918,72.83463,2026-03-13 06:39:32,29.091,1.091,32.801,1.438,0.621,2.45,4.894,17.332,1016.71,93.607,2.072,13.409,1,anticyclonic,0.664,0.645,0.395,0.514,MEDIUM,SYNTHETIC_DEMO_DATA
3595,Visakhapatnam,17.52973,83.16315,2026-03-13 09:34:23,27.906,-0.594,33.245,0.517,0.369,146.02,2.755,12.745,1017.094,57.005,1.31,10.115,1,cyclonic,0.399,0.531,0.501,0.409,MEDIUM,SYNTHETIC_DEMO_DATA
3596,Visakhapatnam,17.45349,83.29391,2026-03-13 12:29:14,28.01,-0.49,34.389,1.306,0.803,14.92,11.827,12.857,1013.194,95.726,1.701,9.728,1,anticyclonic,0.609,0.741,0.644,0.274,LOW,SYNTHETIC_DEMO_DATA
3597,Chennai Coast,12.87536,80.1474,2026-03-13 15:24:05,28.282,-0.918,36.453,2.531,0.629,238.77,21.339,0.0,1009.536,71.891,0.805,6.033,0,none,0.241,0.659,0.535,0.38,MEDIUM,SYNTHETIC_DEMO_DATA
3598,Mumbai Coast,18.74513,72.67444,2026-03-13 18:18:56,27.996,-0.004,32.302,1.685,0.889,7.17,17.905,20.848,1024.912,81.689,1.553,13.468,1,anticyclonic,0.414,0.549,0.694,0.272,LOW,SYNTHETIC_DEMO_DATA
3599,Visakhapatnam,17.92674,83.32121,2026-03-13 21:13:47,28.813,0.313,31.25,2.417,1.114,28.11,17.389,23.165,1010.985,79.562,1.985,13.59,0,none,0.584,0.708,0.67,0.217,LOW,SYNTHETIC_DEMO_DATA
3600,Gujarat Coast,22.15116,69.35449,2026-03-14 00:08:38,28.993,1.493,35.008,1.44,0.665,172.14,9.735,3.924,1002.172,69.785,1.522,2.598,0,none,0.482,0.447,0.657,0.515,MEDIUM,SYNTHETIC_DEMO_DATA
3601,Kerala Coast,9.76969,76.27831,2026-03-14 03:03:29,27.926,-0.374,33.911,1.365,0.831,57.4,7.974,19.596,1005.511,75.016,1.969,13.416,0,none,0.489,0.646,0.696,0.309,MEDIUM,SYNTHETIC_DEMO_DATA
3602,Gujarat Coast,22.25328,69.73225,2026-03-14 05:58:20,27.511,0.011,35.008,1.169,1.127,142.84,8.208,6.434,1020.275,86.383,1.275,7.601,0,none,0.586,0.541,0.657,0.229,LOW,SYNTHETIC_DEMO_DATA
3603,Odisha Coast,19.62157,85.67982,2026-03-14 08:53:11,28.342,-0.658,31.379,1.753,1.005,188.27,11.14,5.759,1014.397,78.247,0.996,6.699,1,anticyclonic,0.388,0.671,0.709,0.315,MEDIUM,SYNTHETIC_DEMO_DATA
3604,Gujarat Coast,22.01393,69.64356,2026-03-14 11:48:02,27.359,-0.141,33.463,1.733,0.991,167.49,10.679,0.0,1011.893,100.0,0.668,6.443,1,cyclonic,0.3,0.759,0.926,0.231,LOW,SYNTHETIC_DEMO_DATA
3605,Lakshadweep,10.6781,72.15756,2026-03-14 14:42:53,30.821,2.321,36.204,2.739,0.771,52.73,19.659,4.483,1012.39,71.862,2.058,13.273,1,anticyclonic,0.482,0.546,0.567,0.654,HIGH,SYNTHETIC_DEMO_DATA
3606,Odisha Coast,19.75026,86.0524,2026-03-14 17:37:44,30.023,1.023,30.762,1.484,0.665,264.04,10.813,7.616,1011.435,73.044,0.385,4.354,0,none,0.418,0.625,0.603,0.386,MEDIUM,SYNTHETIC_DEMO_DATA
3607,Chennai Coast,12.7334,80.58988,2026-03-14 20:32:35,29.019,-0.181,32.636,1.873,0.711,117.86,13.113,5.38,1018.393,89.987,1.121,4.301,1,anticyclonic,0.53,0.659,0.766,0.285,LOW,SYNTHETIC_DEMO_DATA
3608,Gujarat Coast,22.4105,69.88239,2026-03-14 23:27:26,27.315,-0.185,36.28,1.607,0.821,240.84,11.087,0.0,1010.375,85.67,0.614,2.532,0,none,0.374,0.608,0.721,0.315,MEDIUM,SYNTHETIC_DEMO_DATA
3609,Gujarat Coast,21.94104,69.37661,2026-03-15 02:22:18,26.999,-0.501,34.554,0.488,0.454,238.28,3.98,7.417,1010.358,93.931,1.254,12.41,1,anticyclonic,0.343,0.447,0.751,0.385,MEDIUM,SYNTHETIC_DEMO_DATA
3610,Gujarat Coast,22.52208,69.64695,2026-03-15 05:17:09,28.555,1.055,35.786,1.231,0.768,343.28,4.283,14.27,1011.264,81.76,1.161,8.025,0,none,0.558,0.691,0.616,0.453,MEDIUM,SYNTHETIC_DEMO_DATA
3611,Mumbai Coast,18.70114,72.76182,2026-03-15 08:12:00,28.152,0.152,33.608,1.367,0.774,269.71,6.396,9.424,1002.552,66.418,0.969,8.453,0,none,0.399,0.713,0.769,0.188,LOW,SYNTHETIC_DEMO_DATA
3612,Gujarat Coast,22.10151,69.59182,2026-03-15 11:06:51,26.768,-0.732,34.635,2.393,0.672,321.5,25.493,1.302,1010.62,71.945,0.972,10.082,0,none,0.338,0.69,0.729,0.342,MEDIUM,SYNTHETIC_DEMO_DATA
3613,Gujarat Coast,22.08588,69.55088,2026-03-15 14:01:42,27.753,0.253,34.255,0.978,0.635,285.97,4.748,5.886,1008.386,54.27,0.662,6.49,1,anticyclonic,0.35,0.706,0.697,0.301,MEDIUM,SYNTHETIC_DEMO_DATA
3614,Sundarbans,22.25949,88.96618,2026-03-15 16:56:33,28.383,0.183,21.664,1.396,0.347,343.83,2.988,20.805,1006.319,75.376,1.616,15.927,0,none,0.503,0.676,0.783,0.386,MEDIUM,SYNTHETIC_DEMO_DATA
3615,Goa Coast,15.42491,74.29244,2026-03-15 19:51:24,27.94,-0.26,34.54,2.193,0.348,212.78,15.783,9.155,1002.9,63.687,1.207,4.777,0,none,0.426,0.651,0.744,0.277,LOW,SYNTHETIC_DEMO_DATA
3616,Kerala Coast,10.04362,76.03584,2026-03-15 22:46:15,28.445,0.145,32.921,1.224,0.763,16.21,8.855,17.316,1017.663,63.633,1.416,12.982,1,cyclonic,0.498,0.757,0.692,0.315,MEDIUM,SYNTHETIC_DEMO_DATA
3617,Sundarbans,21.68174,89.37595,2026-03-16 01:41:06,29.222,1.022,19.94,1.342,0.855,91.33,9.783,22.553,1018.581,81.373,2.25,9.468,1,anticyclonic,0.535,0.675,0.725,0.565,MEDIUM,SYNTHETIC_DEMO_DATA
3618,Kerala Coast,9.86972,76.1988,2026-03-16 04:35:57,28.114,-0.186,33.638,2.564,0.508,261.8,14.043,18.677,1003.669,60.316,1.5,11.967,0,none,0.515,0.894,0.689,0.308,MEDIUM,SYNTHETIC_DEMO_DATA
3619,Kerala Coast,9.86904,76.20165,2026-03-16 07:30:48,28.068,-0.232,34.155,2.048,0.865,268.17,17.749,6.557,1012.578,73.581,1.321,8.09,0,none,0.519,0.723,0.66,0.332,MEDIUM,SYNTHETIC_DEMO_DATA
3620,Sundarbans,21.92689,89.36936,2026-03-16 10:25:39,29.823,1.623,21.863,1.884,1.138,179.72,14.604,13.034,1013.713,75.256,1.567,6.669,1,anticyclonic,0.503,0.672,0.492,0.596,MEDIUM,SYNTHETIC_DEMO_DATA
3621,Lakshadweep,10.5777,72.70125,2026-03-16 13:20:30,28.47,-0.03,33.076,0.963,0.865,136.49,2.16,13.154,1015.237,52.385,0.821,7.23,0,none,0.425,0.69,0.844,0.149,LOW,SYNTHETIC_DEMO_DATA
3622,Visakhapatnam,17.87389,83.12018,2026-03-16 16:15:21,29.515,1.015,32.302,1.835,0.667,256.3,15.12,13.88,1005.444,57.5,1.473,12.248,0,none,0.475,0.744,0.601,0.324,MEDIUM,SYNTHETIC_DEMO_DATA
3623,Chennai Coast,12.90268,80.12454,2026-03-16 19:10:12,28.957,-0.243,34.259,2.61,0.98,287.9,19.61,7.902,1012.877,71.233,1.293,14.746,0,none,0.491,0.638,0.729,0.254,LOW,SYNTHETIC_DEMO_DATA
3624,Kerala Coast,10.01378,76.31693,2026-03-16 22:05:03,27.297,-1.003,32.404,2.252,0.75,186.27,18.952,40.366,1017.304,91.278,2.174,16.115,0,none,0.607,0.574,0.534,0.479,MEDIUM,SYNTHETIC_DEMO_DATA
3625,Andaman & Nicobar,11.51447,92.92538,2026-03-17 00:59:54,28.029,-0.971,33.753,2.927,0.775,35.48,25.575,20.207,1006.132,87.378,1.463,17.178,0,none,0.468,0.626,0.615,0.462,MEDIUM,SYNTHETIC_DEMO_DATA
3626,Goa Coast,15.62356,73.7813,2026-03-17 03:54:46,28.661,0.461,33.32,1.66,0.69,64.11,15.518,0.0,1013.379,93.31,0.473,6.124,0,none,0.102,0.526,0.685,0.322,MEDIUM,SYNTHETIC_DEMO_DATA
3627,Goa Coast,15.00048,73.62495,2026-03-17 06:49:37,27.871,-0.329,34.688,2.427,0.505,155.88,9.747,15.163,1012.088,80.317,2.137,15.746,1,cyclonic,0.494,0.634,0.697,0.287,LOW,SYNTHETIC_DEMO_DATA
3628,Visakhapatnam,17.70444,83.26166,2026-03-17 09:44:28,27.461,-1.039,32.352,2.493,0.357,214.03,16.192,4.273,1008.042,76.974,0.327,6.62,0,none,0.489,0.791,0.569,0.392,MEDIUM,SYNTHETIC_DEMO_DATA
3629,Andaman & Nicobar,11.65044,92.53771,2026-03-17 12:39:19,28.227,-0.773,30.817,2.062,0.936,86.58,13.136,22.048,1012.084,57.383,2.25,10.94,1,anticyclonic,0.576,0.693,0.698,0.406,MEDIUM,SYNTHETIC_DEMO_DATA
3630,Andaman & Nicobar,11.69112,92.67775,2026-03-17 15:34:10,28.005,-0.995,32.857,2.542,1.174,36.61,15.389,6.711,1013.591,64.352,1.516,10.532,0,none,0.408,0.673,0.428,0.367,MEDIUM,SYNTHETIC_DEMO_DATA
3631,Kerala Coast,9.7561,76.13546,2026-03-17 18:29:01,28.527,0.227,32.307,1.368,0.696,179.23,9.178,7.839,1006.944,70.798,1.248,7.661,0,none,0.402,0.796,0.595,0.247,LOW,SYNTHETIC_DEMO_DATA
3632,Mumbai Coast,18.6455,72.73409,2026-03-17 21:23:52,29.219,1.219,34.186,2.294,0.491,152.36,13.871,10.56,1008.793,59.321,1.117,11.858,1,cyclonic,0.409,0.549,0.562,0.482,MEDIUM,SYNTHETIC_DEMO_DATA
3633,Sundarbans,21.69222,89.01729,2026-03-18 00:18:43,28.361,0.161,20.662,2.393,0.676,36.04,15.035,13.786,1006.419,76.766,1.561,13.391,0,none,0.603,0.738,0.698,0.229,LOW,SYNTHETIC_DEMO_DATA
3634,Goa Coast,15.46075,73.61906,2026-03-18 03:13:34,28.498,0.298,33.448,1.49,0.278,93.47,8.358,9.475,1008.925,76.692,1.218,8.837,0,none,0.313,0.663,0.652,0.185,LOW,SYNTHETIC_DEMO_DATA
3635,Lakshadweep,10.50909,72.93517,2026-03-18 06:08:25,28.863,0.363,34.839,2.299,0.835,241.69,17.416,5.049,1017.337,100.0,1.218,6.586,1,cyclonic,0.292,0.792,0.674,0.292,LOW,SYNTHETIC_DEMO_DATA
3636,Kerala Coast,9.79044,76.44785,2026-03-18 09:03:16,27.829,-0.471,31.628,2.627,0.786,325.81,21.955,23.219,1020.675,86.633,1.886,16.524,1,anticyclonic,0.446,0.73,0.654,0.378,MEDIUM,SYNTHETIC_DEMO_DATA
3637,Mumbai Coast,18.75881,73.07224,2026-03-18 11:58:07,26.605,-1.395,32.921,0.868,0.689,27.87,8.638,30.522,1011.939,84.899,2.543,12.097,1,anticyclonic,0.698,0.614,0.549,0.536,MEDIUM,SYNTHETIC_DEMO_DATA
3638,Kerala Coast,9.77505,76.36462,2026-03-18 14:52:58,29.198,0.898,32.608,1.66,1.275,135.7,6.663,20.332,1016.05,85.911,1.873,12.213,0,none,0.495,0.608,0.626,0.418,MEDIUM,SYNTHETIC_DEMO_DATA
3639,Sundarbans,21.6754,89.41045,2026-03-18 17:47:49,28.009,-0.191,19.668,1.036,0.643,177.22,12.299,20.665,1014.271,69.782,1.067,11.287,0,none,0.495,0.762,0.673,0.306,MEDIUM,SYNTHETIC_DEMO_DATA
3640,Gujarat Coast,22.29291,69.20643,2026-03-18 20:42:40,28.037,0.537,35.977,0.757,0.41,271.14,7.851,0.803,999.87,62.033,0.79,5.216,1,cyclonic,0.279,0.629,0.536,0.367,MEDIUM,SYNTHETIC_DEMO_DATA
3641,Goa Coast,15.2387,74.07191,2026-03-18 23:37:31,28.516,0.316,35.101,2.25,0.934,296.14,13.848,0.0,996.07,64.252,0.777,7.869,0,none,0.415,0.677,0.667,0.222,LOW,SYNTHETIC_DEMO_DATA
3642,Lakshadweep,10.39944,72.72884,2026-03-19 02:32:22,28.485,-0.015,35.8,1.602,0.782,332.19,14.296,16.86,1010.299,98.919,1.162,9.299,0,none,0.285,0.648,0.677,0.139,LOW,SYNTHETIC_DEMO_DATA
3643,Lakshadweep,10.66054,72.77303,2026-03-19 05:27:14,28.472,-0.028,34.21,2.593,0.989,187.77,20.516,12.934,1001.989,62.064,1.228,13.571,0,none,0.165,0.494,0.744,0.275,LOW,SYNTHETIC_DEMO_DATA
3644,Kerala Coast,9.67418,76.45629,2026-03-19 08:22:05,29.745,1.445,33.616,1.292,0.975,211.37,6.843,0.573,1008.214,84.788,0.57,7.991,0,none,0.422,0.63,0.499,0.513,MEDIUM,SYNTHETIC_DEMO_DATA
3645,Lakshadweep,10.67579,72.71968,2026-03-19 11:16:56,30.027,1.527,34.367,0.808,0.554,6.26,9.382,8.24,1016.279,100.0,1.526,8.723,0,none,0.393,0.519,0.478,0.479,MEDIUM,SYNTHETIC_DEMO_DATA
3646,Mumbai Coast,19.12303,73.03381,2026-03-19 14:11:47,27.161,-0.839,35.381,1.765,0.582,26.83,14.353,0.0,1003.664,79.082,1.188,4.343,0,none,0.332,0.734,0.715,0.37,MEDIUM,SYNTHETIC_DEMO_DATA
3647,Gujarat Coast,21.95145,69.54218,2026-03-19 17:06:38,27.533,0.033,33.681,1.306,0.687,167.68,14.561,1.357,1004.299,62.642,0.83,6.506,1,anticyclonic,0.33,0.649,0.63,0.302,MEDIUM,SYNTHETIC_DEMO_DATA
3648,Gujarat Coast,22.20586,69.69485,2026-03-19 20:01:29,27.376,-0.124,35.921,1.442,0.566,172.42,10.466,13.453,999.2,72.645,1.733,10.894,0,none,0.48,0.656,0.674,0.218,LOW,SYNTHETIC_DEMO_DATA
3649,Lakshadweep,10.59486,72.44192,2026-03-19 22:56:20,27.41,-1.09,36.057,1.728,0.621,341.43,6.795,0.0,1019.108,71.009,0.885,2.635,1,cyclonic,0.424,0.632,0.632,0.403,MEDIUM,SYNTHETIC_DEMO_DATA
3650,Goa Coast,15.69868,73.60227,2026-03-20 01:51:11,29.214,1.014,33.333,1.873,0.859,328.51,11.76,1.268,1011.609,83.145,0.977,1.802,0,none,0.262,0.611,0.622,0.427,MEDIUM,SYNTHETIC_DEMO_DATA
3651,Odisha Coast,19.64063,85.6356,2026-03-20 04:46:02,28.046,-0.954,28.596,1.958,0.562,192.03,16.237,26.712,1011.763,72.441,2.173,13.789,0,none,0.619,0.646,0.658,0.457,MEDIUM,SYNTHETIC_DEMO_DATA
3652,Sundarbans,21.96204,89.39259,2026-03-20 07:40:53,27.471,-0.729,22.046,2.846,0.692,5.27,22.755,0.0,1021.071,92.243,0.527,7.317,0,none,0.246,0.504,0.651,0.387,MEDIUM,SYNTHETIC_DEMO_DATA
3653,Kerala Coast,9.98377,76.11132,2026-03-20 10:35:44,27.021,-1.279,31.562,0.891,0.748,152.64,8.563,31.98,1002.29,80.283,2.469,15.146,0,none,0.728,0.701,0.61,0.506,MEDIUM,SYNTHETIC_DEMO_DATA
3654,Mumbai Coast,18.93971,72.88059,2026-03-20 13:30:35,28.168,0.168,34.723,2.877,0.117,134.19,21.63,11.551,1007.475,72.332,1.94,14.663,0,none,0.523,0.725,0.743,0.279,LOW,SYNTHETIC_DEMO_DATA
3655,Gujarat Coast,22.5048,69.16966,2026-03-20 16:25:26,27.274,-0.226,36.909,1.688,0.955,104.23,5.895,4.29,1019.104,62.125,0.565,3.241,0,none,0.341,0.78,0.808,0.149,LOW,SYNTHETIC_DEMO_DATA
3656,Kerala Coast,9.92273,76.2152,2026-03-20 19:20:17,28.052,-0.248,34.301,2.298,0.603,171.8,16.149,1.462,1018.299,65.073,1.388,3.735,0,none,0.324,0.607,0.626,0.34,MEDIUM,SYNTHETIC_DEMO_DATA
3657,Mumbai Coast,18.80313,72.97191,2026-03-20 22:15:08,27.852,-0.148,34.68,2.086,0.599,189.47,10.902,14.291,1008.545,79.983,1.092,6.226,0,none,0.422,0.757,0.788,0.139,LOW,SYNTHETIC_DEMO_DATA
3658,Lakshadweep,10.6066,72.57704,2026-03-21 01:09:59,29.651,1.151,34.879,2.076,0.7,294.0,18.98,4.146,997.614,72.398,0.995,10.658,1,cyclonic,0.167,0.525,0.692,0.428,MEDIUM,SYNTHETIC_DEMO_DATA
3659,Chennai Coast,13.38413,79.9831,2026-03-21 04:04:50,29.895,0.695,33.289,1.895,0.841,232.02,17.663,0.0,1018.817,71.687,1.023,7.161,0,none,0.269,0.631,0.644,0.327,MEDIUM,SYNTHETIC_DEMO_DATA
3660,Kerala Coast,9.93933,76.48594,2026-03-21 06:59:41,27.649,-0.651,33.889,1.458,0.822,262.99,8.747,22.501,1001.985,68.393,1.856,12.135,1,anticyclonic,0.663,0.784,0.754,0.347,MEDIUM,SYNTHETIC_DEMO_DATA
3661,Mumbai Coast,18.79047,72.83698,2026-03-21 09:54:33,28.716,0.716,33.586,0.645,0.298,183.27,8.874,19.408,1015.161,93.767,1.159,13.463,0,none,0.458,0.589,0.525,0.402,MEDIUM,SYNTHETIC_DEMO_DATA
3662,Kerala Coast,9.79911,76.59926,2026-03-21 12:49:24,28.676,0.376,32.355,1.666,0.505,163.13,13.846,21.417,1016.948,72.981,1.56,18.304,0,none,0.422,0.708,0.602,0.315,MEDIUM,SYNTHETIC_DEMO_DATA
3663,Lakshadweep,10.78661,72.58758,2026-03-21 15:44:15,29.186,0.686,34.777,2.052,0.781,69.11,11.861,9.791,1010.465,58.612,1.748,9.229,0,none,0.617,0.765,0.805,0.289,LOW,SYNTHETIC_DEMO_DATA
3664,Lakshadweep,10.51439,73.01346,2026-03-21 18:39:06,27.678,-0.822,34.633,1.802,0.888,283.16,15.999,0.0,991.681,90.075,0.797,9.375,0,none,0.461,0.729,0.722,0.274,LOW,SYNTHETIC_DEMO_DATA
3665,Mumbai Coast,18.68606,73.10432,2026-03-21 21:33:57,26.633,-1.367,35.222,2.262,1.024,35.91,12.03,5.98,1006.2,74.4,1.091,8.622,1,cyclonic,0.354,0.622,0.447,0.528,MEDIUM,SYNTHETIC_DEMO_DATA
3666,Kerala Coast,10.11619,76.23995,2026-03-22 00:28:48,27.866,-0.434,34.032,1.798,0.902,215.33,7.947,24.918,1006.277,76.614,2.068,12.88,1,cyclonic,0.66,0.768,0.582,0.328,MEDIUM,SYNTHETIC_DEMO_DATA
3667,Mumbai Coast,19.02866,72.40396,2026-03-22 03:23:39,28.966,0.966,31.483,1.168,0.46,325.33,12.681,30.118,1003.958,73.151,2.581,20.068,1,anticyclonic,0.687,0.663,0.445,0.484,MEDIUM,SYNTHETIC_DEMO_DATA
3668,Odisha Coast,19.97803,86.20314,2026-03-22 06:18:30,27.932,-1.068,30.949,2.92,0.69,149.67,17.465,18.182,1017.608,71.986,1.121,12.835,1,cyclonic,0.485,0.561,0.502,0.528,MEDIUM,SYNTHETIC_DEMO_DATA
3669,Kerala Coast,10.23996,76.03524,2026-03-22 09:13:21,28.775,0.475,32.877,1.873,0.862,305.46,14.993,25.797,1005.522,68.333,2.017,17.927,0,none,0.5,0.64,0.611,0.352,MEDIUM,SYNTHETIC_DEMO_DATA
3670,Visakhapatnam,17.90529,83.17446,2026-03-22 12:08:12,27.404,-1.096,33.956,2.076,1.271,35.96,14.383,5.83,1003.074,69.405,0.589,10.192,0,none,0.344,0.607,0.569,0.328,MEDIUM,SYNTHETIC_DEMO_DATA
3671,Odisha Coast,19.7135,85.85584,2026-03-22 15:03:03,28.13,-0.87,30.019,2.403,0.896,71.64,11.859,7.683,1020.031,67.034,1.15,11.502,0,none,0.415,0.465,0.539,0.477,MEDIUM,SYNTHETIC_DEMO_DATA
3672,Sundarbans,21.97534,89.02924,2026-03-22 17:57:54,27.25,-0.95,20.329,2.771,0.689,187.92,15.486,16.448,1013.747,84.058,1.606,11.922,1,cyclonic,0.467,0.622,0.487,0.541,MEDIUM,SYNTHETIC_DEMO_DATA
3673,Mumbai Coast,19.01711,73.01453,2026-03-22 20:52:45,28.681,0.681,35.357,1.999,0.637,261.57,13.837,8.218,1015.756,91.787,1.627,5.364,0,none,0.327,0.636,0.624,0.279,LOW,SYNTHETIC_DEMO_DATA
3674,Sundarbans,21.83569,89.36061,2026-03-22 23:47:36,29.459,1.259,21.149,1.545,0.914,159.78,10.793,17.921,998.02,74.291,1.794,15.019,0,none,0.488,0.544,0.489,0.56,MEDIUM,SYNTHETIC_DEMO_DATA
3675,Gujarat Coast,22.49141,69.46645,2026-03-23 02:42:27,27.378,-0.122,34.705,2.541,1.062,48.51,17.496,10.143,1014.117,74.542,1.424,8.537,1,anticyclonic,0.483,0.69,0.719,0.239,LOW,SYNTHETIC_DEMO_DATA
3676,Kerala Coast,9.77679,76.41697,2026-03-23 05:37:18,28.57,0.27,33.968,3.332,0.753,125.75,23.935,13.814,1006.923,64.321,1.825,10.25,0,none,0.49,0.815,0.757,0.249,LOW,SYNTHETIC_DEMO_DATA
3677,Chennai Coast,12.84261,80.13468,2026-03-23 08:32:09,28.593,-0.607,32.704,1.393,0.846,161.53,4.403,13.584,1012.324,70.684,0.694,7.182,1,anticyclonic,0.346,0.486,0.727,0.254,LOW,SYNTHETIC_DEMO_DATA
3678,Goa Coast,15.62677,73.95767,2026-03-23 11:27:01,27.509,-0.691,35.353,2.062,0.7,61.15,11.529,16.607,992.25,56.539,1.802,11.453,1,anticyclonic,0.549,0.63,0.676,0.416,MEDIUM,SYNTHETIC_DEMO_DATA
3679,Mumbai Coast,19.02121,72.9024,2026-03-23 14:21:52,28.674,0.674,34.198,1.543,0.515,314.14,8.737,29.033,1001.794,73.624,1.696,12.307,1,anticyclonic,0.551,0.803,0.706,0.336,MEDIUM,SYNTHETIC_DEMO_DATA
3680,Goa Coast,15.42664,73.72322,2026-03-23 17:16:43,28.15,-0.05,31.316,1.871,0.69,222.6,16.231,23.071,997.465,84.069,1.817,14.576,0,none,0.529,0.629,0.665,0.219,LOW,SYNTHETIC_DEMO_DATA
3681,Goa Coast,15.61596,73.6169,2026-03-23 20:11:34,28.218,0.018,33.806,1.91,0.552,166.96,12.133,7.579,999.201,68.426,1.195,6.91,0,none,0.584,0.702,0.671,0.167,LOW,SYNTHETIC_DEMO_DATA
3682,Sundarbans,22.12266,89.2939,2026-03-23 23:06:25,27.36,-0.84,21.778,1.337,0.517,305.46,6.942,32.274,1006.999,92.225,2.634,17.435,1,cyclonic,0.749,0.782,0.418,0.5,MEDIUM,SYNTHETIC_DEMO_DATA
3683,Visakhapatnam,17.56633,83.25775,2026-03-24 02:01:16,26.759,-1.741,34.166,1.689,1.164,62.7,14.226,4.829,1014.285,50.214,0.644,2.928,1,cyclonic,0.325,0.457,0.58,0.543,MEDIUM,SYNTHETIC_DEMO_DATA
3684,Mumbai Coast,19.10113,72.81034,2026-03-24 04:56:07,28.983,0.983,32.599,2.16,0.453,258.65,12.685,11.97,1013.946,75.016,1.055,4.574,0,none,0.407,0.656,0.482,0.419,MEDIUM,SYNTHETIC_DEMO_DATA
3685,Lakshadweep,10.37583,72.82451,2026-03-24 07:50:58,28.444,-0.056,32.787,1.694,0.89,3.45,13.216,7.005,1001.668,82.903,1.068,9.682,1,anticyclonic,0.435,0.831,0.758,0.193,LOW,SYNTHETIC_DEMO_DATA
3686,Odisha Coast,19.5441,85.75706,2026-03-24 10:45:49,28.197,-0.803,27.357,2.339,0.879,344.04,16.133,10.49,1018.697,71.978,1.626,10.773,0,none,0.66,0.693,0.812,0.372,MEDIUM,SYNTHETIC_DEMO_DATA
3687,Odisha Coast,20.03496,85.76378,2026-03-24 13:40:40,28.218,-0.782,28.135,1.058,0.89,9.35,3.901,9.468,1015.401,63.942,1.712,6.943,1,anticyclonic,0.36,0.624,0.676,0.437,MEDIUM,SYNTHETIC_DEMO_DATA
3688,Lakshadweep,10.24963,72.67265,2026-03-24 16:35:31,28.791,0.291,34.808,2.848,1.033,21.17,16.963,3.065,1006.721,49.49,1.144,9.538,1,cyclonic,0.375,0.728,0.746,0.192,LOW,SYNTHETIC_DEMO_DATA
3689,Lakshadweep,10.68574,72.47102,2026-03-24 19:30:22,27.84,-0.66,34.988,1.023,0.852,65.57,3.729,9.876,1018.275,82.577,0.861,4.873,0,none,0.399,0.74,0.62,0.25,LOW,SYNTHETIC_DEMO_DATA
3690,Odisha Coast,19.68482,85.79035,2026-03-24 22:25:13,28.595,-0.405,28.554,1.512,1.182,197.63,10.322,20.333,1007.951,84.053,1.351,17.099,1,cyclonic,0.462,0.533,0.736,0.335,MEDIUM,SYNTHETIC_DEMO_DATA
3691,Kerala Coast,10.10791,76.19118,2026-03-25 01:20:04,28.304,0.004,31.182,0.627,0.226,151.32,7.223,12.711,1011.384,70.782,1.378,12.936,0,none,0.263,0.757,0.783,0.149,LOW,SYNTHETIC_DEMO_DATA
3692,Gujarat Coast,22.33852,69.77134,2026-03-25 04:14:55,26.364,-1.136,33.76,2.653,1.055,264.92,15.834,11.885,1010.787,83.089,0.994,9.676,1,cyclonic,0.395,0.694,0.601,0.475,MEDIUM,SYNTHETIC_DEMO_DATA
3693,Odisha Coast,19.97111,85.7346,2026-03-25 07:09:46,30.067,1.067,29.362,0.772,0.751,186.12,1.0,18.819,996.483,73.9,1.645,6.684,1,cyclonic,0.419,0.744,0.594,0.501,MEDIUM,SYNTHETIC_DEMO_DATA
3694,Chennai Coast,12.65807,80.18472,2026-03-25 10:04:37,29.424,0.224,34.764,1.615,1.005,10.53,11.288,19.183,990.822,65.277,1.841,11.039,1,anticyclonic,0.401,0.717,0.657,0.313,MEDIUM,SYNTHETIC_DEMO_DATA
3695,Chennai Coast,13.13855,80.34043,2026-03-25 12:59:29,31.06,1.86,33.003,0.839,0.4,319.25,5.622,5.686,1015.327,83.477,1.457,8.672,1,cyclonic,0.328,0.531,0.361,0.587,MEDIUM,SYNTHETIC_DEMO_DATA
3696,Gujarat Coast,22.21509,69.69202,2026-03-25 15:54:20,27.881,0.381,36.457,1.277,0.702,118.86,8.303,8.519,1005.641,74.903,0.426,5.406,0,none,0.449,0.748,0.787,0.278,LOW,SYNTHETIC_DEMO_DATA
3697,Chennai Coast,13.11469,79.78279,2026-03-25 18:49:11,29.328,0.128,35.766,1.396,0.979,193.73,10.964,25.125,1008.292,95.81,1.522,14.36,0,none,0.569,0.756,0.591,0.2,LOW,SYNTHETIC_DEMO_DATA
3698,Kerala Coast,9.74546,76.1908,2026-03-25 21:44:02,28.456,0.156,32.226,2.178,0.805,240.82,13.582,19.178,1018.644,94.437,1.581,15.357,0,none,0.562,0.662,0.711,0.294,LOW,SYNTHETIC_DEMO_DATA
3699,Visakhapatnam,17.61985,83.09175,2026-03-26 00:38:53,28.295,-0.205,31.597,2.074,0.319,347.76,13.435,1.204,1016.978,94.148,0.655,7.928,0,none,0.364,0.627,0.766,0.247,LOW,SYNTHETIC_DEMO_DATA
3700,Goa Coast,15.37568,74.00672,2026-03-26 03:33:44,29.825,1.625,31.739,1.88,0.979,117.44,14.829,21.664,1014.629,70.668,1.207,12.612,1,anticyclonic,0.581,0.542,0.463,0.551,MEDIUM,SYNTHETIC_DEMO_DATA
3701,Odisha Coast,19.96505,85.3935,2026-03-26 06:28:35,28.583,-0.417,30.449,1.443,0.708,341.47,14.386,28.637,1006.718,69.637,1.57,10.684,0,none,0.568,0.759,0.664,0.273,LOW,SYNTHETIC_DEMO_DATA
3702,Visakhapatnam,17.51685,83.29939,2026-03-26 09:23:26,28.661,0.161,31.86,1.338,0.576,286.86,6.099,7.715,1007.479,83.287,0.78,7.762,1,anticyclonic,0.564,0.607,0.679,0.3,LOW,SYNTHETIC_DEMO_DATA
3703,Visakhapatnam,17.43889,83.19444,2026-03-26 12:18:17,29.049,0.549,30.234,1.21,0.386,97.3,8.36,22.377,1008.199,62.143,2.006,17.474,1,cyclonic,0.665,0.753,0.555,0.395,MEDIUM,SYNTHETIC_DEMO_DATA
3704,Lakshadweep,10.61705,72.73098,2026-03-26 15:13:08,29.359,0.859,33.037,2.84,0.513,200.76,12.004,0.0,1010.888,63.684,1.318,5.976,0,none,0.396,0.605,0.583,0.351,MEDIUM,SYNTHETIC_DEMO_DATA
3705,Lakshadweep,10.56457,72.64223,2026-03-26 18:07:59,28.994,0.494,36.625,1.487,0.763,165.32,13.701,4.974,1017.857,58.772,1.465,9.343,0,none,0.342,0.62,0.77,0.218,LOW,SYNTHETIC_DEMO_DATA
3706,Mumbai Coast,19.05377,72.98903,2026-03-26 21:02:50,29.453,1.453,35.772,2.704,0.923,149.28,16.647,21.897,1009.994,76.257,1.692,14.003,1,cyclonic,0.575,0.59,0.375,0.643,HIGH,SYNTHETIC_DEMO_DATA
3707,Odisha Coast,19.80711,86.02362,2026-03-26 23:57:41,29.013,0.013,28.075,2.654,0.99,329.68,20.111,12.294,1006.737,74.221,1.273,16.51,0,none,0.446,0.79,0.706,0.246,LOW,SYNTHETIC_DEMO_DATA
3708,Goa Coast,15.78942,73.80686,2026-03-27 02:52:32,29.497,1.297,33.824,2.327,0.522,344.3,16.994,1.01,1017.08,75.104,1.15,5.208,1,cyclonic,0.366,0.53,0.585,0.431,MEDIUM,SYNTHETIC_DEMO_DATA
3709,Kerala Coast,9.92206,76.26436,2026-03-27 05:47:23,28.003,-0.297,32.075,2.141,0.934,174.73,14.797,20.581,1024.827,57.24,2.0,13.774,1,cyclonic,0.607,0.697,0.756,0.342,MEDIUM,SYNTHETIC_DEMO_DATA
3710,Andaman & Nicobar,11.70234,92.40842,2026-03-27 08:42:14,28.939,-0.061,30.86,1.24,0.653,346.6,6.642,14.137,1002.173,71.358,1.598,9.103,0,none,0.474,0.807,0.792,0.147,LOW,SYNTHETIC_DEMO_DATA
3711,Chennai Coast,12.94384,80.367,2026-03-27 11:37:05,27.544,-1.656,33.768,1.402,0.573,99.28,4.164,2.803,1017.66,65.354,0.846,6.727,0,none,0.403,0.576,0.434,0.529,MEDIUM,SYNTHETIC_DEMO_DATA
3712,Lakshadweep,10.49097,72.73793,2026-03-27 14:31:57,29.247,0.747,35.469,2.337,0.789,164.22,16.689,0.0,1005.276,77.172,1.409,9.316,0,none,0.471,0.51,0.689,0.303,MEDIUM,SYNTHETIC_DEMO_DATA
3713,Andaman & Nicobar,11.83605,92.45854,2026-03-27 17:26:48,29.574,0.574,31.724,1.111,0.606,11.59,3.468,14.045,1010.998,75.458,1.72,10.31,0,none,0.515,0.826,0.809,0.184,LOW,SYNTHETIC_DEMO_DATA
3714,Visakhapatnam,17.56703,82.72024,2026-03-27 20:21:39,28.497,-0.003,33.577,1.557,0.446,245.44,13.588,25.57,1014.599,74.598,2.045,14.605,0,none,0.552,0.743,0.763,0.237,LOW,SYNTHETIC_DEMO_DATA
3715,Goa Coast,15.43508,73.68851,2026-03-27 23:16:30,28.334,0.134,35.696,1.982,0.897,5.94,17.834,4.815,1008.125,64.04,1.388,8.103,1,cyclonic,0.432,0.744,0.815,0.195,LOW,SYNTHETIC_DEMO_DATA
3716,Visakhapatnam,17.84497,83.25137,2026-03-28 02:11:21,28.046,-0.454,32.146,1.702,0.578,41.95,14.05,17.471,1009.393,86.822,1.479,10.524,1,cyclonic,0.445,0.66,0.73,0.321,MEDIUM,SYNTHETIC_DEMO_DATA
3717,Chennai Coast,13.1549,80.44643,2026-03-28 05:06:12,29.919,0.719,33.977,1.944,0.689,71.76,8.986,11.023,1024.801,51.934,0.82,6.181,1,cyclonic,0.302,0.712,0.606,0.38,MEDIUM,SYNTHETIC_DEMO_DATA
3718,Visakhapatnam,17.66476,83.2894,2026-03-28 08:01:03,27.971,-0.529,32.189,1.993,0.778,327.79,15.874,5.901,1016.436,87.988,1.142,6.404,0,none,0.393,0.79,0.743,0.283,LOW,SYNTHETIC_DEMO_DATA
3719,Gujarat Coast,22.37249,69.95223,2026-03-28 10:55:54,27.998,0.498,33.594,0.626,0.658,351.83,4.873,12.119,1016.851,79.091,1.425,10.585,0,none,0.509,0.731,0.683,0.299,LOW,SYNTHETIC_DEMO_DATA
3720,Visakhapatnam,17.67872,82.74269,2026-03-28 13:50:45,28.392,-0.108,31.29,1.851,0.594,320.19,17.661,16.978,1017.552,77.31,1.399,12.995,0,none,0.465,0.579,0.718,0.299,LOW,SYNTHETIC_DEMO_DATA
3721,Gujarat Coast,22.13935,70.02386,2026-03-28 16:45:36,26.144,-1.356,36.3,1.707,0.67,1.69,10.885,0.0,1015.866,71.444,0.614,6.412,0,none,0.434,0.68,0.522,0.504,MEDIUM,SYNTHETIC_DEMO_DATA
3722,Mumbai Coast,19.03149,72.92604,2026-03-28 19:40:27,26.503,-1.497,32.957,1.401,0.448,324.68,10.286,15.548,1008.593,64.45,1.276,11.286,1,cyclonic,0.397,0.35,0.626,0.557,MEDIUM,SYNTHETIC_DEMO_DATA
3723,Goa Coast,15.54405,73.86441,2026-03-28 22:35:18,27.292,-0.908,34.388,1.67,0.638,112.27,8.565,0.456,1011.857,69.724,1.075,6.52,0,none,0.426,0.524,0.548,0.354,MEDIUM,SYNTHETIC_DEMO_DATA
3724,Lakshadweep,10.56596,72.6205,2026-03-29 01:30:09,29.153,0.653,35.831,1.785,0.837,189.01,13.208,12.176,1011.193,71.423,0.66,6.823,1,anticyclonic,0.457,0.607,0.739,0.341,MEDIUM,SYNTHETIC_DEMO_DATA
3725,Sundarbans,21.86382,88.71914,2026-03-29 04:25:00,26.603,-1.597,23.236,2.526,0.596,301.12,20.598,6.561,1024.958,56.624,1.519,5.663,0,none,0.379,0.689,0.583,0.488,MEDIUM,SYNTHETIC_DEMO_DATA
3726,Lakshadweep,10.44006,72.6181,2026-03-29 07:19:51,26.667,-1.833,34.862,1.672,0.607,115.33,11.507,15.596,1021.771,79.049,1.518,10.218,1,cyclonic,0.568,0.577,0.554,0.544,MEDIUM,SYNTHETIC_DEMO_DATA
3727,Odisha Coast,20.03282,85.87118,2026-03-29 10:14:42,28.038,-0.962,29.134,2.622,0.768,313.9,18.333,12.297,1008.311,77.242,1.443,11.521,0,none,0.413,0.573,0.586,0.445,MEDIUM,SYNTHETIC_DEMO_DATA
3728,Mumbai Coast,19.04246,72.90581,2026-03-29 13:09:33,28.744,0.744,33.915,2.455,0.772,50.53,15.463,27.541,1002.709,70.847,1.48,16.351,0,none,0.509,0.636,0.599,0.459,MEDIUM,SYNTHETIC_DEMO_DATA
3729,Chennai Coast,12.84307,80.40492,2026-03-29 16:04:25,29.779,0.579,32.218,1.047,0.541,54.67,8.751,3.802,998.288,93.524,0.688,6.06,1,cyclonic,0.193,0.532,0.654,0.343,MEDIUM,SYNTHETIC_DEMO_DATA
3730,Gujarat Coast,22.5618,69.59798,2026-03-29 18:59:16,29.011,1.511,33.927,0.736,0.246,286.17,1.064,9.314,1008.075,82.715,1.606,9.992,0,none,0.665,0.608,0.537,0.478,MEDIUM,SYNTHETIC_DEMO_DATA
3731,Goa Coast,15.19625,73.91761,2026-03-29 21:54:07,28.067,-0.133,34.521,1.891,0.604,358.86,15.063,17.182,1016.813,69.13,1.072,9.827,0,none,0.524,0.778,0.662,0.236,LOW,SYNTHETIC_DEMO_DATA
3732,Andaman & Nicobar,12.0787,92.73209,2026-03-30 00:48:58,28.227,-0.773,31.828,1.855,0.548,227.0,14.669,5.149,1010.304,74.929,1.606,5.853,0,none,0.425,0.495,0.723,0.314,MEDIUM,SYNTHETIC_DEMO_DATA
3733,Kerala Coast,10.01331,76.25574,2026-03-30 03:43:49,28.667,0.367,36.676,1.75,0.597,53.87,9.848,2.187,1005.214,75.038,1.304,7.236,0,none,0.253,0.628,0.677,0.223,LOW,SYNTHETIC_DEMO_DATA
3734,Lakshadweep,10.71403,72.68502,2026-03-30 06:38:40,29.024,0.524,33.305,2.877,0.513,58.35,13.217,6.429,1016.712,96.815,1.075,7.319,1,anticyclonic,0.405,0.78,0.638,0.326,MEDIUM,SYNTHETIC_DEMO_DATA
3735,Chennai Coast,13.20156,80.74068,2026-03-30 09:33:31,28.511,-0.689,35.042,1.309,0.666,129.52,6.249,10.997,1022.116,69.431,1.049,7.317,1,anticyclonic,0.416,0.588,0.664,0.372,MEDIUM,SYNTHETIC_DEMO_DATA
3736,Visakhapatnam,17.68134,83.38326,2026-03-30 12:28:22,30.901,2.401,34.22,1.518,0.296,214.94,11.153,10.159,1016.799,77.76,1.319,3.789,1,anticyclonic,0.481,0.485,0.515,0.652,HIGH,SYNTHETIC_DEMO_DATA
3737,Chennai Coast,13.09539,80.52807,2026-03-30 15:23:13,28.652,-0.548,31.346,2.746,0.791,267.92,19.165,14.319,1013.608,53.863,1.501,13.906,0,none,0.478,0.694,0.748,0.33,MEDIUM,SYNTHETIC_DEMO_DATA
3738,Mumbai Coast,18.81679,72.58469,2026-03-30 18:18:04,27.693,-0.307,35.211,2.053,0.558,238.42,8.596,14.883,1012.443,69.538,1.52,9.666,1,anticyclonic,0.439,0.661,0.635,0.364,MEDIUM,SYNTHETIC_DEMO_DATA
3739,Gujarat Coast,22.48178,69.66935,2026-03-30 21:12:55,27.157,-0.343,33.681,2.002,1.299,188.35,17.543,10.303,1017.192,83.31,1.627,13.713,1,anticyclonic,0.408,0.652,0.658,0.374,MEDIUM,SYNTHETIC_DEMO_DATA
3740,Andaman & Nicobar,11.60433,92.53164,2026-03-31 00:07:46,28.883,-0.117,31.874,2.56,0.691,37.03,21.493,20.979,1011.006,82.566,1.68,15.464,0,none,0.575,0.656,0.629,0.27,LOW,SYNTHETIC_DEMO_DATA
3741,Visakhapatnam,17.67662,83.19219,2026-03-31 03:02:37,27.978,-0.522,33.829,1.765,0.481,3.57,11.741,14.667,1005.589,77.716,1.726,8.555,0,none,0.446,0.66,0.71,0.277,LOW,SYNTHETIC_DEMO_DATA
3742,Chennai Coast,12.90165,80.41359,2026-03-31 05:57:28,28.811,-0.389,32.995,1.213,0.356,106.11,6.625,9.26,1008.357,64.476,1.901,10.445,0,none,0.665,0.72,0.743,0.281,LOW,SYNTHETIC_DEMO_DATA
3743,Lakshadweep,10.48284,72.83011,2026-03-31 08:52:19,28.249,-0.251,35.395,2.047,0.467,157.74,16.789,6.472,1023.616,88.72,1.128,10.324,0,none,0.31,0.639,0.644,0.289,LOW,SYNTHETIC_DEMO_DATA
3744,Kerala Coast,10.03104,76.25765,2026-03-31 11:47:10,26.838,-1.462,31.629,1.63,0.914,173.33,8.136,25.959,1000.84,63.415,1.524,9.04,1,anticyclonic,0.452,0.639,0.593,0.564,MEDIUM,SYNTHETIC_DEMO_DATA
3745,Visakhapatnam,17.51184,83.32268,2026-03-31 14:42:01,27.85,-0.65,32.628,0.665,0.961,85.7,5.246,14.947,1005.879,57.484,1.178,9.535,1,anticyclonic,0.492,0.526,0.506,0.35,MEDIUM,SYNTHETIC_DEMO_DATA
3746,Lakshadweep,10.56138,72.29952,2026-03-31 17:36:53,29.863,1.363,34.524,0.901,1.028,116.63,3.618,6.352,1011.556,76.198,0.989,6.764,1,cyclonic,0.365,0.553,0.667,0.447,MEDIUM,SYNTHETIC_DEMO_DATA
3747,Kerala Coast,10.11304,75.75792,2026-03-31 20:31:44,28.971,0.671,32.728,2.718,0.635,181.97,19.379,17.326,1001.983,72.981,1.243,14.067,0,none,0.398,0.636,0.693,0.379,MEDIUM,SYNTHETIC_DEMO_DATA
3748,Lakshadweep,10.62456,72.9499,2026-03-31 23:26:35,27.879,-0.621,35.255,1.65,0.627,220.24,12.681,26.406,1006.495,88.601,2.216,12.641,0,none,0.768,0.739,0.675,0.266,LOW,SYNTHETIC_DEMO_DATA
3749,Lakshadweep,10.40818,72.45287,2026-04-01 02:21:26,29.23,-0.02,37.02,1.79,0.563,12.42,9.66,2.515,1009.518,81.022,1.476,6.418,1,anticyclonic,0.55,0.804,0.806,0.227,LOW,SYNTHETIC_DEMO_DATA
3750,Lakshadweep,10.74136,72.68319,2026-04-01 05:16:17,28.806,-0.444,34.654,1.227,0.518,343.24,1.905,7.377,996.644,72.435,0.665,3.563,1,anticyclonic,0.403,0.747,0.731,0.21,LOW,SYNTHETIC_DEMO_DATA
3751,Mumbai Coast,19.39813,72.75641,2026-04-01 08:11:08,28.536,-0.214,31.658,0.859,0.998,35.25,1.0,23.208,1009.431,75.739,2.296,16.365,0,none,0.522,0.714,0.589,0.299,LOW,SYNTHETIC_DEMO_DATA
3752,Goa Coast,15.44078,73.79908,2026-04-01 11:05:59,28.411,-0.539,34.737,0.734,0.29,38.14,1.0,9.811,995.944,84.723,0.826,5.875,0,none,0.409,0.693,0.753,0.278,LOW,SYNTHETIC_DEMO_DATA
3753,Lakshadweep,10.38409,72.26706,2026-04-01 14:00:50,28.184,-1.066,36.768,2.092,0.658,66.24,12.417,2.572,1007.591,80.239,1.376,6.01,1,anticyclonic,0.4,0.519,0.701,0.428,MEDIUM,SYNTHETIC_DEMO_DATA
3754,Visakhapatnam,17.87114,83.4971,2026-04-01 16:55:41,28.918,-0.332,31.268,1.626,0.953,334.92,12.077,1.675,1011.109,91.43,0.812,5.802,1,cyclonic,0.312,0.669,0.668,0.309,MEDIUM,SYNTHETIC_DEMO_DATA
3755,Sundarbans,21.92367,88.99301,2026-04-01 19:50:32,28.4,-0.55,21.092,0.899,0.735,28.55,8.358,36.075,1001.968,66.577,1.539,15.601,0,none,0.562,0.7,0.488,0.441,MEDIUM,SYNTHETIC_DEMO_DATA
3756,Chennai Coast,12.68454,80.63318,2026-04-01 22:45:23,28.007,-1.943,35.094,1.27,0.732,48.29,7.685,5.446,1013.203,62.548,0.612,4.752,0,none,0.335,0.602,0.517,0.572,MEDIUM,SYNTHETIC_DEMO_DATA
3757,Gujarat Coast,22.59519,69.81651,2026-04-02 01:40:14,28.826,0.576,37.524,1.294,0.435,303.71,6.952,8.284,1014.885,68.383,1.715,7.713,0,none,0.471,0.704,0.543,0.307,MEDIUM,SYNTHETIC_DEMO_DATA
3758,Mumbai Coast,19.1714,72.68959,2026-04-02 04:35:05,27.933,-0.817,31.885,1.749,1.14,203.55,10.854,16.767,1005.164,74.259,1.946,13.091,1,cyclonic,0.46,0.694,0.639,0.386,MEDIUM,SYNTHETIC_DEMO_DATA
3759,Sundarbans,21.88701,88.9547,2026-04-02 07:29:56,29.917,0.967,19.494,1.752,0.753,190.78,19.724,22.202,1001.187,90.091,2.125,13.587,0,none,0.451,0.542,0.536,0.486,MEDIUM,SYNTHETIC_DEMO_DATA
3760,Mumbai Coast,19.23408,72.59663,2026-04-02 10:24:47,28.438,-0.312,32.465,1.46,1.081,14.23,8.826,9.772,1010.5,76.382,1.226,7.337,0,none,0.544,0.747,0.641,0.2,LOW,SYNTHETIC_DEMO_DATA
3761,Odisha Coast,19.94057,85.54051,2026-04-02 13:19:38,28.932,-0.818,29.99,1.576,0.253,341.43,9.018,21.526,1000.556,83.541,2.126,15.85,1,cyclonic,0.631,0.495,0.552,0.468,MEDIUM,SYNTHETIC_DEMO_DATA
3762,Mumbai Coast,19.24556,72.62684,2026-04-02 16:14:29,27.611,-1.139,34.451,0.895,1.166,95.42,5.58,12.307,1007.195,87.489,1.111,8.767,0,none,0.43,0.562,0.56,0.496,MEDIUM,SYNTHETIC_DEMO_DATA
3763,Mumbai Coast,19.23079,73.11205,2026-04-02 19:09:20,29.245,0.495,34.974,2.249,0.873,340.08,14.04,23.802,1021.838,81.888,1.973,14.293,0,none,0.507,0.728,0.665,0.328,MEDIUM,SYNTHETIC_DEMO_DATA
3764,Gujarat Coast,22.35871,69.20346,2026-04-02 22:04:12,27.958,-0.292,37.431,1.367,0.892,203.86,11.196,3.645,1013.148,83.171,1.202,9.539,0,none,0.42,0.706,0.723,0.251,LOW,SYNTHETIC_DEMO_DATA
3765,Kerala Coast,9.81817,75.94122,2026-04-03 00:59:03,29.272,0.222,33.148,2.312,0.637,6.81,14.538,24.664,1025.307,77.669,2.082,14.445,0,none,0.466,0.593,0.757,0.244,LOW,SYNTHETIC_DEMO_DATA
3766,Kerala Coast,9.9933,76.12387,2026-04-03 03:53:54,28.865,-0.185,31.258,0.897,0.531,121.04,5.939,41.584,1003.378,91.772,3.087,19.235,0,none,0.756,0.801,0.697,0.255,LOW,SYNTHETIC_DEMO_DATA
3767,Gujarat Coast,21.93916,69.24758,2026-04-03 06:48:45,26.384,-1.866,37.449,1.185,0.615,193.79,5.182,6.241,1005.137,77.988,0.798,7.988,1,cyclonic,0.303,0.492,0.593,0.615,HIGH,SYNTHETIC_DEMO_DATA
3768,Goa Coast,15.44476,73.68112,2026-04-03 09:43:36,28.176,-0.774,34.762,1.784,0.49,120.06,9.932,11.101,1013.584,71.009,1.064,10.852,1,anticyclonic,0.327,0.607,0.56,0.377,MEDIUM,SYNTHETIC_DEMO_DATA
3769,Andaman & Nicobar,11.90989,92.51658,2026-04-03 12:38:27,29.064,-0.686,33.006,2.437,1.136,69.71,16.786,17.659,1009.73,82.533,2.558,12.856,0,none,0.557,0.64,0.651,0.302,MEDIUM,SYNTHETIC_DEMO_DATA
3770,Chennai Coast,13.08757,80.26215,2026-04-03 15:33:18,31.382,1.432,31.388,1.762,0.858,138.3,17.836,15.754,1011.708,71.466,0.835,10.886,0,none,0.517,0.656,0.507,0.468,MEDIUM,SYNTHETIC_DEMO_DATA
3771,Kerala Coast,9.84951,76.13463,2026-04-03 18:28:09,28.942,-0.108,32.815,1.183,0.905,286.41,11.495,15.647,998.943,90.082,1.205,12.061,0,none,0.435,0.693,0.719,0.271,LOW,SYNTHETIC_DEMO_DATA
3772,Chennai Coast,13.1833,80.5826,2026-04-03 21:23:00,30.741,0.791,36.12,3.111,0.559,137.05,22.457,0.0,1019.522,66.691,0.989,8.582,1,cyclonic,0.27,0.705,0.637,0.384,MEDIUM,SYNTHETIC_DEMO_DATA
3773,Mumbai Coast,18.77009,72.77162,2026-04-04 00:17:51,28.82,0.07,31.305,2.025,0.703,112.08,13.199,24.494,1015.701,77.716,2.506,8.78,1,cyclonic,0.598,0.791,0.832,0.253,LOW,SYNTHETIC_DEMO_DATA
3774,Odisha Coast,19.99166,85.98381,2026-04-04 03:12:42,29.716,-0.034,29.958,2.14,1.107,107.36,21.254,20.651,1013.169,76.241,1.234,13.548,0,none,0.342,0.62,0.682,0.261,LOW,SYNTHETIC_DEMO_DATA
3775,Kerala Coast,9.98717,76.51525,2026-04-04 06:07:33,28.754,-0.296,33.491,0.883,0.419,207.0,1.0,21.746,1010.113,84.406,1.514,11.007,1,cyclonic,0.611,0.651,0.836,0.335,MEDIUM,SYNTHETIC_DEMO_DATA
3776,Odisha Coast,19.61792,85.89666,2026-04-04 09:02:24,29.385,-0.365,31.074,1.367,0.414,157.51,6.533,7.352,991.429,81.45,1.019,8.655,1,anticyclonic,0.373,0.643,0.588,0.263,LOW,SYNTHETIC_DEMO_DATA
3777,Mumbai Coast,19.27937,73.04646,2026-04-04 11:57:15,28.257,-0.493,33.708,2.351,0.682,117.64,16.51,28.825,1006.383,77.094,2.084,18.97,0,none,0.505,0.586,0.647,0.394,MEDIUM,SYNTHETIC_DEMO_DATA
3778,Andaman & Nicobar,11.75907,92.45741,2026-04-04 14:52:06,28.998,-0.752,31.248,1.39,0.743,145.06,9.391,36.281,1012.737,74.06,1.98,18.162,1,cyclonic,0.619,0.656,0.586,0.419,MEDIUM,SYNTHETIC_DEMO_DATA
3779,Lakshadweep,10.86952,72.52575,2026-04-04 17:46:57,30.113,0.863,35.059,2.252,0.673,175.49,8.162,9.283,991.402,81.676,1.76,11.188,1,cyclonic,0.341,0.762,0.549,0.345,MEDIUM,SYNTHETIC_DEMO_DATA
3780,Kerala Coast,9.90915,76.29347,2026-04-04 20:41:48,28.567,-0.483,34.606,1.719,0.895,52.17,11.349,25.33,1004.539,73.584,2.246,9.66,0,none,0.432,0.66,0.785,0.353,MEDIUM,SYNTHETIC_DEMO_DATA
3781,Sundarbans,21.90647,89.42387,2026-04-04 23:36:40,29.621,0.671,21.595,1.405,0.916,233.06,11.227,30.562,1020.099,94.918,2.479,13.783,1,anticyclonic,0.662,0.569,0.632,0.496,MEDIUM,SYNTHETIC_DEMO_DATA
3782,Visakhapatnam,17.69288,83.14941,2026-04-05 02:31:31,29.265,0.015,35.09,2.686,0.439,79.67,17.37,10.668,998.072,73.411,0.734,9.441,0,none,0.413,0.635,0.844,0.22,LOW,SYNTHETIC_DEMO_DATA
3783,Odisha Coast,19.76879,85.8898,2026-04-05 05:26:22,29.906,0.156,33.558,2.188,0.963,6.77,21.996,7.985,1001.871,58.536,1.664,10.433,0,none,0.401,0.805,0.798,0.201,LOW,SYNTHETIC_DEMO_DATA
3784,Goa Coast,15.56619,74.03974,2026-04-05 08:21:13,30.067,1.117,35.357,1.926,0.927,341.37,18.941,0.0,1011.479,66.558,0.925,0.822,1,anticyclonic,0.352,0.58,0.602,0.337,MEDIUM,SYNTHETIC_DEMO_DATA
3785,Lakshadweep,10.7831,72.87213,2026-04-05 11:16:04,29.447,0.197,34.646,2.462,0.448,352.6,13.853,8.577,1005.445,87.043,1.184,9.776,0,none,0.44,0.772,0.635,0.209,LOW,SYNTHETIC_DEMO_DATA
3786,Mumbai Coast,19.00983,73.04169,2026-04-05 14:10:55,28.42,-0.33,32.912,1.333,0.9,261.74,9.536,24.279,1014.211,71.823,1.81,12.641,1,cyclonic,0.465,0.823,0.629,0.338,MEDIUM,SYNTHETIC_DEMO_DATA
3787,Odisha Coast,19.89803,85.59176,2026-04-05 17:05:46,29.748,-0.002,30.148,1.611,1.09,346.59,13.476,18.392,1010.336,71.368,1.293,6.041,1,anticyclonic,0.572,0.711,0.816,0.185,LOW,SYNTHETIC_DEMO_DATA
3788,Sundarbans,22.00378,89.07971,2026-04-05 20:00:37,28.455,-0.495,21.228,1.571,1.345,211.53,5.349,18.343,1007.089,45.248,1.472,12.326,0,none,0.476,0.82,0.643,0.306,MEDIUM,SYNTHETIC_DEMO_DATA
3789,Lakshadweep,10.60671,72.4252,2026-04-05 22:55:28,29.082,-0.168,35.061,2.013,0.954,254.68,17.299,5.049,1009.611,79.507,1.059,5.841,1,anticyclonic,0.422,0.618,0.715,0.255,LOW,SYNTHETIC_DEMO_DATA
3790,Chennai Coast,13.09118,80.0537,2026-04-06 01:50:19,29.078,-0.872,34.048,1.364,0.712,276.8,11.343,0.255,1017.952,97.266,0.237,6.471,1,anticyclonic,0.301,0.625,0.725,0.408,MEDIUM,SYNTHETIC_DEMO_DATA
3791,Odisha Coast,19.77817,85.72589,2026-04-06 04:45:10,30.517,0.767,30.144,2.759,0.601,94.89,16.039,16.605,1011.003,63.087,1.486,12.818,0,none,0.447,0.636,0.629,0.381,MEDIUM,SYNTHETIC_DEMO_DATA
3792,Odisha Coast,19.73316,85.74819,2026-04-06 07:40:01,29.875,0.125,32.12,2.13,0.423,242.98,14.375,15.537,1013.328,86.34,1.29,19.148,1,anticyclonic,0.359,0.778,0.767,0.306,MEDIUM,SYNTHETIC_DEMO_DATA
3793,Visakhapatnam,17.31675,83.34573,2026-04-06 10:34:52,27.999,-1.251,33.015,1.84,0.871,209.41,11.171,7.455,1016.945,74.27,1.358,3.153,0,none,0.494,0.577,0.605,0.429,MEDIUM,SYNTHETIC_DEMO_DATA
3794,Gujarat Coast,22.18554,69.67011,2026-04-06 13:29:43,29.137,0.887,36.527,2.005,0.926,348.52,18.147,0.0,1018.172,63.045,0.05,2.255,0,none,0.307,0.577,0.62,0.443,MEDIUM,SYNTHETIC_DEMO_DATA
3795,Andaman & Nicobar,11.99485,92.35838,2026-04-06 16:24:34,28.254,-1.496,30.165,2.462,0.661,145.44,19.928,24.933,1009.04,73.772,2.515,16.065,1,cyclonic,0.607,0.725,0.523,0.566,MEDIUM,SYNTHETIC_DEMO_DATA
3796,Visakhapatnam,18.21207,83.57183,2026-04-06 19:19:25,28.006,-1.244,35.878,1.397,0.735,50.78,9.777,6.723,1003.99,75.196,1.387,4.586,0,none,0.455,0.616,0.619,0.372,MEDIUM,SYNTHETIC_DEMO_DATA
3797,Gujarat Coast,22.32923,69.68932,2026-04-06 22:14:16,27.292,-0.958,33.962,1.755,0.802,230.72,13.566,0.0,996.788,87.215,0.899,7.737,1,anticyclonic,0.24,0.723,0.587,0.513,MEDIUM,SYNTHETIC_DEMO_DATA
3798,Sundarbans,22.35788,88.95428,2026-04-07 01:09:08,28.933,-0.017,24.132,1.281,0.923,142.62,9.222,25.895,1011.602,60.022,2.265,13.083,1,anticyclonic,0.712,0.751,0.906,0.222,LOW,SYNTHETIC_DEMO_DATA
3799,Sundarbans,21.84991,89.44725,2026-04-07 04:03:59,28.615,-0.335,22.312,1.725,0.738,101.26,13.354,14.242,1003.942,59.693,0.968,12.532,0,none,0.353,0.76,0.555,0.359,MEDIUM,SYNTHETIC_DEMO_DATA
3800,Sundarbans,22.06014,89.12064,2026-04-07 06:58:50,28.65,-0.3,19.912,2.445,0.932,22.66,14.638,34.338,1004.281,89.114,2.131,11.806,1,cyclonic,0.657,0.727,0.767,0.365,MEDIUM,SYNTHETIC_DEMO_DATA
3801,Lakshadweep,10.75063,72.60414,2026-04-07 09:53:41,29.037,-0.213,33.655,2.169,0.213,109.69,14.375,30.625,1028.762,88.79,2.297,17.152,0,none,0.649,0.732,0.607,0.332,MEDIUM,SYNTHETIC_DEMO_DATA
3802,Mumbai Coast,19.34688,72.76477,2026-04-07 12:48:32,27.823,-0.927,33.96,1.614,0.905,190.64,12.244,21.964,1008.206,73.381,1.405,10.441,1,anticyclonic,0.635,0.571,0.736,0.469,MEDIUM,SYNTHETIC_DEMO_DATA
3803,Andaman & Nicobar,11.9314,92.82718,2026-04-07 15:43:23,30.211,0.461,31.989,1.281,0.443,215.31,9.599,8.403,1027.295,87.66,1.265,7.627,0,none,0.546,0.616,0.657,0.23,LOW,SYNTHETIC_DEMO_DATA
3804,Sundarbans,22.18762,89.35694,2026-04-07 18:38:14,30.042,1.092,21.652,1.751,0.872,287.47,12.002,14.911,1013.508,83.775,1.473,6.166,0,none,0.584,0.657,0.795,0.435,MEDIUM,SYNTHETIC_DEMO_DATA
3805,Sundarbans,22.05922,89.49251,2026-04-07 21:33:05,29.302,0.352,21.108,2.555,0.751,213.13,18.509,35.179,1012.81,77.738,2.065,19.336,0,none,0.785,0.671,0.645,0.375,MEDIUM,SYNTHETIC_DEMO_DATA
3806,Andaman & Nicobar,11.79957,92.42236,2026-04-08 00:27:56,30.915,1.165,31.941,2.651,0.746,79.34,18.611,5.336,1019.523,77.707,0.847,8.785,0,none,0.27,0.691,0.632,0.359,MEDIUM,SYNTHETIC_DEMO_DATA
3807,Odisha Coast,19.80608,85.81029,2026-04-08 03:22:47,30.444,0.694,29.474,1.712,1.116,43.5,7.879,8.12,1010.823,86.225,1.259,9.705,0,none,0.484,0.564,0.659,0.365,MEDIUM,SYNTHETIC_DEMO_DATA
3808,Odisha Coast,19.83066,85.79943,2026-04-08 06:17:38,30.238,0.488,30.17,2.751,0.955,309.18,21.588,9.247,990.579,81.543,1.147,8.994,0,none,0.33,0.646,0.63,0.322,MEDIUM,SYNTHETIC_DEMO_DATA
3809,Mumbai Coast,18.8637,72.6047,2026-04-08 09:12:29,29.522,0.772,35.331,1.548,0.531,76.78,12.634,2.912,1019.641,69.547,1.218,7.229,1,anticyclonic,0.383,0.698,0.696,0.377,MEDIUM,SYNTHETIC_DEMO_DATA
3810,Gujarat Coast,22.36918,69.83511,2026-04-08 12:07:20,29.442,1.192,35.118,1.269,0.293,194.42,9.112,0.0,1004.737,67.443,1.369,5.052,0,none,0.382,0.708,0.564,0.447,MEDIUM,SYNTHETIC_DEMO_DATA
3811,Visakhapatnam,17.19422,83.20966,2026-04-08 15:02:11,29.675,0.425,32.451,2.575,0.917,340.21,17.354,3.046,1008.785,82.68,0.91,8.475,0,none,0.438,0.76,0.638,0.246,LOW,SYNTHETIC_DEMO_DATA
3812,Kerala Coast,9.88128,76.48509,2026-04-08 17:57:02,30.441,1.391,32.715,2.119,0.856,232.75,13.647,16.842,1017.954,76.866,1.243,6.208,0,none,0.453,0.784,0.644,0.411,MEDIUM,SYNTHETIC_DEMO_DATA
3813,Gujarat Coast,22.34014,69.68439,2026-04-08 20:51:53,28.459,0.209,36.525,2.082,0.956,140.15,12.092,5.806,1007.1,77.783,1.352,7.078,0,none,0.275,0.52,0.749,0.282,LOW,SYNTHETIC_DEMO_DATA
3814,Kerala Coast,10.08749,76.37351,2026-04-08 23:46:44,30.361,1.311,35.283,2.315,1.15,295.94,17.651,28.303,1017.298,90.674,2.503,14.704,1,cyclonic,0.58,0.511,0.6,0.53,MEDIUM,SYNTHETIC_DEMO_DATA
3815,Chennai Coast,13.02408,80.14856,2026-04-09 02:41:36,27.392,-2.558,33.238,1.5,0.866,309.15,5.416,0.0,1019.292,75.923,0.972,4.006,1,anticyclonic,0.376,0.441,0.643,0.648,HIGH,SYNTHETIC_DEMO_DATA
3816,Sundarbans,21.8658,89.19621,2026-04-09 05:36:27,28.819,-0.131,17.509,2.166,0.504,30.1,16.28,25.525,996.671,94.068,2.266,15.749,1,cyclonic,0.695,0.766,0.652,0.412,MEDIUM,SYNTHETIC_DEMO_DATA
3817,Kerala Coast,9.93505,76.11255,2026-04-09 08:31:18,29.752,0.702,32.013,0.683,0.945,58.12,2.474,35.325,1003.841,73.947,2.223,15.941,0,none,0.643,0.573,0.519,0.398,MEDIUM,SYNTHETIC_DEMO_DATA
3818,Andaman & Nicobar,11.95107,92.77604,2026-04-09 11:26:09,29.327,-0.423,33.996,2.908,0.736,155.92,24.971,9.204,1002.687,80.899,1.532,9.805,0,none,0.622,0.765,0.681,0.309,MEDIUM,SYNTHETIC_DEMO_DATA
3819,Gujarat Coast,22.10662,69.41774,2026-04-09 14:21:00,27.074,-1.176,35.177,1.849,1.084,138.66,10.998,0.0,1006.709,68.515,1.063,4.075,1,anticyclonic,0.397,0.555,0.62,0.479,MEDIUM,SYNTHETIC_DEMO_DATA
3820,Andaman & Nicobar,11.24916,92.66549,2026-04-09 17:15:51,29.189,-0.561,32.932,2.414,0.81,252.52,8.801,27.797,995.256,70.959,2.167,11.759,1,cyclonic,0.736,0.745,0.636,0.281,LOW,SYNTHETIC_DEMO_DATA
3821,Odisha Coast,19.71719,85.7249,2026-04-09 20:10:42,29.016,-0.734,28.475,1.781,0.603,283.89,14.236,6.432,1005.945,62.189,1.709,8.915,0,none,0.525,0.759,0.714,0.326,MEDIUM,SYNTHETIC_DEMO_DATA
3822,Sundarbans,22.24289,89.00043,2026-04-09 23:05:33,29.112,0.162,21.672,2.263,0.743,285.79,17.183,26.534,1013.873,57.057,1.821,14.031,1,anticyclonic,0.596,0.512,0.669,0.425,MEDIUM,SYNTHETIC_DEMO_DATA
3823,Mumbai Coast,19.15111,72.59748,2026-04-10 02:00:24,27.667,-1.083,31.615,2.376,0.792,51.93,15.894,19.265,1003.98,56.694,1.927,10.397,1,cyclonic,0.444,0.691,0.607,0.471,MEDIUM,SYNTHETIC_DEMO_DATA
3824,Odisha Coast,19.88233,86.02491,2026-04-10 04:55:15,29.882,0.132,28.807,1.157,0.649,191.0,6.344,24.212,1007.875,65.523,1.307,19.512,1,anticyclonic,0.514,0.573,0.663,0.334,MEDIUM,SYNTHETIC_DEMO_DATA
3825,Mumbai Coast,19.16317,72.52043,2026-04-10 07:50:06,28.501,-0.249,34.945,0.461,0.608,45.57,6.219,6.068,1014.418,75.858,1.123,7.273,0,none,0.547,0.789,0.625,0.247,LOW,SYNTHETIC_DEMO_DATA
3826,Lakshadweep,10.53728,72.52284,2026-04-10 10:44:57,28.357,-0.893,34.484,1.463,0.577,179.82,10.457,0.0,1013.469,80.829,0.569,7.024,0,none,0.287,0.508,0.61,0.301,MEDIUM,SYNTHETIC_DEMO_DATA
3827,Chennai Coast,13.226,80.56694,2026-04-10 13:39:48,29.889,-0.061,34.758,1.853,0.71,255.74,15.304,7.65,1005.568,76.51,0.999,9.984,0,none,0.368,0.748,0.74,0.239,LOW,SYNTHETIC_DEMO_DATA
3828,Mumbai Coast,18.80658,72.80903,2026-04-10 16:34:39,27.824,-0.926,36.075,1.216,0.276,296.03,7.002,25.696,1019.076,96.046,1.646,13.311,0,none,0.427,0.739,0.623,0.419,MEDIUM,SYNTHETIC_DEMO_DATA
3829,Gujarat Coast,22.10262,69.51106,2026-04-10 19:29:30,28.131,-0.119,35.142,1.789,0.587,342.26,9.267,0.0,1020.138,66.242,1.693,4.137,0,none,0.425,0.837,0.776,0.213,LOW,SYNTHETIC_DEMO_DATA
3830,Odisha Coast,20.24282,85.87128,2026-04-10 22:24:21,28.824,-0.926,30.398,2.377,0.414,85.34,12.863,0.0,1021.382,75.775,1.222,3.451,1,anticyclonic,0.372,0.518,0.665,0.408,MEDIUM,SYNTHETIC_DEMO_DATA
3831,Andaman & Nicobar,11.76914,92.48185,2026-04-11 01:19:12,29.633,-0.117,32.549,1.826,0.992,287.09,11.751,16.655,1000.559,82.793,0.879,12.25,0,none,0.301,0.748,0.652,0.253,LOW,SYNTHETIC_DEMO_DATA
3832,Visakhapatnam,17.50782,83.16738,2026-04-11 04:14:04,28.759,-0.491,33.175,3.214,0.803,75.84,19.109,8.187,1018.37,66.606,1.048,6.96,0,none,0.464,0.629,0.78,0.288,LOW,SYNTHETIC_DEMO_DATA
3833,Andaman & Nicobar,11.65383,92.07787,2026-04-11 07:08:55,29.377,-0.373,33.108,1.4,0.953,250.38,11.615,10.397,1010.909,80.716,1.546,9.69,1,anticyclonic,0.433,0.782,0.701,0.235,LOW,SYNTHETIC_DEMO_DATA
3834,Gujarat Coast,22.27738,69.49415,2026-04-11 10:03:46,27.91,-0.34,37.292,1.023,0.788,269.29,10.909,5.998,1000.264,59.991,1.185,9.822,0,none,0.519,0.764,0.715,0.299,LOW,SYNTHETIC_DEMO_DATA
3835,Odisha Coast,19.85565,85.84844,2026-04-11 12:58:37,29.602,-0.148,30.509,1.877,0.573,75.62,8.809,20.079,1034.32,78.915,1.696,11.258,0,none,0.51,0.587,0.762,0.321,MEDIUM,SYNTHETIC_DEMO_DATA
3836,Goa Coast,15.52936,73.9076,2026-04-11 15:53:28,28.132,-0.818,31.95,2.316,0.696,255.59,11.403,6.774,1016.84,57.292,1.762,7.554,1,anticyclonic,0.38,0.686,0.72,0.427,MEDIUM,SYNTHETIC_DEMO_DATA
3837,Odisha Coast,20.09556,85.91655,2026-04-11 18:48:19,28.92,-0.83,28.292,2.045,0.993,101.56,10.768,17.83,1025.163,66.089,1.163,12.315,1,cyclonic,0.369,0.512,0.635,0.501,MEDIUM,SYNTHETIC_DEMO_DATA
3838,Mumbai Coast,19.11315,73.0621,2026-04-11 21:43:10,28.253,-0.497,33.421,0.272,0.594,42.77,3.715,18.284,1014.666,90.833,1.128,9.734,0,none,0.492,0.697,0.634,0.279,LOW,SYNTHETIC_DEMO_DATA
3839,Lakshadweep,10.90227,72.50268,2026-04-12 00:38:01,29.59,0.34,33.976,1.372,0.729,9.11,13.745,18.923,1013.322,56.689,1.327,12.935,0,none,0.446,0.649,0.591,0.273,LOW,SYNTHETIC_DEMO_DATA
3840,Lakshadweep,10.69821,72.69491,2026-04-12 03:32:52,29.921,0.671,35.711,1.15,0.621,296.93,3.791,5.051,1004.781,64.332,0.373,7.795,0,none,0.388,0.686,0.571,0.276,LOW,SYNTHETIC_DEMO_DATA
3841,Andaman & Nicobar,11.35473,92.5052,2026-04-12 06:27:43,29.838,0.088,33.049,1.592,0.692,178.17,12.342,15.135,1005.429,72.748,1.745,7.732,1,anticyclonic,0.462,0.824,0.467,0.335,MEDIUM,SYNTHETIC_DEMO_DATA
3842,Kerala Coast,9.94617,75.76122,2026-04-12 09:22:34,28.924,-0.126,33.657,0.669,0.482,321.33,1.0,39.684,990.77,71.165,2.799,17.226,1,cyclonic,0.701,0.595,0.746,0.324,MEDIUM,SYNTHETIC_DEMO_DATA
3843,Mumbai Coast,19.02755,72.94638,2026-04-12 12:17:25,28.611,-0.139,32.919,2.528,0.765,83.9,10.052,29.449,1010.077,98.159,1.771,14.117,1,cyclonic,0.582,0.762,0.768,0.248,LOW,SYNTHETIC_DEMO_DATA
3844,Chennai Coast,13.09402,80.60176,2026-04-12 15:12:16,29.928,-0.022,33.275,1.483,0.587,67.77,5.121,4.737,1020.275,74.965,1.4,6.484,0,none,0.452,0.713,0.8,0.165,LOW,SYNTHETIC_DEMO_DATA
3845,Lakshadweep,10.19347,72.7981,2026-04-12 18:07:07,29.572,0.322,34.386,1.822,1.004,26.36,12.708,0.0,1027.16,88.813,0.632,6.57,0,none,0.346,0.722,0.857,0.179,LOW,SYNTHETIC_DEMO_DATA
3846,Kerala Coast,9.99454,76.50503,2026-04-12 21:01:58,29.211,0.161,32.237,1.712,1.272,5.25,12.487,19.8,1015.29,68.833,0.723,12.983,0,none,0.353,0.757,0.645,0.209,LOW,SYNTHETIC_DEMO_DATA
3847,Goa Coast,15.4025,73.69334,2026-04-12 23:56:49,29.889,0.939,34.133,1.706,0.716,216.32,10.487,12.922,1002.977,81.623,1.612,8.405,0,none,0.525,0.568,0.587,0.344,MEDIUM,SYNTHETIC_DEMO_DATA
3848,Chennai Coast,13.1993,80.11051,2026-04-13 02:51:40,29.203,-0.747,33.25,1.324,0.584,218.1,15.841,18.121,1012.665,95.723,2.102,14.518,0,none,0.483,0.543,0.584,0.392,MEDIUM,SYNTHETIC_DEMO_DATA
3849,Goa Coast,15.67926,73.98862,2026-04-13 05:46:31,29.809,0.859,31.118,2.115,0.567,221.51,17.616,9.288,1007.104,100.0,0.39,7.034,0,none,0.46,0.623,0.708,0.324,MEDIUM,SYNTHETIC_DEMO_DATA
3850,Visakhapatnam,17.97699,83.3011,2026-04-13 08:41:23,29.683,0.433,34.035,1.636,0.32,189.15,13.153,0.799,1026.003,75.306,1.268,9.529,0,none,0.458,0.78,0.731,0.24,LOW,SYNTHETIC_DEMO_DATA
3851,Goa Coast,15.36626,73.797,2026-04-13 11:36:14,29.268,0.318,34.772,1.734,0.603,210.86,7.874,20.144,1003.484,85.859,1.906,12.807,0,none,0.502,0.524,0.814,0.24,LOW,SYNTHETIC_DEMO_DATA
3852,Sundarbans,21.84371,89.06089,2026-04-13 14:31:05,29.582,0.632,20.667,2.09,1.138,80.76,14.582,32.79,1014.713,92.204,2.287,15.103,1,anticyclonic,0.836,0.643,0.673,0.473,MEDIUM,SYNTHETIC_DEMO_DATA
3853,Odisha Coast,19.7445,85.70216,2026-04-13 17:25:56,29.283,-0.467,30.743,2.892,0.752,20.83,20.08,12.76,1008.121,80.178,1.407,10.601,0,none,0.474,0.562,0.591,0.319,MEDIUM,SYNTHETIC_DEMO_DATA
3854,Chennai Coast,12.79977,80.36202,2026-04-13 20:20:47,28.678,-1.272,32.75,1.164,0.724,347.3,8.841,4.176,1026.087,87.473,1.119,4.82,0,none,0.391,0.612,0.623,0.353,MEDIUM,SYNTHETIC_DEMO_DATA
3855,Kerala Coast,10.12618,76.17053,2026-04-13 23:15:38,30.08,1.03,32.898,1.245,0.63,41.26,12.35,10.79,1016.437,81.853,1.104,7.174,1,anticyclonic,0.45,0.653,0.524,0.47,MEDIUM,SYNTHETIC_DEMO_DATA
3856,Goa Coast,15.38206,73.87303,2026-04-14 02:10:29,28.565,-0.385,35.279,1.426,0.431,31.97,8.023,15.694,1005.216,76.329,1.476,11.334,0,none,0.47,0.556,0.522,0.353,MEDIUM,SYNTHETIC_DEMO_DATA
3857,Chennai Coast,13.13986,80.22979,2026-04-14 05:05:20,30.104,0.154,34.338,1.742,0.181,29.82,13.533,5.871,1016.609,64.135,1.416,4.42,0,none,0.369,0.776,0.803,0.151,LOW,SYNTHETIC_DEMO_DATA
3858,Sundarbans,21.85986,89.14477,2026-04-14 08:00:11,29.892,0.942,18.755,1.954,0.907,186.25,1.74,29.128,998.311,100.0,1.756,18.097,0,none,0.612,0.663,0.604,0.468,MEDIUM,SYNTHETIC_DEMO_DATA
3859,Chennai Coast,13.15057,80.32379,2026-04-14 10:55:02,31.089,1.139,34.554,2.013,0.461,31.54,10.675,6.918,1007.292,56.162,1.261,7.527,0,none,0.481,0.641,0.637,0.391,MEDIUM,SYNTHETIC_DEMO_DATA
3860,Kerala Coast,9.79371,75.78781,2026-04-14 13:49:53,29.027,-0.023,32.958,1.549,0.429,205.07,12.293,27.01,1019.307,85.733,1.746,12.528,0,none,0.438,0.776,0.726,0.258,LOW,SYNTHETIC_DEMO_DATA
3861,Mumbai Coast,19.05291,72.48514,2026-04-14 16:44:44,27.159,-1.591,33.03,1.927,0.531,5.37,19.357,18.585,1001.018,65.554,1.006,14.867,0,none,0.433,0.604,0.569,0.56,MEDIUM,SYNTHETIC_DEMO_DATA
3862,Gujarat Coast,22.34856,69.54977,2026-04-14 19:39:35,28.649,0.399,36.851,2.052,0.911,190.7,15.018,0.925,1005.188,62.204,1.053,5.754,0,none,0.341,0.658,0.708,0.314,MEDIUM,SYNTHETIC_DEMO_DATA
3863,Visakhapatnam,17.24883,82.9665,2026-04-14 22:34:26,29.728,0.478,34.553,1.853,1.072,235.02,14.443,16.213,1007.178,76.87,1.211,9.098,0,none,0.448,0.766,0.708,0.262,LOW,SYNTHETIC_DEMO_DATA
3864,Gujarat Coast,22.33792,69.32112,2026-04-15 01:29:17,28.06,-0.19,37.194,1.014,0.462,351.09,9.372,2.832,1019.79,75.699,0.487,7.72,1,anticyclonic,0.279,0.706,0.706,0.271,LOW,SYNTHETIC_DEMO_DATA
3865,Gujarat Coast,22.13534,69.83075,2026-04-15 04:24:08,27.812,-0.438,35.725,2.003,0.533,335.2,7.975,8.973,1012.261,70.525,1.453,10.236,0,none,0.48,0.695,0.594,0.288,LOW,SYNTHETIC_DEMO_DATA
3866,Goa Coast,15.70096,73.73817,2026-04-15 07:18:59,28.865,-0.085,32.294,2.48,0.568,202.44,15.827,9.403,1010.264,82.879,1.124,10.622,0,none,0.348,0.703,0.765,0.217,LOW,SYNTHETIC_DEMO_DATA
3867,Mumbai Coast,18.80267,72.55047,2026-04-15 10:13:51,29.32,0.57,34.496,1.631,0.727,54.96,6.526,15.591,1009.963,75.487,1.635,11.338,0,none,0.545,0.779,0.592,0.284,LOW,SYNTHETIC_DEMO_DATA
3868,Andaman & Nicobar,11.58517,92.66303,2026-04-15 13:08:42,30.137,0.387,32.449,2.277,0.923,47.25,13.318,12.857,1024.192,74.138,1.673,12.501,1,cyclonic,0.463,0.596,0.643,0.349,MEDIUM,SYNTHETIC_DEMO_DATA
3869,Visakhapatnam,17.79683,83.08274,2026-04-15 16:03:33,29.406,0.156,31.048,0.75,0.535,280.7,7.033,19.009,1011.798,71.789,1.12,11.966,1,anticyclonic,0.517,0.689,0.586,0.329,MEDIUM,SYNTHETIC_DEMO_DATA
3870,Goa Coast,15.45575,74.02769,2026-04-15 18:58:24,30.136,1.186,34.601,2.236,0.883,13.88,12.464,8.926,998.271,64.299,1.629,11.007,1,anticyclonic,0.375,0.557,0.482,0.457,MEDIUM,SYNTHETIC_DEMO_DATA
3871,Sundarbans,21.99203,89.33489,2026-04-15 21:53:15,29.144,0.194,22.533,1.732,0.463,286.92,11.439,32.602,1006.164,79.266,2.097,16.995,0,none,0.582,0.585,0.641,0.348,MEDIUM,SYNTHETIC_DEMO_DATA
3872,Odisha Coast,19.56683,85.79224,2026-04-16 00:48:06,29.589,-0.161,28.647,1.586,0.591,299.41,5.647,27.906,998.682,87.924,1.952,16.446,0,none,0.505,0.678,0.608,0.355,MEDIUM,SYNTHETIC_DEMO_DATA
3873,Andaman & Nicobar,11.72714,92.61197,2026-04-16 03:42:57,30.422,0.672,32.436,1.737,0.61,173.95,9.084,21.796,1013.342,77.458,1.899,12.494,0,none,0.482,0.547,0.609,0.325,MEDIUM,SYNTHETIC_DEMO_DATA
3874,Kerala Coast,9.7417,76.22832,2026-04-16 06:37:48,28.066,-0.984,32.535,1.71,0.665,274.56,9.221,9.792,1003.49,60.442,1.448,8.021,0,none,0.429,0.624,0.544,0.387,MEDIUM,SYNTHETIC_DEMO_DATA
3875,Gujarat Coast,22.44701,69.48942,2026-04-16 09:32:39,28.052,-0.198,36.82,1.815,0.819,38.25,14.984,2.956,1013.643,72.787,1.276,8.163,1,anticyclonic,0.447,0.686,0.737,0.297,LOW,SYNTHETIC_DEMO_DATA
3876,Gujarat Coast,22.48872,69.30721,2026-04-16 12:27:30,28.086,-0.164,36.018,0.662,0.484,301.48,4.203,13.53,1014.42,80.553,1.664,7.583,0,none,0.499,0.88,0.705,0.187,LOW,SYNTHETIC_DEMO_DATA
3877,Gujarat Coast,22.48184,69.49452,2026-04-16 15:22:21,28.222,-0.028,37.062,1.904,0.979,255.51,16.329,0.0,1022.836,66.064,0.331,2.873,1,anticyclonic,0.37,0.651,0.738,0.263,LOW,SYNTHETIC_DEMO_DATA
3878,Visakhapatnam,17.52493,83.22145,2026-04-16 18:17:12,29.802,0.552,33.21,3.348,0.793,337.15,27.484,13.161,1013.97,56.311,1.531,11.275,1,cyclonic,0.443,0.75,0.757,0.405,MEDIUM,SYNTHETIC_DEMO_DATA
3879,Odisha Coast,19.84606,85.87567,2026-04-16 21:12:03,30.226,0.476,28.254,1.625,1.053,197.95,8.057,17.318,1017.709,73.163,1.324,9.969,0,none,0.481,0.609,0.627,0.281,LOW,SYNTHETIC_DEMO_DATA
3880,Sundarbans,21.8048,88.93742,2026-04-17 00:06:54,29.268,0.318,21.966,1.696,0.109,288.66,10.101,8.657,1002.973,72.709,2.064,11.439,0,none,0.433,0.781,0.676,0.297,LOW,SYNTHETIC_DEMO_DATA
3881,Andaman & Nicobar,11.96977,92.04346,2026-04-17 03:01:45,30.145,0.395,34.692,1.189,1.07,343.7,4.627,13.436,1015.349,94.773,0.915,9.783,1,anticyclonic,0.392,0.753,0.697,0.279,LOW,SYNTHETIC_DEMO_DATA
3882,Visakhapatnam,17.69332,83.36362,2026-04-17 05:56:36,29.474,0.224,34.104,0.908,0.491,263.8,6.475,6.244,1019.186,68.277,1.44,6.091,1,anticyclonic,0.451,0.671,0.684,0.302,MEDIUM,SYNTHETIC_DEMO_DATA
3883,Mumbai Coast,19.10623,72.78393,2026-04-17 08:51:27,27.754,-0.996,33.162,1.139,0.66,209.19,9.777,18.083,990.353,77.565,1.804,11.673,1,cyclonic,0.418,0.69,0.756,0.384,MEDIUM,SYNTHETIC_DEMO_DATA
3884,Kerala Coast,9.72528,76.54736,2026-04-17 11:46:19,28.43,-0.62,33.274,1.601,0.285,33.78,11.605,16.652,1011.969,67.951,1.303,10.875,0,none,0.609,0.701,0.676,0.315,MEDIUM,SYNTHETIC_DEMO_DATA
3885,Odisha Coast,19.76685,85.45203,2026-04-17 14:41:10,29.982,0.232,30.285,3.197,0.613,351.85,21.841,15.003,1017.972,56.173,1.21,12.153,0,none,0.463,0.602,0.739,0.341,MEDIUM,SYNTHETIC_DEMO_DATA
3886,Kerala Coast,9.93172,76.09825,2026-04-17 17:36:01,28.753,-0.297,32.22,1.96,0.85,215.46,21.209,20.154,1002.988,55.949,1.842,10.042,0,none,0.41,0.714,0.597,0.303,MEDIUM,SYNTHETIC_DEMO_DATA
3887,Sundarbans,21.91869,88.7516,2026-04-17 20:30:52,30.642,1.692,21.205,1.896,1.09,315.58,11.993,22.225,1015.059,62.433,2.021,10.981,1,anticyclonic,0.554,0.749,0.533,0.591,MEDIUM,SYNTHETIC_DEMO_DATA
3888,Odisha Coast,19.88493,85.73272,2026-04-17 23:25:43,31.019,1.269,29.674,2.468,0.561,338.75,18.657,7.933,1001.039,86.161,1.441,5.743,0,none,0.376,0.632,0.516,0.504,MEDIUM,SYNTHETIC_DEMO_DATA
3889,Odisha Coast,19.84935,85.74606,2026-04-18 02:20:34,28.714,-1.036,29.132,0.851,0.547,341.92,7.878,18.708,1008.083,71.724,1.146,8.871,1,anticyclonic,0.425,0.767,0.497,0.489,MEDIUM,SYNTHETIC_DEMO_DATA
3890,Andaman & Nicobar,11.80567,93.07314,2026-04-18 05:15:25,30.295,0.545,31.525,2.846,1.002,195.0,12.11,16.167,1010.841,75.355,1.457,10.439,0,none,0.499,0.794,0.604,0.297,LOW,SYNTHETIC_DEMO_DATA
3891,Mumbai Coast,18.75284,72.72281,2026-04-18 08:10:16,29.908,1.158,34.714,1.727,1.095,232.98,15.864,12.795,1005.801,91.898,1.534,9.541,0,none,0.531,0.866,0.628,0.382,MEDIUM,SYNTHETIC_DEMO_DATA
3892,Lakshadweep,10.97095,72.26692,2026-04-18 11:05:07,28.71,-0.54,35.896,2.206,1.089,99.77,11.319,9.823,1021.062,100.0,0.983,10.585,1,anticyclonic,0.32,0.611,0.614,0.361,MEDIUM,SYNTHETIC_DEMO_DATA
3893,Kerala Coast,9.86686,76.09619,2026-04-18 13:59:58,29.561,0.511,33.264,1.762,0.428,84.13,17.94,11.035,1015.34,59.145,1.691,13.392,0,none,0.514,0.474,0.701,0.354,MEDIUM,SYNTHETIC_DEMO_DATA
3894,Visakhapatnam,18.15899,83.61779,2026-04-18 16:54:49,28.159,-1.091,32.329,1.821,1.04,50.51,14.226,7.372,1012.403,68.237,0.867,6.875,1,anticyclonic,0.299,0.729,0.599,0.448,MEDIUM,SYNTHETIC_DEMO_DATA
3895,Gujarat Coast,21.94696,69.83654,2026-04-18 19:49:40,27.595,-0.655,34.034,1.523,0.457,313.48,16.456,11.227,998.316,75.191,1.184,11.868,0,none,0.43,0.587,0.658,0.336,MEDIUM,SYNTHETIC_DEMO_DATA
3896,Lakshadweep,10.21883,72.71475,2026-04-18 22:44:31,30.488,1.238,34.701,1.648,0.975,252.39,11.03,13.182,1009.901,70.214,1.755,11.047,0,none,0.571,0.55,0.525,0.454,MEDIUM,SYNTHETIC_DEMO_DATA
3897,Mumbai Coast,18.8143,72.98434,2026-04-19 01:39:22,28.354,-0.396,33.901,2.967,0.897,61.21,22.352,19.005,1002.576,87.934,1.595,14.387,1,anticyclonic,0.478,0.61,0.683,0.381,MEDIUM,SYNTHETIC_DEMO_DATA
3898,Sundarbans,21.62962,89.22614,2026-04-19 04:34:13,29.982,1.032,22.363,1.004,1.048,154.32,2.422,11.592,1014.224,60.403,1.558,6.115,1,anticyclonic,0.363,0.647,0.592,0.511,MEDIUM,SYNTHETIC_DEMO_DATA
3899,Chennai Coast,13.3413,79.92448,2026-04-19 07:29:04,30.166,0.216,31.728,2.632,0.947,125.06,15.252,6.996,1012.442,75.501,1.402,6.407,1,cyclonic,0.47,0.738,0.601,0.276,LOW,SYNTHETIC_DEMO_DATA
3900,Lakshadweep,10.68177,72.76892,2026-04-19 10:23:55,29.515,0.265,35.856,1.888,0.921,179.89,11.822,4.208,1020.97,89.921,1.144,9.764,1,anticyclonic,0.388,0.713,0.71,0.257,LOW,SYNTHETIC_DEMO_DATA
3901,Mumbai Coast,18.96929,73.05478,2026-04-19 13:18:47,29.787,1.037,34.21,1.644,0.691,20.7,8.95,8.456,1018.798,76.357,0.892,10.312,0,none,0.382,0.66,0.696,0.38,MEDIUM,SYNTHETIC_DEMO_DATA
3902,Lakshadweep,10.64738,72.55321,2026-04-19 16:13:38,28.584,-0.666,36.034,1.389,0.577,21.46,7.518,12.649,1016.703,94.192,1.241,9.596,1,cyclonic,0.469,0.838,0.653,0.298,LOW,SYNTHETIC_DEMO_DATA
3903,Mumbai Coast,18.88955,73.05843,2026-04-19 19:08:29,29.575,0.825,31.986,1.332,0.607,99.9,13.677,16.845,1005.621,73.48,1.442,11.012,0,none,0.592,0.742,0.64,0.386,MEDIUM,SYNTHETIC_DEMO_DATA
3904,Sundarbans,21.44325,89.25823,2026-04-19 22:03:20,29.261,0.311,19.231,1.885,0.758,285.39,9.445,25.299,1014.658,71.375,2.219,13.942,0,none,0.559,0.752,0.799,0.376,MEDIUM,SYNTHETIC_DEMO_DATA
3905,Andaman & Nicobar,11.23863,92.70299,2026-04-20 00:58:11,29.68,-0.07,32.042,1.832,0.495,334.53,10.318,2.604,1007.819,80.507,0.898,5.317,0,none,0.307,0.721,0.749,0.164,LOW,SYNTHETIC_DEMO_DATA
3906,Goa Coast,15.19108,73.92788,2026-04-20 03:53:02,29.351,0.401,32.676,2.114,0.616,113.97,15.89,16.933,1012.016,89.271,1.515,13.615,0,none,0.571,0.622,0.639,0.322,MEDIUM,SYNTHETIC_DEMO_DATA
3907,Goa Coast,15.57584,74.09727,2026-04-20 06:47:53,29.087,0.137,34.556,1.102,0.525,104.59,5.736,9.16,1003.927,88.685,1.265,4.603,1,cyclonic,0.421,0.687,0.74,0.302,MEDIUM,SYNTHETIC_DEMO_DATA
3908,Lakshadweep,10.44137,72.59945,2026-04-20 09:42:44,28.212,-1.038,35.046,1.357,0.501,210.56,5.013,0.168,1015.55,52.655,0.903,0.576,1,anticyclonic,0.236,0.668,0.611,0.398,MEDIUM,SYNTHETIC_DEMO_DATA
3909,Odisha Coast,19.68882,85.89525,2026-04-20 12:37:35,28.773,-0.977,29.539,2.437,0.487,122.62,16.809,8.962,1001.607,77.856,0.61,11.042,0,none,0.296,0.513,0.482,0.443,MEDIUM,SYNTHETIC_DEMO_DATA
3910,Lakshadweep,10.77378,72.5565,2026-04-20 15:32:26,30.327,1.077,34.584,1.426,0.524,244.13,8.877,11.999,1010.143,89.951,1.767,8.966,1,cyclonic,0.528,0.535,0.61,0.463,MEDIUM,SYNTHETIC_DEMO_DATA
3911,Visakhapatnam,17.75295,83.28691,2026-04-20 18:27:17,29.588,0.338,33.579,1.744,1.041,127.9,10.913,1.495,1003.683,84.528,0.978,6.038,0,none,0.417,0.728,0.769,0.225,LOW,SYNTHETIC_DEMO_DATA
3912,Lakshadweep,10.29089,72.85409,2026-04-20 21:22:08,29.442,0.192,36.549,1.594,1.096,223.98,11.572,1.635,1005.679,69.262,0.545,2.884,0,none,0.213,0.816,0.722,0.213,LOW,SYNTHETIC_DEMO_DATA
3913,Odisha Coast,20.02635,85.99128,2026-04-21 00:16:59,29.468,-0.282,29.968,1.975,0.547,127.31,10.654,25.067,1000.756,84.482,2.255,13.83,0,none,0.469,0.813,0.697,0.321,MEDIUM,SYNTHETIC_DEMO_DATA
3914,Mumbai Coast,19.06512,72.3569,2026-04-21 03:11:50,29.89,1.14,35.949,1.919,0.794,337.06,11.266,14.734,1020.518,74.695,1.387,12.124,1,cyclonic,0.41,0.666,0.703,0.479,MEDIUM,SYNTHETIC_DEMO_DATA
3915,Goa Coast,15.75074,73.87229,2026-04-21 06:06:41,28.781,-0.169,33.284,2.015,0.879,38.56,13.414,25.9,1014.393,81.564,1.628,12.647,1,anticyclonic,0.572,0.808,0.778,0.296,LOW,SYNTHETIC_DEMO_DATA
3916,Sundarbans,21.96885,89.46007,2026-04-21 09:01:32,28.974,0.024,20.55,2.403,0.402,17.27,18.745,13.856,1018.382,83.883,1.266,10.011,0,none,0.659,0.724,0.827,0.212,LOW,SYNTHETIC_DEMO_DATA
3917,Sundarbans,21.68515,89.17807,2026-04-21 11:56:23,29.928,0.978,23.494,1.882,0.405,284.79,9.033,18.588,1010.539,67.444,1.319,10.154,0,none,0.484,0.637,0.558,0.43,MEDIUM,SYNTHETIC_DEMO_DATA
3918,Andaman & Nicobar,11.68418,92.62167,2026-04-21 14:51:15,30.486,0.736,31.833,2.331,0.821,235.61,16.443,17.329,1009.21,78.459,1.112,8.863,1,cyclonic,0.59,0.634,0.544,0.373,MEDIUM,SYNTHETIC_DEMO_DATA
3919,Sundarbans,21.49924,88.83872,2026-04-21 17:46:06,29.008,0.058,21.657,1.156,0.693,246.16,4.172,18.795,998.377,77.348,1.659,13.346,0,none,0.475,0.824,0.671,0.284,LOW,SYNTHETIC_DEMO_DATA
3920,Gujarat Coast,22.34623,69.47367,2026-04-21 20:40:57,27.553,-0.697,34.363,1.402,0.736,252.18,9.704,8.601,1007.365,68.097,2.06,7.056,0,none,0.519,0.705,0.922,0.302,MEDIUM,SYNTHETIC_DEMO_DATA
3921,Lakshadweep,10.99126,72.55949,2026-04-21 23:35:48,28.732,-0.518,35.528,1.145,0.745,347.66,6.217,1.782,1018.919,61.454,1.212,0.5,1,cyclonic,0.305,0.651,0.885,0.3,LOW,SYNTHETIC_DEMO_DATA
3922,Gujarat Coast,22.3563,69.21952,2026-04-22 02:30:39,29.793,1.543,35.719,2.011,0.858,337.52,10.681,9.185,1007.96,74.227,1.141,10.17,0,none,0.288,0.551,0.66,0.524,MEDIUM,SYNTHETIC_DEMO_DATA
3923,Kerala Coast,10.05117,76.39124,2026-04-22 05:25:30,29.002,-0.048,31.826,2.017,0.816,12.61,18.813,29.364,998.223,95.15,2.019,16.728,1,cyclonic,0.693,0.844,0.82,0.263,LOW,SYNTHETIC_DEMO_DATA
3924,Kerala Coast,9.78382,76.2531,2026-04-22 08:20:21,30.018,0.968,33.283,1.568,0.73,308.41,5.438,16.085,1008.659,84.271,1.486,6.882,0,none,0.357,0.598,0.645,0.338,MEDIUM,SYNTHETIC_DEMO_DATA
3925,Gujarat Coast,22.45092,69.60177,2026-04-22 11:15:12,27.235,-1.015,35.977,1.709,0.67,273.16,12.188,0.0,1005.938,62.736,0.841,6.047,0,none,0.257,0.678,0.647,0.419,MEDIUM,SYNTHETIC_DEMO_DATA
3926,Mumbai Coast,18.84022,72.9979,2026-04-22 14:10:03,30.126,1.376,34.517,1.246,0.543,359.63,11.888,8.024,1004.059,81.134,1.528,9.751,1,cyclonic,0.653,0.642,0.574,0.488,MEDIUM,SYNTHETIC_DEMO_DATA
3927,Mumbai Coast,18.87225,72.67688,2026-04-22 17:04:54,28.289,-0.461,32.509,1.811,1.143,309.31,9.602,8.001,1017.511,70.919,0.8,6.359,0,none,0.382,0.579,0.722,0.298,LOW,SYNTHETIC_DEMO_DATA
3928,Odisha Coast,19.88673,85.6211,2026-04-22 19:59:45,28.455,-1.295,29.237,0.772,0.916,183.4,3.883,6.104,1020.732,87.74,1.117,10.458,0,none,0.319,0.643,0.698,0.456,MEDIUM,SYNTHETIC_DEMO_DATA
3929,Gujarat Coast,22.16059,69.65132,2026-04-22 22:54:36,28.117,-0.133,36.984,1.949,0.609,123.23,10.997,0.0,998.611,77.771,1.705,2.36,0,none,0.52,0.772,0.7,0.188,LOW,SYNTHETIC_DEMO_DATA
3930,Goa Coast,15.28556,73.829,2026-04-23 01:49:27,30.311,1.361,32.873,1.865,0.801,76.73,14.418,18.336,1010.977,59.824,1.505,12.003,0,none,0.392,0.561,0.511,0.472,MEDIUM,SYNTHETIC_DEMO_DATA
3931,Goa Coast,15.65636,73.80427,2026-04-23 04:44:18,28.573,-0.377,32.482,0.2,0.695,107.56,1.0,9.803,1017.492,54.973,1.445,8.835,1,cyclonic,0.483,0.774,0.725,0.256,LOW,SYNTHETIC_DEMO_DATA
3932,Sundarbans,21.91655,89.23156,2026-04-23 07:39:09,30.175,1.225,19.908,1.998,1.153,133.0,14.454,22.159,1008.79,100.0,2.554,10.399,1,cyclonic,0.582,0.696,0.601,0.486,MEDIUM,SYNTHETIC_DEMO_DATA
3933,Goa Coast,14.9022,73.92755,2026-04-23 10:34:00,28.515,-0.435,32.635,2.455,0.657,38.06,18.023,12.473,1005.896,71.829,1.57,13.795,0,none,0.452,0.648,0.584,0.343,MEDIUM,SYNTHETIC_DEMO_DATA
3934,Goa Coast,15.17825,73.869,2026-04-23 13:28:51,27.887,-1.063,33.152,1.434,0.38,199.7,5.382,16.131,1020.536,52.19,1.397,12.336,0,none,0.592,0.601,0.549,0.405,MEDIUM,SYNTHETIC_DEMO_DATA
3935,Odisha Coast,19.60376,86.08023,2026-04-23 16:23:43,30.529,0.779,30.22,2.274,0.421,62.71,11.979,18.91,1019.432,86.007,1.621,15.984,1,cyclonic,0.507,0.721,0.612,0.493,MEDIUM,SYNTHETIC_DEMO_DATA
3936,Andaman & Nicobar,11.83662,92.84739,2026-04-23 19:18:34,29.436,-0.314,29.249,1.638,0.897,0.88,10.785,14.39,1000.218,46.421,1.025,3.265,1,cyclonic,0.422,0.747,0.863,0.224,LOW,SYNTHETIC_DEMO_DATA
3937,Mumbai Coast,18.64815,72.72173,2026-04-23 22:13:25,27.914,-0.836,33.323,2.214,0.896,311.81,6.069,10.851,1005.255,100.0,1.354,5.919,1,anticyclonic,0.462,0.699,0.539,0.395,MEDIUM,SYNTHETIC_DEMO_DATA
3938,Kerala Coast,9.58246,76.08201,2026-04-24 01:08:16,27.937,-1.113,31.563,0.953,0.735,316.21,9.645,23.853,1007.852,44.804,2.284,15.508,1,anticyclonic,0.62,0.551,0.604,0.478,MEDIUM,SYNTHETIC_DEMO_DATA
3939,Goa Coast,15.24408,73.47039,2026-04-24 04:03:07,28.024,-0.926,33.324,1.28,0.737,294.24,10.717,0.0,1006.544,62.978,1.223,4.064,0,none,0.481,0.498,0.623,0.376,MEDIUM,SYNTHETIC_DEMO_DATA
3940,Mumbai Coast,19.19779,72.78749,2026-04-24 06:57:58,29.129,0.379,34.604,2.815,0.758,215.26,22.499,12.412,1018.36,88.014,1.516,7.693,1,cyclonic,0.375,0.691,0.722,0.259,LOW,SYNTHETIC_DEMO_DATA
3941,Mumbai Coast,19.25011,72.99221,2026-04-24 09:52:49,28.295,-0.455,32.636,1.7,0.473,83.23,11.573,8.496,1008.65,89.576,0.779,8.12,1,anticyclonic,0.238,0.537,0.688,0.388,MEDIUM,SYNTHETIC_DEMO_DATA
3942,Chennai Coast,12.97288,80.28476,2026-04-24 12:47:40,30.107,0.157,32.178,1.476,0.924,265.67,13.108,25.515,994.211,84.886,1.674,13.384,0,none,0.444,0.735,0.898,0.179,LOW,SYNTHETIC_DEMO_DATA
3943,Lakshadweep,10.64956,72.66886,2026-04-24 15:42:31,29.887,0.637,35.394,2.014,0.566,141.48,9.626,9.562,1011.257,76.863,1.521,8.107,0,none,0.475,0.769,0.676,0.271,LOW,SYNTHETIC_DEMO_DATA
3944,Lakshadweep,10.43768,72.55847,2026-04-24 18:37:22,28.686,-0.564,35.417,1.658,0.275,47.22,11.178,0.0,1007.755,73.072,1.271,7.387,0,none,0.464,0.713,0.616,0.235,LOW,SYNTHETIC_DEMO_DATA
3945,Odisha Coast,19.82513,86.001,2026-04-24 21:32:13,29.078,-0.672,28.538,1.6,0.337,332.18,4.52,12.283,995.728,65.205,1.222,14.195,1,anticyclonic,0.424,0.663,0.58,0.396,MEDIUM,SYNTHETIC_DEMO_DATA
3946,Goa Coast,15.16755,73.7866,2026-04-25 00:27:04,29.697,0.747,32.361,2.661,0.793,311.0,21.679,15.003,1006.462,90.078,1.173,11.222,0,none,0.438,0.592,0.563,0.314,MEDIUM,SYNTHETIC_DEMO_DATA
3947,Sundarbans,22.13578,89.18388,2026-04-25 03:21:55,28.652,-0.298,20.971,1.6,0.969,255.43,11.203,26.161,1009.724,75.209,2.514,17.746,1,cyclonic,0.64,0.652,0.645,0.325,MEDIUM,SYNTHETIC_DEMO_DATA
3948,Chennai Coast,13.19119,80.2291,2026-04-25 06:16:46,29.936,-0.014,35.913,2.335,0.969,286.32,18.676,2.851,1011.85,61.622,1.14,8.475,0,none,0.356,0.553,0.62,0.183,LOW,SYNTHETIC_DEMO_DATA
3949,Lakshadweep,10.26489,72.58308,2026-04-25 09:11:37,29.959,0.709,33.027,1.45,0.967,278.09,6.717,3.96,1021.273,69.7,0.875,5.066,1,anticyclonic,0.444,0.594,0.746,0.329,MEDIUM,SYNTHETIC_DEMO_DATA
3950,Odisha Coast,19.85873,85.79275,2026-04-25 12:06:28,29.195,-0.555,29.673,2.041,0.77,276.2,7.543,23.454,1000.884,78.107,2.016,17.055,0,none,0.564,0.613,0.669,0.405,MEDIUM,SYNTHETIC_DEMO_DATA
3951,Chennai Coast,13.22129,80.35448,2026-04-25 15:01:19,28.883,-1.067,32.52,2.108,0.539,117.15,14.718,5.825,1023.279,74.94,1.211,6.477,0,none,0.482,0.716,0.65,0.364,MEDIUM,SYNTHETIC_DEMO_DATA
3952,Visakhapatnam,17.84225,83.23134,2026-04-25 17:56:10,28.133,-1.117,32.102,0.801,0.62,18.59,2.952,6.709,1015.137,90.417,1.911,9.868,1,anticyclonic,0.385,0.578,0.633,0.443,MEDIUM,SYNTHETIC_DEMO_DATA
3953,Goa Coast,15.6008,73.73538,2026-04-25 20:51:02,30.274,1.324,33.739,1.32,0.413,193.28,10.224,13.021,1017.954,80.213,1.021,3.951,0,none,0.428,0.526,0.499,0.462,MEDIUM,SYNTHETIC_DEMO_DATA
3954,Kerala Coast,9.85553,76.33576,2026-04-25 23:45:53,30.4,1.35,33.524,2.209,0.787,170.65,14.619,21.344,1011.948,84.246,2.153,12.874,1,anticyclonic,0.601,0.525,0.619,0.53,MEDIUM,SYNTHETIC_DEMO_DATA
3955,Mumbai Coast,18.9837,72.61596,2026-04-26 02:40:44,28.165,-0.585,29.433,0.548,0.742,75.59,1.0,18.712,1007.031,67.473,1.894,11.814,1,anticyclonic,0.576,0.634,0.606,0.337,MEDIUM,SYNTHETIC_DEMO_DATA
3956,Lakshadweep,10.70266,72.46904,2026-04-26 05:35:35,29.739,0.489,32.561,1.699,0.72,234.49,9.802,5.552,1012.868,80.726,0.773,6.244,1,anticyclonic,0.452,0.685,0.698,0.263,LOW,SYNTHETIC_DEMO_DATA
3957,Mumbai Coast,18.94423,73.00234,2026-04-26 08:30:26,27.998,-0.752,34.065,1.269,0.841,124.11,12.991,15.882,1023.673,61.492,1.742,9.984,0,none,0.334,0.641,0.692,0.304,MEDIUM,SYNTHETIC_DEMO_DATA
3958,Goa Coast,15.70208,73.81591,2026-04-26 11:25:17,27.465,-1.485,31.417,1.673,0.874,169.66,16.582,12.261,996.688,82.692,1.407,12.363,0,none,0.435,0.572,0.531,0.481,MEDIUM,SYNTHETIC_DEMO_DATA
3959,Sundarbans,22.3429,89.3471,2026-04-26 14:20:08,29.042,0.092,20.373,0.97,0.59,30.81,9.743,21.284,1010.241,88.28,2.047,9.3,0,none,0.549,0.559,0.705,0.27,LOW,SYNTHETIC_DEMO_DATA
3960,Visakhapatnam,17.50316,83.30009,2026-04-26 17:14:59,28.966,-0.284,32.298,0.919,0.944,6.59,4.383,0.091,1006.25,80.957,1.029,5.639,0,none,0.426,0.522,0.581,0.206,LOW,SYNTHETIC_DEMO_DATA
3961,Lakshadweep,10.39868,72.62595,2026-04-26 20:09:50,28.034,-1.216,34.353,2.108,0.766,218.92,13.959,0.0,1028.97,63.823,0.941,4.705,1,anticyclonic,0.371,0.794,0.665,0.389,MEDIUM,SYNTHETIC_DEMO_DATA
3962,Andaman & Nicobar,11.62617,92.9077,2026-04-26 23:04:41,28.498,-1.252,32.864,1.745,1.023,211.62,19.082,12.445,1008.038,66.652,1.161,5.819,1,anticyclonic,0.481,0.639,0.653,0.483,MEDIUM,SYNTHETIC_DEMO_DATA
3963,Gujarat Coast,22.13733,69.60934,2026-04-27 01:59:32,27.905,-0.345,35.056,2.574,0.894,330.08,18.302,0.0,1008.417,71.378,1.321,10.263,1,cyclonic,0.451,0.581,0.656,0.315,MEDIUM,SYNTHETIC_DEMO_DATA
3964,Chennai Coast,13.13944,80.1816,2026-04-27 04:54:23,30.033,0.083,34.914,2.678,0.306,179.11,20.179,0.0,1016.433,78.406,0.897,10.673,0,none,0.252,0.682,0.67,0.206,LOW,SYNTHETIC_DEMO_DATA
3965,Odisha Coast,19.93763,85.80059,2026-04-27 07:49:14,29.922,0.172,28.973,1.712,0.995,118.0,11.583,22.389,1023.537,100.0,1.741,8.409,0,none,0.534,0.699,0.614,0.238,LOW,SYNTHETIC_DEMO_DATA
3966,Andaman & Nicobar,11.67977,92.62837,2026-04-27 10:44:05,30.523,0.773,32.981,1.636,0.945,128.08,13.207,13.31,1004.198,58.3,1.486,10.76,0,none,0.36,0.616,0.626,0.296,LOW,SYNTHETIC_DEMO_DATA
3967,Goa Coast,15.61418,74.05225,2026-04-27 13:38:56,28.53,-0.42,33.421,1.715,1.14,60.56,12.348,11.408,1008.747,73.578,0.616,7.031,1,cyclonic,0.273,0.694,0.719,0.29,LOW,SYNTHETIC_DEMO_DATA
3968,Visakhapatnam,17.4601,83.31466,2026-04-27 16:33:47,27.774,-1.476,33.279,2.606,0.692,137.33,18.87,18.285,1014.442,86.656,1.001,11.286,0,none,0.37,0.554,0.448,0.528,MEDIUM,SYNTHETIC_DEMO_DATA
3969,Mumbai Coast,18.81913,72.78858,2026-04-27 19:28:38,29.297,0.547,31.911,2.368,0.795,306.25,13.398,24.812,1008.963,66.891,1.572,10.5,1,cyclonic,0.594,0.499,0.687,0.376,MEDIUM,SYNTHETIC_DEMO_DATA
3970,Gujarat Coast,22.31845,69.84089,2026-04-27 22:23:30,29.479,1.229,34.658,2.191,0.951,135.39,13.668,12.233,1021.649,91.49,1.456,12.504,1,cyclonic,0.408,0.439,0.792,0.471,MEDIUM,SYNTHETIC_DEMO_DATA
3971,Kerala Coast,10.05778,76.05815,2026-04-28 01:18:21,30.867,1.817,33.376,0.844,0.431,241.08,8.503,16.612,1002.702,86.56,1.358,11.087,1,cyclonic,0.455,0.534,0.486,0.609,HIGH,SYNTHETIC_DEMO_DATA
3972,Lakshadweep,10.47073,72.64742,2026-04-28 04:13:12,29.114,-0.136,33.052,2.328,0.723,274.6,23.342,3.552,1014.86,79.84,1.169,9.021,1,anticyclonic,0.413,0.668,0.695,0.274,LOW,SYNTHETIC_DEMO_DATA
3973,Odisha Coast,19.7751,86.0206,2026-04-28 07:08:03,28.881,-0.869,30.685,1.397,0.935,254.82,10.072,14.31,999.353,88.046,1.055,8.334,1,anticyclonic,0.319,0.528,0.642,0.439,MEDIUM,SYNTHETIC_DEMO_DATA
3974,Visakhapatnam,17.48906,83.27582,2026-04-28 10:02:54,29.331,0.081,34.134,2.386,0.602,68.76,13.517,0.0,1004.796,80.503,1.594,8.626,0,none,0.458,0.647,0.797,0.183,LOW,SYNTHETIC_DEMO_DATA
3975,Sundarbans,21.88278,89.10147,2026-04-28 12:57:45,30.146,1.196,21.955,1.103,0.614,40.47,5.604,13.201,1007.883,76.875,1.368,8.313,1,cyclonic,0.254,0.449,0.505,0.528,MEDIUM,SYNTHETIC_DEMO_DATA
3976,Gujarat Coast,21.69191,69.56203,2026-04-28 15:52:36,29.678,1.428,34.097,1.528,0.81,333.73,14.055,4.279,1008.218,82.967,1.542,4.137,1,anticyclonic,0.54,0.546,0.66,0.501,MEDIUM,SYNTHETIC_DEMO_DATA
3977,Gujarat Coast,22.00646,69.47747,2026-04-28 18:47:27,28.237,-0.013,36.397,2.085,0.534,105.14,15.411,0.0,1000.607,77.229,0.733,6.157,0,none,0.363,0.762,0.727,0.213,LOW,SYNTHETIC_DEMO_DATA
3978,Lakshadweep,10.65831,72.62435,2026-04-28 21:42:18,29.947,0.697,34.912,1.48,0.644,291.58,11.578,3.497,1006.839,89.283,0.446,6.357,0,none,0.256,0.765,0.631,0.281,LOW,SYNTHETIC_DEMO_DATA
3979,Mumbai Coast,18.90414,72.94477,2026-04-29 00:37:09,29.951,1.201,34.264,1.315,0.925,77.92,9.23,13.845,1005.378,66.518,1.229,8.168,1,anticyclonic,0.403,0.558,0.587,0.585,MEDIUM,SYNTHETIC_DEMO_DATA
3980,Odisha Coast,19.63941,85.53571,2026-04-29 03:32:00,28.771,-0.979,29.736,1.797,0.748,226.42,12.916,22.828,1007.716,88.096,1.777,19.499,1,anticyclonic,0.434,0.614,0.477,0.482,MEDIUM,SYNTHETIC_DEMO_DATA
3981,Kerala Coast,9.88561,76.13731,2026-04-29 06:26:51,28.265,-0.785,33.802,0.752,0.633,12.96,7.744,9.685,1007.068,81.868,1.379,7.124,1,cyclonic,0.481,0.714,0.792,0.371,MEDIUM,SYNTHETIC_DEMO_DATA
3982,Sundarbans,22.18178,88.98822,2026-04-29 09:21:42,29.338,0.388,18.345,0.278,1.104,42.57,5.101,17.96,1019.251,73.007,1.586,8.952,1,cyclonic,0.63,0.722,0.698,0.402,MEDIUM,SYNTHETIC_DEMO_DATA
3983,Gujarat Coast,22.23088,69.36437,2026-04-29 12:16:33,28.159,-0.091,35.066,1.597,1.123,47.75,11.981,0.0,1018.978,68.545,1.398,3.5,1,anticyclonic,0.369,0.589,0.725,0.275,LOW,SYNTHETIC_DEMO_DATA
3984,Gujarat Coast,22.21278,69.79453,2026-04-29 15:11:24,29.463,1.213,37.449,1.923,0.734,24.41,13.357,0.0,1007.75,83.07,0.554,6.748,1,anticyclonic,0.433,0.478,0.64,0.519,MEDIUM,SYNTHETIC_DEMO_DATA
3985,Andaman & Nicobar,11.62232,92.44723,2026-04-29 18:06:15,30.527,0.777,31.914,1.711,0.513,9.18,9.55,0.392,1005.52,54.505,1.266,5.745,0,none,0.451,0.608,0.638,0.326,MEDIUM,SYNTHETIC_DEMO_DATA
3986,Chennai Coast,13.0159,80.28765,2026-04-29 21:01:06,30.365,0.415,33.298,1.783,0.652,55.0,10.202,5.858,1000.339,67.598,0.629,5.678,0,none,0.285,0.656,0.567,0.262,LOW,SYNTHETIC_DEMO_DATA
3987,Chennai Coast,12.94391,80.21127,2026-04-29 23:55:58,31.809,1.859,34.331,1.435,0.49,153.8,9.518,4.907,1010.034,90.476,1.428,6.208,0,none,0.373,0.607,0.499,0.499,MEDIUM,SYNTHETIC_DEMO_DATA
3988,Sundarbans,21.80601,89.52162,2026-04-30 02:50:49,28.624,-0.326,20.956,1.875,0.484,190.19,17.304,17.382,1013.146,83.244,1.464,11.223,1,cyclonic,0.401,0.7,0.64,0.319,MEDIUM,SYNTHETIC_DEMO_DATA
3989,Kerala Coast,10.39432,76.24771,2026-04-30 05:45:40,31.05,2.0,33.304,2.507,0.565,65.34,16.258,16.646,1029.594,79.362,2.006,12.47,0,none,0.562,0.517,0.541,0.595,MEDIUM,SYNTHETIC_DEMO_DATA
3990,Kerala Coast,10.13339,76.22223,2026-04-30 08:40:31,28.595,-0.455,31.717,2.066,0.695,223.27,13.034,25.758,1010.648,37.791,1.846,15.993,1,anticyclonic,0.724,0.795,0.677,0.375,MEDIUM,SYNTHETIC_DEMO_DATA
3991,Goa Coast,15.44676,73.73277,2026-04-30 11:35:22,28.224,-0.726,33.824,2.183,0.81,9.4,20.077,19.062,1009.152,83.31,1.03,16.384,1,anticyclonic,0.491,0.61,0.689,0.464,MEDIUM,SYNTHETIC_DEMO_DATA
3992,Goa Coast,15.43716,74.12184,2026-04-30 14:30:13,28.01,-0.94,32.432,2.587,0.732,37.4,18.27,19.942,1016.712,77.29,1.222,11.711,0,none,0.49,0.514,0.59,0.383,MEDIUM,SYNTHETIC_DEMO_DATA
3993,Odisha Coast,19.79422,85.98494,2026-04-30 17:25:04,30.659,0.909,29.369,2.686,0.859,168.08,12.238,15.893,1023.482,65.442,1.012,10.129,1,cyclonic,0.508,0.553,0.525,0.537,MEDIUM,SYNTHETIC_DEMO_DATA
3994,Visakhapatnam,17.62342,83.22388,2026-04-30 20:19:55,27.843,-1.407,34.013,0.714,0.401,324.85,1.0,9.359,1010.696,88.118,1.668,7.353,0,none,0.461,0.63,0.559,0.394,MEDIUM,SYNTHETIC_DEMO_DATA
3995,Mumbai Coast,19.13887,72.81078,2026-04-30 23:14:46,30.064,1.314,32.844,2.302,0.981,357.38,16.976,14.365,1022.836,69.214,1.211,8.622,1,anticyclonic,0.245,0.514,0.455,0.521,MEDIUM,SYNTHETIC_DEMO_DATA
3996,Chennai Coast,13.00946,80.31091,2026-05-01 02:09:37,29.446,-1.053,33.737,1.385,0.616,92.39,12.103,3.327,1007.307,76.682,0.885,4.336,0,none,0.382,0.661,0.573,0.281,LOW,SYNTHETIC_DEMO_DATA
3997,Sundarbans,21.8241,88.85038,2026-05-01 05:04:28,28.766,-0.733,20.11,2.027,1.242,52.58,13.242,19.572,1011.874,75.679,2.31,13.286,1,anticyclonic,0.709,0.771,0.667,0.371,MEDIUM,SYNTHETIC_DEMO_DATA
3998,Andaman & Nicobar,11.43027,92.72649,2026-05-01 07:59:19,29.799,-0.5,33.882,1.298,1.005,6.79,11.518,11.175,1018.896,59.697,1.345,8.978,0,none,0.277,0.735,0.681,0.292,LOW,SYNTHETIC_DEMO_DATA
3999,Goa Coast,15.57946,74.26666,2026-05-01 10:54:10,30.349,0.849,33.707,1.826,0.775,120.82,20.085,6.295,1004.601,80.115,0.927,10.87,1,cyclonic,0.349,0.616,0.658,0.404,MEDIUM,SYNTHETIC_DEMO_DATA
4000,Mumbai Coast,18.69429,72.64681,2026-05-01 13:49:01,30.337,1.038,34.254,1.236,0.812,148.36,10.251,12.307,1004.086,66.078,1.282,14.156,0,none,0.351,0.615,0.579,0.428,MEDIUM,SYNTHETIC_DEMO_DATA
4001,Chennai Coast,13.08567,80.3068,2026-05-01 16:43:52,31.432,0.933,30.221,1.62,0.881,155.67,14.749,19.978,996.038,80.741,1.814,13.194,0,none,0.456,0.598,0.617,0.41,MEDIUM,SYNTHETIC_DEMO_DATA
4002,Andaman & Nicobar,11.89445,92.99311,2026-05-01 19:38:43,31.462,1.163,33.011,0.905,0.533,200.37,5.739,15.478,1004.589,77.52,1.352,10.291,0,none,0.457,0.623,0.526,0.414,MEDIUM,SYNTHETIC_DEMO_DATA
4003,Sundarbans,22.31305,89.22134,2026-05-01 22:33:34,30.356,0.856,23.153,0.926,0.535,243.84,5.143,20.184,1016.281,70.095,1.537,8.506,1,anticyclonic,0.545,0.863,0.622,0.372,MEDIUM,SYNTHETIC_DEMO_DATA
4004,Kerala Coast,10.08994,76.0963,2026-05-02 01:28:26,29.047,-0.552,31.269,1.563,1.446,81.95,8.452,20.244,998.948,80.789,2.688,12.003,0,none,0.767,0.657,0.71,0.307,MEDIUM,SYNTHETIC_DEMO_DATA
4005,Andaman & Nicobar,11.67211,92.74205,2026-05-02 04:23:17,30.004,-0.295,31.174,0.815,0.921,46.68,6.968,0.0,1012.305,50.943,0.696,4.291,1,cyclonic,0.259,0.752,0.672,0.271,LOW,SYNTHETIC_DEMO_DATA
4006,Lakshadweep,10.45905,72.79008,2026-05-02 07:18:08,30.963,1.164,33.441,2.554,0.703,85.98,14.809,10.052,1013.515,83.076,1.627,11.005,0,none,0.388,0.544,0.595,0.416,MEDIUM,SYNTHETIC_DEMO_DATA
4007,Visakhapatnam,17.48114,83.1681,2026-05-02 10:12:59,30.062,0.263,32.783,1.572,0.497,11.41,8.641,1.347,1017.716,58.074,0.953,3.356,0,none,0.246,0.619,0.699,0.241,LOW,SYNTHETIC_DEMO_DATA
4008,Gujarat Coast,21.96017,69.22331,2026-05-02 13:07:50,28.406,-0.393,34.596,1.693,0.307,181.33,10.212,13.876,996.843,70.264,1.327,8.862,0,none,0.577,0.565,0.731,0.337,MEDIUM,SYNTHETIC_DEMO_DATA
4009,Odisha Coast,19.69662,85.81819,2026-05-02 16:02:41,30.636,0.337,30.299,1.278,0.812,68.33,10.801,25.383,1020.078,77.299,1.816,17.134,1,anticyclonic,0.601,0.703,0.821,0.328,MEDIUM,SYNTHETIC_DEMO_DATA
4010,Odisha Coast,19.64487,85.80344,2026-05-02 18:57:32,31.656,1.357,31.214,1.437,0.716,314.72,5.619,17.727,1021.057,73.352,1.109,9.127,1,anticyclonic,0.36,0.591,0.591,0.482,MEDIUM,SYNTHETIC_DEMO_DATA
4011,Chennai Coast,12.98237,80.108,2026-05-02 21:52:23,28.45,-2.049,32.298,0.993,0.529,321.43,1.518,18.657,1025.854,83.629,1.592,16.401,1,anticyclonic,0.559,0.566,0.589,0.637,HIGH,SYNTHETIC_DEMO_DATA
4012,Andaman & Nicobar,11.6932,92.65416,2026-05-03 00:47:14,30.68,0.381,30.993,1.447,0.554,117.25,12.314,31.105,1007.802,78.994,1.822,15.981,0,none,0.609,0.623,0.789,0.318,MEDIUM,SYNTHETIC_DEMO_DATA
4013,Gujarat Coast,22.4079,69.74723,2026-05-03 03:42:05,28.497,-0.302,38.726,1.555,1.111,310.03,9.081,0.0,1008.216,54.948,0.808,2.731,0,none,0.368,0.834,0.749,0.248,LOW,SYNTHETIC_DEMO_DATA
4014,Kerala Coast,9.8013,75.97687,2026-05-03 06:36:56,29.868,0.269,33.927,2.204,0.723,80.49,12.742,25.369,1014.4,95.328,2.147,19.354,0,none,0.611,0.724,0.597,0.354,MEDIUM,SYNTHETIC_DEMO_DATA
4015,Visakhapatnam,17.63889,82.77798,2026-05-03 09:31:47,30.181,0.382,35.993,1.83,0.439,231.98,16.842,3.81,1004.512,100.0,0.782,4.184,0,none,0.22,0.674,0.794,0.155,LOW,SYNTHETIC_DEMO_DATA
4016,Odisha Coast,19.54988,85.84117,2026-05-03 12:26:38,30.665,0.366,30.864,1.427,0.458,24.57,11.163,5.421,1023.091,68.825,1.166,7.36,1,cyclonic,0.409,0.597,0.73,0.299,LOW,SYNTHETIC_DEMO_DATA
4017,Visakhapatnam,18.15519,83.3425,2026-05-03 15:21:29,30.283,0.484,32.185,0.63,1.067,237.21,6.673,10.258,1020.012,68.875,1.904,7.411,1,anticyclonic,0.465,0.665,0.625,0.272,LOW,SYNTHETIC_DEMO_DATA
4018,Odisha Coast,19.84971,85.79512,2026-05-03 18:16:20,30.342,0.043,29.287,1.364,0.174,137.64,9.446,13.431,1019.089,60.418,1.423,8.3,1,anticyclonic,0.497,0.674,0.757,0.273,LOW,SYNTHETIC_DEMO_DATA
4019,Odisha Coast,19.65472,85.6479,2026-05-03 21:11:11,31.522,1.223,28.445,1.847,0.332,25.59,8.635,18.794,1002.955,92.52,1.294,8.576,0,none,0.438,0.527,0.612,0.492,MEDIUM,SYNTHETIC_DEMO_DATA
4020,Gujarat Coast,22.57744,69.24984,2026-05-04 00:06:02,29.059,0.26,36.502,1.571,0.612,111.81,17.673,14.042,1006.545,71.046,1.451,11.2,0,none,0.434,0.616,0.772,0.266,LOW,SYNTHETIC_DEMO_DATA
4021,Odisha Coast,19.6484,86.22171,2026-05-04 03:00:54,29.628,-0.671,28.163,1.735,0.358,353.55,12.799,18.574,1009.456,68.545,1.826,10.352,0,none,0.413,0.594,0.612,0.4,MEDIUM,SYNTHETIC_DEMO_DATA
4022,Sundarbans,21.69844,89.46998,2026-05-04 05:55:45,30.375,0.876,19.989,1.538,0.661,329.38,11.669,17.808,998.932,80.101,1.607,9.242,1,anticyclonic,0.41,0.822,0.6,0.463,MEDIUM,SYNTHETIC_DEMO_DATA
4023,Mumbai Coast,18.61676,72.6685,2026-05-04 08:50:36,28.77,-0.529,33.87,1.15,0.682,162.35,7.586,25.609,1003.329,82.686,1.345,12.72,1,anticyclonic,0.473,0.665,0.658,0.396,MEDIUM,SYNTHETIC_DEMO_DATA
4024,Visakhapatnam,17.53311,83.21573,2026-05-04 11:45:27,30.442,0.643,32.332,1.432,0.883,310.55,13.619,18.936,1018.034,76.048,1.274,12.358,0,none,0.421,0.755,0.737,0.285,LOW,SYNTHETIC_DEMO_DATA
4025,Kerala Coast,9.75871,76.36422,2026-05-04 14:40:18,29.273,-0.326,32.998,2.697,0.814,112.03,25.46,18.436,1002.269,95.385,1.171,12.927,0,none,0.564,0.726,0.677,0.399,MEDIUM,SYNTHETIC_DEMO_DATA
4026,Odisha Coast,19.35446,85.88508,2026-05-04 17:35:09,30.511,0.212,29.871,1.538,0.389,105.02,12.181,7.909,1005.027,65.808,0.729,7.612,0,none,0.337,0.695,0.889,0.26,LOW,SYNTHETIC_DEMO_DATA
4027,Visakhapatnam,17.68075,82.88175,2026-05-04 20:30:00,28.761,-1.038,34.168,1.895,1.055,167.45,12.33,20.936,1029.823,67.383,1.203,9.706,1,cyclonic,0.481,0.62,0.553,0.468,MEDIUM,SYNTHETIC_DEMO_DATA
4028,Kerala Coast,9.96177,76.5358,2026-05-04 23:24:51,31.14,1.541,30.77,1.641,0.387,60.34,12.664,34.777,1012.676,87.699,1.848,16.724,0,none,0.608,0.607,0.65,0.549,MEDIUM,SYNTHETIC_DEMO_DATA
4029,Gujarat Coast,22.0334,69.44127,2026-05-05 02:19:42,27.884,-0.915,35.31,2.202,0.569,289.87,19.077,0.0,1007.965,59.64,0.866,5.557,1,cyclonic,0.288,0.705,0.634,0.393,MEDIUM,SYNTHETIC_DEMO_DATA
4030,Kerala Coast,10.11225,76.34845,2026-05-05 05:14:33,29.429,-0.17,32.578,1.702,1.12,320.4,10.188,22.35,1010.199,68.819,1.831,15.008,0,none,0.504,0.562,0.603,0.348,MEDIUM,SYNTHETIC_DEMO_DATA
4031,Mumbai Coast,19.01371,72.6245,2026-05-05 08:09:24,30.311,1.012,32.091,2.085,0.895,224.71,10.409,29.82,1006.743,75.942,2.185,17.6,1,cyclonic,0.67,0.64,0.678,0.518,MEDIUM,SYNTHETIC_DEMO_DATA
4032,Mumbai Coast,19.06677,73.01834,2026-05-05 11:04:15,29.655,0.356,33.894,2.102,0.808,313.23,14.511,20.945,1005.26,80.28,1.953,13.412,1,anticyclonic,0.483,0.636,0.642,0.308,MEDIUM,SYNTHETIC_DEMO_DATA
4033,Visakhapatnam,17.71832,83.0453,2026-05-05 13:59:06,29.772,-0.027,33.186,2.913,0.904,105.29,22.872,0.0,1021.418,96.974,1.104,4.989,1,cyclonic,0.427,0.825,0.804,0.156,LOW,SYNTHETIC_DEMO_DATA
4034,Visakhapatnam,17.40124,82.91558,2026-05-05 16:53:57,29.361,-0.438,33.292,1.279,0.518,144.21,4.839,4.421,1011.518,62.686,1.017,7.04,1,anticyclonic,0.303,0.721,0.846,0.263,LOW,SYNTHETIC_DEMO_DATA
4035,Kerala Coast,9.84157,75.98154,2026-05-05 19:48:48,29.513,-0.086,32.803,1.925,0.544,320.86,13.832,16.061,1009.804,75.394,1.999,11.672,0,none,0.598,0.724,0.683,0.296,LOW,SYNTHETIC_DEMO_DATA
4036,Sundarbans,21.68986,89.01741,2026-05-05 22:43:39,29.162,-0.337,24.053,1.791,0.614,207.22,8.622,9.423,1009.361,92.156,1.271,8.823,0,none,0.3,0.797,0.696,0.288,LOW,SYNTHETIC_DEMO_DATA
4037,Gujarat Coast,22.1661,69.48846,2026-05-06 01:38:30,29.433,0.634,36.898,2.262,0.724,105.43,12.815,0.0,1018.21,90.809,0.712,7.483,0,none,0.413,0.728,0.572,0.345,MEDIUM,SYNTHETIC_DEMO_DATA
4038,Gujarat Coast,22.50817,69.57466,2026-05-06 04:33:22,29.428,0.629,34.548,1.976,0.321,259.31,16.834,4.881,1009.492,72.191,1.47,8.022,0,none,0.398,0.765,0.652,0.286,LOW,SYNTHETIC_DEMO_DATA
4039,Chennai Coast,13.29734,80.28192,2026-05-06 07:28:13,30.664,0.165,34.281,0.99,0.794,169.97,3.775,0.0,1015.321,71.668,1.025,4.081,1,anticyclonic,0.318,0.741,0.884,0.233,LOW,SYNTHETIC_DEMO_DATA
4040,Chennai Coast,13.3205,80.80147,2026-05-06 10:23:04,29.131,-1.368,33.412,2.944,0.731,190.87,22.356,6.319,1016.96,61.819,1.353,13.687,1,anticyclonic,0.502,0.566,0.549,0.532,MEDIUM,SYNTHETIC_DEMO_DATA
4041,Chennai Coast,13.06246,80.40016,2026-05-06 13:17:55,31.295,0.796,33.207,2.435,0.97,160.92,24.313,17.326,1005.022,76.315,2.207,13.472,0,none,0.677,0.676,0.665,0.362,MEDIUM,SYNTHETIC_DEMO_DATA
4042,Gujarat Coast,22.45715,69.33369,2026-05-06 16:12:46,28.084,-0.715,35.923,1.884,0.457,114.17,12.165,0.0,1016.826,94.845,0.928,0.971,0,none,0.376,0.653,0.643,0.344,MEDIUM,SYNTHETIC_DEMO_DATA
4043,Goa Coast,15.43909,73.93787,2026-05-06 19:07:37,30.612,1.112,31.78,1.145,0.495,96.02,8.204,21.238,1006.834,92.662,1.556,8.94,0,none,0.519,0.64,0.59,0.458,MEDIUM,SYNTHETIC_DEMO_DATA
4044,Odisha Coast,19.73849,85.83842,2026-05-06 22:02:28,29.573,-0.726,27.933,1.982,0.59,241.55,16.85,10.182,1002.113,76.328,0.49,7.471,0,none,0.387,0.658,0.627,0.386,MEDIUM,SYNTHETIC_DEMO_DATA
4045,Kerala Coast,9.56045,75.86732,2026-05-07 00:57:19,28.884,-0.715,34.541,1.553,0.773,227.16,11.099,8.338,1017.585,62.003,1.716,5.135,1,cyclonic,0.485,0.56,0.706,0.376,MEDIUM,SYNTHETIC_DEMO_DATA
4046,Sundarbans,21.90455,88.91953,2026-05-07 03:52:10,29.27,-0.229,21.157,2.245,0.744,169.59,16.606,25.007,996.308,71.052,1.901,19.412,1,cyclonic,0.687,0.774,0.721,0.389,MEDIUM,SYNTHETIC_DEMO_DATA
4047,Kerala Coast,10.26827,76.1926,2026-05-07 06:47:01,29.116,-0.483,31.904,1.414,0.738,327.25,8.705,17.004,1030.157,94.664,1.117,7.149,1,anticyclonic,0.524,0.782,0.857,0.288,LOW,SYNTHETIC_DEMO_DATA
4048,Visakhapatnam,17.55523,83.19022,2026-05-07 09:41:52,30.862,1.063,32.085,1.164,0.839,195.58,5.731,15.409,1010.8,76.318,2.024,8.09,1,anticyclonic,0.588,0.649,0.59,0.401,MEDIUM,SYNTHETIC_DEMO_DATA
4049,Chennai Coast,12.93307,80.12402,2026-05-07 12:36:43,31.102,0.603,34.769,2.215,0.865,59.49,15.903,0.759,1004.255,88.905,0.706,4.066,0,none,0.244,0.687,0.725,0.287,LOW,SYNTHETIC_DEMO_DATA
4050,Kerala Coast,9.8287,76.10084,2026-05-07 15:31:34,31.124,1.525,35.72,1.899,0.695,171.61,7.379,14.194,1010.771,74.23,1.329,10.314,0,none,0.51,0.442,0.647,0.556,MEDIUM,SYNTHETIC_DEMO_DATA
4051,Chennai Coast,12.96528,80.44791,2026-05-07 18:26:25,29.495,-1.004,37.031,2.016,0.785,218.02,12.175,4.986,1010.424,64.56,0.844,3.002,0,none,0.362,0.593,0.523,0.354,MEDIUM,SYNTHETIC_DEMO_DATA
4052,Chennai Coast,12.89591,80.18113,2026-05-07 21:21:16,29.641,-0.858,34.26,1.661,0.294,193.26,11.111,0.0,1010.825,46.145,1.755,6.851,1,cyclonic,0.428,0.746,0.629,0.411,MEDIUM,SYNTHETIC_DEMO_DATA
4053,Goa Coast,15.54674,73.67032,2026-05-08 00:16:07,27.434,-2.065,33.715,2.677,0.426,108.89,17.088,2.568,1019.536,85.768,0.63,5.565,0,none,0.397,0.511,0.663,0.49,MEDIUM,SYNTHETIC_DEMO_DATA
4054,Andaman & Nicobar,11.61203,92.97998,2026-05-08 03:10:58,31.042,0.743,31.381,2.628,0.428,134.91,10.963,12.562,1010.026,69.648,1.732,12.253,1,anticyclonic,0.554,0.715,0.51,0.408,MEDIUM,SYNTHETIC_DEMO_DATA
4055,Sundarbans,21.67233,89.38963,2026-05-08 06:05:49,29.306,-0.193,20.681,1.311,0.677,92.0,5.154,26.559,994.065,74.981,1.418,11.831,1,anticyclonic,0.44,0.818,0.82,0.352,MEDIUM,SYNTHETIC_DEMO_DATA
4056,Chennai Coast,13.2066,80.05207,2026-05-08 09:00:41,30.091,-0.408,34.132,2.441,0.902,36.57,14.893,17.249,1002.425,84.779,1.796,13.369,1,anticyclonic,0.668,0.855,0.649,0.251,LOW,SYNTHETIC_DEMO_DATA
4057,Andaman & Nicobar,12.03649,93.08403,2026-05-08 11:55:32,31.164,0.865,30.972,1.398,0.699,342.17,10.227,26.59,1015.238,67.551,1.639,16.371,1,cyclonic,0.469,0.59,0.58,0.418,MEDIUM,SYNTHETIC_DEMO_DATA
4058,Mumbai Coast,18.85096,72.65542,2026-05-08 14:50:23,27.86,-1.439,32.632,3.105,1.105,116.91,19.065,24.255,1003.162,77.471,1.478,11.886,0,none,0.623,0.615,0.632,0.486,MEDIUM,SYNTHETIC_DEMO_DATA
4059,Visakhapatnam,17.75615,83.4319,2026-05-08 17:45:14,28.675,-1.124,30.576,1.84,0.654,327.07,6.258,20.848,1022.039,100.0,1.468,15.191,1,anticyclonic,0.577,0.697,0.6,0.46,MEDIUM,SYNTHETIC_DEMO_DATA
4060,Mumbai Coast,18.96516,72.80379,2026-05-08 20:40:05,29.521,0.222,36.454,2.332,0.792,302.39,16.811,17.131,997.067,99.38,1.105,9.114,0,none,0.536,0.739,0.83,0.145,LOW,SYNTHETIC_DEMO_DATA
4061,Odisha Coast,20.19935,85.76572,2026-05-08 23:34:56,30.973,0.674,31.677,2.418,0.792,194.97,18.443,21.173,1000.488,95.701,1.661,12.083,1,cyclonic,0.521,0.69,0.504,0.488,MEDIUM,SYNTHETIC_DEMO_DATA
4062,Sundarbans,21.91511,89.19959,2026-05-09 02:29:47,29.501,0.002,21.884,0.656,0.442,301.13,7.439,30.317,1003.267,53.091,1.831,14.518,0,none,0.593,0.765,0.76,0.194,LOW,SYNTHETIC_DEMO_DATA
4063,Gujarat Coast,22.37835,69.30508,2026-05-09 05:24:38,27.471,-1.328,36.124,2.428,0.114,22.44,17.806,5.758,1008.741,87.132,0.956,0.851,0,none,0.393,0.798,0.591,0.393,MEDIUM,SYNTHETIC_DEMO_DATA
4064,Mumbai Coast,19.37052,72.87055,2026-05-09 08:19:29,29.183,-0.116,32.575,0.894,0.234,51.45,4.068,26.716,990.461,68.675,1.07,13.252,1,cyclonic,0.577,0.689,0.784,0.303,MEDIUM,SYNTHETIC_DEMO_DATA
4065,Goa Coast,15.32987,73.96922,2026-05-09 11:14:20,28.418,-1.081,34.375,1.774,0.7,18.73,17.569,21.312,1013.257,76.241,1.621,11.092,1,anticyclonic,0.456,0.658,0.646,0.418,MEDIUM,SYNTHETIC_DEMO_DATA
4066,Chennai Coast,13.1361,80.17937,2026-05-09 14:09:11,32.19,1.691,35.24,2.123,1.041,334.34,6.257,4.219,1007.549,49.491,1.2,0.783,1,anticyclonic,0.437,0.6,0.582,0.544,MEDIUM,SYNTHETIC_DEMO_DATA
4067,Andaman & Nicobar,11.8362,92.46381,2026-05-09 17:04:02,29.708,-0.591,33.42,0.472,0.744,104.77,4.774,21.869,1014.257,81.166,2.048,16.211,0,none,0.694,0.687,0.574,0.307,MEDIUM,SYNTHETIC_DEMO_DATA
4068,Kerala Coast,10.26561,76.1004,2026-05-09 19:58:53,29.317,-0.282,34.041,2.248,0.525,211.5,10.862,11.617,1005.877,83.751,0.963,11.632,1,cyclonic,0.337,0.595,0.656,0.306,MEDIUM,SYNTHETIC_DEMO_DATA
4069,Goa Coast,15.60376,73.80402,2026-05-09 22:53:44,29.007,-0.492,34.287,2.524,0.796,4.17,15.392,13.472,1023.112,70.162,1.172,10.038,0,none,0.488,0.75,0.615,0.297,LOW,SYNTHETIC_DEMO_DATA
4070,Odisha Coast,19.67651,85.77863,2026-05-10 01:48:35,29.444,-0.855,28.336,2.121,1.59,9.68,16.797,16.039,1009.596,81.341,1.664,12.012,1,anticyclonic,0.541,0.579,0.656,0.443,MEDIUM,SYNTHETIC_DEMO_DATA
4071,Sundarbans,22.14922,88.82233,2026-05-10 04:43:26,27.398,-2.101,19.653,1.603,0.697,199.05,6.408,17.12,1017.244,86.361,1.559,10.717,0,none,0.456,0.428,0.498,0.636,HIGH,SYNTHETIC_DEMO_DATA
4072,Goa Coast,15.67463,73.72303,2026-05-10 07:38:17,30.108,0.609,32.136,1.957,0.921,354.41,8.296,16.092,1017.175,90.272,2.036,11.325,1,cyclonic,0.422,0.658,0.702,0.356,MEDIUM,SYNTHETIC_DEMO_DATA
4073,Andaman & Nicobar,11.5949,92.84159,2026-05-10 10:33:09,29.835,-0.464,34.289,1.452,0.754,272.35,8.05,12.634,1013.058,89.614,0.852,8.004,1,anticyclonic,0.498,0.834,0.646,0.3,MEDIUM,SYNTHETIC_DEMO_DATA
4074,Lakshadweep,10.70809,72.77852,2026-05-10 13:28:00,28.198,-1.601,34.977,1.56,0.767,67.45,10.063,2.952,1018.198,53.064,1.358,8.203,1,anticyclonic,0.26,0.421,0.588,0.484,MEDIUM,SYNTHETIC_DEMO_DATA
4075,Chennai Coast,12.9327,80.29668,2026-05-10 16:22:51,29.806,-0.693,31.743,2.08,0.823,268.55,14.904,14.369,1021.421,70.192,0.892,12.35,1,cyclonic,0.306,0.691,0.682,0.412,MEDIUM,SYNTHETIC_DEMO_DATA
4076,Sundarbans,21.82516,89.62467,2026-05-10 19:17:42,29.486,-0.014,20.063,0.227,0.853,261.17,7.249,25.329,1027.718,85.265,1.759,13.146,0,none,0.485,0.589,0.723,0.258,LOW,SYNTHETIC_DEMO_DATA
4077,Lakshadweep,10.17824,72.39428,2026-05-10 22:12:33,30.151,0.352,33.687,1.652,0.842,253.61,12.699,9.338,1022.383,88.429,1.125,10.153,1,anticyclonic,0.392,0.639,0.742,0.24,LOW,SYNTHETIC_DEMO_DATA
4078,Gujarat Coast,22.10232,69.81143,2026-05-11 01:07:24,29.916,1.117,35.575,1.366,0.677,197.91,8.554,0.0,1015.974,80.56,0.799,6.111,0,none,0.32,0.643,0.563,0.369,MEDIUM,SYNTHETIC_DEMO_DATA
4079,Visakhapatnam,17.99689,83.14913,2026-05-11 04:02:15,28.655,-1.144,30.446,2.161,1.182,181.41,17.263,15.197,1022.867,75.115,1.257,14.784,1,cyclonic,0.462,0.667,0.53,0.49,MEDIUM,SYNTHETIC_DEMO_DATA
4080,Goa Coast,15.32093,73.70787,2026-05-11 06:57:06,28.537,-0.962,35.007,0.787,0.545,200.31,7.532,4.659,997.732,100.0,1.285,10.09,0,none,0.497,0.722,0.577,0.29,LOW,SYNTHETIC_DEMO_DATA
4081,Lakshadweep,10.44155,72.7758,2026-05-11 09:51:57,30.208,0.409,34.922,1.945,1.053,44.18,11.133,0.0,1002.247,66.166,1.024,8.137,1,anticyclonic,0.424,0.808,0.647,0.247,LOW,SYNTHETIC_DEMO_DATA
4082,Visakhapatnam,17.56037,82.95541,2026-05-11 12:46:48,30.025,0.226,32.511,0.631,0.986,223.28,5.26,7.873,1010.575,77.806,1.686,7.68,0,none,0.499,0.61,0.818,0.174,LOW,SYNTHETIC_DEMO_DATA
4083,Goa Coast,15.40427,73.96677,2026-05-11 15:41:39,30.417,0.918,33.533,2.057,0.57,201.24,16.7,4.417,1015.02,92.958,0.888,5.295,0,none,0.47,0.547,0.555,0.348,MEDIUM,SYNTHETIC_DEMO_DATA
4084,Goa Coast,15.76309,73.64178,2026-05-11 18:36:30,29.809,0.31,34.678,1.455,0.552,195.61,13.403,9.534,1015.441,73.059,1.653,8.018,1,cyclonic,0.527,0.888,0.63,0.232,LOW,SYNTHETIC_DEMO_DATA
4085,Mumbai Coast,18.89573,72.89522,2026-05-11 21:31:21,28.323,-0.976,33.624,1.087,0.343,346.67,6.69,21.125,1011.741,87.431,1.381,13.361,0,none,0.502,0.514,0.582,0.359,MEDIUM,SYNTHETIC_DEMO_DATA
4086,Gujarat Coast,22.27599,69.52316,2026-05-12 00:26:12,28.704,-0.095,33.75,1.137,0.903,200.1,9.011,11.255,1018.263,65.209,1.422,7.385,0,none,0.461,0.641,0.772,0.229,LOW,SYNTHETIC_DEMO_DATA
4087,Visakhapatnam,17.76014,83.19575,2026-05-12 03:21:03,28.485,-1.314,34.701,1.869,0.238,351.58,12.836,0.0,1010.673,68.007,1.254,6.606,1,cyclonic,0.41,0.584,0.549,0.377,MEDIUM,SYNTHETIC_DEMO_DATA
4088,Lakshadweep,10.7528,72.82885,2026-05-12 06:15:54,29.419,-0.38,31.953,2.085,0.797,74.79,17.709,13.972,1003.471,71.345,1.26,12.313,1,cyclonic,0.315,0.658,0.719,0.322,MEDIUM,SYNTHETIC_DEMO_DATA
4089,Lakshadweep,10.34127,72.45793,2026-05-12 09:10:45,30.878,1.079,34.752,2.006,0.496,167.4,7.647,24.829,1010.757,48.362,2.265,11.1,0,none,0.607,0.707,0.657,0.403,MEDIUM,SYNTHETIC_DEMO_DATA
4090,Lakshadweep,11.06411,73.01581,2026-05-12 12:05:37,29.933,0.134,34.493,1.58,0.822,144.57,13.283,12.984,1023.231,94.52,2.125,12.744,0,none,0.514,0.686,0.765,0.224,LOW,SYNTHETIC_DEMO_DATA
4091,Goa Coast,15.64195,73.64517,2026-05-12 15:00:28,30.763,1.264,32.606,1.237,0.666,172.84,9.696,4.56,1017.771,73.726,1.017,4.791,0,none,0.328,0.645,0.584,0.366,MEDIUM,SYNTHETIC_DEMO_DATA
4092,Sundarbans,21.8797,88.93652,2026-05-12 17:55:19,29.221,-0.278,19.353,2.341,0.655,34.67,16.454,32.295,1029.093,81.295,2.242,20.588,0,none,0.669,0.567,0.579,0.475,MEDIUM,SYNTHETIC_DEMO_DATA
4093,Chennai Coast,13.07066,80.35253,2026-05-12 20:50:10,29.693,-0.807,32.505,1.345,0.395,159.13,10.125,13.377,1002.375,58.949,1.183,13.581,0,none,0.556,0.548,0.536,0.305,MEDIUM,SYNTHETIC_DEMO_DATA
4094,Kerala Coast,9.98166,76.06997,2026-05-12 23:45:01,28.332,-1.267,32.513,2.505,0.433,147.62,15.625,27.041,1021.795,91.918,1.902,15.513,1,anticyclonic,0.611,0.6,0.714,0.486,MEDIUM,SYNTHETIC_DEMO_DATA
4095,Lakshadweep,10.55836,72.37503,2026-05-13 02:39:52,28.328,-1.471,35.985,2.001,0.986,350.31,10.962,10.929,1015.322,66.162,1.516,9.389,0,none,0.547,0.764,0.595,0.314,MEDIUM,SYNTHETIC_DEMO_DATA
4096,Mumbai Coast,19.02106,73.10375,2026-05-13 05:34:43,29.01,-0.289,31.768,0.751,0.897,158.94,6.98,14.569,1018.522,71.388,2.265,14.359,1,anticyclonic,0.606,0.837,0.702,0.255,LOW,SYNTHETIC_DEMO_DATA
4097,Mumbai Coast,18.8727,72.84243,2026-05-13 08:29:34,29.909,0.61,33.877,2.25,0.756,167.19,18.098,12.699,1005.434,80.684,1.411,12.553,0,none,0.61,0.76,0.56,0.362,MEDIUM,SYNTHETIC_DEMO_DATA
4098,Odisha Coast,19.69815,85.64824,2026-05-13 11:24:25,30.526,0.227,31.169,2.823,0.725,191.62,14.594,9.145,1010.116,73.679,1.498,9.217,0,none,0.64,0.656,0.794,0.31,MEDIUM,SYNTHETIC_DEMO_DATA
4099,Goa Coast,15.2097,73.88388,2026-05-13 14:19:16,30.495,0.996,33.169,1.534,0.958,226.63,7.853,0.0,1011.464,73.699,0.363,4.929,0,none,0.398,0.742,0.728,0.325,MEDIUM,SYNTHETIC_DEMO_DATA
4100,Chennai Coast,13.18441,80.18783,2026-05-13 17:14:07,30.006,-0.493,34.894,1.296,0.434,265.14,1.842,4.02,1013.354,78.659,1.588,6.989,0,none,0.482,0.67,0.62,0.277,LOW,SYNTHETIC_DEMO_DATA
4101,Sundarbans,22.10582,89.19538,2026-05-13 20:08:58,28.755,-0.744,22.206,1.855,1.16,199.04,9.562,18.709,999.919,78.806,1.058,11.589,1,cyclonic,0.419,0.584,0.65,0.453,MEDIUM,SYNTHETIC_DEMO_DATA
4102,Lakshadweep,10.83213,72.69049,2026-05-13 23:03:49,28.96,-0.839,34.509,2.748,0.834,344.53,17.417,3.73,1003.652,68.236,1.112,6.437,0,none,0.441,0.698,0.644,0.335,MEDIUM,SYNTHETIC_DEMO_DATA
4103,Odisha Coast,19.79188,85.84123,2026-05-14 01:58:40,29.975,-0.324,30.469,2.348,0.743,195.21,17.08,16.526,1014.457,76.17,1.299,11.998,0,none,0.591,0.729,0.736,0.299,LOW,SYNTHETIC_DEMO_DATA
4104,Sundarbans,22.05467,89.20497,2026-05-14 04:53:31,30.189,0.69,20.083,0.665,0.925,235.65,7.18,19.689,1024.853,63.868,1.729,8.414,1,anticyclonic,0.411,0.602,0.718,0.4,MEDIUM,SYNTHETIC_DEMO_DATA
4105,Sundarbans,21.79347,89.23231,2026-05-14 07:48:22,29.165,-0.334,19.349,2.212,0.946,347.62,11.911,27.067,1008.397,70.07,2.124,13.556,0,none,0.58,0.709,0.657,0.397,MEDIUM,SYNTHETIC_DEMO_DATA
4106,Kerala Coast,10.07607,76.33341,2026-05-14 10:43:13,29.764,0.165,35.552,1.588,0.392,144.58,9.077,11.504,1006.298,70.84,1.359,5.811,1,anticyclonic,0.459,0.644,0.699,0.304,MEDIUM,SYNTHETIC_DEMO_DATA
4107,Odisha Coast,19.86047,86.19867,2026-05-14 13:38:05,31.231,0.932,28.843,1.645,0.401,325.07,15.994,16.286,1007.657,66.037,0.927,9.951,1,cyclonic,0.391,0.745,0.622,0.53,MEDIUM,SYNTHETIC_DEMO_DATA
4108,Andaman & Nicobar,11.89659,92.42423,2026-05-14 16:32:56,29.776,-0.523,32.87,1.208,0.227,21.13,9.169,20.001,1008.369,64.947,1.924,11.488,0,none,0.6,0.743,0.584,0.284,LOW,SYNTHETIC_DEMO_DATA
4109,Mumbai Coast,19.13056,72.7093,2026-05-14 19:27:47,28.143,-1.156,35.418,1.688,0.507,158.94,8.615,0.216,1004.397,64.77,0.978,2.926,0,none,0.357,0.544,0.747,0.357,MEDIUM,SYNTHETIC_DEMO_DATA
4110,Chennai Coast,13.22651,80.4465,2026-05-14 22:22:38,30.437,-0.062,35.068,2.233,1.193,89.35,10.685,0.0,1005.033,82.861,0.368,2.334,0,none,0.341,0.764,0.734,0.177,LOW,SYNTHETIC_DEMO_DATA
4111,Sundarbans,22.01717,89.20256,2026-05-15 01:17:29,30.668,1.169,22.474,2.06,0.205,118.41,20.049,12.822,1001.372,70.183,1.434,11.192,0,none,0.46,0.68,0.642,0.398,MEDIUM,SYNTHETIC_DEMO_DATA
4112,Kerala Coast,9.94764,76.22708,2026-05-15 04:12:20,30.155,0.556,30.876,2.276,0.999,205.22,10.794,22.193,997.332,83.045,1.687,10.316,1,anticyclonic,0.577,0.608,0.669,0.406,MEDIUM,SYNTHETIC_DEMO_DATA
4113,Odisha Coast,19.77264,85.95938,2026-05-15 07:07:11,29.959,-0.34,27.348,1.552,1.444,199.72,7.856,23.617,1009.829,71.558,2.405,18.931,0,none,0.671,0.767,0.612,0.344,MEDIUM,SYNTHETIC_DEMO_DATA
4114,Lakshadweep,10.90444,72.32912,2026-05-15 10:02:02,29.578,-0.221,35.238,2.314,0.628,182.25,17.906,16.273,996.989,68.531,1.503,12.929,0,none,0.541,0.627,0.725,0.231,LOW,SYNTHETIC_DEMO_DATA
4115,Visakhapatnam,17.58894,83.52829,2026-05-15 12:56:53,28.441,-1.358,34.778,1.678,0.935,70.37,9.433,2.732,997.949,62.063,1.183,3.69,0,none,0.164,0.445,0.532,0.461,MEDIUM,SYNTHETIC_DEMO_DATA
4116,Kerala Coast,9.61499,76.72476,2026-05-15 15:51:44,28.696,-0.903,33.245,2.193,0.702,160.29,18.508,30.102,1021.09,86.064,1.774,15.348,0,none,0.553,0.63,0.646,0.457,MEDIUM,SYNTHETIC_DEMO_DATA
4117,Sundarbans,21.81712,88.84537,2026-05-15 18:46:35,29.708,0.209,20.958,0.707,0.664,232.68,1.0,28.236,1012.991,78.493,0.946,14.67,0,none,0.428,0.714,0.751,0.304,MEDIUM,SYNTHETIC_DEMO_DATA
4118,Odisha Coast,19.84479,85.55867,2026-05-15 21:41:26,30.714,0.415,30.214,2.167,0.366,197.98,14.489,14.255,1007.364,70.931,1.198,6.723,1,cyclonic,0.467,0.631,0.815,0.354,MEDIUM,SYNTHETIC_DEMO_DATA
4119,Visakhapatnam,17.22604,83.08406,2026-05-16 00:36:17,29.938,0.139,32.237,1.734,0.599,136.68,10.873,10.19,1019.847,61.002,0.844,12.645,0,none,0.398,0.645,0.795,0.244,LOW,SYNTHETIC_DEMO_DATA
4120,Sundarbans,22.1039,89.02772,2026-05-16 03:31:08,28.869,-0.63,22.686,2.106,0.528,221.71,9.611,10.436,1007.76,59.852,0.729,5.217,0,none,0.466,0.644,0.686,0.355,MEDIUM,SYNTHETIC_DEMO_DATA
4121,Goa Coast,15.22124,73.47307,2026-05-16 06:25:59,27.578,-1.921,34.941,1.933,0.356,173.62,10.127,0.0,1014.53,59.161,0.202,6.762,0,none,0.215,0.475,0.407,0.601,HIGH,SYNTHETIC_DEMO_DATA
4122,Lakshadweep,10.52148,72.81107,2026-05-16 09:20:50,29.245,-0.554,33.647,0.683,0.834,284.5,5.435,2.46,1009.491,60.398,1.414,2.559,1,anticyclonic,0.366,0.513,0.632,0.313,MEDIUM,SYNTHETIC_DEMO_DATA
4123,Lakshadweep,10.59367,72.45136,2026-05-16 12:15:41,29.769,-0.03,33.792,2.416,0.627,32.44,12.641,6.942,1004.927,79.739,1.38,9.974,0,none,0.447,0.648,0.74,0.175,LOW,SYNTHETIC_DEMO_DATA
4124,Visakhapatnam,17.7607,83.33609,2026-05-16 15:10:33,30.216,0.417,36.078,1.603,0.716,256.38,6.088,0.0,1023.364,75.183,1.399,7.728,0,none,0.413,0.686,0.779,0.245,LOW,SYNTHETIC_DEMO_DATA
4125,Goa Coast,15.64258,73.3999,2026-05-16 18:05:24,28.942,-0.557,34.117,1.131,0.253,5.8,9.499,14.873,1006.284,72.866,1.364,13.668,0,none,0.662,0.78,0.625,0.279,LOW,SYNTHETIC_DEMO_DATA
4126,Mumbai Coast,18.79184,73.19185,2026-05-16 21:00:15,29.283,-0.016,33.932,1.35,0.736,43.14,7.089,4.668,1018.701,93.551,0.952,7.575,0,none,0.293,0.712,0.734,0.148,LOW,SYNTHETIC_DEMO_DATA
4127,Sundarbans,21.86511,89.08343,2026-05-16 23:55:06,30.024,0.525,21.22,2.466,1.146,266.84,21.356,14.017,1011.033,79.67,1.492,13.736,1,anticyclonic,0.477,0.568,0.708,0.488,MEDIUM,SYNTHETIC_DEMO_DATA
4128,Sundarbans,21.72437,89.53089,2026-05-17 02:49:57,30.49,0.991,22.299,1.3,0.481,45.1,8.111,23.011,1012.204,96.216,1.667,13.328,1,anticyclonic,0.475,0.681,0.578,0.498,MEDIUM,SYNTHETIC_DEMO_DATA
4129,Mumbai Coast,18.71427,72.90019,2026-05-17 05:44:48,28.038,-1.261,34.666,0.894,0.808,263.37,6.616,14.788,1008.984,65.345,1.5,7.621,0,none,0.332,0.609,0.594,0.516,MEDIUM,SYNTHETIC_DEMO_DATA
4130,Kerala Coast,9.52131,76.17332,2026-05-17 08:39:39,29.651,0.051,33.18,1.57,0.875,77.76,16.402,23.654,1009.118,93.086,1.549,11.771,1,cyclonic,0.51,0.79,0.719,0.268,LOW,SYNTHETIC_DEMO_DATA
4131,Sundarbans,21.93765,89.21386,2026-05-17 11:34:30,30.904,1.405,19.688,1.707,1.013,301.73,14.125,18.182,1021.968,88.244,1.54,16.108,1,cyclonic,0.628,0.707,0.685,0.633,HIGH,SYNTHETIC_DEMO_DATA
4132,Lakshadweep,10.47834,72.43765,2026-05-17 14:29:21,28.966,-0.833,34.044,2.187,0.878,317.82,13.629,9.312,999.472,83.856,1.495,9.501,1,anticyclonic,0.446,0.651,0.719,0.375,MEDIUM,SYNTHETIC_DEMO_DATA
4133,Goa Coast,15.77482,73.73103,2026-05-17 17:24:12,29.878,0.379,32.837,0.714,0.772,259.6,4.393,11.259,1003.4,70.328,0.849,4.394,1,cyclonic,0.451,0.745,0.844,0.238,LOW,SYNTHETIC_DEMO_DATA
4134,Mumbai Coast,19.23492,72.94489,2026-05-17 20:19:03,29.126,-0.173,33.632,1.761,0.561,298.92,7.198,13.863,1012.188,59.884,1.605,7.286,0,none,0.491,0.934,0.683,0.155,LOW,SYNTHETIC_DEMO_DATA
4135,Lakshadweep,10.61524,72.42686,2026-05-17 23:13:54,30.619,0.82,36.531,2.065,1.099,28.48,16.354,10.986,1002.932,57.092,1.429,11.59,0,none,0.268,0.579,0.517,0.341,MEDIUM,SYNTHETIC_DEMO_DATA
4136,Lakshadweep,10.63421,72.6208,2026-05-18 02:08:45,31.049,1.25,35.364,1.394,0.609,283.51,11.351,8.265,1009.846,73.914,1.352,7.583,1,anticyclonic,0.529,0.659,0.743,0.384,MEDIUM,SYNTHETIC_DEMO_DATA
4137,Lakshadweep,10.38685,72.71961,2026-05-18 05:03:36,28.056,-1.743,35.551,1.338,0.589,95.92,12.667,6.279,1014.369,58.08,1.394,7.51,1,cyclonic,0.338,0.47,0.781,0.509,MEDIUM,SYNTHETIC_DEMO_DATA
4138,Visakhapatnam,17.86599,82.99029,2026-05-18 07:58:27,31.032,1.233,32.773,1.752,0.643,44.73,10.731,13.876,1006.633,96.574,1.57,13.997,1,anticyclonic,0.524,0.523,0.428,0.506,MEDIUM,SYNTHETIC_DEMO_DATA
4139,Andaman & Nicobar,11.48471,92.64091,2026-05-18 10:53:18,31.431,1.132,32.621,2.067,0.624,6.92,13.691,17.657,1007.099,81.494,1.679,15.697,1,cyclonic,0.557,0.633,0.615,0.487,MEDIUM,SYNTHETIC_DEMO_DATA
4140,Mumbai Coast,19.21427,73.04144,2026-05-18 13:48:09,31.639,2.34,32.996,1.055,1.382,98.35,10.99,29.042,1000.429,77.964,1.512,13.543,1,anticyclonic,0.606,0.591,0.349,0.684,HIGH,SYNTHETIC_DEMO_DATA
4141,Goa Coast,15.50159,74.07049,2026-05-18 16:43:00,29.152,-0.347,34.567,1.077,0.306,217.25,1.0,9.086,1018.611,41.814,1.562,10.897,0,none,0.398,0.763,0.794,0.2,LOW,SYNTHETIC_DEMO_DATA
4142,Andaman & Nicobar,11.90971,92.87716,2026-05-18 19:37:52,31.644,1.345,33.168,0.723,0.94,174.28,1.0,12.703,1012.702,38.727,1.522,11.575,1,anticyclonic,0.514,0.527,0.485,0.528,MEDIUM,SYNTHETIC_DEMO_DATA
4143,Odisha Coast,19.92815,85.63967,2026-05-18 22:32:43,30.277,-0.022,30.79,1.95,0.613,197.03,12.255,15.905,1005.001,78.632,0.894,12.13,0,none,0.408,0.781,0.616,0.248,LOW,SYNTHETIC_DEMO_DATA
4144,Kerala Coast,9.92853,76.20548,2026-05-19 01:27:34,29.297,-0.302,32.085,2.294,0.801,261.81,8.821,14.028,1012.899,72.24,1.418,9.266,1,cyclonic,0.472,0.72,0.69,0.318,MEDIUM,SYNTHETIC_DEMO_DATA
4145,Odisha Coast,20.02689,85.63603,2026-05-19 04:22:25,30.976,0.677,29.454,2.009,0.346,337.2,14.924,28.958,1007.393,90.173,2.164,16.137,1,cyclonic,0.664,0.859,0.651,0.414,MEDIUM,SYNTHETIC_DEMO_DATA
4146,Visakhapatnam,17.69283,83.38689,2026-05-19 07:17:16,30.187,0.388,33.266,2.28,0.771,324.24,16.093,7.868,1018.902,95.692,1.17,12.199,1,cyclonic,0.424,0.75,0.664,0.29,LOW,SYNTHETIC_DEMO_DATA
4147,Kerala Coast,9.81301,76.15003,2026-05-19 10:12:07,29.772,0.173,36.067,0.741,1.18,49.29,6.121,13.502,993.584,85.479,0.531,5.516,0,none,0.393,0.68,0.815,0.214,LOW,SYNTHETIC_DEMO_DATA
4148,Andaman & Nicobar,11.42496,92.91872,2026-05-19 13:06:58,29.786,-0.513,30.604,1.09,0.953,90.06,6.691,5.7,1009.819,77.472,1.36,9.594,1,anticyclonic,0.43,0.677,0.688,0.288,LOW,SYNTHETIC_DEMO_DATA
4149,Andaman & Nicobar,11.71633,92.49687,2026-05-19 16:01:49,30.021,-0.278,33.054,2.056,0.454,243.52,15.728,5.533,1003.629,50.869,1.537,8.404,0,none,0.34,0.428,0.703,0.216,LOW,SYNTHETIC_DEMO_DATA
4150,Chennai Coast,13.25367,80.45522,2026-05-19 18:56:40,30.824,0.325,32.425,0.741,0.781,180.67,7.801,9.49,1011.16,81.016,1.269,9.687,0,none,0.399,0.871,0.676,0.203,LOW,SYNTHETIC_DEMO_DATA
4151,Chennai Coast,13.22478,80.36005,2026-05-19 21:51:31,30.344,-0.155,33.014,1.673,0.965,212.18,7.709,7.695,1000.894,73.266,1.433,5.055,0,none,0.501,0.657,0.657,0.222,LOW,SYNTHETIC_DEMO_DATA
4152,Mumbai Coast,19.28035,73.16071,2026-05-20 00:46:22,30.022,0.723,31.324,1.613,0.547,99.49,7.012,26.395,1009.921,100.0,1.792,15.948,0,none,0.622,0.696,0.777,0.355,MEDIUM,SYNTHETIC_DEMO_DATA
4153,Lakshadweep,10.63511,72.57785,2026-05-20 03:41:13,31.87,2.071,33.928,0.879,0.778,153.33,4.925,0.289,1018.899,66.763,0.98,0.967,1,cyclonic,0.367,0.606,0.566,0.639,HIGH,SYNTHETIC_DEMO_DATA
4154,Lakshadweep,10.49549,72.37509,2026-05-20 06:36:04,29.549,-0.25,32.562,1.557,0.21,276.41,12.521,30.061,1002.619,60.556,1.699,17.099,0,none,0.577,0.835,0.69,0.202,LOW,SYNTHETIC_DEMO_DATA
4155,Visakhapatnam,17.66522,83.29152,2026-05-20 09:30:55,29.498,-0.301,31.478,1.164,0.699,121.58,7.421,0.0,1004.531,69.75,0.433,1.577,0,none,0.082,0.669,0.721,0.213,LOW,SYNTHETIC_DEMO_DATA
4156,Odisha Coast,19.87232,85.74089,2026-05-20 12:25:46,29.496,-0.803,30.116,2.322,0.609,4.3,17.278,9.817,1016.319,72.866,1.48,10.947,1,cyclonic,0.404,0.689,0.662,0.459,MEDIUM,SYNTHETIC_DEMO_DATA
4157,Goa Coast,15.51385,73.92696,2026-05-20 15:20:37,29.4,-0.099,35.952,1.933,0.92,47.13,14.342,3.837,1021.422,92.761,1.226,10.238,0,none,0.352,0.712,0.593,0.25,LOW,SYNTHETIC_DEMO_DATA
4158,Chennai Coast,12.70474,80.17001,2026-05-20 18:15:28,31.089,0.59,33.704,1.335,0.513,149.9,6.4,0.0,1011.716,63.942,1.067,5.224,1,anticyclonic,0.39,0.681,0.764,0.303,MEDIUM,SYNTHETIC_DEMO_DATA
4159,Odisha Coast,19.73731,86.01339,2026-05-20 21:10:20,30.371,0.072,27.568,1.371,0.626,181.13,11.743,23.369,1015.091,83.309,0.924,10.647,0,none,0.528,0.887,0.635,0.26,LOW,SYNTHETIC_DEMO_DATA
4160,Sundarbans,22.42571,88.91647,2026-05-21 00:05:11,29.995,0.496,22.379,2.366,0.905,208.96,16.859,10.187,1012.696,77.853,1.924,12.044,1,anticyclonic,0.508,0.759,0.788,0.361,MEDIUM,SYNTHETIC_DEMO_DATA
4161,Kerala Coast,10.19214,76.04366,2026-05-21 03:00:02,29.665,0.066,33.178,0.891,0.078,354.1,7.083,13.087,993.759,66.674,1.946,7.308,0,none,0.453,0.812,0.761,0.16,LOW,SYNTHETIC_DEMO_DATA
4162,Chennai Coast,13.13139,80.22878,2026-05-21 05:54:53,29.608,-0.891,34.24,0.911,1.046,277.26,3.696,4.56,1027.395,79.656,0.802,5.925,1,anticyclonic,0.453,0.675,0.824,0.332,MEDIUM,SYNTHETIC_DEMO_DATA
4163,Mumbai Coast,18.79147,72.675,2026-05-21 08:49:44,29.542,0.243,32.41,1.416,0.137,329.22,7.934,11.238,1023.259,71.737,1.809,7.573,0,none,0.418,0.729,0.855,0.184,LOW,SYNTHETIC_DEMO_DATA
4164,Visakhapatnam,17.52366,83.23229,2026-05-21 11:44:35,29.241,-0.558,35.397,2.623,0.904,127.54,15.421,10.06,1015.601,77.416,0.865,9.34,0,none,0.556,0.609,0.785,0.361,MEDIUM,SYNTHETIC_DEMO_DATA
4165,Goa Coast,15.22988,73.55044,2026-05-21 14:39:26,30.791,1.292,35.948,2.194,0.874,166.57,20.015,16.524,1016.829,66.976,1.234,11.674,0,none,0.531,0.572,0.699,0.459,MEDIUM,SYNTHETIC_DEMO_DATA
4166,Gujarat Coast,22.29785,69.90491,2026-05-21 17:34:17,28.981,0.182,36.247,1.596,0.837,153.65,9.532,4.966,1018.023,67.376,0.913,7.443,0,none,0.315,0.736,0.838,0.218,LOW,SYNTHETIC_DEMO_DATA
4167,Kerala Coast,10.18198,76.13527,2026-05-21 20:29:08,30.214,0.615,33.699,1.783,0.603,264.02,11.288,19.066,1015.436,69.693,1.831,10.963,0,none,0.507,0.605,0.887,0.326,MEDIUM,SYNTHETIC_DEMO_DATA
4168,Odisha Coast,19.74146,86.05931,2026-05-21 23:23:59,29.533,-0.766,30.418,1.413,0.48,26.88,11.612,14.548,1025.499,50.738,1.503,8.811,1,cyclonic,0.541,0.75,0.611,0.353,MEDIUM,SYNTHETIC_DEMO_DATA
4169,Mumbai Coast,18.92333,72.70415,2026-05-22 02:18:50,28.826,-0.473,33.875,1.229,1.066,172.12,3.343,11.311,1007.843,75.337,0.956,6.737,0,none,0.417,0.794,0.707,0.238,LOW,SYNTHETIC_DEMO_DATA
4170,Gujarat Coast,22.29027,69.55662,2026-05-22 05:13:41,27.422,-1.377,37.443,1.643,0.05,41.62,12.427,0.0,1005.003,88.679,0.739,5.327,0,none,0.37,0.584,0.635,0.486,MEDIUM,SYNTHETIC_DEMO_DATA
4171,Chennai Coast,13.18144,80.21046,2026-05-22 08:08:32,30.808,0.309,34.278,1.983,0.916,76.36,11.663,18.377,1004.715,71.487,1.671,14.548,1,anticyclonic,0.557,0.653,0.605,0.295,LOW,SYNTHETIC_DEMO_DATA
4172,Visakhapatnam,17.86899,83.25417,2026-05-22 11:03:23,28.869,-0.93,33.873,1.381,0.584,331.18,10.91,12.103,1011.348,74.508,1.21,12.133,0,none,0.414,0.605,0.6,0.382,MEDIUM,SYNTHETIC_DEMO_DATA
4173,Mumbai Coast,19.1803,72.87838,2026-05-22 13:58:14,27.877,-1.423,35.134,1.532,0.682,340.03,9.744,14.82,1011.945,70.008,1.537,9.074,1,anticyclonic,0.55,0.751,0.514,0.53,MEDIUM,SYNTHETIC_DEMO_DATA
4174,Chennai Coast,13.10412,80.34359,2026-05-22 16:53:05,31.478,0.979,33.1,1.38,0.733,316.96,5.735,10.711,1004.815,71.754,0.991,8.817,1,anticyclonic,0.398,0.562,0.747,0.343,MEDIUM,SYNTHETIC_DEMO_DATA
4175,Kerala Coast,9.5951,76.3554,2026-05-22 19:47:56,30.0,0.401,34.551,2.044,0.801,86.89,20.033,26.591,1007.78,78.698,2.037,14.876,0,none,0.446,0.641,0.697,0.323,MEDIUM,SYNTHETIC_DEMO_DATA
4176,Chennai Coast,13.25086,80.28399,2026-05-22 22:42:48,31.901,1.402,35.17,2.288,0.674,121.83,14.825,9.41,1010.828,54.489,0.555,4.756,0,none,0.328,0.584,0.61,0.454,MEDIUM,SYNTHETIC_DEMO_DATA
4177,Chennai Coast,13.00611,80.24968,2026-05-23 01:37:39,30.92,0.421,33.348,1.845,1.203,80.03,15.192,16.093,1016.169,52.759,1.914,11.37,0,none,0.637,0.586,0.611,0.348,MEDIUM,SYNTHETIC_DEMO_DATA
4178,Goa Coast,15.29726,73.7788,2026-05-23 04:32:30,29.693,0.194,31.724,2.547,0.547,188.62,12.36,4.203,1021.239,54.11,1.121,7.686,0,none,0.501,0.65,0.722,0.215,LOW,SYNTHETIC_DEMO_DATA
4179,Kerala Coast,10.12661,76.72487,2026-05-23 07:27:21,29.475,-0.124,33.332,2.292,0.303,290.53,12.696,14.547,1019.438,91.61,1.417,8.617,0,none,0.489,0.697,0.803,0.209,LOW,SYNTHETIC_DEMO_DATA
4180,Kerala Coast,9.72075,76.29218,2026-05-23 10:22:12,28.632,-0.967,33.46,2.06,0.706,312.16,19.555,19.419,1010.241,76.839,1.652,14.428,1,cyclonic,0.522,0.614,0.675,0.459,MEDIUM,SYNTHETIC_DEMO_DATA
4181,Gujarat Coast,22.08897,69.67785,2026-05-23 13:17:03,29.541,0.742,35.924,1.506,0.618,149.36,8.527,19.222,1009.797,79.095,1.38,12.924,0,none,0.442,0.604,0.665,0.389,MEDIUM,SYNTHETIC_DEMO_DATA
4182,Chennai Coast,13.03233,80.03162,2026-05-23 16:11:54,30.505,0.006,33.878,0.96,0.412,300.46,3.886,3.742,1005.467,63.228,0.817,9.142,0,none,0.419,0.741,0.686,0.195,LOW,SYNTHETIC_DEMO_DATA
4183,Odisha Coast,19.54939,85.80978,2026-05-23 19:06:45,31.266,0.966,29.6,1.674,0.361,1.96,13.567,0.0,1008.602,69.28,1.146,5.456,1,cyclonic,0.406,0.662,0.633,0.448,MEDIUM,SYNTHETIC_DEMO_DATA
4184,Andaman & Nicobar,11.869,92.86053,2026-05-23 22:01:36,30.46,0.161,32.297,1.408,0.454,148.61,7.005,32.238,1013.562,79.869,1.849,17.556,1,cyclonic,0.535,0.853,0.641,0.288,LOW,SYNTHETIC_DEMO_DATA
4185,Sundarbans,21.78498,89.30584,2026-05-24 00:56:27,29.377,-0.122,21.21,2.216,0.587,216.15,15.951,15.9,1008.145,70.359,1.17,7.945,0,none,0.427,0.76,0.707,0.351,MEDIUM,SYNTHETIC_DEMO_DATA
4186,Mumbai Coast,19.0107,72.8607,2026-05-24 03:51:18,29.331,0.032,35.939,2.133,0.969,322.69,14.908,7.945,1015.976,62.613,1.213,4.182,0,none,0.415,0.671,0.767,0.177,LOW,SYNTHETIC_DEMO_DATA
4187,Visakhapatnam,17.48408,83.37652,2026-05-24 06:46:09,30.191,0.392,32.245,1.715,0.742,94.56,11.26,1.239,1004.793,89.662,0.644,4.238,1,cyclonic,0.237,0.507,0.684,0.256,LOW,SYNTHETIC_DEMO_DATA
4188,Visakhapatnam,18.12957,82.94769,2026-05-24 09:41:00,29.808,0.009,33.692,2.412,0.924,173.65,22.864,1.848,1020.488,50.528,1.186,3.11,0,none,0.369,0.853,0.727,0.19,LOW,SYNTHETIC_DEMO_DATA
4189,Sundarbans,22.32129,88.99508,2026-05-24 12:35:51,30.266,0.767,20.46,1.829,0.546,210.82,13.059,3.606,1013.209,70.888,0.845,8.742,1,cyclonic,0.479,0.623,0.869,0.399,MEDIUM,SYNTHETIC_DEMO_DATA
4190,Lakshadweep,10.81859,72.64489,2026-05-24 15:30:42,29.308,-0.491,36.233,2.322,0.601,202.28,9.9,10.429,996.764,94.609,0.55,7.378,0,none,0.281,0.679,0.659,0.267,LOW,SYNTHETIC_DEMO_DATA
4191,Kerala Coast,9.92589,76.33611,2026-05-24 18:25:33,28.863,-0.736,34.545,1.662,0.42,230.36,12.052,14.885,1005.987,77.241,1.267,10.468,1,anticyclonic,0.464,0.684,0.716,0.403,MEDIUM,SYNTHETIC_DEMO_DATA
4192,Chennai Coast,13.14574,80.38363,2026-05-24 21:20:24,29.501,-0.998,34.407,2.318,0.952,177.27,16.666,2.46,1011.183,70.324,1.002,8.657,1,cyclonic,0.389,0.578,0.611,0.416,MEDIUM,SYNTHETIC_DEMO_DATA
4193,Goa Coast,15.46474,73.60266,2026-05-25 00:15:16,29.438,-0.061,33.963,2.874,0.933,49.0,25.298,0.0,1012.294,100.0,0.456,3.662,1,cyclonic,0.307,0.714,0.701,0.188,LOW,SYNTHETIC_DEMO_DATA
4194,Sundarbans,22.17513,89.21789,2026-05-25 03:10:07,30.38,0.881,19.372,1.801,0.447,358.65,16.705,22.511,993.687,78.171,1.855,15.271,0,none,0.477,0.704,0.516,0.4,MEDIUM,SYNTHETIC_DEMO_DATA
4195,Mumbai Coast,18.909,72.56226,2026-05-25 06:04:58,28.74,-0.559,32.289,2.613,0.994,110.93,12.273,29.842,1005.771,73.885,1.712,16.187,1,cyclonic,0.472,0.706,0.62,0.34,MEDIUM,SYNTHETIC_DEMO_DATA
4196,Kerala Coast,9.86762,76.22546,2026-05-25 08:59:49,27.583,-2.016,31.432,1.035,1.148,70.91,12.298,30.099,1007.448,77.456,1.609,17.045,1,anticyclonic,0.584,0.495,0.401,0.615,HIGH,SYNTHETIC_DEMO_DATA
4197,Mumbai Coast,19.34589,72.66508,2026-05-25 11:54:40,28.706,-0.593,33.851,1.742,0.67,231.71,7.827,11.843,1020.236,63.936,1.029,8.161,1,cyclonic,0.347,0.672,0.643,0.358,MEDIUM,SYNTHETIC_DEMO_DATA
4198,Odisha Coast,19.7876,85.55924,2026-05-25 14:49:31,29.917,-0.382,29.605,0.812,0.05,358.8,1.651,12.492,1010.76,66.013,1.776,8.594,0,none,0.411,0.705,0.756,0.292,LOW,SYNTHETIC_DEMO_DATA
4199,Lakshadweep,10.51782,72.65557,2026-05-25 17:44:22,31.572,1.773,33.907,1.57,0.757,0.58,8.012,9.584,1011.942,57.498,1.631,9.575,0,none,0.492,0.447,0.525,0.518,MEDIUM,SYNTHETIC_DEMO_DATA
4200,Visakhapatnam,17.79675,83.3441,2026-05-25 20:39:13,30.741,0.942,33.718,2.571,0.72,103.49,13.571,8.377,1012.02,66.402,1.815,3.173,0,none,0.608,0.705,0.628,0.38,MEDIUM,SYNTHETIC_DEMO_DATA
4201,Gujarat Coast,22.25109,69.23313,2026-05-25 23:34:04,27.177,-1.622,35.242,1.362,0.981,281.1,6.44,17.015,1004.609,85.421,1.871,12.501,0,none,0.441,0.471,0.567,0.546,MEDIUM,SYNTHETIC_DEMO_DATA
4202,Goa Coast,15.3656,74.04081,2026-05-26 02:28:55,29.163,-0.336,30.62,2.287,0.578,311.18,19.765,16.426,1012.754,82.513,1.868,12.532,0,none,0.473,0.672,0.639,0.294,LOW,SYNTHETIC_DEMO_DATA
4203,Chennai Coast,13.19601,80.61201,2026-05-26 05:23:46,30.901,0.402,33.274,1.821,0.89,163.29,10.919,2.4,1020.806,68.504,1.079,4.239,0,none,0.32,0.613,0.738,0.22,LOW,SYNTHETIC_DEMO_DATA
4204,Odisha Coast,19.83821,85.83258,2026-05-26 08:18:37,29.85,-0.449,30.81,1.558,0.745,176.44,9.613,20.186,998.543,88.162,1.662,13.828,1,cyclonic,0.373,0.721,0.59,0.37,MEDIUM,SYNTHETIC_DEMO_DATA
4205,Visakhapatnam,17.61046,83.29486,2026-05-26 11:13:28,29.151,-0.648,32.827,2.33,0.901,158.58,15.331,6.956,1015.569,63.953,1.492,7.629,1,cyclonic,0.499,0.8,0.555,0.355,MEDIUM,SYNTHETIC_DEMO_DATA
4206,Andaman & Nicobar,11.41907,92.51022,2026-05-26 14:08:19,31.043,0.744,32.208,1.832,0.996,70.68,12.579,17.745,1004.077,71.168,1.735,10.759,0,none,0.375,0.581,0.644,0.302,MEDIUM,SYNTHETIC_DEMO_DATA
4207,Lakshadweep,10.50412,72.31823,2026-05-26 17:03:10,30.231,0.432,34.615,2.564,0.953,182.41,18.968,13.619,1002.85,56.423,2.064,14.458,1,anticyclonic,0.467,0.751,0.671,0.251,LOW,SYNTHETIC_DEMO_DATA
4208,Lakshadweep,10.67362,72.497,2026-05-26 19:58:01,29.209,-0.59,35.969,1.363,1.167,122.62,6.295,7.991,1021.801,63.244,0.895,10.302,0,none,0.292,0.624,0.64,0.3,LOW,SYNTHETIC_DEMO_DATA
4209,Visakhapatnam,17.84234,83.24712,2026-05-26 22:52:52,30.82,1.021,32.102,0.643,0.207,9.12,1.0,24.22,988.576,75.062,1.641,11.273,0,none,0.5,0.56,0.611,0.393,MEDIUM,SYNTHETIC_DEMO_DATA
4210,Gujarat Coast,22.05478,69.67485,2026-05-27 01:47:44,31.017,2.218,36.127,2.444,0.754,334.51,15.262,0.0,1007.79,58.349,0.872,7.674,1,cyclonic,0.336,0.649,0.485,0.704,HIGH,SYNTHETIC_DEMO_DATA
4211,Odisha Coast,19.98553,86.04847,2026-05-27 04:42:35,30.533,0.234,28.295,0.752,0.373,266.93,1.0,22.986,1005.933,74.129,1.785,18.879,0,none,0.51,0.801,0.597,0.301,MEDIUM,SYNTHETIC_DEMO_DATA
4212,Goa Coast,15.61216,73.83639,2026-05-27 07:37:26,29.115,-0.384,34.585,0.989,0.976,117.56,2.232,10.739,1017.298,85.664,1.957,7.284,1,anticyclonic,0.352,0.428,0.512,0.363,MEDIUM,SYNTHETIC_DEMO_DATA
4213,Kerala Coast,9.47703,76.14327,2026-05-27 10:32:17,28.366,-1.233,33.055,0.722,0.84,100.71,1.0,28.96,1007.757,78.335,1.924,19.164,1,cyclonic,0.635,0.675,0.505,0.516,MEDIUM,SYNTHETIC_DEMO_DATA
4214,Goa Coast,15.5837,73.87926,2026-05-27 13:27:08,28.786,-0.713,33.406,2.298,0.458,47.33,19.21,16.886,1009.722,58.461,1.69,10.367,0,none,0.429,0.595,0.537,0.407,MEDIUM,SYNTHETIC_DEMO_DATA
4215,Gujarat Coast,22.32758,69.91974,2026-05-27 16:21:59,30.484,1.685,36.531,1.535,0.938,286.26,9.773,9.87,997.009,78.144,1.061,11.8,0,none,0.256,0.554,0.59,0.543,MEDIUM,SYNTHETIC_DEMO_DATA
4216,Lakshadweep,10.55229,72.70997,2026-05-27 19:16:50,30.456,0.657,32.85,2.371,0.447,173.69,16.482,17.242,1013.249,84.564,1.647,14.132,0,none,0.523,0.679,0.662,0.341,MEDIUM,SYNTHETIC_DEMO_DATA
4217,Kerala Coast,10.16392,75.94822,2026-05-27 22:11:41,29.713,0.114,32.319,0.583,0.57,272.03,1.884,19.082,1013.68,69.079,1.361,12.621,0,none,0.442,0.729,0.614,0.217,LOW,SYNTHETIC_DEMO_DATA
4218,Chennai Coast,13.29191,79.82317,2026-05-28 01:06:32,30.322,-0.177,33.33,1.514,1.112,241.29,12.347,4.282,1013.61,76.456,1.052,7.713,1,anticyclonic,0.299,0.786,0.651,0.206,LOW,SYNTHETIC_DEMO_DATA
4219,Mumbai Coast,19.54493,72.79146,2026-05-28 04:01:23,29.941,0.642,36.569,2.483,0.956,175.0,15.83,10.07,1000.514,66.189,0.744,8.712,0,none,0.28,0.61,0.652,0.36,MEDIUM,SYNTHETIC_DEMO_DATA
4220,Odisha Coast,19.94136,85.96086,2026-05-28 06:56:14,31.901,1.602,27.636,2.485,0.75,66.79,15.849,38.705,1020.499,82.428,2.849,20.841,1,cyclonic,0.663,0.431,0.346,0.777,HIGH,SYNTHETIC_DEMO_DATA
4221,Odisha Coast,19.87334,85.92768,2026-05-28 09:51:05,28.866,-1.434,27.64,1.473,0.513,308.14,13.642,12.251,1005.442,74.92,1.98,16.279,1,cyclonic,0.479,0.437,0.662,0.557,MEDIUM,SYNTHETIC_DEMO_DATA
4222,Mumbai Coast,18.7587,72.7134,2026-05-28 12:45:56,27.746,-1.553,32.843,2.145,0.575,4.72,15.073,14.436,1012.555,67.915,1.844,10.882,1,cyclonic,0.638,0.574,0.503,0.614,HIGH,SYNTHETIC_DEMO_DATA
4223,Andaman & Nicobar,11.61472,92.44259,2026-05-28 15:40:47,30.917,0.618,32.784,1.889,0.949,209.67,9.514,5.062,1009.472,78.264,0.828,4.475,1,anticyclonic,0.34,0.786,0.76,0.27,LOW,SYNTHETIC_DEMO_DATA
4224,Mumbai Coast,19.14578,72.78782,2026-05-28 18:35:38,29.087,-0.212,35.016,1.038,0.856,276.37,2.352,20.778,1005.885,79.191,1.949,11.604,1,cyclonic,0.554,0.829,0.766,0.232,LOW,SYNTHETIC_DEMO_DATA
4225,Goa Coast,15.41201,73.98072,2026-05-28 21:30:29,30.008,0.509,30.41,2.537,1.254,126.71,13.419,7.214,1005.983,79.67,0.574,7.564,0,none,0.488,0.689,0.802,0.239,LOW,SYNTHETIC_DEMO_DATA
4226,Odisha Coast,19.53007,85.75209,2026-05-29 00:25:20,29.216,-1.083,31.118,1.851,0.937,203.39,14.146,8.735,1020.001,60.333,1.526,7.111,1,cyclonic,0.43,0.724,0.651,0.467,MEDIUM,SYNTHETIC_DEMO_DATA
4227,Kerala Coast,9.75921,76.40212,2026-05-29 03:20:12,30.621,1.022,33.403,2.319,0.383,258.45,21.304,17.966,1010.55,74.311,1.406,8.279,0,none,0.683,0.572,0.683,0.438,MEDIUM,SYNTHETIC_DEMO_DATA
4228,Gujarat Coast,22.21536,69.56886,2026-05-29 06:15:03,29.196,0.397,36.065,2.566,0.429,287.55,17.365,18.302,1018.021,65.351,2.016,13.318,0,none,0.467,0.703,0.751,0.306,MEDIUM,SYNTHETIC_DEMO_DATA
4229,Chennai Coast,13.13856,79.86026,2026-05-29 09:09:54,28.827,-1.672,35.746,1.798,0.588,102.45,14.38,0.0,1015.666,80.58,1.5,5.931,1,anticyclonic,0.498,0.406,0.558,0.51,MEDIUM,SYNTHETIC_DEMO_DATA
4230,Sundarbans,21.97631,89.21687,2026-05-29 12:04:45,29.664,0.165,19.946,2.313,0.673,34.01,13.281,25.657,1004.113,72.942,2.012,12.888,1,anticyclonic,0.733,0.782,0.859,0.319,MEDIUM,SYNTHETIC_DEMO_DATA
4231,Sundarbans,21.99011,89.15885,2026-05-29 14:59:36,28.928,-0.572,23.774,2.389,0.731,73.69,19.322,9.979,1012.46,69.465,1.248,13.681,0,none,0.411,0.61,0.598,0.441,MEDIUM,SYNTHETIC_DEMO_DATA
4232,Lakshadweep,10.62058,72.65594,2026-05-29 17:54:27,29.522,-0.277,35.799,1.632,0.723,202.96,17.205,2.291,1014.357,62.149,1.278,7.487,0,none,0.461,0.74,0.699,0.213,LOW,SYNTHETIC_DEMO_DATA
4233,Gujarat Coast,22.42082,69.50292,2026-05-29 20:49:18,30.017,1.218,34.393,1.226,0.414,119.25,5.333,0.0,1023.643,72.882,1.54,11.453,0,none,0.396,0.593,0.611,0.458,MEDIUM,SYNTHETIC_DEMO_DATA
4234,Visakhapatnam,17.6935,83.17447,2026-05-29 23:44:09,29.981,0.182,33.163,2.37,1.015,48.79,15.39,1.432,992.854,73.553,0.917,12.132,1,cyclonic,0.378,0.524,0.67,0.277,LOW,SYNTHETIC_DEMO_DATA
4235,Visakhapatnam,18.02856,83.05831,2026-05-30 02:39:00,29.133,-0.666,34.225,0.999,0.695,62.87,4.128,7.869,1012.631,96.552,0.772,4.109,0,none,0.451,0.759,0.761,0.278,LOW,SYNTHETIC_DEMO_DATA
4236,Sundarbans,21.6254,89.06072,2026-05-30 05:33:51,28.656,-0.843,20.277,1.711,0.842,318.38,12.661,16.263,1002.562,59.44,1.823,14.257,0,none,0.505,0.588,0.618,0.46,MEDIUM,SYNTHETIC_DEMO_DATA
4237,Lakshadweep,10.77069,73.08106,2026-05-30 08:28:42,29.7,-0.099,33.246,1.902,0.698,93.27,7.012,18.184,997.78,92.07,0.779,9.609,0,none,0.288,0.68,0.728,0.24,LOW,SYNTHETIC_DEMO_DATA
4238,Odisha Coast,19.66866,85.45551,2026-05-30 11:23:33,29.875,-0.424,29.795,0.5,0.578,125.8,5.745,12.379,1010.798,85.506,1.101,10.417,0,none,0.463,0.62,0.669,0.243,LOW,SYNTHETIC_DEMO_DATA
4239,Goa Coast,15.65255,73.65874,2026-05-30 14:18:24,30.815,1.316,32.365,2.518,0.839,227.94,13.742,17.071,1014.331,73.163,1.553,11.048,1,anticyclonic,0.393,0.557,0.499,0.502,MEDIUM,SYNTHETIC_DEMO_DATA
4240,Visakhapatnam,17.69349,83.52095,2026-05-30 17:13:15,29.331,-0.468,33.069,1.493,0.67,113.22,7.217,11.861,1008.703,88.796,2.141,9.646,0,none,0.583,0.901,0.635,0.204,LOW,SYNTHETIC_DEMO_DATA
4241,Chennai Coast,13.23925,80.43385,2026-05-30 20:08:06,30.268,-0.231,35.142,2.075,0.73,220.05,10.514,0.0,1002.734,67.598,0.506,7.66,1,anticyclonic,0.322,0.819,0.587,0.253,LOW,SYNTHETIC_DEMO_DATA
4242,Visakhapatnam,17.29375,83.15839,2026-05-30 23:02:57,29.512,-0.287,34.56,2.017,0.844,311.15,11.873,9.329,1018.702,100.0,1.577,7.837,0,none,0.43,0.897,0.636,0.235,LOW,SYNTHETIC_DEMO_DATA
4243,Andaman & Nicobar,11.99297,92.54799,2026-05-31 01:57:48,28.791,-1.508,32.618,0.823,0.93,11.8,9.467,14.31,1007.391,95.852,1.212,5.838,0,none,0.526,0.516,0.625,0.421,MEDIUM,SYNTHETIC_DEMO_DATA
4244,Sundarbans,21.89303,89.57945,2026-05-31 04:52:39,29.733,0.234,20.694,2.452,0.941,181.53,19.352,15.035,1024.984,72.054,1.279,12.604,0,none,0.466,0.797,0.681,0.327,MEDIUM,SYNTHETIC_DEMO_DATA
4245,Chennai Coast,12.89538,80.44549,2026-05-31 07:47:31,29.625,-0.874,34.366,2.012,0.421,15.13,10.98,4.028,1012.31,66.7,0.938,7.357,0,none,0.539,0.773,0.694,0.365,MEDIUM,SYNTHETIC_DEMO_DATA
4246,Visakhapatnam,17.78764,83.08578,2026-05-31 10:42:22,29.655,-0.144,31.966,0.973,0.395,53.97,5.347,11.022,1005.271,86.181,1.152,7.445,0,none,0.326,0.595,0.716,0.233,LOW,SYNTHETIC_DEMO_DATA
4247,Visakhapatnam,17.55635,83.11417,2026-05-31 13:37:13,29.074,-0.725,34.86,1.731,1.157,172.51,12.617,9.13,1010.861,78.895,1.056,4.475,1,anticyclonic,0.393,0.681,0.674,0.409,MEDIUM,SYNTHETIC_DEMO_DATA
4248,Odisha Coast,19.71705,86.0849,2026-05-31 16:32:04,31.269,0.97,29.837,1.839,0.774,242.97,10.53,9.078,1003.506,84.503,0.926,11.397,1,anticyclonic,0.405,0.609,0.592,0.471,MEDIUM,SYNTHETIC_DEMO_DATA
4249,Lakshadweep,10.61439,72.48663,2026-05-31 19:26:55,30.706,0.907,34.319,1.67,0.478,84.96,7.472,0.0,1020.867,40.927,0.75,2.75,1,anticyclonic,0.355,0.639,0.617,0.363,MEDIUM,SYNTHETIC_DEMO_DATA
4250,Chennai Coast,13.0979,80.37535,2026-05-31 22:21:46,29.457,-1.042,34.878,1.314,0.94,283.59,12.527,8.607,1027.135,50.808,1.445,5.247,1,cyclonic,0.541,0.524,0.696,0.365,MEDIUM,SYNTHETIC_DEMO_DATA
4251,Kerala Coast,10.04611,76.24417,2026-06-01 01:16:37,29.743,-0.057,31.834,3.271,1.016,116.68,25.233,49.727,995.496,93.057,2.938,22.256,1,cyclonic,0.843,0.774,0.613,0.365,MEDIUM,SYNTHETIC_DEMO_DATA
4252,Chennai Coast,12.98668,80.27583,2026-06-01 04:11:28,30.927,0.227,32.819,3.803,0.953,245.68,26.031,33.818,1012.938,79.762,2.2,16.403,0,none,0.565,0.782,0.689,0.25,LOW,SYNTHETIC_DEMO_DATA
4253,Lakshadweep,10.61196,72.86829,2026-06-01 07:06:19,29.621,-0.379,35.274,2.903,0.457,89.83,20.594,21.202,1000.296,74.861,1.065,10.434,1,anticyclonic,0.537,0.753,0.577,0.337,MEDIUM,SYNTHETIC_DEMO_DATA
4254,Chennai Coast,12.88849,80.14084,2026-06-01 10:01:10,30.142,-0.558,33.45,2.027,0.479,93.66,14.727,32.423,1008.717,71.262,2.02,13.399,0,none,0.648,0.616,0.628,0.396,MEDIUM,SYNTHETIC_DEMO_DATA
4255,Chennai Coast,13.01709,80.25267,2026-06-01 12:56:01,32.216,1.516,34.239,2.922,0.801,331.38,24.539,42.421,1007.998,77.923,2.571,22.887,1,cyclonic,0.808,0.662,0.543,0.604,HIGH,SYNTHETIC_DEMO_DATA
4256,Chennai Coast,12.95576,79.91693,2026-06-01 15:50:52,29.732,-0.968,32.747,1.145,0.609,257.39,8.637,22.897,1019.952,69.835,1.585,12.227,0,none,0.546,0.755,0.589,0.382,MEDIUM,SYNTHETIC_DEMO_DATA
4257,Chennai Coast,12.91263,80.1257,2026-06-01 18:45:43,30.575,-0.125,33.212,1.677,0.532,198.97,17.805,44.868,1013.712,86.423,2.486,21.954,1,cyclonic,0.845,0.743,0.701,0.327,MEDIUM,SYNTHETIC_DEMO_DATA
4258,Sundarbans,22.00579,89.4206,2026-06-01 21:40:34,28.205,-1.495,20.835,1.637,0.952,109.35,13.407,38.811,1013.912,72.084,2.531,22.045,0,none,0.679,0.586,0.461,0.577,MEDIUM,SYNTHETIC_DEMO_DATA
4259,Gujarat Coast,22.25423,69.90731,2026-06-02 00:35:25,28.259,-0.741,33.842,1.887,0.644,133.58,13.763,36.984,1010.213,88.799,1.596,20.249,0,none,0.55,0.749,0.573,0.463,MEDIUM,SYNTHETIC_DEMO_DATA
4260,Sundarbans,21.9767,89.26953,2026-06-02 03:30:16,29.284,-0.416,18.464,2.548,0.994,113.54,20.616,45.633,1003.422,78.069,3.239,20.449,0,none,0.802,0.813,0.654,0.4,MEDIUM,SYNTHETIC_DEMO_DATA
4261,Visakhapatnam,17.67847,83.16899,2026-06-02 06:25:07,29.252,-0.748,31.954,1.889,0.461,169.48,13.149,38.496,1012.886,100.0,2.05,17.943,0,none,0.742,0.782,0.665,0.365,MEDIUM,SYNTHETIC_DEMO_DATA
4262,Visakhapatnam,17.81728,83.37721,2026-06-02 09:19:59,28.703,-1.297,30.332,1.727,0.655,287.21,15.159,36.598,1015.933,100.0,1.814,20.159,0,none,0.694,0.609,0.449,0.523,MEDIUM,SYNTHETIC_DEMO_DATA
4263,Visakhapatnam,17.50473,82.9815,2026-06-02 12:14:50,30.197,0.197,32.835,2.102,0.665,41.73,14.844,46.87,1012.175,78.002,2.894,24.409,1,cyclonic,0.864,0.714,0.705,0.411,MEDIUM,SYNTHETIC_DEMO_DATA
4264,Goa Coast,15.5061,73.76258,2026-06-02 15:09:41,30.046,0.346,32.367,2.025,0.364,95.42,14.16,37.559,1009.288,100.0,2.744,16.529,0,none,0.574,0.631,0.463,0.359,MEDIUM,SYNTHETIC_DEMO_DATA
4265,Mumbai Coast,18.99699,72.60213,2026-06-02 18:04:32,30.405,0.905,30.583,1.651,0.638,120.35,16.162,53.901,1006.461,95.884,3.187,22.87,1,cyclonic,0.871,0.698,0.529,0.493,MEDIUM,SYNTHETIC_DEMO_DATA
4266,Lakshadweep,10.35673,72.68598,2026-06-02 20:59:23,30.539,0.539,33.91,1.894,0.528,348.76,17.477,29.862,1012.789,87.382,2.402,16.386,0,none,0.736,0.605,0.767,0.335,MEDIUM,SYNTHETIC_DEMO_DATA
4267,Chennai Coast,12.93992,80.20178,2026-06-02 23:54:14,30.666,-0.034,31.46,2.778,0.517,270.56,14.499,50.58,1013.687,100.0,2.282,24.508,0,none,0.764,0.701,0.669,0.342,MEDIUM,SYNTHETIC_DEMO_DATA
4268,Lakshadweep,10.69028,72.23003,2026-06-03 02:49:05,30.616,0.616,33.417,2.443,0.835,44.52,19.742,39.458,1008.19,88.17,2.979,23.707,1,cyclonic,0.791,0.703,0.636,0.46,MEDIUM,SYNTHETIC_DEMO_DATA
4269,Sundarbans,21.59594,89.26785,2026-06-03 05:43:56,28.696,-1.004,17.94,1.543,0.86,349.84,11.24,41.331,1007.678,67.3,2.458,24.76,1,anticyclonic,0.732,0.698,0.588,0.539,MEDIUM,SYNTHETIC_DEMO_DATA
4270,Mumbai Coast,19.06692,72.69418,2026-06-03 08:38:47,30.245,0.745,31.763,2.362,0.648,282.29,17.581,51.698,992.915,83.264,2.772,26.575,1,cyclonic,0.725,0.562,0.47,0.495,MEDIUM,SYNTHETIC_DEMO_DATA
4271,Goa Coast,15.29191,73.61842,2026-06-03 11:33:38,30.192,0.492,31.289,1.93,0.747,328.55,8.749,53.066,1012.376,91.69,2.895,26.538,0,none,0.892,0.741,0.596,0.388,MEDIUM,SYNTHETIC_DEMO_DATA
4272,Mumbai Coast,19.08658,72.61351,2026-06-03 14:28:29,28.476,-1.024,33.209,2.087,0.581,128.28,16.315,30.673,1017.846,66.032,2.118,15.015,0,none,0.683,0.712,0.618,0.418,MEDIUM,SYNTHETIC_DEMO_DATA
4273,Lakshadweep,10.85628,72.82146,2026-06-03 17:23:20,30.419,0.419,32.405,2.333,1.383,346.82,17.288,43.909,1004.173,59.76,2.552,22.562,0,none,0.694,0.67,0.65,0.317,MEDIUM,SYNTHETIC_DEMO_DATA
4274,Chennai Coast,12.94269,80.04451,2026-06-03 20:18:11,31.195,0.495,30.317,1.888,0.732,350.55,10.257,50.936,997.429,57.345,2.727,20.933,1,cyclonic,0.822,0.72,0.688,0.353,MEDIUM,SYNTHETIC_DEMO_DATA
4275,Sundarbans,21.87452,89.46208,2026-06-03 23:13:02,29.472,-0.228,21.009,1.044,0.383,324.08,10.901,55.381,1010.386,75.024,2.884,25.866,1,anticyclonic,0.837,0.738,0.633,0.453,MEDIUM,SYNTHETIC_DEMO_DATA
4276,Goa Coast,15.32851,74.08861,2026-06-04 02:07:53,29.799,0.099,32.076,2.528,0.755,166.63,21.903,49.721,1026.277,89.488,2.551,27.429,1,anticyclonic,0.702,0.677,0.699,0.305,MEDIUM,SYNTHETIC_DEMO_DATA
4277,Sundarbans,21.84573,89.24001,2026-06-04 05:02:44,28.472,-1.228,19.802,3.618,0.525,186.48,29.971,52.005,1019.544,100.0,3.278,27.827,0,none,0.795,0.663,0.529,0.636,HIGH,SYNTHETIC_DEMO_DATA
4278,Goa Coast,15.11795,73.83143,2026-06-04 07:57:35,29.0,-0.7,32.764,2.13,0.129,12.49,17.03,45.424,1007.327,81.781,2.423,20.032,0,none,0.735,0.62,0.623,0.426,MEDIUM,SYNTHETIC_DEMO_DATA
4279,Goa Coast,15.41872,73.96191,2026-06-04 10:52:27,29.892,0.192,30.379,1.977,0.707,217.27,12.287,52.587,1010.158,100.0,2.435,23.456,0,none,0.569,0.791,0.683,0.353,MEDIUM,SYNTHETIC_DEMO_DATA
4280,Andaman & Nicobar,12.07309,92.8848,2026-06-04 13:47:18,32.015,1.515,29.766,2.235,0.772,136.96,13.9,40.575,1009.663,94.072,1.566,21.495,1,anticyclonic,0.668,0.605,0.625,0.617,HIGH,SYNTHETIC_DEMO_DATA
4281,Kerala Coast,9.80948,76.32526,2026-06-04 16:42:09,30.996,1.196,31.322,2.833,1.026,347.32,19.401,62.903,1012.765,100.0,3.737,28.712,1,cyclonic,0.999,0.696,0.537,0.638,HIGH,SYNTHETIC_DEMO_DATA
4282,Andaman & Nicobar,11.85804,92.69646,2026-06-04 19:37:00,29.845,-0.655,30.973,1.591,0.321,295.56,9.864,49.984,1011.948,64.828,2.098,21.951,0,none,0.782,0.6,0.468,0.464,MEDIUM,SYNTHETIC_DEMO_DATA
4283,Odisha Coast,19.99168,85.9029,2026-06-04 22:31:51,30.358,-0.142,28.787,2.916,1.074,113.19,27.464,44.732,1011.0,84.214,2.717,26.138,1,anticyclonic,0.645,0.754,0.705,0.336,MEDIUM,SYNTHETIC_DEMO_DATA
4284,Kerala Coast,9.67319,76.08379,2026-06-05 01:26:42,29.536,-0.264,32.651,1.943,1.113,351.36,14.847,52.77,998.469,81.425,3.643,25.394,0,none,0.825,0.612,0.723,0.339,MEDIUM,SYNTHETIC_DEMO_DATA
4285,Odisha Coast,20.00125,85.90832,2026-06-05 04:21:33,30.653,0.153,24.971,1.989,1.308,218.94,12.277,50.262,1010.72,84.621,2.764,25.431,0,none,0.894,0.78,0.66,0.297,LOW,SYNTHETIC_DEMO_DATA
4286,Goa Coast,15.60003,74.04594,2026-06-05 07:16:24,29.572,-0.128,33.022,1.638,0.687,50.57,11.29,44.415,1012.66,100.0,2.35,19.998,0,none,0.714,0.733,0.7,0.328,MEDIUM,SYNTHETIC_DEMO_DATA
4287,Goa Coast,15.29322,73.96432,2026-06-05 10:11:15,30.369,0.669,30.038,1.969,0.582,297.87,16.181,48.737,1017.936,95.457,2.714,25.255,0,none,0.781,0.714,0.58,0.453,MEDIUM,SYNTHETIC_DEMO_DATA
4288,Andaman & Nicobar,11.82283,92.69661,2026-06-05 13:06:06,31.744,1.244,30.366,2.415,0.673,168.83,14.944,45.802,1000.796,83.554,1.995,20.52,1,cyclonic,0.619,0.548,0.6,0.537,MEDIUM,SYNTHETIC_DEMO_DATA
4289,Goa Coast,15.48423,73.81154,2026-06-05 16:00:57,29.941,0.241,33.432,2.013,0.639,138.54,13.021,38.848,995.564,86.317,2.778,20.594,0,none,0.716,0.67,0.624,0.304,MEDIUM,SYNTHETIC_DEMO_DATA
4290,Chennai Coast,13.0779,80.50026,2026-06-05 18:55:48,30.461,-0.239,31.731,1.507,0.99,200.11,15.941,52.117,996.788,77.953,2.833,24.926,1,cyclonic,0.758,0.64,0.685,0.407,MEDIUM,SYNTHETIC_DEMO_DATA
4291,Sundarbans,21.91083,89.21709,2026-06-05 21:50:39,29.583,-0.117,18.289,2.136,0.517,136.5,15.959,55.71,1005.589,95.394,2.641,27.838,0,none,0.788,0.836,0.652,0.388,MEDIUM,SYNTHETIC_DEMO_DATA
4292,Lakshadweep,10.84741,72.7438,2026-06-06 00:45:30,29.385,-0.615,34.689,2.844,0.795,214.58,14.858,37.886,1007.77,85.624,2.42,20.992,1,cyclonic,0.624,0.694,0.635,0.426,MEDIUM,SYNTHETIC_DEMO_DATA
4293,Kerala Coast,10.08777,76.45515,2026-06-06 03:40:21,30.03,0.23,32.443,2.626,0.342,49.65,21.01,40.968,1010.234,79.966,2.559,20.367,0,none,0.695,0.597,0.663,0.343,MEDIUM,SYNTHETIC_DEMO_DATA
4294,Sundarbans,21.99166,89.09014,2026-06-06 06:35:12,29.754,0.054,17.746,2.056,0.408,243.24,16.934,53.075,1010.589,100.0,2.874,15.822,0,none,0.751,0.748,0.838,0.301,MEDIUM,SYNTHETIC_DEMO_DATA
4295,Lakshadweep,10.37551,72.53983,2026-06-06 09:30:03,30.614,0.614,34.315,2.516,0.837,326.56,21.249,28.046,1014.16,75.406,1.022,14.715,1,anticyclonic,0.38,0.691,0.609,0.398,MEDIUM,SYNTHETIC_DEMO_DATA
4296,Lakshadweep,10.62163,72.61453,2026-06-06 12:24:55,30.242,0.242,32.144,2.089,0.458,235.55,13.332,33.254,995.595,97.606,1.934,18.255,0,none,0.616,0.579,0.622,0.351,MEDIUM,SYNTHETIC_DEMO_DATA
4297,Kerala Coast,9.90988,76.79332,2026-06-06 15:19:46,29.899,0.099,30.926,2.009,0.791,350.02,15.899,53.273,1000.323,71.257,3.053,26.644,0,none,0.637,0.722,0.667,0.266,LOW,SYNTHETIC_DEMO_DATA
4298,Goa Coast,15.11579,73.76489,2026-06-06 18:14:37,29.405,-0.295,32.877,2.031,0.846,117.26,16.662,36.819,1009.405,99.459,1.947,15.569,1,anticyclonic,0.654,0.748,0.738,0.387,MEDIUM,SYNTHETIC_DEMO_DATA
4299,Sundarbans,21.69303,89.10172,2026-06-06 21:09:28,31.482,1.782,19.445,1.592,0.67,264.04,14.423,47.451,1017.469,98.667,3.001,24.391,1,cyclonic,0.788,0.519,0.465,0.698,HIGH,SYNTHETIC_DEMO_DATA
4300,Sundarbans,21.81085,89.18155,2026-06-07 00:04:19,28.995,-0.705,19.577,2.251,0.964,150.14,12.806,51.907,997.299,93.472,3.004,26.413,0,none,0.845,0.723,0.603,0.428,MEDIUM,SYNTHETIC_DEMO_DATA
4301,Visakhapatnam,17.51477,83.54708,2026-06-07 02:59:10,31.616,1.616,30.522,1.92,0.826,107.96,16.393,22.565,1012.324,73.392,1.852,14.109,1,anticyclonic,0.58,0.44,0.434,0.634,HIGH,SYNTHETIC_DEMO_DATA
4302,Gujarat Coast,22.1813,70.0819,2026-06-07 05:54:01,28.843,-0.157,34.325,2.374,0.819,190.08,14.697,31.27,1020.022,91.546,2.741,16.246,1,cyclonic,0.677,0.743,0.649,0.407,MEDIUM,SYNTHETIC_DEMO_DATA
4303,Odisha Coast,19.7469,85.93062,2026-06-07 08:48:52,29.887,-0.613,27.775,1.947,0.94,149.56,15.354,58.165,1010.603,71.919,2.838,25.594,1,cyclonic,0.757,0.59,0.648,0.503,MEDIUM,SYNTHETIC_DEMO_DATA
4304,Sundarbans,22.5416,89.074,2026-06-07 11:43:43,29.645,-0.055,19.59,2.03,1.053,328.39,16.006,35.706,1027.353,85.293,2.293,18.505,0,none,0.542,0.723,0.668,0.373,MEDIUM,SYNTHETIC_DEMO_DATA
4305,Gujarat Coast,22.26637,69.5899,2026-06-07 14:38:34,27.644,-1.356,33.744,2.669,1.301,25.68,19.378,36.271,994.713,84.825,1.61,16.944,1,cyclonic,0.465,0.314,0.594,0.659,HIGH,SYNTHETIC_DEMO_DATA
4306,Goa Coast,15.4998,73.85574,2026-06-07 17:33:25,28.896,-0.804,30.661,2.847,1.056,236.44,21.035,48.292,999.964,69.072,2.719,24.132,0,none,0.769,0.726,0.614,0.424,MEDIUM,SYNTHETIC_DEMO_DATA
4307,Goa Coast,15.76875,74.14258,2026-06-07 20:28:16,29.475,-0.225,32.574,1.907,0.742,44.9,11.067,29.921,998.009,90.301,1.763,15.423,0,none,0.64,0.591,0.66,0.224,LOW,SYNTHETIC_DEMO_DATA
4308,Goa Coast,15.6743,73.49695,2026-06-07 23:23:07,30.123,0.423,32.678,3.284,0.508,207.01,21.17,29.143,1004.506,57.479,2.292,14.877,1,anticyclonic,0.718,0.656,0.7,0.344,MEDIUM,SYNTHETIC_DEMO_DATA
4309,Andaman & Nicobar,11.48652,92.63031,2026-06-08 02:17:58,30.467,-0.033,31.539,2.167,0.945,80.85,19.336,41.461,1024.159,87.179,2.396,21.53,0,none,0.621,0.751,0.645,0.292,LOW,SYNTHETIC_DEMO_DATA
4310,Gujarat Coast,22.02626,69.52308,2026-06-08 05:12:49,28.04,-0.96,34.046,3.182,0.871,65.23,24.622,27.234,1019.746,69.725,2.166,19.242,1,cyclonic,0.766,0.644,0.428,0.558,MEDIUM,SYNTHETIC_DEMO_DATA
4311,Mumbai Coast,18.61299,73.07416,2026-06-08 08:07:40,30.465,0.965,31.538,1.988,0.561,236.72,15.796,56.682,998.545,91.929,2.83,25.333,0,none,0.797,0.609,0.575,0.508,MEDIUM,SYNTHETIC_DEMO_DATA
4312,Andaman & Nicobar,11.72713,92.432,2026-06-08 11:02:31,30.648,0.148,29.516,3.184,0.923,20.4,17.724,43.923,1011.056,86.152,2.562,23.027,0,none,0.649,0.584,0.805,0.331,MEDIUM,SYNTHETIC_DEMO_DATA
4313,Chennai Coast,13.09982,80.28306,2026-06-08 13:57:23,29.958,-0.742,33.315,2.176,0.819,149.01,16.351,41.86,1003.664,98.701,2.102,17.7,1,cyclonic,0.726,0.717,0.535,0.491,MEDIUM,SYNTHETIC_DEMO_DATA
4314,Sundarbans,22.19987,89.1245,2026-06-08 16:52:14,29.808,0.108,18.808,2.097,0.74,286.14,9.888,34.156,1004.604,94.633,1.449,16.32,0,none,0.589,0.755,0.828,0.299,LOW,SYNTHETIC_DEMO_DATA
4315,Goa Coast,15.46912,73.63424,2026-06-08 19:47:05,29.975,0.275,30.561,2.256,0.797,102.36,24.223,49.275,1002.992,82.817,2.688,21.809,1,anticyclonic,0.805,0.693,0.71,0.303,MEDIUM,SYNTHETIC_DEMO_DATA
4316,Visakhapatnam,17.66901,83.11438,2026-06-08 22:41:56,31.288,1.288,32.169,1.36,0.777,137.08,6.082,43.967,1028.531,77.639,2.608,18.902,0,none,0.763,0.604,0.523,0.509,MEDIUM,SYNTHETIC_DEMO_DATA
4317,Lakshadweep,10.65407,72.54104,2026-06-09 01:36:47,29.924,-0.076,34.456,2.004,0.541,150.67,18.268,29.93,1012.433,80.873,1.799,16.376,1,cyclonic,0.644,0.738,0.657,0.319,MEDIUM,SYNTHETIC_DEMO_DATA
4318,Kerala Coast,9.84924,76.33773,2026-06-09 04:31:38,29.883,0.083,30.486,2.048,0.662,191.61,16.054,55.879,1005.504,76.564,3.41,26.137,1,anticyclonic,0.873,0.933,0.677,0.333,MEDIUM,SYNTHETIC_DEMO_DATA
4319,Andaman & Nicobar,11.99492,92.65414,2026-06-09 07:26:29,31.295,0.795,30.27,2.197,0.993,338.09,16.144,53.336,1011.032,77.665,2.393,24.173,1,anticyclonic,0.739,0.759,0.621,0.437,MEDIUM,SYNTHETIC_DEMO_DATA
4320,Sundarbans,22.08847,89.46755,2026-06-09 10:21:20,31.367,1.667,21.274,2.015,0.911,20.89,15.852,42.898,1003.139,87.111,2.013,16.848,1,anticyclonic,0.672,0.642,0.539,0.663,HIGH,SYNTHETIC_DEMO_DATA
4321,Gujarat Coast,22.5751,69.76695,2026-06-09 13:16:11,30.041,1.041,34.259,1.584,0.485,306.91,11.401,52.646,1003.575,84.375,2.993,28.153,0,none,0.815,0.569,0.547,0.527,MEDIUM,SYNTHETIC_DEMO_DATA
4322,Kerala Coast,9.78711,76.50956,2026-06-09 16:11:02,28.988,-0.812,33.445,2.824,1.131,105.93,19.48,60.236,992.82,74.38,3.387,23.585,1,cyclonic,0.8,0.795,0.571,0.523,MEDIUM,SYNTHETIC_DEMO_DATA
4323,Kerala Coast,10.03658,76.30795,2026-06-09 19:05:53,30.582,0.782,31.747,1.893,0.524,343.08,12.943,45.502,1011.408,90.906,2.722,19.363,0,none,0.641,0.531,0.54,0.431,MEDIUM,SYNTHETIC_DEMO_DATA
4324,Visakhapatnam,18.11236,83.29402,2026-06-09 22:00:44,28.941,-1.059,33.036,1.672,0.683,159.79,12.023,27.876,1022.291,94.504,1.532,14.214,0,none,0.635,0.615,0.467,0.422,MEDIUM,SYNTHETIC_DEMO_DATA
4325,Lakshadweep,10.31551,72.72651,2026-06-10 00:55:35,31.056,1.056,33.749,2.006,0.356,62.69,14.449,28.192,1011.812,63.827,1.463,14.725,1,cyclonic,0.461,0.566,0.577,0.536,MEDIUM,SYNTHETIC_DEMO_DATA
4326,Chennai Coast,13.14105,80.08892,2026-06-10 03:50:26,30.998,0.298,32.215,1.423,0.831,198.16,14.483,30.904,1013.349,83.259,1.622,17.643,0,none,0.717,0.678,0.775,0.312,MEDIUM,SYNTHETIC_DEMO_DATA
4327,Andaman & Nicobar,11.64956,92.64415,2026-06-10 06:45:17,28.404,-2.096,31.122,2.367,0.813,180.31,12.925,38.921,996.572,68.826,2.931,17.497,1,anticyclonic,0.856,0.497,0.531,0.672,HIGH,SYNTHETIC_DEMO_DATA
4328,Kerala Coast,9.52863,76.07986,2026-06-10 09:40:08,28.323,-1.477,30.187,2.329,0.681,279.3,19.993,55.798,1029.331,87.701,3.532,26.608,0,none,0.907,0.474,0.454,0.699,HIGH,SYNTHETIC_DEMO_DATA
4329,Sundarbans,21.52909,89.55743,2026-06-10 12:34:59,29.233,-0.467,18.274,2.268,1.33,343.86,18.263,51.608,996.419,84.88,2.912,23.482,1,cyclonic,0.694,0.744,0.509,0.482,MEDIUM,SYNTHETIC_DEMO_DATA
4330,Andaman & Nicobar,11.94438,93.00596,2026-06-10 15:29:50,29.951,-0.549,31.612,1.644,0.697,48.25,10.64,25.314,1009.439,86.049,2.387,14.092,1,anticyclonic,0.558,0.656,0.534,0.333,MEDIUM,SYNTHETIC_DEMO_DATA
4331,Odisha Coast,19.67111,85.85453,2026-06-10 18:24:42,30.647,0.147,28.988,2.406,0.911,201.68,15.179,58.079,998.977,96.578,3.468,28.584,1,cyclonic,0.882,0.677,0.651,0.418,MEDIUM,SYNTHETIC_DEMO_DATA
4332,Visakhapatnam,17.50474,83.53953,2026-06-10 21:19:33,30.796,0.796,31.162,1.965,0.908,4.26,11.747,37.909,1019.679,82.853,2.387,17.108,0,none,0.872,0.85,0.649,0.39,MEDIUM,SYNTHETIC_DEMO_DATA
4333,Andaman & Nicobar,11.73651,92.53356,2026-06-11 00:14:24,29.829,-0.671,30.596,2.228,0.827,272.2,12.921,51.604,1010.839,76.991,2.589,19.124,1,cyclonic,0.762,0.695,0.666,0.437,MEDIUM,SYNTHETIC_DEMO_DATA
4334,Andaman & Nicobar,11.8076,92.85386,2026-06-11 03:09:15,29.811,-0.689,32.289,2.036,0.563,87.19,11.988,24.678,1013.55,78.239,1.632,9.986,0,none,0.495,0.661,0.721,0.304,MEDIUM,SYNTHETIC_DEMO_DATA
4335,Lakshadweep,10.38925,72.93626,2026-06-11 06:04:06,30.82,0.82,32.324,1.017,0.558,243.81,10.503,43.546,1014.223,76.587,1.645,18.838,0,none,0.622,0.455,0.524,0.449,MEDIUM,SYNTHETIC_DEMO_DATA
4336,Kerala Coast,10.06969,76.11094,2026-06-11 08:58:57,29.631,-0.169,30.952,0.586,0.664,75.82,7.867,54.365,1015.457,99.721,2.982,24.877,1,cyclonic,0.751,0.835,0.698,0.35,MEDIUM,SYNTHETIC_DEMO_DATA
4337,Goa Coast,15.498,73.64009,2026-06-11 11:53:48,29.78,0.08,32.228,3.153,1.275,48.44,26.564,35.464,1002.001,81.063,2.209,20.84,1,anticyclonic,0.751,0.494,0.573,0.451,MEDIUM,SYNTHETIC_DEMO_DATA
4338,Chennai Coast,12.97343,80.19318,2026-06-11 14:48:39,30.299,-0.401,31.208,1.963,0.725,229.31,10.471,32.346,1003.225,73.57,1.914,16.804,0,none,0.661,0.696,0.753,0.319,MEDIUM,SYNTHETIC_DEMO_DATA
4339,Goa Coast,15.80604,73.75345,2026-06-11 17:43:30,30.067,0.367,33.137,2.989,0.478,4.34,26.301,34.219,1018.49,58.216,1.996,19.616,1,cyclonic,0.635,0.849,0.694,0.394,MEDIUM,SYNTHETIC_DEMO_DATA
4340,Mumbai Coast,18.92279,72.86159,2026-06-11 20:38:21,30.167,0.667,32.909,1.625,0.974,127.19,15.004,43.538,1012.578,71.631,1.924,23.261,1,cyclonic,0.52,0.598,0.446,0.41,MEDIUM,SYNTHETIC_DEMO_DATA
4341,Sundarbans,21.81025,89.03311,2026-06-11 23:33:12,30.046,0.346,19.354,2.84,1.168,194.04,19.317,45.513,1019.998,82.836,2.286,18.848,1,cyclonic,0.705,0.698,0.576,0.452,MEDIUM,SYNTHETIC_DEMO_DATA
4342,Kerala Coast,9.98284,76.56902,2026-06-12 02:28:03,29.387,-0.413,29.672,2.357,0.929,246.17,16.777,45.251,1007.177,76.804,2.019,23.032,1,cyclonic,0.75,0.586,0.602,0.421,MEDIUM,SYNTHETIC_DEMO_DATA
4343,Kerala Coast,10.03357,76.07613,2026-06-12 05:22:54,31.274,1.474,30.289,2.145,0.427,47.84,18.146,55.853,994.851,95.773,2.845,28.399,0,none,0.751,0.518,0.46,0.572,MEDIUM,SYNTHETIC_DEMO_DATA
4344,Visakhapatnam,17.51726,83.58886,2026-06-12 08:17:45,29.661,-0.339,31.221,2.621,0.66,248.97,19.974,43.583,1013.385,90.237,2.287,17.405,1,cyclonic,0.656,0.736,0.692,0.432,MEDIUM,SYNTHETIC_DEMO_DATA
4345,Chennai Coast,12.92007,80.31164,2026-06-12 11:12:36,31.29,0.59,31.359,2.981,0.967,263.14,24.621,33.673,1008.195,72.963,2.796,16.705,1,cyclonic,0.548,0.674,0.661,0.41,MEDIUM,SYNTHETIC_DEMO_DATA
4346,Mumbai Coast,18.80085,73.17744,2026-06-12 14:07:27,30.795,1.295,29.048,1.086,0.611,9.96,7.536,44.346,1007.14,97.133,2.599,17.019,0,none,0.728,0.7,0.689,0.506,MEDIUM,SYNTHETIC_DEMO_DATA
4347,Sundarbans,21.84572,89.27067,2026-06-12 17:02:18,29.694,-0.006,20.897,1.794,0.717,142.29,13.253,46.121,1012.277,89.356,2.318,22.537,0,none,0.713,0.739,0.68,0.387,MEDIUM,SYNTHETIC_DEMO_DATA
4348,Odisha Coast,20.01164,85.95696,2026-06-12 19:57:10,30.927,0.427,28.924,2.757,0.822,25.91,19.96,64.825,999.615,97.09,3.359,24.883,1,cyclonic,0.92,0.685,0.611,0.52,MEDIUM,SYNTHETIC_DEMO_DATA
4349,Goa Coast,15.28345,73.78463,2026-06-12 22:52:01,29.427,-0.273,32.044,2.372,1.006,118.18,18.127,34.588,1011.908,65.187,2.628,17.262,0,none,0.677,0.756,0.743,0.289,LOW,SYNTHETIC_DEMO_DATA
4350,Chennai Coast,13.16186,80.35663,2026-06-13 01:46:52,31.39,0.69,32.114,1.432,0.536,64.64,9.085,37.357,1004.987,96.184,2.242,20.534,1,cyclonic,0.601,0.719,0.679,0.339,MEDIUM,SYNTHETIC_DEMO_DATA
4351,Gujarat Coast,22.54951,69.41961,2026-06-13 04:41:43,29.879,0.879,34.108,2.533,0.908,302.37,23.377,47.907,1009.205,73.835,2.847,24.243,1,anticyclonic,0.735,0.598,0.574,0.572,MEDIUM,SYNTHETIC_DEMO_DATA
4352,Mumbai Coast,18.90807,72.49861,2026-06-13 07:36:34,29.749,0.249,30.686,2.64,1.358,30.94,17.795,44.892,1002.187,55.013,2.722,22.727,0,none,0.638,0.669,0.818,0.345,MEDIUM,SYNTHETIC_DEMO_DATA
4353,Mumbai Coast,18.77314,72.64122,2026-06-13 10:31:25,29.319,-0.181,31.934,1.676,0.452,18.63,7.605,41.522,1001.598,87.912,2.61,16.594,1,cyclonic,0.762,0.688,0.776,0.314,MEDIUM,SYNTHETIC_DEMO_DATA
4354,Kerala Coast,10.02881,76.40194,2026-06-13 13:26:16,29.955,0.155,34.603,2.223,0.889,26.05,19.471,43.88,1002.535,63.888,2.238,18.795,1,cyclonic,0.699,0.608,0.648,0.398,MEDIUM,SYNTHETIC_DEMO_DATA
4355,Kerala Coast,9.3013,76.43241,2026-06-13 16:21:07,30.423,0.623,30.82,2.847,0.902,110.94,26.002,59.055,1017.466,91.577,3.878,26.721,1,anticyclonic,0.867,0.633,0.593,0.478,MEDIUM,SYNTHETIC_DEMO_DATA
4356,Andaman & Nicobar,11.68259,92.55778,2026-06-13 19:15:58,30.033,-0.467,31.106,1.611,0.746,21.1,8.645,42.379,996.061,91.839,2.124,14.71,1,anticyclonic,0.831,0.779,0.682,0.333,MEDIUM,SYNTHETIC_DEMO_DATA
4357,Lakshadweep,10.55586,72.49833,2026-06-13 22:10:49,28.113,-1.887,31.308,2.147,1.063,232.57,14.817,48.664,1010.667,87.825,2.384,24.471,1,cyclonic,0.735,0.686,0.449,0.603,HIGH,SYNTHETIC_DEMO_DATA
4358,Visakhapatnam,17.75556,83.12813,2026-06-14 01:05:40,31.129,1.129,29.572,1.627,0.901,212.35,13.36,45.616,1018.355,66.735,2.111,21.78,0,none,0.821,0.743,0.578,0.431,MEDIUM,SYNTHETIC_DEMO_DATA
4359,Gujarat Coast,22.40244,69.66991,2026-06-14 04:00:31,28.209,-0.791,33.41,1.615,0.725,54.65,19.583,50.816,1015.015,83.259,2.89,22.731,0,none,0.785,0.645,0.579,0.535,MEDIUM,SYNTHETIC_DEMO_DATA
4360,Lakshadweep,10.41064,72.5127,2026-06-14 06:55:22,29.991,-0.009,33.836,1.453,0.906,254.63,13.137,45.554,1015.381,72.148,3.017,20.856,0,none,0.837,0.874,0.51,0.182,LOW,SYNTHETIC_DEMO_DATA
4361,Sundarbans,21.69243,89.30474,2026-06-14 09:50:13,29.493,-0.207,20.115,1.273,0.987,127.05,7.581,49.761,1023.537,91.27,3.033,26.244,0,none,0.938,0.738,0.764,0.34,MEDIUM,SYNTHETIC_DEMO_DATA
4362,Goa Coast,15.33304,73.90456,2026-06-14 12:45:04,28.216,-1.484,33.238,1.289,0.54,76.6,7.518,36.115,1007.595,100.0,2.128,17.794,1,anticyclonic,0.662,0.547,0.559,0.537,MEDIUM,SYNTHETIC_DEMO_DATA
4363,Kerala Coast,9.8383,76.13391,2026-06-14 15:39:55,29.089,-0.711,31.268,3.035,0.05,322.39,21.376,57.634,1006.01,68.901,3.382,28.432,1,anticyclonic,0.937,0.552,0.557,0.559,MEDIUM,SYNTHETIC_DEMO_DATA
4364,Lakshadweep,10.47174,72.43752,2026-06-14 18:34:46,30.311,0.311,33.683,3.044,1.097,197.87,20.324,32.865,1008.501,79.766,2.602,17.256,1,anticyclonic,0.669,0.703,0.61,0.337,MEDIUM,SYNTHETIC_DEMO_DATA
4365,Mumbai Coast,18.87773,73.03677,2026-06-14 21:29:38,29.597,0.097,33.847,2.387,0.368,19.8,18.308,36.005,1003.055,95.977,2.618,23.139,0,none,0.644,0.604,0.743,0.346,MEDIUM,SYNTHETIC_DEMO_DATA
4366,Andaman & Nicobar,11.74891,92.37061,2026-06-15 00:24:29,31.33,0.83,31.977,2.595,0.914,215.29,17.875,39.758,1015.069,70.065,2.29,20.854,1,anticyclonic,0.725,0.594,0.449,0.453,MEDIUM,SYNTHETIC_DEMO_DATA
4367,Odisha Coast,19.78712,86.05532,2026-06-15 03:19:20,30.941,0.441,29.094,2.581,0.791,152.09,14.115,45.309,1006.308,92.402,2.463,16.193,1,cyclonic,0.686,0.712,0.628,0.421,MEDIUM,SYNTHETIC_DEMO_DATA
4368,Odisha Coast,19.95002,85.84761,2026-06-15 06:14:11,30.427,-0.073,30.989,2.387,0.956,67.02,16.977,44.462,1006.609,95.003,2.973,22.984,0,none,0.857,0.922,0.585,0.308,MEDIUM,SYNTHETIC_DEMO_DATA
4369,Lakshadweep,10.56098,72.56794,2026-06-15 09:09:02,30.199,0.199,32.783,1.537,0.562,80.6,11.985,37.508,1016.445,81.698,2.063,16.108,1,cyclonic,0.504,0.634,0.624,0.309,MEDIUM,SYNTHETIC_DEMO_DATA
4370,Mumbai Coast,19.06042,72.81468,2026-06-15 12:03:53,29.584,0.084,29.743,2.033,1.089,201.99,9.873,46.996,1007.901,95.19,2.882,23.965,0,none,0.836,0.576,0.669,0.366,MEDIUM,SYNTHETIC_DEMO_DATA
4371,Mumbai Coast,19.24297,72.90338,2026-06-15 14:58:44,27.611,-1.889,32.607,2.247,0.817,82.81,16.729,56.604,1012.585,94.71,2.981,24.484,1,anticyclonic,0.659,0.582,0.492,0.662,HIGH,SYNTHETIC_DEMO_DATA
4372,Odisha Coast,19.67194,86.05687,2026-06-15 17:53:35,29.729,-0.771,29.636,2.98,0.859,70.83,24.446,37.165,1001.576,92.964,2.053,19.923,0,none,0.87,0.649,0.655,0.492,MEDIUM,SYNTHETIC_DEMO_DATA
4373,Visakhapatnam,17.56394,83.04309,2026-06-15 20:48:26,30.644,0.644,32.19,2.147,0.394,237.33,17.086,38.002,988.759,84.566,2.149,17.417,1,anticyclonic,0.672,0.686,0.689,0.367,MEDIUM,SYNTHETIC_DEMO_DATA
4374,Andaman & Nicobar,11.603,92.95192,2026-06-15 23:43:17,30.805,0.305,30.035,1.012,0.573,295.76,8.175,55.728,1003.547,97.055,2.804,27.889,0,none,0.8,0.705,0.537,0.332,MEDIUM,SYNTHETIC_DEMO_DATA
4375,Chennai Coast,13.0152,80.14915,2026-06-16 02:38:08,30.195,-0.505,31.34,2.793,0.818,337.73,26.596,48.112,1016.031,100.0,1.695,21.381,0,none,0.746,0.762,0.693,0.356,MEDIUM,SYNTHETIC_DEMO_DATA
4376,Mumbai Coast,18.63394,72.60463,2026-06-16 05:32:59,29.926,0.426,33.367,0.621,0.483,23.7,6.144,44.558,1012.94,88.138,2.227,18.903,0,none,0.803,0.674,0.621,0.372,MEDIUM,SYNTHETIC_DEMO_DATA
4377,Chennai Coast,13.06504,80.38184,2026-06-16 08:27:50,30.662,-0.038,30.004,2.407,0.777,62.42,20.046,28.879,1012.84,73.8,2.409,14.377,0,none,0.664,0.61,0.647,0.259,LOW,SYNTHETIC_DEMO_DATA
4378,Visakhapatnam,17.47802,83.42103,2026-06-16 11:22:41,30.587,0.587,29.519,2.203,1.12,358.11,10.96,33.009,1025.373,100.0,1.724,11.205,0,none,0.437,0.801,0.539,0.367,MEDIUM,SYNTHETIC_DEMO_DATA
4379,Odisha Coast,19.81409,86.08111,2026-06-16 14:17:32,30.404,-0.096,26.485,2.457,1.067,112.61,16.672,48.006,1013.611,74.505,2.613,23.351,1,cyclonic,0.626,0.749,0.665,0.46,MEDIUM,SYNTHETIC_DEMO_DATA
4380,Lakshadweep,10.56748,72.3686,2026-06-16 17:12:23,29.975,-0.025,31.753,2.7,1.025,116.69,18.508,51.579,1003.308,100.0,2.292,27.639,0,none,0.748,0.684,0.627,0.302,MEDIUM,SYNTHETIC_DEMO_DATA
4381,Lakshadweep,10.59739,72.20075,2026-06-16 20:07:14,30.773,0.773,33.095,3.436,0.823,30.88,21.899,43.758,1012.252,90.028,2.437,19.707,0,none,0.668,0.688,0.609,0.383,MEDIUM,SYNTHETIC_DEMO_DATA
4382,Odisha Coast,19.74335,85.87365,2026-06-16 23:02:06,29.483,-1.017,28.789,2.878,0.539,85.78,17.218,25.583,1002.712,75.272,1.085,14.079,1,cyclonic,0.629,0.573,0.736,0.444,MEDIUM,SYNTHETIC_DEMO_DATA
4383,Chennai Coast,13.04498,80.0875,2026-06-17 01:56:57,32.734,2.034,33.491,1.76,0.493,125.52,13.643,43.006,1004.114,81.34,2.756,17.878,1,anticyclonic,0.835,0.57,0.377,0.728,HIGH,SYNTHETIC_DEMO_DATA
4384,Mumbai Coast,18.6962,72.81918,2026-06-17 04:51:48,29.121,-0.379,29.839,1.859,0.784,134.77,4.816,58.995,1004.979,78.857,3.484,26.144,0,none,0.726,0.78,0.602,0.347,MEDIUM,SYNTHETIC_DEMO_DATA
4385,Chennai Coast,13.23804,80.42383,2026-06-17 07:46:39,29.24,-1.46,29.47,2.736,0.848,112.4,24.328,49.11,1008.636,64.925,2.533,25.541,1,anticyclonic,0.74,0.641,0.597,0.625,HIGH,SYNTHETIC_DEMO_DATA
4386,Goa Coast,15.36983,73.62414,2026-06-17 10:41:30,30.27,0.57,31.913,2.265,0.438,69.4,15.695,33.323,1005.205,64.904,2.624,19.622,0,none,0.729,0.8,0.635,0.285,LOW,SYNTHETIC_DEMO_DATA
4387,Visakhapatnam,17.59878,83.49041,2026-06-17 13:36:21,29.173,-0.827,31.313,2.537,0.884,345.47,18.541,44.17,1005.056,100.0,2.845,23.759,1,cyclonic,0.713,0.799,0.674,0.42,MEDIUM,SYNTHETIC_DEMO_DATA
4388,Sundarbans,21.91836,89.41141,2026-06-17 16:31:12,29.784,0.084,21.373,2.712,0.951,351.19,17.698,53.386,999.974,74.945,2.827,19.17,1,cyclonic,0.84,0.823,0.659,0.406,MEDIUM,SYNTHETIC_DEMO_DATA
4389,Chennai Coast,13.11824,80.6624,2026-06-17 19:26:03,28.67,-2.03,31.389,2.529,0.804,263.51,18.185,45.013,996.585,68.642,2.463,27.378,0,none,0.599,0.485,0.372,0.67,HIGH,SYNTHETIC_DEMO_DATA
4390,Mumbai Coast,18.69544,72.71998,2026-06-17 22:20:54,29.836,0.336,33.261,1.733,0.898,305.16,15.341,41.666,1019.624,95.311,3.16,21.966,1,cyclonic,0.691,0.703,0.669,0.416,MEDIUM,SYNTHETIC_DEMO_DATA
4391,Odisha Coast,19.68522,85.82107,2026-06-18 01:15:45,30.017,-0.483,26.44,2.396,1.074,260.74,17.577,58.42,989.797,73.795,3.038,30.229,1,cyclonic,0.884,0.698,0.542,0.551,MEDIUM,SYNTHETIC_DEMO_DATA
4392,Andaman & Nicobar,11.50693,92.72775,2026-06-18 04:10:36,31.386,0.886,29.476,2.504,1.142,102.85,15.718,44.039,1024.409,90.547,2.249,20.338,0,none,0.652,0.685,0.605,0.41,MEDIUM,SYNTHETIC_DEMO_DATA
4393,Sundarbans,21.88794,88.84853,2026-06-18 07:05:27,28.252,-1.448,19.348,1.826,0.365,64.55,11.02,47.064,1005.499,87.893,2.838,18.517,0,none,0.839,0.622,0.677,0.596,MEDIUM,SYNTHETIC_DEMO_DATA
4394,Sundarbans,22.0432,89.27975,2026-06-18 10:00:18,28.754,-0.946,18.91,0.805,0.253,167.9,1.5,58.464,1012.89,76.842,2.606,21.11,0,none,0.826,0.614,0.688,0.483,MEDIUM,SYNTHETIC_DEMO_DATA
4395,Mumbai Coast,19.12909,72.83262,2026-06-18 12:55:09,30.237,0.737,32.442,3.11,0.63,135.46,27.838,40.782,1018.626,79.628,2.578,22.397,0,none,0.608,0.671,0.537,0.394,MEDIUM,SYNTHETIC_DEMO_DATA
4396,Mumbai Coast,18.8982,72.70813,2026-06-18 15:50:00,28.715,-0.785,32.921,1.536,0.804,277.62,10.276,39.962,1010.717,73.565,1.867,19.969,0,none,0.651,0.718,0.589,0.486,MEDIUM,SYNTHETIC_DEMO_DATA
4397,Visakhapatnam,17.68956,83.34513,2026-06-18 18:44:51,29.429,-0.571,32.024,3.136,0.728,345.08,22.98,21.038,1013.687,55.3,1.855,12.881,0,none,0.343,0.77,0.634,0.338,MEDIUM,SYNTHETIC_DEMO_DATA
4398,Visakhapatnam,17.85604,83.46621,2026-06-18 21:39:42,30.936,0.936,31.728,1.122,1.215,112.43,12.887,46.952,994.63,89.438,2.045,24.089,1,anticyclonic,0.654,0.726,0.571,0.498,MEDIUM,SYNTHETIC_DEMO_DATA
4399,Sundarbans,21.92523,89.03655,2026-06-19 00:34:34,30.257,0.557,20.208,3.189,0.965,162.49,19.342,62.449,995.864,89.358,3.685,27.632,1,cyclonic,0.906,0.692,0.624,0.532,MEDIUM,SYNTHETIC_DEMO_DATA
4400,Gujarat Coast,21.97726,69.84557,2026-06-19 03:29:25,29.638,0.638,34.198,2.589,0.523,333.39,18.04,43.882,1018.518,91.881,2.009,17.883,0,none,0.631,0.595,0.533,0.41,MEDIUM,SYNTHETIC_DEMO_DATA
4401,Chennai Coast,12.9557,79.70205,2026-06-19 06:24:16,30.673,-0.027,32.047,2.355,1.131,301.86,18.563,44.225,1011.806,90.681,2.26,23.78,0,none,0.543,0.708,0.586,0.322,MEDIUM,SYNTHETIC_DEMO_DATA
4402,Odisha Coast,20.14665,85.73779,2026-06-19 09:19:07,29.154,-1.346,28.248,2.908,1.248,98.02,22.153,47.918,1010.476,85.469,2.608,26.486,0,none,0.76,0.547,0.506,0.62,HIGH,SYNTHETIC_DEMO_DATA
4403,Chennai Coast,13.09853,80.11112,2026-06-19 12:13:58,30.1,-0.6,33.358,2.387,1.119,13.24,18.714,36.62,1006.454,70.725,2.457,18.689,1,cyclonic,0.506,0.68,0.542,0.428,MEDIUM,SYNTHETIC_DEMO_DATA
4404,Lakshadweep,10.34765,72.68253,2026-06-19 15:08:49,30.533,0.533,35.045,0.686,1.128,267.01,7.482,29.451,1000.362,93.007,2.007,12.583,0,none,0.73,0.65,0.591,0.296,LOW,SYNTHETIC_DEMO_DATA
4405,Visakhapatnam,18.41698,83.38806,2026-06-19 18:03:40,29.958,-0.042,30.706,2.769,1.075,88.08,22.136,41.997,1017.976,86.517,2.807,19.368,0,none,0.645,0.816,0.73,0.246,LOW,SYNTHETIC_DEMO_DATA
4406,Andaman & Nicobar,11.65574,92.46607,2026-06-19 20:58:31,30.595,0.095,32.187,3.239,1.116,231.36,24.48,44.659,1002.166,66.655,2.815,24.787,1,anticyclonic,0.801,0.785,0.717,0.311,MEDIUM,SYNTHETIC_DEMO_DATA
4407,Visakhapatnam,17.42502,83.08176,2026-06-19 23:53:22,30.581,0.581,29.718,0.801,0.547,59.58,9.877,45.067,1008.478,85.067,2.448,24.433,0,none,0.887,0.753,0.66,0.415,MEDIUM,SYNTHETIC_DEMO_DATA
4408,Odisha Coast,20.00659,85.86343,2026-06-20 02:48:13,31.247,0.747,28.565,2.189,0.527,233.42,17.364,36.028,1014.901,68.51,1.94,20.401,0,none,0.691,0.685,0.584,0.439,MEDIUM,SYNTHETIC_DEMO_DATA
4409,Visakhapatnam,17.41134,83.09418,2026-06-20 05:43:04,31.336,1.336,31.015,2.482,1.057,214.46,12.958,35.66,1010.318,98.815,2.258,19.28,1,anticyclonic,0.711,0.493,0.671,0.583,MEDIUM,SYNTHETIC_DEMO_DATA
4410,Chennai Coast,13.21649,79.95819,2026-06-20 08:37:55,32.096,1.396,30.858,2.593,0.559,337.39,21.802,45.366,1015.571,94.624,2.133,21.891,0,none,0.696,0.607,0.49,0.597,MEDIUM,SYNTHETIC_DEMO_DATA
4411,Odisha Coast,19.45776,85.84884,2026-06-20 11:32:46,30.424,-0.076,28.3,2.072,0.361,125.35,16.777,46.568,1018.115,75.908,2.309,20.351,0,none,0.728,0.843,0.665,0.323,MEDIUM,SYNTHETIC_DEMO_DATA
4412,Mumbai Coast,19.15022,73.09639,2026-06-20 14:27:37,28.114,-1.386,32.42,2.415,0.951,232.38,15.247,49.989,1017.631,99.249,3.207,22.128,1,cyclonic,0.821,0.616,0.614,0.606,HIGH,SYNTHETIC_DEMO_DATA
4413,Chennai Coast,13.15414,80.23009,2026-06-20 17:22:28,30.502,-0.198,31.294,1.814,0.637,283.33,12.491,41.632,1010.097,62.914,2.688,18.366,0,none,0.776,0.729,0.759,0.241,LOW,SYNTHETIC_DEMO_DATA
4414,Goa Coast,15.73129,73.75518,2026-06-20 20:17:19,29.222,-0.478,32.584,2.041,0.699,116.28,15.902,40.23,999.837,91.513,1.471,16.236,0,none,0.579,0.621,0.77,0.369,MEDIUM,SYNTHETIC_DEMO_DATA
4415,Kerala Coast,9.39695,76.13538,2026-06-20 23:12:10,29.069,-0.731,31.512,2.349,0.828,105.08,18.627,53.086,1001.28,100.0,2.645,26.028,1,anticyclonic,0.891,0.676,0.607,0.538,MEDIUM,SYNTHETIC_DEMO_DATA
4416,Kerala Coast,9.97227,76.43063,2026-06-21 02:07:02,30.186,0.386,32.811,2.724,1.043,302.49,19.762,40.359,1007.17,92.371,2.352,18.556,1,cyclonic,0.814,0.799,0.724,0.381,MEDIUM,SYNTHETIC_DEMO_DATA
4417,Kerala Coast,9.58472,76.1255,2026-06-21 05:01:53,30.203,0.403,31.794,2.028,0.643,330.9,19.819,36.962,1009.856,83.779,2.22,15.039,0,none,0.555,0.751,0.569,0.318,MEDIUM,SYNTHETIC_DEMO_DATA
4418,Odisha Coast,19.95546,85.79488,2026-06-21 07:56:44,32.159,1.659,29.134,2.426,0.753,82.41,20.535,29.267,992.723,77.183,2.791,17.139,1,cyclonic,0.713,0.653,0.527,0.626,HIGH,SYNTHETIC_DEMO_DATA
4419,Goa Coast,15.60101,73.53673,2026-06-21 10:51:35,30.541,0.841,31.071,1.553,0.675,222.66,5.442,38.092,1008.092,78.961,2.366,19.915,0,none,0.773,0.895,0.505,0.388,MEDIUM,SYNTHETIC_DEMO_DATA
4420,Odisha Coast,19.76227,85.91931,2026-06-21 13:46:26,29.219,-1.281,31.26,1.495,0.934,275.6,11.724,32.104,1023.24,97.599,2.163,17.299,1,anticyclonic,0.718,0.606,0.57,0.569,MEDIUM,SYNTHETIC_DEMO_DATA
4421,Goa Coast,15.41612,73.77013,2026-06-21 16:41:17,28.922,-0.778,33.647,2.79,0.774,146.8,20.141,48.722,1004.093,85.442,2.631,25.551,1,anticyclonic,0.661,0.68,0.745,0.397,MEDIUM,SYNTHETIC_DEMO_DATA
4422,Lakshadweep,10.75352,72.39611,2026-06-21 19:36:08,29.907,-0.093,32.369,2.005,0.297,209.17,15.048,26.981,1014.101,85.577,2.262,14.272,0,none,0.47,0.809,0.731,0.198,LOW,SYNTHETIC_DEMO_DATA
4423,Goa Coast,15.40273,73.76705,2026-06-21 22:30:59,30.514,0.814,31.276,1.152,0.691,195.38,9.031,41.985,1005.995,78.773,2.471,20.014,0,none,0.662,0.591,0.6,0.421,MEDIUM,SYNTHETIC_DEMO_DATA
4424,Kerala Coast,9.94314,75.91035,2026-06-22 01:25:50,29.457,-0.343,31.193,1.954,0.996,132.18,10.13,57.433,996.84,73.797,3.24,20.83,0,none,0.908,0.849,0.704,0.314,MEDIUM,SYNTHETIC_DEMO_DATA
4425,Chennai Coast,12.64869,80.37386,2026-06-22 04:20:41,30.259,-0.441,32.398,2.171,0.588,177.88,12.803,35.997,996.586,83.674,2.489,17.857,0,none,0.607,0.739,0.825,0.265,LOW,SYNTHETIC_DEMO_DATA
4426,Andaman & Nicobar,11.27464,92.53791,2026-06-22 07:15:32,30.138,-0.362,31.738,2.138,0.533,5.03,17.449,46.376,1004.914,96.486,3.308,22.751,1,anticyclonic,0.768,0.695,0.61,0.383,MEDIUM,SYNTHETIC_DEMO_DATA
4427,Visakhapatnam,17.38278,82.87358,2026-06-22 10:10:23,30.42,0.42,31.126,2.606,0.712,327.05,12.663,31.963,1011.764,73.092,1.874,15.076,0,none,0.655,0.793,0.819,0.304,MEDIUM,SYNTHETIC_DEMO_DATA
4428,Kerala Coast,9.93715,76.18772,2026-06-22 13:05:14,30.093,0.293,31.638,1.624,0.535,55.42,14.934,44.376,1010.169,97.082,2.935,22.717,0,none,0.71,0.775,0.722,0.325,MEDIUM,SYNTHETIC_DEMO_DATA
4429,Goa Coast,15.80997,74.05914,2026-06-22 16:00:05,29.625,-0.075,33.569,2.85,0.617,305.51,18.731,47.397,994.559,72.65,1.689,20.605,1,cyclonic,0.428,0.687,0.638,0.359,MEDIUM,SYNTHETIC_DEMO_DATA
4430,Lakshadweep,10.94104,72.83384,2026-06-22 18:54:56,29.654,-0.346,33.84,1.915,0.697,294.12,12.63,42.413,1004.597,89.549,1.973,19.751,0,none,0.641,0.687,0.614,0.412,MEDIUM,SYNTHETIC_DEMO_DATA
4431,Lakshadweep,10.31058,72.71204,2026-06-22 21:49:47,29.733,-0.267,32.426,2.622,0.868,26.79,21.019,39.652,1005.983,96.787,2.614,17.165,0,none,0.705,0.692,0.72,0.299,LOW,SYNTHETIC_DEMO_DATA
4432,Sundarbans,21.65398,89.3626,2026-06-23 00:44:38,29.574,-0.126,19.433,1.86,0.737,342.49,13.801,42.601,1017.187,84.738,3.198,15.757,1,cyclonic,0.798,0.86,0.73,0.362,MEDIUM,SYNTHETIC_DEMO_DATA
4433,Andaman & Nicobar,11.97731,92.27335,2026-06-23 03:39:29,30.538,0.038,30.212,2.187,0.758,210.43,18.172,42.771,1006.017,62.335,2.248,20.436,1,cyclonic,0.586,0.755,0.743,0.281,LOW,SYNTHETIC_DEMO_DATA
4434,Odisha Coast,20.03978,86.29416,2026-06-23 06:34:21,32.375,1.875,28.142,2.193,0.37,155.16,15.479,49.602,1017.505,61.169,2.717,23.528,0,none,0.711,0.416,0.469,0.768,HIGH,SYNTHETIC_DEMO_DATA
4435,Mumbai Coast,19.02911,72.65598,2026-06-23 09:29:12,29.911,0.411,31.952,1.24,1.295,36.56,3.737,49.621,1021.67,77.691,2.827,22.462,1,cyclonic,0.778,0.714,0.623,0.394,MEDIUM,SYNTHETIC_DEMO_DATA
4436,Lakshadweep,10.69211,72.75367,2026-06-23 12:24:03,31.347,1.347,35.338,2.163,1.017,146.3,15.484,31.784,1017.605,100.0,1.982,15.136,0,none,0.671,0.614,0.549,0.458,MEDIUM,SYNTHETIC_DEMO_DATA
4437,Gujarat Coast,22.23443,69.57886,2026-06-23 15:18:54,28.913,-0.087,34.727,2.107,0.389,170.1,17.567,37.63,1002.559,75.571,2.506,20.077,1,cyclonic,0.588,0.596,0.583,0.372,MEDIUM,SYNTHETIC_DEMO_DATA
4438,Lakshadweep,10.25546,72.6723,2026-06-23 18:13:45,29.351,-0.649,33.125,1.96,0.697,260.19,10.178,42.095,1000.356,81.408,2.347,20.373,0,none,0.618,0.6,0.632,0.411,MEDIUM,SYNTHETIC_DEMO_DATA
4439,Chennai Coast,13.48798,80.18566,2026-06-23 21:08:36,30.836,0.136,32.536,1.426,0.338,319.71,13.035,30.033,1006.09,76.54,1.738,14.169,1,cyclonic,0.655,0.83,0.81,0.309,MEDIUM,SYNTHETIC_DEMO_DATA
4440,Chennai Coast,13.03895,80.49182,2026-06-24 00:03:27,29.897,-0.803,31.056,2.919,1.038,87.76,23.069,34.555,1007.34,80.865,2.765,22.177,0,none,0.657,0.532,0.55,0.502,MEDIUM,SYNTHETIC_DEMO_DATA
4441,Chennai Coast,13.33265,80.03338,2026-06-24 02:58:18,31.085,0.385,29.023,1.803,1.094,163.85,12.545,27.415,994.301,71.527,1.987,16.095,1,anticyclonic,0.564,0.763,0.568,0.382,MEDIUM,SYNTHETIC_DEMO_DATA
4442,Chennai Coast,13.18959,80.31008,2026-06-24 05:53:09,31.09,0.39,33.491,3.144,0.772,195.98,25.412,37.751,1017.644,97.91,2.743,19.601,0,none,0.659,0.885,0.606,0.332,MEDIUM,SYNTHETIC_DEMO_DATA
4443,Gujarat Coast,21.88847,69.94372,2026-06-24 08:48:00,29.669,0.669,32.723,3.061,0.614,262.6,24.54,28.557,1001.412,67.522,2.611,21.467,1,cyclonic,0.579,0.713,0.623,0.42,MEDIUM,SYNTHETIC_DEMO_DATA
4444,Kerala Coast,9.92001,76.29092,2026-06-24 11:42:51,27.428,-2.372,32.482,3.327,1.037,180.89,25.997,50.586,999.463,76.581,2.351,22.981,0,none,0.604,0.555,0.362,0.794,HIGH,SYNTHETIC_DEMO_DATA
4445,Goa Coast,14.81195,73.82152,2026-06-24 14:37:42,29.508,-0.192,32.003,3.527,0.814,236.1,26.298,40.115,1006.812,45.665,3.463,20.818,0,none,0.881,0.672,0.635,0.311,MEDIUM,SYNTHETIC_DEMO_DATA
4446,Kerala Coast,9.55709,76.47749,2026-06-24 17:32:33,31.417,1.617,31.578,2.109,0.419,156.15,17.655,43.312,1003.694,86.963,2.891,16.2,0,none,0.739,0.663,0.513,0.621,HIGH,SYNTHETIC_DEMO_DATA
4447,Chennai Coast,12.98165,80.09999,2026-06-24 20:27:24,30.29,-0.41,30.15,2.369,0.439,322.18,16.105,36.435,1016.946,91.52,2.996,20.015,1,cyclonic,0.561,0.573,0.624,0.393,MEDIUM,SYNTHETIC_DEMO_DATA
4448,Odisha Coast,19.84396,85.85758,2026-06-24 23:22:15,32.054,1.554,27.484,2.574,0.672,150.73,20.21,34.753,1001.343,82.726,1.943,18.91,0,none,0.761,0.675,0.575,0.508,MEDIUM,SYNTHETIC_DEMO_DATA
4449,Mumbai Coast,19.14188,72.98296,2026-06-25 02:17:06,30.13,0.63,33.053,3.146,0.758,27.43,26.381,40.811,1016.546,84.962,2.416,17.76,1,anticyclonic,0.696,0.607,0.703,0.499,MEDIUM,SYNTHETIC_DEMO_DATA
4450,Andaman & Nicobar,11.62593,92.77399,2026-06-25 05:11:57,29.654,-0.846,30.229,2.001,0.578,348.87,15.101,46.401,1017.788,80.64,2.416,19.09,0,none,0.634,0.564,0.586,0.409,MEDIUM,SYNTHETIC_DEMO_DATA
4451,Andaman & Nicobar,11.40323,92.39951,2026-06-25 08:06:49,30.684,0.184,28.571,1.81,0.819,75.18,14.931,43.04,1007.582,100.0,2.722,18.288,1,cyclonic,0.666,0.857,0.602,0.298,LOW,SYNTHETIC_DEMO_DATA
4452,Visakhapatnam,17.65442,83.35072,2026-06-25 11:01:40,29.519,-0.481,31.137,2.694,0.686,62.16,12.618,31.231,1015.69,100.0,2.215,16.895,0,none,0.516,0.645,0.719,0.252,LOW,SYNTHETIC_DEMO_DATA
4453,Kerala Coast,9.66669,76.41147,2026-06-25 13:56:31,29.089,-0.711,31.575,1.527,1.015,265.21,13.765,50.662,1010.461,89.936,3.051,23.061,1,anticyclonic,0.718,0.713,0.549,0.535,MEDIUM,SYNTHETIC_DEMO_DATA
4454,Goa Coast,15.47227,73.62376,2026-06-25 16:51:22,30.507,0.807,31.225,1.895,0.744,356.46,14.808,51.919,997.453,81.125,3.067,31.098,1,cyclonic,0.73,0.525,0.651,0.473,MEDIUM,SYNTHETIC_DEMO_DATA
4455,Gujarat Coast,22.22097,69.44697,2026-06-25 19:46:13,28.632,-0.368,34.706,2.311,0.988,298.69,15.839,10.968,1010.483,87.515,1.918,4.751,1,cyclonic,0.492,0.647,0.684,0.334,MEDIUM,SYNTHETIC_DEMO_DATA
4456,Sundarbans,21.66136,89.64394,2026-06-25 22:41:04,30.023,0.323,20.258,1.133,0.677,151.07,6.374,34.314,1016.322,75.546,1.971,19.568,1,anticyclonic,0.588,0.614,0.631,0.378,MEDIUM,SYNTHETIC_DEMO_DATA
4457,Mumbai Coast,18.71826,72.63354,2026-06-26 01:35:55,28.366,-1.134,32.985,1.915,0.671,139.5,12.149,28.746,1005.508,83.217,1.837,15.967,1,cyclonic,0.394,0.509,0.514,0.537,MEDIUM,SYNTHETIC_DEMO_DATA
4458,Sundarbans,21.9611,89.04107,2026-06-26 04:30:46,29.334,-0.366,20.38,2.09,0.906,322.01,21.258,48.272,1006.262,72.299,2.892,26.023,1,anticyclonic,0.863,0.787,0.566,0.486,MEDIUM,SYNTHETIC_DEMO_DATA
4459,Odisha Coast,19.53752,85.57963,2026-06-26 07:25:37,30.944,0.444,27.677,2.899,0.812,264.02,22.901,43.781,1007.098,72.606,2.064,24.763,0,none,0.9,0.586,0.625,0.355,MEDIUM,SYNTHETIC_DEMO_DATA
4460,Gujarat Coast,22.25973,69.45849,2026-06-26 10:20:28,29.525,0.525,34.291,2.462,0.748,150.48,23.795,34.869,1015.7,75.858,3.009,28.245,1,anticyclonic,0.838,0.736,0.681,0.459,MEDIUM,SYNTHETIC_DEMO_DATA
4461,Odisha Coast,20.02299,85.48432,2026-06-26 13:15:19,30.926,0.426,28.471,2.53,0.577,354.6,21.018,58.102,1016.742,88.083,2.777,26.531,0,none,0.948,0.71,0.726,0.41,MEDIUM,SYNTHETIC_DEMO_DATA
4462,Chennai Coast,13.00453,80.34372,2026-06-26 16:10:10,31.004,0.304,32.175,1.967,0.777,303.22,15.315,31.026,1020.247,83.733,2.303,17.553,0,none,0.586,0.731,0.692,0.318,MEDIUM,SYNTHETIC_DEMO_DATA
4463,Mumbai Coast,18.88093,72.8414,2026-06-26 19:05:01,30.447,0.947,32.811,2.13,0.692,76.27,17.165,61.172,992.229,93.109,3.395,27.824,1,cyclonic,0.852,0.64,0.479,0.534,MEDIUM,SYNTHETIC_DEMO_DATA
4464,Gujarat Coast,22.0131,69.28601,2026-06-26 21:59:52,28.632,-0.368,32.811,2.543,0.772,142.44,19.113,27.476,1011.694,88.87,1.719,13.182,1,anticyclonic,0.571,0.638,0.735,0.365,MEDIUM,SYNTHETIC_DEMO_DATA
4465,Kerala Coast,9.72005,76.29806,2026-06-27 00:54:43,29.32,-0.48,33.435,1.611,0.946,158.06,16.808,49.681,999.349,98.858,2.151,22.648,1,anticyclonic,0.677,0.743,0.61,0.418,MEDIUM,SYNTHETIC_DEMO_DATA
4466,Sundarbans,22.22425,89.20498,2026-06-27 03:49:34,29.97,0.27,17.917,2.162,0.835,5.52,15.309,61.653,1015.152,85.507,3.405,23.06,0,none,1.0,0.774,0.726,0.418,MEDIUM,SYNTHETIC_DEMO_DATA
4467,Goa Coast,15.43361,73.83009,2026-06-27 06:44:25,28.495,-1.205,31.364,1.952,0.455,105.25,4.727,35.639,1003.103,64.295,2.124,12.33,0,none,0.588,0.552,0.625,0.47,MEDIUM,SYNTHETIC_DEMO_DATA
4468,Lakshadweep,10.72837,72.60722,2026-06-27 09:39:17,29.524,-0.476,33.142,1.671,0.263,344.33,11.407,25.68,999.006,67.988,1.731,15.031,0,none,0.521,0.707,0.643,0.306,MEDIUM,SYNTHETIC_DEMO_DATA
4469,Andaman & Nicobar,11.75377,92.5376,2026-06-27 12:34:08,30.093,-0.407,31.844,2.627,0.944,218.67,23.816,31.027,1014.369,95.059,2.24,21.503,1,cyclonic,0.663,0.627,0.531,0.411,MEDIUM,SYNTHETIC_DEMO_DATA
4470,Goa Coast,15.27058,73.66036,2026-06-27 15:28:59,28.713,-0.987,31.863,2.831,0.499,317.93,24.518,38.468,1008.378,71.026,1.855,16.295,0,none,0.617,0.671,0.723,0.472,MEDIUM,SYNTHETIC_DEMO_DATA
4471,Kerala Coast,10.05962,76.05412,2026-06-27 18:23:50,29.752,-0.048,32.305,2.489,0.621,95.9,14.593,42.319,1028.082,88.5,2.202,19.979,0,none,0.705,0.853,0.651,0.299,LOW,SYNTHETIC_DEMO_DATA
4472,Andaman & Nicobar,11.49998,92.64374,2026-06-27 21:18:41,30.183,-0.317,32.58,1.919,0.854,359.06,19.345,31.638,1023.934,92.221,2.041,18.452,0,none,0.608,0.657,0.65,0.239,LOW,SYNTHETIC_DEMO_DATA
4473,Kerala Coast,10.07396,76.48205,2026-06-28 00:13:32,29.547,-0.253,32.79,2.352,1.014,167.1,15.164,55.427,1010.317,90.573,2.051,21.418,1,cyclonic,0.726,0.627,0.582,0.355,MEDIUM,SYNTHETIC_DEMO_DATA
4474,Odisha Coast,19.53957,85.73674,2026-06-28 03:08:23,30.256,-0.244,29.041,1.854,1.042,333.26,22.098,40.102,1006.039,62.537,2.707,24.139,0,none,0.681,0.764,0.588,0.375,MEDIUM,SYNTHETIC_DEMO_DATA
4475,Andaman & Nicobar,11.96606,92.70231,2026-06-28 06:03:14,29.698,-0.802,29.823,2.527,0.548,259.3,19.025,44.5,1002.849,56.909,2.777,23.722,0,none,0.627,0.802,0.616,0.377,MEDIUM,SYNTHETIC_DEMO_DATA
4476,Chennai Coast,13.25211,80.30853,2026-06-28 08:58:05,31.474,0.774,30.711,2.351,0.466,97.47,18.146,46.733,1004.874,86.954,2.883,22.663,0,none,0.787,0.697,0.554,0.402,MEDIUM,SYNTHETIC_DEMO_DATA
4477,Lakshadweep,10.87552,72.55604,2026-06-28 11:52:56,29.374,-0.626,33.453,2.362,0.882,125.34,15.727,34.606,1013.276,74.938,1.761,15.269,0,none,0.56,0.623,0.555,0.369,MEDIUM,SYNTHETIC_DEMO_DATA
4478,Chennai Coast,13.21708,80.13479,2026-06-28 14:47:47,30.824,0.124,31.431,1.85,0.798,345.55,11.752,45.384,1002.017,81.455,2.47,21.471,1,cyclonic,0.796,0.707,0.63,0.361,MEDIUM,SYNTHETIC_DEMO_DATA
4479,Andaman & Nicobar,11.71381,92.85044,2026-06-28 17:42:38,30.569,0.069,29.984,2.776,0.816,276.74,23.35,40.655,1005.941,93.291,2.885,19.074,0,none,0.758,0.797,0.563,0.254,LOW,SYNTHETIC_DEMO_DATA
4480,Mumbai Coast,19.13492,72.85211,2026-06-28 20:37:29,27.99,-1.51,29.015,2.42,0.589,236.39,11.007,48.297,1001.294,67.767,2.836,25.04,1,cyclonic,0.939,0.638,0.41,0.609,HIGH,SYNTHETIC_DEMO_DATA
4481,Kerala Coast,9.74019,76.22978,2026-06-28 23:32:20,29.077,-0.723,32.883,2.042,0.922,357.28,14.003,40.334,1007.407,93.849,1.705,15.295,0,none,0.527,0.638,0.768,0.366,MEDIUM,SYNTHETIC_DEMO_DATA
4482,Visakhapatnam,17.55496,83.40969,2026-06-29 02:27:11,27.833,-2.167,31.819,1.78,1.1,26.35,16.929,39.851,1004.96,85.317,3.15,21.854,1,anticyclonic,0.821,0.599,0.273,0.722,HIGH,SYNTHETIC_DEMO_DATA
4483,Andaman & Nicobar,11.55545,92.73785,2026-06-29 05:22:02,31.954,1.454,27.704,3.284,1.277,229.87,16.959,47.418,1002.418,77.046,2.687,24.2,1,cyclonic,0.701,0.638,0.439,0.616,HIGH,SYNTHETIC_DEMO_DATA
4484,Sundarbans,21.86596,89.56806,2026-06-29 08:16:53,30.58,0.88,20.297,1.382,0.859,317.58,13.22,56.565,1017.776,90.691,2.842,30.215,0,none,0.99,0.734,0.525,0.578,MEDIUM,SYNTHETIC_DEMO_DATA
4485,Kerala Coast,10.28259,76.35044,2026-06-29 11:11:45,30.703,0.903,33.195,1.312,1.02,274.43,11.142,48.363,999.994,68.523,2.792,20.743,1,anticyclonic,0.658,0.499,0.536,0.526,MEDIUM,SYNTHETIC_DEMO_DATA
4486,Chennai Coast,12.80184,80.2776,2026-06-29 14:06:36,31.33,0.63,30.234,3.145,1.112,54.56,20.4,37.484,1007.231,89.782,2.53,17.107,0,none,0.662,0.78,0.74,0.423,MEDIUM,SYNTHETIC_DEMO_DATA
4487,Mumbai Coast,18.89969,72.78669,2026-06-29 17:01:27,31.0,1.5,31.182,2.015,0.902,168.37,13.766,45.716,1002.91,78.174,2.529,22.401,1,cyclonic,0.731,0.568,0.505,0.644,HIGH,SYNTHETIC_DEMO_DATA
4488,Visakhapatnam,17.55923,83.29511,2026-06-29 19:56:18,30.337,0.337,30.433,1.624,0.6,129.35,7.868,46.316,1009.705,100.0,3.308,22.333,0,none,0.785,0.732,0.594,0.378,MEDIUM,SYNTHETIC_DEMO_DATA
4489,Gujarat Coast,22.34759,69.60682,2026-06-29 22:51:09,29.559,0.559,35.035,2.89,0.635,253.67,24.668,42.287,1026.804,72.448,2.584,19.485,1,anticyclonic,0.637,0.531,0.817,0.398,MEDIUM,SYNTHETIC_DEMO_DATA
4490,Chennai Coast,13.25673,80.11868,2026-06-30 01:46:00,32.175,1.475,35.465,1.973,0.317,198.87,18.322,17.977,1031.204,67.139,0.976,15.216,1,anticyclonic,0.385,0.498,0.507,0.571,MEDIUM,SYNTHETIC_DEMO_DATA
4491,Odisha Coast,20.14829,85.74693,2026-06-30 04:40:51,29.833,-0.667,28.854,2.416,0.772,123.57,20.095,44.23,1000.54,100.0,2.35,22.546,0,none,0.742,0.638,0.686,0.415,MEDIUM,SYNTHETIC_DEMO_DATA
4492,Odisha Coast,19.64439,85.80074,2026-06-30 07:35:42,30.191,-0.309,28.324,1.079,0.774,235.67,8.2,42.582,1004.46,89.356,2.47,23.396,0,none,0.698,0.75,0.693,0.309,MEDIUM,SYNTHETIC_DEMO_DATA
4493,Gujarat Coast,22.07651,69.48372,2026-06-30 10:30:33,28.176,-0.824,36.232,3.48,0.39,273.06,26.28,21.215,1000.102,91.152,1.926,18.852,0,none,0.62,0.748,0.587,0.441,MEDIUM,SYNTHETIC_DEMO_DATA
4494,Visakhapatnam,17.62748,82.97242,2026-06-30 13:25:24,29.57,-0.43,30.825,2.05,1.115,69.79,17.405,43.621,1018.589,100.0,2.048,22.215,1,anticyclonic,0.817,0.659,0.655,0.313,MEDIUM,SYNTHETIC_DEMO_DATA
4495,Chennai Coast,13.2054,80.19901,2026-06-30 16:20:15,31.731,1.031,32.73,1.492,0.169,254.63,12.179,35.21,1000.365,74.239,2.382,11.602,0,none,0.618,0.716,0.695,0.434,MEDIUM,SYNTHETIC_DEMO_DATA
4496,Gujarat Coast,22.52295,69.29796,2026-06-30 19:15:06,29.857,0.857,34.49,2.219,0.673,205.36,13.835,29.554,1010.102,82.805,1.715,14.417,0,none,0.508,0.61,0.586,0.409,MEDIUM,SYNTHETIC_DEMO_DATA
4497,Chennai Coast,12.97056,80.13387,2026-06-30 22:09:57,32.156,1.456,33.689,2.151,1.017,126.07,17.844,47.673,1004.193,100.0,2.583,21.855,1,anticyclonic,0.893,0.646,0.494,0.596,MEDIUM,SYNTHETIC_DEMO_DATA
4498,Chennai Coast,13.31708,79.70439,2026-07-01 01:04:48,30.993,0.494,31.643,2.289,0.482,208.24,15.877,40.111,1003.602,60.949,2.215,16.888,0,none,0.805,0.535,0.62,0.376,MEDIUM,SYNTHETIC_DEMO_DATA
4499,Visakhapatnam,17.65122,83.48209,2026-07-01 03:59:39,31.115,1.316,31.774,2.634,0.805,84.1,15.533,34.582,1006.296,86.418,2.283,20.751,0,none,0.726,0.556,0.473,0.533,MEDIUM,SYNTHETIC_DEMO_DATA
4500,Chennai Coast,12.80861,80.05371,2026-07-01 06:54:30,30.078,-0.421,30.952,1.387,0.776,52.9,10.868,30.991,1008.654,80.005,1.735,16.402,0,none,0.474,0.624,0.532,0.373,MEDIUM,SYNTHETIC_DEMO_DATA
4501,Gujarat Coast,22.74459,69.78037,2026-07-01 09:49:21,28.842,0.043,34.279,2.221,0.654,54.51,17.783,33.811,1013.851,65.272,1.821,15.445,0,none,0.602,0.812,0.705,0.264,LOW,SYNTHETIC_DEMO_DATA
4502,Mumbai Coast,19.07997,73.17291,2026-07-01 12:44:13,29.278,-0.021,33.067,2.141,1.036,280.43,19.261,43.226,1006.457,71.411,2.754,20.327,0,none,0.637,0.863,0.701,0.329,MEDIUM,SYNTHETIC_DEMO_DATA
4503,Lakshadweep,10.47174,72.70651,2026-07-01 15:39:04,29.985,0.186,34.898,2.487,1.012,73.49,11.966,28.139,1006.299,99.004,2.457,15.617,0,none,0.611,0.777,0.725,0.233,LOW,SYNTHETIC_DEMO_DATA
4504,Goa Coast,15.20865,73.89472,2026-07-01 18:33:55,30.389,0.89,32.092,2.027,0.715,335.59,12.003,45.634,1009.542,86.995,2.421,21.075,0,none,0.764,0.703,0.615,0.47,MEDIUM,SYNTHETIC_DEMO_DATA
4505,Sundarbans,22.21311,89.21099,2026-07-01 21:28:46,29.213,-0.286,19.083,2.762,0.544,21.33,24.113,60.457,1008.398,79.781,2.952,26.997,1,cyclonic,0.895,0.569,0.63,0.515,MEDIUM,SYNTHETIC_DEMO_DATA
4506,Chennai Coast,13.32934,80.70477,2026-07-02 00:23:37,29.886,-0.613,33.207,2.538,0.727,78.69,17.78,37.097,1012.937,74.243,2.084,13.774,0,none,0.716,0.73,0.527,0.45,MEDIUM,SYNTHETIC_DEMO_DATA
4507,Visakhapatnam,17.18762,83.11027,2026-07-02 03:18:28,29.549,-0.25,32.866,1.611,0.681,11.51,19.431,30.004,999.316,87.438,2.049,13.997,1,anticyclonic,0.576,0.771,0.718,0.3,MEDIUM,SYNTHETIC_DEMO_DATA
4508,Mumbai Coast,18.83428,72.62312,2026-07-02 06:13:19,28.734,-0.565,30.972,2.067,0.83,316.43,13.471,50.827,1019.476,100.0,3.088,24.847,0,none,0.664,0.525,0.533,0.437,MEDIUM,SYNTHETIC_DEMO_DATA
4509,Visakhapatnam,17.85026,83.34285,2026-07-02 09:08:10,29.599,-0.2,31.822,1.763,0.663,199.54,16.018,41.753,1026.531,68.176,2.95,19.691,0,none,0.867,0.65,0.614,0.359,MEDIUM,SYNTHETIC_DEMO_DATA
4510,Lakshadweep,10.55096,72.345,2026-07-02 12:03:01,30.752,0.953,33.345,2.586,1.058,188.33,24.705,45.641,1020.282,89.419,2.686,27.572,1,anticyclonic,0.899,0.733,0.566,0.477,MEDIUM,SYNTHETIC_DEMO_DATA
4511,Visakhapatnam,17.55939,83.46546,2026-07-02 14:57:52,29.501,-0.298,31.055,1.487,0.437,278.84,6.592,32.979,1033.429,83.81,1.828,17.42,0,none,0.575,0.675,0.649,0.304,MEDIUM,SYNTHETIC_DEMO_DATA
4512,Mumbai Coast,18.81144,72.8798,2026-07-02 17:52:43,29.543,0.244,33.665,2.267,0.455,173.85,16.411,42.368,1003.54,60.884,2.708,22.922,0,none,0.786,0.741,0.76,0.375,MEDIUM,SYNTHETIC_DEMO_DATA
4513,Odisha Coast,20.07671,85.98341,2026-07-02 20:47:34,30.251,-0.048,27.482,2.227,0.556,235.78,17.243,45.932,1014.322,76.759,2.964,21.164,1,cyclonic,0.658,0.773,0.744,0.339,MEDIUM,SYNTHETIC_DEMO_DATA
4514,Lakshadweep,10.72354,72.82759,2026-07-02 23:42:25,29.927,0.128,33.284,2.961,0.952,242.5,21.81,25.073,1008.292,61.833,1.661,13.443,0,none,0.652,0.79,0.661,0.228,LOW,SYNTHETIC_DEMO_DATA
4515,Lakshadweep,10.65222,72.87224,2026-07-03 02:37:16,30.379,0.58,30.269,2.915,0.892,48.57,20.378,37.144,996.578,74.733,2.462,14.35,1,cyclonic,0.659,0.759,0.731,0.384,MEDIUM,SYNTHETIC_DEMO_DATA
4516,Goa Coast,15.43812,74.04924,2026-07-03 05:32:07,30.906,1.407,33.558,2.763,0.703,309.44,22.906,32.874,1019.922,75.507,2.612,16.659,0,none,0.7,0.512,0.643,0.503,MEDIUM,SYNTHETIC_DEMO_DATA
4517,Chennai Coast,12.70695,80.64876,2026-07-03 08:26:58,30.998,0.499,30.692,2.468,0.726,135.13,19.65,58.911,1012.481,92.339,3.352,23.974,0,none,0.92,0.553,0.67,0.444,MEDIUM,SYNTHETIC_DEMO_DATA
4518,Sundarbans,21.78085,89.18158,2026-07-03 11:21:49,28.72,-0.779,20.485,2.569,1.377,318.84,19.018,45.325,1007.243,62.56,2.97,17.883,0,none,0.842,0.737,0.574,0.49,MEDIUM,SYNTHETIC_DEMO_DATA
4519,Goa Coast,15.37842,73.54477,2026-07-03 14:16:41,29.954,0.455,31.734,2.233,0.826,319.41,20.424,40.819,1008.561,74.805,2.931,25.402,0,none,0.808,0.779,0.511,0.34,MEDIUM,SYNTHETIC_DEMO_DATA
4520,Kerala Coast,9.78094,76.48662,2026-07-03 17:11:32,28.293,-1.306,30.356,1.676,0.732,341.17,13.318,59.79,997.993,61.331,2.911,27.106,1,anticyclonic,0.805,0.592,0.564,0.644,HIGH,SYNTHETIC_DEMO_DATA
4521,Lakshadweep,10.40407,72.64363,2026-07-03 20:06:23,30.314,0.515,32.768,1.845,0.346,189.76,16.315,43.694,1005.644,94.983,2.221,22.779,1,anticyclonic,0.73,0.682,0.614,0.425,MEDIUM,SYNTHETIC_DEMO_DATA
4522,Gujarat Coast,22.60183,69.71683,2026-07-03 23:01:14,28.175,-0.624,33.792,1.975,0.987,355.24,8.349,31.722,1014.448,80.576,2.241,18.747,0,none,0.685,0.675,0.65,0.416,MEDIUM,SYNTHETIC_DEMO_DATA
4523,Mumbai Coast,19.14387,73.00919,2026-07-04 01:56:05,29.066,-0.233,30.066,1.887,0.868,231.56,10.405,44.082,1020.768,86.908,3.053,21.641,0,none,0.701,0.621,0.644,0.391,MEDIUM,SYNTHETIC_DEMO_DATA
4524,Lakshadweep,10.41469,72.61249,2026-07-04 04:50:56,30.519,0.72,32.873,2.612,0.859,197.93,19.593,26.182,1003.071,73.081,1.871,12.957,1,cyclonic,0.625,0.581,0.603,0.413,MEDIUM,SYNTHETIC_DEMO_DATA
4525,Andaman & Nicobar,12.04452,92.29787,2026-07-04 07:45:47,30.133,-0.166,29.644,2.003,0.908,326.39,16.099,45.563,1014.412,74.785,2.894,21.203,1,cyclonic,0.771,0.828,0.642,0.349,MEDIUM,SYNTHETIC_DEMO_DATA
4526,Kerala Coast,9.90907,76.22395,2026-07-04 10:40:38,30.671,1.072,30.238,2.467,1.028,315.71,17.794,51.291,1000.688,85.213,2.809,23.505,0,none,0.924,0.67,0.574,0.482,MEDIUM,SYNTHETIC_DEMO_DATA
4527,Sundarbans,22.03099,88.96901,2026-07-04 13:35:29,28.898,-0.601,19.035,0.769,0.856,332.69,3.425,46.422,1008.481,85.523,3.204,24.105,1,anticyclonic,0.918,0.755,0.563,0.489,MEDIUM,SYNTHETIC_DEMO_DATA
4528,Sundarbans,21.99514,89.07174,2026-07-04 16:30:20,29.544,0.045,19.328,2.462,0.459,248.44,20.219,64.093,997.341,92.939,3.326,33.364,0,none,0.865,0.797,0.626,0.374,MEDIUM,SYNTHETIC_DEMO_DATA
4529,Kerala Coast,9.81435,76.26162,2026-07-04 19:25:11,30.137,0.538,32.614,1.447,0.737,132.66,11.273,50.278,1009.548,58.095,2.61,22.651,0,none,0.721,0.706,0.727,0.394,MEDIUM,SYNTHETIC_DEMO_DATA
4530,Mumbai Coast,18.91202,73.06454,2026-07-04 22:20:02,29.832,0.533,33.099,2.388,0.734,246.66,21.409,56.19,1010.834,91.184,3.065,26.509,0,none,0.913,0.646,0.593,0.376,MEDIUM,SYNTHETIC_DEMO_DATA
4531,Sundarbans,21.85831,89.29433,2026-07-05 01:14:53,28.642,-0.857,20.837,2.323,0.404,24.5,15.785,49.538,1011.538,89.789,2.356,22.538,0,none,0.695,0.588,0.503,0.527,MEDIUM,SYNTHETIC_DEMO_DATA
4532,Odisha Coast,20.12482,85.69007,2026-07-05 04:09:44,30.665,0.366,29.393,2.656,0.368,72.72,19.844,42.375,1023.038,84.835,2.375,22.975,0,none,0.743,0.748,0.646,0.324,MEDIUM,SYNTHETIC_DEMO_DATA
4533,Goa Coast,15.53102,73.57107,2026-07-05 07:04:35,30.406,0.907,32.03,2.071,1.122,317.01,18.857,46.448,1003.908,67.453,2.964,20.903,1,cyclonic,0.689,0.563,0.557,0.429,MEDIUM,SYNTHETIC_DEMO_DATA
4534,Goa Coast,15.5467,73.8138,2026-07-05 09:59:26,28.589,-0.91,33.408,2.574,1.252,173.1,24.823,42.402,999.447,84.228,2.729,22.595,1,cyclonic,0.64,0.591,0.618,0.492,MEDIUM,SYNTHETIC_DEMO_DATA
4535,Sundarbans,22.16609,89.01325,2026-07-05 12:54:17,30.49,0.991,18.997,2.033,0.826,9.19,16.616,45.974,1007.292,90.555,2.75,24.782,0,none,0.781,0.704,0.45,0.543,MEDIUM,SYNTHETIC_DEMO_DATA
4536,Mumbai Coast,19.17602,72.84302,2026-07-05 15:49:08,29.309,0.01,32.753,1.27,0.632,227.2,7.567,46.456,1007.243,98.646,2.92,22.43,1,anticyclonic,0.673,0.748,0.542,0.287,LOW,SYNTHETIC_DEMO_DATA
4537,Sundarbans,21.99109,89.28812,2026-07-05 18:44:00,30.665,1.166,17.402,3.155,1.037,18.99,19.79,38.342,1007.633,95.217,2.505,18.973,0,none,0.722,0.683,0.621,0.477,MEDIUM,SYNTHETIC_DEMO_DATA
4538,Goa Coast,15.43543,73.83356,2026-07-05 21:38:51,29.622,0.123,32.202,2.201,0.544,160.45,22.71,39.063,1021.937,83.653,2.329,22.447,0,none,0.658,0.88,0.674,0.312,MEDIUM,SYNTHETIC_DEMO_DATA
4539,Andaman & Nicobar,11.60088,92.43921,2026-07-06 00:33:42,30.454,0.155,30.918,2.188,0.794,191.91,17.818,51.194,1012.989,100.0,2.968,25.292,0,none,0.81,0.863,0.603,0.277,LOW,SYNTHETIC_DEMO_DATA
4540,Andaman & Nicobar,11.69954,92.57792,2026-07-06 03:28:33,29.82,-0.479,31.578,2.352,0.935,322.49,22.456,46.892,1019.243,78.121,1.658,22.004,0,none,0.555,0.676,0.651,0.337,MEDIUM,SYNTHETIC_DEMO_DATA
4541,Mumbai Coast,19.03632,72.99929,2026-07-06 06:23:24,27.928,-1.371,33.001,2.91,0.608,194.39,19.766,48.464,1006.036,93.862,3.005,27.38,0,none,0.655,0.549,0.485,0.621,HIGH,SYNTHETIC_DEMO_DATA
4542,Gujarat Coast,22.30582,69.9193,2026-07-06 09:18:15,28.662,-0.137,35.471,1.663,0.517,100.7,7.464,35.912,1014.049,82.269,2.369,21.265,0,none,0.642,0.714,0.603,0.338,MEDIUM,SYNTHETIC_DEMO_DATA
4543,Lakshadweep,10.45404,72.80147,2026-07-06 12:13:06,29.941,0.142,32.943,2.13,0.706,128.0,17.932,48.805,1000.489,75.145,2.824,25.91,0,none,0.802,0.68,0.685,0.351,MEDIUM,SYNTHETIC_DEMO_DATA
4544,Gujarat Coast,22.37333,69.6839,2026-07-06 15:07:57,29.95,1.151,33.969,2.3,1.004,248.69,18.707,27.876,993.334,86.816,1.735,17.172,1,anticyclonic,0.343,0.468,0.537,0.633,HIGH,SYNTHETIC_DEMO_DATA
4545,Kerala Coast,9.8812,76.12672,2026-07-06 18:02:48,29.195,-0.404,32.443,0.948,0.664,69.92,1.586,52.489,1018.0,92.52,2.853,22.343,0,none,0.788,0.624,0.556,0.332,MEDIUM,SYNTHETIC_DEMO_DATA
4546,Goa Coast,15.5629,73.76716,2026-07-06 20:57:39,30.288,0.789,33.964,2.003,0.706,133.43,15.077,32.584,1000.909,82.346,2.457,13.56,0,none,0.508,0.638,0.503,0.326,MEDIUM,SYNTHETIC_DEMO_DATA
4547,Mumbai Coast,18.77097,73.18456,2026-07-06 23:52:30,29.844,0.545,34.054,2.626,0.848,4.58,23.256,40.552,1006.693,96.906,2.985,27.333,0,none,0.921,0.665,0.632,0.397,MEDIUM,SYNTHETIC_DEMO_DATA
4548,Andaman & Nicobar,11.42529,92.69666,2026-07-07 02:47:21,30.129,-0.17,31.504,1.668,0.383,91.38,17.403,19.571,1010.019,76.132,1.939,12.813,0,none,0.517,0.535,0.717,0.269,LOW,SYNTHETIC_DEMO_DATA
4549,Mumbai Coast,19.21411,72.8752,2026-07-07 05:42:12,28.36,-0.939,31.872,2.257,0.856,199.45,13.538,37.971,1007.486,73.043,2.722,16.941,1,anticyclonic,0.514,0.727,0.608,0.438,MEDIUM,SYNTHETIC_DEMO_DATA
4550,Andaman & Nicobar,12.15391,92.66338,2026-07-07 08:37:03,29.94,-0.359,30.795,1.983,0.294,283.66,12.11,41.008,1003.663,62.934,2.626,16.715,0,none,0.695,0.833,0.728,0.261,LOW,SYNTHETIC_DEMO_DATA
4551,Sundarbans,22.03527,89.33923,2026-07-07 11:31:54,29.02,-0.479,18.674,2.09,0.943,138.58,14.826,62.1,1017.918,80.92,2.871,26.241,0,none,0.871,0.746,0.72,0.477,MEDIUM,SYNTHETIC_DEMO_DATA
4552,Sundarbans,22.09967,89.14965,2026-07-07 14:26:45,29.951,0.452,20.192,1.699,1.075,9.03,14.598,37.765,1008.247,73.24,2.698,19.222,1,cyclonic,0.68,0.74,0.672,0.538,MEDIUM,SYNTHETIC_DEMO_DATA
4553,Sundarbans,21.75613,89.19738,2026-07-07 17:21:36,29.794,0.295,19.275,3.001,0.682,222.45,19.213,45.875,1015.271,86.265,3.411,20.866,0,none,0.757,0.763,0.742,0.368,MEDIUM,SYNTHETIC_DEMO_DATA
4554,Mumbai Coast,19.20596,73.03662,2026-07-07 20:16:28,28.4,-0.899,32.724,2.318,0.87,247.63,16.639,49.551,1006.253,74.621,3.221,23.281,0,none,0.817,0.615,0.576,0.535,MEDIUM,SYNTHETIC_DEMO_DATA
4555,Goa Coast,15.35782,73.84975,2026-07-07 23:11:19,29.209,-0.29,31.823,2.45,0.909,250.04,19.009,33.721,1019.324,83.876,1.915,15.482,1,cyclonic,0.673,0.54,0.737,0.438,MEDIUM,SYNTHETIC_DEMO_DATA
4556,Visakhapatnam,17.70509,83.27591,2026-07-08 02:06:10,30.252,0.453,30.685,1.579,0.576,193.17,12.224,35.391,1005.194,91.609,2.168,17.358,0,none,0.668,0.66,0.603,0.32,MEDIUM,SYNTHETIC_DEMO_DATA
4557,Odisha Coast,20.0542,86.13178,2026-07-08 05:01:01,30.406,0.107,28.126,1.907,0.621,291.86,14.811,39.929,995.431,62.652,2.765,20.077,0,none,0.627,0.845,0.675,0.334,MEDIUM,SYNTHETIC_DEMO_DATA
4558,Andaman & Nicobar,11.51563,92.44805,2026-07-08 07:55:52,29.75,-0.549,32.323,1.858,0.693,138.52,10.747,50.94,1019.414,94.866,2.147,18.288,0,none,0.837,0.763,0.574,0.317,MEDIUM,SYNTHETIC_DEMO_DATA
4559,Goa Coast,15.32665,73.71347,2026-07-08 10:50:43,29.823,0.324,31.334,2.28,0.922,2.52,22.948,43.247,1013.566,97.964,2.405,23.872,1,cyclonic,0.637,0.708,0.522,0.368,MEDIUM,SYNTHETIC_DEMO_DATA
4560,Gujarat Coast,22.12529,69.47927,2026-07-08 13:45:34,29.593,0.794,33.084,1.825,0.635,206.62,13.112,32.821,1010.602,61.84,2.599,16.24,0,none,0.657,0.666,0.674,0.419,MEDIUM,SYNTHETIC_DEMO_DATA
4561,Kerala Coast,9.88564,76.11711,2026-07-08 16:40:25,30.419,0.82,29.726,2.239,0.767,148.79,15.234,53.821,1001.924,73.113,2.852,22.873,0,none,0.884,0.685,0.603,0.437,MEDIUM,SYNTHETIC_DEMO_DATA
4562,Kerala Coast,10.12895,76.5143,2026-07-08 19:35:16,29.296,-0.303,31.034,3.362,0.727,199.45,24.136,51.748,1003.51,95.969,2.713,20.471,0,none,0.919,0.528,0.797,0.356,MEDIUM,SYNTHETIC_DEMO_DATA
4563,Sundarbans,22.20042,89.39188,2026-07-08 22:30:07,30.147,0.648,19.198,3.276,0.726,199.12,25.996,58.73,998.039,74.131,3.71,24.436,1,cyclonic,0.776,0.728,0.536,0.565,MEDIUM,SYNTHETIC_DEMO_DATA
4564,Odisha Coast,19.56997,85.91143,2026-07-09 01:24:58,30.795,0.495,27.949,1.568,0.898,61.87,15.67,43.5,1011.387,62.383,2.636,20.972,1,anticyclonic,0.778,0.689,0.714,0.465,MEDIUM,SYNTHETIC_DEMO_DATA
4565,Andaman & Nicobar,11.62295,92.54797,2026-07-09 04:19:49,30.066,-0.233,29.569,3.498,0.931,266.99,25.373,49.005,1016.858,73.472,2.403,23.103,0,none,0.686,0.713,0.674,0.264,LOW,SYNTHETIC_DEMO_DATA
4566,Chennai Coast,12.73923,80.17416,2026-07-09 07:14:40,30.899,0.4,33.54,2.23,0.706,131.91,19.059,29.871,1006.834,88.071,2.175,14.122,0,none,0.688,0.726,0.72,0.309,MEDIUM,SYNTHETIC_DEMO_DATA
4567,Goa Coast,15.20835,73.78645,2026-07-09 10:09:31,28.589,-0.91,32.626,2.561,1.281,105.89,20.162,29.845,1011.397,90.898,1.999,15.488,0,none,0.651,0.641,0.598,0.467,MEDIUM,SYNTHETIC_DEMO_DATA
4568,Goa Coast,15.4062,73.73044,2026-07-09 13:04:22,30.787,1.288,32.265,1.658,0.998,103.82,9.213,28.568,1018.812,54.831,1.637,16.602,1,cyclonic,0.585,0.719,0.549,0.555,MEDIUM,SYNTHETIC_DEMO_DATA
4569,Chennai Coast,13.09206,80.39064,2026-07-09 15:59:13,30.586,0.087,31.941,2.191,0.729,346.98,14.475,42.863,1010.253,65.286,1.938,16.493,1,anticyclonic,0.657,0.677,0.624,0.318,MEDIUM,SYNTHETIC_DEMO_DATA
4570,Visakhapatnam,17.39543,83.29268,2026-07-09 18:54:04,29.367,-0.432,31.748,1.682,0.343,20.65,10.655,40.453,1015.731,66.103,3.051,19.318,0,none,0.682,0.574,0.743,0.344,MEDIUM,SYNTHETIC_DEMO_DATA
4571,Gujarat Coast,22.66563,69.82492,2026-07-09 21:48:56,27.178,-1.621,33.194,2.431,0.746,270.44,19.279,43.546,1001.664,70.755,2.426,16.233,0,none,0.596,0.446,0.473,0.622,HIGH,SYNTHETIC_DEMO_DATA
4572,Sundarbans,21.98741,89.33356,2026-07-10 00:43:47,29.182,-0.317,19.692,2.449,0.796,357.78,14.39,40.249,995.624,88.841,2.31,21.651,0,none,0.763,0.61,0.615,0.388,MEDIUM,SYNTHETIC_DEMO_DATA
4573,Kerala Coast,9.84338,76.34756,2026-07-10 03:38:38,30.392,0.793,31.33,1.991,0.952,22.79,17.844,51.512,996.663,93.31,2.612,25.109,0,none,0.643,0.519,0.583,0.542,MEDIUM,SYNTHETIC_DEMO_DATA
4574,Andaman & Nicobar,11.96989,92.73596,2026-07-10 06:33:29,29.585,-0.714,32.671,1.232,0.568,39.87,4.715,27.286,1008.426,99.997,1.883,9.906,1,anticyclonic,0.551,0.508,0.68,0.398,MEDIUM,SYNTHETIC_DEMO_DATA
4575,Goa Coast,15.74177,73.66102,2026-07-10 09:28:20,28.55,-0.949,30.47,2.271,0.59,180.6,18.999,44.12,998.26,75.516,2.825,23.288,0,none,0.712,0.541,0.617,0.499,MEDIUM,SYNTHETIC_DEMO_DATA
4576,Goa Coast,15.7406,73.89286,2026-07-10 12:23:11,30.321,0.822,32.546,2.559,0.748,227.73,11.568,38.266,998.215,58.028,2.555,19.686,1,anticyclonic,0.759,0.806,0.545,0.453,MEDIUM,SYNTHETIC_DEMO_DATA
4577,Sundarbans,21.96838,89.12466,2026-07-10 15:18:02,28.358,-1.141,19.107,3.586,0.777,323.92,28.401,56.09,1010.444,76.649,3.447,31.925,0,none,0.939,0.688,0.573,0.565,MEDIUM,SYNTHETIC_DEMO_DATA
4578,Odisha Coast,19.81368,85.94602,2026-07-10 18:12:53,31.147,0.848,28.87,2.323,1.012,80.58,17.661,33.26,1018.029,72.614,1.947,14.528,0,none,0.636,0.607,0.658,0.444,MEDIUM,SYNTHETIC_DEMO_DATA
4579,Visakhapatnam,17.99535,83.39787,2026-07-10 21:07:44,30.019,0.22,32.567,1.635,0.606,303.23,16.094,42.154,1005.78,79.82,2.132,19.259,0,none,0.692,0.773,0.657,0.285,LOW,SYNTHETIC_DEMO_DATA
4580,Visakhapatnam,17.70868,83.15491,2026-07-11 00:02:35,28.305,-1.494,32.455,1.928,1.117,222.74,12.609,35.348,1005.169,75.569,2.448,15.35,0,none,0.652,0.725,0.54,0.5,MEDIUM,SYNTHETIC_DEMO_DATA
4581,Odisha Coast,19.86369,85.65739,2026-07-11 02:57:26,29.622,-0.677,28.144,1.79,0.393,194.2,11.493,40.913,1013.904,90.503,1.726,17.02,0,none,0.699,0.726,0.589,0.486,MEDIUM,SYNTHETIC_DEMO_DATA
4582,Lakshadweep,10.5826,72.45457,2026-07-11 05:52:17,29.481,-0.318,31.248,2.186,0.181,315.83,18.448,45.736,1024.595,100.0,2.716,24.677,0,none,0.87,0.75,0.636,0.303,MEDIUM,SYNTHETIC_DEMO_DATA
4583,Odisha Coast,20.14051,85.71174,2026-07-11 08:47:08,30.496,0.197,25.519,2.326,0.306,353.05,15.35,59.816,1000.527,92.086,3.112,23.228,1,cyclonic,0.902,0.677,0.695,0.353,MEDIUM,SYNTHETIC_DEMO_DATA
4584,Goa Coast,15.5948,74.09149,2026-07-11 11:41:59,28.22,-1.279,30.549,2.13,0.785,204.17,17.463,39.729,1013.765,86.011,2.755,20.243,1,anticyclonic,0.764,0.73,0.572,0.505,MEDIUM,SYNTHETIC_DEMO_DATA
4585,Mumbai Coast,18.91502,72.72387,2026-07-11 14:36:50,30.019,0.72,30.331,0.879,0.782,113.83,6.459,49.316,1008.822,82.226,2.61,21.675,0,none,0.68,0.555,0.639,0.391,MEDIUM,SYNTHETIC_DEMO_DATA
4586,Gujarat Coast,22.43342,69.58738,2026-07-11 17:31:41,27.616,-1.183,32.995,1.501,0.823,165.22,11.58,42.82,1014.944,82.804,2.234,17.293,1,cyclonic,0.734,0.568,0.703,0.592,MEDIUM,SYNTHETIC_DEMO_DATA
4587,Visakhapatnam,17.59539,83.23691,2026-07-11 20:26:32,29.49,-0.309,32.241,2.528,1.112,290.14,14.319,37.035,1016.262,63.536,2.056,16.67,1,anticyclonic,0.867,0.818,0.816,0.302,MEDIUM,SYNTHETIC_DEMO_DATA
4588,Chennai Coast,12.91116,80.74606,2026-07-11 23:21:24,30.77,0.271,32.48,2.033,0.424,35.49,18.27,26.254,1010.681,71.208,1.633,13.366,0,none,0.531,0.601,0.667,0.318,MEDIUM,SYNTHETIC_DEMO_DATA
4589,Gujarat Coast,22.41664,69.49469,2026-07-12 02:16:15,29.783,0.984,35.779,3.053,0.354,70.88,22.811,28.937,1012.726,85.101,2.357,13.418,0,none,0.653,0.71,0.648,0.45,MEDIUM,SYNTHETIC_DEMO_DATA
4590,Visakhapatnam,17.92517,83.14882,2026-07-12 05:11:06,30.529,0.73,31.279,1.286,1.203,101.89,14.922,25.797,1006.3,85.897,1.106,9.642,0,none,0.588,0.644,0.658,0.314,MEDIUM,SYNTHETIC_DEMO_DATA
4591,Gujarat Coast,22.27112,69.61106,2026-07-12 08:05:57,29.846,1.047,32.116,2.131,0.807,315.08,18.485,45.675,1008.996,92.326,1.88,20.667,1,cyclonic,0.669,0.63,0.512,0.558,MEDIUM,SYNTHETIC_DEMO_DATA
4592,Sundarbans,21.85037,89.2929,2026-07-12 11:00:48,28.403,-1.096,19.823,3.125,0.835,319.89,24.068,51.65,1010.127,91.39,3.426,24.521,0,none,0.883,0.624,0.597,0.59,MEDIUM,SYNTHETIC_DEMO_DATA
4593,Sundarbans,21.75225,89.39191,2026-07-12 13:55:39,29.814,0.315,20.769,1.89,0.962,78.83,13.101,49.667,1020.371,91.732,2.644,21.605,0,none,0.645,0.722,0.743,0.338,MEDIUM,SYNTHETIC_DEMO_DATA
4594,Goa Coast,15.5034,74.0728,2026-07-12 16:50:30,29.2,-0.299,31.273,1.759,1.1,56.78,17.744,39.155,1007.133,70.44,2.174,18.878,1,cyclonic,0.632,0.63,0.713,0.281,LOW,SYNTHETIC_DEMO_DATA
4595,Gujarat Coast,22.34039,69.42326,2026-07-12 19:45:21,29.839,1.04,32.394,1.92,0.5,271.98,16.142,42.286,1011.453,75.102,2.049,20.963,0,none,0.549,0.545,0.676,0.5,MEDIUM,SYNTHETIC_DEMO_DATA
4596,Sundarbans,21.81732,89.12628,2026-07-12 22:40:12,30.184,0.685,22.493,1.858,0.545,135.29,9.507,35.532,1002.311,65.638,2.388,18.859,0,none,0.678,0.671,0.599,0.393,MEDIUM,SYNTHETIC_DEMO_DATA
4597,Andaman & Nicobar,11.44823,92.91798,2026-07-13 01:35:03,30.235,-0.064,28.52,2.436,1.082,32.21,11.289,50.826,993.47,85.043,2.976,26.423,1,anticyclonic,0.979,0.877,0.733,0.237,LOW,SYNTHETIC_DEMO_DATA
4598,Sundarbans,22.12077,89.27187,2026-07-13 04:29:54,28.345,-1.154,19.989,2.626,0.915,25.44,15.381,41.481,1007.976,88.802,2.643,21.04,0,none,0.723,0.506,0.691,0.568,MEDIUM,SYNTHETIC_DEMO_DATA
4599,Lakshadweep,10.52877,72.46787,2026-07-13 07:24:45,28.719,-1.08,32.961,2.388,1.18,286.21,19.093,38.887,1019.518,80.327,2.21,20.858,1,anticyclonic,0.679,0.692,0.562,0.531,MEDIUM,SYNTHETIC_DEMO_DATA
4600,Goa Coast,15.76825,74.05724,2026-07-13 10:19:36,29.713,0.214,31.806,1.625,0.734,32.03,12.336,42.492,1000.636,89.145,2.347,18.743,1,anticyclonic,0.57,0.753,0.676,0.343,MEDIUM,SYNTHETIC_DEMO_DATA
4601,Lakshadweep,10.44556,72.52669,2026-07-13 13:14:27,29.058,-0.741,32.227,0.703,0.626,329.42,3.612,32.104,1000.472,67.218,1.47,8.482,0,none,0.646,0.615,0.704,0.291,LOW,SYNTHETIC_DEMO_DATA
4602,Lakshadweep,10.82302,72.47004,2026-07-13 16:09:18,29.264,-0.535,33.676,1.943,1.117,120.37,16.07,30.63,1021.521,85.517,2.11,16.546,1,anticyclonic,0.66,0.766,0.622,0.28,LOW,SYNTHETIC_DEMO_DATA
4603,Chennai Coast,13.21852,80.144,2026-07-13 19:04:09,30.14,-0.359,33.555,1.288,1.054,254.44,9.369,43.718,1011.078,80.44,2.078,17.27,1,anticyclonic,0.765,0.697,0.625,0.352,MEDIUM,SYNTHETIC_DEMO_DATA
4604,Goa Coast,15.53348,73.60043,2026-07-13 21:59:00,27.893,-1.606,31.89,1.433,0.738,64.66,13.234,31.926,1005.789,75.496,2.052,17.571,1,cyclonic,0.599,0.564,0.515,0.56,MEDIUM,SYNTHETIC_DEMO_DATA
4605,Visakhapatnam,17.63849,83.1177,2026-07-14 00:53:52,30.239,0.44,32.84,1.801,0.385,15.73,14.693,35.11,1006.199,80.189,2.581,23.436,1,cyclonic,0.68,0.61,0.693,0.354,MEDIUM,SYNTHETIC_DEMO_DATA
4606,Kerala Coast,10.12103,76.3768,2026-07-14 03:48:43,29.646,0.047,33.14,2.41,0.425,302.61,20.569,61.287,988.462,70.346,3.071,31.988,0,none,0.761,0.622,0.552,0.4,MEDIUM,SYNTHETIC_DEMO_DATA
4607,Visakhapatnam,17.632,83.09837,2026-07-14 06:43:34,30.413,0.614,29.873,2.847,0.983,207.98,21.077,44.962,1019.936,83.876,2.739,23.764,0,none,0.763,0.777,0.532,0.372,MEDIUM,SYNTHETIC_DEMO_DATA
4608,Kerala Coast,9.89722,76.11536,2026-07-14 09:38:25,29.789,0.19,31.588,2.205,0.663,313.88,15.303,52.053,1005.432,81.059,2.634,25.901,1,anticyclonic,0.951,0.55,0.621,0.439,MEDIUM,SYNTHETIC_DEMO_DATA
4609,Andaman & Nicobar,11.41884,92.65076,2026-07-14 12:33:16,30.514,0.215,30.305,2.243,0.841,198.5,16.939,30.567,1009.83,88.13,2.33,19.152,0,none,0.553,0.531,0.624,0.297,LOW,SYNTHETIC_DEMO_DATA
4610,Kerala Coast,10.35391,76.1595,2026-07-14 15:28:07,29.016,-0.583,30.351,2.153,0.433,205.84,18.476,50.248,1004.981,87.684,2.6,23.565,0,none,0.519,0.582,0.641,0.466,MEDIUM,SYNTHETIC_DEMO_DATA
4611,Sundarbans,21.69727,89.05472,2026-07-14 18:22:58,30.587,1.088,18.72,1.034,0.495,177.4,9.349,53.523,1004.92,88.636,3.308,24.527,0,none,0.759,0.592,0.596,0.499,MEDIUM,SYNTHETIC_DEMO_DATA
4612,Chennai Coast,13.21582,80.02943,2026-07-14 21:17:49,30.882,0.383,31.856,2.302,0.748,279.86,16.479,34.217,1013.739,76.485,2.143,18.288,1,cyclonic,0.588,0.875,0.758,0.29,LOW,SYNTHETIC_DEMO_DATA
4613,Goa Coast,15.602,74.07069,2026-07-15 00:12:40,28.743,-0.756,31.217,2.012,0.869,258.68,16.759,45.625,1003.113,88.601,2.417,20.681,0,none,0.491,0.76,0.652,0.413,MEDIUM,SYNTHETIC_DEMO_DATA
4614,Mumbai Coast,19.01728,72.79644,2026-07-15 03:07:31,29.728,0.429,34.674,2.074,0.692,309.18,15.723,31.755,1007.233,77.884,1.99,14.914,1,cyclonic,0.577,0.662,0.718,0.356,MEDIUM,SYNTHETIC_DEMO_DATA
4615,Mumbai Coast,18.88935,72.90647,2026-07-15 06:02:22,29.449,0.15,31.992,1.263,0.574,212.95,12.254,42.78,1029.481,81.57,2.661,21.708,0,none,0.567,0.505,0.684,0.313,MEDIUM,SYNTHETIC_DEMO_DATA
4616,Kerala Coast,9.66646,76.37191,2026-07-15 08:57:13,30.503,0.903,32.587,2.091,0.778,222.9,16.5,56.637,1002.48,82.986,2.545,27.382,1,cyclonic,0.815,0.769,0.506,0.559,MEDIUM,SYNTHETIC_DEMO_DATA
4617,Visakhapatnam,17.88706,83.20875,2026-07-15 11:52:04,29.333,-0.466,32.771,2.486,0.928,313.83,17.963,34.314,998.144,75.46,2.648,15.293,1,cyclonic,0.746,0.772,0.704,0.317,MEDIUM,SYNTHETIC_DEMO_DATA
4618,Mumbai Coast,18.94176,72.94707,2026-07-15 14:46:55,29.134,-0.165,34.375,1.88,0.917,154.33,10.269,47.107,1005.149,87.753,3.186,20.579,0,none,0.797,0.639,0.717,0.352,MEDIUM,SYNTHETIC_DEMO_DATA
4619,Gujarat Coast,22.18379,69.53936,2026-07-15 17:41:46,28.464,-0.335,35.242,2.485,0.623,179.05,25.937,28.375,1013.137,94.818,2.73,17.458,0,none,0.518,0.691,0.627,0.382,MEDIUM,SYNTHETIC_DEMO_DATA
4620,Andaman & Nicobar,11.44929,92.83794,2026-07-15 20:36:37,30.877,0.578,31.353,1.575,1.083,12.28,11.815,40.37,1010.247,100.0,2.487,14.611,0,none,0.8,0.674,0.636,0.328,MEDIUM,SYNTHETIC_DEMO_DATA
4621,Gujarat Coast,22.38137,69.47677,2026-07-15 23:31:28,27.145,-1.654,35.695,1.414,0.697,74.97,15.947,26.984,1005.744,98.422,2.23,11.431,0,none,0.617,0.53,0.511,0.548,MEDIUM,SYNTHETIC_DEMO_DATA
4622,Lakshadweep,10.46055,72.59319,2026-07-16 02:26:19,30.139,0.34,29.562,2.237,0.448,320.75,19.856,48.47,1010.434,71.943,2.542,22.573,1,anticyclonic,0.68,0.627,0.633,0.395,MEDIUM,SYNTHETIC_DEMO_DATA
4623,Andaman & Nicobar,11.74291,93.02068,2026-07-16 05:21:11,28.255,-2.044,30.498,2.713,0.704,263.77,23.751,50.587,1011.384,85.372,3.074,21.157,1,anticyclonic,0.872,0.432,0.488,0.664,HIGH,SYNTHETIC_DEMO_DATA
4624,Sundarbans,22.01059,88.92885,2026-07-16 08:16:02,30.016,0.517,22.746,1.74,0.752,184.83,14.439,41.167,1005.96,83.847,1.621,17.3,1,cyclonic,0.497,0.623,0.616,0.432,MEDIUM,SYNTHETIC_DEMO_DATA
4625,Chennai Coast,13.21547,79.91227,2026-07-16 11:10:53,30.673,0.174,29.629,1.976,0.846,108.15,15.466,38.603,1008.981,85.714,1.861,17.183,1,anticyclonic,0.537,0.589,0.646,0.321,MEDIUM,SYNTHETIC_DEMO_DATA
4626,Chennai Coast,13.08587,80.51974,2026-07-16 14:05:44,31.062,0.563,31.459,2.459,0.95,14.46,15.766,26.18,1002.816,86.207,1.411,16.597,1,cyclonic,0.464,0.506,0.653,0.386,MEDIUM,SYNTHETIC_DEMO_DATA
4627,Sundarbans,21.79666,89.2009,2026-07-16 17:00:35,30.479,0.98,20.144,1.902,0.87,96.2,18.108,53.6,1015.076,81.354,2.983,22.596,0,none,0.717,0.454,0.534,0.555,MEDIUM,SYNTHETIC_DEMO_DATA
4628,Odisha Coast,19.88592,85.2601,2026-07-16 19:55:26,29.306,-0.993,26.833,2.411,0.696,149.8,20.357,48.884,1013.971,92.515,2.863,23.638,1,anticyclonic,0.803,0.628,0.599,0.572,MEDIUM,SYNTHETIC_DEMO_DATA
4629,Goa Coast,15.31249,74.17916,2026-07-16 22:50:17,29.158,-0.341,32.582,2.576,0.94,171.78,20.01,53.428,1016.099,88.072,2.914,21.077,0,none,0.743,0.807,0.686,0.327,MEDIUM,SYNTHETIC_DEMO_DATA
4630,Chennai Coast,12.76059,80.15379,2026-07-17 01:45:08,28.51,-1.989,33.413,1.913,0.558,329.87,18.279,32.825,1005.545,75.79,2.198,19.734,1,cyclonic,0.7,0.37,0.436,0.722,HIGH,SYNTHETIC_DEMO_DATA
4631,Odisha Coast,19.61302,85.77753,2026-07-17 04:39:59,30.122,-0.177,31.528,1.889,0.95,245.56,10.173,19.076,1003.512,64.048,1.853,8.158,1,anticyclonic,0.59,0.782,0.76,0.266,LOW,SYNTHETIC_DEMO_DATA
4632,Visakhapatnam,17.47198,83.00345,2026-07-17 07:34:50,29.164,-0.635,32.587,1.77,0.779,77.55,14.117,14.174,1014.65,88.191,1.073,9.174,0,none,0.453,0.732,0.559,0.292,LOW,SYNTHETIC_DEMO_DATA
4633,Visakhapatnam,17.51059,83.53221,2026-07-17 10:29:41,30.268,0.469,32.975,2.651,0.165,117.97,21.519,48.702,1011.252,94.658,2.678,24.991,0,none,0.833,0.594,0.651,0.362,MEDIUM,SYNTHETIC_DEMO_DATA
4634,Odisha Coast,19.55256,85.81837,2026-07-17 13:24:32,30.256,-0.043,29.413,2.333,1.047,85.71,20.853,35.277,1006.294,81.94,2.703,16.08,1,cyclonic,0.608,0.781,0.748,0.321,MEDIUM,SYNTHETIC_DEMO_DATA
4635,Odisha Coast,19.79779,85.72285,2026-07-17 16:19:23,29.135,-1.164,26.373,1.99,0.514,107.01,15.059,50.785,1016.838,98.428,3.398,21.539,1,anticyclonic,0.689,0.574,0.46,0.635,HIGH,SYNTHETIC_DEMO_DATA
4636,Goa Coast,15.50187,73.71473,2026-07-17 19:14:14,28.949,-0.55,32.053,1.436,0.522,191.84,11.225,41.314,1006.823,100.0,2.253,16.709,0,none,0.626,0.583,0.635,0.352,MEDIUM,SYNTHETIC_DEMO_DATA
4637,Andaman & Nicobar,11.9589,92.55025,2026-07-17 22:09:05,30.742,0.443,31.631,1.87,0.772,213.68,11.992,47.379,1016.899,94.428,2.892,20.342,0,none,0.742,0.844,0.637,0.331,MEDIUM,SYNTHETIC_DEMO_DATA
4638,Kerala Coast,10.48546,76.16725,2026-07-18 01:03:56,29.104,-0.495,31.459,1.629,0.772,174.8,9.439,55.749,1004.574,93.079,2.764,30.251,1,cyclonic,0.8,0.758,0.544,0.466,MEDIUM,SYNTHETIC_DEMO_DATA
4639,Gujarat Coast,22.35689,69.3669,2026-07-18 03:58:47,28.166,-0.633,35.346,1.977,0.446,338.93,11.97,19.806,1020.706,66.702,1.436,13.413,0,none,0.514,0.67,0.542,0.465,MEDIUM,SYNTHETIC_DEMO_DATA
4640,Lakshadweep,10.35035,72.5132,2026-07-18 06:53:39,28.711,-1.088,33.115,2.067,1.211,336.2,17.06,45.093,1009.307,67.869,2.596,20.658,0,none,0.737,0.8,0.52,0.388,MEDIUM,SYNTHETIC_DEMO_DATA
4641,Andaman & Nicobar,11.84052,92.57775,2026-07-18 09:48:30,28.935,-1.364,32.287,2.237,0.819,4.83,19.887,35.391,1012.599,72.161,2.355,19.958,1,anticyclonic,0.503,0.529,0.526,0.545,MEDIUM,SYNTHETIC_DEMO_DATA
4642,Sundarbans,22.18418,89.26929,2026-07-18 12:43:21,30.04,0.541,21.023,2.195,0.941,36.83,15.117,32.731,1009.527,70.533,2.477,19.334,0,none,0.825,0.758,0.584,0.415,MEDIUM,SYNTHETIC_DEMO_DATA
4643,Lakshadweep,10.50009,72.80552,2026-07-18 15:38:12,27.954,-1.845,34.313,1.077,0.457,138.34,9.295,35.494,1013.843,74.468,2.023,17.889,1,anticyclonic,0.636,0.563,0.569,0.607,HIGH,SYNTHETIC_DEMO_DATA
4644,Sundarbans,21.58088,89.64098,2026-07-18 18:33:03,29.832,0.333,20.474,2.284,0.164,233.84,18.241,48.842,1007.173,87.38,2.471,22.716,1,anticyclonic,0.808,0.752,0.559,0.397,MEDIUM,SYNTHETIC_DEMO_DATA
4645,Sundarbans,21.59327,89.2249,2026-07-18 21:27:54,29.202,-0.297,22.047,1.958,0.775,11.3,16.458,35.775,1014.174,85.414,2.5,17.932,1,cyclonic,0.743,0.627,0.608,0.441,MEDIUM,SYNTHETIC_DEMO_DATA
4646,Kerala Coast,10.11832,76.4332,2026-07-19 00:22:45,28.314,-1.285,33.961,2.043,0.5,144.92,15.488,36.867,1005.761,73.64,2.543,18.26,0,none,0.688,0.673,0.485,0.476,MEDIUM,SYNTHETIC_DEMO_DATA
4647,Goa Coast,15.58714,73.88147,2026-07-19 03:17:36,29.649,0.15,31.63,1.887,0.643,334.99,17.301,42.221,1008.687,98.487,2.03,22.658,1,cyclonic,0.851,0.853,0.667,0.27,LOW,SYNTHETIC_DEMO_DATA
4648,Sundarbans,21.73857,89.06748,2026-07-19 06:12:27,29.314,-0.185,18.347,2.575,0.985,118.37,15.294,62.131,1008.494,85.394,3.342,23.351,0,none,0.858,0.838,0.716,0.377,MEDIUM,SYNTHETIC_DEMO_DATA
4649,Visakhapatnam,17.79841,83.16465,2026-07-19 09:07:18,31.139,1.34,30.714,3.274,0.852,315.24,22.207,34.549,1003.73,74.727,2.55,20.006,1,cyclonic,0.64,0.551,0.54,0.601,HIGH,SYNTHETIC_DEMO_DATA
4650,Visakhapatnam,17.50129,82.89609,2026-07-19 12:02:09,30.178,0.379,33.351,1.726,1.071,58.25,14.489,29.643,1019.738,69.018,1.772,13.635,0,none,0.605,0.655,0.707,0.296,LOW,SYNTHETIC_DEMO_DATA
4651,Chennai Coast,12.86214,80.33943,2026-07-19 14:57:00,31.711,1.212,32.429,2.349,0.596,348.8,15.675,45.388,1014.053,70.763,2.883,22.745,0,none,0.868,0.714,0.471,0.574,MEDIUM,SYNTHETIC_DEMO_DATA
4652,Lakshadweep,10.46156,72.67878,2026-07-19 17:51:51,28.775,-1.024,32.016,1.16,0.374,353.91,12.184,39.898,1015.684,76.656,2.362,15.587,0,none,0.684,0.56,0.643,0.403,MEDIUM,SYNTHETIC_DEMO_DATA
4653,Chennai Coast,13.21311,80.33399,2026-07-19 20:46:42,30.384,-0.115,30.655,2.272,0.679,29.54,16.326,28.513,1005.111,75.96,1.258,13.014,0,none,0.547,0.838,0.903,0.179,LOW,SYNTHETIC_DEMO_DATA
4654,Visakhapatnam,17.5841,83.01714,2026-07-19 23:41:33,29.628,-0.171,29.902,1.914,0.634,352.04,7.92,36.726,1019.463,87.102,2.239,17.043,1,cyclonic,0.523,0.758,0.776,0.232,LOW,SYNTHETIC_DEMO_DATA
4655,Odisha Coast,20.00599,86.11759,2026-07-20 02:36:24,29.479,-0.82,28.012,2.388,1.239,276.89,19.936,48.453,1011.194,84.918,2.792,23.272,1,anticyclonic,0.765,0.725,0.525,0.524,MEDIUM,SYNTHETIC_DEMO_DATA
4656,Odisha Coast,20.11742,86.22805,2026-07-20 05:31:15,31.885,1.586,27.518,1.661,0.803,32.86,11.412,50.363,993.244,92.628,2.854,23.479,1,anticyclonic,0.878,0.566,0.574,0.693,HIGH,SYNTHETIC_DEMO_DATA
4657,Odisha Coast,19.66345,85.99154,2026-07-20 08:26:07,30.616,0.317,26.294,1.249,0.53,136.97,10.943,61.527,1005.968,90.586,3.444,25.692,0,none,0.929,0.756,0.829,0.341,MEDIUM,SYNTHETIC_DEMO_DATA
4658,Mumbai Coast,19.03324,73.22022,2026-07-20 11:20:58,29.555,0.256,33.196,3.116,0.996,5.07,24.419,31.115,1004.624,62.417,2.747,22.237,1,cyclonic,0.685,0.609,0.648,0.383,MEDIUM,SYNTHETIC_DEMO_DATA
4659,Kerala Coast,9.96065,76.03663,2026-07-20 14:15:49,29.274,-0.326,31.955,2.823,0.384,144.95,22.839,41.715,1009.4,79.283,2.467,21.902,0,none,0.705,0.653,0.587,0.394,MEDIUM,SYNTHETIC_DEMO_DATA
4660,Kerala Coast,9.95775,76.36882,2026-07-20 17:10:40,29.422,-0.177,30.595,2.198,0.911,185.92,20.028,66.891,1001.096,100.0,3.716,32.11,0,none,0.979,0.852,0.711,0.412,MEDIUM,SYNTHETIC_DEMO_DATA
4661,Andaman & Nicobar,11.78267,92.85177,2026-07-20 20:05:31,31.279,0.98,28.821,3.563,1.182,160.27,27.324,53.525,1011.471,81.59,2.978,23.856,1,anticyclonic,0.825,0.686,0.793,0.45,MEDIUM,SYNTHETIC_DEMO_DATA
4662,Mumbai Coast,18.71214,72.64734,2026-07-20 23:00:22,28.452,-0.847,30.649,2.204,0.797,204.06,21.002,64.671,1002.994,100.0,3.801,29.709,0,none,0.984,0.845,0.606,0.457,MEDIUM,SYNTHETIC_DEMO_DATA
4663,Odisha Coast,19.9947,85.80148,2026-07-21 01:55:13,31.577,1.278,28.561,2.258,0.787,6.63,16.465,47.612,998.955,76.92,2.582,22.907,0,none,0.806,0.631,0.454,0.576,MEDIUM,SYNTHETIC_DEMO_DATA
4664,Chennai Coast,13.01234,80.48153,2026-07-21 04:50:04,31.48,0.981,32.81,1.611,0.698,150.5,13.314,36.064,993.563,74.608,2.4,22.266,0,none,0.725,0.709,0.626,0.506,MEDIUM,SYNTHETIC_DEMO_DATA
4665,Chennai Coast,12.84728,80.25281,2026-07-21 07:44:55,30.242,-0.257,31.571,1.059,0.433,256.8,10.798,37.255,1000.443,78.74,2.369,17.817,0,none,0.704,0.752,0.62,0.36,MEDIUM,SYNTHETIC_DEMO_DATA
4666,Andaman & Nicobar,11.28945,92.79823,2026-07-21 10:39:46,31.884,1.585,28.824,2.343,0.639,350.31,22.328,51.489,1010.711,68.778,2.441,21.616,0,none,0.718,0.566,0.523,0.571,MEDIUM,SYNTHETIC_DEMO_DATA
4667,Chennai Coast,12.95225,80.36371,2026-07-21 13:34:37,30.05,-0.449,33.049,1.528,0.734,192.27,13.006,34.908,1008.134,96.085,1.999,15.628,0,none,0.624,0.828,0.694,0.297,LOW,SYNTHETIC_DEMO_DATA
4668,Odisha Coast,20.10516,85.56982,2026-07-21 16:29:28,30.701,0.402,27.299,2.367,0.672,106.54,15.204,55.858,1009.911,94.319,3.168,25.312,1,cyclonic,0.826,0.802,0.859,0.417,MEDIUM,SYNTHETIC_DEMO_DATA
4669,Goa Coast,15.82447,73.84271,2026-07-21 19:24:19,29.262,-0.237,34.008,2.391,0.599,14.34,16.524,43.091,1008.44,82.67,2.184,23.636,0,none,0.716,0.84,0.724,0.276,LOW,SYNTHETIC_DEMO_DATA
4670,Kerala Coast,9.96586,76.56107,2026-07-21 22:19:10,31.624,2.025,33.576,2.861,1.114,141.41,15.271,46.618,1010.969,81.663,2.614,17.318,1,cyclonic,0.843,0.504,0.44,0.725,HIGH,SYNTHETIC_DEMO_DATA
4671,Sundarbans,21.98641,89.17489,2026-07-22 01:14:01,28.609,-0.89,18.11,3.132,0.793,76.92,20.07,54.273,995.359,100.0,3.174,27.242,0,none,0.974,0.641,0.582,0.571,MEDIUM,SYNTHETIC_DEMO_DATA
4672,Gujarat Coast,22.22173,69.46212,2026-07-22 04:08:52,29.863,1.064,30.304,2.205,0.05,130.39,16.01,33.586,997.319,83.726,2.11,16.199,0,none,0.796,0.589,0.519,0.531,MEDIUM,SYNTHETIC_DEMO_DATA
4673,Visakhapatnam,17.86229,83.14235,2026-07-22 07:03:43,29.894,0.095,30.244,2.684,0.531,262.39,24.509,29.543,1007.474,75.443,1.945,15.112,1,anticyclonic,0.64,0.818,0.757,0.277,LOW,SYNTHETIC_DEMO_DATA
4674,Andaman & Nicobar,11.90107,92.53415,2026-07-22 09:58:35,31.909,1.61,34.273,2.514,0.865,79.71,16.578,37.546,1004.542,97.707,2.012,18.08,0,none,0.755,0.572,0.481,0.555,MEDIUM,SYNTHETIC_DEMO_DATA
4675,Andaman & Nicobar,11.37392,92.91757,2026-07-22 12:53:26,30.977,0.678,32.697,1.411,1.177,118.42,10.816,50.617,998.21,100.0,2.194,23.499,0,none,0.693,0.716,0.544,0.393,MEDIUM,SYNTHETIC_DEMO_DATA
4676,Chennai Coast,13.02367,80.21121,2026-07-22 15:48:17,31.815,1.316,31.806,1.94,0.685,9.56,13.754,43.844,1007.409,77.714,2.341,20.001,1,anticyclonic,0.791,0.611,0.46,0.524,MEDIUM,SYNTHETIC_DEMO_DATA
4677,Mumbai Coast,19.53169,72.65642,2026-07-22 18:43:08,29.801,0.502,31.12,1.913,0.356,309.5,15.819,62.229,999.366,86.626,2.719,28.688,0,none,0.929,0.628,0.753,0.422,MEDIUM,SYNTHETIC_DEMO_DATA
4678,Mumbai Coast,18.71647,72.8496,2026-07-22 21:37:59,29.522,0.223,31.301,1.218,0.946,110.73,9.169,41.215,1007.415,80.695,1.72,16.413,1,cyclonic,0.581,0.781,0.696,0.316,MEDIUM,SYNTHETIC_DEMO_DATA
4679,Gujarat Coast,22.48432,69.55543,2026-07-23 00:32:50,28.171,-0.628,34.099,2.371,0.784,135.41,20.756,30.634,1024.869,52.329,2.162,14.159,1,cyclonic,0.705,0.69,0.697,0.34,MEDIUM,SYNTHETIC_DEMO_DATA
4680,Sundarbans,21.52443,89.3983,2026-07-23 03:27:41,30.022,0.522,18.714,2.695,0.466,87.57,23.347,46.898,1017.026,65.306,2.517,24.437,0,none,0.673,0.62,0.557,0.452,MEDIUM,SYNTHETIC_DEMO_DATA
4681,Chennai Coast,13.21583,80.3154,2026-07-23 06:22:32,31.121,0.622,31.504,1.906,0.681,233.49,11.734,32.496,1009.253,76.89,2.15,20.842,0,none,0.544,0.766,0.732,0.31,MEDIUM,SYNTHETIC_DEMO_DATA
4682,Odisha Coast,19.66213,85.99369,2026-07-23 09:17:23,30.19,-0.109,28.714,2.066,0.982,307.39,12.951,49.579,1000.873,87.815,3.086,27.567,1,cyclonic,0.825,0.755,0.648,0.455,MEDIUM,SYNTHETIC_DEMO_DATA
4683,Gujarat Coast,22.368,69.82762,2026-07-23 12:12:14,28.471,-0.328,35.922,2.779,0.456,141.22,21.815,52.462,1010.211,63.034,2.622,22.03,1,cyclonic,0.781,0.561,0.703,0.493,MEDIUM,SYNTHETIC_DEMO_DATA
4684,Sundarbans,21.58192,89.39261,2026-07-23 15:07:05,30.192,0.693,19.6,3.336,0.658,178.49,18.825,53.241,1008.126,88.015,2.753,24.574,1,cyclonic,0.732,0.767,0.635,0.523,MEDIUM,SYNTHETIC_DEMO_DATA
4685,Mumbai Coast,18.75355,72.62277,2026-07-23 18:01:56,29.421,0.122,31.172,2.853,0.946,178.17,22.538,40.204,1009.149,91.531,2.095,19.288,1,anticyclonic,0.683,0.836,0.744,0.311,MEDIUM,SYNTHETIC_DEMO_DATA
4686,Goa Coast,15.42938,74.1845,2026-07-23 20:56:47,29.168,-0.331,32.87,3.304,0.624,10.79,22.747,46.052,997.018,64.5,2.28,23.882,0,none,0.606,0.876,0.553,0.332,MEDIUM,SYNTHETIC_DEMO_DATA
4687,Lakshadweep,10.64327,72.68841,2026-07-23 23:51:38,29.073,-0.726,31.978,1.494,0.524,246.19,11.937,42.935,997.718,83.932,2.268,17.786,1,cyclonic,0.711,0.766,0.616,0.406,MEDIUM,SYNTHETIC_DEMO_DATA
4688,Visakhapatnam,17.83366,83.32838,2026-07-24 02:46:29,29.2,-0.599,32.095,2.392,0.447,342.42,20.392,45.658,1002.475,91.128,2.448,27.824,0,none,0.797,0.597,0.562,0.391,MEDIUM,SYNTHETIC_DEMO_DATA
4689,Sundarbans,22.14688,89.47613,2026-07-24 05:41:20,29.576,0.076,20.197,2.676,0.849,321.45,27.71,47.618,1010.262,81.393,2.659,23.323,0,none,0.663,0.72,0.65,0.374,MEDIUM,SYNTHETIC_DEMO_DATA
4690,Goa Coast,15.47295,73.89902,2026-07-24 08:36:11,28.726,-0.773,29.997,1.701,0.62,256.31,10.185,30.811,1008.741,76.453,2.3,16.657,0,none,0.8,0.725,0.741,0.37,MEDIUM,SYNTHETIC_DEMO_DATA
4691,Sundarbans,21.77116,89.66041,2026-07-24 11:31:03,30.009,0.51,16.833,1.404,0.522,245.67,10.543,59.078,1005.996,100.0,3.022,27.231,1,anticyclonic,0.838,0.714,0.652,0.492,MEDIUM,SYNTHETIC_DEMO_DATA
4692,Sundarbans,21.67883,89.35088,2026-07-24 14:25:54,30.522,1.023,20.466,3.234,0.583,280.4,27.535,56.286,1002.502,100.0,2.426,24.205,1,anticyclonic,0.784,0.712,0.605,0.562,MEDIUM,SYNTHETIC_DEMO_DATA
4693,Lakshadweep,10.45004,72.72272,2026-07-24 17:20:45,30.119,0.32,32.999,2.043,0.311,113.46,19.189,45.259,1015.377,81.328,3.008,20.304,0,none,0.762,0.743,0.635,0.291,LOW,SYNTHETIC_DEMO_DATA
4694,Andaman & Nicobar,11.65953,92.70163,2026-07-24 20:15:36,29.985,-0.314,31.548,2.566,0.498,9.96,14.635,42.571,1002.44,86.576,2.262,16.653,1,cyclonic,0.636,0.748,0.597,0.313,MEDIUM,SYNTHETIC_DEMO_DATA
4695,Goa Coast,15.62092,73.76749,2026-07-24 23:10:27,28.332,-1.167,31.026,2.287,0.473,246.66,16.753,40.214,1006.735,97.711,2.189,22.235,1,anticyclonic,0.724,0.682,0.522,0.528,MEDIUM,SYNTHETIC_DEMO_DATA
4696,Andaman & Nicobar,12.27953,92.44141,2026-07-25 02:05:18,30.696,0.397,29.734,2.35,0.958,226.26,15.343,39.483,1010.215,90.126,2.421,18.093,0,none,0.691,0.641,0.666,0.364,MEDIUM,SYNTHETIC_DEMO_DATA
4697,Sundarbans,22.08585,89.14168,2026-07-25 05:00:09,30.476,0.977,18.379,2.964,1.076,77.04,25.794,46.057,1001.371,91.284,2.189,23.593,0,none,0.6,0.477,0.549,0.594,MEDIUM,SYNTHETIC_DEMO_DATA
4698,Sundarbans,21.85266,89.11889,2026-07-25 07:55:00,29.476,-0.023,18.554,2.261,0.419,137.29,23.134,53.943,1011.845,96.868,2.731,28.905,1,cyclonic,0.713,0.666,0.64,0.477,MEDIUM,SYNTHETIC_DEMO_DATA
4699,Chennai Coast,13.10322,80.02148,2026-07-25 10:49:51,31.296,0.797,32.605,1.342,1.124,264.65,13.928,51.076,1001.42,90.396,3.018,25.133,1,anticyclonic,0.81,0.784,0.506,0.533,MEDIUM,SYNTHETIC_DEMO_DATA
4700,Sundarbans,21.6035,89.52426,2026-07-25 13:44:42,29.165,-0.334,20.786,2.57,1.097,216.76,19.163,44.014,1004.977,72.158,3.192,22.694,0,none,0.693,0.85,0.639,0.393,MEDIUM,SYNTHETIC_DEMO_DATA
4701,Andaman & Nicobar,11.62791,92.3521,2026-07-25 16:39:33,29.944,-0.355,29.334,1.934,1.033,315.41,10.93,59.971,999.516,83.489,2.835,27.114,0,none,0.806,0.788,0.527,0.398,MEDIUM,SYNTHETIC_DEMO_DATA
4702,Sundarbans,21.94636,89.09215,2026-07-25 19:34:24,30.006,0.507,17.398,2.598,0.992,77.3,21.218,62.385,993.739,99.701,3.204,30.443,1,anticyclonic,0.824,0.599,0.641,0.542,MEDIUM,SYNTHETIC_DEMO_DATA
4703,Mumbai Coast,18.86872,72.556,2026-07-25 22:29:15,28.758,-0.541,32.802,1.951,0.701,345.56,14.176,44.046,1006.707,64.148,2.364,18.831,1,cyclonic,0.721,0.619,0.73,0.383,MEDIUM,SYNTHETIC_DEMO_DATA
4704,Andaman & Nicobar,11.56092,92.53403,2026-07-26 01:24:06,29.603,-0.696,32.115,1.223,0.458,100.0,8.293,33.209,1017.877,91.278,2.436,15.977,1,anticyclonic,0.84,0.548,0.615,0.394,MEDIUM,SYNTHETIC_DEMO_DATA
4705,Goa Coast,15.51989,73.97717,2026-07-26 04:18:57,29.379,-0.12,32.78,2.718,0.563,312.0,24.911,43.144,1005.552,95.442,2.282,21.451,0,none,0.776,0.812,0.761,0.293,LOW,SYNTHETIC_DEMO_DATA
4706,Visakhapatnam,17.46464,83.2759,2026-07-26 07:13:48,28.966,-0.833,31.289,1.188,1.037,91.81,16.289,32.201,1009.043,50.182,2.476,17.515,0,none,0.741,0.706,0.642,0.386,MEDIUM,SYNTHETIC_DEMO_DATA
4707,Kerala Coast,9.66608,75.84779,2026-07-26 10:08:39,29.726,0.127,34.229,2.777,0.839,267.63,20.506,33.5,1005.082,77.1,3.007,19.599,1,anticyclonic,0.712,0.787,0.559,0.325,MEDIUM,SYNTHETIC_DEMO_DATA
4708,Mumbai Coast,19.02844,72.91164,2026-07-26 13:03:31,29.611,0.312,32.819,2.682,0.757,177.96,20.566,51.571,1023.938,77.163,3.283,23.999,1,cyclonic,0.838,0.59,0.601,0.444,MEDIUM,SYNTHETIC_DEMO_DATA
4709,Goa Coast,15.25244,73.74026,2026-07-26 15:58:22,29.447,-0.052,31.087,1.766,0.522,188.42,17.967,37.185,1005.646,95.347,2.591,20.405,0,none,0.772,0.728,0.685,0.236,LOW,SYNTHETIC_DEMO_DATA
4710,Kerala Coast,9.76804,76.54213,2026-07-26 18:53:13,29.794,0.195,32.326,1.525,0.168,114.86,11.271,48.448,1001.185,100.0,2.412,20.652,0,none,0.734,0.764,0.739,0.356,MEDIUM,SYNTHETIC_DEMO_DATA
4711,Visakhapatnam,17.50084,83.29879,2026-07-26 21:48:04,29.646,-0.153,31.683,2.702,0.741,130.61,18.202,41.518,1005.27,70.369,1.944,18.133,0,none,0.586,0.835,0.667,0.278,LOW,SYNTHETIC_DEMO_DATA
4712,Goa Coast,15.22239,73.81352,2026-07-27 00:42:55,31.018,1.519,31.759,1.718,0.615,256.45,17.523,28.46,999.458,94.572,1.619,15.109,1,cyclonic,0.622,0.543,0.644,0.543,MEDIUM,SYNTHETIC_DEMO_DATA
4713,Andaman & Nicobar,11.781,92.71943,2026-07-27 03:37:46,29.697,-0.602,30.839,1.985,0.908,42.7,15.891,47.062,1006.827,98.238,2.266,21.045,0,none,0.732,0.682,0.611,0.347,MEDIUM,SYNTHETIC_DEMO_DATA
4714,Kerala Coast,10.10111,76.30443,2026-07-27 06:32:37,29.08,-0.519,30.903,2.632,0.664,107.35,16.837,64.228,1008.917,82.466,4.045,24.926,0,none,0.99,0.765,0.692,0.42,MEDIUM,SYNTHETIC_DEMO_DATA
4715,Sundarbans,21.59853,89.02754,2026-07-27 09:27:28,29.309,-0.19,20.562,2.493,1.208,66.66,21.632,56.507,1010.882,100.0,2.511,23.454,0,none,0.708,0.66,0.489,0.393,MEDIUM,SYNTHETIC_DEMO_DATA
4716,Mumbai Coast,18.8942,72.76255,2026-07-27 12:22:19,29.405,0.106,33.187,1.568,0.697,225.27,9.63,30.172,1024.387,93.272,1.777,11.787,0,none,0.612,0.7,0.745,0.243,LOW,SYNTHETIC_DEMO_DATA
4717,Andaman & Nicobar,11.82863,92.73078,2026-07-27 15:17:10,30.943,0.644,32.008,1.422,0.647,353.01,9.864,37.162,998.202,70.277,2.299,15.009,0,none,0.719,0.74,0.638,0.371,MEDIUM,SYNTHETIC_DEMO_DATA
4718,Lakshadweep,10.46317,72.44747,2026-07-27 18:12:01,31.298,1.499,32.653,2.81,0.818,324.91,22.998,27.878,1004.708,79.135,2.327,17.396,0,none,0.756,0.501,0.458,0.548,MEDIUM,SYNTHETIC_DEMO_DATA
4719,Kerala Coast,10.03462,76.26174,2026-07-27 21:06:52,30.911,1.312,31.464,2.704,0.403,13.02,23.323,44.729,1014.909,75.975,3.433,27.265,1,cyclonic,0.909,0.639,0.62,0.603,HIGH,SYNTHETIC_DEMO_DATA
4720,Odisha Coast,19.97971,85.96909,2026-07-28 00:01:43,29.941,-0.358,28.92,2.799,0.93,200.96,21.306,54.063,1002.573,87.398,3.006,21.68,0,none,0.911,0.724,0.572,0.395,MEDIUM,SYNTHETIC_DEMO_DATA
4721,Mumbai Coast,19.09909,72.72557,2026-07-28 02:56:34,28.282,-1.017,31.392,2.793,0.589,13.51,21.55,55.901,1015.557,93.806,2.712,28.818,0,none,0.996,0.678,0.466,0.557,MEDIUM,SYNTHETIC_DEMO_DATA
4722,Andaman & Nicobar,11.80588,92.7751,2026-07-28 05:51:25,30.636,0.337,29.117,1.196,1.124,44.43,10.937,61.506,1013.126,87.146,3.091,31.715,0,none,0.855,0.649,0.634,0.319,MEDIUM,SYNTHETIC_DEMO_DATA
4723,Lakshadweep,10.20696,73.1103,2026-07-28 08:46:16,29.845,0.046,31.425,2.39,0.95,163.11,21.11,35.622,1006.967,83.794,1.541,18.963,1,anticyclonic,0.516,0.705,0.675,0.283,LOW,SYNTHETIC_DEMO_DATA
4724,Sundarbans,22.22009,89.1874,2026-07-28 11:41:07,28.705,-0.794,18.994,2.115,0.775,241.21,13.824,36.331,1010.807,89.132,2.483,16.672,1,cyclonic,0.643,0.626,0.606,0.449,MEDIUM,SYNTHETIC_DEMO_DATA
4725,Visakhapatnam,17.60762,83.39255,2026-07-28 14:35:58,29.226,-0.573,32.596,2.907,0.482,149.89,25.982,31.213,999.257,68.126,1.853,18.624,1,cyclonic,0.541,0.569,0.723,0.374,MEDIUM,SYNTHETIC_DEMO_DATA
4726,Kerala Coast,10.03012,76.45114,2026-07-28 17:30:50,28.924,-0.675,31.181,1.656,0.708,161.64,15.84,38.583,1000.957,85.805,2.389,23.063,0,none,0.704,0.56,0.636,0.385,MEDIUM,SYNTHETIC_DEMO_DATA
4727,Sundarbans,22.21528,89.06978,2026-07-28 20:25:41,28.185,-1.314,20.537,1.974,0.625,60.86,10.656,53.227,1013.392,64.609,2.938,23.468,1,cyclonic,0.682,0.585,0.465,0.703,HIGH,SYNTHETIC_DEMO_DATA
4728,Andaman & Nicobar,11.65696,92.89129,2026-07-28 23:20:32,30.267,-0.032,30.366,1.624,0.799,74.31,13.566,43.387,1017.622,73.049,2.36,18.629,0,none,0.688,0.788,0.668,0.192,LOW,SYNTHETIC_DEMO_DATA
4729,Odisha Coast,19.91184,85.69915,2026-07-29 02:15:23,30.076,-0.223,27.135,2.397,0.659,24.33,22.257,47.356,1007.377,72.657,2.812,20.399,0,none,0.82,0.599,0.656,0.432,MEDIUM,SYNTHETIC_DEMO_DATA
4730,Gujarat Coast,22.62528,69.44838,2026-07-29 05:10:14,29.448,0.649,32.959,1.172,0.553,216.17,6.338,27.301,1005.83,84.701,2.083,12.548,1,cyclonic,0.578,0.66,0.678,0.365,MEDIUM,SYNTHETIC_DEMO_DATA
4731,Lakshadweep,10.71658,72.74281,2026-07-29 08:05:05,30.147,0.348,32.202,2.456,0.86,178.74,12.992,40.219,1013.456,100.0,2.033,17.002,1,cyclonic,0.8,0.843,0.633,0.374,MEDIUM,SYNTHETIC_DEMO_DATA
4732,Gujarat Coast,22.29823,69.54007,2026-07-29 10:59:56,27.836,-0.963,35.217,2.99,1.225,54.36,21.819,26.712,1014.891,81.336,1.495,14.558,1,cyclonic,0.571,0.742,0.613,0.511,MEDIUM,SYNTHETIC_DEMO_DATA
4733,Goa Coast,15.37732,73.87966,2026-07-29 13:54:47,29.144,-0.355,36.953,3.113,1.182,303.75,22.349,33.775,1026.149,82.253,2.029,15.939,1,cyclonic,0.534,0.682,0.584,0.33,MEDIUM,SYNTHETIC_DEMO_DATA
4734,Visakhapatnam,17.53266,83.16092,2026-07-29 16:49:38,28.312,-1.487,31.255,2.066,0.177,2.71,16.295,36.167,1023.481,79.382,2.148,17.093,0,none,0.614,0.569,0.516,0.514,MEDIUM,SYNTHETIC_DEMO_DATA
4735,Andaman & Nicobar,11.83356,92.56032,2026-07-29 19:44:29,29.322,-0.977,29.798,1.851,0.529,89.14,11.024,48.317,1003.989,88.684,2.542,22.048,1,anticyclonic,0.724,0.626,0.494,0.522,MEDIUM,SYNTHETIC_DEMO_DATA
4736,Kerala Coast,9.79257,76.44963,2026-07-29 22:39:20,29.204,-0.395,32.222,2.481,0.557,234.37,22.421,41.844,1001.833,90.284,2.736,22.726,0,none,0.701,0.707,0.775,0.322,MEDIUM,SYNTHETIC_DEMO_DATA
4737,Sundarbans,21.90852,88.67312,2026-07-30 01:34:11,29.303,-0.196,19.541,1.521,0.783,168.2,12.18,50.644,1006.959,74.957,2.909,21.361,0,none,0.762,0.651,0.761,0.335,MEDIUM,SYNTHETIC_DEMO_DATA
4738,Chennai Coast,12.93852,80.2625,2026-07-30 04:29:02,29.136,-1.363,32.439,1.688,0.43,123.92,13.233,40.293,1009.363,84.298,2.548,17.356,1,cyclonic,0.641,0.512,0.603,0.583,MEDIUM,SYNTHETIC_DEMO_DATA
4739,Chennai Coast,13.3773,80.06119,2026-07-30 07:23:53,30.221,-0.278,30.162,3.02,0.753,58.27,21.195,54.951,1020.042,86.607,3.33,28.406,0,none,0.876,0.729,0.712,0.378,MEDIUM,SYNTHETIC_DEMO_DATA
4740,Mumbai Coast,18.87849,73.06717,2026-07-30 10:18:44,29.019,-0.28,33.51,2.176,1.177,105.73,16.289,41.774,1006.492,77.26,1.946,19.019,0,none,0.587,0.645,0.67,0.309,MEDIUM,SYNTHETIC_DEMO_DATA
4741,Visakhapatnam,18.01536,83.19438,2026-07-30 13:13:35,30.113,0.314,32.319,1.362,1.369,357.73,12.501,44.25,1005.14,86.405,2.671,21.493,0,none,0.628,0.596,0.556,0.404,MEDIUM,SYNTHETIC_DEMO_DATA
4742,Kerala Coast,9.82874,76.48715,2026-07-30 16:08:26,30.985,1.386,31.942,2.651,0.837,76.31,16.295,47.919,1006.132,76.834,2.602,22.928,0,none,0.872,0.716,0.503,0.595,MEDIUM,SYNTHETIC_DEMO_DATA
4743,Kerala Coast,9.71601,76.06586,2026-07-30 19:03:18,29.266,-0.333,33.884,1.741,1.028,55.09,13.568,44.398,1013.104,92.946,2.575,21.195,1,cyclonic,0.791,0.729,0.784,0.321,MEDIUM,SYNTHETIC_DEMO_DATA
4744,Chennai Coast,13.03843,79.94759,2026-07-30 21:58:09,30.092,-0.407,32.215,2.619,0.341,199.1,17.511,37.808,1020.191,87.26,2.131,17.544,0,none,0.532,0.724,0.619,0.343,MEDIUM,SYNTHETIC_DEMO_DATA
4745,Gujarat Coast,22.34509,69.35132,2026-07-31 00:53:00,28.668,-0.132,35.117,1.95,0.314,265.16,12.519,29.045,991.059,76.884,1.993,14.114,0,none,0.7,0.801,0.769,0.275,LOW,SYNTHETIC_DEMO_DATA
4746,Chennai Coast,12.85844,80.41631,2026-07-31 03:47:51,29.893,-0.606,31.975,2.73,0.528,308.95,20.037,57.174,1006.607,67.856,3.24,26.933,1,anticyclonic,0.909,0.787,0.572,0.488,MEDIUM,SYNTHETIC_DEMO_DATA
4747,Goa Coast,15.51293,73.90939,2026-07-31 06:42:42,28.616,-0.883,32.559,2.022,0.582,145.52,12.678,42.518,1011.21,88.064,2.629,18.865,0,none,0.827,0.758,0.75,0.432,MEDIUM,SYNTHETIC_DEMO_DATA
4748,Visakhapatnam,17.87742,83.53258,2026-07-31 09:37:33,30.537,0.737,30.725,1.751,0.373,37.13,14.235,37.008,1016.882,79.942,1.815,19.52,1,cyclonic,0.624,0.811,0.662,0.376,MEDIUM,SYNTHETIC_DEMO_DATA
4749,Andaman & Nicobar,11.74441,92.55242,2026-07-31 12:32:24,30.662,0.363,30.511,2.62,0.925,132.65,19.812,51.079,1003.574,89.394,2.594,27.251,0,none,0.794,0.851,0.806,0.274,LOW,SYNTHETIC_DEMO_DATA
4750,Chennai Coast,13.06608,80.28461,2026-07-31 15:27:15,30.758,0.258,31.726,2.848,0.169,94.9,23.953,26.569,1012.63,58.813,1.857,18.279,1,cyclonic,0.552,0.815,0.695,0.318,MEDIUM,SYNTHETIC_DEMO_DATA
4751,Sundarbans,21.70958,89.17104,2026-07-31 18:22:06,30.233,0.734,18.938,2.409,0.814,290.67,18.9,63.494,1012.179,58.189,3.089,27.845,1,anticyclonic,0.832,0.737,0.503,0.52,MEDIUM,SYNTHETIC_DEMO_DATA
4752,Odisha Coast,19.73416,86.015,2026-07-31 21:16:57,29.87,-0.429,28.268,2.788,0.617,60.92,25.873,33.24,1026.442,88.8,2.149,14.169,1,anticyclonic,0.57,0.722,0.748,0.359,MEDIUM,SYNTHETIC_DEMO_DATA
4753,Andaman & Nicobar,11.98077,92.43514,2026-08-01 00:11:48,29.007,-0.743,30.541,2.393,0.334,119.46,21.484,38.174,995.652,74.921,2.696,20.805,1,cyclonic,0.728,0.747,0.667,0.413,MEDIUM,SYNTHETIC_DEMO_DATA
4754,Andaman & Nicobar,11.75906,92.64643,2026-08-01 03:06:39,29.267,-0.483,31.226,2.415,0.773,46.97,14.267,44.772,1011.144,85.398,1.917,21.843,1,anticyclonic,0.669,0.61,0.625,0.388,MEDIUM,SYNTHETIC_DEMO_DATA
4755,Visakhapatnam,17.72384,83.25665,2026-08-01 06:01:30,30.085,0.835,31.293,2.916,0.739,111.97,21.459,37.497,999.315,85.34,1.966,14.944,0,none,0.638,0.621,0.661,0.395,MEDIUM,SYNTHETIC_DEMO_DATA
4756,Gujarat Coast,22.50662,69.90844,2026-08-01 08:56:21,29.559,1.309,34.722,1.292,1.064,2.28,8.097,36.291,1008.293,79.135,2.04,17.355,1,cyclonic,0.667,0.622,0.619,0.603,HIGH,SYNTHETIC_DEMO_DATA
4757,Mumbai Coast,18.7037,72.78742,2026-08-01 11:51:12,28.663,-0.087,33.468,2.207,0.864,312.96,17.532,45.052,1003.759,70.929,2.953,22.288,0,none,0.937,0.776,0.764,0.292,LOW,SYNTHETIC_DEMO_DATA
4758,Odisha Coast,19.91972,85.91227,2026-08-01 14:46:03,29.112,-0.638,27.08,2.209,0.865,215.32,14.463,54.551,1010.78,70.385,3.014,27.296,1,anticyclonic,0.712,0.554,0.63,0.468,MEDIUM,SYNTHETIC_DEMO_DATA
4759,Kerala Coast,9.96642,76.20299,2026-08-01 17:40:54,28.698,-0.352,32.765,1.524,0.501,196.43,11.164,65.267,1014.741,84.137,2.694,25.662,0,none,0.777,0.635,0.649,0.353,MEDIUM,SYNTHETIC_DEMO_DATA
4760,Gujarat Coast,22.41882,69.16829,2026-08-01 20:35:46,27.173,-1.077,36.902,2.7,0.136,54.6,15.924,27.569,1006.56,79.558,1.859,14.676,0,none,0.564,0.746,0.716,0.439,MEDIUM,SYNTHETIC_DEMO_DATA
4761,Lakshadweep,10.24406,72.58774,2026-08-01 23:30:37,28.677,-0.573,34.003,2.541,0.711,245.39,24.157,35.475,999.454,58.189,2.083,15.418,1,cyclonic,0.757,0.679,0.72,0.409,MEDIUM,SYNTHETIC_DEMO_DATA
4762,Andaman & Nicobar,11.22585,92.96411,2026-08-02 02:25:28,29.666,-0.084,32.329,2.076,0.497,160.69,14.712,35.132,1017.767,75.312,1.685,18.875,0,none,0.561,0.574,0.584,0.268,LOW,SYNTHETIC_DEMO_DATA
4763,Sundarbans,22.01795,89.40846,2026-08-02 05:20:19,30.139,1.189,21.37,1.854,0.653,186.96,13.979,36.595,992.098,80.451,2.232,17.671,0,none,0.564,0.635,0.599,0.618,HIGH,SYNTHETIC_DEMO_DATA
4764,Visakhapatnam,17.78367,83.18401,2026-08-02 08:15:10,29.507,0.257,29.268,2.593,0.621,113.52,23.904,50.642,1002.048,100.0,2.875,25.017,1,cyclonic,0.774,0.684,0.729,0.377,MEDIUM,SYNTHETIC_DEMO_DATA
4765,Kerala Coast,10.21121,76.18594,2026-08-02 11:10:01,27.808,-1.242,32.51,2.806,1.01,162.06,25.96,51.384,1003.872,96.48,2.926,27.638,1,anticyclonic,0.745,0.523,0.557,0.583,MEDIUM,SYNTHETIC_DEMO_DATA
4766,Odisha Coast,19.78491,85.62367,2026-08-02 14:04:52,29.694,-0.056,28.591,1.779,0.6,359.71,7.484,42.084,1017.904,90.896,2.356,17.815,0,none,0.672,0.767,0.648,0.301,MEDIUM,SYNTHETIC_DEMO_DATA
4767,Mumbai Coast,18.74507,72.64673,2026-08-02 16:59:43,27.824,-0.926,31.932,2.354,0.508,276.18,15.575,33.791,1003.41,100.0,2.427,19.35,0,none,0.733,0.755,0.596,0.447,MEDIUM,SYNTHETIC_DEMO_DATA
4768,Sundarbans,21.83078,89.39348,2026-08-02 19:54:34,28.483,-0.467,18.975,1.585,0.966,108.44,14.997,53.562,1002.884,100.0,2.844,24.41,1,cyclonic,0.823,0.654,0.635,0.476,MEDIUM,SYNTHETIC_DEMO_DATA
4769,Odisha Coast,20.12681,86.33424,2026-08-02 22:49:25,29.07,-0.68,27.957,2.551,0.587,0.28,20.744,47.216,1023.521,89.551,1.845,19.124,0,none,0.811,0.668,0.655,0.429,MEDIUM,SYNTHETIC_DEMO_DATA
4770,Sundarbans,21.5797,89.16689,2026-08-03 01:44:16,28.727,-0.223,21.039,2.053,1.016,80.62,14.207,49.686,1006.354,95.659,3.047,20.836,1,cyclonic,0.583,0.886,0.547,0.486,MEDIUM,SYNTHETIC_DEMO_DATA
4771,Visakhapatnam,17.45691,82.96887,2026-08-03 04:39:07,29.984,0.734,32.182,1.891,0.885,136.46,16.669,38.64,1026.383,73.823,2.379,22.488,0,none,0.585,0.491,0.714,0.405,MEDIUM,SYNTHETIC_DEMO_DATA
4772,Goa Coast,15.47874,73.88174,2026-08-03 07:33:58,29.093,0.143,32.761,2.094,0.754,208.11,17.617,41.742,995.654,93.749,2.527,23.525,0,none,0.743,0.846,0.564,0.34,MEDIUM,SYNTHETIC_DEMO_DATA
4773,Odisha Coast,19.96359,85.74115,2026-08-03 10:28:49,30.871,1.121,26.206,2.503,0.736,38.86,18.599,52.212,1003.424,98.398,3.365,23.691,0,none,0.805,0.626,0.419,0.623,HIGH,SYNTHETIC_DEMO_DATA
4774,Lakshadweep,10.28951,72.7309,2026-08-03 13:23:40,28.188,-1.062,32.827,2.202,0.749,242.47,15.611,33.551,1014.007,95.221,2.053,21.382,0,none,0.528,0.628,0.543,0.448,MEDIUM,SYNTHETIC_DEMO_DATA
4775,Visakhapatnam,17.83158,83.12257,2026-08-03 16:18:31,29.229,-0.021,29.008,2.039,1.208,231.02,15.517,64.273,1000.903,100.0,3.553,26.058,0,none,0.796,0.658,0.562,0.323,MEDIUM,SYNTHETIC_DEMO_DATA
4776,Sundarbans,22.2422,88.80748,2026-08-03 19:13:22,29.153,0.203,20.645,1.443,0.676,243.07,8.409,38.44,1015.178,100.0,2.45,16.173,0,none,0.642,0.556,0.745,0.349,MEDIUM,SYNTHETIC_DEMO_DATA
4777,Chennai Coast,13.06554,80.64815,2026-08-03 22:08:14,30.272,0.322,30.346,2.266,0.66,15.5,13.231,38.072,996.516,77.546,1.806,18.827,0,none,0.613,0.654,0.635,0.355,MEDIUM,SYNTHETIC_DEMO_DATA
4778,Goa Coast,15.76712,73.79032,2026-08-04 01:03:05,28.455,-0.495,34.305,3.024,0.801,116.12,29.19,34.755,1017.218,79.033,1.936,20.133,0,none,0.523,0.636,0.724,0.416,MEDIUM,SYNTHETIC_DEMO_DATA
4779,Odisha Coast,19.77356,85.81541,2026-08-04 03:57:56,30.564,0.814,29.589,1.488,0.878,249.57,6.422,43.284,1012.067,85.772,1.995,20.322,1,cyclonic,0.707,0.686,0.597,0.492,MEDIUM,SYNTHETIC_DEMO_DATA
4780,Sundarbans,21.97962,89.19379,2026-08-04 06:52:47,28.45,-0.5,18.7,2.914,0.359,16.81,27.093,53.163,1019.199,79.901,2.887,24.822,0,none,0.751,0.637,0.756,0.407,MEDIUM,SYNTHETIC_DEMO_DATA
4781,Andaman & Nicobar,12.36334,92.38797,2026-08-04 09:47:38,30.535,0.785,30.141,1.771,1.17,13.48,10.676,37.332,1005.874,40.641,1.988,19.317,1,cyclonic,0.744,0.671,0.602,0.449,MEDIUM,SYNTHETIC_DEMO_DATA
4782,Mumbai Coast,19.15564,72.61298,2026-08-04 12:42:29,28.929,0.179,30.082,1.955,0.327,157.75,17.193,54.426,1005.676,77.827,3.037,25.527,0,none,0.81,0.76,0.549,0.356,MEDIUM,SYNTHETIC_DEMO_DATA
4783,Chennai Coast,13.17084,80.36856,2026-08-04 15:37:20,29.357,-0.593,32.298,1.678,0.531,167.72,18.329,53.027,1014.726,96.684,3.175,21.959,0,none,0.857,0.699,0.646,0.423,MEDIUM,SYNTHETIC_DEMO_DATA
4784,Goa Coast,15.72309,73.85242,2026-08-04 18:32:11,29.301,0.351,33.993,1.871,0.577,296.16,15.613,31.39,1011.639,89.566,1.636,14.599,0,none,0.589,0.495,0.67,0.298,LOW,SYNTHETIC_DEMO_DATA
4785,Andaman & Nicobar,11.97976,92.35295,2026-08-04 21:27:02,29.587,-0.163,30.688,2.848,1.043,297.2,17.094,48.605,1010.249,93.753,3.467,25.313,1,cyclonic,0.891,0.711,0.727,0.381,MEDIUM,SYNTHETIC_DEMO_DATA
4786,Chennai Coast,13.01461,80.24481,2026-08-05 00:21:53,30.012,0.062,32.811,2.142,0.747,340.35,13.852,39.836,1000.568,79.122,1.81,18.304,0,none,0.584,0.6,0.631,0.26,LOW,SYNTHETIC_DEMO_DATA
4787,Mumbai Coast,18.67738,72.83192,2026-08-05 03:16:44,28.91,0.16,32.353,1.984,0.529,229.91,17.22,56.534,1016.917,54.883,2.686,28.093,0,none,0.85,0.678,0.64,0.373,MEDIUM,SYNTHETIC_DEMO_DATA
4788,Sundarbans,21.85079,88.88693,2026-08-05 06:11:35,29.01,0.06,19.732,2.428,0.763,110.7,19.899,52.05,1020.676,88.743,2.985,25.271,1,cyclonic,0.766,0.683,0.64,0.408,MEDIUM,SYNTHETIC_DEMO_DATA
4789,Chennai Coast,13.42314,80.19203,2026-08-05 09:06:26,30.188,0.238,33.759,2.248,0.81,54.7,17.089,26.331,1006.844,100.0,1.572,15.142,1,anticyclonic,0.57,0.726,0.645,0.404,MEDIUM,SYNTHETIC_DEMO_DATA
4790,Mumbai Coast,18.93138,72.86857,2026-08-05 12:01:17,29.116,0.366,32.599,1.68,0.632,216.51,12.344,57.102,1006.001,100.0,3.037,30.469,0,none,0.786,0.744,0.649,0.416,MEDIUM,SYNTHETIC_DEMO_DATA
4791,Odisha Coast,19.54102,85.90519,2026-08-05 14:56:08,29.398,-0.352,27.549,2.313,0.486,103.3,17.295,36.312,1015.959,60.519,2.225,18.164,0,none,0.569,0.801,0.569,0.33,MEDIUM,SYNTHETIC_DEMO_DATA
4792,Lakshadweep,10.49796,72.79614,2026-08-05 17:50:59,28.457,-0.793,34.896,1.995,0.864,219.45,15.678,26.908,1019.616,82.537,1.879,17.771,0,none,0.692,0.777,0.535,0.423,MEDIUM,SYNTHETIC_DEMO_DATA
4793,Lakshadweep,10.30205,72.38714,2026-08-05 20:45:50,28.401,-0.849,34.47,2.253,0.923,197.94,17.927,36.336,1016.204,80.016,2.133,17.478,0,none,0.596,0.642,0.506,0.404,MEDIUM,SYNTHETIC_DEMO_DATA
4794,Visakhapatnam,17.98722,82.85466,2026-08-05 23:40:42,29.266,0.016,30.388,3.432,1.017,136.98,26.223,52.553,998.257,72.565,2.701,22.259,0,none,0.899,0.815,0.827,0.264,LOW,SYNTHETIC_DEMO_DATA
4795,Chennai Coast,13.32638,80.46841,2026-08-06 02:35:33,31.961,2.011,34.29,2.258,0.556,31.58,17.552,37.85,997.381,77.159,2.528,20.147,1,cyclonic,0.744,0.472,0.41,0.675,HIGH,SYNTHETIC_DEMO_DATA
4796,Odisha Coast,19.9141,85.85079,2026-08-06 05:30:24,29.178,-0.572,29.08,2.02,0.687,301.9,18.66,34.481,1010.387,58.339,1.323,14.359,1,anticyclonic,0.455,0.635,0.636,0.507,MEDIUM,SYNTHETIC_DEMO_DATA
4797,Mumbai Coast,18.53522,72.67529,2026-08-06 08:25:15,27.045,-1.705,31.658,1.962,0.963,268.95,16.338,49.273,1004.559,90.783,2.649,22.578,1,cyclonic,0.845,0.648,0.44,0.632,HIGH,SYNTHETIC_DEMO_DATA
4798,Odisha Coast,19.59003,86.01956,2026-08-06 11:20:06,29.461,-0.289,28.55,1.558,0.833,163.94,10.522,39.708,1008.959,84.345,2.496,17.34,1,cyclonic,0.705,0.751,0.736,0.427,MEDIUM,SYNTHETIC_DEMO_DATA
4799,Chennai Coast,12.6961,80.13552,2026-08-06 14:14:57,29.006,-0.944,31.79,3.059,1.332,189.68,25.025,37.312,1005.165,60.609,2.707,21.179,0,none,0.653,0.544,0.676,0.458,MEDIUM,SYNTHETIC_DEMO_DATA
4800,Mumbai Coast,18.70628,72.71275,2026-08-06 17:09:48,30.317,1.567,31.924,1.846,1.087,154.19,13.724,40.472,1009.385,76.757,2.286,21.437,1,anticyclonic,0.625,0.62,0.47,0.624,HIGH,SYNTHETIC_DEMO_DATA
4801,Gujarat Coast,22.08336,69.74428,2026-08-06 20:04:39,27.43,-0.82,33.42,1.832,0.538,94.87,12.073,28.274,1007.228,62.202,1.72,14.689,1,cyclonic,0.605,0.562,0.56,0.464,MEDIUM,SYNTHETIC_DEMO_DATA
4802,Mumbai Coast,18.88376,72.78873,2026-08-06 22:59:30,29.328,0.578,32.687,2.121,0.665,192.41,13.923,47.013,988.343,73.686,2.427,20.66,0,none,0.511,0.637,0.608,0.41,MEDIUM,SYNTHETIC_DEMO_DATA
4803,Visakhapatnam,17.64797,83.44149,2026-08-07 01:54:21,28.565,-0.685,32.748,2.129,0.375,131.5,15.296,37.301,1013.199,60.71,1.956,18.164,0,none,0.547,0.605,0.628,0.313,MEDIUM,SYNTHETIC_DEMO_DATA
4804,Goa Coast,15.62919,73.62563,2026-08-07 04:49:12,29.674,0.724,31.921,2.24,0.817,220.3,17.806,49.637,1016.193,85.407,3.078,21.854,0,none,0.675,0.508,0.564,0.455,MEDIUM,SYNTHETIC_DEMO_DATA
4805,Gujarat Coast,22.21841,69.32178,2026-08-07 07:44:03,29.014,0.764,33.746,1.511,0.822,171.57,11.474,24.465,1006.532,64.977,2.159,17.367,1,cyclonic,0.528,0.594,0.686,0.371,MEDIUM,SYNTHETIC_DEMO_DATA
4806,Goa Coast,15.72246,73.75908,2026-08-07 10:38:54,28.743,-0.207,30.22,1.975,0.955,87.49,18.227,49.488,1012.045,94.15,3.027,21.345,0,none,0.864,0.702,0.78,0.295,LOW,SYNTHETIC_DEMO_DATA
4807,Kerala Coast,10.40638,76.2422,2026-08-07 13:33:45,28.677,-0.373,32.819,1.985,0.161,285.83,19.174,44.216,1013.892,88.825,2.943,27.151,0,none,0.759,0.615,0.543,0.419,MEDIUM,SYNTHETIC_DEMO_DATA
4808,Andaman & Nicobar,11.81057,92.45785,2026-08-07 16:28:36,29.069,-0.681,31.648,2.2,0.931,96.76,15.484,32.355,1005.248,86.583,1.898,15.196,1,cyclonic,0.55,0.801,0.628,0.358,MEDIUM,SYNTHETIC_DEMO_DATA
4809,Chennai Coast,12.9236,80.0315,2026-08-07 19:23:27,30.961,1.011,32.234,1.963,0.365,93.09,16.081,34.609,1008.392,100.0,2.688,20.218,0,none,0.683,0.668,0.544,0.466,MEDIUM,SYNTHETIC_DEMO_DATA
4810,Andaman & Nicobar,11.69282,92.66689,2026-08-07 22:18:18,29.178,-0.572,27.805,2.056,0.811,155.35,16.03,44.92,997.179,96.308,2.562,21.796,0,none,0.692,0.737,0.574,0.366,MEDIUM,SYNTHETIC_DEMO_DATA
4811,Visakhapatnam,17.57608,83.06504,2026-08-08 01:13:09,27.612,-1.638,31.06,2.234,1.075,346.31,15.441,35.378,1006.922,82.482,2.141,15.142,1,cyclonic,0.648,0.507,0.628,0.578,MEDIUM,SYNTHETIC_DEMO_DATA
4812,Visakhapatnam,17.42656,83.01196,2026-08-08 04:08:01,28.29,-0.96,32.322,2.421,1.031,79.78,14.566,37.954,1008.545,100.0,1.753,18.911,1,cyclonic,0.777,0.623,0.611,0.522,MEDIUM,SYNTHETIC_DEMO_DATA
4813,Mumbai Coast,18.96735,72.83387,2026-08-08 07:02:52,29.097,0.347,33.038,2.79,0.507,228.12,22.534,44.021,1002.882,86.388,2.285,17.629,0,none,0.638,0.859,0.55,0.359,MEDIUM,SYNTHETIC_DEMO_DATA
4814,Mumbai Coast,19.03926,72.9128,2026-08-08 09:57:43,28.406,-0.344,32.052,2.133,0.498,327.22,16.868,49.294,1020.739,70.587,3.314,23.656,1,anticyclonic,0.739,0.672,0.613,0.45,MEDIUM,SYNTHETIC_DEMO_DATA
4815,Goa Coast,15.51039,73.82343,2026-08-08 12:52:34,30.12,1.17,32.522,2.558,0.84,82.5,22.188,41.193,1000.502,82.401,2.289,19.349,1,anticyclonic,0.589,0.696,0.588,0.49,MEDIUM,SYNTHETIC_DEMO_DATA
4816,Visakhapatnam,17.58338,83.21373,2026-08-08 15:47:25,29.746,0.496,32.959,2.257,0.494,10.05,16.55,45.0,1016.21,82.839,2.568,26.522,0,none,0.711,0.709,0.681,0.336,MEDIUM,SYNTHETIC_DEMO_DATA
4817,Andaman & Nicobar,12.00102,92.79885,2026-08-08 18:42:16,30.781,1.031,30.474,3.148,1.461,260.42,21.805,52.285,1004.581,100.0,2.143,20.097,1,cyclonic,0.745,0.624,0.641,0.543,MEDIUM,SYNTHETIC_DEMO_DATA
4818,Chennai Coast,12.87609,80.32854,2026-08-08 21:37:07,29.896,-0.054,34.238,2.654,0.401,144.51,20.662,33.126,1007.698,91.596,1.426,17.324,0,none,0.62,0.784,0.7,0.246,LOW,SYNTHETIC_DEMO_DATA
4819,Mumbai Coast,18.76893,72.98817,2026-08-09 00:31:58,29.487,0.737,31.844,2.668,0.581,213.09,14.05,52.62,1019.591,96.053,3.277,26.381,1,cyclonic,0.934,0.801,0.625,0.489,MEDIUM,SYNTHETIC_DEMO_DATA
4820,Lakshadweep,10.601,72.85797,2026-08-09 03:26:49,30.572,1.322,32.407,1.603,0.717,276.88,16.377,32.553,1001.045,88.061,1.69,16.977,1,anticyclonic,0.66,0.548,0.589,0.538,MEDIUM,SYNTHETIC_DEMO_DATA
4821,Mumbai Coast,19.27713,72.70563,2026-08-09 06:21:40,29.019,0.269,29.281,1.851,0.774,319.13,17.18,37.034,1007.481,78.606,2.471,24.033,1,cyclonic,0.762,0.697,0.507,0.421,MEDIUM,SYNTHETIC_DEMO_DATA
4822,Gujarat Coast,22.52929,69.57864,2026-08-09 09:16:31,28.283,0.033,35.53,2.217,0.746,114.14,21.256,30.616,993.609,88.742,1.245,18.639,0,none,0.561,0.718,0.761,0.283,LOW,SYNTHETIC_DEMO_DATA
4823,Lakshadweep,10.21451,72.49316,2026-08-09 12:11:22,29.683,0.433,33.205,2.924,0.998,261.58,15.822,50.385,1009.831,64.563,2.429,18.986,0,none,0.784,0.873,0.604,0.346,MEDIUM,SYNTHETIC_DEMO_DATA
4824,Lakshadweep,10.66871,72.61442,2026-08-09 15:06:13,28.704,-0.546,32.803,2.789,0.733,210.16,24.498,26.664,1010.656,84.057,1.624,17.239,0,none,0.629,0.659,0.6,0.35,MEDIUM,SYNTHETIC_DEMO_DATA
4825,Kerala Coast,9.94188,76.32623,2026-08-09 18:01:04,29.472,0.422,31.675,2.227,0.668,30.83,21.946,58.56,1014.26,74.456,2.782,23.591,0,none,0.908,0.799,0.557,0.369,MEDIUM,SYNTHETIC_DEMO_DATA
4826,Kerala Coast,10.15836,76.38407,2026-08-09 20:55:55,28.342,-0.708,34.369,3.054,0.769,358.69,24.129,26.931,1009.966,78.286,1.521,15.102,0,none,0.601,0.793,0.629,0.348,MEDIUM,SYNTHETIC_DEMO_DATA
4827,Odisha Coast,19.74861,85.74178,2026-08-09 23:50:46,29.752,0.002,26.372,2.205,0.886,267.08,17.211,57.599,1018.997,69.406,2.943,24.859,0,none,0.865,0.802,0.757,0.264,LOW,SYNTHETIC_DEMO_DATA
4828,Mumbai Coast,18.88587,72.81617,2026-08-10 02:45:37,31.038,2.288,32.755,1.719,1.116,167.62,17.341,48.502,1003.654,85.304,3.245,25.126,1,cyclonic,0.939,0.494,0.524,0.77,HIGH,SYNTHETIC_DEMO_DATA
4829,Lakshadweep,10.76353,72.82408,2026-08-10 05:40:29,29.916,0.666,34.057,2.646,0.462,290.56,23.82,32.612,1005.924,83.486,2.406,20.08,0,none,0.787,0.675,0.552,0.417,MEDIUM,SYNTHETIC_DEMO_DATA
4830,Kerala Coast,9.70883,76.29479,2026-08-10 08:35:20,27.988,-1.062,28.428,2.478,0.281,219.76,16.819,60.184,1019.851,74.229,3.398,31.417,0,none,0.923,0.647,0.543,0.571,MEDIUM,SYNTHETIC_DEMO_DATA
4831,Chennai Coast,12.86114,80.2264,2026-08-10 11:30:11,29.14,-0.81,33.625,3.848,0.466,359.06,28.396,38.208,1015.219,83.347,2.321,20.933,1,anticyclonic,0.598,0.512,0.517,0.533,MEDIUM,SYNTHETIC_DEMO_DATA
4832,Odisha Coast,19.5156,86.47748,2026-08-10 14:25:02,28.936,-0.814,27.043,1.624,1.19,263.61,14.268,24.841,1011.859,93.582,2.016,17.016,1,cyclonic,0.654,0.677,0.524,0.476,MEDIUM,SYNTHETIC_DEMO_DATA
4833,Chennai Coast,13.07129,79.77979,2026-08-10 17:19:53,30.979,1.029,31.471,2.191,0.366,12.48,19.434,29.152,1010.836,91.898,2.368,15.168,0,none,0.597,0.723,0.595,0.433,MEDIUM,SYNTHETIC_DEMO_DATA
4834,Visakhapatnam,17.303,83.29579,2026-08-10 20:14:44,29.202,-0.048,28.981,2.096,0.613,158.29,16.422,38.345,1004.237,63.05,1.967,24.065,0,none,0.6,0.659,0.751,0.268,LOW,SYNTHETIC_DEMO_DATA
4835,Lakshadweep,10.6537,72.30502,2026-08-10 23:09:35,28.779,-0.471,35.238,1.881,0.571,203.48,14.208,28.804,1009.678,87.221,1.404,17.549,0,none,0.517,0.591,0.609,0.273,LOW,SYNTHETIC_DEMO_DATA
4836,Mumbai Coast,19.0074,72.69116,2026-08-11 02:04:26,30.311,1.561,30.855,2.685,1.098,28.32,21.867,44.42,1011.972,82.868,2.193,18.429,1,cyclonic,0.695,0.554,0.52,0.511,MEDIUM,SYNTHETIC_DEMO_DATA
4837,Odisha Coast,19.74063,85.81549,2026-08-11 04:59:17,31.069,1.319,29.984,2.525,0.842,121.47,17.537,41.322,998.046,85.569,2.712,19.328,1,cyclonic,0.711,0.574,0.601,0.637,HIGH,SYNTHETIC_DEMO_DATA
4838,Sundarbans,21.6925,88.91165,2026-08-11 07:54:08,29.185,0.235,20.099,2.457,0.92,140.09,19.746,41.81,1012.149,62.878,2.896,21.205,1,cyclonic,0.744,0.781,0.656,0.437,MEDIUM,SYNTHETIC_DEMO_DATA
4839,Andaman & Nicobar,11.76587,92.81525,2026-08-11 10:48:59,31.605,1.855,28.328,2.425,1.032,346.08,16.58,49.369,1015.224,92.887,2.742,21.982,1,anticyclonic,0.732,0.443,0.273,0.719,HIGH,SYNTHETIC_DEMO_DATA
4840,Lakshadweep,10.54956,72.59384,2026-08-11 13:43:50,29.157,-0.093,32.86,3.099,0.908,77.96,20.845,42.883,1003.075,83.472,2.109,20.996,0,none,0.637,0.701,0.715,0.296,LOW,SYNTHETIC_DEMO_DATA
4841,Goa Coast,15.46474,73.61116,2026-08-11 16:38:41,27.962,-0.988,32.46,2.161,1.022,214.44,16.96,57.283,1016.614,56.925,2.767,25.754,1,anticyclonic,0.88,0.789,0.551,0.502,MEDIUM,SYNTHETIC_DEMO_DATA
4842,Odisha Coast,19.7168,86.22705,2026-08-11 19:33:32,29.397,-0.353,29.608,2.02,0.661,76.85,15.824,44.139,999.568,76.371,2.173,21.419,0,none,0.711,0.743,0.496,0.389,MEDIUM,SYNTHETIC_DEMO_DATA
4843,Sundarbans,21.83211,88.94249,2026-08-11 22:28:23,28.911,-0.039,21.569,2.159,0.338,298.31,17.579,47.032,1012.547,85.082,2.693,25.382,0,none,0.879,0.75,0.727,0.398,MEDIUM,SYNTHETIC_DEMO_DATA
4844,Odisha Coast,20.23709,85.94376,2026-08-12 01:23:14,30.156,0.406,31.421,2.008,0.696,100.31,16.711,44.638,991.049,67.898,2.423,25.571,1,anticyclonic,0.733,0.723,0.664,0.448,MEDIUM,SYNTHETIC_DEMO_DATA
4845,Goa Coast,15.49744,73.5624,2026-08-12 04:18:05,27.914,-1.036,33.596,1.38,0.885,154.09,13.485,31.912,1018.859,97.56,1.567,11.569,1,anticyclonic,0.567,0.637,0.597,0.486,MEDIUM,SYNTHETIC_DEMO_DATA
4846,Goa Coast,15.30008,73.94576,2026-08-12 07:12:57,30.619,1.669,30.022,2.482,0.239,252.5,19.954,61.566,1011.515,80.051,3.253,29.931,1,cyclonic,0.966,0.481,0.528,0.673,HIGH,SYNTHETIC_DEMO_DATA
4847,Andaman & Nicobar,11.64935,92.45012,2026-08-12 10:07:48,30.612,0.862,31.248,2.0,1.006,235.61,17.798,47.832,1015.134,65.736,2.651,19.726,0,none,0.702,0.528,0.433,0.476,MEDIUM,SYNTHETIC_DEMO_DATA
4848,Sundarbans,21.92389,89.114,2026-08-12 13:02:39,28.571,-0.379,18.952,2.31,0.881,240.68,17.058,50.0,1013.91,84.351,2.825,22.344,0,none,0.681,0.697,0.672,0.426,MEDIUM,SYNTHETIC_DEMO_DATA
4849,Odisha Coast,19.54082,85.89669,2026-08-12 15:57:30,30.604,0.854,26.78,2.106,0.483,289.91,14.849,51.905,1002.592,99.102,2.447,22.742,0,none,0.717,0.906,0.682,0.484,MEDIUM,SYNTHETIC_DEMO_DATA
4850,Lakshadweep,10.16155,72.61497,2026-08-12 18:52:21,28.41,-0.84,34.501,2.457,0.766,80.9,19.371,21.249,1009.857,95.162,2.061,14.983,1,anticyclonic,0.503,0.607,0.537,0.425,MEDIUM,SYNTHETIC_DEMO_DATA
4851,Lakshadweep,10.65923,72.35401,2026-08-12 21:47:12,29.391,0.141,29.849,2.077,0.579,139.4,15.687,44.347,1007.324,82.859,2.451,23.312,0,none,0.622,0.794,0.792,0.207,LOW,SYNTHETIC_DEMO_DATA
4852,Goa Coast,15.61478,74.12927,2026-08-13 00:42:03,30.013,1.063,31.777,2.497,0.474,328.15,14.06,38.221,1004.117,96.388,2.305,16.901,0,none,0.698,0.554,0.641,0.483,MEDIUM,SYNTHETIC_DEMO_DATA
4853,Odisha Coast,19.84274,85.7693,2026-08-13 03:36:54,29.426,-0.324,28.512,2.338,0.819,274.15,21.075,50.804,1004.046,86.817,2.708,26.537,1,anticyclonic,0.754,0.751,0.674,0.409,MEDIUM,SYNTHETIC_DEMO_DATA
4854,Sundarbans,22.14651,89.43448,2026-08-13 06:31:45,29.119,0.169,21.305,2.747,0.93,329.48,17.671,40.59,1017.267,97.778,2.224,21.257,1,anticyclonic,0.746,0.819,0.545,0.403,MEDIUM,SYNTHETIC_DEMO_DATA
4855,Sundarbans,21.82849,89.28277,2026-08-13 09:26:36,28.986,0.036,21.009,2.176,0.571,40.02,20.235,47.919,1008.372,87.19,2.178,24.304,0,none,0.597,0.627,0.564,0.365,MEDIUM,SYNTHETIC_DEMO_DATA
4856,Gujarat Coast,22.8856,69.53249,2026-08-13 12:21:27,28.332,0.082,36.665,1.502,0.188,232.36,11.914,34.812,1008.269,92.388,2.247,18.662,0,none,0.665,0.753,0.742,0.243,LOW,SYNTHETIC_DEMO_DATA
4857,Andaman & Nicobar,11.36076,92.62389,2026-08-13 15:16:18,30.657,0.907,32.678,1.064,0.825,258.58,10.39,48.986,1020.779,80.132,3.352,21.263,1,cyclonic,0.704,0.596,0.631,0.449,MEDIUM,SYNTHETIC_DEMO_DATA
4858,Gujarat Coast,22.36925,69.83105,2026-08-13 18:11:09,28.44,0.19,33.036,2.539,0.575,271.3,18.968,43.94,1004.041,85.143,2.34,20.171,0,none,0.72,0.717,0.767,0.354,MEDIUM,SYNTHETIC_DEMO_DATA
4859,Visakhapatnam,17.80906,83.20583,2026-08-13 21:06:00,29.99,0.74,30.637,2.424,0.468,181.03,14.853,43.345,1010.368,97.755,2.34,23.832,1,cyclonic,0.804,0.643,0.658,0.428,MEDIUM,SYNTHETIC_DEMO_DATA
4860,Goa Coast,15.41961,73.83207,2026-08-14 00:00:51,28.98,0.03,34.003,3.516,0.79,285.74,21.884,41.064,1028.188,82.347,2.081,17.672,0,none,0.798,0.707,0.676,0.303,MEDIUM,SYNTHETIC_DEMO_DATA
4861,Sundarbans,21.63613,89.24707,2026-08-14 02:55:42,28.859,-0.091,20.47,2.047,1.315,253.34,15.703,28.03,997.296,70.276,1.32,11.516,1,anticyclonic,0.606,0.725,0.742,0.316,MEDIUM,SYNTHETIC_DEMO_DATA
4862,Andaman & Nicobar,11.93231,92.68823,2026-08-14 05:50:33,30.962,1.212,30.269,1.893,0.698,70.42,13.657,53.869,1005.597,79.01,4.044,31.953,1,anticyclonic,0.877,0.644,0.338,0.573,MEDIUM,SYNTHETIC_DEMO_DATA
4863,Andaman & Nicobar,11.91473,92.33954,2026-08-14 08:45:25,31.012,1.262,30.502,2.462,0.856,304.12,14.238,48.247,1003.013,91.065,3.252,25.348,1,cyclonic,0.854,0.674,0.581,0.468,MEDIUM,SYNTHETIC_DEMO_DATA
4864,Goa Coast,15.31681,73.71536,2026-08-14 11:40:16,27.472,-1.478,32.484,2.163,0.771,166.58,17.11,50.59,1017.049,72.816,2.883,24.109,0,none,0.854,0.72,0.519,0.607,HIGH,SYNTHETIC_DEMO_DATA
4865,Andaman & Nicobar,11.4842,92.84785,2026-08-14 14:35:07,31.238,1.488,32.37,2.502,0.742,173.86,16.484,44.381,1004.919,89.719,2.235,22.58,0,none,0.786,0.709,0.526,0.504,MEDIUM,SYNTHETIC_DEMO_DATA
4866,Mumbai Coast,18.59731,72.65371,2026-08-14 17:29:58,28.3,-0.45,30.644,2.64,1.187,258.43,28.648,35.262,1004.739,74.162,2.56,22.764,0,none,0.683,0.728,0.649,0.393,MEDIUM,SYNTHETIC_DEMO_DATA
4867,Kerala Coast,10.12629,76.24266,2026-08-14 20:24:49,27.703,-1.347,31.333,1.349,0.335,138.21,15.57,58.414,1015.494,99.162,2.981,25.987,0,none,0.747,0.476,0.391,0.585,MEDIUM,SYNTHETIC_DEMO_DATA
4868,Chennai Coast,12.9323,80.55486,2026-08-14 23:19:40,29.608,-0.342,33.624,2.141,0.682,91.68,11.939,38.428,1015.702,91.325,2.486,18.032,0,none,0.577,0.637,0.806,0.298,LOW,SYNTHETIC_DEMO_DATA
4869,Lakshadweep,10.64602,72.73081,2026-08-15 02:14:31,27.889,-1.361,31.595,2.012,0.891,243.96,15.062,41.172,1012.595,81.941,2.47,20.776,1,cyclonic,0.628,0.593,0.589,0.548,MEDIUM,SYNTHETIC_DEMO_DATA
4870,Gujarat Coast,22.10767,69.40456,2026-08-15 05:09:22,26.916,-1.334,31.765,2.28,0.619,132.0,16.401,45.459,996.933,71.409,2.61,24.974,0,none,0.618,0.468,0.503,0.486,MEDIUM,SYNTHETIC_DEMO_DATA
4871,Odisha Coast,20.22648,85.90593,2026-08-15 08:04:13,30.404,0.654,29.694,3.051,0.593,89.7,19.361,44.046,1013.699,86.942,2.524,18.606,0,none,0.765,0.662,0.626,0.505,MEDIUM,SYNTHETIC_DEMO_DATA
4872,Lakshadweep,10.77111,72.68659,2026-08-15 10:59:04,28.494,-0.756,33.592,2.02,0.512,162.19,15.989,29.536,1002.543,75.974,1.883,20.223,1,anticyclonic,0.591,0.614,0.593,0.445,MEDIUM,SYNTHETIC_DEMO_DATA
4873,Sundarbans,21.68537,89.13301,2026-08-15 13:53:55,29.536,0.586,17.606,2.881,0.569,213.83,20.05,47.855,1004.471,80.931,2.673,26.176,0,none,0.695,0.688,0.65,0.436,MEDIUM,SYNTHETIC_DEMO_DATA
4874,Mumbai Coast,18.59374,72.85277,2026-08-15 16:48:46,29.438,0.688,31.277,1.965,0.776,115.9,16.703,59.845,1017.277,99.751,3.063,28.982,0,none,0.791,0.618,0.598,0.422,MEDIUM,SYNTHETIC_DEMO_DATA
4875,Odisha Coast,19.59569,85.65236,2026-08-15 19:43:37,28.443,-1.307,27.702,1.594,0.747,271.45,8.816,45.327,1002.433,55.165,2.922,19.449,1,cyclonic,0.878,0.589,0.543,0.632,HIGH,SYNTHETIC_DEMO_DATA
4876,Gujarat Coast,22.16559,69.8197,2026-08-15 22:38:28,29.49,1.24,35.106,1.839,0.625,119.57,19.485,35.855,1010.918,77.772,1.756,12.933,0,none,0.562,0.671,0.732,0.436,MEDIUM,SYNTHETIC_DEMO_DATA
4877,Kerala Coast,9.68361,76.61387,2026-08-16 01:33:19,29.728,0.678,32.394,1.813,0.674,310.43,15.554,58.065,1007.808,96.662,3.71,27.821,1,cyclonic,0.878,0.788,0.597,0.427,MEDIUM,SYNTHETIC_DEMO_DATA
4878,Kerala Coast,9.73403,76.73787,2026-08-16 04:28:10,27.15,-1.9,30.561,2.017,0.394,134.13,18.324,43.271,1015.684,79.098,3.033,23.343,1,anticyclonic,0.852,0.438,0.596,0.741,HIGH,SYNTHETIC_DEMO_DATA
4879,Gujarat Coast,22.38347,69.47553,2026-08-16 07:23:01,28.764,0.514,35.584,2.595,0.905,340.5,20.358,24.39,1022.227,82.544,1.933,16.413,0,none,0.572,0.684,0.686,0.367,MEDIUM,SYNTHETIC_DEMO_DATA
4880,Goa Coast,15.56741,73.86918,2026-08-16 10:17:53,28.135,-0.815,33.42,1.988,0.617,105.95,21.44,39.205,988.163,88.869,2.129,19.949,1,anticyclonic,0.609,0.702,0.553,0.451,MEDIUM,SYNTHETIC_DEMO_DATA
4881,Chennai Coast,13.01928,80.25726,2026-08-16 13:12:44,30.137,0.187,30.677,2.38,0.765,41.8,17.206,38.198,1008.468,73.173,2.946,19.917,0,none,0.678,0.911,0.833,0.308,MEDIUM,SYNTHETIC_DEMO_DATA
4882,Lakshadweep,10.98984,72.46375,2026-08-16 16:07:35,29.621,0.371,32.266,3.599,0.623,247.08,31.185,27.846,1008.485,69.021,1.517,15.305,1,cyclonic,0.492,0.745,0.661,0.368,MEDIUM,SYNTHETIC_DEMO_DATA
4883,Kerala Coast,9.74115,76.23719,2026-08-16 19:02:26,27.693,-1.357,31.174,1.822,0.417,170.64,12.953,49.767,1004.037,89.242,2.391,22.773,1,anticyclonic,0.769,0.596,0.607,0.615,HIGH,SYNTHETIC_DEMO_DATA
4884,Odisha Coast,19.57595,85.70991,2026-08-16 21:57:17,29.384,-0.366,28.856,3.035,1.245,354.49,23.741,27.932,1005.873,100.0,1.949,16.622,1,anticyclonic,0.638,0.656,0.736,0.424,MEDIUM,SYNTHETIC_DEMO_DATA
4885,Sundarbans,21.81155,89.07445,2026-08-17 00:52:08,30.124,1.174,20.448,1.989,0.925,214.27,22.724,38.594,1004.527,67.018,2.453,18.166,1,anticyclonic,0.831,0.786,0.562,0.557,MEDIUM,SYNTHETIC_DEMO_DATA
4886,Visakhapatnam,17.53989,83.15697,2026-08-17 03:46:59,30.468,1.218,31.148,2.201,1.026,159.12,20.687,37.833,995.277,86.002,1.559,16.33,0,none,0.456,0.585,0.473,0.519,MEDIUM,SYNTHETIC_DEMO_DATA
4887,Gujarat Coast,22.39344,69.60629,2026-08-17 06:41:50,28.023,-0.227,34.409,2.686,1.096,141.22,20.811,28.365,997.932,92.296,2.13,15.176,0,none,0.619,0.737,0.719,0.339,MEDIUM,SYNTHETIC_DEMO_DATA
4888,Mumbai Coast,18.91769,72.84959,2026-08-17 09:36:41,30.312,1.562,32.177,1.542,0.587,84.91,9.863,47.953,1003.041,95.815,2.525,25.841,0,none,0.742,0.746,0.516,0.624,HIGH,SYNTHETIC_DEMO_DATA
4889,Chennai Coast,13.22336,80.15065,2026-08-17 12:31:32,30.235,0.285,31.429,3.138,1.335,29.25,25.156,57.128,1012.057,99.718,3.155,27.016,1,cyclonic,0.902,0.773,0.659,0.383,MEDIUM,SYNTHETIC_DEMO_DATA
4890,Kerala Coast,10.11253,76.47543,2026-08-17 15:26:23,29.476,0.426,29.681,2.107,0.437,196.54,17.459,50.715,1007.782,88.509,2.562,26.905,1,anticyclonic,0.817,0.706,0.473,0.44,MEDIUM,SYNTHETIC_DEMO_DATA
4891,Andaman & Nicobar,12.06729,92.67913,2026-08-17 18:21:14,29.84,0.09,31.439,1.72,1.257,141.24,12.864,27.304,993.132,72.973,2.151,14.215,1,anticyclonic,0.821,0.729,0.825,0.283,LOW,SYNTHETIC_DEMO_DATA
4892,Mumbai Coast,18.65924,72.92963,2026-08-17 21:16:05,26.998,-1.752,33.485,1.716,0.617,259.08,17.398,39.314,1018.801,83.538,2.449,16.927,0,none,0.633,0.512,0.411,0.622,HIGH,SYNTHETIC_DEMO_DATA
4893,Sundarbans,21.96498,89.09358,2026-08-18 00:10:56,28.44,-0.51,19.329,2.206,0.463,348.76,20.39,44.772,997.366,97.768,2.702,20.02,1,cyclonic,0.752,0.531,0.599,0.598,MEDIUM,SYNTHETIC_DEMO_DATA
4894,Sundarbans,21.95945,89.16353,2026-08-18 03:05:47,28.949,-0.001,17.431,2.814,0.846,7.06,24.309,56.203,999.907,86.275,3.49,31.689,0,none,0.942,0.74,0.544,0.367,MEDIUM,SYNTHETIC_DEMO_DATA
4895,Kerala Coast,9.98108,76.5294,2026-08-18 06:00:38,28.143,-0.907,30.475,3.276,0.374,186.45,21.61,46.474,1011.974,97.879,2.953,26.878,0,none,0.845,0.693,0.484,0.465,MEDIUM,SYNTHETIC_DEMO_DATA
4896,Kerala Coast,9.88605,75.89479,2026-08-18 08:55:29,28.074,-0.976,31.297,3.354,0.756,213.6,29.225,54.848,1007.971,90.216,2.99,25.021,0,none,0.83,0.611,0.555,0.551,MEDIUM,SYNTHETIC_DEMO_DATA
4897,Andaman & Nicobar,11.55396,92.51273,2026-08-18 11:50:21,30.216,0.466,29.676,1.146,0.695,28.15,6.709,45.002,1007.285,77.766,2.219,18.03,0,none,0.744,0.592,0.583,0.334,MEDIUM,SYNTHETIC_DEMO_DATA
4898,Mumbai Coast,19.0861,72.56069,2026-08-18 14:45:12,27.877,-0.873,31.619,3.177,0.891,345.09,23.659,41.498,1009.767,90.112,2.835,23.047,1,anticyclonic,0.684,0.606,0.416,0.564,MEDIUM,SYNTHETIC_DEMO_DATA
4899,Goa Coast,15.66161,73.8477,2026-08-18 17:40:03,30.29,1.34,29.697,2.544,1.117,228.3,17.384,36.504,995.297,59.347,2.313,18.607,1,anticyclonic,0.671,0.594,0.547,0.529,MEDIUM,SYNTHETIC_DEMO_DATA
4900,Mumbai Coast,18.69607,73.00015,2026-08-18 20:34:54,30.06,1.31,33.064,2.721,0.63,352.85,27.969,39.222,1006.171,85.757,2.021,20.475,1,cyclonic,0.781,0.488,0.421,0.62,HIGH,SYNTHETIC_DEMO_DATA
4901,Chennai Coast,13.02975,79.98916,2026-08-18 23:29:45,30.755,0.805,32.02,2.61,0.989,180.98,16.574,34.702,1006.041,94.783,1.442,11.484,0,none,0.454,0.719,0.727,0.385,MEDIUM,SYNTHETIC_DEMO_DATA
4902,Gujarat Coast,22.38744,69.73353,2026-08-19 02:24:36,28.907,0.657,32.359,2.196,0.867,88.68,17.02,37.652,1007.309,91.716,2.278,20.645,1,anticyclonic,0.698,0.682,0.504,0.477,MEDIUM,SYNTHETIC_DEMO_DATA
4903,Gujarat Coast,21.95812,69.52638,2026-08-19 05:19:27,27.772,-0.478,33.008,2.019,0.794,272.94,10.562,35.754,1008.095,98.158,2.3,19.001,1,anticyclonic,0.799,0.76,0.765,0.376,MEDIUM,SYNTHETIC_DEMO_DATA
4904,Goa Coast,15.72919,73.66397,2026-08-19 08:14:18,29.256,0.306,31.681,2.543,0.859,229.03,19.139,29.028,1016.829,91.364,1.548,15.22,1,anticyclonic,0.702,0.616,0.642,0.36,MEDIUM,SYNTHETIC_DEMO_DATA
4905,Odisha Coast,19.88788,85.65672,2026-08-19 11:09:09,28.851,-0.899,28.672,2.09,0.838,324.57,16.249,37.103,1008.426,97.881,2.599,21.46,1,cyclonic,0.691,0.611,0.475,0.556,MEDIUM,SYNTHETIC_DEMO_DATA
4906,Gujarat Coast,22.37983,69.702,2026-08-19 14:04:00,29.097,0.847,32.473,2.234,0.222,359.04,10.946,31.465,1002.598,81.994,2.459,13.614,0,none,0.465,0.67,0.682,0.427,MEDIUM,SYNTHETIC_DEMO_DATA
4907,Visakhapatnam,17.8005,83.42182,2026-08-19 16:58:51,30.108,0.858,32.343,2.274,0.823,269.78,14.582,39.271,998.154,92.711,2.053,15.252,1,anticyclonic,0.695,0.787,0.42,0.491,MEDIUM,SYNTHETIC_DEMO_DATA
4908,Goa Coast,15.39884,73.92936,2026-08-19 19:53:42,28.79,-0.16,34.691,1.886,0.824,77.66,13.218,26.865,1019.174,92.713,1.997,13.82,0,none,0.619,0.733,0.81,0.209,LOW,SYNTHETIC_DEMO_DATA
4909,Goa Coast,15.44116,73.74827,2026-08-19 22:48:33,30.06,1.11,33.39,2.401,0.525,227.88,16.158,39.531,1004.307,95.284,2.484,24.97,0,none,0.739,0.569,0.522,0.407,MEDIUM,SYNTHETIC_DEMO_DATA
4910,Gujarat Coast,22.28815,69.77821,2026-08-20 01:43:24,27.631,-0.619,35.033,1.932,0.414,237.4,15.003,42.457,1014.712,94.09,1.974,21.194,1,cyclonic,0.687,0.653,0.623,0.484,MEDIUM,SYNTHETIC_DEMO_DATA
4911,Lakshadweep,10.22613,72.1007,2026-08-20 04:38:15,29.392,0.142,34.035,2.46,0.639,69.7,18.811,44.415,1012.575,72.948,2.74,25.117,0,none,0.72,0.659,0.61,0.334,MEDIUM,SYNTHETIC_DEMO_DATA
4912,Mumbai Coast,18.82505,72.4884,2026-08-20 07:33:06,28.406,-0.344,32.489,2.347,0.842,166.66,17.976,50.448,1008.586,72.049,2.983,24.426,0,none,0.853,0.692,0.524,0.409,MEDIUM,SYNTHETIC_DEMO_DATA
4913,Sundarbans,22.15446,88.9657,2026-08-20 10:27:57,28.282,-0.668,19.935,3.008,1.022,5.43,24.102,34.133,1019.613,92.683,2.655,25.458,1,anticyclonic,0.717,0.571,0.505,0.524,MEDIUM,SYNTHETIC_DEMO_DATA
4914,Gujarat Coast,22.23604,69.63333,2026-08-20 13:22:48,27.145,-1.105,34.797,1.862,0.843,256.21,16.877,31.439,998.097,94.38,1.843,19.072,1,anticyclonic,0.486,0.664,0.715,0.547,MEDIUM,SYNTHETIC_DEMO_DATA
4915,Goa Coast,15.2466,74.2452,2026-08-20 16:17:40,27.309,-1.641,30.979,2.455,1.421,38.19,14.947,37.05,1003.083,83.177,1.953,21.4,1,anticyclonic,0.676,0.579,0.547,0.634,HIGH,SYNTHETIC_DEMO_DATA
4916,Odisha Coast,19.59351,85.89633,2026-08-20 19:12:31,29.69,-0.06,30.489,1.775,0.316,170.29,13.207,39.932,1012.883,97.971,2.389,15.62,0,none,0.762,0.903,0.773,0.299,LOW,SYNTHETIC_DEMO_DATA
4917,Odisha Coast,19.84171,85.65424,2026-08-20 22:07:22,29.492,-0.258,29.809,2.003,1.069,145.44,15.054,35.094,995.304,76.607,2.755,15.579,1,anticyclonic,0.654,0.909,0.694,0.373,MEDIUM,SYNTHETIC_DEMO_DATA
4918,Visakhapatnam,17.99332,83.31183,2026-08-21 01:02:13,29.521,0.271,31.603,2.03,0.792,292.29,16.148,28.836,1005.721,79.06,2.054,15.218,0,none,0.559,0.582,0.628,0.24,LOW,SYNTHETIC_DEMO_DATA
4919,Andaman & Nicobar,11.69157,92.7513,2026-08-21 03:57:04,29.05,-0.7,29.99,1.524,0.835,71.29,5.67,38.14,1015.834,84.05,2.342,14.242,0,none,0.672,0.73,0.65,0.341,MEDIUM,SYNTHETIC_DEMO_DATA
4920,Mumbai Coast,18.71652,72.42517,2026-08-21 06:51:55,28.825,0.075,31.465,2.584,0.966,153.79,18.198,50.591,1004.006,79.207,2.691,23.027,1,cyclonic,0.643,0.745,0.73,0.258,LOW,SYNTHETIC_DEMO_DATA
4921,Lakshadweep,10.70484,72.61887,2026-08-21 09:46:46,28.321,-0.929,31.854,3.379,1.068,118.27,21.976,41.973,1010.409,84.166,2.536,18.933,0,none,0.824,0.621,0.556,0.447,MEDIUM,SYNTHETIC_DEMO_DATA
4922,Andaman & Nicobar,11.99802,92.88017,2026-08-21 12:41:37,30.192,0.442,33.949,2.907,0.918,232.17,19.101,26.564,1019.181,76.086,2.103,15.5,0,none,0.511,0.622,0.627,0.373,MEDIUM,SYNTHETIC_DEMO_DATA
4923,Mumbai Coast,19.11033,72.88123,2026-08-21 15:36:28,28.205,-0.545,35.734,1.501,0.756,64.51,7.04,49.835,1013.241,71.189,2.443,25.347,0,none,0.787,0.781,0.609,0.398,MEDIUM,SYNTHETIC_DEMO_DATA
4924,Gujarat Coast,22.17387,69.71193,2026-08-21 18:31:19,27.213,-1.037,33.249,1.503,0.531,213.36,8.813,30.52,1017.263,68.476,2.14,18.445,0,none,0.64,0.575,0.594,0.483,MEDIUM,SYNTHETIC_DEMO_DATA
4925,Chennai Coast,12.92427,79.98717,2026-08-21 21:26:10,30.653,0.703,31.165,2.431,1.205,328.57,20.541,46.496,1007.067,89.78,3.993,27.418,0,none,0.874,0.694,0.583,0.48,MEDIUM,SYNTHETIC_DEMO_DATA
4926,Sundarbans,21.8531,89.27018,2026-08-22 00:21:01,28.144,-0.806,19.913,2.601,0.53,87.27,19.158,51.188,1000.383,95.953,3.187,23.329,0,none,0.915,0.765,0.602,0.381,MEDIUM,SYNTHETIC_DEMO_DATA
4927,Chennai Coast,13.21681,80.73889,2026-08-22 03:15:52,30.327,0.377,31.946,2.312,0.815,326.5,16.808,31.068,1023.736,86.136,2.812,14.022,1,cyclonic,0.63,0.625,0.666,0.353,MEDIUM,SYNTHETIC_DEMO_DATA
4928,Mumbai Coast,19.14687,72.56462,2026-08-22 06:10:43,26.023,-2.727,33.206,1.073,0.963,312.88,6.926,35.913,1012.027,89.119,1.854,13.117,1,anticyclonic,0.689,0.535,0.482,0.815,CRITICAL,SYNTHETIC_DEMO_DATA
4929,Odisha Coast,19.79517,85.99726,2026-08-22 09:05:34,30.09,0.34,29.433,2.584,0.544,227.35,21.373,44.106,1002.532,88.383,2.299,18.38,0,none,0.788,0.815,0.559,0.388,MEDIUM,SYNTHETIC_DEMO_DATA
4930,Visakhapatnam,18.19182,83.10833,2026-08-22 12:00:25,30.015,0.765,31.016,2.264,1.079,312.65,23.068,41.762,996.709,86.878,1.794,15.726,1,anticyclonic,0.542,0.589,0.711,0.446,MEDIUM,SYNTHETIC_DEMO_DATA
4931,Sundarbans,21.99596,89.51147,2026-08-22 14:55:16,29.156,0.206,20.61,1.423,0.701,146.49,12.25,61.72,998.961,79.661,3.637,30.749,0,none,0.899,0.753,0.54,0.351,MEDIUM,SYNTHETIC_DEMO_DATA
4932,Goa Coast,15.42892,73.62879,2026-08-22 17:50:08,29.543,0.593,32.856,2.391,0.795,42.99,13.59,40.42,1009.15,85.1,2.591,22.319,1,anticyclonic,0.688,0.837,0.521,0.398,MEDIUM,SYNTHETIC_DEMO_DATA
4933,Andaman & Nicobar,11.9161,92.62053,2026-08-22 20:44:59,28.487,-1.263,31.179,2.746,0.527,222.08,21.103,39.37,1019.989,84.0,2.096,21.706,1,anticyclonic,0.606,0.486,0.509,0.547,MEDIUM,SYNTHETIC_DEMO_DATA
4934,Andaman & Nicobar,11.794,92.60345,2026-08-22 23:39:50,30.572,0.822,29.532,2.717,1.283,338.55,18.2,48.056,1014.357,91.296,3.164,19.216,0,none,0.741,0.558,0.715,0.4,MEDIUM,SYNTHETIC_DEMO_DATA
4935,Chennai Coast,12.91006,79.95054,2026-08-23 02:34:41,29.836,-0.114,34.495,2.757,0.554,8.14,17.003,22.872,1017.585,81.366,1.665,14.365,0,none,0.369,0.692,0.697,0.257,LOW,SYNTHETIC_DEMO_DATA
4936,Mumbai Coast,19.10366,72.76658,2026-08-23 05:29:32,28.075,-0.675,34.479,2.64,0.436,359.91,20.983,41.174,998.575,73.897,2.507,19.694,0,none,0.599,0.531,0.661,0.407,MEDIUM,SYNTHETIC_DEMO_DATA
4937,Lakshadweep,10.82163,72.19859,2026-08-23 08:24:23,29.739,0.489,32.536,2.043,1.08,57.06,14.54,42.623,1014.463,77.601,2.218,19.174,0,none,0.775,0.772,0.776,0.314,MEDIUM,SYNTHETIC_DEMO_DATA
4938,Mumbai Coast,18.83772,73.09286,2026-08-23 11:19:14,29.182,0.432,32.17,2.238,0.884,134.22,12.97,36.226,1009.726,68.771,2.255,13.823,0,none,0.623,0.733,0.54,0.283,LOW,SYNTHETIC_DEMO_DATA
4939,Visakhapatnam,17.5237,82.81767,2026-08-23 14:14:05,29.11,-0.14,32.218,1.606,0.708,18.79,11.993,41.066,1008.071,85.61,2.022,22.087,1,cyclonic,0.608,0.724,0.614,0.368,MEDIUM,SYNTHETIC_DEMO_DATA
4940,Chennai Coast,13.16573,80.29754,2026-08-23 17:08:56,29.705,-0.245,31.53,2.414,0.938,126.26,17.222,48.069,996.256,84.426,2.623,22.868,0,none,0.745,0.621,0.649,0.391,MEDIUM,SYNTHETIC_DEMO_DATA
4941,Goa Coast,15.26166,74.09674,2026-08-23 20:03:47,29.508,0.558,33.675,2.744,0.392,200.08,17.856,28.261,1004.583,78.451,1.639,14.515,1,anticyclonic,0.404,0.547,0.622,0.406,MEDIUM,SYNTHETIC_DEMO_DATA
4942,Kerala Coast,10.2383,76.01547,2026-08-23 22:58:38,28.637,-0.413,31.562,2.98,0.718,147.14,23.309,45.31,1003.907,91.514,2.35,24.287,0,none,0.634,0.734,0.584,0.393,MEDIUM,SYNTHETIC_DEMO_DATA
4943,Andaman & Nicobar,11.33345,92.41522,2026-08-24 01:53:29,29.772,0.022,32.296,2.425,1.171,233.95,17.692,52.844,1016.552,83.462,2.572,23.88,1,anticyclonic,0.638,0.708,0.624,0.342,MEDIUM,SYNTHETIC_DEMO_DATA
4944,Andaman & Nicobar,11.58018,92.69657,2026-08-24 04:48:20,29.499,-0.251,30.384,1.94,0.979,15.91,19.555,46.93,1022.07,82.698,2.44,25.335,0,none,0.797,0.823,0.672,0.257,LOW,SYNTHETIC_DEMO_DATA
4945,Sundarbans,21.70943,89.08289,2026-08-24 07:43:11,29.085,0.135,20.666,2.307,0.547,46.33,15.485,55.076,995.589,74.765,3.018,27.617,0,none,0.566,0.69,0.715,0.441,MEDIUM,SYNTHETIC_DEMO_DATA
4946,Goa Coast,15.47354,73.64931,2026-08-24 10:38:02,27.596,-1.354,32.941,1.615,0.776,299.43,17.648,40.135,1018.61,86.235,2.219,16.065,1,anticyclonic,0.737,0.58,0.611,0.521,MEDIUM,SYNTHETIC_DEMO_DATA
4947,Chennai Coast,13.10372,79.98795,2026-08-24 13:32:53,29.719,-0.231,31.419,1.673,0.777,174.73,17.773,45.516,1013.04,96.803,2.314,21.917,0,none,0.66,0.65,0.719,0.322,MEDIUM,SYNTHETIC_DEMO_DATA
4948,Mumbai Coast,18.83206,72.71762,2026-08-24 16:27:44,29.611,0.861,33.998,2.816,1.096,128.35,18.002,48.366,1009.322,76.066,2.434,21.342,1,anticyclonic,0.841,0.707,0.58,0.463,MEDIUM,SYNTHETIC_DEMO_DATA
4949,Visakhapatnam,17.43508,83.11645,2026-08-24 19:22:36,29.176,-0.074,30.658,2.505,0.79,83.51,22.753,51.01,1014.02,58.702,2.486,23.246,0,none,0.76,0.79,0.621,0.338,MEDIUM,SYNTHETIC_DEMO_DATA
4950,Chennai Coast,12.90647,80.0261,2026-08-24 22:17:27,29.824,-0.126,31.344,1.86,0.653,99.3,14.367,45.418,1010.247,65.816,2.783,21.913,0,none,0.738,0.693,0.701,0.291,LOW,SYNTHETIC_DEMO_DATA
4951,Chennai Coast,13.10333,80.19495,2026-08-25 01:12:18,28.496,-1.454,33.247,1.374,0.972,241.37,8.957,41.575,1010.586,76.279,2.77,17.777,1,anticyclonic,0.655,0.533,0.56,0.549,MEDIUM,SYNTHETIC_DEMO_DATA
4952,Sundarbans,22.03567,89.0775,2026-08-25 04:07:09,29.097,0.147,19.264,1.722,1.212,306.13,15.076,55.606,1006.052,84.247,3.468,27.586,1,anticyclonic,0.989,0.847,0.65,0.457,MEDIUM,SYNTHETIC_DEMO_DATA
4953,Goa Coast,15.23439,73.70199,2026-08-25 07:02:00,28.775,-0.175,31.507,2.338,0.711,280.12,15.768,23.535,1006.791,72.216,1.308,10.778,1,anticyclonic,0.719,0.789,0.791,0.289,LOW,SYNTHETIC_DEMO_DATA
4954,Odisha Coast,19.49453,86.06005,2026-08-25 09:56:51,30.305,0.555,28.043,2.308,0.329,294.56,22.351,47.017,1000.026,87.035,2.493,24.58,0,none,0.655,0.694,0.479,0.467,MEDIUM,SYNTHETIC_DEMO_DATA
4955,Chennai Coast,12.74038,80.03545,2026-08-25 12:51:42,30.894,0.944,32.592,2.48,0.766,208.69,20.485,33.879,992.882,89.177,2.29,18.175,1,anticyclonic,0.568,0.652,0.58,0.495,MEDIUM,SYNTHETIC_DEMO_DATA
4956,Odisha Coast,19.61115,85.49617,2026-08-25 15:46:33,30.622,0.872,26.549,2.301,0.748,231.44,14.535,48.067,1007.978,70.962,2.628,22.972,0,none,0.713,0.673,0.669,0.567,MEDIUM,SYNTHETIC_DEMO_DATA
4957,Odisha Coast,20.01979,85.96457,2026-08-25 18:41:24,30.573,0.823,27.092,1.872,0.306,321.18,16.221,28.351,1004.278,60.684,1.635,18.711,0,none,0.656,0.658,0.518,0.446,MEDIUM,SYNTHETIC_DEMO_DATA
4958,Chennai Coast,12.99468,80.14863,2026-08-25 21:36:15,30.409,0.459,34.685,2.649,0.526,259.77,20.583,26.429,1007.107,56.725,2.178,15.648,1,cyclonic,0.658,0.628,0.636,0.382,MEDIUM,SYNTHETIC_DEMO_DATA
4959,Lakshadweep,10.82352,72.35823,2026-08-26 00:31:06,28.345,-0.905,30.99,1.941,0.649,61.46,20.86,46.483,1012.965,91.995,2.771,20.292,1,anticyclonic,0.759,0.572,0.704,0.477,MEDIUM,SYNTHETIC_DEMO_DATA
4960,Lakshadweep,10.34464,72.59479,2026-08-26 03:25:57,30.601,1.351,34.147,1.446,0.453,320.42,10.969,39.274,1015.011,68.255,2.162,15.542,0,none,0.74,0.705,0.635,0.465,MEDIUM,SYNTHETIC_DEMO_DATA
4961,Chennai Coast,13.10997,80.13599,2026-08-26 06:20:48,28.137,-1.813,31.474,2.021,1.54,247.68,17.665,21.149,1000.508,78.572,1.681,12.408,0,none,0.367,0.386,0.471,0.655,HIGH,SYNTHETIC_DEMO_DATA
4962,Mumbai Coast,18.7465,72.97326,2026-08-26 09:15:39,29.203,0.453,30.326,1.844,0.71,194.25,15.98,42.876,999.261,87.184,2.478,26.847,0,none,0.74,0.72,0.594,0.345,MEDIUM,SYNTHETIC_DEMO_DATA
4963,Lakshadweep,10.64273,72.65819,2026-08-26 12:10:30,29.164,-0.086,34.25,1.773,0.96,191.53,13.306,39.883,1015.557,84.217,2.274,16.695,0,none,0.759,0.957,0.787,0.259,LOW,SYNTHETIC_DEMO_DATA
4964,Visakhapatnam,17.74969,83.4993,2026-08-26 15:05:21,28.952,-0.298,32.583,3.121,0.571,43.45,24.091,39.512,991.552,68.503,2.237,20.39,0,none,0.653,0.779,0.72,0.293,LOW,SYNTHETIC_DEMO_DATA
4965,Lakshadweep,10.4924,72.79912,2026-08-26 18:00:12,29.413,0.163,30.718,2.429,1.14,310.11,21.647,40.181,1012.798,81.675,2.017,20.026,0,none,0.691,0.73,0.66,0.32,MEDIUM,SYNTHETIC_DEMO_DATA
4966,Odisha Coast,20.00079,85.98431,2026-08-26 20:55:04,31.194,1.444,25.654,1.795,0.585,71.42,14.228,57.461,1003.123,87.164,2.963,22.958,0,none,0.765,0.615,0.58,0.603,HIGH,SYNTHETIC_DEMO_DATA
4967,Visakhapatnam,17.88169,83.40886,2026-08-26 23:49:55,30.954,1.704,31.346,2.056,0.577,179.87,16.292,28.931,993.644,85.564,2.208,15.974,0,none,0.593,0.479,0.502,0.58,MEDIUM,SYNTHETIC_DEMO_DATA
4968,Chennai Coast,12.9079,80.19198,2026-08-27 02:44:46,30.229,0.279,32.329,1.166,0.943,125.96,13.839,44.867,1021.08,89.476,2.132,22.735,0,none,0.745,0.766,0.629,0.322,MEDIUM,SYNTHETIC_DEMO_DATA
4969,Sundarbans,22.01139,89.43631,2026-08-27 05:39:37,27.902,-1.048,18.021,1.636,0.623,72.92,12.17,51.917,993.79,100.0,2.396,23.798,0,none,0.838,0.696,0.611,0.477,MEDIUM,SYNTHETIC_DEMO_DATA
4970,Andaman & Nicobar,11.57551,92.62951,2026-08-27 08:34:28,28.217,-1.533,29.229,2.27,0.772,32.15,16.757,50.875,1005.746,91.745,2.968,24.48,1,anticyclonic,0.717,0.559,0.493,0.64,HIGH,SYNTHETIC_DEMO_DATA
4971,Andaman & Nicobar,11.55359,92.64325,2026-08-27 11:29:19,29.752,0.002,30.348,2.372,0.46,18.44,16.975,52.331,1009.133,80.487,3.153,24.703,1,anticyclonic,0.723,0.726,0.56,0.283,LOW,SYNTHETIC_DEMO_DATA
4972,Chennai Coast,12.95274,80.31678,2026-08-27 14:24:10,31.341,1.391,33.763,2.66,0.52,346.94,23.652,28.42,1011.496,93.982,1.855,17.129,1,anticyclonic,0.618,0.523,0.503,0.528,MEDIUM,SYNTHETIC_DEMO_DATA
4973,Andaman & Nicobar,11.75654,92.5685,2026-08-27 17:19:01,29.503,-0.247,29.475,2.162,0.421,320.94,16.898,51.834,1001.687,85.036,3.222,24.658,0,none,0.763,0.636,0.432,0.331,MEDIUM,SYNTHETIC_DEMO_DATA
4974,Goa Coast,15.54915,74.06927,2026-08-27 20:13:52,28.967,0.017,32.57,1.569,0.97,167.9,12.776,42.584,1010.346,53.405,2.658,21.835,0,none,0.78,0.78,0.762,0.233,LOW,SYNTHETIC_DEMO_DATA
4975,Andaman & Nicobar,11.90291,92.68777,2026-08-27 23:08:43,29.547,-0.203,30.359,2.58,0.555,334.31,19.411,44.348,1006.946,73.903,3.021,22.658,1,cyclonic,0.722,0.635,0.552,0.383,MEDIUM,SYNTHETIC_DEMO_DATA
4976,Andaman & Nicobar,11.80754,92.61502,2026-08-28 02:03:34,30.35,0.6,28.603,1.576,0.782,5.3,16.861,55.221,1004.946,82.245,3.01,26.829,0,none,0.643,0.534,0.451,0.442,MEDIUM,SYNTHETIC_DEMO_DATA
4977,Mumbai Coast,18.98815,73.16183,2026-08-28 04:58:25,28.547,-0.203,33.554,2.098,1.021,341.14,12.511,41.086,1010.737,69.904,2.475,21.276,0,none,0.704,0.803,0.709,0.326,MEDIUM,SYNTHETIC_DEMO_DATA
4978,Odisha Coast,19.92244,85.755,2026-08-28 07:53:16,30.159,0.409,27.728,2.707,0.795,100.32,20.52,41.931,1003.691,84.66,2.119,23.093,1,anticyclonic,0.583,0.766,0.598,0.394,MEDIUM,SYNTHETIC_DEMO_DATA
4979,Lakshadweep,10.54028,72.99821,2026-08-28 10:48:07,28.459,-0.791,32.549,1.416,0.718,184.98,13.951,31.019,1014.041,96.728,2.286,18.824,1,anticyclonic,0.54,0.651,0.48,0.475,MEDIUM,SYNTHETIC_DEMO_DATA
4980,Gujarat Coast,22.66188,69.48445,2026-08-28 13:42:58,27.692,-0.558,34.693,3.061,0.824,342.76,21.077,37.572,1021.5,79.896,2.677,22.221,0,none,0.843,0.647,0.67,0.436,MEDIUM,SYNTHETIC_DEMO_DATA
4981,Lakshadweep,10.6401,72.42398,2026-08-28 16:37:49,30.44,1.19,34.796,1.854,1.103,164.18,14.355,38.639,1016.391,84.745,2.047,22.591,0,none,0.621,0.582,0.492,0.541,MEDIUM,SYNTHETIC_DEMO_DATA
4982,Lakshadweep,10.22936,72.74306,2026-08-28 19:32:40,28.994,-0.256,33.949,1.627,0.803,273.77,11.775,42.84,1004.981,70.774,2.707,25.427,0,none,0.791,0.677,0.736,0.24,LOW,SYNTHETIC_DEMO_DATA
4983,Odisha Coast,19.73479,85.83416,2026-08-28 22:27:32,30.657,0.907,28.657,2.911,0.671,230.71,24.063,52.833,1018.884,87.143,3.051,28.545,1,anticyclonic,0.784,0.686,0.576,0.599,MEDIUM,SYNTHETIC_DEMO_DATA
4984,Kerala Coast,10.09137,76.4031,2026-08-29 01:22:23,31.031,1.981,32.259,2.031,0.611,243.82,14.427,47.414,1010.809,86.722,2.161,18.568,0,none,0.737,0.484,0.432,0.684,HIGH,SYNTHETIC_DEMO_DATA
4985,Odisha Coast,19.75193,85.65993,2026-08-29 04:17:14,30.87,1.12,26.985,2.017,1.056,154.95,11.7,25.331,1001.931,92.055,2.265,10.207,1,cyclonic,0.721,0.715,0.601,0.482,MEDIUM,SYNTHETIC_DEMO_DATA
4986,Sundarbans,21.83418,89.1398,2026-08-29 07:12:05,30.244,1.294,19.973,3.045,1.168,58.55,18.843,47.467,1005.055,100.0,2.713,24.083,0,none,0.646,0.585,0.456,0.601,HIGH,SYNTHETIC_DEMO_DATA
4987,Lakshadweep,10.53631,72.55385,2026-08-29 10:06:56,28.812,-0.438,34.277,2.558,1.228,91.39,16.01,35.761,1011.448,73.244,2.236,21.29,0,none,0.793,0.67,0.592,0.35,MEDIUM,SYNTHETIC_DEMO_DATA
4988,Lakshadweep,10.1855,72.65545,2026-08-29 13:01:47,29.456,0.206,31.461,1.814,0.925,31.15,12.65,18.45,1010.505,56.865,1.406,15.802,0,none,0.551,0.721,0.685,0.238,LOW,SYNTHETIC_DEMO_DATA
4989,Lakshadweep,10.68368,72.46896,2026-08-29 15:56:38,29.291,0.041,34.098,1.975,1.053,190.01,18.649,44.342,1016.822,78.78,2.923,23.715,1,anticyclonic,0.656,0.572,0.676,0.373,MEDIUM,SYNTHETIC_DEMO_DATA
4990,Andaman & Nicobar,11.70436,92.24436,2026-08-29 18:51:29,29.17,-0.58,29.194,2.727,1.205,160.45,14.516,40.215,1005.953,69.792,2.194,19.941,0,none,0.686,0.762,0.594,0.362,MEDIUM,SYNTHETIC_DEMO_DATA
4991,Gujarat Coast,21.80562,69.63201,2026-08-29 21:46:20,27.445,-0.805,37.144,1.914,0.866,33.58,10.675,18.306,1020.707,91.981,1.981,16.238,0,none,0.447,0.629,0.586,0.472,MEDIUM,SYNTHETIC_DEMO_DATA
4992,Mumbai Coast,18.7363,72.88143,2026-08-30 00:41:11,28.31,-0.44,29.096,1.797,0.571,162.76,10.417,55.379,1012.46,85.656,3.058,28.136,1,cyclonic,0.769,0.787,0.61,0.407,MEDIUM,SYNTHETIC_DEMO_DATA
4993,Lakshadweep,10.39055,72.58274,2026-08-30 03:36:02,30.389,1.139,31.067,1.635,0.567,332.76,14.207,45.592,1009.694,73.315,2.883,22.977,1,anticyclonic,0.647,0.627,0.637,0.488,MEDIUM,SYNTHETIC_DEMO_DATA
4994,Mumbai Coast,19.16552,72.78825,2026-08-30 06:30:53,28.24,-0.51,34.474,1.629,1.069,315.25,10.959,46.006,1004.503,98.904,2.143,15.633,0,none,0.594,0.606,0.697,0.456,MEDIUM,SYNTHETIC_DEMO_DATA
4995,Gujarat Coast,22.34084,69.53011,2026-08-30 09:25:44,28.498,0.248,34.672,2.709,0.686,201.65,26.898,15.227,1019.306,70.325,1.476,13.47,0,none,0.573,0.631,0.672,0.346,MEDIUM,SYNTHETIC_DEMO_DATA
4996,Visakhapatnam,17.83383,83.08518,2026-08-30 12:20:35,28.304,-0.946,31.142,2.081,1.108,91.64,19.563,31.004,1020.985,90.572,2.146,16.432,1,cyclonic,0.628,0.778,0.603,0.449,MEDIUM,SYNTHETIC_DEMO_DATA
4997,Goa Coast,15.36387,73.70652,2026-08-30 15:15:26,29.441,0.491,29.368,2.325,0.354,313.69,12.441,45.687,1011.012,80.543,2.781,21.675,0,none,0.68,0.734,0.66,0.369,MEDIUM,SYNTHETIC_DEMO_DATA
4998,Andaman & Nicobar,12.03937,92.37986,2026-08-30 18:10:17,29.561,-0.189,31.834,1.735,0.366,194.53,9.56,44.656,1017.774,91.949,2.524,18.639,0,none,0.72,0.85,0.7,0.244,LOW,SYNTHETIC_DEMO_DATA
4999,Gujarat Coast,21.98357,69.60495,2026-08-30 21:05:08,28.801,0.551,33.463,3.483,0.615,126.88,24.473,40.593,996.245,87.536,2.737,21.492,1,anticyclonic,0.718,0.74,0.589,0.458,MEDIUM,SYNTHETIC_DEMO_DATA
5000,Kerala Coast,9.94659,75.96627,2026-08-31 00:00:00,29.231,0.181,29.255,2.146,0.584,348.59,18.05,47.727,1003.945,98.819,3.047,26.713,0,none,0.768,0.67,0.596,0.385,MEDIUM,SYNTHETIC_DEMO_DATA
