id,region,latitude,longitude,timestamp,sst,sst_anomaly,chlorophyll,turbidity,eddy_present,eddy_type,data_source
1,Sundarbans,21.87478,89.08838,2025-01-01 00:00:00,27.334,0.433,1.11,12.873,1,cyclonic,SYNTHETIC_DEMO_DATA
2,Goa Coast,15.4019,74.0945,2025-01-01 02:54:51,27.163,0.262,1.82,12.032,0,none,SYNTHETIC_DEMO_DATA
3,Gujarat Coast,22.27714,69.62142,2025-01-01 05:49:42,25.64,-0.561,0.58,10.086,0,none,SYNTHETIC_DEMO_DATA
4,Kerala Coast,10.17355,76.45388,2025-01-01 08:44:33,26.52,-0.481,2.049,15.45,1,anticyclonic,SYNTHETIC_DEMO_DATA
5,Kerala Coast,9.5699,76.64861,2025-01-01 11:39:24,26.567,-0.434,2.188,13.871,1,cyclonic,SYNTHETIC_DEMO_DATA
6,Andaman & Nicobar,11.8975,92.65089,2025-01-01 14:34:15,28.101,0.4,1.161,9.762,1,cyclonic,SYNTHETIC_DEMO_DATA
7,Sundarbans,22.21563,89.51648,2025-01-01 17:29:06,25.453,-1.448,1.869,14.806,1,cyclonic,SYNTHETIC_DEMO_DATA
8,Gujarat Coast,22.28261,69.66796,2025-01-01 20:23:57,26.448,0.248,0.734,10.858,0,none,SYNTHETIC_DEMO_DATA
9,Visakhapatnam,17.97226,83.20243,2025-01-01 23:18:48,27.044,-0.157,1.084,8.013,0,none,SYNTHETIC_DEMO_DATA
10,Sundarbans,21.81309,89.04338,2025-01-02 02:13:39,27.983,1.082,1.918,13.706,0,none,SYNTHETIC_DEMO_DATA
11,Mumbai Coast,18.83296,72.93773,2025-01-02 05:08:30,26.576,-0.125,0.72,7.919,1,cyclonic,SYNTHETIC_DEMO_DATA
12,Lakshadweep,10.53401,72.72996,2025-01-02 08:03:21,26.863,-0.338,1.06,3.381,1,anticyclonic,SYNTHETIC_DEMO_DATA
13,Goa Coast,15.13532,73.9208,2025-01-02 10:58:12,25.713,-1.188,1.085,8.185,0,none,SYNTHETIC_DEMO_DATA
14,Goa Coast,15.51913,73.90865,2025-01-02 13:53:03,27.85,0.949,1.085,8.496,1,cyclonic,SYNTHETIC_DEMO_DATA
15,Goa Coast,15.51299,73.86238,2025-01-02 16:47:54,25.513,-1.388,2.254,11.475,0,none,SYNTHETIC_DEMO_DATA
16,Goa Coast,15.40944,73.64112,2025-01-02 19:42:45,27.419,0.518,1.246,13.072,0,none,SYNTHETIC_DEMO_DATA
17,Mumbai Coast,18.97278,73.0358,2025-01-02 22:37:36,27.399,0.698,0.89,7.065,1,anticyclonic,SYNTHETIC_DEMO_DATA
18,Odisha Coast,19.78725,85.74449,2025-01-03 01:32:27,26.892,-0.809,2.313,19.363,1,cyclonic,SYNTHETIC_DEMO_DATA
19,Andaman & Nicobar,11.58284,92.55674,2025-01-03 04:27:19,28.16,0.459,1.369,11.372,0,none,SYNTHETIC_DEMO_DATA
20,Kerala Coast,9.85711,76.1859,2025-01-03 07:22:10,27.625,0.624,1.175,12.64,1,anticyclonic,SYNTHETIC_DEMO_DATA
21,Mumbai Coast,19.14613,73.0141,2025-01-03 10:17:01,26.885,0.185,1.544,10.349,0,none,SYNTHETIC_DEMO_DATA
22,Chennai Coast,13.04897,80.55618,2025-01-03 13:11:52,27.852,-0.049,1.345,13.45,0,none,SYNTHETIC_DEMO_DATA
23,Odisha Coast,19.93445,85.46129,2025-01-03 16:06:43,25.907,-1.794,1.564,8.913,0,none,SYNTHETIC_DEMO_DATA
24,Lakshadweep,10.49056,72.57351,2025-01-03 19:01:34,26.671,-0.53,0.828,8.225,1,anticyclonic,SYNTHETIC_DEMO_DATA
25,Goa Coast,15.49401,73.59018,2025-01-03 21:56:25,25.113,-1.788,1.719,8.322,1,cyclonic,SYNTHETIC_DEMO_DATA
26,Gujarat Coast,22.35536,69.32992,2025-01-04 00:51:16,27.046,0.845,0.67,4.867,1,anticyclonic,SYNTHETIC_DEMO_DATA
27,Kerala Coast,10.25001,76.35449,2025-01-04 03:46:07,26.765,-0.236,1.951,15.459,0,none,SYNTHETIC_DEMO_DATA
28,Andaman & Nicobar,11.42001,92.94198,2025-01-04 06:40:58,27.658,-0.043,1.139,7.69,1,cyclonic,SYNTHETIC_DEMO_DATA
29,Mumbai Coast,18.86059,72.86211,2025-01-04 09:35:49,28.003,1.302,2.711,12.939,1,anticyclonic,SYNTHETIC_DEMO_DATA
30,Kerala Coast,9.87693,76.1775,2025-01-04 12:30:40,28.889,1.888,0.799,6.133,0,none,SYNTHETIC_DEMO_DATA
31,Kerala Coast,9.77756,76.23592,2025-01-04 15:25:31,27.219,0.218,1.921,15.647,1,cyclonic,SYNTHETIC_DEMO_DATA
32,Visakhapatnam,17.59155,83.26017,2025-01-04 18:20:22,28.34,1.139,0.649,6.357,0,none,SYNTHETIC_DEMO_DATA
33,Sundarbans,22.44436,89.2141,2025-01-04 21:15:13,28.562,1.661,1.986,12.857,1,anticyclonic,SYNTHETIC_DEMO_DATA
34,Mumbai Coast,18.72824,72.86589,2025-01-05 00:10:04,25.977,-0.724,1.166,11.988,1,cyclonic,SYNTHETIC_DEMO_DATA
35,Andaman & Nicobar,11.63555,92.81624,2025-01-05 03:04:55,27.806,0.105,2.138,17.285,1,anticyclonic,SYNTHETIC_DEMO_DATA
36,Sundarbans,22.01671,89.2171,2025-01-05 05:59:47,26.867,-0.034,1.737,12.319,1,anticyclonic,SYNTHETIC_DEMO_DATA
37,Andaman & Nicobar,11.70215,93.26635,2025-01-05 08:54:38,28.369,0.668,1.416,7.584,0,none,SYNTHETIC_DEMO_DATA
38,Andaman & Nicobar,11.60036,92.64969,2025-01-05 11:49:29,27.973,0.272,1.921,14.864,0,none,SYNTHETIC_DEMO_DATA
39,Visakhapatnam,17.81542,83.296,2025-01-05 14:44:20,27.753,0.552,0.246,1.172,0,none,SYNTHETIC_DEMO_DATA
40,Gujarat Coast,22.25871,69.80495,2025-01-05 17:39:11,27.085,0.884,0.837,8.227,0,none,SYNTHETIC_DEMO_DATA
41,Odisha Coast,19.55661,86.07165,2025-01-05 20:34:02,26.372,-1.329,2.346,17.39,1,cyclonic,SYNTHETIC_DEMO_DATA
42,Goa Coast,15.59916,74.04947,2025-01-05 23:28:53,26.219,-0.682,1.031,10.152,1,cyclonic,SYNTHETIC_DEMO_DATA
43,Goa Coast,15.5584,73.70051,2025-01-06 02:23:44,26.027,-0.874,1.555,6.845,0,none,SYNTHETIC_DEMO_DATA
44,Chennai Coast,12.69664,80.0436,2025-01-06 05:18:35,29.296,1.395,1.006,11.838,1,anticyclonic,SYNTHETIC_DEMO_DATA
45,Sundarbans,22.06079,89.0634,2025-01-06 08:13:26,27.022,0.121,2.206,21.464,1,anticyclonic,SYNTHETIC_DEMO_DATA
46,Lakshadweep,10.59764,72.85749,2025-01-06 11:08:17,27.82,0.619,1.621,12.835,0,none,SYNTHETIC_DEMO_DATA
47,Kerala Coast,9.55289,76.1905,2025-01-06 14:03:08,26.138,-0.863,1.201,14.384,1,anticyclonic,SYNTHETIC_DEMO_DATA
48,Andaman & Nicobar,11.82406,92.82513,2025-01-06 16:57:59,27.281,-0.42,0.858,8.416,1,cyclonic,SYNTHETIC_DEMO_DATA
49,Gujarat Coast,21.99275,69.30456,2025-01-06 19:52:50,25.978,-0.223,0.833,10.246,1,anticyclonic,SYNTHETIC_DEMO_DATA
50,Goa Coast,15.27526,73.48468,2025-01-06 22:47:41,26.178,-0.723,0.901,8.846,0,none,SYNTHETIC_DEMO_DATA
51,Goa Coast,15.48193,73.39096,2025-01-07 01:42:32,26.953,0.052,0.853,5.538,0,none,SYNTHETIC_DEMO_DATA
52,Odisha Coast,20.19543,85.9885,2025-01-07 04:37:23,26.678,-1.023,1.863,11.85,0,none,SYNTHETIC_DEMO_DATA
53,Chennai Coast,13.27572,80.16234,2025-01-07 07:32:15,28.478,0.577,1.357,6.266,1,cyclonic,SYNTHETIC_DEMO_DATA
54,Kerala Coast,9.5508,76.55422,2025-01-07 10:27:06,27.441,0.44,1.988,16.98,1,cyclonic,SYNTHETIC_DEMO_DATA
55,Kerala Coast,10.07658,76.32311,2025-01-07 13:21:57,26.775,-0.226,1.671,15.247,1,anticyclonic,SYNTHETIC_DEMO_DATA
56,Sundarbans,21.91375,89.26954,2025-01-07 16:16:48,26.4,-0.5,1.701,12.496,0,none,SYNTHETIC_DEMO_DATA
57,Mumbai Coast,19.26364,72.89694,2025-01-07 19:11:39,26.552,-0.149,1.062,9.104,0,none,SYNTHETIC_DEMO_DATA
58,Odisha Coast,19.76672,85.70019,2025-01-07 22:06:30,27.107,-0.594,1.853,15.183,0,none,SYNTHETIC_DEMO_DATA
59,Goa Coast,15.45603,74.10626,2025-01-08 01:01:21,27.582,0.681,1.635,14.652,0,none,SYNTHETIC_DEMO_DATA
60,Gujarat Coast,22.71091,69.61569,2025-01-08 03:56:12,26.364,0.163,1.379,11.705,0,none,SYNTHETIC_DEMO_DATA
61,Lakshadweep,10.76365,73.12356,2025-01-08 06:51:03,25.883,-1.318,0.651,4.401,1,anticyclonic,SYNTHETIC_DEMO_DATA
62,Goa Coast,15.34973,73.89964,2025-01-08 09:45:54,27.743,0.842,1.593,12.161,0,none,SYNTHETIC_DEMO_DATA
63,Chennai Coast,13.02728,80.53728,2025-01-08 12:40:45,27.829,-0.072,1.638,6.764,0,none,SYNTHETIC_DEMO_DATA
64,Lakshadweep,10.63959,72.59343,2025-01-08 15:35:36,27.523,0.322,1.356,13.083,0,none,SYNTHETIC_DEMO_DATA
65,Kerala Coast,9.6578,76.6647,2025-01-08 18:30:27,26.494,-0.507,0.935,10.544,0,none,SYNTHETIC_DEMO_DATA
66,Chennai Coast,12.81554,80.52656,2025-01-08 21:25:18,26.92,-0.981,0.866,6.565,0,none,SYNTHETIC_DEMO_DATA
67,Lakshadweep,10.54059,72.65612,2025-01-09 00:20:09,27.565,0.364,0.982,7.813,1,anticyclonic,SYNTHETIC_DEMO_DATA
68,Chennai Coast,13.64906,80.19504,2025-01-09 03:15:00,27.363,-0.538,2.198,9.401,0,none,SYNTHETIC_DEMO_DATA
69,Sundarbans,21.82364,89.14441,2025-01-09 06:09:51,25.883,-1.017,2.015,14.483,0,none,SYNTHETIC_DEMO_DATA
70,Kerala Coast,9.84211,76.00122,2025-01-09 09:04:43,26.276,-0.725,1.279,9.314,1,cyclonic,SYNTHETIC_DEMO_DATA
71,Goa Coast,15.39143,73.73462,2025-01-09 11:59:34,26.764,-0.137,1.501,12.954,0,none,SYNTHETIC_DEMO_DATA
72,Odisha Coast,19.80023,85.91068,2025-01-09 14:54:25,28.62,0.919,1.832,10.505,1,anticyclonic,SYNTHETIC_DEMO_DATA
73,Kerala Coast,9.97706,76.04496,2025-01-09 17:49:16,28.146,1.145,0.893,10.593,1,cyclonic,SYNTHETIC_DEMO_DATA
74,Odisha Coast,20.3679,86.00327,2025-01-09 20:44:07,27.422,-0.279,1.322,7.754,0,none,SYNTHETIC_DEMO_DATA
75,Gujarat Coast,22.38347,69.93285,2025-01-09 23:38:58,25.809,-0.392,0.755,9.209,0,none,SYNTHETIC_DEMO_DATA
76,Kerala Coast,9.94123,76.07378,2025-01-10 02:33:49,25.87,-1.131,2.014,7.704,1,anticyclonic,SYNTHETIC_DEMO_DATA
77,Chennai Coast,13.56926,79.95102,2025-01-10 05:28:40,29.839,1.938,0.613,4.025,1,cyclonic,SYNTHETIC_DEMO_DATA
78,Visakhapatnam,17.6925,83.39767,2025-01-10 08:23:31,26.356,-0.845,1.832,10.121,1,cyclonic,SYNTHETIC_DEMO_DATA
79,Mumbai Coast,19.19741,72.80988,2025-01-10 11:18:22,26.119,-0.582,1.258,16.341,0,none,SYNTHETIC_DEMO_DATA
80,Gujarat Coast,22.4034,69.50898,2025-01-10 14:13:13,25.707,-0.494,0.903,10.289,1,cyclonic,SYNTHETIC_DEMO_DATA
81,Lakshadweep,10.51887,72.56849,2025-01-10 17:08:04,27.553,0.352,0.605,4.194,1,cyclonic,SYNTHETIC_DEMO_DATA
82,Kerala Coast,10.10904,76.32466,2025-01-10 20:02:55,27.377,0.376,2.996,21.284,0,none,SYNTHETIC_DEMO_DATA
83,Odisha Coast,19.85908,85.90236,2025-01-10 22:57:46,27.186,-0.515,1.178,4.812,0,none,SYNTHETIC_DEMO_DATA
84,Andaman & Nicobar,11.70525,92.67844,2025-01-11 01:52:37,27.581,-0.119,1.409,12.121,0,none,SYNTHETIC_DEMO_DATA
85,Gujarat Coast,22.41775,69.58032,2025-01-11 04:47:28,26.346,0.145,0.901,2.976,0,none,SYNTHETIC_DEMO_DATA
86,Goa Coast,15.39382,73.75087,2025-01-11 07:42:19,26.604,-0.296,1.434,7.773,1,cyclonic,SYNTHETIC_DEMO_DATA
87,Sundarbans,22.06007,89.34354,2025-01-11 10:37:11,26.278,-0.622,2.312,16.021,1,anticyclonic,SYNTHETIC_DEMO_DATA
88,Chennai Coast,13.30539,80.46493,2025-01-11 13:32:02,27.101,-0.8,0.824,4.711,0,none,SYNTHETIC_DEMO_DATA
89,Goa Coast,15.36818,74.10657,2025-01-11 16:26:53,29.664,2.763,2.083,9.835,0,none,SYNTHETIC_DEMO_DATA
90,Andaman & Nicobar,11.60295,92.54806,2025-01-11 19:21:44,26.636,-1.065,1.176,12.915,0,none,SYNTHETIC_DEMO_DATA
91,Kerala Coast,9.78076,76.05582,2025-01-11 22:16:35,26.372,-0.629,1.624,11.183,0,none,SYNTHETIC_DEMO_DATA
92,Andaman & Nicobar,11.85526,92.45934,2025-01-12 01:11:26,26.068,-1.633,2.447,18.711,1,cyclonic,SYNTHETIC_DEMO_DATA
93,Andaman & Nicobar,11.80012,92.77078,2025-01-12 04:06:17,28.083,0.382,1.239,18.073,0,none,SYNTHETIC_DEMO_DATA
94,Chennai Coast,13.31249,80.41093,2025-01-12 07:01:08,28.064,0.163,0.479,4.163,0,none,SYNTHETIC_DEMO_DATA
95,Andaman & Nicobar,12.03313,92.60646,2025-01-12 09:55:59,28.486,0.785,1.71,10.145,1,anticyclonic,SYNTHETIC_DEMO_DATA
96,Visakhapatnam,17.65318,82.96575,2025-01-12 12:50:50,26.891,-0.31,0.133,9.198,1,anticyclonic,SYNTHETIC_DEMO_DATA
97,Visakhapatnam,17.66392,83.30277,2025-01-12 15:45:41,27.261,0.06,0.852,5.588,0,none,SYNTHETIC_DEMO_DATA
98,Gujarat Coast,22.71833,69.66725,2025-01-12 18:40:32,26.398,0.197,1.873,3.267,0,none,SYNTHETIC_DEMO_DATA
99,Gujarat Coast,22.50901,69.6944,2025-01-12 21:35:23,27.424,1.223,1.178,6.542,1,anticyclonic,SYNTHETIC_DEMO_DATA
100,Odisha Coast,19.64125,85.37896,2025-01-13 00:30:14,27.772,0.071,1.393,11.235,1,cyclonic,SYNTHETIC_DEMO_DATA
101,Andaman & Nicobar,11.93375,92.74966,2025-01-13 03:25:05,27.229,-0.472,1.177,5.972,1,cyclonic,SYNTHETIC_DEMO_DATA
102,Odisha Coast,19.74391,85.77333,2025-01-13 06:19:56,28.726,1.025,1.44,11.588,0,none,SYNTHETIC_DEMO_DATA
103,Andaman & Nicobar,11.72353,92.91401,2025-01-13 09:14:47,28.844,1.143,1.615,6.827,0,none,SYNTHETIC_DEMO_DATA
104,Sundarbans,21.81086,88.97922,2025-01-13 12:09:38,25.706,-1.195,2.465,14.331,1,anticyclonic,SYNTHETIC_DEMO_DATA
105,Goa Coast,15.05835,73.82257,2025-01-13 15:04:30,26.916,0.015,1.06,3.483,0,none,SYNTHETIC_DEMO_DATA
106,Goa Coast,15.56634,73.81933,2025-01-13 17:59:21,26.891,-0.01,2.207,10.436,1,anticyclonic,SYNTHETIC_DEMO_DATA
107,Goa Coast,15.53314,73.82162,2025-01-13 20:54:12,28.256,1.355,1.134,8.726,1,anticyclonic,SYNTHETIC_DEMO_DATA
108,Gujarat Coast,22.19996,69.30239,2025-01-13 23:49:03,27.482,1.281,1.29,8.789,1,anticyclonic,SYNTHETIC_DEMO_DATA
109,Kerala Coast,9.58224,76.05875,2025-01-14 02:43:54,26.051,-0.95,1.908,15.52,1,anticyclonic,SYNTHETIC_DEMO_DATA
110,Goa Coast,15.26868,73.96811,2025-01-14 05:38:45,27.353,0.452,1.935,10.718,0,none,SYNTHETIC_DEMO_DATA
111,Visakhapatnam,17.78248,83.3783,2025-01-14 08:33:36,27.019,-0.182,1.116,7.432,0,none,SYNTHETIC_DEMO_DATA
112,Goa Coast,15.3104,73.34233,2025-01-14 11:28:27,27.02,0.119,0.745,12.515,1,anticyclonic,SYNTHETIC_DEMO_DATA
113,Mumbai Coast,18.87807,72.88606,2025-01-14 14:23:18,26.658,-0.043,1.63,19.072,1,cyclonic,SYNTHETIC_DEMO_DATA
114,Kerala Coast,10.26178,75.70753,2025-01-14 17:18:09,26.967,-0.034,1.622,9.922,0,none,SYNTHETIC_DEMO_DATA
115,Mumbai Coast,19.01265,72.58012,2025-01-14 20:13:00,27.917,1.216,0.775,2.725,1,anticyclonic,SYNTHETIC_DEMO_DATA
116,Mumbai Coast,18.9791,72.80324,2025-01-14 23:07:51,25.403,-1.298,1.801,11.217,0,none,SYNTHETIC_DEMO_DATA
117,Sundarbans,21.9803,89.23509,2025-01-15 02:02:42,26.025,-0.876,1.658,14.045,0,none,SYNTHETIC_DEMO_DATA
118,Odisha Coast,19.87306,85.68138,2025-01-15 04:57:33,28.564,0.863,1.698,11.239,1,anticyclonic,SYNTHETIC_DEMO_DATA
119,Visakhapatnam,17.57782,83.44188,2025-01-15 07:52:24,26.915,-0.286,0.784,5.291,0,none,SYNTHETIC_DEMO_DATA
120,Odisha Coast,19.78879,85.77165,2025-01-15 10:47:15,27.076,-0.625,2.025,15.367,1,anticyclonic,SYNTHETIC_DEMO_DATA
121,Kerala Coast,10.10328,76.32006,2025-01-15 13:42:06,27.136,0.135,2.111,20.141,0,none,SYNTHETIC_DEMO_DATA
122,Gujarat Coast,22.62018,69.64,2025-01-15 16:36:58,26.773,0.572,1.282,4.365,1,anticyclonic,SYNTHETIC_DEMO_DATA
123,Gujarat Coast,22.69624,69.71585,2025-01-15 19:31:49,27.114,0.913,0.816,3.055,0,none,SYNTHETIC_DEMO_DATA
124,Kerala Coast,9.80907,76.15631,2025-01-15 22:26:40,26.969,-0.032,1.186,13.748,0,none,SYNTHETIC_DEMO_DATA
125,Andaman & Nicobar,11.64948,92.61089,2025-01-16 01:21:31,26.831,-0.87,2.086,10.256,1,cyclonic,SYNTHETIC_DEMO_DATA
126,Mumbai Coast,19.13047,72.94612,2025-01-16 04:16:22,28.331,1.63,1.063,7.73,1,cyclonic,SYNTHETIC_DEMO_DATA
127,Sundarbans,21.9673,89.00011,2025-01-16 07:11:13,27.045,0.144,1.791,14.443,1,anticyclonic,SYNTHETIC_DEMO_DATA
128,Goa Coast,15.42025,73.87521,2025-01-16 10:06:04,25.727,-1.174,2.302,15.533,0,none,SYNTHETIC_DEMO_DATA
129,Mumbai Coast,19.37125,73.06812,2025-01-16 13:00:55,26.081,-0.62,1.141,13.267,0,none,SYNTHETIC_DEMO_DATA
130,Gujarat Coast,22.03699,69.31697,2025-01-16 15:55:46,27.046,0.845,1.169,10.086,0,none,SYNTHETIC_DEMO_DATA
131,Mumbai Coast,18.89712,72.66862,2025-01-16 18:50:37,26.681,-0.02,1.749,7.517,1,anticyclonic,SYNTHETIC_DEMO_DATA
132,Mumbai Coast,19.07532,72.87091,2025-01-16 21:45:28,25.814,-0.887,0.493,12.106,0,none,SYNTHETIC_DEMO_DATA
133,Sundarbans,22.06732,89.21916,2025-01-17 00:40:19,27.213,0.312,0.888,7.923,0,none,SYNTHETIC_DEMO_DATA
134,Mumbai Coast,18.77145,72.76841,2025-01-17 03:35:10,25.428,-1.273,1.043,12.086,0,none,SYNTHETIC_DEMO_DATA
135,Goa Coast,15.38791,73.59189,2025-01-17 06:30:01,26.066,-0.835,0.996,13.709,1,cyclonic,SYNTHETIC_DEMO_DATA
136,Chennai Coast,12.92577,79.93972,2025-01-17 09:24:52,26.454,-1.447,1.247,5.436,1,cyclonic,SYNTHETIC_DEMO_DATA
137,Gujarat Coast,22.24545,69.52204,2025-01-17 12:19:43,25.42,-0.781,0.94,9.642,0,none,SYNTHETIC_DEMO_DATA
138,Sundarbans,21.95781,89.26308,2025-01-17 15:14:34,26.39,-0.511,1.257,10.005,0,none,SYNTHETIC_DEMO_DATA
139,Chennai Coast,13.18185,80.21945,2025-01-17 18:09:26,27.199,-0.702,1.76,10.248,0,none,SYNTHETIC_DEMO_DATA
140,Kerala Coast,10.08907,76.5993,2025-01-17 21:04:17,27.524,0.523,2.301,13.285,0,none,SYNTHETIC_DEMO_DATA
141,Lakshadweep,10.57261,72.36658,2025-01-17 23:59:08,26.736,-0.465,0.527,9.233,0,none,SYNTHETIC_DEMO_DATA
142,Visakhapatnam,17.67333,83.22933,2025-01-18 02:53:59,27.597,0.396,1.809,16.47,1,anticyclonic,SYNTHETIC_DEMO_DATA
143,Visakhapatnam,17.67159,83.13361,2025-01-18 05:48:50,28.316,1.115,1.99,6.647,1,anticyclonic,SYNTHETIC_DEMO_DATA
144,Kerala Coast,9.9513,76.37228,2025-01-18 08:43:41,27.058,0.057,1.376,12.504,0,none,SYNTHETIC_DEMO_DATA
145,Lakshadweep,10.30282,72.71595,2025-01-18 11:38:32,26.63,-0.571,0.786,12.297,0,none,SYNTHETIC_DEMO_DATA
146,Andaman & Nicobar,11.81343,92.59765,2025-01-18 14:33:23,27.2,-0.501,1.918,11.354,0,none,SYNTHETIC_DEMO_DATA
147,Sundarbans,22.16091,89.24498,2025-01-18 17:28:14,28.084,1.183,1.251,5.51,1,cyclonic,SYNTHETIC_DEMO_DATA
148,Visakhapatnam,17.28933,83.36813,2025-01-18 20:23:05,27.673,0.472,1.635,5.555,1,cyclonic,SYNTHETIC_DEMO_DATA
149,Andaman & Nicobar,11.55102,92.50688,2025-01-18 23:17:56,27.972,0.271,1.939,13.894,0,none,SYNTHETIC_DEMO_DATA
150,Sundarbans,22.31079,89.20692,2025-01-19 02:12:47,26.074,-0.827,2.028,13.577,1,cyclonic,SYNTHETIC_DEMO_DATA
151,Andaman & Nicobar,12.06557,93.06452,2025-01-19 05:07:38,28.02,0.319,1.562,10.365,0,none,SYNTHETIC_DEMO_DATA
152,Visakhapatnam,17.67392,83.08635,2025-01-19 08:02:29,26.749,-0.452,0.319,8.471,0,none,SYNTHETIC_DEMO_DATA
153,Lakshadweep,10.50522,72.69834,2025-01-19 10:57:20,28.626,1.426,2.092,13.685,0,none,SYNTHETIC_DEMO_DATA
154,Visakhapatnam,17.93503,83.08657,2025-01-19 13:52:11,26.199,-1.001,0.306,3.039,1,anticyclonic,SYNTHETIC_DEMO_DATA
155,Kerala Coast,10.16767,76.20758,2025-01-19 16:47:02,27.926,0.925,2.344,15.637,1,cyclonic,SYNTHETIC_DEMO_DATA
156,Gujarat Coast,22.05785,69.78859,2025-01-19 19:41:54,25.7,-0.501,0.865,1.564,1,anticyclonic,SYNTHETIC_DEMO_DATA
157,Odisha Coast,19.88464,85.92674,2025-01-19 22:36:45,28.63,0.929,1.364,10.278,0,none,SYNTHETIC_DEMO_DATA
158,Mumbai Coast,19.20492,72.94484,2025-01-20 01:31:36,26.589,-0.112,2.159,15.172,0,none,SYNTHETIC_DEMO_DATA
159,Mumbai Coast,18.77367,72.94708,2025-01-20 04:26:27,26.714,0.013,1.361,11.522,0,none,SYNTHETIC_DEMO_DATA
160,Goa Coast,15.56048,73.70986,2025-01-20 07:21:18,25.121,-1.78,1.055,10.442,0,none,SYNTHETIC_DEMO_DATA
161,Lakshadweep,10.48854,72.55934,2025-01-20 10:16:09,27.744,0.543,1.277,5.78,0,none,SYNTHETIC_DEMO_DATA
162,Gujarat Coast,22.33329,69.67143,2025-01-20 13:11:00,25.231,-0.97,1.451,4.741,1,anticyclonic,SYNTHETIC_DEMO_DATA
163,Kerala Coast,9.80343,76.23541,2025-01-20 16:05:51,25.926,-1.075,1.8,11.114,1,cyclonic,SYNTHETIC_DEMO_DATA
164,Kerala Coast,9.61724,76.39424,2025-01-20 19:00:42,26.324,-0.677,1.683,12.903,1,cyclonic,SYNTHETIC_DEMO_DATA
165,Kerala Coast,10.11694,76.34863,2025-01-20 21:55:33,27.232,0.231,1.782,14.87,0,none,SYNTHETIC_DEMO_DATA
166,Andaman & Nicobar,11.60157,92.52338,2025-01-21 00:50:24,27.619,-0.082,1.328,16.521,1,cyclonic,SYNTHETIC_DEMO_DATA
167,Chennai Coast,12.68082,80.57388,2025-01-21 03:45:15,28.258,0.357,0.989,1.349,0,none,SYNTHETIC_DEMO_DATA
168,Odisha Coast,19.82884,85.90868,2025-01-21 06:40:06,27.563,-0.138,1.158,8.099,0,none,SYNTHETIC_DEMO_DATA
169,Chennai Coast,12.95065,80.37458,2025-01-21 09:34:57,27.638,-0.263,0.882,8.691,1,anticyclonic,SYNTHETIC_DEMO_DATA
170,Sundarbans,22.07015,89.00078,2025-01-21 12:29:48,27.428,0.527,1.834,11.983,1,anticyclonic,SYNTHETIC_DEMO_DATA
171,Odisha Coast,19.90614,85.86335,2025-01-21 15:24:39,29.757,2.056,1.486,11.57,1,anticyclonic,SYNTHETIC_DEMO_DATA
172,Sundarbans,21.84131,89.40948,2025-01-21 18:19:30,26.935,0.034,1.359,2.252,0,none,SYNTHETIC_DEMO_DATA
173,Goa Coast,15.12625,73.52979,2025-01-21 21:14:22,27.795,0.894,1.211,7.031,0,none,SYNTHETIC_DEMO_DATA
174,Goa Coast,15.5165,73.73258,2025-01-22 00:09:13,27.369,0.468,1.897,14.494,0,none,SYNTHETIC_DEMO_DATA
175,Gujarat Coast,22.28881,69.95382,2025-01-22 03:04:04,27.102,0.901,2.047,9.124,1,cyclonic,SYNTHETIC_DEMO_DATA
176,Kerala Coast,10.15357,76.20782,2025-01-22 05:58:55,26.192,-0.809,1.426,12.734,0,none,SYNTHETIC_DEMO_DATA
177,Goa Coast,15.51925,73.78915,2025-01-22 08:53:46,26.588,-0.313,0.769,3.716,0,none,SYNTHETIC_DEMO_DATA
178,Odisha Coast,19.76408,85.82774,2025-01-22 11:48:37,28.858,1.157,1.17,14.518,0,none,SYNTHETIC_DEMO_DATA
179,Lakshadweep,10.80983,72.88111,2025-01-22 14:43:28,26.971,-0.23,1.177,11.849,1,anticyclonic,SYNTHETIC_DEMO_DATA
180,Mumbai Coast,19.17641,72.74756,2025-01-22 17:38:19,26.995,0.295,2.356,15.476,0,none,SYNTHETIC_DEMO_DATA
181,Lakshadweep,10.66091,72.65028,2025-01-22 20:33:10,27.009,-0.192,1.301,11.286,1,cyclonic,SYNTHETIC_DEMO_DATA
182,Odisha Coast,19.91038,85.77117,2025-01-22 23:28:01,26.693,-1.008,1.613,11.466,0,none,SYNTHETIC_DEMO_DATA
183,Kerala Coast,10.08282,76.31907,2025-01-23 02:22:52,24.778,-2.223,2.993,15.669,0,none,SYNTHETIC_DEMO_DATA
184,Gujarat Coast,22.11766,69.75611,2025-01-23 05:17:43,27.477,1.276,0.951,5.973,1,cyclonic,SYNTHETIC_DEMO_DATA
185,Kerala Coast,9.851,76.1571,2025-01-23 08:12:34,26.836,-0.165,1.462,8.845,1,anticyclonic,SYNTHETIC_DEMO_DATA
186,Kerala Coast,9.63603,76.31478,2025-01-23 11:07:25,26.958,-0.043,1.535,14.571,0,none,SYNTHETIC_DEMO_DATA
187,Odisha Coast,19.64648,85.63412,2025-01-23 14:02:16,27.624,-0.077,1.798,13.902,0,none,SYNTHETIC_DEMO_DATA
188,Chennai Coast,13.15796,80.20966,2025-01-23 16:57:07,28.507,0.606,1.002,7.869,0,none,SYNTHETIC_DEMO_DATA
189,Visakhapatnam,17.45059,83.61787,2025-01-23 19:51:58,27.014,-0.187,1.792,9.604,0,none,SYNTHETIC_DEMO_DATA
190,Chennai Coast,12.81357,80.42909,2025-01-23 22:46:50,27.186,-0.715,0.886,9.655,1,anticyclonic,SYNTHETIC_DEMO_DATA
191,Gujarat Coast,22.04213,69.53299,2025-01-24 01:41:41,25.527,-0.674,1.493,4.616,0,none,SYNTHETIC_DEMO_DATA
192,Gujarat Coast,22.24528,69.55715,2025-01-24 04:36:32,25.15,-1.051,1.524,9.682,1,cyclonic,SYNTHETIC_DEMO_DATA
193,Gujarat Coast,22.25783,69.57164,2025-01-24 07:31:23,26.185,-0.016,1.417,12.388,1,cyclonic,SYNTHETIC_DEMO_DATA
194,Chennai Coast,13.33742,80.14167,2025-01-24 10:26:14,29.576,1.675,0.69,5.654,0,none,SYNTHETIC_DEMO_DATA
195,Lakshadweep,10.55664,73.05664,2025-01-24 13:21:05,28.57,1.369,1.463,8.133,1,anticyclonic,SYNTHETIC_DEMO_DATA
196,Sundarbans,21.96319,89.52288,2025-01-24 16:15:56,26.724,-0.177,1.471,9.121,1,cyclonic,SYNTHETIC_DEMO_DATA
197,Chennai Coast,12.92513,80.47521,2025-01-24 19:10:47,28.068,0.167,0.789,8.035,0,none,SYNTHETIC_DEMO_DATA
198,Odisha Coast,19.814,86.00876,2025-01-24 22:05:38,27.621,-0.08,0.771,5.467,1,anticyclonic,SYNTHETIC_DEMO_DATA
199,Chennai Coast,13.33108,80.09938,2025-01-25 01:00:29,28.476,0.575,0.944,4.691,1,anticyclonic,SYNTHETIC_DEMO_DATA
200,Lakshadweep,10.34061,72.72576,2025-01-25 03:55:20,25.578,-1.623,2.165,13.219,1,anticyclonic,SYNTHETIC_DEMO_DATA
201,Chennai Coast,13.13637,80.01386,2025-01-25 06:50:11,27.464,-0.437,0.897,6.089,0,none,SYNTHETIC_DEMO_DATA
202,Lakshadweep,10.35408,72.83815,2025-01-25 09:45:02,26.043,-1.158,2.612,17.458,1,anticyclonic,SYNTHETIC_DEMO_DATA
203,Kerala Coast,9.8294,76.32596,2025-01-25 12:39:53,27.193,0.192,1.613,15.498,1,anticyclonic,SYNTHETIC_DEMO_DATA
204,Gujarat Coast,22.42445,69.4391,2025-01-25 15:34:44,26.714,0.513,1.409,4.704,0,none,SYNTHETIC_DEMO_DATA
205,Kerala Coast,10.29929,76.21826,2025-01-25 18:29:35,26.198,-0.803,1.64,11.097,0,none,SYNTHETIC_DEMO_DATA
206,Visakhapatnam,17.61193,83.04105,2025-01-25 21:24:26,28.389,1.188,1.393,6.076,1,cyclonic,SYNTHETIC_DEMO_DATA
207,Goa Coast,15.70675,73.63852,2025-01-26 00:19:17,26.553,-0.348,1.42,11.135,0,none,SYNTHETIC_DEMO_DATA
208,Lakshadweep,10.94815,72.62093,2025-01-26 03:14:09,27.162,-0.039,1.482,4.415,1,cyclonic,SYNTHETIC_DEMO_DATA
209,Visakhapatnam,17.73113,83.40013,2025-01-26 06:09:00,27.335,0.134,1.67,15.825,0,none,SYNTHETIC_DEMO_DATA
210,Goa Coast,15.48566,73.69713,2025-01-26 09:03:51,27.932,1.031,1.509,7.071,1,anticyclonic,SYNTHETIC_DEMO_DATA
211,Visakhapatnam,17.3422,83.04549,2025-01-26 11:58:42,27.029,-0.172,1.057,5.442,0,none,SYNTHETIC_DEMO_DATA
212,Goa Coast,15.48137,73.8536,2025-01-26 14:53:33,28.685,1.784,1.245,5.823,1,anticyclonic,SYNTHETIC_DEMO_DATA
213,Goa Coast,15.57269,73.80246,2025-01-26 17:48:24,27.233,0.332,0.986,6.088,1,cyclonic,SYNTHETIC_DEMO_DATA
214,Kerala Coast,10.16054,76.58428,2025-01-26 20:43:15,26.814,-0.187,1.173,11.861,0,none,SYNTHETIC_DEMO_DATA
215,Goa Coast,15.27289,73.77834,2025-01-26 23:38:06,26.712,-0.189,1.169,10.046,0,none,SYNTHETIC_DEMO_DATA
216,Visakhapatnam,17.54896,83.47042,2025-01-27 02:32:57,27.669,0.468,1.625,10.599,0,none,SYNTHETIC_DEMO_DATA
217,Sundarbans,21.95754,89.25663,2025-01-27 05:27:48,26.482,-0.419,2.06,19.231,0,none,SYNTHETIC_DEMO_DATA
218,Sundarbans,22.07473,89.05431,2025-01-27 08:22:39,28.248,1.347,0.767,3.316,1,cyclonic,SYNTHETIC_DEMO_DATA
219,Kerala Coast,10.03193,76.21986,2025-01-27 11:17:30,26.638,-0.363,1.742,11.048,0,none,SYNTHETIC_DEMO_DATA
220,Lakshadweep,10.57393,72.48274,2025-01-27 14:12:21,26.821,-0.38,1.086,6.922,0,none,SYNTHETIC_DEMO_DATA
221,Odisha Coast,19.67621,85.77705,2025-01-27 17:07:12,27.563,-0.138,1.237,8.4,1,cyclonic,SYNTHETIC_DEMO_DATA
222,Kerala Coast,9.87635,75.92561,2025-01-27 20:02:03,26.802,-0.199,1.66,11.364,0,none,SYNTHETIC_DEMO_DATA
223,Goa Coast,15.81309,73.6267,2025-01-27 22:56:54,28.101,1.2,0.839,6.864,1,anticyclonic,SYNTHETIC_DEMO_DATA
224,Visakhapatnam,17.57296,82.94063,2025-01-28 01:51:45,28.666,1.465,1.368,4.783,0,none,SYNTHETIC_DEMO_DATA
225,Goa Coast,15.78464,73.67437,2025-01-28 04:46:37,27.43,0.529,1.93,12.104,0,none,SYNTHETIC_DEMO_DATA
226,Chennai Coast,13.25676,80.19244,2025-01-28 07:41:28,29.399,1.498,1.282,13.056,0,none,SYNTHETIC_DEMO_DATA
227,Andaman & Nicobar,12.05138,92.89098,2025-01-28 10:36:19,26.817,-0.884,1.312,11.42,0,none,SYNTHETIC_DEMO_DATA
228,Mumbai Coast,18.63689,73.12402,2025-01-28 13:31:10,27.238,0.537,1.492,9.709,0,none,SYNTHETIC_DEMO_DATA
229,Mumbai Coast,18.93899,72.8468,2025-01-28 16:26:01,27.548,0.847,0.82,8.589,0,none,SYNTHETIC_DEMO_DATA
230,Odisha Coast,19.8895,85.72605,2025-01-28 19:20:52,28.295,0.594,0.554,7.846,1,anticyclonic,SYNTHETIC_DEMO_DATA
231,Kerala Coast,9.84608,76.27228,2025-01-28 22:15:43,26.992,-0.009,1.207,11.812,0,none,SYNTHETIC_DEMO_DATA
232,Andaman & Nicobar,11.71276,92.41754,2025-01-29 01:10:34,27.798,0.097,1.657,11.38,1,cyclonic,SYNTHETIC_DEMO_DATA
233,Sundarbans,21.67367,89.36828,2025-01-29 04:05:25,26.074,-0.827,1.264,12.137,1,anticyclonic,SYNTHETIC_DEMO_DATA
234,Goa Coast,15.62701,74.25763,2025-01-29 07:00:16,26.635,-0.266,0.954,7.549,1,anticyclonic,SYNTHETIC_DEMO_DATA
235,Kerala Coast,10.09261,76.29311,2025-01-29 09:55:07,26.563,-0.438,1.799,12.434,0,none,SYNTHETIC_DEMO_DATA
236,Goa Coast,15.83198,74.20017,2025-01-29 12:49:58,26.631,-0.27,1.709,17.035,0,none,SYNTHETIC_DEMO_DATA
237,Gujarat Coast,22.51742,69.64184,2025-01-29 15:44:49,24.707,-1.494,1.422,14.503,0,none,SYNTHETIC_DEMO_DATA
238,Kerala Coast,9.79741,76.02739,2025-01-29 18:39:40,27.558,0.557,1.015,12.341,0,none,SYNTHETIC_DEMO_DATA
239,Chennai Coast,12.76406,80.20322,2025-01-29 21:34:31,27.586,-0.315,1.031,4.508,0,none,SYNTHETIC_DEMO_DATA
240,Gujarat Coast,22.55818,69.6394,2025-01-30 00:29:22,26.264,0.063,1.322,4.71,0,none,SYNTHETIC_DEMO_DATA
241,Odisha Coast,19.84822,85.94429,2025-01-30 03:24:13,29.11,1.409,1.699,19.415,1,anticyclonic,SYNTHETIC_DEMO_DATA
242,Mumbai Coast,19.03773,73.00719,2025-01-30 06:19:05,27.47,0.769,0.823,6.862,0,none,SYNTHETIC_DEMO_DATA
243,Sundarbans,22.12361,89.16253,2025-01-30 09:13:56,26.064,-0.837,0.991,12.518,1,cyclonic,SYNTHETIC_DEMO_DATA
244,Gujarat Coast,22.5063,69.56272,2025-01-30 12:08:47,26.65,0.449,0.874,3.321,0,none,SYNTHETIC_DEMO_DATA
245,Gujarat Coast,21.97084,69.67029,2025-01-30 15:03:38,25.584,-0.617,0.911,6.283,1,anticyclonic,SYNTHETIC_DEMO_DATA
246,Sundarbans,21.76799,89.36181,2025-01-30 17:58:29,27.679,0.778,2.131,11.222,1,cyclonic,SYNTHETIC_DEMO_DATA
247,Goa Coast,15.53424,73.74678,2025-01-30 20:53:20,27.035,0.134,1.238,9.742,0,none,SYNTHETIC_DEMO_DATA
248,Kerala Coast,9.89196,76.33762,2025-01-30 23:48:11,26.506,-0.495,1.771,8.676,0,none,SYNTHETIC_DEMO_DATA
249,Goa Coast,15.65659,73.99935,2025-01-31 02:43:02,26.249,-0.652,1.148,11.281,1,cyclonic,SYNTHETIC_DEMO_DATA
250,Sundarbans,21.77494,89.31015,2025-01-31 05:37:53,26.992,0.091,1.896,11.056,0,none,SYNTHETIC_DEMO_DATA
251,Odisha Coast,20.18755,85.77207,2025-01-31 08:32:44,26.804,-0.897,1.374,11.948,0,none,SYNTHETIC_DEMO_DATA
252,Kerala Coast,9.78612,76.54829,2025-01-31 11:27:35,26.665,-0.336,1.489,8.061,1,cyclonic,SYNTHETIC_DEMO_DATA
253,Odisha Coast,19.61665,85.71202,2025-01-31 14:22:26,26.943,-0.758,1.997,17.951,1,anticyclonic,SYNTHETIC_DEMO_DATA
254,Chennai Coast,12.90853,80.32406,2025-01-31 17:17:17,28.032,0.131,1.154,6.016,0,none,SYNTHETIC_DEMO_DATA
255,Gujarat Coast,22.62584,69.60377,2025-01-31 20:12:08,26.065,-0.136,1.538,11.055,0,none,SYNTHETIC_DEMO_DATA
256,Odisha Coast,19.83291,86.3288,2025-01-31 23:06:59,29.058,1.357,1.371,12.519,1,anticyclonic,SYNTHETIC_DEMO_DATA
257,Gujarat Coast,22.42414,69.87416,2025-02-01 02:01:50,25.923,-0.827,0.809,4.213,1,anticyclonic,SYNTHETIC_DEMO_DATA
258,Odisha Coast,19.94957,85.96737,2025-02-01 04:56:41,27.669,-0.581,1.317,11.386,0,none,SYNTHETIC_DEMO_DATA
259,Odisha Coast,19.53959,85.81187,2025-02-01 07:51:33,27.176,-1.074,1.145,7.21,1,cyclonic,SYNTHETIC_DEMO_DATA
260,Mumbai Coast,18.83349,72.26623,2025-02-01 10:46:24,27.989,0.739,1.144,11.816,1,cyclonic,SYNTHETIC_DEMO_DATA
261,Goa Coast,15.42383,73.79668,2025-02-01 13:41:15,28.052,0.602,1.98,10.28,0,none,SYNTHETIC_DEMO_DATA
262,Odisha Coast,19.86222,86.07949,2025-02-01 16:36:06,28.861,0.611,1.512,12.431,1,cyclonic,SYNTHETIC_DEMO_DATA
263,Visakhapatnam,17.77904,83.13995,2025-02-01 19:30:57,28.051,0.301,1.416,8.123,0,none,SYNTHETIC_DEMO_DATA
264,Lakshadweep,10.49155,72.70765,2025-02-01 22:25:48,26.684,-1.066,1.385,13.892,0,none,SYNTHETIC_DEMO_DATA
265,Lakshadweep,10.55908,72.6861,2025-02-02 01:20:39,27.132,-0.618,0.971,7.504,0,none,SYNTHETIC_DEMO_DATA
266,Mumbai Coast,19.03624,72.9151,2025-02-02 04:15:30,27.726,0.476,1.682,14.695,0,none,SYNTHETIC_DEMO_DATA
267,Kerala Coast,9.85083,76.18948,2025-02-02 07:10:21,27.37,-0.18,1.678,10.295,0,none,SYNTHETIC_DEMO_DATA
268,Chennai Coast,13.16278,80.14809,2025-02-02 10:05:12,27.929,-0.521,0.764,7.019,1,anticyclonic,SYNTHETIC_DEMO_DATA
269,Gujarat Coast,22.51711,69.78798,2025-02-02 13:00:03,27.323,0.573,1.38,10.851,0,none,SYNTHETIC_DEMO_DATA
270,Mumbai Coast,19.13506,72.87084,2025-02-02 15:54:54,27.847,0.597,0.951,7.547,0,none,SYNTHETIC_DEMO_DATA
271,Visakhapatnam,17.639,83.49465,2025-02-02 18:49:45,27.084,-0.666,1.739,9.417,0,none,SYNTHETIC_DEMO_DATA
272,Sundarbans,22.08244,89.09796,2025-02-02 21:44:36,26.791,-0.659,0.953,11.848,0,none,SYNTHETIC_DEMO_DATA
273,Odisha Coast,19.59839,85.74738,2025-02-03 00:39:27,27.753,-0.497,1.727,9.186,0,none,SYNTHETIC_DEMO_DATA
274,Lakshadweep,10.31349,72.59901,2025-02-03 03:34:18,28.176,0.426,1.191,6.855,0,none,SYNTHETIC_DEMO_DATA
275,Kerala Coast,10.09361,76.45978,2025-02-03 06:29:09,27.141,-0.409,2.058,10.419,0,none,SYNTHETIC_DEMO_DATA
276,Kerala Coast,9.78984,76.1254,2025-02-03 09:24:01,26.433,-1.117,1.856,9.181,1,cyclonic,SYNTHETIC_DEMO_DATA
277,Kerala Coast,9.7395,76.07603,2025-02-03 12:18:52,27.529,-0.021,1.238,17.172,1,anticyclonic,SYNTHETIC_DEMO_DATA
278,Goa Coast,15.08361,73.82736,2025-02-03 15:13:43,27.017,-0.433,1.962,11.54,1,cyclonic,SYNTHETIC_DEMO_DATA
279,Sundarbans,21.84191,89.13167,2025-02-03 18:08:34,26.587,-0.863,1.776,14.188,0,none,SYNTHETIC_DEMO_DATA
280,Sundarbans,21.85891,88.87003,2025-02-03 21:03:25,26.988,-0.462,1.538,13.471,1,anticyclonic,SYNTHETIC_DEMO_DATA
281,Visakhapatnam,17.78432,83.03327,2025-02-03 23:58:16,28.269,0.519,1.054,8.427,1,anticyclonic,SYNTHETIC_DEMO_DATA
282,Kerala Coast,9.84359,76.68387,2025-02-04 02:53:07,26.6,-0.95,1.44,18.579,0,none,SYNTHETIC_DEMO_DATA
283,Gujarat Coast,22.00053,69.71813,2025-02-04 05:47:58,26.439,-0.311,0.995,12.268,0,none,SYNTHETIC_DEMO_DATA
284,Kerala Coast,9.7727,76.44475,2025-02-04 08:42:49,27.1,-0.45,1.835,10.879,0,none,SYNTHETIC_DEMO_DATA
285,Kerala Coast,9.80676,75.99308,2025-02-04 11:37:40,27.24,-0.31,1.231,10.931,1,cyclonic,SYNTHETIC_DEMO_DATA
286,Lakshadweep,10.68498,72.35788,2025-02-04 14:32:31,27.62,-0.13,1.059,4.415,1,anticyclonic,SYNTHETIC_DEMO_DATA
287,Odisha Coast,19.50046,85.83293,2025-02-04 17:27:22,26.94,-1.31,1.249,5.98,0,none,SYNTHETIC_DEMO_DATA
288,Mumbai Coast,18.92147,72.53094,2025-02-04 20:22:13,26.108,-1.142,1.508,8.925,0,none,SYNTHETIC_DEMO_DATA
289,Mumbai Coast,18.73149,73.10541,2025-02-04 23:17:04,28.524,1.274,1.334,12.612,0,none,SYNTHETIC_DEMO_DATA
290,Kerala Coast,9.93147,76.09936,2025-02-05 02:11:55,27.478,-0.072,1.28,14.322,0,none,SYNTHETIC_DEMO_DATA
291,Andaman & Nicobar,11.80672,92.90727,2025-02-05 05:06:46,28.329,0.079,1.668,9.232,0,none,SYNTHETIC_DEMO_DATA
292,Visakhapatnam,17.53543,83.51979,2025-02-05 08:01:37,28.242,0.492,1.058,7.205,0,none,SYNTHETIC_DEMO_DATA
293,Lakshadweep,10.62534,72.96839,2025-02-05 10:56:28,27.332,-0.418,1.269,9.496,1,cyclonic,SYNTHETIC_DEMO_DATA
294,Chennai Coast,13.38431,80.54598,2025-02-05 13:51:20,28.713,0.263,1.701,9.622,0,none,SYNTHETIC_DEMO_DATA
295,Mumbai Coast,19.2327,72.94343,2025-02-05 16:46:11,26.293,-0.957,2.146,19.037,1,cyclonic,SYNTHETIC_DEMO_DATA
296,Mumbai Coast,18.69043,72.6925,2025-02-05 19:41:02,28.248,0.998,1.547,6.155,1,cyclonic,SYNTHETIC_DEMO_DATA
297,Andaman & Nicobar,11.88543,92.56634,2025-02-05 22:35:53,28.452,0.202,1.855,7.383,0,none,SYNTHETIC_DEMO_DATA
298,Kerala Coast,9.73766,76.39895,2025-02-06 01:30:44,28.758,1.208,1.652,10.411,1,anticyclonic,SYNTHETIC_DEMO_DATA
299,Visakhapatnam,17.54285,83.43944,2025-02-06 04:25:35,27.778,0.028,2.098,10.374,0,none,SYNTHETIC_DEMO_DATA
300,Sundarbans,21.80609,89.11474,2025-02-06 07:20:26,27.322,-0.128,1.768,12.79,0,none,SYNTHETIC_DEMO_DATA
301,Chennai Coast,13.20016,80.61137,2025-02-06 10:15:17,28.581,0.131,1.332,4.871,0,none,SYNTHETIC_DEMO_DATA
302,Andaman & Nicobar,11.99379,92.66011,2025-02-06 13:10:08,28.577,0.327,1.053,7.136,1,cyclonic,SYNTHETIC_DEMO_DATA
303,Sundarbans,21.97097,89.27045,2025-02-06 16:04:59,27.213,-0.237,1.084,8.669,0,none,SYNTHETIC_DEMO_DATA
304,Andaman & Nicobar,12.00179,92.69732,2025-02-06 18:59:50,28.088,-0.162,0.689,9.052,0,none,SYNTHETIC_DEMO_DATA
305,Mumbai Coast,18.7141,72.75157,2025-02-06 21:54:41,27.741,0.491,1.937,15.325,0,none,SYNTHETIC_DEMO_DATA
306,Odisha Coast,19.61875,85.98247,2025-02-07 00:49:32,27.916,-0.334,1.062,8.483,0,none,SYNTHETIC_DEMO_DATA
307,Chennai Coast,13.18383,79.9873,2025-02-07 03:44:23,28.548,0.098,0.518,10.543,0,none,SYNTHETIC_DEMO_DATA
308,Mumbai Coast,18.83696,72.92879,2025-02-07 06:39:14,26.299,-0.951,1.864,10.709,1,anticyclonic,SYNTHETIC_DEMO_DATA
309,Chennai Coast,12.96276,79.90577,2025-02-07 09:34:05,27.309,-1.141,0.497,7.681,0,none,SYNTHETIC_DEMO_DATA
310,Odisha Coast,19.99471,85.72712,2025-02-07 12:28:56,28.485,0.235,1.582,14.808,1,cyclonic,SYNTHETIC_DEMO_DATA
311,Gujarat Coast,22.59134,69.443,2025-02-07 15:23:48,27.109,0.359,1.088,3.895,1,anticyclonic,SYNTHETIC_DEMO_DATA
312,Gujarat Coast,22.53182,69.52145,2025-02-07 18:18:39,25.419,-1.331,0.881,7.134,1,cyclonic,SYNTHETIC_DEMO_DATA
313,Odisha Coast,19.7452,85.87649,2025-02-07 21:13:30,28.35,0.1,1.682,12.243,0,none,SYNTHETIC_DEMO_DATA
314,Visakhapatnam,17.4926,83.48728,2025-02-08 00:08:21,28.867,1.117,1.225,11.222,1,cyclonic,SYNTHETIC_DEMO_DATA
315,Visakhapatnam,17.76716,83.11332,2025-02-08 03:03:12,28.235,0.485,1.06,8.856,0,none,SYNTHETIC_DEMO_DATA
316,Gujarat Coast,22.04252,69.60594,2025-02-08 05:58:03,26.818,0.068,0.949,2.071,1,cyclonic,SYNTHETIC_DEMO_DATA
317,Goa Coast,15.78759,73.99105,2025-02-08 08:52:54,26.549,-0.901,0.914,9.068,0,none,SYNTHETIC_DEMO_DATA
318,Goa Coast,15.49066,73.84923,2025-02-08 11:47:45,27.097,-0.353,1.624,9.962,1,cyclonic,SYNTHETIC_DEMO_DATA
319,Lakshadweep,10.6351,73.04573,2025-02-08 14:42:36,27.542,-0.208,1.78,17.266,1,cyclonic,SYNTHETIC_DEMO_DATA
320,Goa Coast,15.41951,74.01302,2025-02-08 17:37:27,27.09,-0.36,0.953,9.06,0,none,SYNTHETIC_DEMO_DATA
321,Chennai Coast,13.1638,79.90945,2025-02-08 20:32:18,28.689,0.239,0.997,10.462,0,none,SYNTHETIC_DEMO_DATA
322,Odisha Coast,19.79171,85.79506,2025-02-08 23:27:09,28.571,0.321,2.002,8.32,0,none,SYNTHETIC_DEMO_DATA
323,Gujarat Coast,22.22585,69.61912,2025-02-09 02:22:00,26.764,0.014,1.148,3.437,0,none,SYNTHETIC_DEMO_DATA
324,Lakshadweep,10.42025,72.84957,2025-02-09 05:16:51,27.951,0.201,1.013,1.961,1,cyclonic,SYNTHETIC_DEMO_DATA
325,Lakshadweep,10.86395,72.64601,2025-02-09 08:11:42,26.5,-1.25,1.093,5.193,0,none,SYNTHETIC_DEMO_DATA
326,Visakhapatnam,17.69724,83.37014,2025-02-09 11:06:33,27.592,-0.158,1.501,9.754,0,none,SYNTHETIC_DEMO_DATA
327,Visakhapatnam,17.61545,83.33843,2025-02-09 14:01:24,28.399,0.649,0.295,1.999,0,none,SYNTHETIC_DEMO_DATA
328,Sundarbans,22.06457,89.08447,2025-02-09 16:56:16,27.523,0.073,1.516,12.948,0,none,SYNTHETIC_DEMO_DATA
329,Odisha Coast,20.08219,85.69753,2025-02-09 19:51:07,28.475,0.225,1.455,14.594,1,cyclonic,SYNTHETIC_DEMO_DATA
330,Mumbai Coast,19.23161,72.89354,2025-02-09 22:45:58,28.826,1.576,1.454,13.029,0,none,SYNTHETIC_DEMO_DATA
331,Mumbai Coast,19.00473,72.90696,2025-02-10 01:40:49,28.018,0.768,1.203,13.0,1,anticyclonic,SYNTHETIC_DEMO_DATA
332,Chennai Coast,13.01527,80.35502,2025-02-10 04:35:40,27.197,-1.253,2.22,16.946,0,none,SYNTHETIC_DEMO_DATA
333,Chennai Coast,13.00975,80.49666,2025-02-10 07:30:31,28.839,0.389,1.628,16.497,0,none,SYNTHETIC_DEMO_DATA
334,Andaman & Nicobar,11.68459,92.63992,2025-02-10 10:25:22,26.824,-1.426,1.335,15.369,1,cyclonic,SYNTHETIC_DEMO_DATA
335,Kerala Coast,9.81496,76.43044,2025-02-10 13:20:13,27.863,0.313,2.675,15.416,0,none,SYNTHETIC_DEMO_DATA
336,Andaman & Nicobar,11.83221,92.58364,2025-02-10 16:15:04,28.965,0.715,1.142,3.668,1,cyclonic,SYNTHETIC_DEMO_DATA
337,Lakshadweep,10.47004,72.6257,2025-02-10 19:09:55,27.622,-0.128,0.553,8.184,0,none,SYNTHETIC_DEMO_DATA
338,Chennai Coast,12.90747,80.692,2025-02-10 22:04:46,28.602,0.152,0.387,6.535,0,none,SYNTHETIC_DEMO_DATA
339,Visakhapatnam,17.64691,83.00106,2025-02-11 00:59:37,26.815,-0.935,1.62,8.464,0,none,SYNTHETIC_DEMO_DATA
340,Lakshadweep,10.84027,72.90988,2025-02-11 03:54:28,29.023,1.273,1.211,3.077,0,none,SYNTHETIC_DEMO_DATA
341,Gujarat Coast,21.8866,69.8076,2025-02-11 06:49:19,26.684,-0.066,1.096,5.177,0,none,SYNTHETIC_DEMO_DATA
342,Visakhapatnam,18.01914,83.23185,2025-02-11 09:44:10,27.905,0.155,0.366,5.976,0,none,SYNTHETIC_DEMO_DATA
343,Gujarat Coast,22.30144,69.77926,2025-02-11 12:39:01,26.833,0.083,1.265,11.298,0,none,SYNTHETIC_DEMO_DATA
344,Mumbai Coast,19.08107,73.11646,2025-02-11 15:33:52,26.791,-0.459,1.181,13.466,0,none,SYNTHETIC_DEMO_DATA
345,Lakshadweep,10.8556,72.87545,2025-02-11 18:28:44,26.957,-0.793,1.442,10.157,1,cyclonic,SYNTHETIC_DEMO_DATA
346,Visakhapatnam,17.50195,83.31351,2025-02-11 21:23:35,27.654,-0.096,1.173,11.855,0,none,SYNTHETIC_DEMO_DATA
347,Lakshadweep,10.03973,72.7384,2025-02-12 00:18:26,27.333,-0.417,2.123,10.154,0,none,SYNTHETIC_DEMO_DATA
348,Lakshadweep,10.3286,72.67674,2025-02-12 03:13:17,27.539,-0.211,1.246,11.326,1,anticyclonic,SYNTHETIC_DEMO_DATA
349,Odisha Coast,19.79649,85.93894,2025-02-12 06:08:08,27.552,-0.698,1.052,14.299,0,none,SYNTHETIC_DEMO_DATA
350,Odisha Coast,19.93903,86.02056,2025-02-12 09:02:59,27.433,-0.817,1.48,5.831,0,none,SYNTHETIC_DEMO_DATA
351,Mumbai Coast,18.7613,72.8362,2025-02-12 11:57:50,27.588,0.338,1.993,10.58,1,anticyclonic,SYNTHETIC_DEMO_DATA
352,Sundarbans,21.87517,89.40655,2025-02-12 14:52:41,27.044,-0.406,2.134,12.777,0,none,SYNTHETIC_DEMO_DATA
353,Visakhapatnam,17.80349,83.09539,2025-02-12 17:47:32,26.709,-1.041,2.028,12.114,0,none,SYNTHETIC_DEMO_DATA
354,Kerala Coast,9.87279,76.08149,2025-02-12 20:42:23,27.021,-0.529,2.257,10.771,0,none,SYNTHETIC_DEMO_DATA
355,Lakshadweep,10.52321,72.48587,2025-02-12 23:37:14,28.096,0.346,1.159,4.966,0,none,SYNTHETIC_DEMO_DATA
356,Lakshadweep,10.72537,72.63537,2025-02-13 02:32:05,30.337,2.587,0.516,4.424,1,anticyclonic,SYNTHETIC_DEMO_DATA
357,Odisha Coast,20.10325,85.54773,2025-02-13 05:26:56,27.342,-0.908,2.045,17.435,0,none,SYNTHETIC_DEMO_DATA
358,Andaman & Nicobar,11.47001,92.76549,2025-02-13 08:21:47,27.422,-0.828,0.2,2.08,0,none,SYNTHETIC_DEMO_DATA
359,Sundarbans,21.92723,88.99139,2025-02-13 11:16:38,27.346,-0.104,1.247,10.772,0,none,SYNTHETIC_DEMO_DATA
360,Goa Coast,15.01065,73.98947,2025-02-13 14:11:29,28.792,1.342,0.527,3.218,1,anticyclonic,SYNTHETIC_DEMO_DATA
361,Andaman & Nicobar,11.80093,92.43654,2025-02-13 17:06:20,28.126,-0.124,1.741,14.647,0,none,SYNTHETIC_DEMO_DATA
362,Andaman & Nicobar,11.81747,92.55888,2025-02-13 20:01:12,26.595,-1.655,1.665,12.201,0,none,SYNTHETIC_DEMO_DATA
363,Visakhapatnam,17.65516,83.61625,2025-02-13 22:56:03,27.837,0.087,1.292,10.429,0,none,SYNTHETIC_DEMO_DATA
364,Andaman & Nicobar,12.25372,92.46753,2025-02-14 01:50:54,27.822,-0.428,1.59,4.381,0,none,SYNTHETIC_DEMO_DATA
365,Odisha Coast,19.61967,85.79075,2025-02-14 04:45:45,27.989,-0.261,1.332,8.632,0,none,SYNTHETIC_DEMO_DATA
366,Mumbai Coast,19.08911,72.6634,2025-02-14 07:40:36,27.17,-0.08,0.994,9.978,0,none,SYNTHETIC_DEMO_DATA
367,Kerala Coast,10.18007,76.5319,2025-02-14 10:35:27,28.854,1.304,2.345,10.482,1,anticyclonic,SYNTHETIC_DEMO_DATA
368,Chennai Coast,13.11373,80.49684,2025-02-14 13:30:18,30.509,2.059,0.81,6.173,1,anticyclonic,SYNTHETIC_DEMO_DATA
369,Sundarbans,21.58442,89.2019,2025-02-14 16:25:09,28.307,0.857,1.229,12.002,0,none,SYNTHETIC_DEMO_DATA
370,Goa Coast,15.27853,74.1545,2025-02-14 19:20:00,27.531,0.081,1.505,9.705,0,none,SYNTHETIC_DEMO_DATA
371,Chennai Coast,13.12654,79.96156,2025-02-14 22:14:51,28.356,-0.094,0.793,2.66,0,none,SYNTHETIC_DEMO_DATA
372,Gujarat Coast,22.2072,69.71982,2025-02-15 01:09:42,27.221,0.471,1.421,12.32,1,anticyclonic,SYNTHETIC_DEMO_DATA
373,Kerala Coast,10.0571,76.22053,2025-02-15 04:04:33,28.315,0.765,1.62,17.181,0,none,SYNTHETIC_DEMO_DATA
374,Chennai Coast,13.06811,80.28121,2025-02-15 06:59:24,28.427,-0.023,0.65,7.738,1,anticyclonic,SYNTHETIC_DEMO_DATA
375,Andaman & Nicobar,11.93686,92.974,2025-02-15 09:54:15,29.506,1.256,1.32,5.606,1,anticyclonic,SYNTHETIC_DEMO_DATA
376,Sundarbans,21.40537,89.218,2025-02-15 12:49:06,27.585,0.135,1.524,14.941,1,cyclonic,SYNTHETIC_DEMO_DATA
377,Goa Coast,15.23246,74.0209,2025-02-15 15:43:57,28.04,0.59,0.895,8.239,0,none,SYNTHETIC_DEMO_DATA
378,Goa Coast,15.54423,73.67509,2025-02-15 18:38:48,26.09,-1.36,1.927,13.762,1,anticyclonic,SYNTHETIC_DEMO_DATA
379,Chennai Coast,12.92896,79.92861,2025-02-15 21:33:40,28.913,0.463,1.086,8.563,1,anticyclonic,SYNTHETIC_DEMO_DATA
380,Visakhapatnam,17.79849,83.27225,2025-02-16 00:28:31,26.403,-1.347,0.742,11.211,0,none,SYNTHETIC_DEMO_DATA
381,Sundarbans,22.11207,89.07258,2025-02-16 03:23:22,29.319,1.869,0.501,6.387,1,cyclonic,SYNTHETIC_DEMO_DATA
382,Lakshadweep,10.32976,72.68278,2025-02-16 06:18:13,27.747,-0.003,0.535,7.593,0,none,SYNTHETIC_DEMO_DATA
383,Lakshadweep,9.95342,72.601,2025-02-16 09:13:04,25.721,-2.029,1.677,10.695,1,cyclonic,SYNTHETIC_DEMO_DATA
384,Visakhapatnam,17.64775,83.27446,2025-02-16 12:07:55,27.908,0.158,0.249,2.991,0,none,SYNTHETIC_DEMO_DATA
385,Sundarbans,21.94785,88.91179,2025-02-16 15:02:46,27.143,-0.307,0.912,7.943,0,none,SYNTHETIC_DEMO_DATA
386,Odisha Coast,19.60539,85.74198,2025-02-16 17:57:37,30.702,2.452,1.303,5.615,1,anticyclonic,SYNTHETIC_DEMO_DATA
387,Sundarbans,21.96477,89.29179,2025-02-16 20:52:28,26.893,-0.557,1.606,10.89,0,none,SYNTHETIC_DEMO_DATA
388,Andaman & Nicobar,11.83128,92.50653,2025-02-16 23:47:19,28.662,0.412,1.094,12.058,0,none,SYNTHETIC_DEMO_DATA
389,Andaman & Nicobar,11.53151,92.24713,2025-02-17 02:42:10,27.739,-0.511,0.936,12.319,1,cyclonic,SYNTHETIC_DEMO_DATA
390,Odisha Coast,19.79475,85.82174,2025-02-17 05:37:01,29.111,0.861,1.569,17.72,0,none,SYNTHETIC_DEMO_DATA
391,Goa Coast,15.29464,73.5008,2025-02-17 08:31:52,29.043,1.593,1.822,9.185,1,cyclonic,SYNTHETIC_DEMO_DATA
392,Odisha Coast,19.86702,85.86619,2025-02-17 11:26:43,28.705,0.455,0.697,10.793,1,cyclonic,SYNTHETIC_DEMO_DATA
393,Chennai Coast,12.52549,80.6167,2025-02-17 14:21:34,28.456,0.006,1.554,10.547,0,none,SYNTHETIC_DEMO_DATA
394,Mumbai Coast,18.52204,72.79036,2025-02-17 17:16:25,26.419,-0.831,1.699,11.576,0,none,SYNTHETIC_DEMO_DATA
395,Goa Coast,15.38429,73.96927,2025-02-17 20:11:16,28.35,0.9,1.45,8.143,1,cyclonic,SYNTHETIC_DEMO_DATA
396,Andaman & Nicobar,11.70135,92.74008,2025-02-17 23:06:07,28.973,0.723,1.425,11.917,0,none,SYNTHETIC_DEMO_DATA
397,Sundarbans,22.01412,89.2999,2025-02-18 02:00:59,26.61,-0.84,2.08,18.385,0,none,SYNTHETIC_DEMO_DATA
398,Odisha Coast,19.92402,85.80952,2025-02-18 04:55:50,28.266,0.016,1.117,10.306,0,none,SYNTHETIC_DEMO_DATA
399,Visakhapatnam,17.49242,83.25063,2025-02-18 07:50:41,26.349,-1.401,1.988,16.273,1,anticyclonic,SYNTHETIC_DEMO_DATA
400,Chennai Coast,13.06598,79.91865,2025-02-18 10:45:32,28.047,-0.403,0.932,12.287,0,none,SYNTHETIC_DEMO_DATA
401,Lakshadweep,10.60233,72.36975,2025-02-18 13:40:23,27.63,-0.12,1.832,6.315,0,none,SYNTHETIC_DEMO_DATA
402,Goa Coast,15.22181,73.71169,2025-02-18 16:35:14,27.384,-0.066,1.456,9.778,1,anticyclonic,SYNTHETIC_DEMO_DATA
403,Chennai Coast,13.10155,80.15076,2025-02-18 19:30:05,27.886,-0.564,1.683,11.496,0,none,SYNTHETIC_DEMO_DATA
404,Lakshadweep,10.22173,72.80552,2025-02-18 22:24:56,27.475,-0.275,0.25,7.965,0,none,SYNTHETIC_DEMO_DATA
405,Kerala Coast,10.14401,76.33644,2025-02-19 01:19:47,27.487,-0.063,1.044,9.958,1,cyclonic,SYNTHETIC_DEMO_DATA
406,Mumbai Coast,18.8392,72.33728,2025-02-19 04:14:38,27.137,-0.113,2.172,16.759,0,none,SYNTHETIC_DEMO_DATA
407,Kerala Coast,9.9315,76.08147,2025-02-19 07:09:29,26.542,-1.008,2.039,14.135,1,cyclonic,SYNTHETIC_DEMO_DATA
408,Odisha Coast,19.72749,85.78953,2025-02-19 10:04:20,28.274,0.024,2.029,9.434,0,none,SYNTHETIC_DEMO_DATA
409,Lakshadweep,10.42009,72.35998,2025-02-19 12:59:11,27.535,-0.215,1.161,8.549,1,cyclonic,SYNTHETIC_DEMO_DATA
410,Sundarbans,22.1589,89.11161,2025-02-19 15:54:02,27.578,0.128,1.627,10.365,0,none,SYNTHETIC_DEMO_DATA
411,Odisha Coast,19.65875,85.78179,2025-02-19 18:48:53,27.964,-0.286,1.659,14.508,0,none,SYNTHETIC_DEMO_DATA
412,Visakhapatnam,17.70515,83.35395,2025-02-19 21:43:44,28.68,0.93,1.182,7.456,0,none,SYNTHETIC_DEMO_DATA
413,Visakhapatnam,17.54839,83.30205,2025-02-20 00:38:35,29.024,1.274,1.712,5.967,0,none,SYNTHETIC_DEMO_DATA
414,Odisha Coast,19.77519,85.37556,2025-02-20 03:33:27,27.609,-0.641,1.404,11.159,1,anticyclonic,SYNTHETIC_DEMO_DATA
415,Sundarbans,22.3874,89.3066,2025-02-20 06:28:18,26.196,-1.254,0.989,10.237,0,none,SYNTHETIC_DEMO_DATA
416,Gujarat Coast,22.15987,69.70741,2025-02-20 09:23:09,27.386,0.636,0.768,5.028,1,anticyclonic,SYNTHETIC_DEMO_DATA
417,Lakshadweep,10.80868,72.61354,2025-02-20 12:18:00,29.186,1.436,0.401,1.625,0,none,SYNTHETIC_DEMO_DATA
418,Odisha Coast,20.0241,85.6958,2025-02-20 15:12:51,27.483,-0.767,0.503,1.97,0,none,SYNTHETIC_DEMO_DATA
419,Visakhapatnam,17.52676,83.27406,2025-02-20 18:07:42,27.95,0.2,1.368,10.043,1,cyclonic,SYNTHETIC_DEMO_DATA
420,Mumbai Coast,19.00885,72.92424,2025-02-20 21:02:33,26.192,-1.058,1.86,15.567,0,none,SYNTHETIC_DEMO_DATA
421,Lakshadweep,10.48783,72.7247,2025-02-20 23:57:24,27.351,-0.399,1.133,8.926,1,anticyclonic,SYNTHETIC_DEMO_DATA
422,Gujarat Coast,22.46328,69.49076,2025-02-21 02:52:15,25.132,-1.618,1.72,9.255,1,anticyclonic,SYNTHETIC_DEMO_DATA
423,Goa Coast,15.51006,73.62983,2025-02-21 05:47:06,27.558,0.108,1.689,10.825,0,none,SYNTHETIC_DEMO_DATA
424,Mumbai Coast,19.09605,72.61176,2025-02-21 08:41:57,27.882,0.632,0.592,7.662,0,none,SYNTHETIC_DEMO_DATA
425,Kerala Coast,9.89573,76.61851,2025-02-21 11:36:48,27.251,-0.299,1.292,10.876,1,cyclonic,SYNTHETIC_DEMO_DATA
426,Odisha Coast,19.65141,85.62596,2025-02-21 14:31:39,29.28,1.03,1.495,9.429,0,none,SYNTHETIC_DEMO_DATA
427,Andaman & Nicobar,11.91288,92.85463,2025-02-21 17:26:30,26.862,-1.388,1.405,11.398,1,anticyclonic,SYNTHETIC_DEMO_DATA
428,Andaman & Nicobar,11.44678,92.98686,2025-02-21 20:21:21,28.631,0.381,1.279,11.099,0,none,SYNTHETIC_DEMO_DATA
429,Sundarbans,21.98252,89.23741,2025-02-21 23:16:12,26.109,-1.341,2.541,17.88,0,none,SYNTHETIC_DEMO_DATA
430,Goa Coast,15.6812,73.34091,2025-02-22 02:11:03,28.922,1.472,1.137,9.775,1,anticyclonic,SYNTHETIC_DEMO_DATA
431,Sundarbans,21.95132,89.32391,2025-02-22 05:05:55,26.483,-0.967,1.538,14.436,1,anticyclonic,SYNTHETIC_DEMO_DATA
432,Goa Coast,15.29816,73.62642,2025-02-22 08:00:46,26.91,-0.54,1.866,15.637,0,none,SYNTHETIC_DEMO_DATA
433,Andaman & Nicobar,11.8983,92.89103,2025-02-22 10:55:37,28.402,0.152,1.197,3.127,0,none,SYNTHETIC_DEMO_DATA
434,Odisha Coast,19.58051,85.7849,2025-02-22 13:50:28,28.279,0.029,0.716,9.486,0,none,SYNTHETIC_DEMO_DATA
435,Kerala Coast,9.73901,76.28521,2025-02-22 16:45:19,27.993,0.443,2.058,14.931,0,none,SYNTHETIC_DEMO_DATA
436,Odisha Coast,19.55295,85.92865,2025-02-22 19:40:10,26.946,-1.304,1.365,8.568,1,anticyclonic,SYNTHETIC_DEMO_DATA
437,Mumbai Coast,18.76433,72.61312,2025-02-22 22:35:01,26.799,-0.451,1.848,12.668,1,cyclonic,SYNTHETIC_DEMO_DATA
438,Lakshadweep,10.38711,72.42812,2025-02-23 01:29:52,27.742,-0.008,1.89,8.836,0,none,SYNTHETIC_DEMO_DATA
439,Sundarbans,21.90333,89.07841,2025-02-23 04:24:43,27.262,-0.188,1.783,10.501,0,none,SYNTHETIC_DEMO_DATA
440,Chennai Coast,12.81995,80.40932,2025-02-23 07:19:34,28.614,0.164,1.355,5.837,0,none,SYNTHETIC_DEMO_DATA
441,Lakshadweep,10.73776,72.26854,2025-02-23 10:14:25,26.808,-0.942,0.965,6.258,1,anticyclonic,SYNTHETIC_DEMO_DATA
442,Chennai Coast,13.52363,80.27177,2025-02-23 13:09:16,27.831,-0.619,1.238,12.366,1,cyclonic,SYNTHETIC_DEMO_DATA
443,Odisha Coast,20.16907,85.94358,2025-02-23 16:04:07,27.54,-0.71,2.294,10.652,1,cyclonic,SYNTHETIC_DEMO_DATA
444,Kerala Coast,9.77351,75.97668,2025-02-23 18:58:58,27.943,0.393,1.159,12.497,1,anticyclonic,SYNTHETIC_DEMO_DATA
445,Mumbai Coast,18.90274,73.05484,2025-02-23 21:53:49,27.29,0.04,2.298,10.768,1,cyclonic,SYNTHETIC_DEMO_DATA
446,Gujarat Coast,21.82888,69.80603,2025-02-24 00:48:40,26.792,0.042,1.494,12.354,0,none,SYNTHETIC_DEMO_DATA
447,Chennai Coast,12.88383,80.39851,2025-02-24 03:43:31,28.872,0.422,1.43,12.11,1,cyclonic,SYNTHETIC_DEMO_DATA
448,Lakshadweep,10.40151,72.70271,2025-02-24 06:38:23,28.994,1.244,1.826,12.928,1,anticyclonic,SYNTHETIC_DEMO_DATA
449,Mumbai Coast,19.23214,73.11566,2025-02-24 09:33:14,26.656,-0.594,0.891,9.165,0,none,SYNTHETIC_DEMO_DATA
450,Visakhapatnam,17.73346,83.44197,2025-02-24 12:28:05,28.649,0.899,1.263,4.524,0,none,SYNTHETIC_DEMO_DATA
451,Lakshadweep,10.46658,72.44785,2025-02-24 15:22:56,27.501,-0.249,1.974,15.227,1,anticyclonic,SYNTHETIC_DEMO_DATA
452,Lakshadweep,10.85632,72.51044,2025-02-24 18:17:47,27.451,-0.299,1.422,7.492,0,none,SYNTHETIC_DEMO_DATA
453,Kerala Coast,10.04712,76.43439,2025-02-24 21:12:38,28.254,0.704,2.023,14.755,1,cyclonic,SYNTHETIC_DEMO_DATA
454,Sundarbans,21.96064,89.25846,2025-02-25 00:07:29,26.124,-1.326,0.966,13.381,0,none,SYNTHETIC_DEMO_DATA
455,Mumbai Coast,19.28915,72.71383,2025-02-25 03:02:20,26.879,-0.371,1.175,4.431,0,none,SYNTHETIC_DEMO_DATA
456,Mumbai Coast,18.76697,73.05304,2025-02-25 05:57:11,27.295,0.045,0.614,9.004,0,none,SYNTHETIC_DEMO_DATA
457,Odisha Coast,19.64548,85.896,2025-02-25 08:52:02,27.799,-0.451,1.675,6.815,0,none,SYNTHETIC_DEMO_DATA
458,Gujarat Coast,22.21559,69.51416,2025-02-25 11:46:53,25.607,-1.143,1.687,6.34,0,none,SYNTHETIC_DEMO_DATA
459,Andaman & Nicobar,11.59454,92.5952,2025-02-25 14:41:44,28.5,0.25,1.713,10.893,0,none,SYNTHETIC_DEMO_DATA
460,Odisha Coast,19.45559,85.85895,2025-02-25 17:36:35,27.881,-0.369,1.124,7.004,1,anticyclonic,SYNTHETIC_DEMO_DATA
461,Goa Coast,15.4265,73.78502,2025-02-25 20:31:26,28.376,0.926,1.767,7.054,0,none,SYNTHETIC_DEMO_DATA
462,Odisha Coast,20.15877,85.98876,2025-02-25 23:26:17,28.147,-0.103,2.124,13.777,0,none,SYNTHETIC_DEMO_DATA
463,Goa Coast,15.53511,73.78123,2025-02-26 02:21:08,28.532,1.082,0.844,5.671,1,cyclonic,SYNTHETIC_DEMO_DATA
464,Kerala Coast,9.90403,75.76441,2025-02-26 05:15:59,26.555,-0.995,0.953,7.012,1,anticyclonic,SYNTHETIC_DEMO_DATA
465,Sundarbans,21.90706,88.8514,2025-02-26 08:10:51,26.746,-0.704,1.006,10.517,1,cyclonic,SYNTHETIC_DEMO_DATA
466,Lakshadweep,10.33906,72.77096,2025-02-26 11:05:42,27.258,-0.492,0.967,9.332,0,none,SYNTHETIC_DEMO_DATA
467,Odisha Coast,20.03655,85.75797,2025-02-26 14:00:33,29.448,1.198,0.427,1.63,1,cyclonic,SYNTHETIC_DEMO_DATA
468,Mumbai Coast,18.82835,72.64494,2025-02-26 16:55:24,26.506,-0.744,1.494,12.514,1,anticyclonic,SYNTHETIC_DEMO_DATA
469,Odisha Coast,19.89042,85.71815,2025-02-26 19:50:15,27.58,-0.67,0.824,11.378,1,cyclonic,SYNTHETIC_DEMO_DATA
470,Lakshadweep,10.20208,72.707,2025-02-26 22:45:06,28.156,0.406,0.545,2.045,1,anticyclonic,SYNTHETIC_DEMO_DATA
471,Goa Coast,15.9056,73.65734,2025-02-27 01:39:57,26.949,-0.501,1.187,9.713,1,anticyclonic,SYNTHETIC_DEMO_DATA
472,Andaman & Nicobar,11.55618,92.56746,2025-02-27 04:34:48,28.06,-0.19,1.612,17.198,0,none,SYNTHETIC_DEMO_DATA
473,Kerala Coast,10.12953,76.37053,2025-02-27 07:29:39,28.2,0.65,1.922,15.005,0,none,SYNTHETIC_DEMO_DATA
474,Kerala Coast,10.08769,76.1509,2025-02-27 10:24:30,27.701,0.151,2.346,15.711,0,none,SYNTHETIC_DEMO_DATA
475,Gujarat Coast,22.55146,69.67532,2025-02-27 13:19:21,27.816,1.066,0.548,3.158,1,anticyclonic,SYNTHETIC_DEMO_DATA
476,Goa Coast,15.59797,73.9772,2025-02-27 16:14:12,27.199,-0.251,1.099,6.875,0,none,SYNTHETIC_DEMO_DATA
477,Andaman & Nicobar,11.85403,92.69773,2025-02-27 19:09:03,28.61,0.36,1.355,12.189,1,anticyclonic,SYNTHETIC_DEMO_DATA
478,Sundarbans,22.10859,89.30782,2025-02-27 22:03:54,28.406,0.956,0.507,3.649,0,none,SYNTHETIC_DEMO_DATA
479,Gujarat Coast,22.16585,69.47591,2025-02-28 00:58:45,27.279,0.529,0.954,6.204,1,cyclonic,SYNTHETIC_DEMO_DATA
480,Odisha Coast,19.80166,85.56618,2025-02-28 03:53:36,28.07,-0.18,1.778,11.207,0,none,SYNTHETIC_DEMO_DATA
481,Visakhapatnam,17.77487,83.60722,2025-02-28 06:48:27,27.772,0.022,0.798,5.912,0,none,SYNTHETIC_DEMO_DATA
482,Andaman & Nicobar,11.72556,92.45337,2025-02-28 09:43:18,27.915,-0.335,1.451,7.472,1,anticyclonic,SYNTHETIC_DEMO_DATA
483,Visakhapatnam,17.52053,83.40732,2025-02-28 12:38:10,26.235,-1.515,1.806,10.221,1,cyclonic,SYNTHETIC_DEMO_DATA
484,Goa Coast,15.53407,73.78027,2025-02-28 15:33:01,27.869,0.419,1.132,8.025,0,none,SYNTHETIC_DEMO_DATA
485,Kerala Coast,10.31254,75.88666,2025-02-28 18:27:52,26.761,-0.789,2.104,9.095,0,none,SYNTHETIC_DEMO_DATA
486,Visakhapatnam,17.83913,83.4376,2025-02-28 21:22:43,27.865,0.115,1.63,9.132,0,none,SYNTHETIC_DEMO_DATA
487,Chennai Coast,13.06215,80.35822,2025-03-01 00:17:34,28.562,-0.638,1.096,4.988,0,none,SYNTHETIC_DEMO_DATA
488,Mumbai Coast,18.7808,72.5925,2025-03-01 03:12:25,29.066,1.066,1.103,13.61,0,none,SYNTHETIC_DEMO_DATA
489,Goa Coast,15.39345,73.56498,2025-03-01 06:07:16,28.548,0.348,1.621,13.201,1,cyclonic,SYNTHETIC_DEMO_DATA
490,Gujarat Coast,22.36469,70.16584,2025-03-01 09:02:07,26.573,-0.927,1.153,11.051,1,cyclonic,SYNTHETIC_DEMO_DATA
491,Lakshadweep,10.70907,72.61988,2025-03-01 11:56:58,27.408,-1.092,1.546,10.882,1,cyclonic,SYNTHETIC_DEMO_DATA
492,Andaman & Nicobar,11.6041,92.47987,2025-03-01 14:51:49,29.094,0.094,1.794,10.982,0,none,SYNTHETIC_DEMO_DATA
493,Goa Coast,15.58235,73.7547,2025-03-01 17:46:40,26.969,-1.231,2.13,11.358,1,anticyclonic,SYNTHETIC_DEMO_DATA
494,Gujarat Coast,22.2296,69.50901,2025-03-01 20:41:31,27.098,-0.402,2.254,11.249,1,anticyclonic,SYNTHETIC_DEMO_DATA
495,Visakhapatnam,17.63874,82.90154,2025-03-01 23:36:22,28.578,0.078,0.813,6.94,0,none,SYNTHETIC_DEMO_DATA
496,Kerala Coast,9.84552,76.07581,2025-03-02 02:31:13,27.512,-0.788,2.225,17.85,1,cyclonic,SYNTHETIC_DEMO_DATA
497,Odisha Coast,19.69034,85.94754,2025-03-02 05:26:04,29.453,0.453,1.022,9.114,0,none,SYNTHETIC_DEMO_DATA
498,Chennai Coast,13.20679,80.27395,2025-03-02 08:20:55,30.076,0.876,0.424,4.009,0,none,SYNTHETIC_DEMO_DATA
499,Lakshadweep,10.63111,72.38143,2025-03-02 11:15:46,29.132,0.632,0.631,7.353,1,cyclonic,SYNTHETIC_DEMO_DATA
500,Kerala Coast,9.77844,75.9795,2025-03-02 14:10:38,28.536,0.236,1.315,15.676,0,none,SYNTHETIC_DEMO_DATA
501,Odisha Coast,19.9118,86.00208,2025-03-02 17:05:29,29.721,0.721,1.472,15.376,1,anticyclonic,SYNTHETIC_DEMO_DATA
502,Gujarat Coast,22.08821,69.58861,2025-03-02 20:00:20,26.479,-1.021,0.05,7.674,0,none,SYNTHETIC_DEMO_DATA
503,Lakshadweep,10.34031,72.87774,2025-03-02 22:55:11,28.056,-0.444,1.261,6.068,0,none,SYNTHETIC_DEMO_DATA
504,Andaman & Nicobar,11.66629,92.52837,2025-03-03 01:50:02,29.585,0.585,1.074,8.602,0,none,SYNTHETIC_DEMO_DATA
505,Visakhapatnam,17.53478,83.21687,2025-03-03 04:44:53,28.944,0.444,1.63,8.261,0,none,SYNTHETIC_DEMO_DATA
506,Kerala Coast,9.8611,76.41452,2025-03-03 07:39:44,28.724,0.424,1.769,13.595,1,cyclonic,SYNTHETIC_DEMO_DATA
507,Mumbai Coast,18.9716,72.93684,2025-03-03 10:34:35,27.205,-0.795,1.282,3.919,1,anticyclonic,SYNTHETIC_DEMO_DATA
508,Visakhapatnam,17.64113,83.07361,2025-03-03 13:29:26,28.033,-0.467,0.652,6.491,0,none,SYNTHETIC_DEMO_DATA
509,Visakhapatnam,17.7422,83.11095,2025-03-03 16:24:17,27.32,-1.18,0.587,6.983,1,anticyclonic,SYNTHETIC_DEMO_DATA
510,Visakhapatnam,18.1383,83.17648,2025-03-03 19:19:08,28.5,-0.0,1.371,12.742,1,anticyclonic,SYNTHETIC_DEMO_DATA
511,Lakshadweep,10.41247,72.54408,2025-03-03 22:13:59,28.569,0.069,0.824,1.818,1,cyclonic,SYNTHETIC_DEMO_DATA
512,Goa Coast,15.30437,73.72638,2025-03-04 01:08:50,28.629,0.429,1.619,8.172,0,none,SYNTHETIC_DEMO_DATA
513,Andaman & Nicobar,11.90451,92.73033,2025-03-04 04:03:41,30.51,1.51,0.836,7.438,1,cyclonic,SYNTHETIC_DEMO_DATA
514,Andaman & Nicobar,11.37278,92.91456,2025-03-04 06:58:32,30.051,1.051,0.566,12.329,1,cyclonic,SYNTHETIC_DEMO_DATA
515,Lakshadweep,10.72815,72.87973,2025-03-04 09:53:23,29.226,0.726,1.711,7.2,0,none,SYNTHETIC_DEMO_DATA
516,Odisha Coast,20.06448,85.90576,2025-03-04 12:48:14,28.969,-0.031,1.928,17.27,1,anticyclonic,SYNTHETIC_DEMO_DATA
517,Andaman & Nicobar,11.87865,92.72141,2025-03-04 15:43:06,29.198,0.198,1.635,7.704,1,anticyclonic,SYNTHETIC_DEMO_DATA
518,Sundarbans,21.67312,88.94284,2025-03-04 18:37:57,28.348,0.148,1.552,10.674,0,none,SYNTHETIC_DEMO_DATA
519,Kerala Coast,9.71169,76.41892,2025-03-04 21:32:48,27.557,-0.743,1.105,7.37,1,cyclonic,SYNTHETIC_DEMO_DATA
520,Mumbai Coast,19.30886,72.6789,2025-03-05 00:27:39,26.584,-1.416,1.433,6.897,0,none,SYNTHETIC_DEMO_DATA
521,Chennai Coast,13.12091,80.13162,2025-03-05 03:22:30,29.151,-0.049,1.181,7.993,0,none,SYNTHETIC_DEMO_DATA
522,Odisha Coast,19.6081,85.89637,2025-03-05 06:17:21,29.684,0.684,1.553,12.494,0,none,SYNTHETIC_DEMO_DATA
523,Odisha Coast,19.56368,85.67967,2025-03-05 09:12:12,28.351,-0.649,1.624,8.435,0,none,SYNTHETIC_DEMO_DATA
524,Andaman & Nicobar,11.85017,92.6414,2025-03-05 12:07:03,28.627,-0.373,0.836,7.229,0,none,SYNTHETIC_DEMO_DATA
525,Chennai Coast,13.14259,80.02958,2025-03-05 15:01:54,29.144,-0.056,1.109,6.348,1,anticyclonic,SYNTHETIC_DEMO_DATA
526,Chennai Coast,13.2981,80.38607,2025-03-05 17:56:45,28.986,-0.214,0.922,3.748,0,none,SYNTHETIC_DEMO_DATA
527,Lakshadweep,10.89084,72.4175,2025-03-05 20:51:36,28.704,0.204,1.602,14.583,1,cyclonic,SYNTHETIC_DEMO_DATA
528,Odisha Coast,19.99307,85.82533,2025-03-05 23:46:27,28.101,-0.899,1.683,7.771,0,none,SYNTHETIC_DEMO_DATA
529,Lakshadweep,10.48485,72.81091,2025-03-06 02:41:18,27.347,-1.153,1.641,12.376,1,cyclonic,SYNTHETIC_DEMO_DATA
530,Lakshadweep,10.74563,72.60067,2025-03-06 05:36:09,30.388,1.888,1.823,11.377,0,none,SYNTHETIC_DEMO_DATA
531,Mumbai Coast,18.90645,73.40473,2025-03-06 08:31:00,27.73,-0.27,2.055,15.767,0,none,SYNTHETIC_DEMO_DATA
532,Odisha Coast,19.68084,85.86862,2025-03-06 11:25:51,27.648,-1.352,1.175,12.195,1,anticyclonic,SYNTHETIC_DEMO_DATA
533,Odisha Coast,19.77534,85.43894,2025-03-06 14:20:42,28.825,-0.175,1.303,7.617,1,anticyclonic,SYNTHETIC_DEMO_DATA
534,Visakhapatnam,17.82535,83.02401,2025-03-06 17:15:34,28.28,-0.22,0.754,2.903,0,none,SYNTHETIC_DEMO_DATA
535,Mumbai Coast,18.83447,73.02511,2025-03-06 20:10:25,27.7,-0.3,0.995,7.852,0,none,SYNTHETIC_DEMO_DATA
536,Odisha Coast,19.70392,85.85599,2025-03-06 23:05:16,29.819,0.819,2.083,12.434,1,anticyclonic,SYNTHETIC_DEMO_DATA
537,Kerala Coast,9.87377,76.09807,2025-03-07 02:00:07,26.799,-1.501,2.241,15.28,1,cyclonic,SYNTHETIC_DEMO_DATA
538,Odisha Coast,19.47547,86.04687,2025-03-07 04:54:58,28.708,-0.292,0.679,6.659,1,anticyclonic,SYNTHETIC_DEMO_DATA
539,Mumbai Coast,18.88451,72.63384,2025-03-07 07:49:49,28.038,0.038,1.442,9.226,1,cyclonic,SYNTHETIC_DEMO_DATA
540,Sundarbans,22.35239,89.47418,2025-03-07 10:44:40,28.741,0.541,0.831,9.846,0,none,SYNTHETIC_DEMO_DATA
541,Goa Coast,15.33258,73.92423,2025-03-07 13:39:31,27.033,-1.167,1.262,7.942,1,anticyclonic,SYNTHETIC_DEMO_DATA
542,Sundarbans,22.09982,89.06581,2025-03-07 16:34:22,27.677,-0.523,1.181,14.245,0,none,SYNTHETIC_DEMO_DATA
543,Odisha Coast,19.44591,85.96167,2025-03-07 19:29:13,28.57,-0.43,1.345,10.238,0,none,SYNTHETIC_DEMO_DATA
544,Odisha Coast,20.05304,85.77134,2025-03-07 22:24:04,29.993,0.993,1.325,11.76,1,cyclonic,SYNTHETIC_DEMO_DATA
545,Andaman & Nicobar,11.73005,92.35988,2025-03-08 01:18:55,28.081,-0.919,1.364,11.978,1,anticyclonic,SYNTHETIC_DEMO_DATA
546,Sundarbans,22.23335,89.56287,2025-03-08 04:13:46,27.76,-0.44,1.462,11.437,0,none,SYNTHETIC_DEMO_DATA
547,Kerala Coast,10.07502,76.12839,2025-03-08 07:08:37,27.833,-0.467,1.036,8.833,0,none,SYNTHETIC_DEMO_DATA
548,Mumbai Coast,18.48364,72.49383,2025-03-08 10:03:28,27.977,-0.023,2.249,16.572,0,none,SYNTHETIC_DEMO_DATA
549,Mumbai Coast,18.34644,73.05237,2025-03-08 12:58:19,27.665,-0.335,1.627,14.253,0,none,SYNTHETIC_DEMO_DATA
550,Gujarat Coast,22.34422,69.44886,2025-03-08 15:53:10,27.417,-0.083,1.576,12.886,0,none,SYNTHETIC_DEMO_DATA
551,Andaman & Nicobar,11.70305,92.67174,2025-03-08 18:48:02,28.611,-0.389,1.424,7.79,1,anticyclonic,SYNTHETIC_DEMO_DATA
552,Chennai Coast,13.25534,80.15733,2025-03-08 21:42:53,29.771,0.571,1.041,12.165,1,anticyclonic,SYNTHETIC_DEMO_DATA
553,Andaman & Nicobar,11.58717,93.11759,2025-03-09 00:37:44,28.673,-0.327,1.533,11.67,0,none,SYNTHETIC_DEMO_DATA
554,Chennai Coast,13.33774,80.11118,2025-03-09 03:32:35,29.005,-0.195,0.733,2.754,0,none,SYNTHETIC_DEMO_DATA
555,Lakshadweep,10.39628,72.77632,2025-03-09 06:27:26,29.997,1.497,0.93,8.082,0,none,SYNTHETIC_DEMO_DATA
556,Mumbai Coast,18.98363,73.27429,2025-03-09 09:22:17,26.69,-1.31,2.2,12.107,0,none,SYNTHETIC_DEMO_DATA
557,Goa Coast,15.37613,73.82199,2025-03-09 12:17:08,28.638,0.438,1.101,10.566,0,none,SYNTHETIC_DEMO_DATA
558,Andaman & Nicobar,11.32072,92.48927,2025-03-09 15:11:59,28.759,-0.241,0.943,4.422,1,cyclonic,SYNTHETIC_DEMO_DATA
559,Goa Coast,15.2012,73.92541,2025-03-09 18:06:50,28.768,0.568,1.369,15.945,0,none,SYNTHETIC_DEMO_DATA
560,Andaman & Nicobar,11.87242,92.88015,2025-03-09 21:01:41,29.458,0.458,1.296,8.374,0,none,SYNTHETIC_DEMO_DATA
561,Mumbai Coast,19.34476,72.61802,2025-03-09 23:56:32,27.372,-0.628,1.557,10.616,1,cyclonic,SYNTHETIC_DEMO_DATA
562,Sundarbans,21.8114,88.93443,2025-03-10 02:51:23,26.961,-1.239,1.576,9.197,1,anticyclonic,SYNTHETIC_DEMO_DATA
563,Kerala Coast,9.97142,76.58584,2025-03-10 05:46:14,28.056,-0.244,1.862,19.258,0,none,SYNTHETIC_DEMO_DATA
564,Odisha Coast,19.98968,85.94617,2025-03-10 08:41:05,30.25,1.25,1.413,11.789,1,cyclonic,SYNTHETIC_DEMO_DATA
565,Andaman & Nicobar,11.60387,92.75496,2025-03-10 11:35:56,30.043,1.043,1.438,11.099,0,none,SYNTHETIC_DEMO_DATA
566,Visakhapatnam,17.56622,83.2568,2025-03-10 14:30:47,26.212,-2.288,2.024,13.164,0,none,SYNTHETIC_DEMO_DATA
567,Visakhapatnam,17.27206,82.97313,2025-03-10 17:25:38,28.011,-0.489,1.775,6.019,1,cyclonic,SYNTHETIC_DEMO_DATA
568,Visakhapatnam,17.85319,83.33927,2025-03-10 20:20:30,26.999,-1.501,1.807,6.709,0,none,SYNTHETIC_DEMO_DATA
569,Gujarat Coast,22.23288,69.38941,2025-03-10 23:15:21,28.882,1.382,0.889,6.3,1,anticyclonic,SYNTHETIC_DEMO_DATA
570,Mumbai Coast,18.79167,72.39036,2025-03-11 02:10:12,26.849,-1.151,2.548,13.0,1,anticyclonic,SYNTHETIC_DEMO_DATA
571,Lakshadweep,10.5893,72.91689,2025-03-11 05:05:03,28.932,0.432,1.735,3.288,1,cyclonic,SYNTHETIC_DEMO_DATA
572,Kerala Coast,10.23049,76.45789,2025-03-11 07:59:54,28.032,-0.268,0.864,5.058,0,none,SYNTHETIC_DEMO_DATA
573,Visakhapatnam,17.55883,83.29529,2025-03-11 10:54:45,27.018,-1.482,2.047,8.762,0,none,SYNTHETIC_DEMO_DATA
574,Sundarbans,22.22196,89.09453,2025-03-11 13:49:36,28.564,0.364,1.604,12.591,0,none,SYNTHETIC_DEMO_DATA
575,Sundarbans,22.39855,89.36301,2025-03-11 16:44:27,29.932,1.732,1.424,12.106,1,anticyclonic,SYNTHETIC_DEMO_DATA
576,Chennai Coast,13.12739,80.26285,2025-03-11 19:39:18,28.031,-1.169,1.163,12.695,1,cyclonic,SYNTHETIC_DEMO_DATA
577,Lakshadweep,10.35863,72.89883,2025-03-11 22:34:09,28.375,-0.125,0.712,9.5,1,anticyclonic,SYNTHETIC_DEMO_DATA
578,Mumbai Coast,18.99097,72.85273,2025-03-12 01:29:00,27.01,-0.99,1.544,12.121,0,none,SYNTHETIC_DEMO_DATA
579,Andaman & Nicobar,11.70716,92.9199,2025-03-12 04:23:51,28.936,-0.064,1.493,13.659,1,cyclonic,SYNTHETIC_DEMO_DATA
580,Odisha Coast,19.84896,85.89761,2025-03-12 07:18:42,29.289,0.289,1.485,11.954,0,none,SYNTHETIC_DEMO_DATA
581,Sundarbans,21.90259,89.06533,2025-03-12 10:13:33,29.052,0.852,1.465,12.968,0,none,SYNTHETIC_DEMO_DATA
582,Andaman & Nicobar,11.6263,92.4771,2025-03-12 13:08:24,27.476,-1.524,1.564,10.837,1,anticyclonic,SYNTHETIC_DEMO_DATA
583,Odisha Coast,19.90799,86.07699,2025-03-12 16:03:15,29.78,0.78,2.135,18.805,1,anticyclonic,SYNTHETIC_DEMO_DATA
584,Sundarbans,21.84974,89.08759,2025-03-12 18:58:06,28.923,0.723,2.005,14.698,1,anticyclonic,SYNTHETIC_DEMO_DATA
585,Kerala Coast,10.06288,76.47969,2025-03-12 21:52:57,28.161,-0.139,0.878,11.893,0,none,SYNTHETIC_DEMO_DATA
586,Lakshadweep,10.56546,72.43203,2025-03-13 00:47:49,29.392,0.892,0.18,4.391,1,anticyclonic,SYNTHETIC_DEMO_DATA
587,Gujarat Coast,22.60713,69.49746,2025-03-13 03:42:40,28.092,0.592,1.334,6.122,0,none,SYNTHETIC_DEMO_DATA
588,Sundarbans,22.31895,88.83759,2025-03-13 06:37:31,27.06,-1.14,1.48,16.901,0,none,SYNTHETIC_DEMO_DATA
589,Andaman & Nicobar,12.1258,92.5077,2025-03-13 09:32:22,28.323,-0.677,0.913,9.154,1,anticyclonic,SYNTHETIC_DEMO_DATA
590,Andaman & Nicobar,11.30985,92.91038,2025-03-13 12:27:13,29.85,0.85,2.077,10.381,0,none,SYNTHETIC_DEMO_DATA
591,Andaman & Nicobar,11.72071,92.93589,2025-03-13 15:22:04,29.17,0.17,2.31,13.889,0,none,SYNTHETIC_DEMO_DATA
592,Lakshadweep,10.76806,72.67481,2025-03-13 18:16:55,26.818,-1.682,1.62,12.282,1,cyclonic,SYNTHETIC_DEMO_DATA
593,Visakhapatnam,17.35835,83.28219,2025-03-13 21:11:46,29.298,0.798,1.538,10.149,1,cyclonic,SYNTHETIC_DEMO_DATA
594,Lakshadweep,10.7387,72.54265,2025-03-14 00:06:37,27.764,-0.736,1.906,11.132,0,none,SYNTHETIC_DEMO_DATA
595,Chennai Coast,12.88774,80.2563,2025-03-14 03:01:28,30.888,1.688,1.397,4.153,1,anticyclonic,SYNTHETIC_DEMO_DATA
596,Andaman & Nicobar,11.6303,92.80328,2025-03-14 05:56:19,29.318,0.318,1.287,10.018,0,none,SYNTHETIC_DEMO_DATA
597,Mumbai Coast,18.72041,72.98404,2025-03-14 08:51:10,28.138,0.138,1.231,10.33,1,anticyclonic,SYNTHETIC_DEMO_DATA
598,Goa Coast,15.53134,74.04892,2025-03-14 11:46:01,27.959,-0.241,1.266,6.143,1,cyclonic,SYNTHETIC_DEMO_DATA
599,Gujarat Coast,22.03281,69.63323,2025-03-14 14:40:52,27.934,0.434,0.673,5.28,1,cyclonic,SYNTHETIC_DEMO_DATA
600,Gujarat Coast,22.58208,69.58797,2025-03-14 17:35:43,26.553,-0.947,1.767,8.482,1,anticyclonic,SYNTHETIC_DEMO_DATA
601,Gujarat Coast,22.07461,69.34014,2025-03-14 20:30:34,27.424,-0.076,1.097,8.304,0,none,SYNTHETIC_DEMO_DATA
602,Goa Coast,15.85512,73.96487,2025-03-14 23:25:25,27.64,-0.56,1.564,9.703,0,none,SYNTHETIC_DEMO_DATA
603,Goa Coast,15.74585,73.88173,2025-03-15 02:20:17,27.37,-0.83,0.577,6.124,1,anticyclonic,SYNTHETIC_DEMO_DATA
604,Odisha Coast,19.78367,86.04405,2025-03-15 05:15:08,28.474,-0.526,1.779,17.085,1,cyclonic,SYNTHETIC_DEMO_DATA
605,Andaman & Nicobar,11.81266,92.75675,2025-03-15 08:09:59,30.984,1.984,0.946,10.256,1,anticyclonic,SYNTHETIC_DEMO_DATA
606,Mumbai Coast,18.81084,72.72105,2025-03-15 11:04:50,28.277,0.277,0.921,7.76,1,anticyclonic,SYNTHETIC_DEMO_DATA
607,Chennai Coast,13.22766,80.27973,2025-03-15 13:59:41,30.152,0.952,1.481,13.985,0,none,SYNTHETIC_DEMO_DATA
608,Mumbai Coast,18.529,72.50047,2025-03-15 16:54:32,28.013,0.013,2.479,18.349,0,none,SYNTHETIC_DEMO_DATA
609,Lakshadweep,10.83136,72.52818,2025-03-15 19:49:23,28.693,0.193,0.656,3.943,0,none,SYNTHETIC_DEMO_DATA
610,Andaman & Nicobar,11.62999,92.64089,2025-03-15 22:44:14,29.249,0.249,1.499,10.305,0,none,SYNTHETIC_DEMO_DATA
611,Andaman & Nicobar,11.74292,92.47346,2025-03-16 01:39:05,29.31,0.31,1.0,12.443,0,none,SYNTHETIC_DEMO_DATA
612,Kerala Coast,9.88148,76.66158,2025-03-16 04:33:56,28.128,-0.172,1.859,10.902,1,cyclonic,SYNTHETIC_DEMO_DATA
613,Goa Coast,15.5918,73.69994,2025-03-16 07:28:47,28.615,0.415,1.835,7.756,0,none,SYNTHETIC_DEMO_DATA
614,Chennai Coast,13.2769,80.27701,2025-03-16 10:23:38,29.675,0.475,0.793,8.515,1,cyclonic,SYNTHETIC_DEMO_DATA
615,Gujarat Coast,22.0292,69.70394,2025-03-16 13:18:29,27.702,0.202,0.292,8.785,0,none,SYNTHETIC_DEMO_DATA
616,Gujarat Coast,22.13257,69.75747,2025-03-16 16:13:20,27.237,-0.263,0.79,5.002,0,none,SYNTHETIC_DEMO_DATA
617,Visakhapatnam,18.04885,83.51216,2025-03-16 19:08:11,29.591,1.091,0.924,8.493,0,none,SYNTHETIC_DEMO_DATA
618,Visakhapatnam,17.76776,83.43233,2025-03-16 22:03:02,28.922,0.422,1.46,10.973,0,none,SYNTHETIC_DEMO_DATA
619,Sundarbans,21.71209,89.16828,2025-03-17 00:57:53,28.311,0.111,1.326,12.489,1,anticyclonic,SYNTHETIC_DEMO_DATA
620,Odisha Coast,19.99818,86.15474,2025-03-17 03:52:45,28.843,-0.157,2.25,6.623,1,cyclonic,SYNTHETIC_DEMO_DATA
621,Kerala Coast,9.78974,76.27906,2025-03-17 06:47:36,28.785,0.485,2.158,13.452,1,anticyclonic,SYNTHETIC_DEMO_DATA
622,Kerala Coast,9.70825,76.33322,2025-03-17 09:42:27,28.95,0.65,2.202,16.831,0,none,SYNTHETIC_DEMO_DATA
623,Odisha Coast,19.5375,85.77278,2025-03-17 12:37:18,30.689,1.689,0.689,13.728,1,anticyclonic,SYNTHETIC_DEMO_DATA
624,Kerala Coast,9.91195,76.49947,2025-03-17 15:32:09,27.824,-0.476,1.322,6.927,1,cyclonic,SYNTHETIC_DEMO_DATA
625,Gujarat Coast,22.26447,69.56997,2025-03-17 18:27:00,29.151,1.651,1.382,11.754,1,cyclonic,SYNTHETIC_DEMO_DATA
626,Visakhapatnam,17.55387,82.79399,2025-03-17 21:21:51,29.149,0.649,1.253,4.867,0,none,SYNTHETIC_DEMO_DATA
627,Chennai Coast,13.3486,80.36993,2025-03-18 00:16:42,29.104,-0.096,1.538,5.101,1,cyclonic,SYNTHETIC_DEMO_DATA
628,Chennai Coast,12.7561,80.40805,2025-03-18 03:11:33,29.337,0.137,1.348,6.332,1,cyclonic,SYNTHETIC_DEMO_DATA
629,Mumbai Coast,18.80125,72.63917,2025-03-18 06:06:24,27.564,-0.436,2.127,7.972,1,anticyclonic,SYNTHETIC_DEMO_DATA
630,Chennai Coast,12.82728,80.32358,2025-03-18 09:01:15,28.891,-0.309,0.605,3.4,0,none,SYNTHETIC_DEMO_DATA
631,Goa Coast,15.92106,73.62446,2025-03-18 11:56:06,29.124,0.924,1.896,13.203,1,anticyclonic,SYNTHETIC_DEMO_DATA
632,Chennai Coast,13.19159,80.13379,2025-03-18 14:50:57,29.835,0.635,1.364,10.052,0,none,SYNTHETIC_DEMO_DATA
633,Kerala Coast,9.60896,76.12183,2025-03-18 17:45:48,29.244,0.944,1.486,11.348,1,cyclonic,SYNTHETIC_DEMO_DATA
634,Chennai Coast,13.0476,80.18592,2025-03-18 20:40:39,29.497,0.297,1.899,11.756,0,none,SYNTHETIC_DEMO_DATA
635,Odisha Coast,19.49878,85.9069,2025-03-18 23:35:30,28.951,-0.049,1.032,9.067,0,none,SYNTHETIC_DEMO_DATA
636,Gujarat Coast,22.00939,69.87016,2025-03-19 02:30:21,26.792,-0.708,0.406,10.653,0,none,SYNTHETIC_DEMO_DATA
637,Visakhapatnam,17.74995,83.02682,2025-03-19 05:25:13,28.764,0.264,1.273,10.286,1,cyclonic,SYNTHETIC_DEMO_DATA
638,Visakhapatnam,17.66625,83.58886,2025-03-19 08:20:04,28.395,-0.105,1.029,1.894,0,none,SYNTHETIC_DEMO_DATA
639,Goa Coast,15.47567,73.49426,2025-03-19 11:14:55,27.349,-0.851,1.32,11.619,0,none,SYNTHETIC_DEMO_DATA
640,Lakshadweep,10.94642,72.99639,2025-03-19 14:09:46,29.131,0.631,0.406,6.161,1,cyclonic,SYNTHETIC_DEMO_DATA
641,Gujarat Coast,22.30054,69.25001,2025-03-19 17:04:37,28.323,0.823,1.407,11.464,0,none,SYNTHETIC_DEMO_DATA
642,Lakshadweep,10.64614,73.12102,2025-03-19 19:59:28,28.434,-0.066,1.345,14.895,1,anticyclonic,SYNTHETIC_DEMO_DATA
643,Andaman & Nicobar,11.61368,92.57041,2025-03-19 22:54:19,29.093,0.093,1.45,7.263,1,anticyclonic,SYNTHETIC_DEMO_DATA
644,Kerala Coast,9.93123,76.16542,2025-03-20 01:49:10,28.496,0.196,1.131,7.922,0,none,SYNTHETIC_DEMO_DATA
645,Goa Coast,15.80825,73.78355,2025-03-20 04:44:01,27.698,-0.502,1.034,12.766,1,anticyclonic,SYNTHETIC_DEMO_DATA
646,Chennai Coast,13.13237,80.37038,2025-03-20 07:38:52,28.772,-0.428,0.337,1.458,1,anticyclonic,SYNTHETIC_DEMO_DATA
647,Kerala Coast,9.92775,76.01399,2025-03-20 10:33:43,29.572,1.272,1.876,13.115,1,anticyclonic,SYNTHETIC_DEMO_DATA
648,Mumbai Coast,18.87842,72.81941,2025-03-20 13:28:34,27.992,-0.008,1.485,11.963,0,none,SYNTHETIC_DEMO_DATA
649,Lakshadweep,10.73562,72.99677,2025-03-20 16:23:25,27.335,-1.165,1.235,5.738,0,none,SYNTHETIC_DEMO_DATA
650,Andaman & Nicobar,11.94902,92.53785,2025-03-20 19:18:16,29.102,0.102,1.123,11.22,0,none,SYNTHETIC_DEMO_DATA
651,Kerala Coast,9.74395,76.17646,2025-03-20 22:13:07,28.473,0.173,1.913,14.972,0,none,SYNTHETIC_DEMO_DATA
652,Gujarat Coast,22.53716,69.99111,2025-03-21 01:07:58,27.105,-0.395,1.37,8.634,0,none,SYNTHETIC_DEMO_DATA
653,Visakhapatnam,17.55886,83.25743,2025-03-21 04:02:49,28.056,-0.444,1.1,3.351,0,none,SYNTHETIC_DEMO_DATA
654,Andaman & Nicobar,11.7265,93.00659,2025-03-21 06:57:41,28.37,-0.63,1.276,6.311,1,anticyclonic,SYNTHETIC_DEMO_DATA
655,Mumbai Coast,19.12769,72.89316,2025-03-21 09:52:32,29.098,1.098,1.765,12.025,1,anticyclonic,SYNTHETIC_DEMO_DATA
656,Mumbai Coast,19.1357,73.01227,2025-03-21 12:47:23,28.326,0.326,2.432,16.522,0,none,SYNTHETIC_DEMO_DATA
657,Goa Coast,15.53195,73.55731,2025-03-21 15:42:14,28.147,-0.053,0.872,4.755,1,cyclonic,SYNTHETIC_DEMO_DATA
658,Gujarat Coast,22.59071,69.6267,2025-03-21 18:37:05,27.819,0.319,1.267,8.443,1,cyclonic,SYNTHETIC_DEMO_DATA
659,Sundarbans,21.74151,89.19993,2025-03-21 21:31:56,28.827,0.627,1.386,13.6,0,none,SYNTHETIC_DEMO_DATA
660,Visakhapatnam,17.99522,82.91231,2025-03-22 00:26:47,28.054,-0.446,0.96,4.158,1,anticyclonic,SYNTHETIC_DEMO_DATA
661,Odisha Coast,19.80565,85.78224,2025-03-22 03:21:38,29.606,0.606,1.643,11.767,0,none,SYNTHETIC_DEMO_DATA
662,Goa Coast,15.5239,73.90625,2025-03-22 06:16:29,26.906,-1.294,1.408,10.49,0,none,SYNTHETIC_DEMO_DATA
663,Sundarbans,22.22719,89.47321,2025-03-22 09:11:20,27.319,-0.881,1.98,15.896,1,cyclonic,SYNTHETIC_DEMO_DATA
664,Visakhapatnam,17.5223,83.39927,2025-03-22 12:06:11,29.365,0.865,0.858,7.352,0,none,SYNTHETIC_DEMO_DATA
665,Mumbai Coast,18.94087,72.98688,2025-03-22 15:01:02,27.085,-0.915,1.061,5.117,0,none,SYNTHETIC_DEMO_DATA
666,Gujarat Coast,22.30296,69.91311,2025-03-22 17:55:53,28.001,0.501,0.619,11.932,0,none,SYNTHETIC_DEMO_DATA
667,Mumbai Coast,18.90679,72.69522,2025-03-22 20:50:44,27.701,-0.299,0.982,10.346,1,anticyclonic,SYNTHETIC_DEMO_DATA
668,Andaman & Nicobar,11.4493,92.49064,2025-03-22 23:45:35,30.384,1.384,1.254,9.911,1,anticyclonic,SYNTHETIC_DEMO_DATA
669,Lakshadweep,10.61523,72.68956,2025-03-23 02:40:26,29.093,0.593,0.601,7.134,0,none,SYNTHETIC_DEMO_DATA
670,Odisha Coast,19.73605,85.59568,2025-03-23 05:35:17,29.926,0.926,1.198,9.951,0,none,SYNTHETIC_DEMO_DATA
671,Lakshadweep,10.22019,72.88136,2025-03-23 08:30:09,28.081,-0.419,1.164,10.4,1,anticyclonic,SYNTHETIC_DEMO_DATA
672,Gujarat Coast,22.06576,69.57978,2025-03-23 11:25:00,27.283,-0.217,0.05,2.819,0,none,SYNTHETIC_DEMO_DATA
673,Gujarat Coast,22.53038,69.81026,2025-03-23 14:19:51,27.943,0.443,0.05,4.572,0,none,SYNTHETIC_DEMO_DATA
674,Sundarbans,22.1229,89.00209,2025-03-23 17:14:42,28.084,-0.116,1.571,16.006,0,none,SYNTHETIC_DEMO_DATA
675,Gujarat Coast,22.14457,69.72648,2025-03-23 20:09:33,28.156,0.656,0.817,7.259,0,none,SYNTHETIC_DEMO_DATA
676,Goa Coast,15.47866,74.07074,2025-03-23 23:04:24,28.752,0.552,1.706,18.378,1,cyclonic,SYNTHETIC_DEMO_DATA
677,Mumbai Coast,18.66563,72.94414,2025-03-24 01:59:15,27.541,-0.459,1.457,8.568,0,none,SYNTHETIC_DEMO_DATA
678,Sundarbans,21.80224,89.25622,2025-03-24 04:54:06,27.152,-1.048,1.297,10.48,0,none,SYNTHETIC_DEMO_DATA
679,Mumbai Coast,18.7473,72.53821,2025-03-24 07:48:57,29.184,1.184,1.451,10.024,0,none,SYNTHETIC_DEMO_DATA
680,Lakshadweep,10.44526,72.92629,2025-03-24 10:43:48,27.956,-0.544,1.697,13.15,0,none,SYNTHETIC_DEMO_DATA
681,Goa Coast,15.29694,73.85958,2025-03-24 13:38:39,28.79,0.59,1.645,13.59,0,none,SYNTHETIC_DEMO_DATA
682,Odisha Coast,19.75521,85.96874,2025-03-24 16:33:30,29.697,0.697,1.646,13.593,1,anticyclonic,SYNTHETIC_DEMO_DATA
683,Lakshadweep,10.40149,72.38835,2025-03-24 19:28:21,28.069,-0.431,0.938,6.563,1,cyclonic,SYNTHETIC_DEMO_DATA
684,Lakshadweep,10.38217,72.38013,2025-03-24 22:23:12,28.867,0.367,0.724,6.007,1,anticyclonic,SYNTHETIC_DEMO_DATA
685,Odisha Coast,19.93209,85.88442,2025-03-25 01:18:03,28.881,-0.119,1.112,7.267,0,none,SYNTHETIC_DEMO_DATA
686,Andaman & Nicobar,12.11468,92.33539,2025-03-25 04:12:54,30.142,1.142,2.135,12.563,0,none,SYNTHETIC_DEMO_DATA
687,Kerala Coast,9.90814,76.48139,2025-03-25 07:07:45,28.933,0.633,1.526,12.243,0,none,SYNTHETIC_DEMO_DATA
688,Mumbai Coast,19.37281,72.68364,2025-03-25 10:02:36,28.38,0.38,1.428,7.097,1,anticyclonic,SYNTHETIC_DEMO_DATA
689,Kerala Coast,10.30646,76.19675,2025-03-25 12:57:28,28.314,0.014,1.836,6.708,1,anticyclonic,SYNTHETIC_DEMO_DATA
690,Goa Coast,15.67208,73.75302,2025-03-25 15:52:19,28.441,0.241,1.863,16.491,0,none,SYNTHETIC_DEMO_DATA
691,Lakshadweep,10.41512,72.39836,2025-03-25 18:47:10,29.234,0.734,2.116,8.105,0,none,SYNTHETIC_DEMO_DATA
692,Goa Coast,15.30771,73.88291,2025-03-25 21:42:01,27.959,-0.241,0.938,5.499,0,none,SYNTHETIC_DEMO_DATA
693,Lakshadweep,10.22237,72.50494,2025-03-26 00:36:52,28.866,0.366,1.817,13.938,1,anticyclonic,SYNTHETIC_DEMO_DATA
694,Lakshadweep,10.59101,72.75115,2025-03-26 03:31:43,28.419,-0.081,1.089,7.206,0,none,SYNTHETIC_DEMO_DATA
695,Sundarbans,22.05862,89.08252,2025-03-26 06:26:34,27.201,-0.999,2.276,14.982,1,cyclonic,SYNTHETIC_DEMO_DATA
696,Visakhapatnam,17.63992,82.88857,2025-03-26 09:21:25,27.895,-0.605,1.355,6.906,1,cyclonic,SYNTHETIC_DEMO_DATA
697,Goa Coast,15.40281,73.67187,2025-03-26 12:16:16,28.56,0.36,1.231,11.546,0,none,SYNTHETIC_DEMO_DATA
698,Mumbai Coast,18.93812,72.46692,2025-03-26 15:11:07,29.479,1.479,1.246,8.55,0,none,SYNTHETIC_DEMO_DATA
699,Sundarbans,21.9855,89.07425,2025-03-26 18:05:58,28.374,0.174,2.118,12.499,1,cyclonic,SYNTHETIC_DEMO_DATA
700,Sundarbans,22.38337,88.92261,2025-03-26 21:00:49,28.278,0.078,1.388,7.506,0,none,SYNTHETIC_DEMO_DATA
701,Mumbai Coast,19.04309,72.87614,2025-03-26 23:55:40,28.876,0.876,1.748,14.529,0,none,SYNTHETIC_DEMO_DATA
702,Gujarat Coast,22.41604,69.51275,2025-03-27 02:50:31,28.448,0.948,0.918,12.225,0,none,SYNTHETIC_DEMO_DATA
703,Odisha Coast,19.79522,85.68957,2025-03-27 05:45:22,28.903,-0.097,1.616,12.423,0,none,SYNTHETIC_DEMO_DATA
704,Odisha Coast,19.95297,85.5545,2025-03-27 08:40:13,28.277,-0.723,0.672,6.004,0,none,SYNTHETIC_DEMO_DATA
705,Odisha Coast,19.73352,85.91529,2025-03-27 11:35:04,28.996,-0.004,2.366,14.052,0,none,SYNTHETIC_DEMO_DATA
706,Mumbai Coast,19.072,72.73713,2025-03-27 14:29:56,27.12,-0.88,1.108,10.749,1,anticyclonic,SYNTHETIC_DEMO_DATA
707,Sundarbans,21.8889,89.16049,2025-03-27 17:24:47,28.575,0.375,1.053,17.295,1,cyclonic,SYNTHETIC_DEMO_DATA
708,Mumbai Coast,19.09264,72.75255,2025-03-27 20:19:38,27.943,-0.057,0.74,5.89,0,none,SYNTHETIC_DEMO_DATA
709,Kerala Coast,9.88928,76.28126,2025-03-27 23:14:29,27.109,-1.191,2.147,13.674,0,none,SYNTHETIC_DEMO_DATA
710,Kerala Coast,9.93385,76.08936,2025-03-28 02:09:20,28.739,0.439,1.557,13.625,1,cyclonic,SYNTHETIC_DEMO_DATA
711,Gujarat Coast,22.35473,69.18531,2025-03-28 05:04:11,28.186,0.686,0.835,6.501,1,anticyclonic,SYNTHETIC_DEMO_DATA
712,Mumbai Coast,19.00711,72.82632,2025-03-28 07:59:02,27.913,-0.087,1.549,7.856,1,cyclonic,SYNTHETIC_DEMO_DATA
713,Goa Coast,15.48925,73.42251,2025-03-28 10:53:53,28.228,0.028,1.564,13.368,0,none,SYNTHETIC_DEMO_DATA
714,Goa Coast,15.64255,73.39344,2025-03-28 13:48:44,26.955,-1.245,1.709,9.208,0,none,SYNTHETIC_DEMO_DATA
715,Lakshadweep,10.29215,72.34915,2025-03-28 16:43:35,28.911,0.411,1.56,4.495,0,none,SYNTHETIC_DEMO_DATA
716,Goa Coast,15.27908,73.64512,2025-03-28 19:38:26,27.106,-1.094,1.629,13.44,1,anticyclonic,SYNTHETIC_DEMO_DATA
717,Mumbai Coast,18.9955,72.795,2025-03-28 22:33:17,28.284,0.284,1.601,9.706,0,none,SYNTHETIC_DEMO_DATA
718,Kerala Coast,9.76073,76.7651,2025-03-29 01:28:08,27.879,-0.421,1.733,13.169,1,anticyclonic,SYNTHETIC_DEMO_DATA
719,Visakhapatnam,17.85985,83.1313,2025-03-29 04:22:59,29.76,1.26,0.592,6.156,0,none,SYNTHETIC_DEMO_DATA
720,Mumbai Coast,19.24591,72.76001,2025-03-29 07:17:50,27.714,-0.286,1.835,13.797,1,cyclonic,SYNTHETIC_DEMO_DATA
721,Odisha Coast,19.74981,85.58762,2025-03-29 10:12:41,29.278,0.278,1.282,7.368,0,none,SYNTHETIC_DEMO_DATA
722,Lakshadweep,10.52849,72.69221,2025-03-29 13:07:32,28.739,0.239,1.394,11.01,0,none,SYNTHETIC_DEMO_DATA
723,Andaman & Nicobar,11.44904,92.52186,2025-03-29 16:02:24,28.701,-0.299,1.445,11.199,0,none,SYNTHETIC_DEMO_DATA
724,Odisha Coast,19.75899,85.4422,2025-03-29 18:57:15,29.812,0.812,1.603,13.394,1,cyclonic,SYNTHETIC_DEMO_DATA
725,Goa Coast,15.54987,73.92886,2025-03-29 21:52:06,28.959,0.759,0.833,8.494,0,none,SYNTHETIC_DEMO_DATA
726,Odisha Coast,19.79795,86.04467,2025-03-30 00:46:57,29.207,0.207,0.9,5.712,0,none,SYNTHETIC_DEMO_DATA
727,Goa Coast,15.66259,73.96924,2025-03-30 03:41:48,28.641,0.441,1.572,9.815,0,none,SYNTHETIC_DEMO_DATA
728,Sundarbans,22.0965,89.16516,2025-03-30 06:36:39,28.501,0.301,1.761,12.1,0,none,SYNTHETIC_DEMO_DATA
729,Kerala Coast,9.78497,76.43077,2025-03-30 09:31:30,29.643,1.343,1.629,13.263,0,none,SYNTHETIC_DEMO_DATA
730,Gujarat Coast,22.16506,69.5105,2025-03-30 12:26:21,27.357,-0.143,0.732,9.579,1,anticyclonic,SYNTHETIC_DEMO_DATA
731,Goa Coast,15.41118,73.7149,2025-03-30 15:21:12,27.631,-0.569,1.335,11.132,1,cyclonic,SYNTHETIC_DEMO_DATA
732,Kerala Coast,9.95702,76.04335,2025-03-30 18:16:03,27.367,-0.933,1.869,14.756,1,cyclonic,SYNTHETIC_DEMO_DATA
733,Lakshadweep,10.78381,72.8193,2025-03-30 21:10:54,27.768,-0.732,2.447,18.046,1,cyclonic,SYNTHETIC_DEMO_DATA
734,Goa Coast,15.52396,73.85156,2025-03-31 00:05:45,29.069,0.869,1.74,14.069,0,none,SYNTHETIC_DEMO_DATA
735,Visakhapatnam,17.45805,83.27295,2025-03-31 03:00:36,30.054,1.554,1.435,5.115,0,none,SYNTHETIC_DEMO_DATA
736,Gujarat Coast,22.60365,69.34121,2025-03-31 05:55:27,26.722,-0.778,1.582,6.456,0,none,SYNTHETIC_DEMO_DATA
737,Goa Coast,15.86142,73.93404,2025-03-31 08:50:18,28.287,0.087,1.398,10.332,0,none,SYNTHETIC_DEMO_DATA
738,Chennai Coast,13.19392,80.13619,2025-03-31 11:45:09,28.598,-0.602,1.293,13.464,0,none,SYNTHETIC_DEMO_DATA
739,Goa Coast,15.48441,73.6013,2025-03-31 14:40:00,29.602,1.402,1.318,11.412,1,anticyclonic,SYNTHETIC_DEMO_DATA
740,Andaman & Nicobar,11.68846,92.18844,2025-03-31 17:34:52,29.212,0.212,2.144,13.515,0,none,SYNTHETIC_DEMO_DATA
741,Andaman & Nicobar,11.67419,92.71212,2025-03-31 20:29:43,28.605,-0.395,0.737,4.149,1,anticyclonic,SYNTHETIC_DEMO_DATA
742,Goa Coast,15.29907,73.88554,2025-03-31 23:24:34,27.232,-0.968,1.386,14.293,1,anticyclonic,SYNTHETIC_DEMO_DATA
743,Gujarat Coast,22.10261,69.67744,2025-04-01 02:19:25,27.973,-0.277,1.026,5.986,1,cyclonic,SYNTHETIC_DEMO_DATA
744,Visakhapatnam,18.00795,83.26343,2025-04-01 05:14:16,28.224,-1.026,0.763,6.063,1,anticyclonic,SYNTHETIC_DEMO_DATA
745,Goa Coast,15.58912,73.90367,2025-04-01 08:09:07,29.261,0.311,1.94,15.475,1,cyclonic,SYNTHETIC_DEMO_DATA
746,Chennai Coast,12.89678,80.32427,2025-04-01 11:03:58,30.266,0.316,2.103,16.094,0,none,SYNTHETIC_DEMO_DATA
747,Mumbai Coast,18.96259,73.06574,2025-04-01 13:58:49,28.671,-0.079,2.308,13.494,1,anticyclonic,SYNTHETIC_DEMO_DATA
748,Chennai Coast,12.75604,80.08376,2025-04-01 16:53:40,28.695,-1.255,1.841,10.754,0,none,SYNTHETIC_DEMO_DATA
749,Chennai Coast,13.20959,80.09391,2025-04-01 19:48:31,28.753,-1.197,1.101,4.934,0,none,SYNTHETIC_DEMO_DATA
750,Odisha Coast,20.08793,85.57501,2025-04-01 22:43:22,30.576,0.826,1.584,16.747,1,cyclonic,SYNTHETIC_DEMO_DATA
751,Lakshadweep,10.29091,72.6158,2025-04-02 01:38:13,30.469,1.219,1.482,8.812,1,anticyclonic,SYNTHETIC_DEMO_DATA
752,Odisha Coast,19.65625,86.23867,2025-04-02 04:33:04,28.423,-1.327,2.029,15.196,0,none,SYNTHETIC_DEMO_DATA
753,Sundarbans,21.83,89.44119,2025-04-02 07:27:55,29.729,0.779,0.35,8.516,0,none,SYNTHETIC_DEMO_DATA
754,Lakshadweep,10.68203,72.73054,2025-04-02 10:22:46,29.111,-0.139,1.145,11.132,0,none,SYNTHETIC_DEMO_DATA
755,Mumbai Coast,18.89408,72.97582,2025-04-02 13:17:37,27.635,-1.115,1.909,16.227,1,cyclonic,SYNTHETIC_DEMO_DATA
756,Kerala Coast,9.89367,76.42635,2025-04-02 16:12:28,29.052,0.002,1.473,13.797,1,cyclonic,SYNTHETIC_DEMO_DATA
757,Goa Coast,15.80379,73.91451,2025-04-02 19:07:20,30.071,1.121,1.818,16.38,0,none,SYNTHETIC_DEMO_DATA
758,Chennai Coast,13.22867,80.38063,2025-04-02 22:02:11,30.958,1.008,1.443,7.201,0,none,SYNTHETIC_DEMO_DATA
759,Odisha Coast,19.66026,85.87778,2025-04-03 00:57:02,30.77,1.02,2.0,8.126,0,none,SYNTHETIC_DEMO_DATA
760,Goa Coast,15.69379,73.80692,2025-04-03 03:51:53,29.326,0.376,1.64,12.133,0,none,SYNTHETIC_DEMO_DATA
761,Odisha Coast,19.97485,85.97376,2025-04-03 06:46:44,29.733,-0.017,0.614,2.959,0,none,SYNTHETIC_DEMO_DATA
762,Mumbai Coast,18.83714,72.65493,2025-04-03 09:41:35,28.592,-0.158,1.374,8.014,1,anticyclonic,SYNTHETIC_DEMO_DATA
763,Lakshadweep,10.56541,73.14079,2025-04-03 12:36:26,28.618,-0.632,0.516,1.76,0,none,SYNTHETIC_DEMO_DATA
764,Lakshadweep,10.63156,72.67907,2025-04-03 15:31:17,30.14,0.89,1.187,8.941,1,cyclonic,SYNTHETIC_DEMO_DATA
765,Chennai Coast,13.32821,80.14163,2025-04-03 18:26:08,29.641,-0.309,1.636,11.665,1,anticyclonic,SYNTHETIC_DEMO_DATA
766,Goa Coast,15.46397,74.13993,2025-04-03 21:20:59,29.203,0.253,1.192,5.924,1,anticyclonic,SYNTHETIC_DEMO_DATA
767,Gujarat Coast,22.28743,69.65476,2025-04-04 00:15:50,28.264,0.014,1.274,11.018,1,cyclonic,SYNTHETIC_DEMO_DATA
768,Kerala Coast,10.11164,76.23432,2025-04-04 03:10:41,29.373,0.323,2.646,17.061,0,none,SYNTHETIC_DEMO_DATA
769,Odisha Coast,20.053,85.94824,2025-04-04 06:05:32,28.31,-1.44,1.659,13.55,1,cyclonic,SYNTHETIC_DEMO_DATA
770,Chennai Coast,13.22026,80.15659,2025-04-04 09:00:23,28.297,-1.653,1.536,13.737,0,none,SYNTHETIC_DEMO_DATA
771,Gujarat Coast,22.38032,69.93933,2025-04-04 11:55:14,28.217,-0.033,1.012,7.789,1,anticyclonic,SYNTHETIC_DEMO_DATA
772,Lakshadweep,10.83792,72.5982,2025-04-04 14:50:05,29.443,0.193,1.103,7.418,0,none,SYNTHETIC_DEMO_DATA
773,Sundarbans,21.66312,89.28958,2025-04-04 17:44:56,28.741,-0.209,1.422,9.412,1,anticyclonic,SYNTHETIC_DEMO_DATA
774,Goa Coast,15.76053,73.74678,2025-04-04 20:39:47,28.113,-0.837,0.87,7.88,0,none,SYNTHETIC_DEMO_DATA
775,Andaman & Nicobar,11.55134,92.37819,2025-04-04 23:34:39,30.075,0.325,2.751,20.4,1,cyclonic,SYNTHETIC_DEMO_DATA
776,Lakshadweep,10.79649,72.60043,2025-04-05 02:29:30,29.617,0.367,1.508,7.548,0,none,SYNTHETIC_DEMO_DATA
777,Kerala Coast,9.90021,75.90416,2025-04-05 05:24:21,29.43,0.38,1.727,10.577,0,none,SYNTHETIC_DEMO_DATA
778,Odisha Coast,19.94067,85.69485,2025-04-05 08:19:12,29.641,-0.109,0.605,4.002,0,none,SYNTHETIC_DEMO_DATA
779,Visakhapatnam,17.63128,83.06334,2025-04-05 11:14:03,29.48,0.23,1.063,4.667,0,none,SYNTHETIC_DEMO_DATA
780,Andaman & Nicobar,11.36985,92.82967,2025-04-05 14:08:54,30.098,0.348,1.175,18.051,0,none,SYNTHETIC_DEMO_DATA
781,Andaman & Nicobar,11.72275,92.67219,2025-04-05 17:03:45,31.292,1.542,2.058,13.68,0,none,SYNTHETIC_DEMO_DATA
782,Gujarat Coast,21.98015,69.64416,2025-04-05 19:58:36,28.328,0.078,1.862,15.807,0,none,SYNTHETIC_DEMO_DATA
783,Odisha Coast,19.68993,86.17501,2025-04-05 22:53:27,31.488,1.738,0.831,8.477,0,none,SYNTHETIC_DEMO_DATA
784,Odisha Coast,19.71951,85.64609,2025-04-06 01:48:18,29.473,-0.277,0.988,5.739,0,none,SYNTHETIC_DEMO_DATA
785,Kerala Coast,9.58931,76.39766,2025-04-06 04:43:09,27.493,-1.557,1.899,10.94,0,none,SYNTHETIC_DEMO_DATA
786,Mumbai Coast,19.23054,73.13346,2025-04-06 07:38:00,28.605,-0.145,1.719,6.506,0,none,SYNTHETIC_DEMO_DATA
787,Sundarbans,21.73741,89.33125,2025-04-06 10:32:51,29.231,0.281,2.065,13.941,0,none,SYNTHETIC_DEMO_DATA
788,Gujarat Coast,22.11719,69.59148,2025-04-06 13:27:42,29.2,0.95,0.984,7.025,1,anticyclonic,SYNTHETIC_DEMO_DATA
789,Mumbai Coast,19.16017,72.704,2025-04-06 16:22:33,29.991,1.241,2.515,17.938,0,none,SYNTHETIC_DEMO_DATA
790,Sundarbans,22.00304,89.63542,2025-04-06 19:17:24,28.316,-0.634,2.124,10.86,0,none,SYNTHETIC_DEMO_DATA
791,Sundarbans,22.06407,89.22703,2025-04-06 22:12:15,28.946,-0.004,1.759,18.792,1,anticyclonic,SYNTHETIC_DEMO_DATA
792,Kerala Coast,9.97062,75.94107,2025-04-07 01:07:07,29.803,0.753,1.236,6.761,0,none,SYNTHETIC_DEMO_DATA
793,Goa Coast,15.71214,73.91197,2025-04-07 04:01:58,28.396,-0.554,1.307,10.982,0,none,SYNTHETIC_DEMO_DATA
794,Andaman & Nicobar,11.45153,92.67227,2025-04-07 06:56:49,29.747,-0.003,1.237,9.782,0,none,SYNTHETIC_DEMO_DATA
795,Kerala Coast,10.22934,76.54373,2025-04-07 09:51:40,30.169,1.119,1.686,12.656,0,none,SYNTHETIC_DEMO_DATA
796,Visakhapatnam,17.66674,83.29321,2025-04-07 12:46:31,29.993,0.743,1.013,7.344,0,none,SYNTHETIC_DEMO_DATA
797,Lakshadweep,10.44417,72.43668,2025-04-07 15:41:22,29.465,0.215,2.249,17.416,0,none,SYNTHETIC_DEMO_DATA
798,Kerala Coast,9.95134,76.5997,2025-04-07 18:36:13,29.037,-0.013,0.759,10.457,0,none,SYNTHETIC_DEMO_DATA
799,Chennai Coast,13.10837,80.21213,2025-04-07 21:31:04,29.386,-0.564,1.434,11.784,0,none,SYNTHETIC_DEMO_DATA
800,Kerala Coast,10.03652,76.23842,2025-04-08 00:25:55,29.244,0.194,1.473,8.856,1,anticyclonic,SYNTHETIC_DEMO_DATA
801,Sundarbans,21.56976,89.30054,2025-04-08 03:20:46,28.587,-0.363,1.501,5.765,1,anticyclonic,SYNTHETIC_DEMO_DATA
802,Chennai Coast,12.94686,80.2389,2025-04-08 06:15:37,30.11,0.16,0.213,4.557,0,none,SYNTHETIC_DEMO_DATA
803,Mumbai Coast,18.73797,72.62703,2025-04-08 09:10:28,28.399,-0.351,1.89,18.346,0,none,SYNTHETIC_DEMO_DATA
804,Lakshadweep,10.35918,72.64729,2025-04-08 12:05:19,29.446,0.196,1.85,11.168,1,cyclonic,SYNTHETIC_DEMO_DATA
805,Goa Coast,15.4842,73.66229,2025-04-08 15:00:10,28.662,-0.288,1.065,15.141,0,none,SYNTHETIC_DEMO_DATA
806,Goa Coast,15.50804,73.71811,2025-04-08 17:55:01,29.334,0.384,2.218,11.957,1,anticyclonic,SYNTHETIC_DEMO_DATA
807,Mumbai Coast,19.22464,72.57999,2025-04-08 20:49:52,29.095,0.345,1.439,6.35,1,cyclonic,SYNTHETIC_DEMO_DATA
808,Odisha Coast,19.59037,85.97646,2025-04-08 23:44:43,30.218,0.468,1.643,11.002,0,none,SYNTHETIC_DEMO_DATA
809,Chennai Coast,13.03433,80.35628,2025-04-09 02:39:35,29.33,-0.62,1.645,9.342,0,none,SYNTHETIC_DEMO_DATA
810,Lakshadweep,10.23078,72.50775,2025-04-09 05:34:26,31.646,2.396,1.794,12.557,1,cyclonic,SYNTHETIC_DEMO_DATA
811,Sundarbans,21.81144,89.06215,2025-04-09 08:29:17,29.878,0.928,1.837,11.962,0,none,SYNTHETIC_DEMO_DATA
812,Andaman & Nicobar,11.58506,92.36941,2025-04-09 11:24:08,28.91,-0.84,1.279,8.826,0,none,SYNTHETIC_DEMO_DATA
813,Gujarat Coast,22.25823,69.65824,2025-04-09 14:18:59,27.656,-0.594,1.06,4.638,0,none,SYNTHETIC_DEMO_DATA
814,Visakhapatnam,17.83305,82.64475,2025-04-09 17:13:50,28.95,-0.3,1.221,6.525,1,cyclonic,SYNTHETIC_DEMO_DATA
815,Goa Coast,15.4495,73.75127,2025-04-09 20:08:41,27.396,-1.554,1.686,8.62,1,cyclonic,SYNTHETIC_DEMO_DATA
816,Andaman & Nicobar,11.39697,92.60792,2025-04-09 23:03:32,29.701,-0.049,1.664,11.634,0,none,SYNTHETIC_DEMO_DATA
817,Sundarbans,22.05236,89.27376,2025-04-10 01:58:23,30.43,1.48,2.058,16.1,0,none,SYNTHETIC_DEMO_DATA
818,Odisha Coast,20.19172,85.82467,2025-04-10 04:53:14,30.853,1.103,1.919,14.256,1,anticyclonic,SYNTHETIC_DEMO_DATA
819,Gujarat Coast,22.40476,69.56725,2025-04-10 07:48:05,29.531,1.281,0.991,11.096,1,cyclonic,SYNTHETIC_DEMO_DATA
820,Lakshadweep,10.33802,72.79648,2025-04-10 10:42:56,29.828,0.578,1.282,6.672,0,none,SYNTHETIC_DEMO_DATA
821,Sundarbans,21.90378,89.36215,2025-04-10 13:37:47,29.134,0.184,1.816,8.814,1,cyclonic,SYNTHETIC_DEMO_DATA
822,Gujarat Coast,22.01074,69.66247,2025-04-10 16:32:38,28.923,0.673,0.203,8.304,1,anticyclonic,SYNTHETIC_DEMO_DATA
823,Odisha Coast,19.66531,85.66804,2025-04-10 19:27:29,28.545,-1.205,1.003,8.464,1,anticyclonic,SYNTHETIC_DEMO_DATA
824,Gujarat Coast,22.23437,69.64864,2025-04-10 22:22:20,27.883,-0.367,1.119,7.784,1,anticyclonic,SYNTHETIC_DEMO_DATA
825,Gujarat Coast,22.06114,69.51935,2025-04-11 01:17:11,28.008,-0.242,1.074,7.444,1,cyclonic,SYNTHETIC_DEMO_DATA
826,Sundarbans,22.3193,89.29555,2025-04-11 04:12:03,28.97,0.02,1.723,11.923,1,cyclonic,SYNTHETIC_DEMO_DATA
827,Gujarat Coast,22.32715,69.66835,2025-04-11 07:06:54,27.567,-0.683,0.639,3.437,0,none,SYNTHETIC_DEMO_DATA
828,Andaman & Nicobar,12.02034,92.53712,2025-04-11 10:01:45,29.952,0.202,1.423,5.977,0,none,SYNTHETIC_DEMO_DATA
829,Andaman & Nicobar,11.52127,92.8139,2025-04-11 12:56:36,29.644,-0.106,1.93,10.977,1,anticyclonic,SYNTHETIC_DEMO_DATA
830,Sundarbans,22.12499,89.52461,2025-04-11 15:51:27,27.552,-1.398,1.11,12.258,1,cyclonic,SYNTHETIC_DEMO_DATA
831,Visakhapatnam,17.52013,83.199,2025-04-11 18:46:18,28.601,-0.649,1.211,8.75,1,cyclonic,SYNTHETIC_DEMO_DATA
832,Visakhapatnam,17.4751,83.13021,2025-04-11 21:41:09,28.446,-0.804,1.362,7.26,1,cyclonic,SYNTHETIC_DEMO_DATA
833,Kerala Coast,10.17029,76.61584,2025-04-12 00:36:00,29.617,0.567,2.324,14.177,0,none,SYNTHETIC_DEMO_DATA
834,Odisha Coast,19.92751,86.00494,2025-04-12 03:30:51,30.468,0.718,2.285,10.72,0,none,SYNTHETIC_DEMO_DATA
835,Andaman & Nicobar,11.55668,92.72424,2025-04-12 06:25:42,30.056,0.306,0.846,6.712,1,cyclonic,SYNTHETIC_DEMO_DATA
836,Goa Coast,15.68301,73.79655,2025-04-12 09:20:33,28.268,-0.682,1.444,10.067,1,cyclonic,SYNTHETIC_DEMO_DATA
837,Andaman & Nicobar,11.39252,92.65701,2025-04-12 12:15:24,29.713,-0.037,0.271,8.526,1,anticyclonic,SYNTHETIC_DEMO_DATA
838,Odisha Coast,19.58486,86.01307,2025-04-12 15:10:15,30.374,0.624,1.219,11.524,1,cyclonic,SYNTHETIC_DEMO_DATA
839,Sundarbans,21.93994,89.28428,2025-04-12 18:05:06,30.265,1.315,1.797,11.617,0,none,SYNTHETIC_DEMO_DATA
840,Lakshadweep,10.71056,72.4375,2025-04-12 20:59:57,27.433,-1.817,1.149,4.932,1,cyclonic,SYNTHETIC_DEMO_DATA
841,Visakhapatnam,17.6279,83.14357,2025-04-12 23:54:48,29.664,0.414,1.318,11.022,1,cyclonic,SYNTHETIC_DEMO_DATA
842,Gujarat Coast,22.28068,69.74239,2025-04-13 02:49:39,28.19,-0.06,1.293,5.68,0,none,SYNTHETIC_DEMO_DATA
843,Lakshadweep,10.41664,72.74742,2025-04-13 05:44:31,30.014,0.764,1.387,8.096,0,none,SYNTHETIC_DEMO_DATA
844,Sundarbans,22.09556,89.32908,2025-04-13 08:39:22,28.401,-0.549,2.117,14.177,1,anticyclonic,SYNTHETIC_DEMO_DATA
845,Sundarbans,22.2612,89.277,2025-04-13 11:34:13,30.094,1.144,1.421,4.388,1,anticyclonic,SYNTHETIC_DEMO_DATA
846,Sundarbans,21.84722,89.40235,2025-04-13 14:29:04,27.16,-1.79,1.031,7.631,0,none,SYNTHETIC_DEMO_DATA
847,Odisha Coast,19.76909,85.82647,2025-04-13 17:23:55,30.067,0.317,1.409,11.768,0,none,SYNTHETIC_DEMO_DATA
848,Sundarbans,21.97863,89.06219,2025-04-13 20:18:46,29.75,0.8,2.42,13.682,0,none,SYNTHETIC_DEMO_DATA
849,Andaman & Nicobar,11.88023,92.74184,2025-04-13 23:13:37,29.886,0.136,2.241,13.339,1,cyclonic,SYNTHETIC_DEMO_DATA
850,Gujarat Coast,22.45039,69.14505,2025-04-14 02:08:28,28.065,-0.185,1.486,10.575,1,anticyclonic,SYNTHETIC_DEMO_DATA
851,Lakshadweep,10.73645,72.6324,2025-04-14 05:03:19,29.586,0.336,0.811,4.234,0,none,SYNTHETIC_DEMO_DATA
852,Andaman & Nicobar,11.97668,92.41563,2025-04-14 07:58:10,28.893,-0.857,1.288,14.056,0,none,SYNTHETIC_DEMO_DATA
853,Lakshadweep,10.36203,72.52068,2025-04-14 10:53:01,28.86,-0.39,1.579,12.905,1,anticyclonic,SYNTHETIC_DEMO_DATA
854,Visakhapatnam,17.66043,83.03418,2025-04-14 13:47:52,28.716,-0.534,1.898,6.039,1,anticyclonic,SYNTHETIC_DEMO_DATA
855,Visakhapatnam,17.57541,83.58267,2025-04-14 16:42:43,28.808,-0.442,0.61,13.457,1,cyclonic,SYNTHETIC_DEMO_DATA
856,Andaman & Nicobar,11.73528,92.39729,2025-04-14 19:37:34,30.818,1.068,1.961,15.764,0,none,SYNTHETIC_DEMO_DATA
857,Visakhapatnam,18.00684,83.00554,2025-04-14 22:32:25,30.275,1.025,1.555,10.353,0,none,SYNTHETIC_DEMO_DATA
858,Sundarbans,21.88177,88.88912,2025-04-15 01:27:16,27.7,-1.25,2.614,19.765,1,anticyclonic,SYNTHETIC_DEMO_DATA
859,Gujarat Coast,22.34629,69.4418,2025-04-15 04:22:07,26.909,-1.341,1.261,9.555,0,none,SYNTHETIC_DEMO_DATA
860,Andaman & Nicobar,11.68967,92.71562,2025-04-15 07:16:59,30.105,0.355,1.763,12.646,1,anticyclonic,SYNTHETIC_DEMO_DATA
861,Lakshadweep,10.37305,72.69612,2025-04-15 10:11:50,30.007,0.757,1.551,6.733,0,none,SYNTHETIC_DEMO_DATA
862,Lakshadweep,10.36049,72.76724,2025-04-15 13:06:41,29.57,0.32,0.852,5.204,1,cyclonic,SYNTHETIC_DEMO_DATA
863,Odisha Coast,19.75338,85.113,2025-04-15 16:01:32,29.123,-0.627,2.214,14.488,0,none,SYNTHETIC_DEMO_DATA
864,Goa Coast,15.4698,73.81056,2025-04-15 18:56:23,27.422,-1.528,1.898,10.474,1,anticyclonic,SYNTHETIC_DEMO_DATA
865,Andaman & Nicobar,11.90689,93.00494,2025-04-15 21:51:14,30.182,0.432,2.132,17.811,1,cyclonic,SYNTHETIC_DEMO_DATA
866,Gujarat Coast,22.13023,69.9176,2025-04-16 00:46:05,28.577,0.327,0.724,6.652,1,anticyclonic,SYNTHETIC_DEMO_DATA
867,Andaman & Nicobar,11.4675,92.39378,2025-04-16 03:40:56,30.486,0.736,1.361,13.4,0,none,SYNTHETIC_DEMO_DATA
868,Andaman & Nicobar,11.56578,92.96469,2025-04-16 06:35:47,29.249,-0.501,1.743,10.197,0,none,SYNTHETIC_DEMO_DATA
869,Kerala Coast,9.84789,76.14018,2025-04-16 09:30:38,29.003,-0.047,1.445,15.869,0,none,SYNTHETIC_DEMO_DATA
870,Sundarbans,22.41781,89.36751,2025-04-16 12:25:29,29.295,0.345,1.165,7.727,1,cyclonic,SYNTHETIC_DEMO_DATA
871,Kerala Coast,9.86869,76.18189,2025-04-16 15:20:20,29.47,0.42,2.0,15.64,0,none,SYNTHETIC_DEMO_DATA
872,Visakhapatnam,17.59794,83.50139,2025-04-16 18:15:11,29.726,0.476,0.967,12.835,1,cyclonic,SYNTHETIC_DEMO_DATA
873,Odisha Coast,19.97318,86.30114,2025-04-16 21:10:02,30.897,1.147,0.309,10.18,0,none,SYNTHETIC_DEMO_DATA
874,Odisha Coast,19.72628,86.10435,2025-04-17 00:04:53,30.641,0.891,1.238,11.304,0,none,SYNTHETIC_DEMO_DATA
875,Gujarat Coast,21.99669,69.6509,2025-04-17 02:59:44,29.216,0.966,0.445,1.768,1,cyclonic,SYNTHETIC_DEMO_DATA
876,Mumbai Coast,18.84279,73.10114,2025-04-17 05:54:35,28.837,0.087,1.916,11.622,0,none,SYNTHETIC_DEMO_DATA
877,Mumbai Coast,18.51078,72.7915,2025-04-17 08:49:26,27.54,-1.21,0.571,5.027,1,cyclonic,SYNTHETIC_DEMO_DATA
878,Goa Coast,15.18138,74.11516,2025-04-17 11:44:18,28.322,-0.628,0.809,6.648,1,anticyclonic,SYNTHETIC_DEMO_DATA
879,Mumbai Coast,18.95591,72.92007,2025-04-17 14:39:09,28.909,0.159,1.965,14.749,0,none,SYNTHETIC_DEMO_DATA
880,Gujarat Coast,22.40304,69.63053,2025-04-17 17:34:00,28.205,-0.045,1.16,4.305,1,cyclonic,SYNTHETIC_DEMO_DATA
881,Sundarbans,22.02883,89.38145,2025-04-17 20:28:51,28.676,-0.274,2.303,13.39,0,none,SYNTHETIC_DEMO_DATA
882,Andaman & Nicobar,11.69444,92.75187,2025-04-17 23:23:42,29.844,0.094,2.274,17.823,0,none,SYNTHETIC_DEMO_DATA
883,Kerala Coast,9.73724,76.57873,2025-04-18 02:18:33,28.554,-0.496,2.325,15.034,0,none,SYNTHETIC_DEMO_DATA
884,Odisha Coast,19.90786,85.81088,2025-04-18 05:13:24,29.635,-0.115,1.764,14.734,1,cyclonic,SYNTHETIC_DEMO_DATA
885,Andaman & Nicobar,11.30809,92.41659,2025-04-18 08:08:15,29.554,-0.196,1.32,10.673,1,anticyclonic,SYNTHETIC_DEMO_DATA
886,Goa Coast,15.24619,74.02771,2025-04-18 11:03:06,28.988,0.038,1.645,12.041,1,anticyclonic,SYNTHETIC_DEMO_DATA
887,Sundarbans,21.6307,89.5401,2025-04-18 13:57:57,28.255,-0.695,1.699,15.248,0,none,SYNTHETIC_DEMO_DATA
888,Odisha Coast,19.76812,86.17142,2025-04-18 16:52:48,27.84,-1.91,0.833,10.481,1,cyclonic,SYNTHETIC_DEMO_DATA
889,Sundarbans,21.84893,89.06386,2025-04-18 19:47:39,29.037,0.087,1.851,6.949,1,cyclonic,SYNTHETIC_DEMO_DATA
890,Visakhapatnam,17.95933,83.45821,2025-04-18 22:42:30,28.244,-1.006,1.503,7.222,1,cyclonic,SYNTHETIC_DEMO_DATA
891,Sundarbans,21.79424,89.14053,2025-04-19 01:37:21,28.087,-0.863,1.235,14.768,0,none,SYNTHETIC_DEMO_DATA
892,Goa Coast,15.41106,73.48032,2025-04-19 04:32:12,29.434,0.484,1.903,15.318,0,none,SYNTHETIC_DEMO_DATA
893,Mumbai Coast,19.33517,73.02104,2025-04-19 07:27:03,28.413,-0.337,1.472,11.576,0,none,SYNTHETIC_DEMO_DATA
894,Lakshadweep,10.55511,72.37557,2025-04-19 10:21:54,28.0,-1.25,0.732,6.139,0,none,SYNTHETIC_DEMO_DATA
895,Goa Coast,15.95858,74.00451,2025-04-19 13:16:46,29.472,0.522,1.633,9.694,1,anticyclonic,SYNTHETIC_DEMO_DATA
896,Gujarat Coast,22.22547,69.33853,2025-04-19 16:11:37,28.688,0.438,0.802,6.354,0,none,SYNTHETIC_DEMO_DATA
897,Mumbai Coast,19.13214,72.98253,2025-04-19 19:06:28,28.225,-0.525,1.761,11.073,1,anticyclonic,SYNTHETIC_DEMO_DATA
898,Sundarbans,22.16314,89.31101,2025-04-19 22:01:19,28.268,-0.682,1.961,18.142,1,cyclonic,SYNTHETIC_DEMO_DATA
899,Sundarbans,21.93015,89.22761,2025-04-20 00:56:10,28.28,-0.67,2.142,14.37,0,none,SYNTHETIC_DEMO_DATA
900,Gujarat Coast,22.04725,69.71533,2025-04-20 03:51:01,28.502,0.252,1.237,7.083,0,none,SYNTHETIC_DEMO_DATA
901,Sundarbans,22.17721,89.20599,2025-04-20 06:45:52,30.058,1.108,0.808,11.128,0,none,SYNTHETIC_DEMO_DATA
902,Sundarbans,22.11007,89.1301,2025-04-20 09:40:43,29.643,0.693,1.49,13.552,0,none,SYNTHETIC_DEMO_DATA
903,Visakhapatnam,17.54303,83.29082,2025-04-20 12:35:34,28.965,-0.285,1.519,11.737,0,none,SYNTHETIC_DEMO_DATA
904,Andaman & Nicobar,11.94231,92.74745,2025-04-20 15:30:25,30.845,1.095,1.957,11.822,1,cyclonic,SYNTHETIC_DEMO_DATA
905,Kerala Coast,10.11807,76.66166,2025-04-20 18:25:16,29.618,0.568,2.177,11.347,0,none,SYNTHETIC_DEMO_DATA
906,Goa Coast,15.30896,73.73248,2025-04-20 21:20:07,28.234,-0.716,1.317,8.819,0,none,SYNTHETIC_DEMO_DATA
907,Kerala Coast,9.92374,76.5599,2025-04-21 00:14:58,30.594,1.544,1.115,13.805,1,anticyclonic,SYNTHETIC_DEMO_DATA
908,Odisha Coast,20.21222,85.77876,2025-04-21 03:09:49,30.353,0.603,1.905,12.816,1,cyclonic,SYNTHETIC_DEMO_DATA
909,Chennai Coast,13.07091,80.35345,2025-04-21 06:04:40,29.767,-0.183,1.759,3.769,0,none,SYNTHETIC_DEMO_DATA
910,Sundarbans,21.83641,89.28493,2025-04-21 08:59:31,30.018,1.068,1.047,7.122,1,anticyclonic,SYNTHETIC_DEMO_DATA
911,Goa Coast,15.57381,73.80758,2025-04-21 11:54:22,29.743,0.793,1.686,13.056,1,anticyclonic,SYNTHETIC_DEMO_DATA
912,Odisha Coast,20.03416,85.93318,2025-04-21 14:49:14,28.224,-1.526,1.477,11.608,1,anticyclonic,SYNTHETIC_DEMO_DATA
913,Chennai Coast,13.2323,80.15906,2025-04-21 17:44:05,29.446,-0.504,1.824,12.273,0,none,SYNTHETIC_DEMO_DATA
914,Lakshadweep,10.56154,72.70244,2025-04-21 20:38:56,30.367,1.117,1.438,13.066,1,cyclonic,SYNTHETIC_DEMO_DATA
915,Mumbai Coast,18.98717,72.69438,2025-04-21 23:33:47,28.445,-0.305,1.273,9.035,0,none,SYNTHETIC_DEMO_DATA
916,Kerala Coast,10.08269,76.38593,2025-04-22 02:28:38,29.474,0.424,2.136,16.798,1,cyclonic,SYNTHETIC_DEMO_DATA
917,Mumbai Coast,19.09625,72.79442,2025-04-22 05:23:29,28.655,-0.095,1.333,4.491,0,none,SYNTHETIC_DEMO_DATA
918,Goa Coast,15.33117,74.05642,2025-04-22 08:18:20,30.031,1.081,1.9,11.345,1,anticyclonic,SYNTHETIC_DEMO_DATA
919,Visakhapatnam,17.68217,83.46591,2025-04-22 11:13:11,29.285,0.035,1.561,5.987,1,cyclonic,SYNTHETIC_DEMO_DATA
920,Gujarat Coast,22.20392,70.00669,2025-04-22 14:08:02,28.618,0.368,1.233,7.274,0,none,SYNTHETIC_DEMO_DATA
921,Andaman & Nicobar,11.85851,92.47816,2025-04-22 17:02:53,29.231,-0.519,1.388,14.927,1,anticyclonic,SYNTHETIC_DEMO_DATA
922,Mumbai Coast,19.04813,72.67007,2025-04-22 19:57:44,28.587,-0.163,1.463,7.762,1,anticyclonic,SYNTHETIC_DEMO_DATA
923,Kerala Coast,9.65943,75.92789,2025-04-22 22:52:35,29.868,0.818,2.694,19.16,0,none,SYNTHETIC_DEMO_DATA
924,Odisha Coast,19.66487,85.77141,2025-04-23 01:47:26,29.143,-0.607,1.444,2.917,0,none,SYNTHETIC_DEMO_DATA
925,Visakhapatnam,17.66618,83.19388,2025-04-23 04:42:17,29.786,0.536,2.407,16.417,0,none,SYNTHETIC_DEMO_DATA
926,Lakshadweep,10.87114,72.62661,2025-04-23 07:37:08,27.963,-1.287,1.727,11.495,0,none,SYNTHETIC_DEMO_DATA
927,Mumbai Coast,19.14842,72.91457,2025-04-23 10:31:59,29.475,0.725,1.49,16.17,1,anticyclonic,SYNTHETIC_DEMO_DATA
928,Chennai Coast,12.86501,80.34287,2025-04-23 13:26:50,31.926,1.976,1.028,8.906,1,anticyclonic,SYNTHETIC_DEMO_DATA
929,Kerala Coast,10.2434,76.06922,2025-04-23 16:21:42,28.727,-0.323,1.53,13.341,1,cyclonic,SYNTHETIC_DEMO_DATA
930,Mumbai Coast,18.91361,73.21895,2025-04-23 19:16:33,27.347,-1.403,2.554,13.429,0,none,SYNTHETIC_DEMO_DATA
931,Mumbai Coast,18.95654,73.01171,2025-04-23 22:11:24,28.534,-0.216,0.83,6.322,0,none,SYNTHETIC_DEMO_DATA
932,Gujarat Coast,22.14989,69.70684,2025-04-24 01:06:15,27.223,-1.027,0.595,1.863,1,anticyclonic,SYNTHETIC_DEMO_DATA
933,Visakhapatnam,17.58017,83.09423,2025-04-24 04:01:06,30.066,0.816,1.365,4.912,0,none,SYNTHETIC_DEMO_DATA
934,Gujarat Coast,22.66377,69.64482,2025-04-24 06:55:57,27.847,-0.403,1.136,5.721,0,none,SYNTHETIC_DEMO_DATA
935,Kerala Coast,9.91833,76.20039,2025-04-24 09:50:48,29.419,0.369,2.398,15.16,1,anticyclonic,SYNTHETIC_DEMO_DATA
936,Lakshadweep,10.35297,72.37084,2025-04-24 12:45:39,29.369,0.119,1.38,8.555,1,cyclonic,SYNTHETIC_DEMO_DATA
937,Odisha Coast,19.93383,86.04407,2025-04-24 15:40:30,30.922,1.172,2.026,16.363,0,none,SYNTHETIC_DEMO_DATA
938,Odisha Coast,19.47974,85.92712,2025-04-24 18:35:21,29.611,-0.139,0.968,9.192,0,none,SYNTHETIC_DEMO_DATA
939,Kerala Coast,9.74542,75.93763,2025-04-24 21:30:12,29.322,0.272,2.145,18.575,0,none,SYNTHETIC_DEMO_DATA
940,Mumbai Coast,18.9052,72.80029,2025-04-25 00:25:03,27.275,-1.475,1.98,13.538,1,anticyclonic,SYNTHETIC_DEMO_DATA
941,Gujarat Coast,22.528,69.36021,2025-04-25 03:19:54,27.962,-0.288,1.511,2.319,0,none,SYNTHETIC_DEMO_DATA
942,Kerala Coast,10.20575,76.34914,2025-04-25 06:14:45,30.268,1.218,2.449,18.719,0,none,SYNTHETIC_DEMO_DATA
943,Lakshadweep,10.44645,72.9116,2025-04-25 09:09:36,29.185,-0.065,1.721,11.399,0,none,SYNTHETIC_DEMO_DATA
944,Kerala Coast,10.13458,76.34007,2025-04-25 12:04:27,28.689,-0.361,1.602,9.79,1,anticyclonic,SYNTHETIC_DEMO_DATA
945,Odisha Coast,19.75763,85.59546,2025-04-25 14:59:18,30.764,1.014,1.543,16.453,1,anticyclonic,SYNTHETIC_DEMO_DATA
946,Odisha Coast,19.51229,85.94036,2025-04-25 17:54:10,29.713,-0.037,0.807,10.929,0,none,SYNTHETIC_DEMO_DATA
947,Lakshadweep,10.8189,72.57599,2025-04-25 20:49:01,29.435,0.185,1.227,14.658,0,none,SYNTHETIC_DEMO_DATA
948,Odisha Coast,19.95718,86.0416,2025-04-25 23:43:52,29.261,-0.489,1.114,10.715,1,cyclonic,SYNTHETIC_DEMO_DATA
949,Lakshadweep,10.57501,72.61481,2025-04-26 02:38:43,28.647,-0.603,0.111,8.469,1,cyclonic,SYNTHETIC_DEMO_DATA
950,Visakhapatnam,17.56322,82.89664,2025-04-26 05:33:34,29.747,0.497,2.094,14.328,1,cyclonic,SYNTHETIC_DEMO_DATA
951,Sundarbans,22.1161,89.32203,2025-04-26 08:28:25,28.045,-0.905,1.385,12.741,0,none,SYNTHETIC_DEMO_DATA
952,Chennai Coast,13.02133,79.95566,2025-04-26 11:23:16,29.493,-0.457,1.925,10.652,0,none,SYNTHETIC_DEMO_DATA
953,Gujarat Coast,22.38151,69.40781,2025-04-26 14:18:07,27.926,-0.324,0.363,7.004,0,none,SYNTHETIC_DEMO_DATA
954,Kerala Coast,9.86458,76.4258,2025-04-26 17:12:58,29.39,0.34,1.036,12.538,1,cyclonic,SYNTHETIC_DEMO_DATA
955,Goa Coast,15.25083,73.98462,2025-04-26 20:07:49,29.837,0.887,1.491,7.207,1,anticyclonic,SYNTHETIC_DEMO_DATA
956,Gujarat Coast,22.63765,69.38389,2025-04-26 23:02:40,28.989,0.739,1.634,11.246,1,cyclonic,SYNTHETIC_DEMO_DATA
957,Kerala Coast,9.79677,76.4984,2025-04-27 01:57:31,29.487,0.437,2.165,14.975,0,none,SYNTHETIC_DEMO_DATA
958,Gujarat Coast,22.69318,69.65511,2025-04-27 04:52:22,28.857,0.607,0.654,4.744,0,none,SYNTHETIC_DEMO_DATA
959,Lakshadweep,10.44104,72.74877,2025-04-27 07:47:13,29.746,0.496,1.785,12.076,0,none,SYNTHETIC_DEMO_DATA
960,Kerala Coast,10.03879,76.12743,2025-04-27 10:42:04,29.724,0.674,2.819,18.942,0,none,SYNTHETIC_DEMO_DATA
961,Odisha Coast,19.62536,85.61786,2025-04-27 13:36:55,29.665,-0.085,1.56,11.187,0,none,SYNTHETIC_DEMO_DATA
962,Kerala Coast,10.00627,76.52676,2025-04-27 16:31:46,29.449,0.399,1.669,13.242,1,cyclonic,SYNTHETIC_DEMO_DATA
963,Andaman & Nicobar,11.73964,92.30626,2025-04-27 19:26:37,29.574,-0.176,1.739,10.447,0,none,SYNTHETIC_DEMO_DATA
964,Visakhapatnam,17.81701,83.07896,2025-04-27 22:21:29,29.484,0.234,1.693,7.403,0,none,SYNTHETIC_DEMO_DATA
965,Lakshadweep,10.23194,72.63163,2025-04-28 01:16:20,28.965,-0.285,0.956,3.861,1,cyclonic,SYNTHETIC_DEMO_DATA
966,Mumbai Coast,19.25823,72.71559,2025-04-28 04:11:11,29.016,0.266,0.936,15.221,1,anticyclonic,SYNTHETIC_DEMO_DATA
967,Gujarat Coast,22.24337,69.29563,2025-04-28 07:06:02,28.281,0.031,0.931,9.6,0,none,SYNTHETIC_DEMO_DATA
968,Chennai Coast,12.71767,80.59801,2025-04-28 10:00:53,29.438,-0.512,1.579,11.427,0,none,SYNTHETIC_DEMO_DATA
969,Lakshadweep,10.6659,72.67767,2025-04-28 12:55:44,30.436,1.186,1.536,7.07,0,none,SYNTHETIC_DEMO_DATA
970,Sundarbans,22.00413,89.05178,2025-04-28 15:50:35,27.666,-1.284,2.285,12.181,1,cyclonic,SYNTHETIC_DEMO_DATA
971,Visakhapatnam,17.72308,83.11213,2025-04-28 18:45:26,29.505,0.255,0.568,6.656,0,none,SYNTHETIC_DEMO_DATA
972,Kerala Coast,9.95002,76.23569,2025-04-28 21:40:17,28.397,-0.653,2.135,17.815,1,cyclonic,SYNTHETIC_DEMO_DATA
973,Kerala Coast,9.89601,76.0262,2025-04-29 00:35:08,29.126,0.076,1.811,16.377,0,none,SYNTHETIC_DEMO_DATA
974,Kerala Coast,9.78539,76.10294,2025-04-29 03:29:59,29.266,0.216,1.234,3.81,0,none,SYNTHETIC_DEMO_DATA
975,Odisha Coast,19.82675,85.88247,2025-04-29 06:24:50,29.1,-0.65,0.594,2.132,1,anticyclonic,SYNTHETIC_DEMO_DATA
976,Visakhapatnam,17.62778,83.70313,2025-04-29 09:19:41,29.231,-0.019,1.101,3.143,0,none,SYNTHETIC_DEMO_DATA
977,Sundarbans,22.11433,88.75947,2025-04-29 12:14:32,29.8,0.85,0.902,9.722,0,none,SYNTHETIC_DEMO_DATA
978,Mumbai Coast,18.99468,72.60914,2025-04-29 15:09:23,26.76,-1.99,1.904,13.709,1,cyclonic,SYNTHETIC_DEMO_DATA
979,Chennai Coast,13.00449,80.08471,2025-04-29 18:04:14,30.203,0.253,1.635,10.72,1,cyclonic,SYNTHETIC_DEMO_DATA
980,Mumbai Coast,18.89512,72.67415,2025-04-29 20:59:05,29.551,0.801,1.393,11.293,0,none,SYNTHETIC_DEMO_DATA
981,Mumbai Coast,18.94482,72.8689,2025-04-29 23:53:57,28.935,0.185,0.762,6.969,1,cyclonic,SYNTHETIC_DEMO_DATA
982,Goa Coast,15.8994,73.71871,2025-04-30 02:48:48,28.489,-0.461,0.885,3.184,0,none,SYNTHETIC_DEMO_DATA
983,Mumbai Coast,18.84626,72.72598,2025-04-30 05:43:39,27.898,-0.852,1.172,13.11,0,none,SYNTHETIC_DEMO_DATA
984,Gujarat Coast,22.70051,69.95913,2025-04-30 08:38:30,28.633,0.383,0.627,4.682,1,cyclonic,SYNTHETIC_DEMO_DATA
985,Mumbai Coast,19.11239,72.89945,2025-04-30 11:33:21,28.453,-0.297,2.048,15.218,0,none,SYNTHETIC_DEMO_DATA
986,Gujarat Coast,22.30217,69.70383,2025-04-30 14:28:12,27.429,-0.821,1.081,5.234,0,none,SYNTHETIC_DEMO_DATA
987,Gujarat Coast,22.39748,69.55295,2025-04-30 17:23:03,28.55,0.3,1.082,4.864,0,none,SYNTHETIC_DEMO_DATA
988,Chennai Coast,13.26644,80.01752,2025-04-30 20:17:54,29.912,-0.038,0.932,2.738,0,none,SYNTHETIC_DEMO_DATA
989,Visakhapatnam,17.69217,83.19671,2025-04-30 23:12:45,29.088,-0.162,1.382,11.35,0,none,SYNTHETIC_DEMO_DATA
990,Goa Coast,15.46123,73.7051,2025-05-01 02:07:36,28.81,-0.689,1.614,8.433,0,none,SYNTHETIC_DEMO_DATA
991,Chennai Coast,12.76989,80.33857,2025-05-01 05:02:27,29.082,-1.417,1.672,11.15,1,anticyclonic,SYNTHETIC_DEMO_DATA
992,Mumbai Coast,18.8403,73.03873,2025-05-01 07:57:18,29.352,0.053,2.092,19.251,0,none,SYNTHETIC_DEMO_DATA
993,Odisha Coast,19.4693,86.03499,2025-05-01 10:52:09,30.841,0.542,1.899,14.54,1,anticyclonic,SYNTHETIC_DEMO_DATA
994,Kerala Coast,9.90478,76.15349,2025-05-01 13:47:00,30.299,0.7,1.057,8.174,0,none,SYNTHETIC_DEMO_DATA
995,Mumbai Coast,19.22916,72.88682,2025-05-01 16:41:51,30.021,0.722,2.116,20.207,1,cyclonic,SYNTHETIC_DEMO_DATA
996,Gujarat Coast,22.32993,69.7131,2025-05-01 19:36:42,28.716,-0.084,0.636,0.5,0,none,SYNTHETIC_DEMO_DATA
997,Mumbai Coast,18.80961,72.66431,2025-05-01 22:31:33,29.428,0.129,1.983,17.2,0,none,SYNTHETIC_DEMO_DATA
998,Chennai Coast,12.91878,80.12526,2025-05-02 01:26:25,32.701,2.202,1.027,6.58,0,none,SYNTHETIC_DEMO_DATA
999,Lakshadweep,10.76952,72.56134,2025-05-02 04:21:16,29.229,-0.57,1.19,7.822,0,none,SYNTHETIC_DEMO_DATA
1000,Mumbai Coast,18.83311,73.0163,2025-05-02 07:16:07,30.342,1.043,2.168,12.473,0,none,SYNTHETIC_DEMO_DATA
1001,Andaman & Nicobar,11.63786,92.92942,2025-05-02 10:10:58,29.674,-0.625,1.711,11.218,1,anticyclonic,SYNTHETIC_DEMO_DATA
1002,Goa Coast,15.31797,73.55957,2025-05-02 13:05:49,31.167,1.668,1.76,13.714,0,none,SYNTHETIC_DEMO_DATA
1003,Mumbai Coast,18.71631,72.87556,2025-05-02 16:00:40,29.429,0.13,1.373,5.92,1,cyclonic,SYNTHETIC_DEMO_DATA
1004,Andaman & Nicobar,11.52945,92.69056,2025-05-02 18:55:31,30.495,0.196,0.992,5.07,0,none,SYNTHETIC_DEMO_DATA
1005,Odisha Coast,19.655,85.52641,2025-05-02 21:50:22,30.828,0.529,1.372,11.955,1,cyclonic,SYNTHETIC_DEMO_DATA
1006,Lakshadweep,10.75993,72.66768,2025-05-03 00:45:13,29.544,-0.255,1.916,9.405,1,anticyclonic,SYNTHETIC_DEMO_DATA
1007,Andaman & Nicobar,11.94404,92.91636,2025-05-03 03:40:04,29.106,-1.193,1.411,14.748,0,none,SYNTHETIC_DEMO_DATA
1008,Mumbai Coast,19.08031,73.10395,2025-05-03 06:34:55,30.377,1.078,1.52,12.171,1,anticyclonic,SYNTHETIC_DEMO_DATA
1009,Goa Coast,15.66182,73.62433,2025-05-03 09:29:46,29.503,0.004,1.616,13.198,1,anticyclonic,SYNTHETIC_DEMO_DATA
1010,Mumbai Coast,18.74594,73.18103,2025-05-03 12:24:37,27.421,-1.878,1.611,8.716,1,cyclonic,SYNTHETIC_DEMO_DATA
1011,Visakhapatnam,17.86447,83.13946,2025-05-03 15:19:28,28.477,-1.322,1.692,5.995,0,none,SYNTHETIC_DEMO_DATA
1012,Goa Coast,15.52295,73.57968,2025-05-03 18:14:19,30.028,0.529,1.289,6.099,1,anticyclonic,SYNTHETIC_DEMO_DATA
1013,Visakhapatnam,17.82157,83.14818,2025-05-03 21:09:10,28.721,-1.078,1.302,4.553,0,none,SYNTHETIC_DEMO_DATA
1014,Chennai Coast,12.84608,80.3703,2025-05-04 00:04:01,31.351,0.852,0.944,5.21,1,anticyclonic,SYNTHETIC_DEMO_DATA
1015,Mumbai Coast,18.46095,73.15488,2025-05-04 02:58:53,29.072,-0.227,0.286,4.734,0,none,SYNTHETIC_DEMO_DATA
1016,Andaman & Nicobar,11.79866,92.76988,2025-05-04 05:53:44,29.49,-0.809,1.306,9.831,1,anticyclonic,SYNTHETIC_DEMO_DATA
1017,Chennai Coast,13.07466,80.6403,2025-05-04 08:48:35,30.395,-0.105,1.485,14.783,0,none,SYNTHETIC_DEMO_DATA
1018,Kerala Coast,10.01884,76.23594,2025-05-04 11:43:26,29.419,-0.18,1.08,12.806,1,anticyclonic,SYNTHETIC_DEMO_DATA
1019,Sundarbans,21.94215,89.23344,2025-05-04 14:38:17,30.247,0.748,0.591,9.276,0,none,SYNTHETIC_DEMO_DATA
1020,Odisha Coast,19.92529,86.03149,2025-05-04 17:33:08,30.255,-0.044,1.115,6.32,0,none,SYNTHETIC_DEMO_DATA
1021,Sundarbans,22.15425,89.13497,2025-05-04 20:27:59,29.157,-0.343,1.374,11.87,0,none,SYNTHETIC_DEMO_DATA
1022,Sundarbans,22.22656,89.05439,2025-05-04 23:22:50,29.173,-0.326,1.519,9.686,0,none,SYNTHETIC_DEMO_DATA
1023,Andaman & Nicobar,11.9696,92.47952,2025-05-05 02:17:41,29.708,-0.592,0.769,8.51,0,none,SYNTHETIC_DEMO_DATA
1024,Andaman & Nicobar,11.58207,92.73109,2025-05-05 05:12:32,30.061,-0.238,0.889,4.425,0,none,SYNTHETIC_DEMO_DATA
1025,Andaman & Nicobar,11.96141,92.56354,2025-05-05 08:07:23,29.516,-0.783,1.423,11.924,1,cyclonic,SYNTHETIC_DEMO_DATA
1026,Sundarbans,22.02631,89.52799,2025-05-05 11:02:14,29.232,-0.267,1.173,6.694,0,none,SYNTHETIC_DEMO_DATA
1027,Sundarbans,21.65362,89.20509,2025-05-05 13:57:05,28.648,-0.851,1.242,12.126,0,none,SYNTHETIC_DEMO_DATA
1028,Visakhapatnam,17.77935,82.73909,2025-05-05 16:51:56,28.915,-0.884,1.374,5.883,0,none,SYNTHETIC_DEMO_DATA
1029,Mumbai Coast,18.98037,72.86821,2025-05-05 19:46:47,30.035,0.736,1.218,3.958,0,none,SYNTHETIC_DEMO_DATA
1030,Chennai Coast,13.45158,80.15585,2025-05-05 22:41:38,32.201,1.702,1.222,5.189,1,cyclonic,SYNTHETIC_DEMO_DATA
1031,Kerala Coast,9.68321,75.89032,2025-05-06 01:36:29,29.594,-0.005,1.527,18.486,1,cyclonic,SYNTHETIC_DEMO_DATA
1032,Odisha Coast,19.87051,86.0712,2025-05-06 04:31:21,29.995,-0.304,1.109,7.863,0,none,SYNTHETIC_DEMO_DATA
1033,Goa Coast,15.64348,73.71815,2025-05-06 07:26:12,29.528,0.029,1.962,17.848,1,cyclonic,SYNTHETIC_DEMO_DATA
1034,Chennai Coast,13.12796,80.65836,2025-05-06 10:21:03,30.573,0.074,0.91,9.638,1,cyclonic,SYNTHETIC_DEMO_DATA
1035,Sundarbans,21.61881,88.94064,2025-05-06 13:15:54,29.076,-0.423,1.031,9.493,0,none,SYNTHETIC_DEMO_DATA
1036,Goa Coast,15.7014,73.3737,2025-05-06 16:10:45,29.801,0.302,1.443,10.738,0,none,SYNTHETIC_DEMO_DATA
1037,Lakshadweep,10.70665,72.77608,2025-05-06 19:05:36,28.517,-1.282,1.539,12.585,0,none,SYNTHETIC_DEMO_DATA
1038,Sundarbans,22.00045,89.03698,2025-05-06 22:00:27,29.567,0.068,1.593,6.995,1,cyclonic,SYNTHETIC_DEMO_DATA
1039,Kerala Coast,10.16026,75.9802,2025-05-07 00:55:18,29.136,-0.463,1.724,9.91,1,cyclonic,SYNTHETIC_DEMO_DATA
1040,Andaman & Nicobar,11.87945,92.74425,2025-05-07 03:50:09,31.011,0.712,0.574,6.539,0,none,SYNTHETIC_DEMO_DATA
1041,Goa Coast,15.66678,73.96374,2025-05-07 06:45:00,30.096,0.597,1.567,11.854,1,cyclonic,SYNTHETIC_DEMO_DATA
1042,Andaman & Nicobar,11.73421,92.57416,2025-05-07 09:39:51,29.999,-0.3,1.96,6.782,0,none,SYNTHETIC_DEMO_DATA
1043,Kerala Coast,10.03042,76.20904,2025-05-07 12:34:42,29.092,-0.507,1.321,10.354,1,cyclonic,SYNTHETIC_DEMO_DATA
1044,Chennai Coast,13.19383,80.21291,2025-05-07 15:29:33,30.558,0.059,1.267,8.107,1,anticyclonic,SYNTHETIC_DEMO_DATA
1045,Goa Coast,15.89676,73.82343,2025-05-07 18:24:24,29.08,-0.419,1.709,12.523,0,none,SYNTHETIC_DEMO_DATA
1046,Odisha Coast,19.73402,85.90881,2025-05-07 21:19:15,28.736,-1.563,0.842,11.41,1,anticyclonic,SYNTHETIC_DEMO_DATA
1047,Visakhapatnam,17.99251,83.04121,2025-05-08 00:14:06,30.644,0.845,2.231,4.733,0,none,SYNTHETIC_DEMO_DATA
1048,Gujarat Coast,22.29603,69.84052,2025-05-08 03:08:57,27.543,-1.256,1.399,10.506,1,cyclonic,SYNTHETIC_DEMO_DATA
1049,Gujarat Coast,22.06508,69.80022,2025-05-08 06:03:49,28.751,-0.048,1.225,8.365,0,none,SYNTHETIC_DEMO_DATA
1050,Odisha Coast,19.72511,85.62779,2025-05-08 08:58:40,30.715,0.416,1.46,13.565,0,none,SYNTHETIC_DEMO_DATA
1051,Mumbai Coast,18.45437,72.8981,2025-05-08 11:53:31,28.238,-1.061,2.351,14.153,0,none,SYNTHETIC_DEMO_DATA
1052,Chennai Coast,13.55832,80.20801,2025-05-08 14:48:22,28.141,-2.358,1.074,10.632,0,none,SYNTHETIC_DEMO_DATA
1053,Mumbai Coast,18.97897,72.7188,2025-05-08 17:43:13,28.664,-0.635,2.106,15.345,0,none,SYNTHETIC_DEMO_DATA
1054,Lakshadweep,10.94454,72.55676,2025-05-08 20:38:04,28.957,-0.842,1.871,7.157,0,none,SYNTHETIC_DEMO_DATA
1055,Sundarbans,22.07079,88.75608,2025-05-08 23:32:55,30.362,0.863,0.825,3.723,0,none,SYNTHETIC_DEMO_DATA
1056,Lakshadweep,10.53297,72.91222,2025-05-09 02:27:46,29.58,-0.219,0.926,7.466,0,none,SYNTHETIC_DEMO_DATA
1057,Kerala Coast,10.17572,76.32906,2025-05-09 05:22:37,28.151,-1.448,0.706,8.241,1,anticyclonic,SYNTHETIC_DEMO_DATA
1058,Goa Coast,15.22784,74.25035,2025-05-09 08:17:28,29.784,0.285,2.308,14.243,1,anticyclonic,SYNTHETIC_DEMO_DATA
1059,Kerala Coast,9.7266,76.47461,2025-05-09 11:12:19,30.075,0.476,1.918,16.165,1,anticyclonic,SYNTHETIC_DEMO_DATA
1060,Chennai Coast,13.05616,80.21212,2025-05-09 14:07:10,31.267,0.768,1.476,7.42,0,none,SYNTHETIC_DEMO_DATA
1061,Goa Coast,15.2936,73.39993,2025-05-09 17:02:01,29.543,0.044,0.665,8.357,1,cyclonic,SYNTHETIC_DEMO_DATA
1062,Gujarat Coast,22.22096,69.6597,2025-05-09 19:56:52,29.22,0.421,1.328,9.674,0,none,SYNTHETIC_DEMO_DATA
1063,Odisha Coast,19.99117,85.77065,2025-05-09 22:51:43,30.4,0.101,2.375,15.398,0,none,SYNTHETIC_DEMO_DATA
1064,Goa Coast,15.73751,73.61302,2025-05-10 01:46:34,28.267,-1.232,1.56,10.588,1,anticyclonic,SYNTHETIC_DEMO_DATA
1065,Goa Coast,15.5228,73.82006,2025-05-10 04:41:25,28.991,-0.508,1.494,10.199,1,anticyclonic,SYNTHETIC_DEMO_DATA
1066,Chennai Coast,12.83421,80.23057,2025-05-10 07:36:16,30.223,-0.276,1.734,12.104,0,none,SYNTHETIC_DEMO_DATA
1067,Lakshadweep,10.6474,72.4655,2025-05-10 10:31:08,28.888,-0.911,0.838,9.118,1,anticyclonic,SYNTHETIC_DEMO_DATA
1068,Gujarat Coast,21.97273,69.52795,2025-05-10 13:25:59,27.804,-0.996,1.26,9.244,0,none,SYNTHETIC_DEMO_DATA
1069,Chennai Coast,12.90947,80.13715,2025-05-10 16:20:50,31.276,0.777,1.015,3.553,0,none,SYNTHETIC_DEMO_DATA
1070,Sundarbans,21.91945,89.30371,2025-05-10 19:15:41,29.908,0.409,1.592,9.768,0,none,SYNTHETIC_DEMO_DATA
1071,Gujarat Coast,22.44802,69.58817,2025-05-10 22:10:32,28.801,0.002,1.207,9.476,0,none,SYNTHETIC_DEMO_DATA
1072,Visakhapatnam,17.40869,83.27951,2025-05-11 01:05:23,29.91,0.111,1.648,14.384,0,none,SYNTHETIC_DEMO_DATA
1073,Goa Coast,15.21957,74.13937,2025-05-11 04:00:14,28.429,-1.07,1.765,14.583,1,cyclonic,SYNTHETIC_DEMO_DATA
1074,Mumbai Coast,19.4254,72.99381,2025-05-11 06:55:05,28.756,-0.543,1.921,17.874,1,cyclonic,SYNTHETIC_DEMO_DATA
1075,Kerala Coast,9.73509,75.95903,2025-05-11 09:49:56,29.266,-0.333,2.006,10.924,0,none,SYNTHETIC_DEMO_DATA
1076,Odisha Coast,19.65836,85.64806,2025-05-11 12:44:47,29.729,-0.57,2.008,14.035,1,cyclonic,SYNTHETIC_DEMO_DATA
1077,Goa Coast,15.52879,74.02145,2025-05-11 15:39:38,30.768,1.269,2.176,15.985,1,cyclonic,SYNTHETIC_DEMO_DATA
1078,Odisha Coast,20.1317,85.67495,2025-05-11 18:34:29,29.604,-0.696,2.217,13.338,1,anticyclonic,SYNTHETIC_DEMO_DATA
1079,Kerala Coast,9.71615,76.20355,2025-05-11 21:29:20,29.267,-0.332,2.366,18.524,1,cyclonic,SYNTHETIC_DEMO_DATA
1080,Andaman & Nicobar,11.27979,92.76214,2025-05-12 00:24:11,31.627,1.328,1.853,13.02,1,anticyclonic,SYNTHETIC_DEMO_DATA
1081,Lakshadweep,10.7006,72.48037,2025-05-12 03:19:02,30.078,0.279,1.536,11.243,1,cyclonic,SYNTHETIC_DEMO_DATA
1082,Lakshadweep,10.54175,72.51055,2025-05-12 06:13:53,30.036,0.237,1.243,1.928,1,anticyclonic,SYNTHETIC_DEMO_DATA
1083,Lakshadweep,10.7745,72.7221,2025-05-12 09:08:44,29.029,-0.77,1.543,9.862,1,anticyclonic,SYNTHETIC_DEMO_DATA
1084,Mumbai Coast,18.92263,72.75339,2025-05-12 12:03:36,28.98,-0.319,1.533,9.318,1,anticyclonic,SYNTHETIC_DEMO_DATA
1085,Visakhapatnam,17.62117,83.6063,2025-05-12 14:58:27,30.372,0.573,1.531,10.898,0,none,SYNTHETIC_DEMO_DATA
1086,Andaman & Nicobar,11.84905,92.82553,2025-05-12 17:53:18,30.869,0.57,1.207,6.917,0,none,SYNTHETIC_DEMO_DATA
1087,Andaman & Nicobar,11.62624,92.74345,2025-05-12 20:48:09,29.838,-0.461,1.45,7.026,0,none,SYNTHETIC_DEMO_DATA
1088,Lakshadweep,10.5353,72.78049,2025-05-12 23:43:00,29.794,-0.005,1.763,10.03,0,none,SYNTHETIC_DEMO_DATA
1089,Gujarat Coast,22.29668,69.71951,2025-05-13 02:37:51,29.354,0.555,1.05,3.211,0,none,SYNTHETIC_DEMO_DATA
1090,Odisha Coast,19.7058,86.10676,2025-05-13 05:32:42,30.039,-0.26,1.768,15.171,0,none,SYNTHETIC_DEMO_DATA
1091,Mumbai Coast,18.64508,72.84448,2025-05-13 08:27:33,29.315,0.016,1.12,12.839,1,anticyclonic,SYNTHETIC_DEMO_DATA
1092,Kerala Coast,9.93274,76.36833,2025-05-13 11:22:24,28.128,-1.471,1.288,8.008,0,none,SYNTHETIC_DEMO_DATA
1093,Andaman & Nicobar,11.51805,92.61713,2025-05-13 14:17:15,31.272,0.973,2.158,13.719,1,cyclonic,SYNTHETIC_DEMO_DATA
1094,Chennai Coast,13.30107,79.90371,2025-05-13 17:12:06,29.597,-0.902,0.428,3.328,0,none,SYNTHETIC_DEMO_DATA
1095,Chennai Coast,12.91982,80.29757,2025-05-13 20:06:57,29.671,-0.828,0.691,4.196,0,none,SYNTHETIC_DEMO_DATA
1096,Sundarbans,22.13068,88.99801,2025-05-13 23:01:48,29.991,0.492,1.979,10.421,0,none,SYNTHETIC_DEMO_DATA
1097,Andaman & Nicobar,12.10297,92.66544,2025-05-14 01:56:39,29.233,-1.066,1.755,11.043,1,anticyclonic,SYNTHETIC_DEMO_DATA
1098,Goa Coast,15.59037,73.99378,2025-05-14 04:51:30,29.861,0.362,1.651,14.882,0,none,SYNTHETIC_DEMO_DATA
1099,Sundarbans,22.30792,89.04655,2025-05-14 07:46:21,29.368,-0.131,1.875,16.405,0,none,SYNTHETIC_DEMO_DATA
1100,Kerala Coast,9.9479,76.08274,2025-05-14 10:41:12,29.343,-0.256,1.225,5.699,1,anticyclonic,SYNTHETIC_DEMO_DATA
1101,Kerala Coast,10.03089,76.14504,2025-05-14 13:36:04,29.199,-0.4,2.189,11.99,0,none,SYNTHETIC_DEMO_DATA
1102,Kerala Coast,10.27763,76.40723,2025-05-14 16:30:55,28.818,-0.781,1.86,18.619,1,anticyclonic,SYNTHETIC_DEMO_DATA
1103,Lakshadweep,10.42492,72.36666,2025-05-14 19:25:46,29.841,0.042,1.505,7.687,0,none,SYNTHETIC_DEMO_DATA
1104,Odisha Coast,19.41834,85.63974,2025-05-14 22:20:37,28.798,-1.501,1.171,11.274,0,none,SYNTHETIC_DEMO_DATA
1105,Chennai Coast,13.07274,80.35199,2025-05-15 01:15:28,30.811,0.311,2.507,13.909,1,cyclonic,SYNTHETIC_DEMO_DATA
1106,Odisha Coast,19.76108,86.06321,2025-05-15 04:10:19,30.416,0.117,1.267,9.317,0,none,SYNTHETIC_DEMO_DATA
1107,Visakhapatnam,17.45291,83.21783,2025-05-15 07:05:10,29.753,-0.046,1.281,4.27,0,none,SYNTHETIC_DEMO_DATA
1108,Lakshadweep,10.40455,72.66767,2025-05-15 10:00:01,29.217,-0.582,1.744,11.311,1,anticyclonic,SYNTHETIC_DEMO_DATA
1109,Lakshadweep,10.85959,72.75235,2025-05-15 12:54:52,30.623,0.824,1.389,16.967,0,none,SYNTHETIC_DEMO_DATA
1110,Sundarbans,22.12404,88.92394,2025-05-15 15:49:43,29.564,0.065,2.27,15.989,0,none,SYNTHETIC_DEMO_DATA
1111,Gujarat Coast,22.23071,69.64871,2025-05-15 18:44:34,28.086,-0.714,0.842,8.057,1,cyclonic,SYNTHETIC_DEMO_DATA
1112,Visakhapatnam,17.50503,83.27156,2025-05-15 21:39:25,29.872,0.073,0.997,4.375,0,none,SYNTHETIC_DEMO_DATA
1113,Odisha Coast,19.8753,86.27525,2025-05-16 00:34:16,30.481,0.182,1.31,16.796,0,none,SYNTHETIC_DEMO_DATA
1114,Visakhapatnam,17.67073,83.17931,2025-05-16 03:29:07,31.44,1.641,0.997,4.239,0,none,SYNTHETIC_DEMO_DATA
1115,Odisha Coast,20.09712,85.76255,2025-05-16 06:23:58,29.928,-0.371,1.255,10.426,0,none,SYNTHETIC_DEMO_DATA
1116,Kerala Coast,10.23099,76.05162,2025-05-16 09:18:49,32.261,2.662,1.716,12.765,1,anticyclonic,SYNTHETIC_DEMO_DATA
1117,Lakshadweep,10.78258,72.51316,2025-05-16 12:13:40,29.869,0.07,1.379,13.582,0,none,SYNTHETIC_DEMO_DATA
1118,Mumbai Coast,19.05904,72.77902,2025-05-16 15:08:32,29.94,0.641,1.627,15.221,0,none,SYNTHETIC_DEMO_DATA
1119,Goa Coast,15.33847,73.62686,2025-05-16 18:03:23,29.324,-0.175,1.732,15.954,0,none,SYNTHETIC_DEMO_DATA
1120,Kerala Coast,9.7191,76.14339,2025-05-16 20:58:14,30.029,0.43,1.314,9.009,0,none,SYNTHETIC_DEMO_DATA
1121,Sundarbans,22.27478,89.13428,2025-05-16 23:53:05,28.898,-0.601,1.198,4.969,0,none,SYNTHETIC_DEMO_DATA
1122,Sundarbans,22.12718,89.25456,2025-05-17 02:47:56,29.285,-0.214,0.977,4.822,0,none,SYNTHETIC_DEMO_DATA
1123,Visakhapatnam,18.01862,83.02615,2025-05-17 05:42:47,31.5,1.701,1.412,13.272,0,none,SYNTHETIC_DEMO_DATA
1124,Visakhapatnam,17.50033,83.11296,2025-05-17 08:37:38,30.677,0.878,1.125,5.397,0,none,SYNTHETIC_DEMO_DATA
1125,Andaman & Nicobar,11.65643,92.48931,2025-05-17 11:32:29,28.725,-1.575,1.375,10.841,1,anticyclonic,SYNTHETIC_DEMO_DATA
1126,Andaman & Nicobar,12.07184,92.54935,2025-05-17 14:27:20,29.501,-0.798,0.842,7.687,1,anticyclonic,SYNTHETIC_DEMO_DATA
1127,Andaman & Nicobar,11.41083,92.93871,2025-05-17 17:22:11,28.774,-1.525,1.247,10.886,0,none,SYNTHETIC_DEMO_DATA
1128,Gujarat Coast,21.94425,69.57138,2025-05-17 20:17:02,26.929,-1.87,0.635,7.429,0,none,SYNTHETIC_DEMO_DATA
1129,Mumbai Coast,19.0777,72.81485,2025-05-17 23:11:53,29.076,-0.223,1.08,11.604,0,none,SYNTHETIC_DEMO_DATA
1130,Gujarat Coast,22.0042,69.62688,2025-05-18 02:06:44,27.565,-1.234,0.948,9.558,1,anticyclonic,SYNTHETIC_DEMO_DATA
1131,Kerala Coast,9.80213,76.30247,2025-05-18 05:01:35,28.787,-0.812,1.662,13.572,1,anticyclonic,SYNTHETIC_DEMO_DATA
1132,Gujarat Coast,22.33914,69.553,2025-05-18 07:56:26,31.008,2.209,1.215,7.522,1,anticyclonic,SYNTHETIC_DEMO_DATA
1133,Goa Coast,15.57949,73.52391,2025-05-18 10:51:17,29.274,-0.225,1.738,17.67,1,anticyclonic,SYNTHETIC_DEMO_DATA
1134,Goa Coast,15.23549,73.6566,2025-05-18 13:46:08,29.404,-0.095,1.801,10.104,1,anticyclonic,SYNTHETIC_DEMO_DATA
1135,Gujarat Coast,22.08595,69.31565,2025-05-18 16:41:00,28.949,0.15,1.477,2.653,1,cyclonic,SYNTHETIC_DEMO_DATA
1136,Sundarbans,21.84281,89.08598,2025-05-18 19:35:51,29.135,-0.364,0.88,15.426,1,anticyclonic,SYNTHETIC_DEMO_DATA
1137,Goa Coast,15.64392,73.54698,2025-05-18 22:30:42,31.888,2.388,2.095,12.026,0,none,SYNTHETIC_DEMO_DATA
1138,Chennai Coast,13.20867,79.89372,2025-05-19 01:25:33,31.993,1.494,0.941,5.671,0,none,SYNTHETIC_DEMO_DATA
1139,Goa Coast,15.3048,73.67838,2025-05-19 04:20:24,29.657,0.158,1.133,7.019,0,none,SYNTHETIC_DEMO_DATA
1140,Mumbai Coast,18.88886,72.65655,2025-05-19 07:15:15,29.049,-0.25,2.175,19.364,0,none,SYNTHETIC_DEMO_DATA
1141,Andaman & Nicobar,11.68588,92.89875,2025-05-19 10:10:06,30.983,0.684,1.988,13.178,0,none,SYNTHETIC_DEMO_DATA
1142,Chennai Coast,12.97735,80.36323,2025-05-19 13:04:57,30.03,-0.469,1.706,9.878,0,none,SYNTHETIC_DEMO_DATA
1143,Lakshadweep,10.7953,72.57569,2025-05-19 15:59:48,30.468,0.669,1.572,8.112,1,cyclonic,SYNTHETIC_DEMO_DATA
1144,Andaman & Nicobar,11.70467,92.68997,2025-05-19 18:54:39,29.945,-0.354,2.134,17.418,0,none,SYNTHETIC_DEMO_DATA
1145,Chennai Coast,12.85879,79.88226,2025-05-19 21:49:30,30.833,0.334,0.865,3.318,0,none,SYNTHETIC_DEMO_DATA
1146,Kerala Coast,9.89475,76.45268,2025-05-20 00:44:21,29.907,0.308,1.639,16.093,1,cyclonic,SYNTHETIC_DEMO_DATA
1147,Mumbai Coast,18.95551,72.80262,2025-05-20 03:39:12,29.162,-0.137,1.711,15.37,0,none,SYNTHETIC_DEMO_DATA
1148,Goa Coast,15.36919,73.93679,2025-05-20 06:34:03,29.394,-0.105,1.252,7.39,1,anticyclonic,SYNTHETIC_DEMO_DATA
1149,Gujarat Coast,22.55091,69.74362,2025-05-20 09:28:54,28.963,0.164,0.731,9.36,0,none,SYNTHETIC_DEMO_DATA
1150,Andaman & Nicobar,11.70112,92.22264,2025-05-20 12:23:45,30.293,-0.006,1.928,15.53,0,none,SYNTHETIC_DEMO_DATA
1151,Chennai Coast,12.89509,80.42469,2025-05-20 15:18:36,30.904,0.405,1.214,10.361,0,none,SYNTHETIC_DEMO_DATA
1152,Mumbai Coast,19.14326,72.79815,2025-05-20 18:13:28,29.569,0.27,1.691,14.3,0,none,SYNTHETIC_DEMO_DATA
1153,Kerala Coast,10.04054,76.29179,2025-05-20 21:08:19,30.268,0.669,2.496,16.2,0,none,SYNTHETIC_DEMO_DATA
1154,Lakshadweep,10.64225,72.45356,2025-05-21 00:03:10,30.711,0.912,1.16,11.424,0,none,SYNTHETIC_DEMO_DATA
1155,Chennai Coast,12.86509,80.29616,2025-05-21 02:58:01,29.736,-0.763,0.495,7.612,0,none,SYNTHETIC_DEMO_DATA
1156,Mumbai Coast,19.2251,72.92545,2025-05-21 05:52:52,29.86,0.561,1.469,6.966,0,none,SYNTHETIC_DEMO_DATA
1157,Odisha Coast,20.13593,85.8761,2025-05-21 08:47:43,29.238,-1.061,1.693,12.605,1,cyclonic,SYNTHETIC_DEMO_DATA
1158,Andaman & Nicobar,11.87154,92.73705,2025-05-21 11:42:34,31.611,1.312,1.891,10.409,1,anticyclonic,SYNTHETIC_DEMO_DATA
1159,Chennai Coast,12.89773,80.37558,2025-05-21 14:37:25,32.656,2.157,0.96,8.211,1,cyclonic,SYNTHETIC_DEMO_DATA
1160,Chennai Coast,12.79338,80.14553,2025-05-21 17:32:16,30.873,0.374,0.948,1.868,0,none,SYNTHETIC_DEMO_DATA
1161,Mumbai Coast,18.98899,72.8494,2025-05-21 20:27:07,29.839,0.54,0.787,13.623,0,none,SYNTHETIC_DEMO_DATA
1162,Kerala Coast,10.40012,76.10137,2025-05-21 23:21:58,29.943,0.344,1.207,10.302,0,none,SYNTHETIC_DEMO_DATA
1163,Andaman & Nicobar,11.76656,92.60258,2025-05-22 02:16:49,30.246,-0.053,1.463,13.298,0,none,SYNTHETIC_DEMO_DATA
1164,Mumbai Coast,18.89245,72.8403,2025-05-22 05:11:40,28.394,-0.905,2.068,18.287,0,none,SYNTHETIC_DEMO_DATA
1165,Mumbai Coast,18.71525,73.03763,2025-05-22 08:06:31,29.013,-0.286,0.525,1.667,1,cyclonic,SYNTHETIC_DEMO_DATA
1166,Odisha Coast,19.72493,86.13623,2025-05-22 11:01:22,30.334,0.034,1.436,7.441,0,none,SYNTHETIC_DEMO_DATA
1167,Sundarbans,21.83768,89.04027,2025-05-22 13:56:13,29.904,0.405,2.634,15.323,0,none,SYNTHETIC_DEMO_DATA
1168,Chennai Coast,12.67201,80.11349,2025-05-22 16:51:04,30.299,-0.2,1.506,8.03,0,none,SYNTHETIC_DEMO_DATA
1169,Lakshadweep,10.32586,72.85253,2025-05-22 19:45:55,28.72,-1.079,1.946,11.941,1,anticyclonic,SYNTHETIC_DEMO_DATA
1170,Lakshadweep,10.75306,72.80504,2025-05-22 22:40:47,31.178,1.379,0.799,2.081,1,cyclonic,SYNTHETIC_DEMO_DATA
1171,Gujarat Coast,22.28266,69.73954,2025-05-23 01:35:38,28.812,0.013,1.14,4.983,1,cyclonic,SYNTHETIC_DEMO_DATA
1172,Gujarat Coast,22.45604,69.76926,2025-05-23 04:30:29,28.693,-0.107,0.701,0.742,1,cyclonic,SYNTHETIC_DEMO_DATA
1173,Chennai Coast,13.05871,80.12096,2025-05-23 07:25:20,30.353,-0.146,1.567,7.084,0,none,SYNTHETIC_DEMO_DATA
1174,Odisha Coast,19.8698,85.76565,2025-05-23 10:20:11,31.165,0.866,1.511,12.171,1,cyclonic,SYNTHETIC_DEMO_DATA
1175,Sundarbans,21.77437,89.11004,2025-05-23 13:15:02,28.61,-0.889,1.473,10.262,0,none,SYNTHETIC_DEMO_DATA
1176,Chennai Coast,12.7712,80.17497,2025-05-23 16:09:53,30.407,-0.092,1.341,9.155,1,anticyclonic,SYNTHETIC_DEMO_DATA
1177,Chennai Coast,13.11261,80.33384,2025-05-23 19:04:44,30.159,-0.34,1.096,5.813,0,none,SYNTHETIC_DEMO_DATA
1178,Odisha Coast,20.05939,85.60941,2025-05-23 21:59:35,30.024,-0.275,0.961,9.564,0,none,SYNTHETIC_DEMO_DATA
1179,Visakhapatnam,17.6535,83.26182,2025-05-24 00:54:26,30.738,0.939,1.289,4.61,1,cyclonic,SYNTHETIC_DEMO_DATA
1180,Sundarbans,22.11097,88.80905,2025-05-24 03:49:17,28.879,-0.62,0.974,8.281,0,none,SYNTHETIC_DEMO_DATA
1181,Gujarat Coast,22.18325,69.36377,2025-05-24 06:44:08,28.386,-0.413,0.907,8.566,0,none,SYNTHETIC_DEMO_DATA
1182,Lakshadweep,10.56244,72.6962,2025-05-24 09:38:59,29.219,-0.58,1.869,11.657,0,none,SYNTHETIC_DEMO_DATA
1183,Gujarat Coast,22.54216,69.42581,2025-05-24 12:33:50,30.024,1.225,0.727,5.494,1,cyclonic,SYNTHETIC_DEMO_DATA
1184,Kerala Coast,9.94626,76.77408,2025-05-24 15:28:41,30.737,1.137,1.28,17.0,0,none,SYNTHETIC_DEMO_DATA
1185,Kerala Coast,9.89688,76.25802,2025-05-24 18:23:32,29.285,-0.314,1.971,18.809,1,anticyclonic,SYNTHETIC_DEMO_DATA
1186,Chennai Coast,12.71317,80.46298,2025-05-24 21:18:23,30.328,-0.171,2.019,5.979,0,none,SYNTHETIC_DEMO_DATA
1187,Odisha Coast,19.94104,85.92683,2025-05-25 00:13:15,30.976,0.677,1.061,9.983,1,cyclonic,SYNTHETIC_DEMO_DATA
1188,Mumbai Coast,19.23591,72.95093,2025-05-25 03:08:06,29.316,0.017,1.548,11.854,1,cyclonic,SYNTHETIC_DEMO_DATA
1189,Mumbai Coast,18.45824,72.88088,2025-05-25 06:02:57,29.01,-0.289,2.476,10.018,0,none,SYNTHETIC_DEMO_DATA
1190,Sundarbans,21.80667,89.03297,2025-05-25 08:57:48,29.603,0.104,1.86,10.178,1,cyclonic,SYNTHETIC_DEMO_DATA
1191,Kerala Coast,9.60614,76.28292,2025-05-25 11:52:39,30.28,0.681,1.904,20.007,0,none,SYNTHETIC_DEMO_DATA
1192,Visakhapatnam,17.59186,83.28903,2025-05-25 14:47:30,28.693,-1.106,0.867,12.581,1,anticyclonic,SYNTHETIC_DEMO_DATA
1193,Odisha Coast,20.17796,85.39111,2025-05-25 17:42:21,32.428,2.129,1.472,7.259,1,cyclonic,SYNTHETIC_DEMO_DATA
1194,Goa Coast,15.42372,73.54911,2025-05-25 20:37:12,28.792,-0.708,1.33,9.953,0,none,SYNTHETIC_DEMO_DATA
1195,Mumbai Coast,19.11654,72.74802,2025-05-25 23:32:03,28.729,-0.57,1.953,16.52,1,anticyclonic,SYNTHETIC_DEMO_DATA
1196,Gujarat Coast,22.3413,69.4301,2025-05-26 02:26:54,29.492,0.693,1.552,10.372,1,anticyclonic,SYNTHETIC_DEMO_DATA
1197,Goa Coast,15.55789,73.66509,2025-05-26 05:21:45,28.959,-0.54,1.303,11.45,1,anticyclonic,SYNTHETIC_DEMO_DATA
1198,Lakshadweep,10.26093,72.40541,2025-05-26 08:16:36,28.56,-1.239,0.975,7.906,1,anticyclonic,SYNTHETIC_DEMO_DATA
1199,Andaman & Nicobar,11.69066,92.57701,2025-05-26 11:11:27,28.775,-1.524,1.197,13.979,0,none,SYNTHETIC_DEMO_DATA
1200,Gujarat Coast,22.57321,69.54406,2025-05-26 14:06:18,29.489,0.69,1.689,14.65,1,anticyclonic,SYNTHETIC_DEMO_DATA
1201,Andaman & Nicobar,11.75066,92.99525,2025-05-26 17:01:09,30.803,0.504,1.135,7.057,0,none,SYNTHETIC_DEMO_DATA
1202,Kerala Coast,9.54166,76.44329,2025-05-26 19:56:00,29.215,-0.384,2.195,14.3,0,none,SYNTHETIC_DEMO_DATA
1203,Lakshadweep,10.73049,72.71638,2025-05-26 22:50:51,31.047,1.248,1.611,9.826,1,anticyclonic,SYNTHETIC_DEMO_DATA
1204,Goa Coast,15.27508,73.82311,2025-05-27 01:45:43,29.883,0.384,2.249,12.652,0,none,SYNTHETIC_DEMO_DATA
1205,Gujarat Coast,22.30748,69.8244,2025-05-27 04:40:34,29.283,0.484,0.714,6.139,0,none,SYNTHETIC_DEMO_DATA
1206,Lakshadweep,10.42973,72.83227,2025-05-27 07:35:25,29.86,0.061,1.374,8.915,0,none,SYNTHETIC_DEMO_DATA
1207,Mumbai Coast,18.77344,73.11375,2025-05-27 10:30:16,29.795,0.496,0.701,8.186,0,none,SYNTHETIC_DEMO_DATA
1208,Goa Coast,15.84179,74.24805,2025-05-27 13:25:07,30.242,0.742,0.752,2.638,0,none,SYNTHETIC_DEMO_DATA
1209,Visakhapatnam,17.9746,83.14937,2025-05-27 16:19:58,30.282,0.483,0.947,11.135,1,cyclonic,SYNTHETIC_DEMO_DATA
1210,Lakshadweep,10.69973,72.55158,2025-05-27 19:14:49,29.446,-0.353,1.637,12.349,0,none,SYNTHETIC_DEMO_DATA
1211,Gujarat Coast,22.42738,69.84755,2025-05-27 22:09:40,28.891,0.092,1.361,13.303,0,none,SYNTHETIC_DEMO_DATA
1212,Goa Coast,15.11843,73.89065,2025-05-28 01:04:31,30.707,1.208,0.782,5.523,0,none,SYNTHETIC_DEMO_DATA
1213,Kerala Coast,10.07035,76.60952,2025-05-28 03:59:22,29.989,0.39,1.812,14.076,1,anticyclonic,SYNTHETIC_DEMO_DATA
1214,Andaman & Nicobar,11.99123,92.54771,2025-05-28 06:54:13,28.985,-1.314,1.807,13.222,1,anticyclonic,SYNTHETIC_DEMO_DATA
1215,Sundarbans,21.96155,89.44064,2025-05-28 09:49:04,29.554,0.055,2.367,10.331,0,none,SYNTHETIC_DEMO_DATA
1216,Odisha Coast,19.67547,85.92777,2025-05-28 12:43:55,32.197,1.898,0.847,7.87,1,cyclonic,SYNTHETIC_DEMO_DATA
1217,Mumbai Coast,18.86801,72.67236,2025-05-28 15:38:46,29.813,0.514,1.168,14.42,0,none,SYNTHETIC_DEMO_DATA
1218,Goa Coast,15.66254,73.66364,2025-05-28 18:33:37,30.534,1.035,0.807,7.837,0,none,SYNTHETIC_DEMO_DATA
1219,Andaman & Nicobar,11.51242,92.99965,2025-05-28 21:28:28,31.343,1.044,2.411,19.13,0,none,SYNTHETIC_DEMO_DATA
1220,Kerala Coast,9.97852,76.16326,2025-05-29 00:23:19,29.218,-0.381,1.77,10.627,0,none,SYNTHETIC_DEMO_DATA
1221,Gujarat Coast,21.91417,69.4797,2025-05-29 03:18:11,30.268,1.469,1.818,12.211,1,anticyclonic,SYNTHETIC_DEMO_DATA
1222,Mumbai Coast,19.14198,73.08085,2025-05-29 06:13:02,30.76,1.461,1.618,9.297,1,anticyclonic,SYNTHETIC_DEMO_DATA
1223,Lakshadweep,10.52095,72.57249,2025-05-29 09:07:53,31.797,1.998,1.642,4.461,1,cyclonic,SYNTHETIC_DEMO_DATA
1224,Gujarat Coast,22.34573,69.39434,2025-05-29 12:02:44,28.679,-0.121,0.402,8.229,0,none,SYNTHETIC_DEMO_DATA
1225,Kerala Coast,9.2529,76.41876,2025-05-29 14:57:35,29.392,-0.207,1.648,11.359,0,none,SYNTHETIC_DEMO_DATA
1226,Lakshadweep,10.88048,72.35275,2025-05-29 17:52:26,29.42,-0.379,1.052,3.82,1,anticyclonic,SYNTHETIC_DEMO_DATA
1227,Odisha Coast,19.7024,85.57089,2025-05-29 20:47:17,30.58,0.281,1.938,9.324,0,none,SYNTHETIC_DEMO_DATA
1228,Lakshadweep,10.3315,72.79088,2025-05-29 23:42:08,28.352,-1.447,1.467,15.11,1,cyclonic,SYNTHETIC_DEMO_DATA
1229,Odisha Coast,19.65727,85.93415,2025-05-30 02:36:59,31.641,1.341,1.021,7.95,0,none,SYNTHETIC_DEMO_DATA
1230,Visakhapatnam,17.46292,83.39252,2025-05-30 05:31:50,29.298,-0.501,1.323,8.964,1,anticyclonic,SYNTHETIC_DEMO_DATA
1231,Andaman & Nicobar,11.76816,92.88536,2025-05-30 08:26:41,30.386,0.087,1.191,13.38,1,anticyclonic,SYNTHETIC_DEMO_DATA
1232,Goa Coast,15.53133,73.70199,2025-05-30 11:21:32,29.147,-0.352,0.919,5.464,1,cyclonic,SYNTHETIC_DEMO_DATA
1233,Lakshadweep,10.4987,72.65033,2025-05-30 14:16:23,29.644,-0.155,1.44,9.493,1,cyclonic,SYNTHETIC_DEMO_DATA
1234,Goa Coast,15.35985,73.58251,2025-05-30 17:11:14,30.903,1.404,1.493,11.253,1,anticyclonic,SYNTHETIC_DEMO_DATA
1235,Gujarat Coast,22.7558,69.49151,2025-05-30 20:06:05,27.714,-1.085,1.145,9.264,0,none,SYNTHETIC_DEMO_DATA
1236,Chennai Coast,13.2728,80.09953,2025-05-30 23:00:56,30.777,0.278,1.523,8.216,0,none,SYNTHETIC_DEMO_DATA
1237,Sundarbans,21.52622,89.41196,2025-05-31 01:55:47,29.851,0.352,0.97,9.258,0,none,SYNTHETIC_DEMO_DATA
1238,Odisha Coast,19.89665,85.73503,2025-05-31 04:50:39,30.128,-0.171,1.654,5.585,0,none,SYNTHETIC_DEMO_DATA
1239,Visakhapatnam,17.79512,83.24069,2025-05-31 07:45:30,30.463,0.664,1.512,7.513,0,none,SYNTHETIC_DEMO_DATA
1240,Sundarbans,21.36978,89.04487,2025-05-31 10:40:21,30.339,0.84,1.804,14.876,1,anticyclonic,SYNTHETIC_DEMO_DATA
1241,Mumbai Coast,19.04547,72.95648,2025-05-31 13:35:12,29.602,0.303,1.706,9.78,0,none,SYNTHETIC_DEMO_DATA
1242,Goa Coast,15.08003,73.95534,2025-05-31 16:30:03,28.847,-0.652,1.441,9.842,0,none,SYNTHETIC_DEMO_DATA
1243,Lakshadweep,10.84406,72.57551,2025-05-31 19:24:54,29.298,-0.501,1.21,8.958,0,none,SYNTHETIC_DEMO_DATA
1244,Kerala Coast,9.69886,76.13626,2025-05-31 22:19:45,29.697,0.097,1.064,11.147,0,none,SYNTHETIC_DEMO_DATA
1245,Andaman & Nicobar,12.08468,92.34598,2025-06-01 01:14:36,30.455,-0.045,1.762,20.145,1,cyclonic,SYNTHETIC_DEMO_DATA
1246,Lakshadweep,10.94399,72.94655,2025-06-01 04:09:27,30.473,0.473,2.479,19.683,0,none,SYNTHETIC_DEMO_DATA
1247,Andaman & Nicobar,11.8063,92.13225,2025-06-01 07:04:18,31.27,0.77,2.96,20.931,1,cyclonic,SYNTHETIC_DEMO_DATA
1248,Kerala Coast,10.0857,76.37176,2025-06-01 09:59:09,30.323,0.523,3.16,21.631,1,cyclonic,SYNTHETIC_DEMO_DATA
1249,Chennai Coast,13.21634,80.2707,2025-06-01 12:54:00,30.323,-0.377,2.675,20.766,1,cyclonic,SYNTHETIC_DEMO_DATA
1250,Lakshadweep,10.69449,72.59408,2025-06-01 15:48:51,29.784,-0.216,2.651,16.736,0,none,SYNTHETIC_DEMO_DATA
1251,Visakhapatnam,17.83137,83.18206,2025-06-01 18:43:42,31.737,1.737,1.435,10.061,1,anticyclonic,SYNTHETIC_DEMO_DATA
1252,Kerala Coast,9.84569,76.61057,2025-06-01 21:38:33,28.463,-1.337,2.565,23.092,1,cyclonic,SYNTHETIC_DEMO_DATA
1253,Sundarbans,22.16831,88.95831,2025-06-02 00:33:24,31.042,1.342,2.242,19.451,1,cyclonic,SYNTHETIC_DEMO_DATA
1254,Goa Coast,15.42905,73.9225,2025-06-02 03:28:15,30.795,1.095,3.12,25.302,1,anticyclonic,SYNTHETIC_DEMO_DATA
1255,Gujarat Coast,22.2378,69.27472,2025-06-02 06:23:06,28.296,-0.704,2.077,15.338,0,none,SYNTHETIC_DEMO_DATA
1256,Sundarbans,21.9635,89.30543,2025-06-02 09:17:58,30.183,0.483,3.181,19.35,0,none,SYNTHETIC_DEMO_DATA
1257,Visakhapatnam,18.16272,83.58436,2025-06-02 12:12:49,30.898,0.898,2.816,22.557,1,anticyclonic,SYNTHETIC_DEMO_DATA
1258,Mumbai Coast,19.17551,73.24765,2025-06-02 15:07:40,28.738,-0.762,2.528,26.786,1,anticyclonic,SYNTHETIC_DEMO_DATA
1259,Mumbai Coast,18.94023,72.49427,2025-06-02 18:02:31,29.596,0.096,3.039,25.714,0,none,SYNTHETIC_DEMO_DATA
1260,Andaman & Nicobar,11.62691,92.68828,2025-06-02 20:57:22,31.452,0.952,1.858,17.181,0,none,SYNTHETIC_DEMO_DATA
1261,Visakhapatnam,17.79205,83.24931,2025-06-02 23:52:13,29.499,-0.501,2.503,19.934,1,anticyclonic,SYNTHETIC_DEMO_DATA
1262,Lakshadweep,10.48616,72.8822,2025-06-03 02:47:04,30.107,0.107,2.26,14.203,1,anticyclonic,SYNTHETIC_DEMO_DATA
1263,Kerala Coast,10.18776,76.35767,2025-06-03 05:41:55,29.998,0.198,3.552,26.55,0,none,SYNTHETIC_DEMO_DATA
1264,Andaman & Nicobar,11.78246,92.39192,2025-06-03 08:36:46,30.329,-0.171,2.811,20.745,0,none,SYNTHETIC_DEMO_DATA
1265,Visakhapatnam,17.57096,83.17372,2025-06-03 11:31:37,29.783,-0.217,2.421,17.558,0,none,SYNTHETIC_DEMO_DATA
1266,Sundarbans,22.16458,89.33471,2025-06-03 14:26:28,30.116,0.416,3.21,26.721,0,none,SYNTHETIC_DEMO_DATA
1267,Sundarbans,22.25095,89.02247,2025-06-03 17:21:19,29.436,-0.264,2.785,26.796,0,none,SYNTHETIC_DEMO_DATA
1268,Chennai Coast,13.46633,80.1352,2025-06-03 20:16:10,30.144,-0.556,2.039,21.129,0,none,SYNTHETIC_DEMO_DATA
1269,Lakshadweep,10.87985,72.46939,2025-06-03 23:11:01,30.989,0.989,2.504,23.326,1,cyclonic,SYNTHETIC_DEMO_DATA
1270,Sundarbans,22.03115,88.93445,2025-06-04 02:05:52,28.416,-1.284,3.604,24.699,1,cyclonic,SYNTHETIC_DEMO_DATA
1271,Chennai Coast,13.49315,80.12822,2025-06-04 05:00:43,28.52,-2.18,3.037,25.547,0,none,SYNTHETIC_DEMO_DATA
1272,Odisha Coast,19.66236,85.48176,2025-06-04 07:55:34,28.354,-2.146,1.892,18.952,1,cyclonic,SYNTHETIC_DEMO_DATA
1273,Lakshadweep,10.77252,72.30277,2025-06-04 10:50:26,30.985,0.985,2.346,17.75,0,none,SYNTHETIC_DEMO_DATA
1274,Gujarat Coast,22.26817,69.23649,2025-06-04 13:45:17,28.96,-0.04,3.119,23.474,1,anticyclonic,SYNTHETIC_DEMO_DATA
1275,Goa Coast,15.24253,74.22183,2025-06-04 16:40:08,29.353,-0.347,1.947,17.781,1,anticyclonic,SYNTHETIC_DEMO_DATA
1276,Goa Coast,15.86189,74.01066,2025-06-04 19:34:59,29.897,0.197,2.703,21.957,0,none,SYNTHETIC_DEMO_DATA
1277,Gujarat Coast,22.2436,69.26588,2025-06-04 22:29:50,27.359,-1.641,1.904,21.608,0,none,SYNTHETIC_DEMO_DATA
1278,Goa Coast,15.4849,73.93354,2025-06-05 01:24:41,31.232,1.532,2.521,22.743,1,cyclonic,SYNTHETIC_DEMO_DATA
1279,Sundarbans,22.26626,89.34935,2025-06-05 04:19:32,30.276,0.576,2.192,17.283,1,anticyclonic,SYNTHETIC_DEMO_DATA
1280,Andaman & Nicobar,11.31695,92.35097,2025-06-05 07:14:23,29.386,-1.114,3.785,29.428,1,anticyclonic,SYNTHETIC_DEMO_DATA
1281,Goa Coast,15.45367,73.73085,2025-06-05 10:09:14,30.379,0.679,3.073,22.797,1,cyclonic,SYNTHETIC_DEMO_DATA
1282,Goa Coast,15.32995,73.93607,2025-06-05 13:04:05,30.142,0.442,3.223,29.213,0,none,SYNTHETIC_DEMO_DATA
1283,Chennai Coast,13.24762,79.79411,2025-06-05 15:58:56,31.394,0.694,2.319,18.31,0,none,SYNTHETIC_DEMO_DATA
1284,Andaman & Nicobar,11.99811,92.5785,2025-06-05 18:53:47,29.919,-0.581,3.315,22.295,1,cyclonic,SYNTHETIC_DEMO_DATA
1285,Chennai Coast,13.101,80.10994,2025-06-05 21:48:38,30.711,0.011,1.602,19.627,0,none,SYNTHETIC_DEMO_DATA
1286,Sundarbans,21.65053,89.02015,2025-06-06 00:43:29,30.935,1.235,3.276,23.479,1,cyclonic,SYNTHETIC_DEMO_DATA
1287,Lakshadweep,10.55483,72.50802,2025-06-06 03:38:20,29.733,-0.267,1.416,12.306,0,none,SYNTHETIC_DEMO_DATA
1288,Visakhapatnam,17.89204,83.1058,2025-06-06 06:33:11,31.117,1.117,2.544,23.584,0,none,SYNTHETIC_DEMO_DATA
1289,Odisha Coast,19.54769,85.90896,2025-06-06 09:28:02,29.447,-1.053,3.172,27.415,1,anticyclonic,SYNTHETIC_DEMO_DATA
1290,Gujarat Coast,22.24935,69.31545,2025-06-06 12:22:54,30.379,1.379,2.261,22.411,1,anticyclonic,SYNTHETIC_DEMO_DATA
1291,Visakhapatnam,17.2694,83.23136,2025-06-06 15:17:45,30.014,0.014,2.469,16.091,0,none,SYNTHETIC_DEMO_DATA
1292,Andaman & Nicobar,11.31488,92.90876,2025-06-06 18:12:36,29.449,-1.051,2.726,22.228,1,anticyclonic,SYNTHETIC_DEMO_DATA
1293,Kerala Coast,9.8976,76.06392,2025-06-06 21:07:27,29.035,-0.765,3.151,29.171,0,none,SYNTHETIC_DEMO_DATA
1294,Sundarbans,22.05481,89.03456,2025-06-07 00:02:18,28.767,-0.933,2.626,21.335,1,cyclonic,SYNTHETIC_DEMO_DATA
1295,Lakshadweep,10.61971,72.55122,2025-06-07 02:57:09,29.181,-0.819,2.827,19.284,0,none,SYNTHETIC_DEMO_DATA
1296,Mumbai Coast,18.9634,73.23878,2025-06-07 05:52:00,28.685,-0.815,2.971,25.479,1,cyclonic,SYNTHETIC_DEMO_DATA
1297,Visakhapatnam,17.88281,83.2364,2025-06-07 08:46:51,30.201,0.201,2.817,23.027,1,cyclonic,SYNTHETIC_DEMO_DATA
1298,Gujarat Coast,22.46983,69.62029,2025-06-07 11:41:42,30.188,1.188,2.158,17.108,0,none,SYNTHETIC_DEMO_DATA
1299,Mumbai Coast,19.36264,72.95715,2025-06-07 14:36:33,28.791,-0.709,2.104,19.975,1,cyclonic,SYNTHETIC_DEMO_DATA
1300,Sundarbans,22.12594,89.23091,2025-06-07 17:31:24,29.618,-0.082,2.488,25.054,0,none,SYNTHETIC_DEMO_DATA
1301,Goa Coast,15.4498,73.77218,2025-06-07 20:26:15,29.251,-0.449,2.857,24.301,0,none,SYNTHETIC_DEMO_DATA
1302,Kerala Coast,10.02968,76.73758,2025-06-07 23:21:06,30.349,0.549,2.451,21.734,1,cyclonic,SYNTHETIC_DEMO_DATA
1303,Gujarat Coast,22.18453,69.58267,2025-06-08 02:15:57,27.778,-1.222,1.622,11.469,1,anticyclonic,SYNTHETIC_DEMO_DATA
1304,Andaman & Nicobar,11.59883,92.68799,2025-06-08 05:10:48,29.192,-1.308,2.774,23.041,1,cyclonic,SYNTHETIC_DEMO_DATA
1305,Gujarat Coast,22.08983,69.39941,2025-06-08 08:05:39,28.784,-0.216,1.69,11.775,0,none,SYNTHETIC_DEMO_DATA
1306,Gujarat Coast,21.74316,69.61255,2025-06-08 11:00:30,27.914,-1.086,2.569,19.289,0,none,SYNTHETIC_DEMO_DATA
1307,Visakhapatnam,17.8213,83.42673,2025-06-08 13:55:22,30.354,0.354,2.649,17.014,0,none,SYNTHETIC_DEMO_DATA
1308,Visakhapatnam,17.74098,83.15668,2025-06-08 16:50:13,30.081,0.081,2.332,20.057,1,anticyclonic,SYNTHETIC_DEMO_DATA
1309,Kerala Coast,9.88575,76.37824,2025-06-08 19:45:04,29.129,-0.671,3.119,23.523,1,cyclonic,SYNTHETIC_DEMO_DATA
1310,Andaman & Nicobar,12.15393,92.33212,2025-06-08 22:39:55,31.984,1.484,2.967,22.224,0,none,SYNTHETIC_DEMO_DATA
1311,Mumbai Coast,19.03476,73.14178,2025-06-09 01:34:46,29.986,0.486,2.845,24.872,0,none,SYNTHETIC_DEMO_DATA
1312,Chennai Coast,13.00678,80.18206,2025-06-09 04:29:37,30.036,-0.664,2.931,18.62,1,cyclonic,SYNTHETIC_DEMO_DATA
1313,Goa Coast,15.62668,73.69148,2025-06-09 07:24:28,29.093,-0.607,1.306,11.114,0,none,SYNTHETIC_DEMO_DATA
1314,Andaman & Nicobar,11.35672,92.62391,2025-06-09 10:19:19,30.171,-0.329,2.01,18.47,0,none,SYNTHETIC_DEMO_DATA
1315,Lakshadweep,10.86314,72.46699,2025-06-09 13:14:10,30.826,0.826,2.235,20.465,0,none,SYNTHETIC_DEMO_DATA
1316,Visakhapatnam,17.94299,83.41326,2025-06-09 16:09:01,30.413,0.413,2.212,14.81,0,none,SYNTHETIC_DEMO_DATA
1317,Goa Coast,15.5272,73.56802,2025-06-09 19:03:52,28.856,-0.844,3.035,24.718,1,anticyclonic,SYNTHETIC_DEMO_DATA
1318,Mumbai Coast,18.82968,72.5817,2025-06-09 21:58:43,29.503,0.003,3.224,23.564,0,none,SYNTHETIC_DEMO_DATA
1319,Kerala Coast,10.06283,76.31304,2025-06-10 00:53:34,30.857,1.057,2.019,20.206,0,none,SYNTHETIC_DEMO_DATA
1320,Chennai Coast,13.0804,80.32596,2025-06-10 03:48:25,31.287,0.587,2.981,27.403,0,none,SYNTHETIC_DEMO_DATA
1321,Odisha Coast,19.60425,85.72624,2025-06-10 06:43:16,31.813,1.313,1.796,19.435,1,anticyclonic,SYNTHETIC_DEMO_DATA
1322,Visakhapatnam,17.40879,83.13086,2025-06-10 09:38:07,30.416,0.416,1.778,14.078,0,none,SYNTHETIC_DEMO_DATA
1323,Mumbai Coast,18.87827,72.87558,2025-06-10 12:32:58,29.105,-0.395,2.647,25.447,0,none,SYNTHETIC_DEMO_DATA
1324,Andaman & Nicobar,11.55415,92.38851,2025-06-10 15:27:50,29.252,-1.248,2.713,25.446,1,anticyclonic,SYNTHETIC_DEMO_DATA
1325,Andaman & Nicobar,11.93827,92.40039,2025-06-10 18:22:41,30.934,0.434,2.144,21.147,0,none,SYNTHETIC_DEMO_DATA
1326,Odisha Coast,19.92522,85.50446,2025-06-10 21:17:32,32.738,2.238,2.43,23.304,1,cyclonic,SYNTHETIC_DEMO_DATA
1327,Gujarat Coast,22.25835,70.02354,2025-06-11 00:12:23,28.233,-0.767,1.976,19.841,1,anticyclonic,SYNTHETIC_DEMO_DATA
1328,Sundarbans,21.97415,89.24805,2025-06-11 03:07:14,30.038,0.338,2.08,23.21,1,cyclonic,SYNTHETIC_DEMO_DATA
1329,Gujarat Coast,22.32719,69.86983,2025-06-11 06:02:05,29.957,0.957,1.681,14.211,0,none,SYNTHETIC_DEMO_DATA
1330,Chennai Coast,12.89778,80.25298,2025-06-11 08:56:56,30.17,-0.53,2.268,16.768,0,none,SYNTHETIC_DEMO_DATA
1331,Kerala Coast,10.14436,76.01844,2025-06-11 11:51:47,28.597,-1.203,2.533,22.659,1,cyclonic,SYNTHETIC_DEMO_DATA
1332,Goa Coast,15.2276,73.73717,2025-06-11 14:46:38,29.665,-0.035,2.101,20.15,1,anticyclonic,SYNTHETIC_DEMO_DATA
1333,Kerala Coast,9.5648,76.46792,2025-06-11 17:41:29,30.895,1.095,2.347,24.13,1,anticyclonic,SYNTHETIC_DEMO_DATA
1334,Andaman & Nicobar,11.73717,92.68085,2025-06-11 20:36:20,30.693,0.193,2.891,21.247,0,none,SYNTHETIC_DEMO_DATA
1335,Mumbai Coast,18.83322,72.69926,2025-06-11 23:31:11,29.546,0.046,2.323,22.024,0,none,SYNTHETIC_DEMO_DATA
1336,Lakshadweep,10.32642,72.54371,2025-06-12 02:26:02,29.109,-0.891,2.378,24.694,0,none,SYNTHETIC_DEMO_DATA
1337,Gujarat Coast,22.08403,69.60431,2025-06-12 05:20:53,27.848,-1.152,1.592,14.999,1,cyclonic,SYNTHETIC_DEMO_DATA
1338,Visakhapatnam,17.59225,82.84364,2025-06-12 08:15:44,30.13,0.13,2.27,13.694,1,anticyclonic,SYNTHETIC_DEMO_DATA
1339,Goa Coast,15.31296,73.80299,2025-06-12 11:10:35,30.663,0.963,1.946,22.827,1,cyclonic,SYNTHETIC_DEMO_DATA
1340,Kerala Coast,10.01895,76.17576,2025-06-12 14:05:26,29.769,-0.031,2.17,20.057,0,none,SYNTHETIC_DEMO_DATA
1341,Mumbai Coast,19.14556,72.7756,2025-06-12 17:00:18,29.027,-0.473,2.598,20.268,0,none,SYNTHETIC_DEMO_DATA
1342,Odisha Coast,19.73593,85.51612,2025-06-12 19:55:09,30.248,-0.252,2.887,23.445,0,none,SYNTHETIC_DEMO_DATA
1343,Odisha Coast,19.78873,85.79924,2025-06-12 22:50:00,30.541,0.041,2.411,22.65,0,none,SYNTHETIC_DEMO_DATA
1344,Mumbai Coast,19.3853,72.69157,2025-06-13 01:44:51,29.888,0.388,2.726,26.809,0,none,SYNTHETIC_DEMO_DATA
1345,Odisha Coast,19.90601,85.91994,2025-06-13 04:39:42,30.168,-0.332,1.915,21.258,0,none,SYNTHETIC_DEMO_DATA
1346,Lakshadweep,10.5383,72.96377,2025-06-13 07:34:33,29.419,-0.581,2.243,16.056,0,none,SYNTHETIC_DEMO_DATA
1347,Andaman & Nicobar,11.5118,92.59123,2025-06-13 10:29:24,30.623,0.123,2.984,25.648,1,anticyclonic,SYNTHETIC_DEMO_DATA
1348,Goa Coast,15.26203,73.89879,2025-06-13 13:24:15,30.204,0.504,2.302,18.677,1,cyclonic,SYNTHETIC_DEMO_DATA
1349,Goa Coast,15.16887,73.99027,2025-06-13 16:19:06,29.912,0.212,3.261,26.024,1,cyclonic,SYNTHETIC_DEMO_DATA
1350,Mumbai Coast,18.58292,72.66845,2025-06-13 19:13:57,29.091,-0.409,1.564,19.454,1,anticyclonic,SYNTHETIC_DEMO_DATA
1351,Sundarbans,21.57617,88.95895,2025-06-13 22:08:48,29.104,-0.596,2.261,16.74,1,anticyclonic,SYNTHETIC_DEMO_DATA
1352,Chennai Coast,13.1373,80.08942,2025-06-14 01:03:39,31.042,0.342,2.126,12.195,0,none,SYNTHETIC_DEMO_DATA
1353,Kerala Coast,9.91807,75.89963,2025-06-14 03:58:30,30.268,0.468,2.787,21.136,0,none,SYNTHETIC_DEMO_DATA
1354,Lakshadweep,10.43837,72.66532,2025-06-14 06:53:21,29.903,-0.097,1.857,20.435,0,none,SYNTHETIC_DEMO_DATA
1355,Visakhapatnam,17.82279,83.51657,2025-06-14 09:48:12,28.217,-1.783,2.438,21.123,1,cyclonic,SYNTHETIC_DEMO_DATA
1356,Kerala Coast,10.15785,76.20833,2025-06-14 12:43:03,30.418,0.618,3.677,29.026,0,none,SYNTHETIC_DEMO_DATA
1357,Chennai Coast,13.12635,80.28289,2025-06-14 15:37:54,30.41,-0.29,2.393,21.006,1,cyclonic,SYNTHETIC_DEMO_DATA
1358,Odisha Coast,19.57719,86.08715,2025-06-14 18:32:45,30.506,0.006,2.486,22.11,0,none,SYNTHETIC_DEMO_DATA
1359,Odisha Coast,19.51382,85.80003,2025-06-14 21:27:37,30.335,-0.165,1.989,17.843,0,none,SYNTHETIC_DEMO_DATA
1360,Chennai Coast,12.93667,80.1854,2025-06-15 00:22:28,31.943,1.243,2.403,20.33,1,cyclonic,SYNTHETIC_DEMO_DATA
1361,Sundarbans,21.76934,88.84183,2025-06-15 03:17:19,29.928,0.228,2.376,22.5,0,none,SYNTHETIC_DEMO_DATA
1362,Sundarbans,21.81684,89.29036,2025-06-15 06:12:10,29.381,-0.319,2.574,13.912,0,none,SYNTHETIC_DEMO_DATA
1363,Chennai Coast,13.23254,80.29604,2025-06-15 09:07:01,29.882,-0.818,2.187,19.846,0,none,SYNTHETIC_DEMO_DATA
1364,Visakhapatnam,17.9928,82.88363,2025-06-15 12:01:52,29.1,-0.9,2.701,19.689,1,anticyclonic,SYNTHETIC_DEMO_DATA
1365,Mumbai Coast,18.61155,73.2182,2025-06-15 14:56:43,28.946,-0.554,3.283,18.448,1,cyclonic,SYNTHETIC_DEMO_DATA
1366,Sundarbans,21.88597,89.16743,2025-06-15 17:51:34,31.763,2.063,2.309,19.763,1,anticyclonic,SYNTHETIC_DEMO_DATA
1367,Chennai Coast,13.36468,79.92084,2025-06-15 20:46:25,31.265,0.565,2.723,21.919,1,cyclonic,SYNTHETIC_DEMO_DATA
1368,Kerala Coast,9.82089,76.25679,2025-06-15 23:41:16,28.92,-0.88,3.11,25.029,0,none,SYNTHETIC_DEMO_DATA
1369,Lakshadweep,10.30856,72.4845,2025-06-16 02:36:07,29.401,-0.599,2.369,18.682,1,cyclonic,SYNTHETIC_DEMO_DATA
1370,Gujarat Coast,22.40599,69.70265,2025-06-16 05:30:58,28.012,-0.988,2.165,16.017,0,none,SYNTHETIC_DEMO_DATA
1371,Andaman & Nicobar,11.70759,92.41145,2025-06-16 08:25:49,30.205,-0.295,2.871,24.732,0,none,SYNTHETIC_DEMO_DATA
1372,Chennai Coast,12.98575,79.96348,2025-06-16 11:20:40,30.669,-0.031,1.201,17.697,0,none,SYNTHETIC_DEMO_DATA
1373,Kerala Coast,10.02753,76.19885,2025-06-16 14:15:31,30.439,0.639,2.681,24.847,0,none,SYNTHETIC_DEMO_DATA
1374,Kerala Coast,9.70832,76.25012,2025-06-16 17:10:22,29.121,-0.679,2.544,20.293,1,cyclonic,SYNTHETIC_DEMO_DATA
1375,Andaman & Nicobar,11.42392,92.57104,2025-06-16 20:05:13,30.732,0.232,3.121,22.579,0,none,SYNTHETIC_DEMO_DATA
1376,Lakshadweep,10.25109,72.77284,2025-06-16 23:00:05,30.168,0.168,1.779,16.433,0,none,SYNTHETIC_DEMO_DATA
1377,Lakshadweep,10.83398,72.99668,2025-06-17 01:54:56,29.804,-0.196,2.499,20.097,0,none,SYNTHETIC_DEMO_DATA
1378,Goa Coast,15.62583,73.9363,2025-06-17 04:49:47,29.808,0.108,2.686,20.268,0,none,SYNTHETIC_DEMO_DATA
1379,Mumbai Coast,18.96535,72.67421,2025-06-17 07:44:38,29.136,-0.364,2.96,23.617,1,cyclonic,SYNTHETIC_DEMO_DATA
1380,Mumbai Coast,19.20403,72.66341,2025-06-17 10:39:29,27.796,-1.704,2.877,20.866,1,cyclonic,SYNTHETIC_DEMO_DATA
1381,Lakshadweep,10.73568,72.56052,2025-06-17 13:34:20,29.87,-0.13,3.085,24.165,0,none,SYNTHETIC_DEMO_DATA
1382,Visakhapatnam,17.46721,83.11881,2025-06-17 16:29:11,29.464,-0.536,2.013,21.585,0,none,SYNTHETIC_DEMO_DATA
1383,Chennai Coast,13.43754,80.46098,2025-06-17 19:24:02,30.412,-0.288,1.783,13.154,1,anticyclonic,SYNTHETIC_DEMO_DATA
1384,Andaman & Nicobar,11.80388,92.69398,2025-06-17 22:18:53,30.015,-0.485,2.541,26.268,1,cyclonic,SYNTHETIC_DEMO_DATA
1385,Chennai Coast,13.00443,80.14021,2025-06-18 01:13:44,29.787,-0.913,1.514,15.985,0,none,SYNTHETIC_DEMO_DATA
1386,Visakhapatnam,17.62469,83.19201,2025-06-18 04:08:35,30.186,0.186,3.211,26.293,0,none,SYNTHETIC_DEMO_DATA
1387,Mumbai Coast,18.9776,72.86339,2025-06-18 07:03:26,29.731,0.231,2.583,19.272,0,none,SYNTHETIC_DEMO_DATA
1388,Chennai Coast,13.11485,80.28369,2025-06-18 09:58:17,30.938,0.238,1.801,14.804,0,none,SYNTHETIC_DEMO_DATA
1389,Andaman & Nicobar,11.85585,92.48386,2025-06-18 12:53:08,30.781,0.281,2.487,23.626,0,none,SYNTHETIC_DEMO_DATA
1390,Lakshadweep,10.64814,72.61069,2025-06-18 15:47:59,29.916,-0.084,2.344,15.31,0,none,SYNTHETIC_DEMO_DATA
1391,Chennai Coast,12.90576,80.132,2025-06-18 18:42:50,30.636,-0.064,2.885,24.095,0,none,SYNTHETIC_DEMO_DATA
1392,Mumbai Coast,19.02386,72.97112,2025-06-18 21:37:41,30.644,1.144,2.353,20.591,1,cyclonic,SYNTHETIC_DEMO_DATA
1393,Lakshadweep,10.49934,72.66086,2025-06-19 00:32:33,28.654,-1.346,2.096,24.514,0,none,SYNTHETIC_DEMO_DATA
1394,Goa Coast,15.76525,73.86275,2025-06-19 03:27:24,29.547,-0.153,3.01,22.989,0,none,SYNTHETIC_DEMO_DATA
1395,Visakhapatnam,17.98727,83.08546,2025-06-19 06:22:15,30.375,0.375,1.973,16.039,0,none,SYNTHETIC_DEMO_DATA
1396,Mumbai Coast,19.15431,72.79551,2025-06-19 09:17:06,28.308,-1.192,2.846,18.458,0,none,SYNTHETIC_DEMO_DATA
1397,Gujarat Coast,22.43838,69.43749,2025-06-19 12:11:57,28.926,-0.074,2.111,18.08,0,none,SYNTHETIC_DEMO_DATA
1398,Gujarat Coast,22.63279,69.56872,2025-06-19 15:06:48,30.079,1.079,1.523,11.805,1,anticyclonic,SYNTHETIC_DEMO_DATA
1399,Sundarbans,21.42662,88.95485,2025-06-19 18:01:39,29.489,-0.211,2.831,24.356,0,none,SYNTHETIC_DEMO_DATA
1400,Visakhapatnam,17.59439,83.21086,2025-06-19 20:56:30,29.511,-0.489,2.337,21.81,1,cyclonic,SYNTHETIC_DEMO_DATA
1401,Andaman & Nicobar,11.76011,92.68168,2025-06-19 23:51:21,31.061,0.561,1.876,15.206,1,anticyclonic,SYNTHETIC_DEMO_DATA
1402,Visakhapatnam,18.16837,83.11767,2025-06-20 02:46:12,29.569,-0.431,1.799,15.408,0,none,SYNTHETIC_DEMO_DATA
1403,Visakhapatnam,17.57935,83.42708,2025-06-20 05:41:03,31.114,1.114,2.442,27.603,1,anticyclonic,SYNTHETIC_DEMO_DATA
1404,Chennai Coast,12.87864,80.11207,2025-06-20 08:35:54,31.652,0.952,2.657,22.229,1,cyclonic,SYNTHETIC_DEMO_DATA
1405,Odisha Coast,20.13444,85.2845,2025-06-20 11:30:45,30.074,-0.426,2.969,20.495,1,cyclonic,SYNTHETIC_DEMO_DATA
1406,Odisha Coast,19.61965,85.36116,2025-06-20 14:25:36,31.586,1.086,2.693,25.294,0,none,SYNTHETIC_DEMO_DATA
1407,Chennai Coast,13.2382,80.18809,2025-06-20 17:20:27,29.012,-1.688,2.8,19.373,1,cyclonic,SYNTHETIC_DEMO_DATA
1408,Andaman & Nicobar,11.7165,92.67177,2025-06-20 20:15:18,30.502,0.002,3.216,24.104,0,none,SYNTHETIC_DEMO_DATA
1409,Sundarbans,21.79152,89.39351,2025-06-20 23:10:09,30.7,1.0,2.614,16.368,0,none,SYNTHETIC_DEMO_DATA
1410,Visakhapatnam,17.87971,83.29345,2025-06-21 02:05:01,29.057,-0.943,3.275,25.845,1,anticyclonic,SYNTHETIC_DEMO_DATA
1411,Sundarbans,22.15957,89.22704,2025-06-21 04:59:52,28.488,-1.212,2.705,22.948,1,anticyclonic,SYNTHETIC_DEMO_DATA
1412,Mumbai Coast,18.88345,72.97804,2025-06-21 07:54:43,28.339,-1.161,3.074,23.5,1,anticyclonic,SYNTHETIC_DEMO_DATA
1413,Visakhapatnam,17.74453,83.45258,2025-06-21 10:49:34,30.466,0.466,2.69,21.736,0,none,SYNTHETIC_DEMO_DATA
1414,Goa Coast,15.4679,74.30607,2025-06-21 13:44:25,28.569,-1.131,2.369,18.853,1,cyclonic,SYNTHETIC_DEMO_DATA
1415,Mumbai Coast,19.08191,73.10248,2025-06-21 16:39:16,29.818,0.318,1.632,14.032,0,none,SYNTHETIC_DEMO_DATA
1416,Goa Coast,15.5836,73.8965,2025-06-21 19:34:07,30.342,0.642,2.348,20.866,1,anticyclonic,SYNTHETIC_DEMO_DATA
1417,Gujarat Coast,22.48251,69.68373,2025-06-21 22:28:58,30.358,1.358,2.56,18.653,1,anticyclonic,SYNTHETIC_DEMO_DATA
1418,Kerala Coast,9.94137,76.11201,2025-06-22 01:23:49,30.259,0.459,3.086,22.365,0,none,SYNTHETIC_DEMO_DATA
1419,Andaman & Nicobar,11.4611,92.54665,2025-06-22 04:18:40,30.418,-0.082,2.628,20.667,1,cyclonic,SYNTHETIC_DEMO_DATA
1420,Kerala Coast,10.15029,76.37187,2025-06-22 07:13:31,30.26,0.46,2.198,24.642,0,none,SYNTHETIC_DEMO_DATA
1421,Lakshadweep,10.32098,72.14396,2025-06-22 10:08:22,30.659,0.659,2.858,24.248,1,cyclonic,SYNTHETIC_DEMO_DATA
1422,Lakshadweep,10.68723,72.59232,2025-06-22 13:03:13,29.656,-0.344,2.585,18.459,1,anticyclonic,SYNTHETIC_DEMO_DATA
1423,Mumbai Coast,19.18004,73.122,2025-06-22 15:58:04,29.111,-0.389,2.676,22.574,1,cyclonic,SYNTHETIC_DEMO_DATA
1424,Gujarat Coast,22.02951,69.49688,2025-06-22 18:52:55,28.891,-0.109,2.642,21.764,1,anticyclonic,SYNTHETIC_DEMO_DATA
1425,Visakhapatnam,17.26756,83.36749,2025-06-22 21:47:46,29.248,-0.752,2.433,18.136,1,anticyclonic,SYNTHETIC_DEMO_DATA
1426,Andaman & Nicobar,11.373,92.9402,2025-06-23 00:42:37,30.285,-0.215,1.795,13.695,0,none,SYNTHETIC_DEMO_DATA
1427,Gujarat Coast,22.01592,69.58234,2025-06-23 03:37:29,27.354,-1.646,2.091,16.787,1,cyclonic,SYNTHETIC_DEMO_DATA
1428,Lakshadweep,10.66976,72.61273,2025-06-23 06:32:20,29.579,-0.421,2.754,16.18,0,none,SYNTHETIC_DEMO_DATA
1429,Visakhapatnam,17.59848,82.84211,2025-06-23 09:27:11,30.754,0.754,2.164,19.318,0,none,SYNTHETIC_DEMO_DATA
1430,Goa Coast,15.63649,73.97401,2025-06-23 12:22:02,29.728,0.028,1.804,18.74,0,none,SYNTHETIC_DEMO_DATA
1431,Kerala Coast,10.14509,76.2781,2025-06-23 15:16:53,29.176,-0.624,2.369,27.837,0,none,SYNTHETIC_DEMO_DATA
1432,Odisha Coast,19.78258,86.13281,2025-06-23 18:11:44,30.47,-0.03,2.787,26.005,0,none,SYNTHETIC_DEMO_DATA
1433,Odisha Coast,19.77381,85.5985,2025-06-23 21:06:35,28.672,-1.828,2.008,13.889,1,anticyclonic,SYNTHETIC_DEMO_DATA
1434,Mumbai Coast,19.10792,72.78072,2025-06-24 00:01:26,28.868,-0.632,2.34,22.578,0,none,SYNTHETIC_DEMO_DATA
1435,Chennai Coast,13.10099,80.41144,2025-06-24 02:56:17,32.221,1.521,2.766,19.405,0,none,SYNTHETIC_DEMO_DATA
1436,Odisha Coast,19.96779,85.90493,2025-06-24 05:51:08,30.959,0.459,2.84,19.676,0,none,SYNTHETIC_DEMO_DATA
1437,Kerala Coast,9.78375,76.35702,2025-06-24 08:45:59,30.346,0.546,3.774,31.927,1,cyclonic,SYNTHETIC_DEMO_DATA
1438,Gujarat Coast,22.67362,69.67626,2025-06-24 11:40:50,28.428,-0.572,1.155,9.322,1,anticyclonic,SYNTHETIC_DEMO_DATA
1439,Chennai Coast,13.12666,80.21697,2025-06-24 14:35:41,30.881,0.181,1.827,15.154,0,none,SYNTHETIC_DEMO_DATA
1440,Lakshadweep,10.72784,72.15858,2025-06-24 17:30:32,29.756,-0.244,2.445,15.616,1,anticyclonic,SYNTHETIC_DEMO_DATA
1441,Goa Coast,15.39436,73.83469,2025-06-24 20:25:23,28.005,-1.695,2.532,18.833,0,none,SYNTHETIC_DEMO_DATA
1442,Mumbai Coast,18.92526,72.82666,2025-06-24 23:20:14,30.885,1.385,2.677,28.176,1,cyclonic,SYNTHETIC_DEMO_DATA
1443,Lakshadweep,10.56864,72.57948,2025-06-25 02:15:05,30.233,0.233,2.167,16.633,0,none,SYNTHETIC_DEMO_DATA
1444,Kerala Coast,9.74993,76.28747,2025-06-25 05:09:56,29.224,-0.576,2.392,26.693,0,none,SYNTHETIC_DEMO_DATA
1445,Odisha Coast,19.69862,85.82727,2025-06-25 08:04:48,30.15,-0.35,2.984,31.959,0,none,SYNTHETIC_DEMO_DATA
1446,Sundarbans,21.63386,89.18634,2025-06-25 10:59:39,30.558,0.858,2.722,26.425,1,cyclonic,SYNTHETIC_DEMO_DATA
1447,Lakshadweep,10.58555,72.4964,2025-06-25 13:54:30,29.86,-0.14,2.061,13.16,1,cyclonic,SYNTHETIC_DEMO_DATA
1448,Lakshadweep,10.65964,72.38282,2025-06-25 16:49:21,30.192,0.192,1.902,17.025,0,none,SYNTHETIC_DEMO_DATA
1449,Goa Coast,15.54447,73.82621,2025-06-25 19:44:12,31.204,1.504,2.616,26.245,0,none,SYNTHETIC_DEMO_DATA
1450,Odisha Coast,20.21091,85.78991,2025-06-25 22:39:03,32.042,1.542,2.025,21.073,0,none,SYNTHETIC_DEMO_DATA
1451,Visakhapatnam,17.91985,83.65469,2025-06-26 01:33:54,31.259,1.259,2.587,25.079,1,anticyclonic,SYNTHETIC_DEMO_DATA
1452,Sundarbans,22.08581,89.21762,2025-06-26 04:28:45,28.794,-0.906,3.046,29.36,0,none,SYNTHETIC_DEMO_DATA
1453,Sundarbans,21.93237,89.45186,2025-06-26 07:23:36,29.599,-0.101,2.536,21.176,0,none,SYNTHETIC_DEMO_DATA
1454,Visakhapatnam,17.88144,83.4433,2025-06-26 10:18:27,28.804,-1.196,2.81,18.611,0,none,SYNTHETIC_DEMO_DATA
1455,Mumbai Coast,18.79917,72.81901,2025-06-26 13:13:18,28.66,-0.84,2.559,30.169,0,none,SYNTHETIC_DEMO_DATA
1456,Sundarbans,22.1299,89.14036,2025-06-26 16:08:09,29.787,0.087,3.41,30.188,0,none,SYNTHETIC_DEMO_DATA
1457,Lakshadweep,10.66039,72.58663,2025-06-26 19:03:00,30.2,0.2,3.115,26.762,0,none,SYNTHETIC_DEMO_DATA
1458,Kerala Coast,9.56084,76.1719,2025-06-26 21:57:51,31.54,1.74,2.854,24.6,0,none,SYNTHETIC_DEMO_DATA
1459,Visakhapatnam,17.45304,83.20975,2025-06-27 00:52:42,29.64,-0.36,2.31,21.368,1,cyclonic,SYNTHETIC_DEMO_DATA
1460,Mumbai Coast,19.02987,72.69997,2025-06-27 03:47:33,29.743,0.243,2.497,20.632,1,anticyclonic,SYNTHETIC_DEMO_DATA
1461,Goa Coast,15.53734,74.10033,2025-06-27 06:42:24,28.585,-1.115,1.934,14.787,0,none,SYNTHETIC_DEMO_DATA
1462,Chennai Coast,13.19541,79.77385,2025-06-27 09:37:16,30.373,-0.327,2.507,20.935,0,none,SYNTHETIC_DEMO_DATA
1463,Sundarbans,21.98356,89.01162,2025-06-27 12:32:07,30.071,0.371,2.506,20.691,0,none,SYNTHETIC_DEMO_DATA
1464,Sundarbans,21.75645,89.07611,2025-06-27 15:26:58,29.173,-0.527,2.452,23.53,0,none,SYNTHETIC_DEMO_DATA
1465,Andaman & Nicobar,11.86394,92.98438,2025-06-27 18:21:49,31.412,0.912,1.95,21.417,0,none,SYNTHETIC_DEMO_DATA
1466,Odisha Coast,19.6195,86.14186,2025-06-27 21:16:40,30.9,0.4,1.348,13.452,0,none,SYNTHETIC_DEMO_DATA
1467,Gujarat Coast,22.50309,69.67112,2025-06-28 00:11:31,29.543,0.543,3.665,24.078,1,cyclonic,SYNTHETIC_DEMO_DATA
1468,Chennai Coast,12.86947,79.78051,2025-06-28 03:06:22,29.869,-0.831,2.846,21.114,0,none,SYNTHETIC_DEMO_DATA
1469,Goa Coast,15.67459,73.77186,2025-06-28 06:01:13,28.823,-0.877,1.776,17.511,0,none,SYNTHETIC_DEMO_DATA
1470,Sundarbans,22.18402,89.19881,2025-06-28 08:56:04,27.496,-2.204,2.202,19.698,0,none,SYNTHETIC_DEMO_DATA
1471,Andaman & Nicobar,11.74076,92.77807,2025-06-28 11:50:55,30.026,-0.474,2.769,20.83,1,anticyclonic,SYNTHETIC_DEMO_DATA
1472,Gujarat Coast,22.43292,69.40669,2025-06-28 14:45:46,29.64,0.64,2.094,13.051,1,anticyclonic,SYNTHETIC_DEMO_DATA
1473,Kerala Coast,9.95075,76.09145,2025-06-28 17:40:37,29.32,-0.48,3.185,26.202,0,none,SYNTHETIC_DEMO_DATA
1474,Visakhapatnam,17.89643,83.27044,2025-06-28 20:35:28,29.25,-0.75,2.485,23.182,0,none,SYNTHETIC_DEMO_DATA
1475,Lakshadweep,10.65403,72.72795,2025-06-28 23:30:19,29.446,-0.554,1.995,9.276,0,none,SYNTHETIC_DEMO_DATA
1476,Chennai Coast,13.08522,80.46553,2025-06-29 02:25:10,31.537,0.837,2.462,14.964,0,none,SYNTHETIC_DEMO_DATA
1477,Kerala Coast,9.81459,76.65019,2025-06-29 05:20:01,30.235,0.435,3.289,29.172,1,cyclonic,SYNTHETIC_DEMO_DATA
1478,Chennai Coast,13.39974,80.23474,2025-06-29 08:14:52,30.63,-0.07,2.726,23.933,0,none,SYNTHETIC_DEMO_DATA
1479,Visakhapatnam,17.95462,83.29543,2025-06-29 11:09:44,30.417,0.417,2.37,22.685,1,anticyclonic,SYNTHETIC_DEMO_DATA
1480,Kerala Coast,10.23722,76.06293,2025-06-29 14:04:35,29.67,-0.13,2.769,21.847,1,anticyclonic,SYNTHETIC_DEMO_DATA
1481,Odisha Coast,19.60986,85.88087,2025-06-29 16:59:26,30.21,-0.29,2.783,25.832,0,none,SYNTHETIC_DEMO_DATA
1482,Sundarbans,22.08742,89.08154,2025-06-29 19:54:17,31.244,1.544,2.199,22.208,1,anticyclonic,SYNTHETIC_DEMO_DATA
1483,Visakhapatnam,17.83839,83.17296,2025-06-29 22:49:08,31.111,1.111,1.757,21.829,0,none,SYNTHETIC_DEMO_DATA
1484,Odisha Coast,19.69167,85.70335,2025-06-30 01:43:59,29.273,-1.227,2.732,21.63,0,none,SYNTHETIC_DEMO_DATA
1485,Kerala Coast,9.98491,76.3687,2025-06-30 04:38:50,29.99,0.19,3.675,32.941,0,none,SYNTHETIC_DEMO_DATA
1486,Andaman & Nicobar,11.9596,92.96035,2025-06-30 07:33:41,30.616,0.116,2.612,25.137,1,cyclonic,SYNTHETIC_DEMO_DATA
1487,Odisha Coast,19.51977,85.63494,2025-06-30 10:28:32,31.868,1.368,2.302,19.53,0,none,SYNTHETIC_DEMO_DATA
1488,Sundarbans,21.69377,89.38448,2025-06-30 13:23:23,28.086,-1.614,2.192,17.656,1,cyclonic,SYNTHETIC_DEMO_DATA
1489,Odisha Coast,19.47912,85.72494,2025-06-30 16:18:14,29.714,-0.786,2.959,20.742,1,cyclonic,SYNTHETIC_DEMO_DATA
1490,Mumbai Coast,19.08173,72.94415,2025-06-30 19:13:05,29.864,0.364,3.638,28.316,1,anticyclonic,SYNTHETIC_DEMO_DATA
1491,Visakhapatnam,17.67093,82.98298,2025-06-30 22:07:56,30.319,0.319,2.891,19.676,0,none,SYNTHETIC_DEMO_DATA
1492,Kerala Coast,9.95918,76.2111,2025-07-01 01:02:47,30.626,1.027,2.382,22.098,0,none,SYNTHETIC_DEMO_DATA
1493,Sundarbans,22.15102,89.42066,2025-07-01 03:57:38,28.953,-0.546,2.975,20.843,0,none,SYNTHETIC_DEMO_DATA
1494,Chennai Coast,13.0803,80.12028,2025-07-01 06:52:29,29.949,-0.55,2.372,22.214,0,none,SYNTHETIC_DEMO_DATA
1495,Kerala Coast,10.14155,76.75429,2025-07-01 09:47:20,29.197,-0.402,2.682,22.491,1,anticyclonic,SYNTHETIC_DEMO_DATA
1496,Kerala Coast,9.92174,76.05926,2025-07-01 12:42:12,27.66,-1.939,2.502,24.448,1,cyclonic,SYNTHETIC_DEMO_DATA
1497,Mumbai Coast,18.57946,72.7012,2025-07-01 15:37:03,30.054,0.755,2.747,18.829,1,anticyclonic,SYNTHETIC_DEMO_DATA
1498,Goa Coast,15.46843,73.96617,2025-07-01 18:31:54,29.354,-0.145,2.314,17.738,1,anticyclonic,SYNTHETIC_DEMO_DATA
1499,Kerala Coast,9.92356,75.9571,2025-07-01 21:26:45,28.766,-0.833,2.818,25.608,1,anticyclonic,SYNTHETIC_DEMO_DATA
1500,Andaman & Nicobar,11.47184,92.57785,2025-07-02 00:21:36,30.165,-0.134,3.04,27.185,1,anticyclonic,SYNTHETIC_DEMO_DATA
1501,Mumbai Coast,18.86593,72.68181,2025-07-02 03:16:27,29.404,0.105,2.783,20.972,0,none,SYNTHETIC_DEMO_DATA
1502,Visakhapatnam,17.42698,83.66807,2025-07-02 06:11:18,29.836,0.037,1.909,17.167,0,none,SYNTHETIC_DEMO_DATA
1503,Visakhapatnam,17.36515,82.85555,2025-07-02 09:06:09,28.373,-1.426,2.829,20.474,1,anticyclonic,SYNTHETIC_DEMO_DATA
1504,Chennai Coast,13.13489,80.35764,2025-07-02 12:01:00,30.841,0.342,2.064,16.689,1,cyclonic,SYNTHETIC_DEMO_DATA
1505,Mumbai Coast,19.25009,72.6383,2025-07-02 14:55:51,28.79,-0.51,2.745,24.192,1,anticyclonic,SYNTHETIC_DEMO_DATA
1506,Visakhapatnam,17.77047,83.41156,2025-07-02 17:50:42,28.111,-1.688,2.018,13.374,0,none,SYNTHETIC_DEMO_DATA
1507,Lakshadweep,10.3789,72.71914,2025-07-02 20:45:33,30.755,0.956,2.416,17.125,0,none,SYNTHETIC_DEMO_DATA
1508,Kerala Coast,9.74734,76.1784,2025-07-02 23:40:24,28.544,-1.055,3.504,27.686,0,none,SYNTHETIC_DEMO_DATA
1509,Andaman & Nicobar,11.27763,92.78864,2025-07-03 02:35:15,31.233,0.934,2.846,21.551,0,none,SYNTHETIC_DEMO_DATA
1510,Gujarat Coast,22.09971,69.57216,2025-07-03 05:30:06,28.919,0.12,1.906,15.42,1,anticyclonic,SYNTHETIC_DEMO_DATA
1511,Chennai Coast,12.82732,80.12736,2025-07-03 08:24:57,31.142,0.643,1.904,18.106,1,anticyclonic,SYNTHETIC_DEMO_DATA
1512,Visakhapatnam,17.70213,83.14688,2025-07-03 11:19:48,29.032,-0.767,2.181,21.875,1,cyclonic,SYNTHETIC_DEMO_DATA
1513,Goa Coast,15.21615,73.96327,2025-07-03 14:14:40,29.501,0.002,3.133,20.249,1,cyclonic,SYNTHETIC_DEMO_DATA
1514,Chennai Coast,13.13957,80.21148,2025-07-03 17:09:31,30.535,0.036,1.895,18.605,0,none,SYNTHETIC_DEMO_DATA
1515,Visakhapatnam,17.39702,83.31402,2025-07-03 20:04:22,30.024,0.225,2.715,22.474,0,none,SYNTHETIC_DEMO_DATA
1516,Lakshadweep,10.38201,72.55332,2025-07-03 22:59:13,29.119,-0.68,2.36,16.317,1,anticyclonic,SYNTHETIC_DEMO_DATA
1517,Kerala Coast,9.81836,76.30788,2025-07-04 01:54:04,29.531,-0.068,2.64,28.641,1,cyclonic,SYNTHETIC_DEMO_DATA
1518,Sundarbans,21.81423,89.31249,2025-07-04 04:48:55,31.041,1.542,2.487,21.918,0,none,SYNTHETIC_DEMO_DATA
1519,Kerala Coast,9.794,76.12318,2025-07-04 07:43:46,30.133,0.534,3.216,21.293,1,cyclonic,SYNTHETIC_DEMO_DATA
1520,Kerala Coast,10.10438,76.5424,2025-07-04 10:38:37,29.339,-0.26,2.974,24.073,1,cyclonic,SYNTHETIC_DEMO_DATA
1521,Andaman & Nicobar,11.48564,92.40359,2025-07-04 13:33:28,30.704,0.405,3.356,27.86,1,cyclonic,SYNTHETIC_DEMO_DATA
1522,Goa Coast,15.4085,73.93239,2025-07-04 16:28:19,30.017,0.518,1.87,20.974,0,none,SYNTHETIC_DEMO_DATA
1523,Odisha Coast,19.75009,85.90749,2025-07-04 19:23:10,29.78,-0.519,2.582,18.266,0,none,SYNTHETIC_DEMO_DATA
1524,Odisha Coast,19.6979,85.50018,2025-07-04 22:18:01,31.995,1.696,2.56,23.405,1,anticyclonic,SYNTHETIC_DEMO_DATA
1525,Gujarat Coast,22.3342,69.80541,2025-07-05 01:12:52,29.11,0.311,2.685,19.946,0,none,SYNTHETIC_DEMO_DATA
1526,Sundarbans,22.06133,89.11589,2025-07-05 04:07:43,29.574,0.075,2.975,20.251,1,cyclonic,SYNTHETIC_DEMO_DATA
1527,Chennai Coast,13.15708,80.49127,2025-07-05 07:02:34,29.728,-0.771,2.378,17.763,0,none,SYNTHETIC_DEMO_DATA
1528,Odisha Coast,19.91011,85.85458,2025-07-05 09:57:25,30.112,-0.187,3.201,21.855,0,none,SYNTHETIC_DEMO_DATA
1529,Sundarbans,21.99538,89.26278,2025-07-05 12:52:16,29.031,-0.468,2.208,23.287,1,cyclonic,SYNTHETIC_DEMO_DATA
1530,Lakshadweep,10.47248,72.85619,2025-07-05 15:47:08,30.647,0.848,2.893,19.358,1,cyclonic,SYNTHETIC_DEMO_DATA
1531,Sundarbans,22.16726,89.15137,2025-07-05 18:41:59,30.609,1.11,2.437,21.185,0,none,SYNTHETIC_DEMO_DATA
1532,Sundarbans,21.78563,88.82923,2025-07-05 21:36:50,28.563,-0.936,2.001,25.531,0,none,SYNTHETIC_DEMO_DATA
1533,Lakshadweep,10.4956,72.55299,2025-07-06 00:31:41,29.143,-0.656,2.07,14.695,1,anticyclonic,SYNTHETIC_DEMO_DATA
1534,Odisha Coast,19.70116,85.59974,2025-07-06 03:26:32,30.071,-0.228,1.737,14.312,1,anticyclonic,SYNTHETIC_DEMO_DATA
1535,Andaman & Nicobar,11.72958,92.44676,2025-07-06 06:21:23,31.085,0.786,2.628,22.144,0,none,SYNTHETIC_DEMO_DATA
1536,Sundarbans,22.05193,89.2677,2025-07-06 09:16:14,30.03,0.531,3.012,24.42,1,cyclonic,SYNTHETIC_DEMO_DATA
1537,Odisha Coast,19.70199,86.01344,2025-07-06 12:11:05,28.814,-1.485,2.363,15.712,1,cyclonic,SYNTHETIC_DEMO_DATA
1538,Odisha Coast,19.88465,85.79332,2025-07-06 15:05:56,30.525,0.226,2.918,21.644,0,none,SYNTHETIC_DEMO_DATA
1539,Goa Coast,15.29099,74.08423,2025-07-06 18:00:47,29.756,0.257,2.953,29.267,1,anticyclonic,SYNTHETIC_DEMO_DATA
1540,Gujarat Coast,22.46222,69.30796,2025-07-06 20:55:38,29.622,0.823,2.285,18.1,1,anticyclonic,SYNTHETIC_DEMO_DATA
1541,Kerala Coast,10.0446,76.25579,2025-07-06 23:50:29,28.433,-1.166,2.937,21.146,0,none,SYNTHETIC_DEMO_DATA
1542,Visakhapatnam,17.73988,83.20542,2025-07-07 02:45:20,30.399,0.6,1.904,14.486,0,none,SYNTHETIC_DEMO_DATA
1543,Sundarbans,21.57804,89.05738,2025-07-07 05:40:11,29.239,-0.26,3.607,31.548,0,none,SYNTHETIC_DEMO_DATA
1544,Mumbai Coast,18.55581,72.67073,2025-07-07 08:35:02,28.424,-0.875,3.398,29.613,0,none,SYNTHETIC_DEMO_DATA
1545,Visakhapatnam,17.27102,83.39877,2025-07-07 11:29:53,29.325,-0.474,2.469,19.639,0,none,SYNTHETIC_DEMO_DATA
1546,Mumbai Coast,19.38285,72.86392,2025-07-07 14:24:44,28.505,-0.794,2.095,22.404,0,none,SYNTHETIC_DEMO_DATA
1547,Gujarat Coast,22.43824,69.87535,2025-07-07 17:19:35,29.824,1.025,1.52,8.534,0,none,SYNTHETIC_DEMO_DATA
1548,Andaman & Nicobar,11.91313,92.53925,2025-07-07 20:14:27,29.809,-0.49,2.164,17.886,0,none,SYNTHETIC_DEMO_DATA
1549,Kerala Coast,10.12053,76.15522,2025-07-07 23:09:18,29.736,0.137,2.171,19.764,0,none,SYNTHETIC_DEMO_DATA
1550,Sundarbans,21.64693,89.32729,2025-07-08 02:04:09,29.591,0.092,2.14,22.925,1,anticyclonic,SYNTHETIC_DEMO_DATA
1551,Visakhapatnam,17.25559,83.08486,2025-07-08 04:59:00,30.842,1.043,1.716,13.4,0,none,SYNTHETIC_DEMO_DATA
1552,Andaman & Nicobar,11.5866,92.45824,2025-07-08 07:53:51,30.839,0.54,3.282,22.066,0,none,SYNTHETIC_DEMO_DATA
1553,Mumbai Coast,18.77151,72.85128,2025-07-08 10:48:42,29.064,-0.235,2.407,19.085,0,none,SYNTHETIC_DEMO_DATA
1554,Gujarat Coast,22.53476,69.21362,2025-07-08 13:43:33,28.914,0.115,2.561,22.408,1,anticyclonic,SYNTHETIC_DEMO_DATA
1555,Kerala Coast,10.1506,76.13414,2025-07-08 16:38:24,29.34,-0.259,2.961,23.827,1,anticyclonic,SYNTHETIC_DEMO_DATA
1556,Odisha Coast,19.89876,86.09376,2025-07-08 19:33:15,30.061,-0.238,3.047,27.401,0,none,SYNTHETIC_DEMO_DATA
1557,Andaman & Nicobar,12.08265,92.57815,2025-07-08 22:28:06,30.573,0.274,1.888,14.091,0,none,SYNTHETIC_DEMO_DATA
1558,Goa Coast,15.77396,74.09888,2025-07-09 01:22:57,28.847,-0.652,2.439,17.614,1,cyclonic,SYNTHETIC_DEMO_DATA
1559,Lakshadweep,10.637,72.40051,2025-07-09 04:17:48,29.694,-0.105,2.215,21.242,0,none,SYNTHETIC_DEMO_DATA
1560,Andaman & Nicobar,11.62572,92.69116,2025-07-09 07:12:39,29.685,-0.615,1.713,14.068,0,none,SYNTHETIC_DEMO_DATA
1561,Visakhapatnam,17.67209,83.32998,2025-07-09 10:07:30,28.739,-1.06,2.347,21.362,1,cyclonic,SYNTHETIC_DEMO_DATA
1562,Visakhapatnam,17.5558,83.0695,2025-07-09 13:02:21,30.737,0.938,2.798,19.854,1,cyclonic,SYNTHETIC_DEMO_DATA
1563,Visakhapatnam,17.85188,83.21554,2025-07-09 15:57:12,30.891,1.092,1.9,22.643,1,anticyclonic,SYNTHETIC_DEMO_DATA
1564,Lakshadweep,10.81571,72.64213,2025-07-09 18:52:03,29.769,-0.03,3.099,19.919,1,cyclonic,SYNTHETIC_DEMO_DATA
1565,Mumbai Coast,19.03213,72.73849,2025-07-09 21:46:55,28.818,-0.481,2.504,23.336,0,none,SYNTHETIC_DEMO_DATA
1566,Kerala Coast,9.83605,76.16938,2025-07-10 00:41:46,28.904,-0.696,3.224,26.28,0,none,SYNTHETIC_DEMO_DATA
1567,Lakshadweep,10.61984,72.82629,2025-07-10 03:36:37,29.559,-0.24,3.014,23.604,0,none,SYNTHETIC_DEMO_DATA
1568,Gujarat Coast,22.31991,69.76709,2025-07-10 06:31:28,29.123,0.324,2.778,20.855,0,none,SYNTHETIC_DEMO_DATA
1569,Lakshadweep,10.48084,72.49082,2025-07-10 09:26:19,29.375,-0.424,2.405,10.735,0,none,SYNTHETIC_DEMO_DATA
1570,Lakshadweep,10.76559,72.92602,2025-07-10 12:21:10,29.901,0.102,2.853,23.979,0,none,SYNTHETIC_DEMO_DATA
1571,Sundarbans,21.99305,89.21364,2025-07-10 15:16:01,29.232,-0.267,2.174,20.763,1,anticyclonic,SYNTHETIC_DEMO_DATA
1572,Chennai Coast,12.45963,80.4476,2025-07-10 18:10:52,29.997,-0.502,1.903,23.177,0,none,SYNTHETIC_DEMO_DATA
1573,Goa Coast,15.51935,73.7999,2025-07-10 21:05:43,29.44,-0.059,2.92,26.395,0,none,SYNTHETIC_DEMO_DATA
1574,Andaman & Nicobar,11.65179,92.55168,2025-07-11 00:00:34,31.129,0.83,2.535,19.794,0,none,SYNTHETIC_DEMO_DATA
1575,Odisha Coast,20.15647,85.70467,2025-07-11 02:55:25,29.999,-0.3,2.531,20.39,0,none,SYNTHETIC_DEMO_DATA
1576,Chennai Coast,13.4521,79.74762,2025-07-11 05:50:16,30.562,0.063,2.185,15.899,0,none,SYNTHETIC_DEMO_DATA
1577,Mumbai Coast,19.08462,73.09361,2025-07-11 08:45:07,30.52,1.221,2.392,21.016,0,none,SYNTHETIC_DEMO_DATA
1578,Goa Coast,15.39756,73.96049,2025-07-11 11:39:58,29.5,0.001,2.032,22.375,0,none,SYNTHETIC_DEMO_DATA
1579,Odisha Coast,19.89241,85.47797,2025-07-11 14:34:49,30.68,0.381,2.65,20.376,1,anticyclonic,SYNTHETIC_DEMO_DATA
1580,Gujarat Coast,22.36335,69.69834,2025-07-11 17:29:40,28.341,-0.458,1.84,16.055,0,none,SYNTHETIC_DEMO_DATA
1581,Visakhapatnam,17.54668,83.61467,2025-07-11 20:24:31,29.616,-0.183,2.751,24.15,1,cyclonic,SYNTHETIC_DEMO_DATA
1582,Visakhapatnam,17.75988,83.18507,2025-07-11 23:19:23,28.749,-1.05,2.093,21.131,0,none,SYNTHETIC_DEMO_DATA
1583,Mumbai Coast,19.12159,72.7106,2025-07-12 02:14:14,29.523,0.224,2.464,17.237,1,cyclonic,SYNTHETIC_DEMO_DATA
1584,Kerala Coast,10.24275,76.52321,2025-07-12 05:09:05,29.434,-0.165,2.219,25.083,0,none,SYNTHETIC_DEMO_DATA
1585,Gujarat Coast,22.29915,69.78477,2025-07-12 08:03:56,28.844,0.045,2.468,21.601,0,none,SYNTHETIC_DEMO_DATA
1586,Chennai Coast,13.09364,79.95511,2025-07-12 10:58:47,31.874,1.375,1.922,17.465,0,none,SYNTHETIC_DEMO_DATA
1587,Andaman & Nicobar,11.72367,92.56592,2025-07-12 13:53:38,31.149,0.85,2.604,21.029,0,none,SYNTHETIC_DEMO_DATA
1588,Sundarbans,22.11721,89.38415,2025-07-12 16:48:29,30.139,0.64,2.202,16.031,0,none,SYNTHETIC_DEMO_DATA
1589,Andaman & Nicobar,11.8811,92.65981,2025-07-12 19:43:20,30.032,-0.267,3.294,29.767,0,none,SYNTHETIC_DEMO_DATA
1590,Sundarbans,21.92114,89.48216,2025-07-12 22:38:11,29.497,-0.002,2.514,23.826,0,none,SYNTHETIC_DEMO_DATA
1591,Goa Coast,15.63506,73.52655,2025-07-13 01:33:02,30.346,0.847,2.56,14.751,0,none,SYNTHETIC_DEMO_DATA
1592,Chennai Coast,13.03298,80.50319,2025-07-13 04:27:53,29.84,-0.659,2.393,18.881,0,none,SYNTHETIC_DEMO_DATA
1593,Chennai Coast,12.74219,80.02998,2025-07-13 07:22:44,30.415,-0.084,2.513,19.532,0,none,SYNTHETIC_DEMO_DATA
1594,Sundarbans,21.85707,89.22806,2025-07-13 10:17:35,29.329,-0.17,2.373,16.46,1,anticyclonic,SYNTHETIC_DEMO_DATA
1595,Goa Coast,15.51037,73.87818,2025-07-13 13:12:26,30.02,0.521,2.584,19.526,0,none,SYNTHETIC_DEMO_DATA
1596,Odisha Coast,20.08203,85.78595,2025-07-13 16:07:17,31.53,1.231,1.982,19.279,1,anticyclonic,SYNTHETIC_DEMO_DATA
1597,Gujarat Coast,22.7136,69.33386,2025-07-13 19:02:08,28.847,0.048,2.698,16.422,0,none,SYNTHETIC_DEMO_DATA
1598,Goa Coast,15.69931,73.80594,2025-07-13 21:56:59,28.718,-0.781,2.996,23.07,0,none,SYNTHETIC_DEMO_DATA
1599,Andaman & Nicobar,11.9218,92.95253,2025-07-14 00:51:51,30.711,0.412,2.523,25.028,1,cyclonic,SYNTHETIC_DEMO_DATA
1600,Goa Coast,15.40205,73.87051,2025-07-14 03:46:42,30.273,0.774,2.443,20.135,1,cyclonic,SYNTHETIC_DEMO_DATA
1601,Chennai Coast,13.14358,80.11445,2025-07-14 06:41:33,29.95,-0.55,2.543,17.368,1,cyclonic,SYNTHETIC_DEMO_DATA
1602,Goa Coast,15.56414,73.60463,2025-07-14 09:36:24,29.069,-0.43,2.231,20.279,1,anticyclonic,SYNTHETIC_DEMO_DATA
1603,Andaman & Nicobar,11.99415,92.62647,2025-07-14 12:31:15,31.469,1.17,2.395,18.371,1,cyclonic,SYNTHETIC_DEMO_DATA
1604,Chennai Coast,13.01654,80.22046,2025-07-14 15:26:06,29.793,-0.706,2.1,16.659,0,none,SYNTHETIC_DEMO_DATA
1605,Odisha Coast,20.00728,85.49221,2025-07-14 18:20:57,28.872,-1.427,2.339,17.17,1,anticyclonic,SYNTHETIC_DEMO_DATA
1606,Andaman & Nicobar,11.70843,92.66519,2025-07-14 21:15:48,30.115,-0.184,3.012,21.039,0,none,SYNTHETIC_DEMO_DATA
1607,Odisha Coast,19.58724,85.91278,2025-07-15 00:10:39,30.825,0.526,2.234,22.97,1,cyclonic,SYNTHETIC_DEMO_DATA
1608,Mumbai Coast,19.07422,72.68468,2025-07-15 03:05:30,29.78,0.481,2.807,25.113,0,none,SYNTHETIC_DEMO_DATA
1609,Visakhapatnam,17.86922,83.49168,2025-07-15 06:00:21,30.697,0.898,2.631,16.133,0,none,SYNTHETIC_DEMO_DATA
1610,Odisha Coast,19.86666,85.96594,2025-07-15 08:55:12,30.964,0.665,2.323,20.493,0,none,SYNTHETIC_DEMO_DATA
1611,Goa Coast,15.38634,73.88035,2025-07-15 11:50:03,29.601,0.102,2.822,19.564,0,none,SYNTHETIC_DEMO_DATA
1612,Odisha Coast,19.91157,85.83816,2025-07-15 14:44:54,31.419,1.12,2.708,24.603,1,anticyclonic,SYNTHETIC_DEMO_DATA
1613,Gujarat Coast,22.29726,69.06303,2025-07-15 17:39:45,28.83,0.031,2.226,11.859,1,cyclonic,SYNTHETIC_DEMO_DATA
1614,Gujarat Coast,22.39244,69.53478,2025-07-15 20:34:36,28.768,-0.031,2.746,18.207,0,none,SYNTHETIC_DEMO_DATA
1615,Sundarbans,22.41389,88.99432,2025-07-15 23:29:27,30.163,0.664,3.167,19.806,0,none,SYNTHETIC_DEMO_DATA
1616,Odisha Coast,19.77788,86.11292,2025-07-16 02:24:19,30.088,-0.211,2.324,14.232,0,none,SYNTHETIC_DEMO_DATA
1617,Goa Coast,15.33169,74.24061,2025-07-16 05:19:10,28.574,-0.926,2.14,19.123,0,none,SYNTHETIC_DEMO_DATA
1618,Mumbai Coast,18.88334,73.11445,2025-07-16 08:14:01,29.413,0.114,2.649,20.744,0,none,SYNTHETIC_DEMO_DATA
1619,Odisha Coast,19.70609,86.2516,2025-07-16 11:08:52,30.755,0.456,2.254,17.218,0,none,SYNTHETIC_DEMO_DATA
1620,Lakshadweep,10.54632,72.59179,2025-07-16 14:03:43,29.645,-0.154,1.754,18.412,1,cyclonic,SYNTHETIC_DEMO_DATA
1621,Visakhapatnam,17.8702,83.51472,2025-07-16 16:58:34,29.367,-0.432,2.851,21.914,0,none,SYNTHETIC_DEMO_DATA
1622,Sundarbans,21.90027,89.04177,2025-07-16 19:53:25,29.459,-0.04,2.834,25.234,0,none,SYNTHETIC_DEMO_DATA
1623,Lakshadweep,10.38297,72.36276,2025-07-16 22:48:16,28.086,-1.713,2.664,18.225,1,anticyclonic,SYNTHETIC_DEMO_DATA
1624,Sundarbans,21.86248,88.95298,2025-07-17 01:43:07,29.716,0.217,2.41,28.315,0,none,SYNTHETIC_DEMO_DATA
1625,Mumbai Coast,19.06509,72.61082,2025-07-17 04:37:58,29.275,-0.024,2.868,25.394,1,anticyclonic,SYNTHETIC_DEMO_DATA
1626,Lakshadweep,10.8872,72.41706,2025-07-17 07:32:49,30.775,0.976,2.474,18.777,1,anticyclonic,SYNTHETIC_DEMO_DATA
1627,Mumbai Coast,18.68446,72.60792,2025-07-17 10:27:40,30.093,0.794,2.631,20.006,1,anticyclonic,SYNTHETIC_DEMO_DATA
1628,Mumbai Coast,19.19933,72.62055,2025-07-17 13:22:31,30.116,0.817,2.928,27.702,0,none,SYNTHETIC_DEMO_DATA
1629,Chennai Coast,12.90016,80.40352,2025-07-17 16:17:22,30.775,0.276,2.722,30.729,0,none,SYNTHETIC_DEMO_DATA
1630,Odisha Coast,19.66889,85.65492,2025-07-17 19:12:13,29.398,-0.901,2.892,21.783,0,none,SYNTHETIC_DEMO_DATA
1631,Mumbai Coast,18.86184,72.7252,2025-07-17 22:07:04,27.925,-1.374,2.786,21.173,0,none,SYNTHETIC_DEMO_DATA
1632,Andaman & Nicobar,11.68076,92.66899,2025-07-18 01:01:55,30.544,0.245,2.004,14.92,0,none,SYNTHETIC_DEMO_DATA
1633,Sundarbans,21.92981,89.23465,2025-07-18 03:56:47,29.865,0.366,1.642,15.927,0,none,SYNTHETIC_DEMO_DATA
1634,Andaman & Nicobar,11.60215,92.53365,2025-07-18 06:51:38,29.991,-0.308,2.96,23.406,1,anticyclonic,SYNTHETIC_DEMO_DATA
1635,Kerala Coast,9.88289,76.14652,2025-07-18 09:46:29,29.539,-0.06,2.378,23.035,1,anticyclonic,SYNTHETIC_DEMO_DATA
1636,Mumbai Coast,18.90036,72.70474,2025-07-18 12:41:20,30.651,1.352,2.38,19.475,0,none,SYNTHETIC_DEMO_DATA
1637,Odisha Coast,19.91676,85.92497,2025-07-18 15:36:11,30.684,0.385,2.416,21.862,1,cyclonic,SYNTHETIC_DEMO_DATA
1638,Gujarat Coast,22.12414,69.62005,2025-07-18 18:31:02,28.655,-0.144,2.379,13.684,1,anticyclonic,SYNTHETIC_DEMO_DATA
1639,Odisha Coast,19.73429,85.79105,2025-07-18 21:25:53,30.065,-0.234,1.986,17.98,1,cyclonic,SYNTHETIC_DEMO_DATA
1640,Visakhapatnam,17.8151,83.24586,2025-07-19 00:20:44,30.934,1.135,3.087,22.774,1,cyclonic,SYNTHETIC_DEMO_DATA
1641,Goa Coast,15.25298,74.14777,2025-07-19 03:15:35,29.763,0.264,2.344,16.73,1,cyclonic,SYNTHETIC_DEMO_DATA
1642,Sundarbans,22.36897,89.17711,2025-07-19 06:10:26,28.61,-0.889,3.149,23.986,0,none,SYNTHETIC_DEMO_DATA
1643,Kerala Coast,9.68834,76.40447,2025-07-19 09:05:17,29.415,-0.184,2.634,24.676,0,none,SYNTHETIC_DEMO_DATA
1644,Mumbai Coast,18.67997,72.90273,2025-07-19 12:00:08,30.198,0.899,2.446,16.359,0,none,SYNTHETIC_DEMO_DATA
1645,Odisha Coast,19.70622,86.01506,2025-07-19 14:54:59,30.616,0.316,2.009,18.805,0,none,SYNTHETIC_DEMO_DATA
1646,Visakhapatnam,17.77053,83.34439,2025-07-19 17:49:50,29.331,-0.468,2.979,18.644,1,anticyclonic,SYNTHETIC_DEMO_DATA
1647,Chennai Coast,13.23527,79.62265,2025-07-19 20:44:41,31.281,0.782,2.155,16.834,1,cyclonic,SYNTHETIC_DEMO_DATA
1648,Gujarat Coast,22.2106,69.62685,2025-07-19 23:39:32,29.087,0.288,1.831,18.897,0,none,SYNTHETIC_DEMO_DATA
1649,Lakshadweep,10.72841,72.73466,2025-07-20 02:34:23,29.861,0.062,2.377,20.01,1,anticyclonic,SYNTHETIC_DEMO_DATA
1650,Andaman & Nicobar,11.66917,92.69488,2025-07-20 05:29:14,31.847,1.548,2.782,14.954,1,anticyclonic,SYNTHETIC_DEMO_DATA
1651,Odisha Coast,20.07845,86.08749,2025-07-20 08:24:06,30.239,-0.06,2.993,27.28,1,anticyclonic,SYNTHETIC_DEMO_DATA
1652,Sundarbans,22.16867,89.25563,2025-07-20 11:18:57,29.12,-0.379,2.893,23.418,0,none,SYNTHETIC_DEMO_DATA
1653,Sundarbans,21.88933,89.09714,2025-07-20 14:13:48,28.099,-1.4,2.023,20.915,1,anticyclonic,SYNTHETIC_DEMO_DATA
1654,Mumbai Coast,18.91427,72.84408,2025-07-20 17:08:39,29.053,-0.246,1.791,16.231,0,none,SYNTHETIC_DEMO_DATA
1655,Odisha Coast,19.84577,85.76274,2025-07-20 20:03:30,29.612,-0.687,3.426,25.281,0,none,SYNTHETIC_DEMO_DATA
1656,Visakhapatnam,17.59114,83.25727,2025-07-20 22:58:21,31.241,1.442,2.484,25.49,0,none,SYNTHETIC_DEMO_DATA
1657,Andaman & Nicobar,11.41583,93.00246,2025-07-21 01:53:12,29.195,-1.104,2.869,18.028,1,cyclonic,SYNTHETIC_DEMO_DATA
1658,Andaman & Nicobar,11.53983,92.63343,2025-07-21 04:48:03,31.314,1.015,2.477,14.416,1,cyclonic,SYNTHETIC_DEMO_DATA
1659,Andaman & Nicobar,11.47665,92.63748,2025-07-21 07:42:54,30.372,0.073,3.276,21.765,0,none,SYNTHETIC_DEMO_DATA
1660,Visakhapatnam,17.77959,83.49621,2025-07-21 10:37:45,28.225,-1.574,2.503,15.617,0,none,SYNTHETIC_DEMO_DATA
1661,Gujarat Coast,22.31245,69.57035,2025-07-21 13:32:36,28.901,0.102,2.718,21.644,1,anticyclonic,SYNTHETIC_DEMO_DATA
1662,Gujarat Coast,22.41021,69.49063,2025-07-21 16:27:27,28.302,-0.497,0.809,10.609,0,none,SYNTHETIC_DEMO_DATA
1663,Odisha Coast,19.54279,85.83563,2025-07-21 19:22:18,30.19,-0.109,3.226,29.271,0,none,SYNTHETIC_DEMO_DATA
1664,Mumbai Coast,19.1101,72.97859,2025-07-21 22:17:09,27.827,-1.472,2.375,20.88,1,cyclonic,SYNTHETIC_DEMO_DATA
1665,Mumbai Coast,19.08841,73.11446,2025-07-22 01:12:00,28.689,-0.61,1.595,19.323,0,none,SYNTHETIC_DEMO_DATA
1666,Chennai Coast,13.58357,80.12769,2025-07-22 04:06:51,32.284,1.785,1.459,14.674,1,anticyclonic,SYNTHETIC_DEMO_DATA
1667,Goa Coast,15.5355,74.09791,2025-07-22 07:01:42,29.608,0.109,2.185,19.269,0,none,SYNTHETIC_DEMO_DATA
1668,Gujarat Coast,22.57436,69.23686,2025-07-22 09:56:34,29.386,0.587,3.106,18.993,0,none,SYNTHETIC_DEMO_DATA
1669,Mumbai Coast,19.01091,72.69723,2025-07-22 12:51:25,29.31,0.011,2.666,19.054,1,cyclonic,SYNTHETIC_DEMO_DATA
1670,Goa Coast,15.39126,73.7643,2025-07-22 15:46:16,30.505,1.006,2.204,21.356,0,none,SYNTHETIC_DEMO_DATA
1671,Goa Coast,15.54493,73.6728,2025-07-22 18:41:07,30.025,0.526,2.688,19.232,0,none,SYNTHETIC_DEMO_DATA
1672,Mumbai Coast,18.48201,72.95868,2025-07-22 21:35:58,27.963,-1.336,2.558,22.094,1,cyclonic,SYNTHETIC_DEMO_DATA
1673,Visakhapatnam,17.69444,82.97986,2025-07-23 00:30:49,30.502,0.703,1.794,17.574,0,none,SYNTHETIC_DEMO_DATA
1674,Goa Coast,15.35678,74.00055,2025-07-23 03:25:40,28.032,-1.467,2.873,25.874,1,anticyclonic,SYNTHETIC_DEMO_DATA
1675,Goa Coast,15.17256,73.68969,2025-07-23 06:20:31,29.363,-0.136,2.389,18.36,0,none,SYNTHETIC_DEMO_DATA
1676,Lakshadweep,10.58466,72.46957,2025-07-23 09:15:22,29.529,-0.27,1.439,12.9,0,none,SYNTHETIC_DEMO_DATA
1677,Odisha Coast,19.81423,85.81783,2025-07-23 12:10:13,31.129,0.83,2.648,15.61,0,none,SYNTHETIC_DEMO_DATA
1678,Kerala Coast,9.81158,76.01292,2025-07-23 15:05:04,28.927,-0.672,3.58,21.451,1,cyclonic,SYNTHETIC_DEMO_DATA
1679,Lakshadweep,10.32591,72.50601,2025-07-23 17:59:55,30.059,0.26,1.956,18.765,0,none,SYNTHETIC_DEMO_DATA
1680,Mumbai Coast,19.1608,73.0349,2025-07-23 20:54:46,29.104,-0.195,2.541,20.567,0,none,SYNTHETIC_DEMO_DATA
1681,Lakshadweep,10.77926,72.73407,2025-07-23 23:49:37,30.09,0.291,2.953,19.428,0,none,SYNTHETIC_DEMO_DATA
1682,Sundarbans,21.74259,89.17826,2025-07-24 02:44:28,28.847,-0.652,2.939,22.155,1,anticyclonic,SYNTHETIC_DEMO_DATA
1683,Sundarbans,21.78622,89.57101,2025-07-24 05:39:19,30.113,0.614,2.432,18.147,0,none,SYNTHETIC_DEMO_DATA
1684,Goa Coast,15.58267,73.80792,2025-07-24 08:34:10,30.365,0.866,2.527,27.778,0,none,SYNTHETIC_DEMO_DATA
1685,Chennai Coast,13.22994,80.17877,2025-07-24 11:29:02,30.299,-0.2,2.413,24.652,1,cyclonic,SYNTHETIC_DEMO_DATA
1686,Mumbai Coast,19.10115,72.90195,2025-07-24 14:23:53,30.852,1.553,3.163,24.765,1,cyclonic,SYNTHETIC_DEMO_DATA
1687,Kerala Coast,9.68912,76.53239,2025-07-24 17:18:44,29.36,-0.239,2.779,22.995,1,anticyclonic,SYNTHETIC_DEMO_DATA
1688,Kerala Coast,9.84597,76.28169,2025-07-24 20:13:35,30.184,0.585,2.3,22.123,0,none,SYNTHETIC_DEMO_DATA
1689,Lakshadweep,10.46771,72.67206,2025-07-24 23:08:26,29.442,-0.357,2.344,20.888,1,anticyclonic,SYNTHETIC_DEMO_DATA
1690,Sundarbans,21.92081,89.29929,2025-07-25 02:03:17,30.332,0.833,2.589,26.948,0,none,SYNTHETIC_DEMO_DATA
1691,Goa Coast,15.77392,73.94569,2025-07-25 04:58:08,30.293,0.794,1.693,17.087,0,none,SYNTHETIC_DEMO_DATA
1692,Andaman & Nicobar,11.99612,92.66255,2025-07-25 07:52:59,29.859,-0.44,2.49,17.285,0,none,SYNTHETIC_DEMO_DATA
1693,Gujarat Coast,22.26194,69.60945,2025-07-25 10:47:50,29.879,1.08,2.447,22.01,0,none,SYNTHETIC_DEMO_DATA
1694,Chennai Coast,13.08389,80.25972,2025-07-25 13:42:41,30.685,0.186,3.144,19.636,0,none,SYNTHETIC_DEMO_DATA
1695,Odisha Coast,19.68544,85.67057,2025-07-25 16:37:32,29.69,-0.609,2.869,15.055,1,cyclonic,SYNTHETIC_DEMO_DATA
1696,Gujarat Coast,22.15834,69.48989,2025-07-25 19:32:23,29.292,0.493,2.425,13.781,0,none,SYNTHETIC_DEMO_DATA
1697,Kerala Coast,10.11617,76.4257,2025-07-25 22:27:14,31.355,1.756,3.402,22.729,0,none,SYNTHETIC_DEMO_DATA
1698,Odisha Coast,19.55582,85.9029,2025-07-26 01:22:05,29.348,-0.951,2.085,19.492,0,none,SYNTHETIC_DEMO_DATA
1699,Chennai Coast,12.95316,80.29154,2025-07-26 04:16:56,31.705,1.206,2.164,24.603,1,anticyclonic,SYNTHETIC_DEMO_DATA
1700,Lakshadweep,10.54004,72.62071,2025-07-26 07:11:47,29.797,-0.002,2.999,21.172,1,anticyclonic,SYNTHETIC_DEMO_DATA
1701,Visakhapatnam,17.80103,83.13039,2025-07-26 10:06:38,28.808,-0.991,2.002,17.611,0,none,SYNTHETIC_DEMO_DATA
1702,Odisha Coast,20.00437,85.79996,2025-07-26 13:01:30,30.176,-0.123,1.266,12.931,0,none,SYNTHETIC_DEMO_DATA
1703,Gujarat Coast,22.45898,69.52354,2025-07-26 15:56:21,29.732,0.933,1.724,10.622,0,none,SYNTHETIC_DEMO_DATA
1704,Odisha Coast,19.94096,85.88553,2025-07-26 18:51:12,28.558,-1.741,2.852,22.289,1,cyclonic,SYNTHETIC_DEMO_DATA
1705,Lakshadweep,10.43403,72.54484,2025-07-26 21:46:03,30.815,1.016,2.8,28.644,0,none,SYNTHETIC_DEMO_DATA
1706,Andaman & Nicobar,11.48434,92.91177,2025-07-27 00:40:54,30.717,0.418,2.697,14.42,0,none,SYNTHETIC_DEMO_DATA
1707,Lakshadweep,10.64502,72.62431,2025-07-27 03:35:45,28.478,-1.321,3.237,19.309,1,cyclonic,SYNTHETIC_DEMO_DATA
1708,Lakshadweep,10.75047,72.61922,2025-07-27 06:30:36,28.885,-0.914,2.133,14.005,0,none,SYNTHETIC_DEMO_DATA
1709,Visakhapatnam,17.39887,83.40426,2025-07-27 09:25:27,30.228,0.429,2.454,24.295,1,cyclonic,SYNTHETIC_DEMO_DATA
1710,Visakhapatnam,17.41832,82.9848,2025-07-27 12:20:18,28.586,-1.214,2.294,19.65,0,none,SYNTHETIC_DEMO_DATA
1711,Chennai Coast,13.50655,79.99867,2025-07-27 15:15:09,31.104,0.605,2.546,24.94,0,none,SYNTHETIC_DEMO_DATA
1712,Kerala Coast,10.1014,76.45807,2025-07-27 18:10:00,28.952,-0.647,2.353,22.955,0,none,SYNTHETIC_DEMO_DATA
1713,Andaman & Nicobar,11.96356,92.84646,2025-07-27 21:04:51,31.378,1.079,3.468,30.313,1,cyclonic,SYNTHETIC_DEMO_DATA
1714,Goa Coast,15.47329,73.72515,2025-07-27 23:59:42,29.936,0.437,2.087,16.644,1,cyclonic,SYNTHETIC_DEMO_DATA
1715,Gujarat Coast,22.37529,69.67912,2025-07-28 02:54:33,28.942,0.143,2.096,17.184,0,none,SYNTHETIC_DEMO_DATA
1716,Andaman & Nicobar,11.95298,92.94779,2025-07-28 05:49:24,30.661,0.362,2.059,15.502,0,none,SYNTHETIC_DEMO_DATA
1717,Gujarat Coast,22.10409,69.49611,2025-07-28 08:44:15,28.256,-0.543,1.902,21.8,0,none,SYNTHETIC_DEMO_DATA
1718,Chennai Coast,12.83794,80.1396,2025-07-28 11:39:06,29.981,-0.518,1.929,20.814,1,cyclonic,SYNTHETIC_DEMO_DATA
1719,Kerala Coast,9.80614,76.20137,2025-07-28 14:33:58,29.369,-0.23,2.567,23.444,0,none,SYNTHETIC_DEMO_DATA
1720,Mumbai Coast,18.81194,72.56841,2025-07-28 17:28:49,29.165,-0.134,2.195,23.322,0,none,SYNTHETIC_DEMO_DATA
1721,Sundarbans,22.09497,88.78066,2025-07-28 20:23:40,31.415,1.916,2.038,19.79,1,cyclonic,SYNTHETIC_DEMO_DATA
1722,Goa Coast,15.44767,73.41725,2025-07-28 23:18:31,28.156,-1.343,2.01,20.155,1,anticyclonic,SYNTHETIC_DEMO_DATA
1723,Gujarat Coast,22.41462,69.60982,2025-07-29 02:13:22,28.957,0.158,3.294,23.917,1,cyclonic,SYNTHETIC_DEMO_DATA
1724,Goa Coast,15.88915,74.10259,2025-07-29 05:08:13,28.905,-0.594,3.039,26.753,0,none,SYNTHETIC_DEMO_DATA
1725,Mumbai Coast,18.80688,72.60488,2025-07-29 08:03:04,28.151,-1.148,2.823,16.749,1,anticyclonic,SYNTHETIC_DEMO_DATA
1726,Goa Coast,15.2949,74.03703,2025-07-29 10:57:55,29.15,-0.349,2.921,21.232,1,anticyclonic,SYNTHETIC_DEMO_DATA
1727,Lakshadweep,10.8557,72.63665,2025-07-29 13:52:46,29.395,-0.404,1.964,21.056,1,anticyclonic,SYNTHETIC_DEMO_DATA
1728,Mumbai Coast,18.72956,72.79949,2025-07-29 16:47:37,30.42,1.121,2.572,26.698,0,none,SYNTHETIC_DEMO_DATA
1729,Kerala Coast,9.89123,75.76205,2025-07-29 19:42:28,30.7,1.101,2.188,26.115,1,anticyclonic,SYNTHETIC_DEMO_DATA
1730,Odisha Coast,19.69128,85.6455,2025-07-29 22:37:19,28.884,-1.415,1.866,21.42,1,cyclonic,SYNTHETIC_DEMO_DATA
1731,Goa Coast,15.6537,74.04734,2025-07-30 01:32:10,29.593,0.094,2.672,19.038,0,none,SYNTHETIC_DEMO_DATA
1732,Lakshadweep,10.66735,72.5542,2025-07-30 04:27:01,28.31,-1.489,2.8,22.907,0,none,SYNTHETIC_DEMO_DATA
1733,Gujarat Coast,22.30646,69.43398,2025-07-30 07:21:52,28.049,-0.75,1.642,13.072,1,cyclonic,SYNTHETIC_DEMO_DATA
1734,Andaman & Nicobar,11.47634,92.43843,2025-07-30 10:16:43,30.617,0.318,2.199,23.68,0,none,SYNTHETIC_DEMO_DATA
1735,Andaman & Nicobar,12.09547,92.59171,2025-07-30 13:11:34,29.097,-1.202,2.26,18.034,1,cyclonic,SYNTHETIC_DEMO_DATA
1736,Goa Coast,15.79814,73.69346,2025-07-30 16:06:25,29.133,-0.366,3.071,23.118,0,none,SYNTHETIC_DEMO_DATA
1737,Mumbai Coast,19.1501,72.97574,2025-07-30 19:01:17,29.943,0.644,2.318,20.266,1,anticyclonic,SYNTHETIC_DEMO_DATA
1738,Sundarbans,22.01284,89.3917,2025-07-30 21:56:08,29.782,0.283,3.182,21.521,0,none,SYNTHETIC_DEMO_DATA
1739,Sundarbans,21.99405,89.34105,2025-07-31 00:50:59,30.448,0.949,2.209,21.792,1,cyclonic,SYNTHETIC_DEMO_DATA
1740,Visakhapatnam,18.14153,83.45825,2025-07-31 03:45:50,31.812,2.013,3.569,23.618,0,none,SYNTHETIC_DEMO_DATA
1741,Kerala Coast,10.20969,76.53985,2025-07-31 06:40:41,31.061,1.462,3.003,25.83,0,none,SYNTHETIC_DEMO_DATA
1742,Goa Coast,15.16255,73.95543,2025-07-31 09:35:32,30.748,1.249,2.486,20.711,0,none,SYNTHETIC_DEMO_DATA
1743,Kerala Coast,9.71037,76.24786,2025-07-31 12:30:23,29.723,0.123,2.822,26.56,0,none,SYNTHETIC_DEMO_DATA
1744,Sundarbans,21.67477,89.10694,2025-07-31 15:25:14,29.761,0.262,3.054,26.641,0,none,SYNTHETIC_DEMO_DATA
1745,Visakhapatnam,17.68596,83.15723,2025-07-31 18:20:05,29.878,0.079,2.187,24.828,1,cyclonic,SYNTHETIC_DEMO_DATA
1746,Lakshadweep,10.28367,72.75805,2025-07-31 21:14:56,27.508,-2.291,1.416,15.529,0,none,SYNTHETIC_DEMO_DATA
1747,Lakshadweep,10.71322,72.48297,2025-08-01 00:09:47,30.51,1.26,1.214,16.159,1,anticyclonic,SYNTHETIC_DEMO_DATA
1748,Chennai Coast,13.10021,80.37159,2025-08-01 03:04:38,29.317,-0.633,1.76,15.174,0,none,SYNTHETIC_DEMO_DATA
1749,Andaman & Nicobar,11.64678,92.74647,2025-08-01 05:59:29,30.695,0.945,2.65,16.228,0,none,SYNTHETIC_DEMO_DATA
1750,Goa Coast,15.3288,73.70802,2025-08-01 08:54:20,29.248,0.298,2.749,25.068,0,none,SYNTHETIC_DEMO_DATA
1751,Lakshadweep,10.32568,72.64485,2025-08-01 11:49:11,29.02,-0.23,2.283,20.5,0,none,SYNTHETIC_DEMO_DATA
1752,Andaman & Nicobar,11.87866,92.56498,2025-08-01 14:44:02,29.816,0.066,2.251,22.621,1,anticyclonic,SYNTHETIC_DEMO_DATA
1753,Gujarat Coast,22.10488,69.7063,2025-08-01 17:38:53,27.521,-0.729,2.368,23.918,0,none,SYNTHETIC_DEMO_DATA
1754,Chennai Coast,13.16417,80.42616,2025-08-01 20:33:45,30.674,0.724,2.099,19.121,1,cyclonic,SYNTHETIC_DEMO_DATA
1755,Gujarat Coast,22.28604,69.87528,2025-08-01 23:28:36,27.969,-0.281,2.308,20.889,0,none,SYNTHETIC_DEMO_DATA
1756,Chennai Coast,12.88818,80.56091,2025-08-02 02:23:27,29.182,-0.768,2.069,24.07,1,anticyclonic,SYNTHETIC_DEMO_DATA
1757,Chennai Coast,12.99734,80.40805,2025-08-02 05:18:18,28.352,-1.598,2.386,22.76,0,none,SYNTHETIC_DEMO_DATA
1758,Gujarat Coast,21.96833,69.91149,2025-08-02 08:13:09,27.688,-0.562,2.407,15.635,1,anticyclonic,SYNTHETIC_DEMO_DATA
1759,Mumbai Coast,18.45987,72.79965,2025-08-02 11:08:00,28.16,-0.59,3.275,26.552,0,none,SYNTHETIC_DEMO_DATA
1760,Mumbai Coast,18.63757,72.85827,2025-08-02 14:02:51,29.538,0.788,1.134,15.978,0,none,SYNTHETIC_DEMO_DATA
1761,Chennai Coast,12.84044,80.11104,2025-08-02 16:57:42,31.882,1.932,2.756,22.588,1,cyclonic,SYNTHETIC_DEMO_DATA
1762,Kerala Coast,10.23804,76.21688,2025-08-02 19:52:33,28.734,-0.316,3.151,24.114,1,cyclonic,SYNTHETIC_DEMO_DATA
1763,Sundarbans,21.93546,89.27672,2025-08-02 22:47:24,29.11,0.16,3.526,23.924,1,cyclonic,SYNTHETIC_DEMO_DATA
1764,Gujarat Coast,22.19658,69.59758,2025-08-03 01:42:15,30.805,2.555,2.037,15.69,1,anticyclonic,SYNTHETIC_DEMO_DATA
1765,Mumbai Coast,18.93473,73.22939,2025-08-03 04:37:06,29.165,0.415,1.804,20.039,1,cyclonic,SYNTHETIC_DEMO_DATA
1766,Lakshadweep,10.51641,72.74186,2025-08-03 07:31:57,28.947,-0.303,2.658,25.735,0,none,SYNTHETIC_DEMO_DATA
1767,Mumbai Coast,19.04418,72.61541,2025-08-03 10:26:48,29.271,0.521,2.426,19.576,0,none,SYNTHETIC_DEMO_DATA
1768,Kerala Coast,10.22362,76.30458,2025-08-03 13:21:39,29.634,0.584,2.225,18.671,0,none,SYNTHETIC_DEMO_DATA
1769,Sundarbans,22.19996,89.18962,2025-08-03 16:16:30,28.97,0.02,3.319,28.319,1,anticyclonic,SYNTHETIC_DEMO_DATA
1770,Odisha Coast,19.90276,86.10706,2025-08-03 19:11:21,29.423,-0.327,2.364,20.067,1,cyclonic,SYNTHETIC_DEMO_DATA
1771,Chennai Coast,12.97211,80.16015,2025-08-03 22:06:13,31.609,1.659,2.143,17.74,1,anticyclonic,SYNTHETIC_DEMO_DATA
1772,Chennai Coast,13.10007,80.48953,2025-08-04 01:01:04,30.552,0.602,2.542,22.082,1,anticyclonic,SYNTHETIC_DEMO_DATA
1773,Chennai Coast,12.68946,80.63608,2025-08-04 03:55:55,30.471,0.521,1.373,19.031,1,anticyclonic,SYNTHETIC_DEMO_DATA
1774,Chennai Coast,13.18427,80.38367,2025-08-04 06:50:46,28.915,-1.035,2.521,18.003,0,none,SYNTHETIC_DEMO_DATA
1775,Goa Coast,15.33862,73.90608,2025-08-04 09:45:37,28.585,-0.365,2.751,19.007,0,none,SYNTHETIC_DEMO_DATA
1776,Odisha Coast,19.6502,85.9992,2025-08-04 12:40:28,28.717,-1.033,2.317,21.693,1,cyclonic,SYNTHETIC_DEMO_DATA
1777,Chennai Coast,13.24247,80.41746,2025-08-04 15:35:19,31.487,1.537,2.52,21.938,0,none,SYNTHETIC_DEMO_DATA
1778,Odisha Coast,19.84237,85.72184,2025-08-04 18:30:10,27.783,-1.967,3.888,28.389,1,anticyclonic,SYNTHETIC_DEMO_DATA
1779,Chennai Coast,13.24577,80.40152,2025-08-04 21:25:01,28.417,-1.533,2.756,21.309,0,none,SYNTHETIC_DEMO_DATA
1780,Gujarat Coast,22.14541,69.63766,2025-08-05 00:19:52,27.516,-0.734,1.835,14.683,1,cyclonic,SYNTHETIC_DEMO_DATA
1781,Sundarbans,21.96524,88.89814,2025-08-05 03:14:43,28.503,-0.447,2.996,24.445,1,anticyclonic,SYNTHETIC_DEMO_DATA
1782,Chennai Coast,13.11278,80.18723,2025-08-05 06:09:34,30.075,0.125,2.011,16.928,1,anticyclonic,SYNTHETIC_DEMO_DATA
1783,Sundarbans,21.99347,89.50439,2025-08-05 09:04:25,28.56,-0.39,3.103,27.221,0,none,SYNTHETIC_DEMO_DATA
1784,Lakshadweep,10.61947,72.93054,2025-08-05 11:59:16,29.753,0.503,2.054,18.91,0,none,SYNTHETIC_DEMO_DATA
1785,Goa Coast,15.29343,73.9149,2025-08-05 14:54:07,29.216,0.266,1.493,12.965,0,none,SYNTHETIC_DEMO_DATA
1786,Visakhapatnam,17.61895,83.10349,2025-08-05 17:48:58,28.128,-1.122,1.778,20.18,0,none,SYNTHETIC_DEMO_DATA
1787,Odisha Coast,19.52357,85.68614,2025-08-05 20:43:49,30.336,0.586,2.324,16.576,1,cyclonic,SYNTHETIC_DEMO_DATA
1788,Sundarbans,21.78992,89.01556,2025-08-05 23:38:41,29.337,0.387,2.645,22.642,0,none,SYNTHETIC_DEMO_DATA
1789,Kerala Coast,9.89656,76.44662,2025-08-06 02:33:32,30.665,1.615,2.891,13.883,1,cyclonic,SYNTHETIC_DEMO_DATA
1790,Goa Coast,15.17997,73.86896,2025-08-06 05:28:23,29.699,0.749,2.204,19.335,1,anticyclonic,SYNTHETIC_DEMO_DATA
1791,Mumbai Coast,18.86055,73.02487,2025-08-06 08:23:14,28.349,-0.401,1.884,17.737,1,cyclonic,SYNTHETIC_DEMO_DATA
1792,Andaman & Nicobar,11.67597,92.76583,2025-08-06 11:18:05,29.168,-0.582,2.841,21.487,0,none,SYNTHETIC_DEMO_DATA
1793,Chennai Coast,13.28069,80.53829,2025-08-06 14:12:56,29.787,-0.163,1.65,13.83,1,cyclonic,SYNTHETIC_DEMO_DATA
1794,Visakhapatnam,17.33102,83.55474,2025-08-06 17:07:47,27.755,-1.495,2.478,23.241,1,anticyclonic,SYNTHETIC_DEMO_DATA
1795,Kerala Coast,9.78731,76.16933,2025-08-06 20:02:38,28.034,-1.016,3.37,25.636,1,anticyclonic,SYNTHETIC_DEMO_DATA
1796,Visakhapatnam,17.85504,83.31877,2025-08-06 22:57:29,28.42,-0.83,3.246,20.127,1,cyclonic,SYNTHETIC_DEMO_DATA
1797,Lakshadweep,10.8386,72.66854,2025-08-07 01:52:20,28.543,-0.707,1.736,17.84,0,none,SYNTHETIC_DEMO_DATA
1798,Odisha Coast,19.58697,86.01752,2025-08-07 04:47:11,29.802,0.052,2.313,14.312,0,none,SYNTHETIC_DEMO_DATA
1799,Kerala Coast,9.81289,76.05786,2025-08-07 07:42:02,28.295,-0.755,2.274,25.612,1,anticyclonic,SYNTHETIC_DEMO_DATA
1800,Mumbai Coast,18.55166,72.76659,2025-08-07 10:36:53,29.05,0.3,3.498,30.282,1,anticyclonic,SYNTHETIC_DEMO_DATA
1801,Sundarbans,21.88208,88.84905,2025-08-07 13:31:44,28.445,-0.505,3.05,25.639,0,none,SYNTHETIC_DEMO_DATA
1802,Kerala Coast,9.99643,76.59599,2025-08-07 16:26:35,29.237,0.187,2.981,28.083,1,anticyclonic,SYNTHETIC_DEMO_DATA
1803,Kerala Coast,9.7509,75.95999,2025-08-07 19:21:26,28.318,-0.732,2.992,30.222,1,cyclonic,SYNTHETIC_DEMO_DATA
1804,Visakhapatnam,18.23047,83.45797,2025-08-07 22:16:17,30.017,0.767,2.187,18.081,0,none,SYNTHETIC_DEMO_DATA
1805,Odisha Coast,19.59646,85.51868,2025-08-08 01:11:09,29.832,0.082,2.55,24.784,0,none,SYNTHETIC_DEMO_DATA
1806,Sundarbans,21.84068,89.23053,2025-08-08 04:06:00,28.275,-0.675,3.24,29.604,0,none,SYNTHETIC_DEMO_DATA
1807,Sundarbans,21.98416,88.86941,2025-08-08 07:00:51,28.579,-0.371,2.92,25.325,1,anticyclonic,SYNTHETIC_DEMO_DATA
1808,Kerala Coast,9.86781,76.18438,2025-08-08 09:55:42,29.559,0.509,3.073,25.299,1,cyclonic,SYNTHETIC_DEMO_DATA
1809,Sundarbans,22.23679,88.82189,2025-08-08 12:50:33,29.451,0.501,2.637,25.869,1,anticyclonic,SYNTHETIC_DEMO_DATA
1810,Lakshadweep,10.1727,72.51778,2025-08-08 15:45:24,29.22,-0.03,2.927,20.99,1,anticyclonic,SYNTHETIC_DEMO_DATA
1811,Visakhapatnam,18.0016,83.19162,2025-08-08 18:40:15,28.435,-0.815,2.428,18.845,0,none,SYNTHETIC_DEMO_DATA
1812,Gujarat Coast,22.20231,69.87048,2025-08-08 21:35:06,29.18,0.93,1.508,14.292,0,none,SYNTHETIC_DEMO_DATA
1813,Gujarat Coast,22.34797,69.33736,2025-08-09 00:29:57,27.738,-0.512,1.972,14.668,1,cyclonic,SYNTHETIC_DEMO_DATA
1814,Kerala Coast,10.22668,76.2005,2025-08-09 03:24:48,29.59,0.54,2.317,23.736,0,none,SYNTHETIC_DEMO_DATA
1815,Andaman & Nicobar,11.66112,92.46742,2025-08-09 06:19:39,29.649,-0.101,2.947,24.274,0,none,SYNTHETIC_DEMO_DATA
1816,Odisha Coast,19.65659,85.89316,2025-08-09 09:14:30,28.612,-1.138,3.266,22.676,1,anticyclonic,SYNTHETIC_DEMO_DATA
1817,Visakhapatnam,17.60842,83.35182,2025-08-09 12:09:21,29.11,-0.14,2.525,21.292,1,cyclonic,SYNTHETIC_DEMO_DATA
1818,Visakhapatnam,17.58183,83.24809,2025-08-09 15:04:12,29.287,0.037,2.532,15.853,0,none,SYNTHETIC_DEMO_DATA
1819,Odisha Coast,19.79815,85.76732,2025-08-09 17:59:03,29.139,-0.611,1.726,20.683,1,anticyclonic,SYNTHETIC_DEMO_DATA
1820,Visakhapatnam,17.8301,83.28367,2025-08-09 20:53:54,29.528,0.278,2.185,15.574,1,anticyclonic,SYNTHETIC_DEMO_DATA
1821,Chennai Coast,13.04647,80.43065,2025-08-09 23:48:45,30.566,0.616,1.866,15.172,1,anticyclonic,SYNTHETIC_DEMO_DATA
1822,Goa Coast,15.58606,73.78805,2025-08-10 02:43:37,28.45,-0.5,2.14,18.077,1,cyclonic,SYNTHETIC_DEMO_DATA
1823,Chennai Coast,12.76482,80.27571,2025-08-10 05:38:28,29.885,-0.065,2.145,21.946,0,none,SYNTHETIC_DEMO_DATA
1824,Andaman & Nicobar,11.8051,92.54635,2025-08-10 08:33:19,29.239,-0.511,3.384,22.822,1,anticyclonic,SYNTHETIC_DEMO_DATA
1825,Goa Coast,15.65853,73.81508,2025-08-10 11:28:10,30.928,1.978,1.861,16.93,0,none,SYNTHETIC_DEMO_DATA
1826,Lakshadweep,10.8609,72.87188,2025-08-10 14:23:01,29.2,-0.05,2.248,17.464,0,none,SYNTHETIC_DEMO_DATA
1827,Odisha Coast,19.642,85.69466,2025-08-10 17:17:52,30.196,0.446,1.881,16.952,1,cyclonic,SYNTHETIC_DEMO_DATA
1828,Lakshadweep,10.66292,72.49181,2025-08-10 20:12:43,28.407,-0.843,1.981,21.555,1,cyclonic,SYNTHETIC_DEMO_DATA
1829,Gujarat Coast,22.59814,69.62336,2025-08-10 23:07:34,28.8,0.55,2.318,17.216,0,none,SYNTHETIC_DEMO_DATA
1830,Lakshadweep,10.74459,72.72039,2025-08-11 02:02:25,28.255,-0.995,1.565,12.438,1,anticyclonic,SYNTHETIC_DEMO_DATA
1831,Chennai Coast,13.26089,80.35993,2025-08-11 04:57:16,30.185,0.235,1.705,13.351,0,none,SYNTHETIC_DEMO_DATA
1832,Lakshadweep,10.31577,72.64822,2025-08-11 07:52:07,29.234,-0.016,1.948,19.624,1,cyclonic,SYNTHETIC_DEMO_DATA
1833,Mumbai Coast,19.36833,72.98699,2025-08-11 10:46:58,29.391,0.641,2.468,17.794,0,none,SYNTHETIC_DEMO_DATA
1834,Sundarbans,21.65267,89.49355,2025-08-11 13:41:49,29.618,0.668,2.605,18.814,0,none,SYNTHETIC_DEMO_DATA
1835,Kerala Coast,10.13761,76.22026,2025-08-11 16:36:40,29.351,0.301,3.197,26.384,1,anticyclonic,SYNTHETIC_DEMO_DATA
1836,Odisha Coast,20.09426,86.01371,2025-08-11 19:31:31,30.258,0.508,3.776,30.039,1,cyclonic,SYNTHETIC_DEMO_DATA
1837,Lakshadweep,10.39673,72.47243,2025-08-11 22:26:22,30.762,1.512,2.434,13.887,0,none,SYNTHETIC_DEMO_DATA
1838,Chennai Coast,13.10686,80.29672,2025-08-12 01:21:13,29.487,-0.463,1.821,13.865,1,anticyclonic,SYNTHETIC_DEMO_DATA
1839,Visakhapatnam,17.74692,83.45254,2025-08-12 04:16:04,28.9,-0.35,2.321,21.921,0,none,SYNTHETIC_DEMO_DATA
1840,Mumbai Coast,18.67157,72.95093,2025-08-12 07:10:56,30.828,2.078,2.353,21.696,1,cyclonic,SYNTHETIC_DEMO_DATA
1841,Kerala Coast,9.66027,76.10244,2025-08-12 10:05:47,28.723,-0.327,1.443,21.781,0,none,SYNTHETIC_DEMO_DATA
1842,Sundarbans,21.82025,88.90894,2025-08-12 13:00:38,28.852,-0.098,3.494,26.651,0,none,SYNTHETIC_DEMO_DATA
1843,Andaman & Nicobar,11.91753,92.94885,2025-08-12 15:55:29,30.258,0.508,2.887,20.551,1,anticyclonic,SYNTHETIC_DEMO_DATA
1844,Andaman & Nicobar,11.60655,92.671,2025-08-12 18:50:20,31.187,1.437,2.22,19.834,1,anticyclonic,SYNTHETIC_DEMO_DATA
1845,Goa Coast,15.43797,74.00878,2025-08-12 21:45:11,27.939,-1.011,2.374,19.97,0,none,SYNTHETIC_DEMO_DATA
1846,Gujarat Coast,22.19868,69.64317,2025-08-13 00:40:02,28.393,0.143,1.179,14.819,1,cyclonic,SYNTHETIC_DEMO_DATA
1847,Kerala Coast,9.89637,76.30679,2025-08-13 03:34:53,28.557,-0.493,3.011,24.252,0,none,SYNTHETIC_DEMO_DATA
1848,Mumbai Coast,19.219,72.79682,2025-08-13 06:29:44,27.362,-1.388,2.385,22.768,0,none,SYNTHETIC_DEMO_DATA
1849,Mumbai Coast,18.93111,72.43473,2025-08-13 09:24:35,30.29,1.54,2.465,20.63,0,none,SYNTHETIC_DEMO_DATA
1850,Odisha Coast,19.74757,85.81965,2025-08-13 12:19:26,30.112,0.362,2.752,23.058,0,none,SYNTHETIC_DEMO_DATA
1851,Sundarbans,22.18204,89.22046,2025-08-13 15:14:17,28.06,-0.89,2.513,16.305,1,cyclonic,SYNTHETIC_DEMO_DATA
1852,Visakhapatnam,17.59546,82.86663,2025-08-13 18:09:08,30.461,1.211,2.53,21.313,0,none,SYNTHETIC_DEMO_DATA
1853,Kerala Coast,9.74387,75.91304,2025-08-13 21:03:59,29.159,0.109,2.762,26.839,0,none,SYNTHETIC_DEMO_DATA
1854,Odisha Coast,19.75488,85.7593,2025-08-13 23:58:50,29.798,0.048,2.981,23.299,0,none,SYNTHETIC_DEMO_DATA
1855,Odisha Coast,19.73403,85.71103,2025-08-14 02:53:41,29.581,-0.169,2.43,23.713,1,cyclonic,SYNTHETIC_DEMO_DATA
1856,Andaman & Nicobar,11.78179,92.4777,2025-08-14 05:48:32,31.344,1.594,2.388,29.09,0,none,SYNTHETIC_DEMO_DATA
1857,Chennai Coast,13.12076,80.01536,2025-08-14 08:43:24,29.496,-0.454,2.162,18.233,0,none,SYNTHETIC_DEMO_DATA
1858,Mumbai Coast,18.81615,73.01483,2025-08-14 11:38:15,27.863,-0.887,2.842,30.666,0,none,SYNTHETIC_DEMO_DATA
1859,Mumbai Coast,18.77968,73.04793,2025-08-14 14:33:06,28.114,-0.636,3.0,24.004,0,none,SYNTHETIC_DEMO_DATA
1860,Goa Coast,15.59092,73.79689,2025-08-14 17:27:57,27.671,-1.279,2.232,16.952,0,none,SYNTHETIC_DEMO_DATA
1861,Goa Coast,15.22344,73.86455,2025-08-14 20:22:48,28.317,-0.633,2.781,24.507,0,none,SYNTHETIC_DEMO_DATA
1862,Visakhapatnam,17.47358,83.01622,2025-08-14 23:17:39,29.479,0.229,2.234,25.849,0,none,SYNTHETIC_DEMO_DATA
1863,Andaman & Nicobar,11.95638,92.49385,2025-08-15 02:12:30,29.964,0.214,2.545,27.232,1,cyclonic,SYNTHETIC_DEMO_DATA
1864,Chennai Coast,13.19622,80.16218,2025-08-15 05:07:21,30.582,0.632,1.87,20.59,1,anticyclonic,SYNTHETIC_DEMO_DATA
1865,Andaman & Nicobar,11.87473,92.4443,2025-08-15 08:02:12,30.35,0.6,2.412,23.089,0,none,SYNTHETIC_DEMO_DATA
1866,Kerala Coast,10.12216,76.46616,2025-08-15 10:57:03,29.322,0.272,2.499,21.805,1,anticyclonic,SYNTHETIC_DEMO_DATA
1867,Odisha Coast,19.70229,86.04342,2025-08-15 13:51:54,30.992,1.242,2.034,17.687,1,cyclonic,SYNTHETIC_DEMO_DATA
1868,Goa Coast,15.54246,74.18065,2025-08-15 16:46:45,27.003,-1.947,2.706,22.84,0,none,SYNTHETIC_DEMO_DATA
1869,Sundarbans,22.02088,89.1996,2025-08-15 19:41:36,29.561,0.611,2.732,27.119,0,none,SYNTHETIC_DEMO_DATA
1870,Goa Coast,15.77339,73.73418,2025-08-15 22:36:27,29.721,0.771,2.227,14.974,0,none,SYNTHETIC_DEMO_DATA
1871,Sundarbans,21.90426,88.98639,2025-08-16 01:31:18,28.602,-0.348,2.335,23.39,0,none,SYNTHETIC_DEMO_DATA
1872,Visakhapatnam,17.49414,83.2839,2025-08-16 04:26:09,29.561,0.311,2.0,19.012,0,none,SYNTHETIC_DEMO_DATA
1873,Gujarat Coast,21.90831,69.5406,2025-08-16 07:21:00,28.685,0.435,3.568,28.039,0,none,SYNTHETIC_DEMO_DATA
1874,Lakshadweep,10.42142,72.54324,2025-08-16 10:15:52,30.539,1.289,2.477,21.024,1,cyclonic,SYNTHETIC_DEMO_DATA
1875,Kerala Coast,10.21082,76.28009,2025-08-16 13:10:43,27.112,-1.938,3.295,32.672,0,none,SYNTHETIC_DEMO_DATA
1876,Odisha Coast,20.03067,85.70807,2025-08-16 16:05:34,30.449,0.699,2.095,15.005,0,none,SYNTHETIC_DEMO_DATA
1877,Visakhapatnam,17.6612,83.30638,2025-08-16 19:00:25,27.916,-1.334,1.96,20.637,0,none,SYNTHETIC_DEMO_DATA
1878,Andaman & Nicobar,11.48632,92.64801,2025-08-16 21:55:16,31.128,1.378,2.477,18.921,0,none,SYNTHETIC_DEMO_DATA
1879,Goa Coast,15.57266,73.75588,2025-08-17 00:50:07,29.336,0.386,2.33,15.689,1,anticyclonic,SYNTHETIC_DEMO_DATA
1880,Odisha Coast,19.89478,85.89316,2025-08-17 03:44:58,29.607,-0.143,2.771,20.783,0,none,SYNTHETIC_DEMO_DATA
1881,Chennai Coast,12.82088,79.9384,2025-08-17 06:39:49,31.849,1.899,1.937,19.172,0,none,SYNTHETIC_DEMO_DATA
1882,Visakhapatnam,17.88435,83.16826,2025-08-17 09:34:40,28.951,-0.299,2.368,21.939,1,cyclonic,SYNTHETIC_DEMO_DATA
1883,Odisha Coast,19.76873,85.87829,2025-08-17 12:29:31,28.347,-1.403,2.566,20.297,1,cyclonic,SYNTHETIC_DEMO_DATA
1884,Andaman & Nicobar,11.44925,92.82039,2025-08-17 15:24:22,28.61,-1.14,2.502,24.537,1,anticyclonic,SYNTHETIC_DEMO_DATA
1885,Gujarat Coast,22.28266,69.63205,2025-08-17 18:19:13,26.424,-1.826,2.065,21.769,1,cyclonic,SYNTHETIC_DEMO_DATA
1886,Odisha Coast,19.99634,85.98535,2025-08-17 21:14:04,29.512,-0.238,2.11,13.666,0,none,SYNTHETIC_DEMO_DATA
1887,Gujarat Coast,22.2965,69.54152,2025-08-18 00:08:55,27.15,-1.1,1.054,16.06,1,cyclonic,SYNTHETIC_DEMO_DATA
1888,Kerala Coast,9.9962,76.27969,2025-08-18 03:03:46,28.99,-0.06,2.894,28.839,0,none,SYNTHETIC_DEMO_DATA
1889,Sundarbans,21.52547,89.06003,2025-08-18 05:58:37,29.66,0.71,2.877,21.132,1,anticyclonic,SYNTHETIC_DEMO_DATA
1890,Kerala Coast,9.7126,76.08047,2025-08-18 08:53:28,28.764,-0.286,2.402,18.717,1,anticyclonic,SYNTHETIC_DEMO_DATA
1891,Odisha Coast,20.01327,85.98307,2025-08-18 11:48:20,29.49,-0.26,3.013,19.876,0,none,SYNTHETIC_DEMO_DATA
1892,Visakhapatnam,17.44372,83.20645,2025-08-18 14:43:11,28.127,-1.123,2.125,19.104,0,none,SYNTHETIC_DEMO_DATA
1893,Andaman & Nicobar,11.53652,92.43796,2025-08-18 17:38:02,29.843,0.093,2.275,19.79,0,none,SYNTHETIC_DEMO_DATA
1894,Goa Coast,15.20263,73.95927,2025-08-18 20:32:53,27.618,-1.332,1.585,14.999,0,none,SYNTHETIC_DEMO_DATA
1895,Odisha Coast,19.69554,85.65731,2025-08-18 23:27:44,30.26,0.51,2.622,26.966,1,cyclonic,SYNTHETIC_DEMO_DATA
1896,Andaman & Nicobar,12.11774,92.64611,2025-08-19 02:22:35,30.405,0.655,2.449,18.403,1,anticyclonic,SYNTHETIC_DEMO_DATA
1897,Mumbai Coast,18.6526,72.83677,2025-08-19 05:17:26,30.085,1.335,1.622,17.125,0,none,SYNTHETIC_DEMO_DATA
1898,Andaman & Nicobar,11.73695,92.55985,2025-08-19 08:12:17,29.551,-0.199,2.11,15.985,0,none,SYNTHETIC_DEMO_DATA
1899,Goa Coast,15.55872,73.98728,2025-08-19 11:07:08,29.331,0.381,2.539,24.949,0,none,SYNTHETIC_DEMO_DATA
1900,Chennai Coast,12.67057,80.12803,2025-08-19 14:01:59,30.072,0.122,2.117,15.931,1,cyclonic,SYNTHETIC_DEMO_DATA
1901,Mumbai Coast,19.1752,72.54595,2025-08-19 16:56:50,28.993,0.243,2.814,22.685,1,cyclonic,SYNTHETIC_DEMO_DATA
1902,Mumbai Coast,19.08593,72.66839,2025-08-19 19:51:41,28.707,-0.043,3.315,29.05,0,none,SYNTHETIC_DEMO_DATA
1903,Goa Coast,15.71671,73.76798,2025-08-19 22:46:32,28.372,-0.578,3.035,27.458,1,cyclonic,SYNTHETIC_DEMO_DATA
1904,Visakhapatnam,17.65143,83.45718,2025-08-20 01:41:23,30.729,1.479,2.743,27.69,1,cyclonic,SYNTHETIC_DEMO_DATA
1905,Chennai Coast,13.3989,80.23944,2025-08-20 04:36:14,29.752,-0.198,2.5,20.717,0,none,SYNTHETIC_DEMO_DATA
1906,Visakhapatnam,17.58922,83.30836,2025-08-20 07:31:05,29.357,0.107,1.751,24.352,1,cyclonic,SYNTHETIC_DEMO_DATA
1907,Visakhapatnam,17.64164,82.78762,2025-08-20 10:25:56,30.224,0.974,2.735,27.123,0,none,SYNTHETIC_DEMO_DATA
1908,Odisha Coast,19.69872,85.75889,2025-08-20 13:20:48,29.948,0.198,2.823,19.332,0,none,SYNTHETIC_DEMO_DATA
1909,Sundarbans,22.3355,89.22753,2025-08-20 16:15:39,27.775,-1.175,2.198,17.541,0,none,SYNTHETIC_DEMO_DATA
1910,Lakshadweep,10.65356,72.72974,2025-08-20 19:10:30,30.194,0.944,1.807,11.574,1,anticyclonic,SYNTHETIC_DEMO_DATA
1911,Sundarbans,21.99574,88.86982,2025-08-20 22:05:21,28.027,-0.923,2.413,27.013,0,none,SYNTHETIC_DEMO_DATA
1912,Andaman & Nicobar,11.56154,92.88279,2025-08-21 01:00:12,29.859,0.109,3.352,21.677,0,none,SYNTHETIC_DEMO_DATA
1913,Sundarbans,21.91017,89.14874,2025-08-21 03:55:03,29.307,0.357,2.438,20.255,0,none,SYNTHETIC_DEMO_DATA
1914,Goa Coast,15.66511,73.78828,2025-08-21 06:49:54,27.399,-1.551,1.587,17.462,1,cyclonic,SYNTHETIC_DEMO_DATA
1915,Chennai Coast,13.10061,80.55525,2025-08-21 09:44:45,31.321,1.371,1.995,16.032,1,anticyclonic,SYNTHETIC_DEMO_DATA
1916,Mumbai Coast,19.0415,73.15958,2025-08-21 12:39:36,29.095,0.345,2.391,22.503,0,none,SYNTHETIC_DEMO_DATA
1917,Visakhapatnam,17.61942,83.41295,2025-08-21 15:34:27,28.775,-0.475,2.36,18.685,1,cyclonic,SYNTHETIC_DEMO_DATA
1918,Kerala Coast,10.0588,76.2103,2025-08-21 18:29:18,28.734,-0.316,3.703,28.118,1,anticyclonic,SYNTHETIC_DEMO_DATA
1919,Kerala Coast,9.64428,76.3481,2025-08-21 21:24:09,28.928,-0.122,2.182,21.742,1,anticyclonic,SYNTHETIC_DEMO_DATA
1920,Mumbai Coast,18.83023,72.74782,2025-08-22 00:19:00,30.307,1.557,2.521,20.242,0,none,SYNTHETIC_DEMO_DATA
1921,Chennai Coast,13.01454,80.25914,2025-08-22 03:13:51,29.935,-0.015,1.558,19.087,0,none,SYNTHETIC_DEMO_DATA
1922,Mumbai Coast,18.7973,72.81166,2025-08-22 06:08:42,27.732,-1.018,2.16,18.448,1,anticyclonic,SYNTHETIC_DEMO_DATA
1923,Andaman & Nicobar,11.90631,92.65157,2025-08-22 09:03:33,28.514,-1.236,2.73,19.08,0,none,SYNTHETIC_DEMO_DATA
1924,Kerala Coast,9.41789,76.10562,2025-08-22 11:58:24,30.095,1.045,3.375,21.73,1,cyclonic,SYNTHETIC_DEMO_DATA
1925,Chennai Coast,13.10765,80.48718,2025-08-22 14:53:15,31.742,1.792,1.956,16.854,0,none,SYNTHETIC_DEMO_DATA
1926,Odisha Coast,19.83382,85.96764,2025-08-22 17:48:07,29.461,-0.289,2.008,15.706,1,cyclonic,SYNTHETIC_DEMO_DATA
1927,Chennai Coast,13.12189,80.07649,2025-08-22 20:42:58,29.686,-0.264,2.174,18.293,0,none,SYNTHETIC_DEMO_DATA
1928,Odisha Coast,19.68445,85.74461,2025-08-22 23:37:49,30.496,0.746,2.718,17.038,1,anticyclonic,SYNTHETIC_DEMO_DATA
1929,Odisha Coast,19.92612,85.70518,2025-08-23 02:32:40,29.952,0.202,2.783,28.794,0,none,SYNTHETIC_DEMO_DATA
1930,Lakshadweep,10.52025,72.7254,2025-08-23 05:27:31,29.31,0.06,1.596,15.547,1,anticyclonic,SYNTHETIC_DEMO_DATA
1931,Sundarbans,22.07267,89.24457,2025-08-23 08:22:22,28.881,-0.069,3.025,27.636,0,none,SYNTHETIC_DEMO_DATA
1932,Kerala Coast,9.96206,76.17263,2025-08-23 11:17:13,29.014,-0.036,3.076,23.103,0,none,SYNTHETIC_DEMO_DATA
1933,Andaman & Nicobar,11.72981,92.71825,2025-08-23 14:12:04,28.893,-0.857,2.807,27.792,1,cyclonic,SYNTHETIC_DEMO_DATA
1934,Lakshadweep,10.74529,72.76784,2025-08-23 17:06:55,28.523,-0.727,2.351,14.809,0,none,SYNTHETIC_DEMO_DATA
1935,Odisha Coast,19.93186,85.81552,2025-08-23 20:01:46,29.664,-0.086,1.677,16.765,0,none,SYNTHETIC_DEMO_DATA
1936,Odisha Coast,19.92313,85.63891,2025-08-23 22:56:37,30.203,0.453,2.723,21.437,1,cyclonic,SYNTHETIC_DEMO_DATA
1937,Chennai Coast,13.07377,80.19042,2025-08-24 01:51:28,29.96,0.01,1.959,19.567,0,none,SYNTHETIC_DEMO_DATA
1938,Mumbai Coast,18.86963,72.75207,2025-08-24 04:46:19,29.544,0.794,2.09,23.889,0,none,SYNTHETIC_DEMO_DATA
1939,Lakshadweep,10.62703,72.38269,2025-08-24 07:41:10,28.78,-0.47,2.145,25.487,1,cyclonic,SYNTHETIC_DEMO_DATA
1940,Visakhapatnam,17.71957,83.15014,2025-08-24 10:36:01,30.014,0.764,2.526,20.608,0,none,SYNTHETIC_DEMO_DATA
1941,Odisha Coast,20.00971,85.81079,2025-08-24 13:30:52,29.97,0.22,2.731,22.316,0,none,SYNTHETIC_DEMO_DATA
1942,Visakhapatnam,18.16197,83.59324,2025-08-24 16:25:43,29.683,0.433,2.502,23.699,1,cyclonic,SYNTHETIC_DEMO_DATA
1943,Andaman & Nicobar,11.78691,92.86843,2025-08-24 19:20:35,29.592,-0.158,2.373,22.42,0,none,SYNTHETIC_DEMO_DATA
1944,Sundarbans,21.94277,88.77283,2025-08-24 22:15:26,29.405,0.455,3.342,24.332,1,cyclonic,SYNTHETIC_DEMO_DATA
1945,Chennai Coast,12.83009,79.79562,2025-08-25 01:10:17,28.809,-1.141,2.153,21.82,1,anticyclonic,SYNTHETIC_DEMO_DATA
1946,Odisha Coast,19.45234,85.41657,2025-08-25 04:05:08,30.121,0.371,2.691,23.927,0,none,SYNTHETIC_DEMO_DATA
1947,Odisha Coast,19.34291,85.82878,2025-08-25 06:59:59,29.405,-0.345,2.333,15.676,0,none,SYNTHETIC_DEMO_DATA
1948,Lakshadweep,10.56499,72.70066,2025-08-25 09:54:50,30.259,1.009,1.517,20.052,1,cyclonic,SYNTHETIC_DEMO_DATA
1949,Sundarbans,21.86793,88.90427,2025-08-25 12:49:41,28.571,-0.379,2.082,26.692,1,cyclonic,SYNTHETIC_DEMO_DATA
1950,Chennai Coast,12.88942,80.50738,2025-08-25 15:44:32,29.798,-0.152,2.256,23.965,0,none,SYNTHETIC_DEMO_DATA
1951,Lakshadweep,10.44364,72.9452,2025-08-25 18:39:23,29.057,-0.193,2.401,21.716,0,none,SYNTHETIC_DEMO_DATA
1952,Gujarat Coast,22.43685,69.69431,2025-08-25 21:34:14,28.591,0.341,2.258,16.676,0,none,SYNTHETIC_DEMO_DATA
1953,Sundarbans,22.21146,89.31265,2025-08-26 00:29:05,28.659,-0.291,2.69,24.349,0,none,SYNTHETIC_DEMO_DATA
1954,Kerala Coast,9.82038,76.21182,2025-08-26 03:23:56,28.703,-0.347,3.541,29.312,0,none,SYNTHETIC_DEMO_DATA
1955,Lakshadweep,10.6736,72.80224,2025-08-26 06:18:47,28.029,-1.221,2.058,13.55,0,none,SYNTHETIC_DEMO_DATA
1956,Kerala Coast,9.87566,76.27525,2025-08-26 09:13:38,29.456,0.406,2.268,20.692,1,cyclonic,SYNTHETIC_DEMO_DATA
1957,Mumbai Coast,18.72737,72.75988,2025-08-26 12:08:29,27.927,-0.823,2.431,17.934,0,none,SYNTHETIC_DEMO_DATA
1958,Mumbai Coast,18.90291,72.79441,2025-08-26 15:03:20,27.955,-0.795,2.777,25.547,0,none,SYNTHETIC_DEMO_DATA
1959,Gujarat Coast,21.95358,69.57091,2025-08-26 17:58:11,29.431,1.181,1.163,13.923,0,none,SYNTHETIC_DEMO_DATA
1960,Odisha Coast,19.55961,85.88104,2025-08-26 20:53:03,29.274,-0.476,1.862,19.288,0,none,SYNTHETIC_DEMO_DATA
1961,Andaman & Nicobar,11.31597,92.72884,2025-08-26 23:47:54,30.312,0.562,2.425,17.75,0,none,SYNTHETIC_DEMO_DATA
1962,Lakshadweep,10.73447,72.61979,2025-08-27 02:42:45,29.973,0.723,2.217,21.862,1,cyclonic,SYNTHETIC_DEMO_DATA
1963,Odisha Coast,19.91442,85.85417,2025-08-27 05:37:36,30.245,0.495,3.35,26.246,0,none,SYNTHETIC_DEMO_DATA
1964,Andaman & Nicobar,11.51558,92.18446,2025-08-27 08:32:27,30.697,0.947,3.024,24.89,0,none,SYNTHETIC_DEMO_DATA
1965,Andaman & Nicobar,12.0392,92.42582,2025-08-27 11:27:18,30.383,0.633,3.185,22.254,0,none,SYNTHETIC_DEMO_DATA
1966,Goa Coast,15.25796,73.67293,2025-08-27 14:22:09,29.98,1.03,2.72,23.644,0,none,SYNTHETIC_DEMO_DATA
1967,Chennai Coast,12.68512,80.72247,2025-08-27 17:17:00,30.659,0.709,1.739,14.016,0,none,SYNTHETIC_DEMO_DATA
1968,Kerala Coast,10.22969,76.42944,2025-08-27 20:11:51,27.914,-1.136,3.095,26.114,1,anticyclonic,SYNTHETIC_DEMO_DATA
1969,Andaman & Nicobar,11.70667,92.52803,2025-08-27 23:06:42,30.387,0.637,2.688,18.864,0,none,SYNTHETIC_DEMO_DATA
1970,Odisha Coast,19.93254,85.33925,2025-08-28 02:01:33,30.101,0.351,2.674,25.812,1,anticyclonic,SYNTHETIC_DEMO_DATA
1971,Andaman & Nicobar,11.94773,92.76312,2025-08-28 04:56:24,30.472,0.722,2.64,24.221,1,anticyclonic,SYNTHETIC_DEMO_DATA
1972,Lakshadweep,10.81332,72.98204,2025-08-28 07:51:15,28.168,-1.082,2.008,19.087,0,none,SYNTHETIC_DEMO_DATA
1973,Gujarat Coast,22.33712,69.48675,2025-08-28 10:46:06,27.955,-0.295,2.601,17.26,0,none,SYNTHETIC_DEMO_DATA
1974,Chennai Coast,13.19194,80.40534,2025-08-28 13:40:57,29.919,-0.031,2.24,16.98,1,cyclonic,SYNTHETIC_DEMO_DATA
1975,Mumbai Coast,19.10767,72.86738,2025-08-28 16:35:48,28.846,0.096,3.139,18.572,0,none,SYNTHETIC_DEMO_DATA
1976,Sundarbans,21.9966,89.24941,2025-08-28 19:30:39,28.631,-0.319,2.713,19.53,0,none,SYNTHETIC_DEMO_DATA
1977,Lakshadweep,10.24228,72.65963,2025-08-28 22:25:31,29.283,0.033,2.61,18.985,1,cyclonic,SYNTHETIC_DEMO_DATA
1978,Chennai Coast,13.0456,80.29049,2025-08-29 01:20:22,29.859,-0.091,3.166,17.497,1,cyclonic,SYNTHETIC_DEMO_DATA
1979,Sundarbans,22.21957,89.38799,2025-08-29 04:15:13,29.078,0.128,2.696,23.797,0,none,SYNTHETIC_DEMO_DATA
1980,Goa Coast,15.38333,73.75427,2025-08-29 07:10:04,30.169,1.219,2.832,24.421,0,none,SYNTHETIC_DEMO_DATA
1981,Gujarat Coast,22.22062,69.53321,2025-08-29 10:04:55,27.733,-0.517,2.86,24.026,1,anticyclonic,SYNTHETIC_DEMO_DATA
1982,Gujarat Coast,22.45878,69.94204,2025-08-29 12:59:46,27.19,-1.06,2.426,19.264,1,anticyclonic,SYNTHETIC_DEMO_DATA
1983,Sundarbans,21.96773,89.35258,2025-08-29 15:54:37,30.488,1.538,2.067,17.291,0,none,SYNTHETIC_DEMO_DATA
1984,Goa Coast,15.57621,73.9351,2025-08-29 18:49:28,29.144,0.194,2.772,19.167,1,anticyclonic,SYNTHETIC_DEMO_DATA
1985,Gujarat Coast,22.65083,69.49124,2025-08-29 21:44:19,26.615,-1.635,2.038,14.123,0,none,SYNTHETIC_DEMO_DATA
1986,Goa Coast,15.50052,74.05207,2025-08-30 00:39:10,28.472,-0.478,2.932,18.512,1,cyclonic,SYNTHETIC_DEMO_DATA
1987,Andaman & Nicobar,12.00271,92.84909,2025-08-30 03:34:01,27.999,-1.751,2.527,23.406,0,none,SYNTHETIC_DEMO_DATA
1988,Visakhapatnam,17.53851,83.52616,2025-08-30 06:28:52,29.294,0.044,1.571,18.975,0,none,SYNTHETIC_DEMO_DATA
1989,Visakhapatnam,17.77248,83.31262,2025-08-30 09:23:43,28.592,-0.658,2.817,18.169,1,anticyclonic,SYNTHETIC_DEMO_DATA
1990,Lakshadweep,10.57986,72.56731,2025-08-30 12:18:34,29.056,-0.194,1.752,24.196,0,none,SYNTHETIC_DEMO_DATA
1991,Mumbai Coast,19.00337,72.97155,2025-08-30 15:13:25,29.024,0.274,2.836,17.642,0,none,SYNTHETIC_DEMO_DATA
1992,Kerala Coast,9.8153,76.41923,2025-08-30 18:08:16,29.002,-0.048,3.151,30.328,0,none,SYNTHETIC_DEMO_DATA
1993,Visakhapatnam,17.33284,83.44083,2025-08-30 21:03:07,27.945,-1.305,2.029,22.659,0,none,SYNTHETIC_DEMO_DATA
1994,Gujarat Coast,22.72245,69.68261,2025-08-30 23:57:59,28.632,0.382,2.831,23.726,0,none,SYNTHETIC_DEMO_DATA
1995,Goa Coast,15.193,73.79949,2025-08-31 02:52:50,30.601,1.651,2.947,20.066,1,cyclonic,SYNTHETIC_DEMO_DATA
1996,Sundarbans,22.05809,89.37438,2025-08-31 05:47:41,29.265,0.315,2.491,20.872,1,anticyclonic,SYNTHETIC_DEMO_DATA
1997,Mumbai Coast,18.58794,72.93838,2025-08-31 08:42:32,29.914,1.164,2.986,12.067,1,cyclonic,SYNTHETIC_DEMO_DATA
1998,Lakshadweep,10.67918,72.52415,2025-08-31 11:37:23,28.74,-0.51,2.524,17.025,1,cyclonic,SYNTHETIC_DEMO_DATA
1999,Visakhapatnam,17.58482,83.06735,2025-08-31 14:32:14,30.177,0.927,2.802,17.026,0,none,SYNTHETIC_DEMO_DATA
2000,Visakhapatnam,17.65862,83.35869,2025-08-31 17:27:05,28.559,-0.691,2.125,19.276,0,none,SYNTHETIC_DEMO_DATA
2001,Andaman & Nicobar,11.57163,92.91139,2025-08-31 20:21:56,29.836,0.086,2.974,25.695,1,cyclonic,SYNTHETIC_DEMO_DATA
2002,Sundarbans,21.94587,89.2202,2025-08-31 23:16:47,29.26,0.31,2.699,30.319,1,anticyclonic,SYNTHETIC_DEMO_DATA
2003,Chennai Coast,12.9681,80.5518,2025-09-01 02:11:38,28.839,-0.361,1.569,12.073,0,none,SYNTHETIC_DEMO_DATA
2004,Kerala Coast,9.81897,76.44315,2025-09-01 05:06:29,27.986,-0.314,2.972,26.311,0,none,SYNTHETIC_DEMO_DATA
2005,Goa Coast,15.78836,73.94502,2025-09-01 08:01:20,28.352,0.152,3.186,20.794,1,anticyclonic,SYNTHETIC_DEMO_DATA
2006,Odisha Coast,19.99263,86.03806,2025-09-01 10:56:11,28.389,-0.611,3.483,29.838,1,cyclonic,SYNTHETIC_DEMO_DATA
2007,Kerala Coast,9.9171,76.36009,2025-09-01 13:51:02,28.392,0.092,2.667,26.945,0,none,SYNTHETIC_DEMO_DATA
2008,Odisha Coast,19.68584,85.67307,2025-09-01 16:45:53,29.311,0.311,2.534,23.209,0,none,SYNTHETIC_DEMO_DATA
2009,Goa Coast,15.50906,74.19549,2025-09-01 19:40:44,27.245,-0.955,2.222,20.261,1,anticyclonic,SYNTHETIC_DEMO_DATA
2010,Gujarat Coast,22.45311,69.49652,2025-09-01 22:35:35,26.337,-1.163,2.004,14.249,0,none,SYNTHETIC_DEMO_DATA
2011,Kerala Coast,10.05275,75.91596,2025-09-02 01:30:27,27.51,-0.79,2.812,23.959,0,none,SYNTHETIC_DEMO_DATA
2012,Chennai Coast,12.95044,80.14834,2025-09-02 04:25:18,29.82,0.62,2.25,18.857,0,none,SYNTHETIC_DEMO_DATA
2013,Odisha Coast,19.65348,85.70673,2025-09-02 07:20:09,28.59,-0.41,2.957,24.992,0,none,SYNTHETIC_DEMO_DATA
2014,Lakshadweep,10.65213,72.57999,2025-09-02 10:15:00,28.041,-0.459,2.558,20.499,0,none,SYNTHETIC_DEMO_DATA
2015,Gujarat Coast,22.43517,69.42062,2025-09-02 13:09:51,26.524,-0.976,2.215,11.501,1,anticyclonic,SYNTHETIC_DEMO_DATA
2016,Chennai Coast,12.76418,80.01092,2025-09-02 16:04:42,29.232,0.032,1.84,17.318,0,none,SYNTHETIC_DEMO_DATA
2017,Kerala Coast,9.95852,76.08367,2025-09-02 18:59:33,27.951,-0.349,2.792,22.328,0,none,SYNTHETIC_DEMO_DATA
2018,Goa Coast,15.46653,73.7194,2025-09-02 21:54:24,25.668,-2.532,2.861,23.025,1,anticyclonic,SYNTHETIC_DEMO_DATA
2019,Goa Coast,15.13952,73.29737,2025-09-03 00:49:15,26.985,-1.215,2.036,21.404,1,cyclonic,SYNTHETIC_DEMO_DATA
2020,Kerala Coast,9.71021,76.09164,2025-09-03 03:44:06,28.84,0.54,2.501,23.693,0,none,SYNTHETIC_DEMO_DATA
2021,Chennai Coast,12.89157,79.80356,2025-09-03 06:38:57,28.805,-0.395,2.312,22.214,1,anticyclonic,SYNTHETIC_DEMO_DATA
2022,Gujarat Coast,22.14674,69.55856,2025-09-03 09:33:48,27.663,0.163,2.597,15.845,0,none,SYNTHETIC_DEMO_DATA
2023,Gujarat Coast,22.31859,69.78778,2025-09-03 12:28:39,24.687,-2.813,2.126,18.194,0,none,SYNTHETIC_DEMO_DATA
2024,Mumbai Coast,18.8519,72.59602,2025-09-03 15:23:30,26.807,-1.193,2.515,19.146,0,none,SYNTHETIC_DEMO_DATA
2025,Sundarbans,21.96251,88.9379,2025-09-03 18:18:21,28.622,0.422,2.964,21.781,1,anticyclonic,SYNTHETIC_DEMO_DATA
2026,Kerala Coast,10.00415,76.01425,2025-09-03 21:13:12,26.965,-1.335,3.534,29.063,1,anticyclonic,SYNTHETIC_DEMO_DATA
2027,Gujarat Coast,22.02759,69.68417,2025-09-04 00:08:03,27.044,-0.456,2.122,16.487,0,none,SYNTHETIC_DEMO_DATA
2028,Lakshadweep,10.81557,72.71479,2025-09-04 03:02:54,27.589,-0.911,2.457,17.231,0,none,SYNTHETIC_DEMO_DATA
2029,Mumbai Coast,18.84413,72.87244,2025-09-04 05:57:46,28.47,0.47,2.805,19.45,0,none,SYNTHETIC_DEMO_DATA
2030,Chennai Coast,13.17966,80.38285,2025-09-04 08:52:37,29.302,0.102,2.413,15.856,0,none,SYNTHETIC_DEMO_DATA
2031,Mumbai Coast,19.07678,73.21498,2025-09-04 11:47:28,27.996,-0.004,2.65,17.193,0,none,SYNTHETIC_DEMO_DATA
2032,Odisha Coast,19.89261,85.80825,2025-09-04 14:42:19,29.527,0.527,3.146,32.235,0,none,SYNTHETIC_DEMO_DATA
2033,Sundarbans,21.50336,89.033,2025-09-04 17:37:10,27.285,-0.915,2.532,26.072,0,none,SYNTHETIC_DEMO_DATA
2034,Gujarat Coast,21.85227,69.33209,2025-09-04 20:32:01,26.171,-1.329,2.483,19.655,1,cyclonic,SYNTHETIC_DEMO_DATA
2035,Lakshadweep,10.5041,72.85365,2025-09-04 23:26:52,28.267,-0.233,2.696,22.938,0,none,SYNTHETIC_DEMO_DATA
2036,Andaman & Nicobar,11.67083,92.60781,2025-09-05 02:21:43,28.765,-0.235,2.157,14.426,1,anticyclonic,SYNTHETIC_DEMO_DATA
2037,Mumbai Coast,18.7295,72.45219,2025-09-05 05:16:34,27.667,-0.333,2.547,22.098,0,none,SYNTHETIC_DEMO_DATA
2038,Sundarbans,21.62024,89.05273,2025-09-05 08:11:25,27.715,-0.485,2.237,21.105,1,cyclonic,SYNTHETIC_DEMO_DATA
2039,Lakshadweep,10.27778,72.93371,2025-09-05 11:06:16,27.786,-0.714,2.414,23.675,1,anticyclonic,SYNTHETIC_DEMO_DATA
2040,Kerala Coast,10.039,76.1798,2025-09-05 14:01:07,28.816,0.516,2.366,21.143,0,none,SYNTHETIC_DEMO_DATA
2041,Visakhapatnam,18.10197,83.1196,2025-09-05 16:55:58,28.241,-0.259,2.299,21.457,0,none,SYNTHETIC_DEMO_DATA
2042,Andaman & Nicobar,11.70796,92.35758,2025-09-05 19:50:49,28.531,-0.469,2.294,17.036,0,none,SYNTHETIC_DEMO_DATA
2043,Goa Coast,15.61283,73.54293,2025-09-05 22:45:40,26.83,-1.37,1.609,14.487,1,anticyclonic,SYNTHETIC_DEMO_DATA
2044,Goa Coast,15.54538,73.77299,2025-09-06 01:40:31,28.978,0.778,2.268,19.192,1,anticyclonic,SYNTHETIC_DEMO_DATA
2045,Visakhapatnam,17.70753,83.12765,2025-09-06 04:35:22,26.86,-1.64,1.98,17.735,0,none,SYNTHETIC_DEMO_DATA
2046,Lakshadweep,10.6673,72.552,2025-09-06 07:30:14,28.901,0.401,1.78,18.971,0,none,SYNTHETIC_DEMO_DATA
2047,Kerala Coast,10.01736,76.41311,2025-09-06 10:25:05,28.603,0.303,2.497,19.932,0,none,SYNTHETIC_DEMO_DATA
2048,Mumbai Coast,19.19101,72.38994,2025-09-06 13:19:56,27.291,-0.709,3.28,27.444,0,none,SYNTHETIC_DEMO_DATA
2049,Goa Coast,15.59844,73.64327,2025-09-06 16:14:47,28.899,0.699,2.243,21.982,1,anticyclonic,SYNTHETIC_DEMO_DATA
2050,Gujarat Coast,22.51687,70.07781,2025-09-06 19:09:38,26.787,-0.713,2.123,19.766,0,none,SYNTHETIC_DEMO_DATA
2051,Odisha Coast,19.96872,85.48047,2025-09-06 22:04:29,29.174,0.174,2.755,19.275,0,none,SYNTHETIC_DEMO_DATA
2052,Chennai Coast,12.87187,80.47931,2025-09-07 00:59:20,29.595,0.395,2.492,24.752,0,none,SYNTHETIC_DEMO_DATA
2053,Chennai Coast,12.86265,80.00808,2025-09-07 03:54:11,30.928,1.728,2.62,22.334,1,anticyclonic,SYNTHETIC_DEMO_DATA
2054,Lakshadweep,10.60985,72.47154,2025-09-07 06:49:02,29.759,1.259,2.138,14.442,0,none,SYNTHETIC_DEMO_DATA
2055,Goa Coast,15.73292,73.44578,2025-09-07 09:43:53,28.948,0.748,2.441,19.827,1,anticyclonic,SYNTHETIC_DEMO_DATA
2056,Chennai Coast,13.4657,80.37412,2025-09-07 12:38:44,28.599,-0.601,2.461,20.754,0,none,SYNTHETIC_DEMO_DATA
2057,Goa Coast,15.66108,74.01233,2025-09-07 15:33:35,28.702,0.502,1.816,18.405,0,none,SYNTHETIC_DEMO_DATA
2058,Goa Coast,15.97398,74.04502,2025-09-07 18:28:26,28.393,0.193,3.053,20.83,1,cyclonic,SYNTHETIC_DEMO_DATA
2059,Chennai Coast,13.11679,80.27706,2025-09-07 21:23:17,29.283,0.083,2.521,19.429,0,none,SYNTHETIC_DEMO_DATA
2060,Kerala Coast,10.23506,76.07281,2025-09-08 00:18:08,28.081,-0.219,2.12,18.557,1,cyclonic,SYNTHETIC_DEMO_DATA
2061,Andaman & Nicobar,11.97955,92.17594,2025-09-08 03:12:59,28.418,-0.582,1.952,17.18,0,none,SYNTHETIC_DEMO_DATA
2062,Mumbai Coast,18.60315,72.78635,2025-09-08 06:07:50,28.088,0.088,2.632,20.586,0,none,SYNTHETIC_DEMO_DATA
2063,Odisha Coast,19.87409,86.02208,2025-09-08 09:02:42,28.374,-0.626,1.828,14.845,1,anticyclonic,SYNTHETIC_DEMO_DATA
2064,Goa Coast,15.29857,74.21748,2025-09-08 11:57:33,28.632,0.432,1.923,17.112,1,cyclonic,SYNTHETIC_DEMO_DATA
2065,Mumbai Coast,18.77527,73.09845,2025-09-08 14:52:24,26.896,-1.104,2.791,22.289,1,cyclonic,SYNTHETIC_DEMO_DATA
2066,Mumbai Coast,19.04435,72.83298,2025-09-08 17:47:15,28.652,0.652,2.88,21.343,0,none,SYNTHETIC_DEMO_DATA
2067,Goa Coast,15.58176,73.78851,2025-09-08 20:42:06,28.297,0.097,2.253,17.289,0,none,SYNTHETIC_DEMO_DATA
2068,Lakshadweep,10.51843,73.0345,2025-09-08 23:36:57,29.22,0.72,2.409,24.465,0,none,SYNTHETIC_DEMO_DATA
2069,Chennai Coast,13.06914,80.66491,2025-09-09 02:31:48,28.841,-0.359,2.156,20.218,0,none,SYNTHETIC_DEMO_DATA
2070,Kerala Coast,9.9347,76.22893,2025-09-09 05:26:39,27.661,-0.639,2.305,13.209,1,anticyclonic,SYNTHETIC_DEMO_DATA
2071,Odisha Coast,19.83021,85.74807,2025-09-09 08:21:30,29.201,0.201,2.536,21.711,1,cyclonic,SYNTHETIC_DEMO_DATA
2072,Gujarat Coast,22.40769,69.53042,2025-09-09 11:16:21,26.724,-0.776,2.395,17.546,1,cyclonic,SYNTHETIC_DEMO_DATA
2073,Kerala Coast,9.67184,76.22987,2025-09-09 14:11:12,27.915,-0.385,1.984,14.713,0,none,SYNTHETIC_DEMO_DATA
2074,Chennai Coast,12.85257,80.021,2025-09-09 17:06:03,29.37,0.17,2.029,17.54,0,none,SYNTHETIC_DEMO_DATA
2075,Gujarat Coast,22.27964,69.5361,2025-09-09 20:00:54,27.832,0.332,1.546,15.198,0,none,SYNTHETIC_DEMO_DATA
2076,Kerala Coast,9.57091,76.0504,2025-09-09 22:55:45,29.015,0.715,2.862,24.108,1,cyclonic,SYNTHETIC_DEMO_DATA
2077,Kerala Coast,9.99072,76.42789,2025-09-10 01:50:36,27.254,-1.046,2.952,25.025,0,none,SYNTHETIC_DEMO_DATA
2078,Kerala Coast,9.88362,76.20158,2025-09-10 04:45:27,27.096,-1.204,2.834,22.633,0,none,SYNTHETIC_DEMO_DATA
2079,Visakhapatnam,17.78546,83.39256,2025-09-10 07:40:18,27.599,-0.901,2.349,19.369,1,cyclonic,SYNTHETIC_DEMO_DATA
2080,Odisha Coast,19.52133,85.59469,2025-09-10 10:35:10,28.841,-0.159,2.495,24.031,0,none,SYNTHETIC_DEMO_DATA
2081,Andaman & Nicobar,11.89958,92.53311,2025-09-10 13:30:01,29.451,0.451,2.429,24.393,0,none,SYNTHETIC_DEMO_DATA
2082,Sundarbans,21.86556,89.33778,2025-09-10 16:24:52,28.818,0.618,2.101,17.872,1,anticyclonic,SYNTHETIC_DEMO_DATA
2083,Chennai Coast,12.8723,80.0479,2025-09-10 19:19:43,29.187,-0.013,2.851,24.056,1,cyclonic,SYNTHETIC_DEMO_DATA
2084,Gujarat Coast,22.09225,69.70783,2025-09-10 22:14:34,27.211,-0.289,2.454,20.273,0,none,SYNTHETIC_DEMO_DATA
2085,Odisha Coast,19.6881,85.80672,2025-09-11 01:09:25,28.448,-0.552,2.613,25.184,0,none,SYNTHETIC_DEMO_DATA
2086,Gujarat Coast,22.1788,69.69896,2025-09-11 04:04:16,27.543,0.043,3.164,22.403,1,cyclonic,SYNTHETIC_DEMO_DATA
2087,Goa Coast,15.40722,73.90631,2025-09-11 06:59:07,26.97,-1.23,2.774,22.8,1,cyclonic,SYNTHETIC_DEMO_DATA
2088,Gujarat Coast,22.25765,69.68637,2025-09-11 09:53:58,27.859,0.359,2.636,17.475,0,none,SYNTHETIC_DEMO_DATA
2089,Chennai Coast,13.27982,79.94302,2025-09-11 12:48:49,28.618,-0.582,2.706,13.08,0,none,SYNTHETIC_DEMO_DATA
2090,Sundarbans,21.90433,89.10178,2025-09-11 15:43:40,27.595,-0.605,2.755,24.039,0,none,SYNTHETIC_DEMO_DATA
2091,Andaman & Nicobar,11.76051,92.44483,2025-09-11 18:38:31,28.441,-0.559,3.032,22.772,0,none,SYNTHETIC_DEMO_DATA
2092,Chennai Coast,12.99569,80.46202,2025-09-11 21:33:22,30.791,1.591,2.553,18.304,1,anticyclonic,SYNTHETIC_DEMO_DATA
2093,Andaman & Nicobar,11.7294,92.72109,2025-09-12 00:28:13,28.895,-0.105,3.027,25.939,0,none,SYNTHETIC_DEMO_DATA
2094,Odisha Coast,19.78091,85.86777,2025-09-12 03:23:04,29.643,0.643,1.719,18.516,0,none,SYNTHETIC_DEMO_DATA
2095,Odisha Coast,20.18799,85.99512,2025-09-12 06:17:55,30.06,1.06,2.5,19.677,1,cyclonic,SYNTHETIC_DEMO_DATA
2096,Goa Coast,15.69347,73.71042,2025-09-12 09:12:46,27.935,-0.265,2.247,18.528,0,none,SYNTHETIC_DEMO_DATA
2097,Lakshadweep,10.56628,72.53899,2025-09-12 12:07:38,27.567,-0.933,2.699,20.367,0,none,SYNTHETIC_DEMO_DATA
2098,Andaman & Nicobar,11.8554,92.38525,2025-09-12 15:02:29,29.353,0.353,2.456,23.609,1,cyclonic,SYNTHETIC_DEMO_DATA
2099,Goa Coast,15.44008,73.9098,2025-09-12 17:57:20,28.026,-0.174,2.591,18.391,0,none,SYNTHETIC_DEMO_DATA
2100,Visakhapatnam,17.89604,83.40662,2025-09-12 20:52:11,26.893,-1.607,3.039,24.863,0,none,SYNTHETIC_DEMO_DATA
2101,Lakshadweep,10.77913,72.70484,2025-09-12 23:47:02,28.317,-0.183,2.035,15.638,0,none,SYNTHETIC_DEMO_DATA
2102,Gujarat Coast,22.29416,69.18315,2025-09-13 02:41:53,27.95,0.45,2.652,15.775,1,anticyclonic,SYNTHETIC_DEMO_DATA
2103,Odisha Coast,20.079,85.8632,2025-09-13 05:36:44,29.258,0.258,2.707,23.694,1,anticyclonic,SYNTHETIC_DEMO_DATA
2104,Odisha Coast,19.7812,85.93625,2025-09-13 08:31:35,29.169,0.169,2.61,20.95,1,cyclonic,SYNTHETIC_DEMO_DATA
2105,Andaman & Nicobar,11.40514,92.53417,2025-09-13 11:26:26,28.899,-0.101,2.793,20.543,1,cyclonic,SYNTHETIC_DEMO_DATA
2106,Visakhapatnam,18.02292,83.28047,2025-09-13 14:21:17,28.375,-0.125,1.64,14.67,0,none,SYNTHETIC_DEMO_DATA
2107,Goa Coast,15.2778,73.51566,2025-09-13 17:16:08,27.349,-0.851,3.356,28.655,0,none,SYNTHETIC_DEMO_DATA
2108,Odisha Coast,19.77259,85.60753,2025-09-13 20:10:59,29.078,0.078,2.518,17.436,0,none,SYNTHETIC_DEMO_DATA
2109,Visakhapatnam,17.82952,83.09645,2025-09-13 23:05:50,28.495,-0.005,2.113,15.367,0,none,SYNTHETIC_DEMO_DATA
2110,Visakhapatnam,17.72094,83.47476,2025-09-14 02:00:41,28.445,-0.055,1.853,17.875,1,cyclonic,SYNTHETIC_DEMO_DATA
2111,Visakhapatnam,17.69917,83.14912,2025-09-14 04:55:32,29.653,1.153,2.17,17.553,1,cyclonic,SYNTHETIC_DEMO_DATA
2112,Gujarat Coast,22.37227,69.31519,2025-09-14 07:50:23,27.748,0.248,2.129,14.111,1,anticyclonic,SYNTHETIC_DEMO_DATA
2113,Lakshadweep,10.47924,72.13801,2025-09-14 10:45:14,28.654,0.154,1.75,16.349,0,none,SYNTHETIC_DEMO_DATA
2114,Lakshadweep,10.88952,72.5809,2025-09-14 13:40:06,27.562,-0.938,1.732,15.09,1,cyclonic,SYNTHETIC_DEMO_DATA
2115,Goa Coast,15.33727,73.91124,2025-09-14 16:34:57,27.779,-0.421,2.045,18.492,0,none,SYNTHETIC_DEMO_DATA
2116,Visakhapatnam,17.46447,83.3455,2025-09-14 19:29:48,28.539,0.039,3.72,28.253,0,none,SYNTHETIC_DEMO_DATA
2117,Lakshadweep,10.68323,72.58333,2025-09-14 22:24:39,29.094,0.594,1.525,14.902,1,cyclonic,SYNTHETIC_DEMO_DATA
2118,Mumbai Coast,19.20219,72.68292,2025-09-15 01:19:30,28.919,0.919,3.109,26.907,0,none,SYNTHETIC_DEMO_DATA
2119,Mumbai Coast,19.09524,72.92123,2025-09-15 04:14:21,26.433,-1.567,2.664,21.815,0,none,SYNTHETIC_DEMO_DATA
2120,Goa Coast,15.64495,73.68779,2025-09-15 07:09:12,27.666,-0.534,2.307,21.652,1,anticyclonic,SYNTHETIC_DEMO_DATA
2121,Goa Coast,15.75487,73.71054,2025-09-15 10:04:03,28.461,0.261,2.964,26.943,0,none,SYNTHETIC_DEMO_DATA
2122,Lakshadweep,10.54632,72.22588,2025-09-15 12:58:54,27.835,-0.665,1.479,12.639,1,anticyclonic,SYNTHETIC_DEMO_DATA
2123,Mumbai Coast,19.18028,72.72894,2025-09-15 15:53:45,28.113,0.113,2.48,17.79,0,none,SYNTHETIC_DEMO_DATA
2124,Gujarat Coast,22.32972,70.06272,2025-09-15 18:48:36,25.064,-2.436,2.174,17.855,1,anticyclonic,SYNTHETIC_DEMO_DATA
2125,Goa Coast,15.29683,73.75656,2025-09-15 21:43:27,28.839,0.639,2.724,19.321,1,cyclonic,SYNTHETIC_DEMO_DATA
2126,Visakhapatnam,17.70808,83.35815,2025-09-16 00:38:18,29.001,0.501,2.003,13.654,0,none,SYNTHETIC_DEMO_DATA
2127,Chennai Coast,12.69443,79.84131,2025-09-16 03:33:09,29.148,-0.052,1.852,13.81,1,cyclonic,SYNTHETIC_DEMO_DATA
2128,Gujarat Coast,22.38072,68.92186,2025-09-16 06:28:00,28.683,1.183,2.283,14.028,1,cyclonic,SYNTHETIC_DEMO_DATA
2129,Sundarbans,21.8348,88.97973,2025-09-16 09:22:51,27.051,-1.149,2.954,25.819,0,none,SYNTHETIC_DEMO_DATA
2130,Chennai Coast,13.09639,80.2371,2025-09-16 12:17:42,28.429,-0.771,2.226,17.589,1,anticyclonic,SYNTHETIC_DEMO_DATA
2131,Goa Coast,15.40891,73.96921,2025-09-16 15:12:33,28.021,-0.179,2.196,18.142,1,anticyclonic,SYNTHETIC_DEMO_DATA
2132,Lakshadweep,10.37845,72.8978,2025-09-16 18:07:25,29.17,0.67,2.275,19.131,0,none,SYNTHETIC_DEMO_DATA
2133,Mumbai Coast,19.15022,72.40087,2025-09-16 21:02:16,27.47,-0.53,3.301,26.453,1,anticyclonic,SYNTHETIC_DEMO_DATA
2134,Chennai Coast,13.4373,79.84932,2025-09-16 23:57:07,29.078,-0.122,2.625,23.205,0,none,SYNTHETIC_DEMO_DATA
2135,Kerala Coast,9.72802,76.48774,2025-09-17 02:51:58,28.23,-0.07,2.903,23.151,0,none,SYNTHETIC_DEMO_DATA
2136,Gujarat Coast,22.33036,69.82808,2025-09-17 05:46:49,28.797,1.297,2.437,17.417,1,cyclonic,SYNTHETIC_DEMO_DATA
2137,Mumbai Coast,18.94877,72.96605,2025-09-17 08:41:40,28.509,0.509,3.385,25.224,1,anticyclonic,SYNTHETIC_DEMO_DATA
2138,Sundarbans,21.40221,89.46898,2025-09-17 11:36:31,28.017,-0.183,1.889,17.302,1,anticyclonic,SYNTHETIC_DEMO_DATA
2139,Mumbai Coast,18.89041,73.01628,2025-09-17 14:31:22,28.013,0.013,2.128,18.462,1,anticyclonic,SYNTHETIC_DEMO_DATA
2140,Kerala Coast,9.77461,76.30053,2025-09-17 17:26:13,27.931,-0.369,2.927,25.009,0,none,SYNTHETIC_DEMO_DATA
2141,Goa Coast,15.84181,73.84604,2025-09-17 20:21:04,27.903,-0.297,3.12,25.954,0,none,SYNTHETIC_DEMO_DATA
2142,Andaman & Nicobar,11.44694,92.43068,2025-09-17 23:15:55,29.491,0.491,2.666,25.654,0,none,SYNTHETIC_DEMO_DATA
2143,Lakshadweep,10.64534,72.68395,2025-09-18 02:10:46,30.016,1.516,2.374,16.684,1,cyclonic,SYNTHETIC_DEMO_DATA
2144,Gujarat Coast,22.24827,69.6123,2025-09-18 05:05:37,25.773,-1.727,2.032,14.143,1,anticyclonic,SYNTHETIC_DEMO_DATA
2145,Chennai Coast,13.00145,80.37849,2025-09-18 08:00:28,30.467,1.267,2.95,23.685,1,cyclonic,SYNTHETIC_DEMO_DATA
2146,Kerala Coast,9.84283,76.22163,2025-09-18 10:55:19,28.754,0.454,2.866,20.459,1,anticyclonic,SYNTHETIC_DEMO_DATA
2147,Odisha Coast,19.55162,85.85737,2025-09-18 13:50:10,30.769,1.769,3.286,24.605,1,cyclonic,SYNTHETIC_DEMO_DATA
2148,Lakshadweep,10.54814,72.81827,2025-09-18 16:45:01,28.155,-0.345,1.987,13.367,0,none,SYNTHETIC_DEMO_DATA
2149,Andaman & Nicobar,11.59265,92.79696,2025-09-18 19:39:53,29.072,0.072,2.901,26.233,0,none,SYNTHETIC_DEMO_DATA
2150,Andaman & Nicobar,11.63992,92.62091,2025-09-18 22:34:44,29.34,0.34,2.993,21.705,0,none,SYNTHETIC_DEMO_DATA
2151,Chennai Coast,13.31013,80.33423,2025-09-19 01:29:35,28.99,-0.21,2.404,18.24,0,none,SYNTHETIC_DEMO_DATA
2152,Chennai Coast,13.48582,80.57507,2025-09-19 04:24:26,30.27,1.07,2.329,20.308,0,none,SYNTHETIC_DEMO_DATA
2153,Andaman & Nicobar,11.89905,92.59972,2025-09-19 07:19:17,29.944,0.944,1.834,13.103,0,none,SYNTHETIC_DEMO_DATA
2154,Mumbai Coast,18.53058,72.88514,2025-09-19 10:14:08,27.317,-0.683,1.899,21.566,0,none,SYNTHETIC_DEMO_DATA
2155,Goa Coast,14.92849,73.75908,2025-09-19 13:08:59,28.264,0.064,1.812,19.706,1,cyclonic,SYNTHETIC_DEMO_DATA
2156,Kerala Coast,9.98785,76.54831,2025-09-19 16:03:50,28.792,0.492,3.276,24.67,0,none,SYNTHETIC_DEMO_DATA
2157,Kerala Coast,9.87821,76.75982,2025-09-19 18:58:41,28.84,0.54,2.545,21.984,1,anticyclonic,SYNTHETIC_DEMO_DATA
2158,Gujarat Coast,22.383,69.6143,2025-09-19 21:53:32,27.914,0.414,1.816,21.294,1,anticyclonic,SYNTHETIC_DEMO_DATA
2159,Andaman & Nicobar,11.91318,92.71859,2025-09-20 00:48:23,27.66,-1.34,2.814,16.63,0,none,SYNTHETIC_DEMO_DATA
2160,Chennai Coast,12.90359,80.11122,2025-09-20 03:43:14,27.796,-1.404,2.618,14.558,1,cyclonic,SYNTHETIC_DEMO_DATA
2161,Andaman & Nicobar,11.8533,92.69499,2025-09-20 06:38:05,29.192,0.192,3.229,24.503,0,none,SYNTHETIC_DEMO_DATA
2162,Visakhapatnam,17.72665,82.99363,2025-09-20 09:32:56,27.193,-1.307,2.379,15.639,1,cyclonic,SYNTHETIC_DEMO_DATA
2163,Kerala Coast,9.72276,76.29986,2025-09-20 12:27:47,27.152,-1.148,3.377,28.276,1,cyclonic,SYNTHETIC_DEMO_DATA
2164,Lakshadweep,10.67334,72.70858,2025-09-20 15:22:38,28.758,0.258,2.493,14.698,0,none,SYNTHETIC_DEMO_DATA
2165,Lakshadweep,10.42524,73.08481,2025-09-20 18:17:29,29.36,0.86,2.699,19.249,0,none,SYNTHETIC_DEMO_DATA
2166,Lakshadweep,10.44427,72.77334,2025-09-20 21:12:21,28.153,-0.347,3.191,17.653,1,cyclonic,SYNTHETIC_DEMO_DATA
2167,Chennai Coast,13.29629,80.18569,2025-09-21 00:07:12,29.053,-0.147,1.193,13.17,0,none,SYNTHETIC_DEMO_DATA
2168,Andaman & Nicobar,11.81448,92.72815,2025-09-21 03:02:03,28.262,-0.738,1.916,20.806,0,none,SYNTHETIC_DEMO_DATA
2169,Lakshadweep,10.61416,72.75198,2025-09-21 05:56:54,27.369,-1.131,2.449,19.468,1,cyclonic,SYNTHETIC_DEMO_DATA
2170,Lakshadweep,10.41394,72.55431,2025-09-21 08:51:45,29.275,0.775,2.535,20.065,0,none,SYNTHETIC_DEMO_DATA
2171,Sundarbans,21.95892,89.21382,2025-09-21 11:46:36,28.838,0.638,2.148,17.436,0,none,SYNTHETIC_DEMO_DATA
2172,Goa Coast,15.26818,74.1522,2025-09-21 14:41:27,27.545,-0.655,3.035,23.028,1,cyclonic,SYNTHETIC_DEMO_DATA
2173,Lakshadweep,10.58378,72.84529,2025-09-21 17:36:18,28.993,0.493,2.409,19.318,0,none,SYNTHETIC_DEMO_DATA
2174,Goa Coast,15.86936,73.82646,2025-09-21 20:31:09,26.801,-1.399,2.421,19.505,1,anticyclonic,SYNTHETIC_DEMO_DATA
2175,Visakhapatnam,17.54757,83.13381,2025-09-21 23:26:00,28.609,0.109,2.615,21.536,1,cyclonic,SYNTHETIC_DEMO_DATA
2176,Goa Coast,15.33151,73.80884,2025-09-22 02:20:51,27.472,-0.728,2.58,21.75,1,cyclonic,SYNTHETIC_DEMO_DATA
2177,Odisha Coast,19.83671,86.25655,2025-09-22 05:15:42,28.133,-0.867,2.827,24.695,0,none,SYNTHETIC_DEMO_DATA
2178,Kerala Coast,9.62191,76.47949,2025-09-22 08:10:33,28.463,0.163,2.47,25.557,0,none,SYNTHETIC_DEMO_DATA
2179,Gujarat Coast,22.36097,69.5685,2025-09-22 11:05:24,28.395,0.895,2.242,25.745,1,cyclonic,SYNTHETIC_DEMO_DATA
2180,Kerala Coast,10.09824,76.18882,2025-09-22 14:00:15,27.396,-0.904,2.983,24.752,1,cyclonic,SYNTHETIC_DEMO_DATA
2181,Gujarat Coast,22.04337,69.57206,2025-09-22 16:55:06,26.292,-1.208,1.704,12.611,1,anticyclonic,SYNTHETIC_DEMO_DATA
2182,Visakhapatnam,17.83818,83.6255,2025-09-22 19:49:57,27.941,-0.559,2.94,22.015,1,cyclonic,SYNTHETIC_DEMO_DATA
2183,Gujarat Coast,22.33322,69.77157,2025-09-22 22:44:49,26.708,-0.792,2.674,19.972,1,cyclonic,SYNTHETIC_DEMO_DATA
2184,Gujarat Coast,22.24763,69.88519,2025-09-23 01:39:40,26.748,-0.752,1.759,12.807,0,none,SYNTHETIC_DEMO_DATA
2185,Gujarat Coast,22.05936,69.96856,2025-09-23 04:34:31,27.391,-0.109,1.289,19.425,0,none,SYNTHETIC_DEMO_DATA
2186,Visakhapatnam,17.78937,83.43849,2025-09-23 07:29:22,28.831,0.331,2.085,16.832,0,none,SYNTHETIC_DEMO_DATA
2187,Chennai Coast,13.18748,80.54664,2025-09-23 10:24:13,29.27,0.07,2.575,19.904,1,anticyclonic,SYNTHETIC_DEMO_DATA
2188,Visakhapatnam,17.57101,83.31367,2025-09-23 13:19:04,29.937,1.437,1.305,10.029,0,none,SYNTHETIC_DEMO_DATA
2189,Kerala Coast,9.8387,76.45314,2025-09-23 16:13:55,27.8,-0.5,2.582,19.086,0,none,SYNTHETIC_DEMO_DATA
2190,Mumbai Coast,19.06026,72.76525,2025-09-23 19:08:46,28.704,0.704,2.677,30.639,0,none,SYNTHETIC_DEMO_DATA
2191,Chennai Coast,12.62962,80.5025,2025-09-23 22:03:37,28.96,-0.24,1.834,11.059,1,anticyclonic,SYNTHETIC_DEMO_DATA
2192,Kerala Coast,9.93076,76.3294,2025-09-24 00:58:28,27.908,-0.392,3.08,21.025,0,none,SYNTHETIC_DEMO_DATA
2193,Visakhapatnam,17.75266,83.36528,2025-09-24 03:53:19,29.093,0.593,2.215,20.183,1,cyclonic,SYNTHETIC_DEMO_DATA
2194,Visakhapatnam,17.69037,83.44993,2025-09-24 06:48:10,28.897,0.397,2.498,21.042,0,none,SYNTHETIC_DEMO_DATA
2195,Gujarat Coast,22.11235,69.75433,2025-09-24 09:43:01,26.987,-0.513,2.81,19.486,1,cyclonic,SYNTHETIC_DEMO_DATA
2196,Andaman & Nicobar,11.87739,92.84814,2025-09-24 12:37:52,28.915,-0.085,1.932,16.798,0,none,SYNTHETIC_DEMO_DATA
2197,Visakhapatnam,17.43025,83.35293,2025-09-24 15:32:43,28.473,-0.027,1.787,18.539,0,none,SYNTHETIC_DEMO_DATA
2198,Andaman & Nicobar,11.74879,92.90183,2025-09-24 18:27:34,29.557,0.557,3.375,24.01,0,none,SYNTHETIC_DEMO_DATA
2199,Mumbai Coast,19.19809,73.02777,2025-09-24 21:22:25,27.085,-0.915,3.37,25.131,1,cyclonic,SYNTHETIC_DEMO_DATA
2200,Odisha Coast,19.87713,85.7637,2025-09-25 00:17:17,28.204,-0.796,2.081,22.234,0,none,SYNTHETIC_DEMO_DATA
2201,Chennai Coast,13.39139,80.5237,2025-09-25 03:12:08,28.782,-0.418,1.6,11.927,0,none,SYNTHETIC_DEMO_DATA
2202,Sundarbans,21.61485,88.76398,2025-09-25 06:06:59,28.437,0.237,1.823,19.516,0,none,SYNTHETIC_DEMO_DATA
2203,Sundarbans,21.88757,89.01777,2025-09-25 09:01:50,28.285,0.085,2.86,24.018,0,none,SYNTHETIC_DEMO_DATA
2204,Chennai Coast,13.19169,80.46184,2025-09-25 11:56:41,29.741,0.541,2.316,17.035,1,anticyclonic,SYNTHETIC_DEMO_DATA
2205,Kerala Coast,10.12673,76.29387,2025-09-25 14:51:32,29.477,1.177,2.037,20.801,1,cyclonic,SYNTHETIC_DEMO_DATA
2206,Goa Coast,15.12254,73.35858,2025-09-25 17:46:23,27.773,-0.427,2.323,15.244,1,cyclonic,SYNTHETIC_DEMO_DATA
2207,Odisha Coast,19.99833,85.90711,2025-09-25 20:41:14,28.983,-0.017,2.811,19.179,0,none,SYNTHETIC_DEMO_DATA
2208,Andaman & Nicobar,11.6966,92.5501,2025-09-25 23:36:05,28.04,-0.96,2.488,18.849,1,cyclonic,SYNTHETIC_DEMO_DATA
2209,Visakhapatnam,17.97674,83.17256,2025-09-26 02:30:56,27.754,-0.746,2.87,19.54,1,anticyclonic,SYNTHETIC_DEMO_DATA
2210,Odisha Coast,19.8371,85.73931,2025-09-26 05:25:47,30.211,1.211,2.388,20.37,1,anticyclonic,SYNTHETIC_DEMO_DATA
2211,Gujarat Coast,22.14833,69.35827,2025-09-26 08:20:38,27.673,0.173,2.428,13.915,1,anticyclonic,SYNTHETIC_DEMO_DATA
2212,Goa Coast,15.76057,73.93613,2025-09-26 11:15:29,27.517,-0.683,2.62,27.159,0,none,SYNTHETIC_DEMO_DATA
2213,Gujarat Coast,22.37448,69.88722,2025-09-26 14:10:20,26.92,-0.58,1.715,12.734,0,none,SYNTHETIC_DEMO_DATA
2214,Odisha Coast,19.71523,85.6925,2025-09-26 17:05:11,28.319,-0.681,3.535,32.269,1,cyclonic,SYNTHETIC_DEMO_DATA
2215,Odisha Coast,20.12827,85.93141,2025-09-26 20:00:02,29.781,0.781,3.01,21.865,1,anticyclonic,SYNTHETIC_DEMO_DATA
2216,Chennai Coast,13.27828,80.08673,2025-09-26 22:54:53,28.365,-0.835,1.869,14.095,1,anticyclonic,SYNTHETIC_DEMO_DATA
2217,Kerala Coast,10.03928,76.55924,2025-09-27 01:49:44,28.326,0.026,2.283,18.992,1,anticyclonic,SYNTHETIC_DEMO_DATA
2218,Lakshadweep,10.59744,72.5619,2025-09-27 04:44:36,28.218,-0.282,2.789,27.321,1,cyclonic,SYNTHETIC_DEMO_DATA
2219,Visakhapatnam,17.91053,83.33422,2025-09-27 07:39:27,29.066,0.566,1.497,12.883,0,none,SYNTHETIC_DEMO_DATA
2220,Odisha Coast,19.83084,85.92682,2025-09-27 10:34:18,28.389,-0.611,2.882,21.243,0,none,SYNTHETIC_DEMO_DATA
2221,Lakshadweep,10.58661,72.43069,2025-09-27 13:29:09,28.14,-0.36,1.878,21.45,0,none,SYNTHETIC_DEMO_DATA
2222,Odisha Coast,19.70326,85.73198,2025-09-27 16:24:00,28.973,-0.027,2.17,19.316,1,anticyclonic,SYNTHETIC_DEMO_DATA
2223,Sundarbans,21.735,89.22737,2025-09-27 19:18:51,29.522,1.322,3.9,30.441,0,none,SYNTHETIC_DEMO_DATA
2224,Kerala Coast,10.05518,75.70054,2025-09-27 22:13:42,28.054,-0.246,3.234,31.047,1,anticyclonic,SYNTHETIC_DEMO_DATA
2225,Kerala Coast,9.98985,76.42904,2025-09-28 01:08:33,27.736,-0.564,2.698,23.598,0,none,SYNTHETIC_DEMO_DATA
2226,Gujarat Coast,21.8385,69.64743,2025-09-28 04:03:24,27.649,0.149,1.941,14.452,0,none,SYNTHETIC_DEMO_DATA
2227,Andaman & Nicobar,11.70631,92.37621,2025-09-28 06:58:15,29.696,0.696,2.702,21.911,1,anticyclonic,SYNTHETIC_DEMO_DATA
2228,Lakshadweep,10.4938,72.61717,2025-09-28 09:53:06,28.989,0.489,1.805,16.547,1,anticyclonic,SYNTHETIC_DEMO_DATA
2229,Visakhapatnam,18.10661,83.05449,2025-09-28 12:47:57,28.359,-0.141,1.739,15.141,0,none,SYNTHETIC_DEMO_DATA
2230,Lakshadweep,10.58499,72.6909,2025-09-28 15:42:48,27.938,-0.562,3.114,26.463,1,cyclonic,SYNTHETIC_DEMO_DATA
2231,Gujarat Coast,22.50166,69.68812,2025-09-28 18:37:39,27.564,0.064,2.354,20.219,0,none,SYNTHETIC_DEMO_DATA
2232,Sundarbans,22.00598,89.02482,2025-09-28 21:32:30,28.515,0.315,3.613,24.706,0,none,SYNTHETIC_DEMO_DATA
2233,Lakshadweep,10.72578,72.61864,2025-09-29 00:27:21,27.347,-1.153,2.496,18.119,0,none,SYNTHETIC_DEMO_DATA
2234,Odisha Coast,19.69406,85.7637,2025-09-29 03:22:12,29.166,0.166,2.884,23.005,0,none,SYNTHETIC_DEMO_DATA
2235,Mumbai Coast,18.93504,72.788,2025-09-29 06:17:04,27.263,-0.737,2.573,22.102,0,none,SYNTHETIC_DEMO_DATA
2236,Goa Coast,15.66228,73.87929,2025-09-29 09:11:55,28.519,0.319,1.757,16.305,1,cyclonic,SYNTHETIC_DEMO_DATA
2237,Visakhapatnam,17.91919,83.22657,2025-09-29 12:06:46,28.493,-0.007,2.129,15.955,1,anticyclonic,SYNTHETIC_DEMO_DATA
2238,Visakhapatnam,17.63646,83.00152,2025-09-29 15:01:37,27.793,-0.707,2.213,16.898,0,none,SYNTHETIC_DEMO_DATA
2239,Kerala Coast,10.21963,76.41072,2025-09-29 17:56:28,28.9,0.6,2.534,27.745,0,none,SYNTHETIC_DEMO_DATA
2240,Andaman & Nicobar,11.62758,92.68629,2025-09-29 20:51:19,30.308,1.308,2.322,20.882,1,cyclonic,SYNTHETIC_DEMO_DATA
2241,Visakhapatnam,17.63034,83.39095,2025-09-29 23:46:10,28.82,0.32,2.813,21.193,0,none,SYNTHETIC_DEMO_DATA
2242,Gujarat Coast,22.33376,69.8398,2025-09-30 02:41:01,26.54,-0.96,2.123,13.495,0,none,SYNTHETIC_DEMO_DATA
2243,Kerala Coast,10.17539,76.37487,2025-09-30 05:35:52,27.781,-0.519,3.525,30.904,1,anticyclonic,SYNTHETIC_DEMO_DATA
2244,Odisha Coast,20.10449,85.88838,2025-09-30 08:30:43,30.158,1.158,2.018,19.588,1,anticyclonic,SYNTHETIC_DEMO_DATA
2245,Goa Coast,15.50697,73.85391,2025-09-30 11:25:34,28.323,0.123,2.624,17.839,1,anticyclonic,SYNTHETIC_DEMO_DATA
2246,Andaman & Nicobar,11.88817,92.55932,2025-09-30 14:20:25,28.635,-0.365,2.385,18.463,0,none,SYNTHETIC_DEMO_DATA
2247,Mumbai Coast,18.97387,72.69313,2025-09-30 17:15:16,26.975,-1.025,2.428,24.232,0,none,SYNTHETIC_DEMO_DATA
2248,Odisha Coast,19.95611,85.80272,2025-09-30 20:10:07,29.49,0.49,2.187,22.011,0,none,SYNTHETIC_DEMO_DATA
2249,Odisha Coast,19.7853,85.41874,2025-09-30 23:04:58,29.356,0.356,2.676,22.06,1,cyclonic,SYNTHETIC_DEMO_DATA
2250,Kerala Coast,10.22772,76.34863,2025-10-01 01:59:49,27.71,0.16,2.179,14.643,0,none,SYNTHETIC_DEMO_DATA
2251,Mumbai Coast,18.85702,72.89326,2025-10-01 04:54:40,26.706,-0.544,1.547,11.447,1,cyclonic,SYNTHETIC_DEMO_DATA
2252,Mumbai Coast,18.962,72.8219,2025-10-01 07:49:32,27.657,0.407,0.877,10.765,1,anticyclonic,SYNTHETIC_DEMO_DATA
2253,Visakhapatnam,17.73771,83.24565,2025-10-01 10:44:23,28.306,0.556,1.176,7.782,0,none,SYNTHETIC_DEMO_DATA
2254,Mumbai Coast,19.18796,72.89736,2025-10-01 13:39:14,26.658,-0.592,1.29,13.49,0,none,SYNTHETIC_DEMO_DATA
2255,Visakhapatnam,17.63308,82.85825,2025-10-01 16:34:05,27.309,-0.441,2.209,19.064,1,cyclonic,SYNTHETIC_DEMO_DATA
2256,Gujarat Coast,21.96446,69.8534,2025-10-01 19:28:56,26.059,-0.691,1.036,5.697,0,none,SYNTHETIC_DEMO_DATA
2257,Goa Coast,15.24901,73.80585,2025-10-01 22:23:47,28.177,0.727,1.81,11.099,1,cyclonic,SYNTHETIC_DEMO_DATA
2258,Gujarat Coast,22.13852,69.3416,2025-10-02 01:18:38,26.811,0.061,0.628,4.824,0,none,SYNTHETIC_DEMO_DATA
2259,Sundarbans,21.95216,89.28143,2025-10-02 04:13:29,28.546,1.096,0.959,4.077,0,none,SYNTHETIC_DEMO_DATA
2260,Lakshadweep,10.55272,72.50446,2025-10-02 07:08:20,28.389,0.639,1.135,14.298,0,none,SYNTHETIC_DEMO_DATA
2261,Sundarbans,21.55865,88.98915,2025-10-02 10:03:11,27.232,-0.218,1.731,15.911,0,none,SYNTHETIC_DEMO_DATA
2262,Lakshadweep,10.66178,72.80055,2025-10-02 12:58:02,26.877,-0.873,1.709,10.561,1,cyclonic,SYNTHETIC_DEMO_DATA
2263,Sundarbans,21.70368,88.98606,2025-10-02 15:52:53,27.428,-0.022,1.68,13.211,0,none,SYNTHETIC_DEMO_DATA
2264,Mumbai Coast,18.70159,72.60526,2025-10-02 18:47:44,27.678,0.428,1.978,9.678,1,anticyclonic,SYNTHETIC_DEMO_DATA
2265,Odisha Coast,19.6971,85.71914,2025-10-02 21:42:35,26.764,-1.486,1.811,14.253,1,cyclonic,SYNTHETIC_DEMO_DATA
2266,Sundarbans,22.0393,89.13576,2025-10-03 00:37:26,27.273,-0.177,1.408,8.455,0,none,SYNTHETIC_DEMO_DATA
2267,Gujarat Coast,22.2974,69.15731,2025-10-03 03:32:17,26.685,-0.065,1.07,6.051,1,cyclonic,SYNTHETIC_DEMO_DATA
2268,Goa Coast,15.59025,74.02508,2025-10-03 06:27:08,29.201,1.751,1.799,10.481,0,none,SYNTHETIC_DEMO_DATA
2269,Odisha Coast,19.62525,85.95232,2025-10-03 09:22:00,28.089,-0.161,1.18,9.868,1,anticyclonic,SYNTHETIC_DEMO_DATA
2270,Lakshadweep,10.39655,72.60899,2025-10-03 12:16:51,27.237,-0.513,0.943,7.931,0,none,SYNTHETIC_DEMO_DATA
2271,Chennai Coast,12.74148,80.30322,2025-10-03 15:11:42,29.558,1.108,0.848,6.226,0,none,SYNTHETIC_DEMO_DATA
2272,Chennai Coast,13.11822,80.48329,2025-10-03 18:06:33,29.046,0.596,0.883,8.702,0,none,SYNTHETIC_DEMO_DATA
2273,Visakhapatnam,17.90536,83.34127,2025-10-03 21:01:24,27.455,-0.295,0.804,5.417,0,none,SYNTHETIC_DEMO_DATA
2274,Kerala Coast,9.5562,76.11795,2025-10-03 23:56:15,26.421,-1.129,1.473,13.751,1,cyclonic,SYNTHETIC_DEMO_DATA
2275,Odisha Coast,19.8526,85.78671,2025-10-04 02:51:06,27.958,-0.292,1.839,15.406,0,none,SYNTHETIC_DEMO_DATA
2276,Kerala Coast,10.10132,76.34159,2025-10-04 05:45:57,26.938,-0.612,1.042,8.668,0,none,SYNTHETIC_DEMO_DATA
2277,Visakhapatnam,17.52378,83.45265,2025-10-04 08:40:48,27.904,0.154,1.263,10.84,0,none,SYNTHETIC_DEMO_DATA
2278,Sundarbans,22.00937,89.19057,2025-10-04 11:35:39,26.22,-1.23,1.137,7.293,1,anticyclonic,SYNTHETIC_DEMO_DATA
2279,Chennai Coast,13.67117,80.48861,2025-10-04 14:30:30,27.86,-0.59,0.904,8.631,0,none,SYNTHETIC_DEMO_DATA
2280,Gujarat Coast,22.56065,69.6834,2025-10-04 17:25:21,26.247,-0.503,1.017,3.392,1,anticyclonic,SYNTHETIC_DEMO_DATA
2281,Goa Coast,15.22763,73.65787,2025-10-04 20:20:12,28.932,1.482,1.712,9.009,0,none,SYNTHETIC_DEMO_DATA
2282,Chennai Coast,12.77223,80.51806,2025-10-04 23:15:03,26.878,-1.572,1.309,3.424,1,anticyclonic,SYNTHETIC_DEMO_DATA
2283,Chennai Coast,12.91583,80.37234,2025-10-05 02:09:54,27.9,-0.55,2.279,13.133,0,none,SYNTHETIC_DEMO_DATA
2284,Goa Coast,15.34269,73.9833,2025-10-05 05:04:45,27.553,0.103,1.708,9.675,0,none,SYNTHETIC_DEMO_DATA
2285,Gujarat Coast,22.45557,69.31323,2025-10-05 07:59:36,27.839,1.089,1.554,11.163,1,anticyclonic,SYNTHETIC_DEMO_DATA
2286,Andaman & Nicobar,11.59323,92.67577,2025-10-05 10:54:28,29.196,0.946,1.064,5.026,0,none,SYNTHETIC_DEMO_DATA
2287,Lakshadweep,10.24862,72.78469,2025-10-05 13:49:19,28.095,0.345,1.762,12.306,0,none,SYNTHETIC_DEMO_DATA
2288,Andaman & Nicobar,11.95169,92.78256,2025-10-05 16:44:10,28.383,0.133,0.752,2.648,1,anticyclonic,SYNTHETIC_DEMO_DATA
2289,Lakshadweep,10.67599,72.58067,2025-10-05 19:39:01,27.18,-0.57,1.186,7.912,1,cyclonic,SYNTHETIC_DEMO_DATA
2290,Kerala Coast,9.95613,76.00484,2025-10-05 22:33:52,29.56,2.01,1.67,14.28,0,none,SYNTHETIC_DEMO_DATA
2291,Chennai Coast,13.15191,80.19272,2025-10-06 01:28:43,26.882,-1.568,0.74,0.544,1,anticyclonic,SYNTHETIC_DEMO_DATA
2292,Chennai Coast,13.08064,80.14141,2025-10-06 04:23:34,27.686,-0.764,1.251,9.335,1,cyclonic,SYNTHETIC_DEMO_DATA
2293,Visakhapatnam,17.79455,83.38308,2025-10-06 07:18:25,27.661,-0.089,2.026,11.925,1,cyclonic,SYNTHETIC_DEMO_DATA
2294,Goa Coast,15.27785,73.7477,2025-10-06 10:13:16,25.887,-1.563,1.777,11.403,0,none,SYNTHETIC_DEMO_DATA
2295,Goa Coast,15.67996,73.47145,2025-10-06 13:08:07,28.081,0.631,1.949,13.264,0,none,SYNTHETIC_DEMO_DATA
2296,Andaman & Nicobar,11.69191,92.55384,2025-10-06 16:02:58,28.301,0.051,1.229,12.447,1,anticyclonic,SYNTHETIC_DEMO_DATA
2297,Odisha Coast,19.94315,86.10225,2025-10-06 18:57:49,30.05,1.8,1.475,12.101,1,cyclonic,SYNTHETIC_DEMO_DATA
2298,Kerala Coast,10.11102,76.55408,2025-10-06 21:52:40,28.605,1.055,0.759,8.408,0,none,SYNTHETIC_DEMO_DATA
2299,Visakhapatnam,18.08929,83.41104,2025-10-07 00:47:31,27.132,-0.618,1.654,11.189,1,cyclonic,SYNTHETIC_DEMO_DATA
2300,Andaman & Nicobar,11.51023,92.70346,2025-10-07 03:42:22,27.987,-0.263,1.19,3.004,0,none,SYNTHETIC_DEMO_DATA
2301,Visakhapatnam,17.6604,83.08141,2025-10-07 06:37:13,27.97,0.22,1.308,9.51,1,anticyclonic,SYNTHETIC_DEMO_DATA
2302,Odisha Coast,19.83051,85.79911,2025-10-07 09:32:04,27.062,-1.188,1.051,7.604,0,none,SYNTHETIC_DEMO_DATA
2303,Mumbai Coast,19.00911,72.88931,2025-10-07 12:26:56,27.984,0.734,1.114,6.867,0,none,SYNTHETIC_DEMO_DATA
2304,Andaman & Nicobar,11.82798,92.84141,2025-10-07 15:21:47,26.862,-1.388,2.003,9.612,1,anticyclonic,SYNTHETIC_DEMO_DATA
2305,Lakshadweep,11.02156,72.22689,2025-10-07 18:16:38,27.392,-0.358,1.084,8.103,1,cyclonic,SYNTHETIC_DEMO_DATA
2306,Sundarbans,22.25305,89.28679,2025-10-07 21:11:29,27.413,-0.037,0.963,6.983,1,anticyclonic,SYNTHETIC_DEMO_DATA
2307,Chennai Coast,13.21182,80.30998,2025-10-08 00:06:20,28.11,-0.34,0.821,3.774,1,anticyclonic,SYNTHETIC_DEMO_DATA
2308,Odisha Coast,19.73687,85.91867,2025-10-08 03:01:11,27.807,-0.443,1.477,9.608,1,anticyclonic,SYNTHETIC_DEMO_DATA
2309,Chennai Coast,13.3071,79.93893,2025-10-08 05:56:02,27.665,-0.785,1.265,4.574,1,anticyclonic,SYNTHETIC_DEMO_DATA
2310,Mumbai Coast,19.26998,72.63524,2025-10-08 08:50:53,26.597,-0.653,2.418,9.537,1,cyclonic,SYNTHETIC_DEMO_DATA
2311,Visakhapatnam,17.76764,83.43615,2025-10-08 11:45:44,27.084,-0.666,0.684,7.749,1,anticyclonic,SYNTHETIC_DEMO_DATA
2312,Sundarbans,22.30622,89.13322,2025-10-08 14:40:35,28.096,0.646,1.968,11.615,1,anticyclonic,SYNTHETIC_DEMO_DATA
2313,Mumbai Coast,18.96069,72.69597,2025-10-08 17:35:26,26.069,-1.181,1.686,7.907,1,cyclonic,SYNTHETIC_DEMO_DATA
2314,Sundarbans,22.04851,89.20777,2025-10-08 20:30:17,27.851,0.401,0.887,10.097,0,none,SYNTHETIC_DEMO_DATA
2315,Visakhapatnam,17.63738,83.36832,2025-10-08 23:25:08,27.966,0.216,0.785,7.904,1,cyclonic,SYNTHETIC_DEMO_DATA
2316,Sundarbans,21.73132,89.3121,2025-10-09 02:19:59,27.571,0.121,0.881,4.668,1,cyclonic,SYNTHETIC_DEMO_DATA
2317,Sundarbans,22.39682,89.2196,2025-10-09 05:14:50,26.665,-0.785,1.157,13.61,1,anticyclonic,SYNTHETIC_DEMO_DATA
2318,Kerala Coast,9.6778,76.29912,2025-10-09 08:09:41,27.27,-0.28,1.14,10.833,0,none,SYNTHETIC_DEMO_DATA
2319,Andaman & Nicobar,11.98395,92.32054,2025-10-09 11:04:32,27.792,-0.458,1.857,16.452,1,anticyclonic,SYNTHETIC_DEMO_DATA
2320,Goa Coast,15.58714,73.69647,2025-10-09 13:59:23,27.627,0.177,1.134,8.041,1,cyclonic,SYNTHETIC_DEMO_DATA
2321,Sundarbans,21.88585,89.15796,2025-10-09 16:54:15,28.739,1.289,1.682,14.188,0,none,SYNTHETIC_DEMO_DATA
2322,Sundarbans,21.86615,88.73926,2025-10-09 19:49:06,26.486,-0.964,1.237,12.129,1,cyclonic,SYNTHETIC_DEMO_DATA
2323,Chennai Coast,12.8689,80.09459,2025-10-09 22:43:57,29.632,1.182,0.944,8.001,0,none,SYNTHETIC_DEMO_DATA
2324,Gujarat Coast,22.20585,69.54313,2025-10-10 01:38:48,25.788,-0.962,1.065,9.591,1,cyclonic,SYNTHETIC_DEMO_DATA
2325,Goa Coast,15.56831,74.32539,2025-10-10 04:33:39,28.865,1.415,1.011,8.406,0,none,SYNTHETIC_DEMO_DATA
2326,Andaman & Nicobar,12.0087,92.48501,2025-10-10 07:28:30,29.891,1.641,1.8,7.974,0,none,SYNTHETIC_DEMO_DATA
2327,Chennai Coast,13.36573,80.33775,2025-10-10 10:23:21,28.348,-0.102,0.877,5.237,0,none,SYNTHETIC_DEMO_DATA
2328,Odisha Coast,20.00694,85.62482,2025-10-10 13:18:12,26.882,-1.368,1.823,8.039,1,anticyclonic,SYNTHETIC_DEMO_DATA
2329,Sundarbans,22.09621,89.57838,2025-10-10 16:13:03,26.785,-0.665,1.175,12.199,1,cyclonic,SYNTHETIC_DEMO_DATA
2330,Odisha Coast,19.82844,85.77273,2025-10-10 19:07:54,28.754,0.504,1.442,11.311,1,anticyclonic,SYNTHETIC_DEMO_DATA
2331,Sundarbans,21.4988,89.35174,2025-10-10 22:02:45,27.262,-0.188,1.637,12.696,0,none,SYNTHETIC_DEMO_DATA
2332,Andaman & Nicobar,11.73434,92.5894,2025-10-11 00:57:36,27.365,-0.885,1.089,7.32,0,none,SYNTHETIC_DEMO_DATA
2333,Visakhapatnam,17.66982,83.03672,2025-10-11 03:52:27,27.631,-0.119,0.718,13.354,1,anticyclonic,SYNTHETIC_DEMO_DATA
2334,Andaman & Nicobar,11.91167,92.66238,2025-10-11 06:47:18,28.85,0.6,1.767,12.314,1,cyclonic,SYNTHETIC_DEMO_DATA
2335,Mumbai Coast,18.74905,72.97883,2025-10-11 09:42:09,25.82,-1.43,0.905,9.594,1,cyclonic,SYNTHETIC_DEMO_DATA
2336,Mumbai Coast,18.8258,72.95616,2025-10-11 12:37:00,27.751,0.501,1.112,13.591,0,none,SYNTHETIC_DEMO_DATA
2337,Kerala Coast,10.43612,76.36579,2025-10-11 15:31:51,25.921,-1.629,1.76,14.476,0,none,SYNTHETIC_DEMO_DATA
2338,Andaman & Nicobar,11.67862,92.67574,2025-10-11 18:26:43,28.304,0.054,2.109,12.07,0,none,SYNTHETIC_DEMO_DATA
2339,Sundarbans,22.06295,89.26381,2025-10-11 21:21:34,27.249,-0.201,1.65,7.403,0,none,SYNTHETIC_DEMO_DATA
2340,Sundarbans,21.9147,89.17255,2025-10-12 00:16:25,27.744,0.294,1.666,15.126,1,cyclonic,SYNTHETIC_DEMO_DATA
2341,Kerala Coast,10.06043,76.5286,2025-10-12 03:11:16,28.956,1.406,1.631,6.879,1,cyclonic,SYNTHETIC_DEMO_DATA
2342,Chennai Coast,13.05883,80.1661,2025-10-12 06:06:07,29.103,0.653,0.766,2.252,0,none,SYNTHETIC_DEMO_DATA
2343,Mumbai Coast,18.81722,72.77921,2025-10-12 09:00:58,27.602,0.352,1.091,12.432,1,cyclonic,SYNTHETIC_DEMO_DATA
2344,Goa Coast,15.69669,74.06428,2025-10-12 11:55:49,27.308,-0.142,1.342,14.288,0,none,SYNTHETIC_DEMO_DATA
2345,Mumbai Coast,18.83472,72.52652,2025-10-12 14:50:40,28.378,1.128,1.085,4.644,0,none,SYNTHETIC_DEMO_DATA
2346,Visakhapatnam,18.2173,83.19279,2025-10-12 17:45:31,27.743,-0.007,1.438,9.905,0,none,SYNTHETIC_DEMO_DATA
2347,Chennai Coast,13.39689,80.49736,2025-10-12 20:40:22,28.576,0.126,0.943,5.443,0,none,SYNTHETIC_DEMO_DATA
2348,Goa Coast,15.41151,73.48588,2025-10-12 23:35:13,28.043,0.593,1.069,8.854,1,cyclonic,SYNTHETIC_DEMO_DATA
2349,Visakhapatnam,17.81055,83.0352,2025-10-13 02:30:04,27.55,-0.2,0.575,6.21,0,none,SYNTHETIC_DEMO_DATA
2350,Mumbai Coast,18.71681,72.70191,2025-10-13 05:24:55,27.182,-0.068,1.268,11.075,1,cyclonic,SYNTHETIC_DEMO_DATA
2351,Mumbai Coast,18.77306,72.92412,2025-10-13 08:19:46,27.843,0.593,1.678,13.788,0,none,SYNTHETIC_DEMO_DATA
2352,Goa Coast,15.39877,74.03126,2025-10-13 11:14:37,27.412,-0.038,1.886,14.12,1,cyclonic,SYNTHETIC_DEMO_DATA
2353,Goa Coast,15.67536,73.43556,2025-10-13 14:09:28,27.717,0.267,2.096,12.915,1,anticyclonic,SYNTHETIC_DEMO_DATA
2354,Kerala Coast,10.07425,76.35582,2025-10-13 17:04:19,27.179,-0.371,1.563,12.779,0,none,SYNTHETIC_DEMO_DATA
2355,Chennai Coast,13.37917,80.05976,2025-10-13 19:59:11,27.852,-0.598,0.936,8.149,0,none,SYNTHETIC_DEMO_DATA
2356,Chennai Coast,12.63568,80.24737,2025-10-13 22:54:02,30.119,1.669,1.655,3.955,1,cyclonic,SYNTHETIC_DEMO_DATA
2357,Kerala Coast,10.024,76.36131,2025-10-14 01:48:53,27.151,-0.399,2.166,12.093,0,none,SYNTHETIC_DEMO_DATA
2358,Visakhapatnam,17.89276,83.28164,2025-10-14 04:43:44,27.994,0.244,0.808,8.209,1,cyclonic,SYNTHETIC_DEMO_DATA
2359,Gujarat Coast,21.93868,69.66236,2025-10-14 07:38:35,27.391,0.641,0.974,6.573,0,none,SYNTHETIC_DEMO_DATA
2360,Visakhapatnam,17.66381,83.16512,2025-10-14 10:33:26,28.346,0.596,1.162,11.737,1,anticyclonic,SYNTHETIC_DEMO_DATA
2361,Gujarat Coast,22.03544,69.77393,2025-10-14 13:28:17,25.525,-1.225,1.059,1.867,0,none,SYNTHETIC_DEMO_DATA
2362,Goa Coast,15.639,73.94379,2025-10-14 16:23:08,26.632,-0.818,1.386,12.911,0,none,SYNTHETIC_DEMO_DATA
2363,Lakshadweep,10.98823,72.40787,2025-10-14 19:17:59,26.384,-1.366,0.904,12.2,0,none,SYNTHETIC_DEMO_DATA
2364,Odisha Coast,19.7826,85.52081,2025-10-14 22:12:50,27.302,-0.948,1.24,9.351,0,none,SYNTHETIC_DEMO_DATA
2365,Goa Coast,15.75284,73.85206,2025-10-15 01:07:41,27.387,-0.063,0.777,12.098,1,cyclonic,SYNTHETIC_DEMO_DATA
2366,Sundarbans,22.02389,89.02551,2025-10-15 04:02:32,27.319,-0.131,1.853,11.008,0,none,SYNTHETIC_DEMO_DATA
2367,Chennai Coast,13.28095,79.86356,2025-10-15 06:57:23,29.056,0.606,1.486,10.277,1,anticyclonic,SYNTHETIC_DEMO_DATA
2368,Odisha Coast,19.90394,86.19941,2025-10-15 09:52:14,27.629,-0.621,1.298,10.206,0,none,SYNTHETIC_DEMO_DATA
2369,Odisha Coast,19.97499,85.68444,2025-10-15 12:47:05,28.687,0.437,2.257,13.598,1,cyclonic,SYNTHETIC_DEMO_DATA
2370,Odisha Coast,19.78821,86.02275,2025-10-15 15:41:56,27.533,-0.717,1.858,15.714,1,cyclonic,SYNTHETIC_DEMO_DATA
2371,Sundarbans,21.79637,88.80883,2025-10-15 18:36:47,27.958,0.508,1.167,11.318,1,cyclonic,SYNTHETIC_DEMO_DATA
2372,Andaman & Nicobar,11.78202,92.717,2025-10-15 21:31:39,27.315,-0.935,1.823,14.495,1,cyclonic,SYNTHETIC_DEMO_DATA
2373,Sundarbans,22.06127,89.13187,2025-10-16 00:26:30,25.213,-2.237,1.163,10.751,1,anticyclonic,SYNTHETIC_DEMO_DATA
2374,Chennai Coast,13.28192,80.5357,2025-10-16 03:21:21,27.574,-0.876,0.906,7.062,1,cyclonic,SYNTHETIC_DEMO_DATA
2375,Gujarat Coast,21.91801,69.39124,2025-10-16 06:16:12,26.264,-0.486,1.098,8.25,1,anticyclonic,SYNTHETIC_DEMO_DATA
2376,Lakshadweep,10.31469,72.51023,2025-10-16 09:11:03,28.243,0.493,1.185,8.844,0,none,SYNTHETIC_DEMO_DATA
2377,Andaman & Nicobar,11.72718,92.65061,2025-10-16 12:05:54,28.128,-0.122,1.541,6.994,1,cyclonic,SYNTHETIC_DEMO_DATA
2378,Odisha Coast,19.62563,85.73238,2025-10-16 15:00:45,28.004,-0.246,2.443,15.369,0,none,SYNTHETIC_DEMO_DATA
2379,Lakshadweep,10.82763,72.66817,2025-10-16 17:55:36,27.347,-0.403,0.888,2.287,0,none,SYNTHETIC_DEMO_DATA
2380,Gujarat Coast,22.31841,69.48838,2025-10-16 20:50:27,26.673,-0.077,1.835,6.937,1,anticyclonic,SYNTHETIC_DEMO_DATA
2381,Odisha Coast,19.88235,85.69258,2025-10-16 23:45:18,29.245,0.995,2.516,12.051,1,anticyclonic,SYNTHETIC_DEMO_DATA
2382,Kerala Coast,9.6345,75.95661,2025-10-17 02:40:09,26.808,-0.742,1.063,2.657,1,cyclonic,SYNTHETIC_DEMO_DATA
2383,Lakshadweep,10.78583,72.75555,2025-10-17 05:35:00,25.298,-2.452,1.458,10.868,0,none,SYNTHETIC_DEMO_DATA
2384,Chennai Coast,13.32764,80.5003,2025-10-17 08:29:51,27.736,-0.714,1.188,8.491,0,none,SYNTHETIC_DEMO_DATA
2385,Odisha Coast,19.96624,85.69148,2025-10-17 11:24:42,27.713,-0.537,1.088,7.588,1,cyclonic,SYNTHETIC_DEMO_DATA
2386,Andaman & Nicobar,11.99025,92.70753,2025-10-17 14:19:33,28.823,0.573,0.515,8.46,1,anticyclonic,SYNTHETIC_DEMO_DATA
2387,Lakshadweep,10.4255,72.5718,2025-10-17 17:14:24,28.823,1.073,1.078,3.327,1,cyclonic,SYNTHETIC_DEMO_DATA
2388,Lakshadweep,10.44764,72.84532,2025-10-17 20:09:15,27.573,-0.177,1.076,5.667,0,none,SYNTHETIC_DEMO_DATA
2389,Lakshadweep,10.35433,72.6644,2025-10-17 23:04:07,27.145,-0.605,0.27,7.139,0,none,SYNTHETIC_DEMO_DATA
2390,Andaman & Nicobar,11.52986,93.1976,2025-10-18 01:58:58,27.651,-0.599,0.945,9.305,1,anticyclonic,SYNTHETIC_DEMO_DATA
2391,Kerala Coast,10.03355,76.07444,2025-10-18 04:53:49,27.127,-0.423,1.863,16.16,0,none,SYNTHETIC_DEMO_DATA
2392,Odisha Coast,19.84411,86.1273,2025-10-18 07:48:40,27.254,-0.996,1.328,10.1,0,none,SYNTHETIC_DEMO_DATA
2393,Gujarat Coast,22.54162,69.27059,2025-10-18 10:43:31,25.192,-1.558,0.963,5.461,1,anticyclonic,SYNTHETIC_DEMO_DATA
2394,Visakhapatnam,17.75225,83.35661,2025-10-18 13:38:22,27.468,-0.282,1.166,4.791,1,cyclonic,SYNTHETIC_DEMO_DATA
2395,Kerala Coast,9.87129,76.44722,2025-10-18 16:33:13,27.737,0.187,1.698,14.246,0,none,SYNTHETIC_DEMO_DATA
2396,Gujarat Coast,22.19422,69.75298,2025-10-18 19:28:04,27.872,1.122,0.34,7.339,0,none,SYNTHETIC_DEMO_DATA
2397,Lakshadweep,10.64763,72.38317,2025-10-18 22:22:55,27.078,-0.672,0.914,1.459,0,none,SYNTHETIC_DEMO_DATA
2398,Visakhapatnam,17.79355,83.33566,2025-10-19 01:17:46,26.062,-1.688,1.346,6.043,1,cyclonic,SYNTHETIC_DEMO_DATA
2399,Visakhapatnam,17.65398,83.37696,2025-10-19 04:12:37,27.005,-0.745,1.555,9.406,1,cyclonic,SYNTHETIC_DEMO_DATA
2400,Goa Coast,15.84056,73.91989,2025-10-19 07:07:28,26.857,-0.593,1.189,13.144,0,none,SYNTHETIC_DEMO_DATA
2401,Sundarbans,21.58769,88.90657,2025-10-19 10:02:19,28.879,1.429,1.166,9.152,1,anticyclonic,SYNTHETIC_DEMO_DATA
2402,Mumbai Coast,19.02848,72.79796,2025-10-19 12:57:10,28.45,1.2,1.364,13.985,0,none,SYNTHETIC_DEMO_DATA
2403,Goa Coast,15.73196,73.99785,2025-10-19 15:52:01,28.603,1.153,1.122,8.984,1,cyclonic,SYNTHETIC_DEMO_DATA
2404,Mumbai Coast,18.82555,72.48083,2025-10-19 18:46:52,27.617,0.367,1.746,9.772,0,none,SYNTHETIC_DEMO_DATA
2405,Chennai Coast,13.09222,79.75545,2025-10-19 21:41:43,28.65,0.2,2.236,12.182,0,none,SYNTHETIC_DEMO_DATA
2406,Andaman & Nicobar,11.95807,92.44536,2025-10-20 00:36:34,28.289,0.039,1.867,11.572,0,none,SYNTHETIC_DEMO_DATA
2407,Chennai Coast,13.35415,80.12383,2025-10-20 03:31:26,28.833,0.383,0.589,5.904,1,anticyclonic,SYNTHETIC_DEMO_DATA
2408,Goa Coast,15.22733,73.69768,2025-10-20 06:26:17,28.428,0.978,1.39,13.688,1,anticyclonic,SYNTHETIC_DEMO_DATA
2409,Kerala Coast,9.94214,76.3207,2025-10-20 09:21:08,28.209,0.659,1.975,20.484,0,none,SYNTHETIC_DEMO_DATA
2410,Sundarbans,22.01614,89.53063,2025-10-20 12:15:59,26.952,-0.498,1.661,14.933,1,cyclonic,SYNTHETIC_DEMO_DATA
2411,Mumbai Coast,19.06361,73.20443,2025-10-20 15:10:50,28.27,1.02,1.622,12.132,1,cyclonic,SYNTHETIC_DEMO_DATA
2412,Sundarbans,21.94107,89.31377,2025-10-20 18:05:41,26.755,-0.695,1.544,12.526,0,none,SYNTHETIC_DEMO_DATA
2413,Lakshadweep,10.54847,72.28689,2025-10-20 21:00:32,29.108,1.358,0.646,5.706,0,none,SYNTHETIC_DEMO_DATA
2414,Gujarat Coast,22.43886,69.55101,2025-10-20 23:55:23,26.18,-0.57,0.507,6.308,1,anticyclonic,SYNTHETIC_DEMO_DATA
2415,Chennai Coast,13.07936,79.79132,2025-10-21 02:50:14,29.984,1.534,0.836,7.901,0,none,SYNTHETIC_DEMO_DATA
2416,Kerala Coast,9.79142,76.33266,2025-10-21 05:45:05,28.02,0.47,1.319,12.191,0,none,SYNTHETIC_DEMO_DATA
2417,Gujarat Coast,22.23366,69.51668,2025-10-21 08:39:56,26.608,-0.142,1.383,7.556,0,none,SYNTHETIC_DEMO_DATA
2418,Visakhapatnam,17.55157,83.24535,2025-10-21 11:34:47,27.42,-0.33,1.777,8.805,0,none,SYNTHETIC_DEMO_DATA
2419,Visakhapatnam,17.77532,83.35099,2025-10-21 14:29:38,28.253,0.503,1.414,5.046,1,cyclonic,SYNTHETIC_DEMO_DATA
2420,Kerala Coast,9.7933,76.01419,2025-10-21 17:24:29,27.961,0.411,1.89,16.313,1,cyclonic,SYNTHETIC_DEMO_DATA
2421,Visakhapatnam,17.60465,83.17361,2025-10-21 20:19:20,28.451,0.701,1.299,10.489,0,none,SYNTHETIC_DEMO_DATA
2422,Goa Coast,15.7335,74.03845,2025-10-21 23:14:11,27.198,-0.252,1.643,11.611,1,cyclonic,SYNTHETIC_DEMO_DATA
2423,Odisha Coast,19.89103,86.18999,2025-10-22 02:09:02,27.567,-0.683,1.256,7.719,1,cyclonic,SYNTHETIC_DEMO_DATA
2424,Andaman & Nicobar,11.58113,92.31191,2025-10-22 05:03:54,26.927,-1.323,1.291,8.402,0,none,SYNTHETIC_DEMO_DATA
2425,Chennai Coast,13.29202,79.97931,2025-10-22 07:58:45,29.217,0.767,0.912,8.291,0,none,SYNTHETIC_DEMO_DATA
2426,Mumbai Coast,19.17646,73.03275,2025-10-22 10:53:36,26.038,-1.212,2.086,10.368,0,none,SYNTHETIC_DEMO_DATA
2427,Odisha Coast,19.77768,85.46193,2025-10-22 13:48:27,28.066,-0.184,1.635,11.555,0,none,SYNTHETIC_DEMO_DATA
2428,Chennai Coast,13.22117,80.02359,2025-10-22 16:43:18,26.266,-2.184,1.456,4.763,1,cyclonic,SYNTHETIC_DEMO_DATA
2429,Goa Coast,15.21476,73.65856,2025-10-22 19:38:09,25.993,-1.457,1.791,10.348,0,none,SYNTHETIC_DEMO_DATA
2430,Visakhapatnam,17.43526,83.52551,2025-10-22 22:33:00,28.154,0.404,1.026,4.573,0,none,SYNTHETIC_DEMO_DATA
2431,Odisha Coast,19.745,86.0545,2025-10-23 01:27:51,28.98,0.73,1.18,8.023,1,anticyclonic,SYNTHETIC_DEMO_DATA
2432,Mumbai Coast,19.00465,72.91022,2025-10-23 04:22:42,27.179,-0.071,1.266,11.755,1,cyclonic,SYNTHETIC_DEMO_DATA
2433,Odisha Coast,19.86544,85.59051,2025-10-23 07:17:33,27.301,-0.949,1.239,9.347,0,none,SYNTHETIC_DEMO_DATA
2434,Chennai Coast,13.13362,80.34242,2025-10-23 10:12:24,27.235,-1.215,1.613,10.628,1,cyclonic,SYNTHETIC_DEMO_DATA
2435,Kerala Coast,10.10541,76.19679,2025-10-23 13:07:15,27.305,-0.245,1.906,16.25,0,none,SYNTHETIC_DEMO_DATA
2436,Mumbai Coast,19.12516,72.67492,2025-10-23 16:02:06,27.631,0.381,1.817,13.225,0,none,SYNTHETIC_DEMO_DATA
2437,Gujarat Coast,22.67928,69.59459,2025-10-23 18:56:57,26.877,0.127,0.448,4.578,0,none,SYNTHETIC_DEMO_DATA
2438,Gujarat Coast,22.21977,69.67794,2025-10-23 21:51:48,27.692,0.942,0.935,6.915,1,cyclonic,SYNTHETIC_DEMO_DATA
2439,Andaman & Nicobar,11.64952,92.42523,2025-10-24 00:46:39,28.594,0.344,1.019,3.028,0,none,SYNTHETIC_DEMO_DATA
2440,Sundarbans,22.18244,89.08534,2025-10-24 03:41:30,27.767,0.317,1.489,5.165,0,none,SYNTHETIC_DEMO_DATA
2441,Chennai Coast,12.96759,80.25525,2025-10-24 06:36:22,27.868,-0.582,0.743,6.451,0,none,SYNTHETIC_DEMO_DATA
2442,Sundarbans,22.06879,89.48208,2025-10-24 09:31:13,26.572,-0.878,2.228,9.524,0,none,SYNTHETIC_DEMO_DATA
2443,Sundarbans,22.32851,89.12444,2025-10-24 12:26:04,26.43,-1.02,1.203,11.341,0,none,SYNTHETIC_DEMO_DATA
2444,Visakhapatnam,17.57609,83.18765,2025-10-24 15:20:55,26.658,-1.092,0.664,12.102,1,cyclonic,SYNTHETIC_DEMO_DATA
2445,Mumbai Coast,18.96083,72.998,2025-10-24 18:15:46,26.232,-1.018,0.717,5.195,1,cyclonic,SYNTHETIC_DEMO_DATA
2446,Andaman & Nicobar,11.69862,92.80622,2025-10-24 21:10:37,28.527,0.277,1.577,10.124,1,cyclonic,SYNTHETIC_DEMO_DATA
2447,Goa Coast,15.59565,73.73115,2025-10-25 00:05:28,27.143,-0.307,1.273,8.104,1,anticyclonic,SYNTHETIC_DEMO_DATA
2448,Gujarat Coast,22.76537,69.55004,2025-10-25 03:00:19,25.804,-0.946,1.431,11.979,0,none,SYNTHETIC_DEMO_DATA
2449,Goa Coast,15.28449,73.80911,2025-10-25 05:55:10,28.3,0.85,0.744,8.0,1,cyclonic,SYNTHETIC_DEMO_DATA
2450,Odisha Coast,19.88566,85.95739,2025-10-25 08:50:01,27.574,-0.676,1.331,12.019,0,none,SYNTHETIC_DEMO_DATA
2451,Andaman & Nicobar,11.85394,92.55133,2025-10-25 11:44:52,28.916,0.666,0.895,5.806,0,none,SYNTHETIC_DEMO_DATA
2452,Andaman & Nicobar,12.18359,92.73823,2025-10-25 14:39:43,27.544,-0.706,1.574,12.261,0,none,SYNTHETIC_DEMO_DATA
2453,Sundarbans,21.92174,89.21179,2025-10-25 17:34:34,28.011,0.561,1.723,15.924,0,none,SYNTHETIC_DEMO_DATA
2454,Kerala Coast,10.06838,76.31543,2025-10-25 20:29:25,28.302,0.752,0.396,4.777,1,anticyclonic,SYNTHETIC_DEMO_DATA
2455,Andaman & Nicobar,11.62954,93.05367,2025-10-25 23:24:16,28.048,-0.202,1.218,11.179,1,cyclonic,SYNTHETIC_DEMO_DATA
2456,Kerala Coast,10.18113,76.54596,2025-10-26 02:19:07,28.836,1.286,2.566,21.196,0,none,SYNTHETIC_DEMO_DATA
2457,Andaman & Nicobar,11.5754,92.5014,2025-10-26 05:13:58,27.975,-0.275,0.781,10.222,0,none,SYNTHETIC_DEMO_DATA
2458,Lakshadweep,10.63456,72.84882,2025-10-26 08:08:50,26.667,-1.083,1.102,8.655,1,anticyclonic,SYNTHETIC_DEMO_DATA
2459,Kerala Coast,9.9602,76.4385,2025-10-26 11:03:41,26.368,-1.182,1.141,7.922,0,none,SYNTHETIC_DEMO_DATA
2460,Sundarbans,22.16129,89.577,2025-10-26 13:58:32,27.764,0.314,0.853,10.532,0,none,SYNTHETIC_DEMO_DATA
2461,Chennai Coast,13.22345,79.91067,2025-10-26 16:53:23,29.151,0.701,0.926,6.671,1,anticyclonic,SYNTHETIC_DEMO_DATA
2462,Visakhapatnam,17.66686,83.02519,2025-10-26 19:48:14,27.938,0.188,1.311,11.309,0,none,SYNTHETIC_DEMO_DATA
2463,Kerala Coast,10.19891,76.24572,2025-10-26 22:43:05,26.74,-0.81,1.742,15.458,0,none,SYNTHETIC_DEMO_DATA
2464,Mumbai Coast,19.13334,72.58356,2025-10-27 01:37:56,26.425,-0.825,1.96,11.119,0,none,SYNTHETIC_DEMO_DATA
2465,Kerala Coast,9.93627,76.10815,2025-10-27 04:32:47,27.094,-0.456,1.608,17.343,1,cyclonic,SYNTHETIC_DEMO_DATA
2466,Odisha Coast,19.80053,85.24496,2025-10-27 07:27:38,28.281,0.031,1.57,13.053,0,none,SYNTHETIC_DEMO_DATA
2467,Chennai Coast,13.23788,80.24237,2025-10-27 10:22:29,27.546,-0.904,1.294,2.956,0,none,SYNTHETIC_DEMO_DATA
2468,Gujarat Coast,22.17812,69.57345,2025-10-27 13:17:20,24.994,-1.756,2.176,13.491,0,none,SYNTHETIC_DEMO_DATA
2469,Sundarbans,22.12154,89.41071,2025-10-27 16:12:11,28.69,1.24,1.734,13.079,1,cyclonic,SYNTHETIC_DEMO_DATA
2470,Visakhapatnam,18.23828,83.1223,2025-10-27 19:07:02,28.062,0.312,0.774,7.325,1,anticyclonic,SYNTHETIC_DEMO_DATA
2471,Andaman & Nicobar,11.85583,92.20154,2025-10-27 22:01:53,27.055,-1.195,1.417,14.47,1,cyclonic,SYNTHETIC_DEMO_DATA
2472,Sundarbans,21.6632,89.40334,2025-10-28 00:56:44,26.669,-0.781,1.854,12.65,0,none,SYNTHETIC_DEMO_DATA
2473,Kerala Coast,9.94172,76.27574,2025-10-28 03:51:35,28.543,0.993,1.363,11.762,0,none,SYNTHETIC_DEMO_DATA
2474,Visakhapatnam,17.51007,83.13926,2025-10-28 06:46:26,27.981,0.231,1.96,13.371,1,anticyclonic,SYNTHETIC_DEMO_DATA
2475,Odisha Coast,20.02163,85.77146,2025-10-28 09:41:18,27.819,-0.431,1.185,10.536,1,anticyclonic,SYNTHETIC_DEMO_DATA
2476,Kerala Coast,9.86829,76.49137,2025-10-28 12:36:09,26.977,-0.573,0.845,9.099,0,none,SYNTHETIC_DEMO_DATA
2477,Mumbai Coast,18.76612,72.91954,2025-10-28 15:31:00,25.59,-1.66,1.981,10.725,1,cyclonic,SYNTHETIC_DEMO_DATA
2478,Odisha Coast,19.75178,85.91667,2025-10-28 18:25:51,27.592,-0.658,1.312,11.113,0,none,SYNTHETIC_DEMO_DATA
2479,Sundarbans,21.85461,89.10095,2025-10-28 21:20:42,28.272,0.822,2.028,13.301,0,none,SYNTHETIC_DEMO_DATA
2480,Odisha Coast,19.41173,85.91914,2025-10-29 00:15:33,28.34,0.09,1.821,10.142,1,anticyclonic,SYNTHETIC_DEMO_DATA
2481,Gujarat Coast,22.09924,69.30055,2025-10-29 03:10:24,25.894,-0.856,1.011,8.362,0,none,SYNTHETIC_DEMO_DATA
2482,Andaman & Nicobar,11.81141,92.81687,2025-10-29 06:05:15,29.338,1.088,1.011,5.787,0,none,SYNTHETIC_DEMO_DATA
2483,Odisha Coast,19.87554,85.59362,2025-10-29 09:00:06,27.917,-0.333,1.026,9.82,0,none,SYNTHETIC_DEMO_DATA
2484,Chennai Coast,12.95199,80.31458,2025-10-29 11:54:57,29.214,0.764,1.401,15.524,0,none,SYNTHETIC_DEMO_DATA
2485,Chennai Coast,13.17024,80.25435,2025-10-29 14:49:48,28.675,0.225,1.372,5.393,1,anticyclonic,SYNTHETIC_DEMO_DATA
2486,Chennai Coast,12.94973,80.44556,2025-10-29 17:44:39,28.612,0.162,1.033,8.107,0,none,SYNTHETIC_DEMO_DATA
2487,Visakhapatnam,17.80757,83.30183,2025-10-29 20:39:30,29.073,1.323,1.023,9.095,1,anticyclonic,SYNTHETIC_DEMO_DATA
2488,Sundarbans,21.60553,89.21452,2025-10-29 23:34:21,28.432,0.982,1.728,10.543,0,none,SYNTHETIC_DEMO_DATA
2489,Mumbai Coast,19.09942,72.61266,2025-10-30 02:29:12,25.894,-1.356,1.493,6.043,0,none,SYNTHETIC_DEMO_DATA
2490,Chennai Coast,13.70913,80.14894,2025-10-30 05:24:03,28.532,0.082,1.94,8.425,0,none,SYNTHETIC_DEMO_DATA
2491,Chennai Coast,13.4914,80.33563,2025-10-30 08:18:54,28.012,-0.438,1.546,12.556,0,none,SYNTHETIC_DEMO_DATA
2492,Visakhapatnam,17.81952,83.33207,2025-10-30 11:13:46,27.253,-0.497,0.691,5.568,1,anticyclonic,SYNTHETIC_DEMO_DATA
2493,Lakshadweep,10.6889,72.63781,2025-10-30 14:08:37,27.389,-0.361,0.903,7.701,1,anticyclonic,SYNTHETIC_DEMO_DATA
2494,Gujarat Coast,22.31613,69.54726,2025-10-30 17:03:28,27.385,0.635,0.868,9.749,0,none,SYNTHETIC_DEMO_DATA
2495,Kerala Coast,9.88697,76.04689,2025-10-30 19:58:19,28.355,0.805,1.83,14.45,0,none,SYNTHETIC_DEMO_DATA
2496,Visakhapatnam,17.43975,83.20774,2025-10-30 22:53:10,28.066,0.316,1.359,11.622,1,anticyclonic,SYNTHETIC_DEMO_DATA
2497,Andaman & Nicobar,11.65868,92.72762,2025-10-31 01:48:01,29.208,0.958,1.576,10.389,0,none,SYNTHETIC_DEMO_DATA
2498,Andaman & Nicobar,12.14403,92.84487,2025-10-31 04:42:52,27.465,-0.785,1.766,14.038,1,cyclonic,SYNTHETIC_DEMO_DATA
2499,Sundarbans,21.86678,89.43502,2025-10-31 07:37:43,26.958,-0.492,1.327,13.544,1,cyclonic,SYNTHETIC_DEMO_DATA
2500,Lakshadweep,10.52849,72.43348,2025-10-31 10:32:34,28.104,0.354,2.003,13.605,1,cyclonic,SYNTHETIC_DEMO_DATA
2501,Gujarat Coast,22.75949,69.67179,2025-10-31 13:27:25,25.968,-0.782,0.863,7.455,1,anticyclonic,SYNTHETIC_DEMO_DATA
2502,Sundarbans,22.04928,89.36656,2025-10-31 16:22:16,27.632,0.182,1.792,9.468,1,cyclonic,SYNTHETIC_DEMO_DATA
2503,Goa Coast,15.77948,73.9801,2025-10-31 19:17:07,26.205,-1.245,2.16,12.573,0,none,SYNTHETIC_DEMO_DATA
2504,Odisha Coast,19.89066,86.18034,2025-10-31 22:11:58,27.764,-0.486,1.285,11.866,1,cyclonic,SYNTHETIC_DEMO_DATA
2505,Sundarbans,22.04333,89.01186,2025-11-01 01:06:49,24.814,-2.087,1.985,14.463,0,none,SYNTHETIC_DEMO_DATA
2506,Odisha Coast,19.94315,86.08602,2025-11-01 04:01:40,27.316,-0.385,0.965,5.781,0,none,SYNTHETIC_DEMO_DATA
2507,Kerala Coast,9.76657,76.03043,2025-11-01 06:56:31,27.13,0.129,1.423,13.313,0,none,SYNTHETIC_DEMO_DATA
2508,Gujarat Coast,22.32861,69.44452,2025-11-01 09:51:22,25.863,-0.338,1.415,7.332,1,cyclonic,SYNTHETIC_DEMO_DATA
2509,Kerala Coast,10.04809,76.443,2025-11-01 12:46:13,29.018,2.017,1.33,12.24,1,cyclonic,SYNTHETIC_DEMO_DATA
2510,Odisha Coast,19.82906,85.93184,2025-11-01 15:41:05,27.92,0.219,1.632,14.737,1,anticyclonic,SYNTHETIC_DEMO_DATA
2511,Odisha Coast,19.87239,85.70101,2025-11-01 18:35:56,27.008,-0.693,2.067,19.698,1,anticyclonic,SYNTHETIC_DEMO_DATA
2512,Andaman & Nicobar,11.75147,92.87043,2025-11-01 21:30:47,28.115,0.414,1.123,6.314,0,none,SYNTHETIC_DEMO_DATA
2513,Lakshadweep,10.46709,72.45097,2025-11-02 00:25:38,26.097,-1.104,1.298,8.444,1,anticyclonic,SYNTHETIC_DEMO_DATA
2514,Goa Coast,15.42164,73.8774,2025-11-02 03:20:29,27.786,0.885,0.766,6.408,1,cyclonic,SYNTHETIC_DEMO_DATA
2515,Odisha Coast,19.69787,85.7007,2025-11-02 06:15:20,27.823,0.122,1.744,10.445,0,none,SYNTHETIC_DEMO_DATA
2516,Andaman & Nicobar,11.81315,93.32377,2025-11-02 09:10:11,29.346,1.645,2.078,12.573,1,anticyclonic,SYNTHETIC_DEMO_DATA
2517,Gujarat Coast,22.48996,69.95722,2025-11-02 12:05:02,25.289,-0.912,1.353,6.451,1,anticyclonic,SYNTHETIC_DEMO_DATA
2518,Mumbai Coast,18.80714,72.66426,2025-11-02 14:59:53,27.158,0.457,1.841,14.252,1,anticyclonic,SYNTHETIC_DEMO_DATA
2519,Odisha Coast,19.98497,85.93974,2025-11-02 17:54:44,28.765,1.064,1.115,6.961,1,anticyclonic,SYNTHETIC_DEMO_DATA
2520,Lakshadweep,10.79909,72.63208,2025-11-02 20:49:35,27.28,0.079,0.748,9.87,1,anticyclonic,SYNTHETIC_DEMO_DATA
2521,Kerala Coast,9.81446,76.10957,2025-11-02 23:44:26,26.258,-0.743,1.524,14.063,0,none,SYNTHETIC_DEMO_DATA
2522,Sundarbans,21.86305,89.47755,2025-11-03 02:39:17,26.943,0.042,1.988,20.183,1,anticyclonic,SYNTHETIC_DEMO_DATA
2523,Visakhapatnam,17.47624,83.16425,2025-11-03 05:34:08,28.262,1.061,0.701,7.517,1,cyclonic,SYNTHETIC_DEMO_DATA
2524,Kerala Coast,10.02994,76.16608,2025-11-03 08:28:59,27.506,0.505,0.425,9.393,0,none,SYNTHETIC_DEMO_DATA
2525,Sundarbans,21.87805,89.18463,2025-11-03 11:23:50,27.463,0.562,0.865,10.599,1,cyclonic,SYNTHETIC_DEMO_DATA
2526,Chennai Coast,12.99376,80.3655,2025-11-03 14:18:41,28.353,0.452,1.102,3.459,0,none,SYNTHETIC_DEMO_DATA
2527,Kerala Coast,10.04497,76.13184,2025-11-03 17:13:33,27.352,0.351,1.831,15.312,0,none,SYNTHETIC_DEMO_DATA
2528,Lakshadweep,10.63161,73.06935,2025-11-03 20:08:24,27.816,0.615,0.05,7.583,1,cyclonic,SYNTHETIC_DEMO_DATA
2529,Sundarbans,21.87434,89.33319,2025-11-03 23:03:15,27.763,0.862,1.442,9.16,1,anticyclonic,SYNTHETIC_DEMO_DATA
2530,Mumbai Coast,19.09928,73.39429,2025-11-04 01:58:06,26.095,-0.606,1.906,12.616,0,none,SYNTHETIC_DEMO_DATA
2531,Lakshadweep,10.68869,72.83111,2025-11-04 04:52:57,27.09,-0.111,1.132,8.48,0,none,SYNTHETIC_DEMO_DATA
2532,Andaman & Nicobar,11.74309,92.62332,2025-11-04 07:47:48,30.297,2.596,1.971,12.542,1,anticyclonic,SYNTHETIC_DEMO_DATA
2533,Lakshadweep,10.4402,73.0791,2025-11-04 10:42:39,26.612,-0.589,0.863,7.701,1,anticyclonic,SYNTHETIC_DEMO_DATA
2534,Odisha Coast,19.68373,85.86207,2025-11-04 13:37:30,27.956,0.255,1.056,6.655,0,none,SYNTHETIC_DEMO_DATA
2535,Andaman & Nicobar,11.53059,92.40042,2025-11-04 16:32:21,27.73,0.029,1.033,7.936,0,none,SYNTHETIC_DEMO_DATA
2536,Lakshadweep,10.7502,72.39475,2025-11-04 19:27:12,26.85,-0.351,1.499,3.548,1,cyclonic,SYNTHETIC_DEMO_DATA
2537,Chennai Coast,12.79972,80.27805,2025-11-04 22:22:03,27.813,-0.088,1.227,5.605,0,none,SYNTHETIC_DEMO_DATA
2538,Kerala Coast,9.94674,76.55281,2025-11-05 01:16:54,27.1,0.099,1.706,11.368,0,none,SYNTHETIC_DEMO_DATA
2539,Mumbai Coast,19.15219,72.78168,2025-11-05 04:11:45,26.553,-0.148,1.554,13.278,1,cyclonic,SYNTHETIC_DEMO_DATA
2540,Kerala Coast,9.82276,76.21588,2025-11-05 07:06:36,27.976,0.975,1.214,8.363,1,anticyclonic,SYNTHETIC_DEMO_DATA
2541,Visakhapatnam,17.92658,83.10788,2025-11-05 10:01:27,27.984,0.783,1.013,8.134,0,none,SYNTHETIC_DEMO_DATA
2542,Lakshadweep,10.29147,72.41479,2025-11-05 12:56:18,27.166,-0.035,1.367,10.335,0,none,SYNTHETIC_DEMO_DATA
2543,Lakshadweep,10.37971,72.27025,2025-11-05 15:51:09,26.705,-0.496,0.643,11.421,0,none,SYNTHETIC_DEMO_DATA
2544,Chennai Coast,13.13506,80.22775,2025-11-05 18:46:01,28.251,0.35,1.595,8.309,1,cyclonic,SYNTHETIC_DEMO_DATA
2545,Andaman & Nicobar,11.73448,92.87283,2025-11-05 21:40:52,28.172,0.471,1.782,10.504,1,cyclonic,SYNTHETIC_DEMO_DATA
2546,Chennai Coast,13.05439,80.36605,2025-11-06 00:35:43,26.142,-1.759,1.698,7.568,1,cyclonic,SYNTHETIC_DEMO_DATA
2547,Goa Coast,15.43774,73.64387,2025-11-06 03:30:34,26.917,0.016,1.895,13.986,1,anticyclonic,SYNTHETIC_DEMO_DATA
2548,Mumbai Coast,18.97205,72.70754,2025-11-06 06:25:25,27.24,0.539,1.509,10.89,1,cyclonic,SYNTHETIC_DEMO_DATA
2549,Kerala Coast,9.94205,76.22555,2025-11-06 09:20:16,27.307,0.306,1.172,12.973,0,none,SYNTHETIC_DEMO_DATA
2550,Odisha Coast,19.67382,86.41925,2025-11-06 12:15:07,28.461,0.76,1.2,9.714,0,none,SYNTHETIC_DEMO_DATA
2551,Gujarat Coast,22.65329,69.28799,2025-11-06 15:09:58,26.107,-0.094,1.73,9.151,0,none,SYNTHETIC_DEMO_DATA
2552,Chennai Coast,13.00707,79.95753,2025-11-06 18:04:49,26.565,-1.336,1.294,7.706,0,none,SYNTHETIC_DEMO_DATA
2553,Visakhapatnam,17.42422,83.4199,2025-11-06 20:59:40,25.869,-1.332,0.141,8.943,1,anticyclonic,SYNTHETIC_DEMO_DATA
2554,Odisha Coast,19.5528,85.9447,2025-11-06 23:54:31,28.54,0.839,0.781,6.024,0,none,SYNTHETIC_DEMO_DATA
2555,Lakshadweep,10.62954,72.62702,2025-11-07 02:49:22,28.269,1.068,1.168,6.602,1,anticyclonic,SYNTHETIC_DEMO_DATA
2556,Odisha Coast,19.75052,85.7673,2025-11-07 05:44:13,28.315,0.614,1.483,15.21,1,anticyclonic,SYNTHETIC_DEMO_DATA
2557,Goa Coast,15.28197,73.71494,2025-11-07 08:39:04,27.343,0.442,0.703,15.382,0,none,SYNTHETIC_DEMO_DATA
2558,Andaman & Nicobar,11.64355,92.63687,2025-11-07 11:33:55,29.199,1.498,1.777,18.302,0,none,SYNTHETIC_DEMO_DATA
2559,Sundarbans,21.7401,89.14722,2025-11-07 14:28:46,27.673,0.772,1.673,15.835,0,none,SYNTHETIC_DEMO_DATA
2560,Mumbai Coast,18.78035,72.8809,2025-11-07 17:23:37,26.088,-0.613,1.67,9.579,0,none,SYNTHETIC_DEMO_DATA
2561,Mumbai Coast,18.9741,72.84085,2025-11-07 20:18:29,26.248,-0.453,1.448,10.14,1,anticyclonic,SYNTHETIC_DEMO_DATA
2562,Chennai Coast,12.53908,79.8472,2025-11-07 23:13:20,28.357,0.456,1.15,12.213,0,none,SYNTHETIC_DEMO_DATA
2563,Gujarat Coast,22.59796,69.87096,2025-11-08 02:08:11,26.852,0.651,1.376,7.082,0,none,SYNTHETIC_DEMO_DATA
2564,Kerala Coast,10.24415,76.26293,2025-11-08 05:03:02,26.963,-0.038,2.334,12.424,0,none,SYNTHETIC_DEMO_DATA
2565,Kerala Coast,9.97807,76.22902,2025-11-08 07:57:53,24.568,-2.433,1.916,14.851,1,cyclonic,SYNTHETIC_DEMO_DATA
2566,Kerala Coast,9.71988,76.30711,2025-11-08 10:52:44,27.287,0.286,0.738,8.585,0,none,SYNTHETIC_DEMO_DATA
2567,Andaman & Nicobar,11.79033,92.86414,2025-11-08 13:47:35,28.473,0.772,1.345,9.403,1,cyclonic,SYNTHETIC_DEMO_DATA
2568,Gujarat Coast,22.34279,69.42716,2025-11-08 16:42:26,26.752,0.551,1.024,12.415,1,anticyclonic,SYNTHETIC_DEMO_DATA
2569,Chennai Coast,13.01137,80.25409,2025-11-08 19:37:17,28.291,0.39,1.936,8.722,0,none,SYNTHETIC_DEMO_DATA
2570,Lakshadweep,10.67296,72.94221,2025-11-08 22:32:08,26.976,-0.225,1.214,8.132,0,none,SYNTHETIC_DEMO_DATA
2571,Andaman & Nicobar,11.40003,92.7878,2025-11-09 01:26:59,28.418,0.717,1.321,10.098,1,cyclonic,SYNTHETIC_DEMO_DATA
2572,Lakshadweep,10.5471,72.62287,2025-11-09 04:21:50,27.049,-0.152,1.274,5.65,0,none,SYNTHETIC_DEMO_DATA
2573,Goa Coast,15.73604,73.63195,2025-11-09 07:16:41,26.168,-0.733,1.464,9.947,1,anticyclonic,SYNTHETIC_DEMO_DATA
2574,Chennai Coast,13.28248,80.15743,2025-11-09 10:11:32,28.595,0.694,0.721,5.419,1,anticyclonic,SYNTHETIC_DEMO_DATA
2575,Goa Coast,15.2245,73.82838,2025-11-09 13:06:23,26.825,-0.076,0.772,3.029,0,none,SYNTHETIC_DEMO_DATA
2576,Chennai Coast,12.57054,80.06852,2025-11-09 16:01:14,28.957,1.056,0.454,12.773,0,none,SYNTHETIC_DEMO_DATA
2577,Visakhapatnam,17.83156,83.25471,2025-11-09 18:56:05,26.692,-0.509,1.359,6.013,0,none,SYNTHETIC_DEMO_DATA
2578,Kerala Coast,9.81669,76.15678,2025-11-09 21:50:57,25.802,-1.199,1.878,13.673,0,none,SYNTHETIC_DEMO_DATA
2579,Lakshadweep,10.4681,72.58694,2025-11-10 00:45:48,25.854,-1.347,1.493,11.334,1,cyclonic,SYNTHETIC_DEMO_DATA
2580,Mumbai Coast,19.19984,73.08718,2025-11-10 03:40:39,26.142,-0.559,1.641,15.18,1,cyclonic,SYNTHETIC_DEMO_DATA
2581,Chennai Coast,12.97321,80.04291,2025-11-10 06:35:30,28.19,0.289,0.831,5.085,1,anticyclonic,SYNTHETIC_DEMO_DATA
2582,Kerala Coast,9.79622,76.30304,2025-11-10 09:30:21,27.924,0.923,1.18,7.675,1,anticyclonic,SYNTHETIC_DEMO_DATA
2583,Visakhapatnam,18.04094,83.09538,2025-11-10 12:25:12,26.359,-0.842,2.317,15.747,1,anticyclonic,SYNTHETIC_DEMO_DATA
2584,Gujarat Coast,22.61679,69.55076,2025-11-10 15:20:03,26.605,0.404,1.24,11.453,0,none,SYNTHETIC_DEMO_DATA
2585,Chennai Coast,13.24377,80.41628,2025-11-10 18:14:54,29.159,1.258,1.326,6.451,0,none,SYNTHETIC_DEMO_DATA
2586,Mumbai Coast,19.001,72.59078,2025-11-10 21:09:45,26.871,0.17,0.967,10.993,1,cyclonic,SYNTHETIC_DEMO_DATA
2587,Chennai Coast,13.54467,80.01826,2025-11-11 00:04:36,27.525,-0.376,0.555,3.459,1,anticyclonic,SYNTHETIC_DEMO_DATA
2588,Chennai Coast,12.94064,80.54843,2025-11-11 02:59:27,27.429,-0.472,1.842,11.313,0,none,SYNTHETIC_DEMO_DATA
2589,Lakshadweep,10.6147,72.67683,2025-11-11 05:54:18,28.415,1.214,0.05,3.183,0,none,SYNTHETIC_DEMO_DATA
2590,Chennai Coast,13.51128,80.21371,2025-11-11 08:49:09,28.224,0.323,1.642,9.792,0,none,SYNTHETIC_DEMO_DATA
2591,Sundarbans,22.03591,89.06074,2025-11-11 11:44:00,27.651,0.75,1.576,12.465,1,anticyclonic,SYNTHETIC_DEMO_DATA
2592,Chennai Coast,13.27224,80.30003,2025-11-11 14:38:51,27.225,-0.676,0.841,4.983,0,none,SYNTHETIC_DEMO_DATA
2593,Mumbai Coast,19.23683,73.00792,2025-11-11 17:33:42,27.426,0.725,1.941,16.274,1,anticyclonic,SYNTHETIC_DEMO_DATA
2594,Sundarbans,21.78286,89.196,2025-11-11 20:28:33,27.552,0.651,1.784,10.441,0,none,SYNTHETIC_DEMO_DATA
2595,Chennai Coast,13.05487,80.11187,2025-11-11 23:23:25,27.815,-0.086,1.279,11.441,0,none,SYNTHETIC_DEMO_DATA
2596,Odisha Coast,19.77758,85.89528,2025-11-12 02:18:16,27.218,-0.483,1.429,13.009,0,none,SYNTHETIC_DEMO_DATA
2597,Mumbai Coast,19.04486,73.06942,2025-11-12 05:13:07,25.464,-1.236,1.918,12.467,0,none,SYNTHETIC_DEMO_DATA
2598,Goa Coast,15.33188,73.76987,2025-11-12 08:07:58,27.984,1.083,1.92,11.921,1,anticyclonic,SYNTHETIC_DEMO_DATA
2599,Lakshadweep,10.51017,72.46577,2025-11-12 11:02:49,28.325,1.124,0.894,7.219,1,anticyclonic,SYNTHETIC_DEMO_DATA
2600,Chennai Coast,13.16745,79.95263,2025-11-12 13:57:40,29.543,1.642,0.606,3.687,1,cyclonic,SYNTHETIC_DEMO_DATA
2601,Andaman & Nicobar,11.56012,92.49254,2025-11-12 16:52:31,27.973,0.272,1.642,11.83,0,none,SYNTHETIC_DEMO_DATA
2602,Visakhapatnam,17.8105,82.84976,2025-11-12 19:47:22,27.007,-0.193,1.403,12.995,0,none,SYNTHETIC_DEMO_DATA
2603,Goa Coast,15.65104,73.96723,2025-11-12 22:42:13,27.133,0.232,2.001,10.966,0,none,SYNTHETIC_DEMO_DATA
2604,Mumbai Coast,19.01084,72.98172,2025-11-13 01:37:04,26.177,-0.524,2.059,17.345,1,cyclonic,SYNTHETIC_DEMO_DATA
2605,Goa Coast,15.38135,73.54372,2025-11-13 04:31:55,26.844,-0.057,1.539,17.008,0,none,SYNTHETIC_DEMO_DATA
2606,Goa Coast,15.49661,73.6412,2025-11-13 07:26:46,26.383,-0.518,1.592,12.767,0,none,SYNTHETIC_DEMO_DATA
2607,Mumbai Coast,19.18171,72.57501,2025-11-13 10:21:37,27.441,0.74,1.663,16.074,0,none,SYNTHETIC_DEMO_DATA
2608,Visakhapatnam,17.52038,83.54916,2025-11-13 13:16:28,26.987,-0.214,1.256,6.974,0,none,SYNTHETIC_DEMO_DATA
2609,Mumbai Coast,19.26314,73.16934,2025-11-13 16:11:19,26.845,0.144,1.942,8.413,0,none,SYNTHETIC_DEMO_DATA
2610,Andaman & Nicobar,11.95518,92.51854,2025-11-13 19:06:10,27.646,-0.055,1.757,14.248,1,cyclonic,SYNTHETIC_DEMO_DATA
2611,Lakshadweep,10.43642,72.64024,2025-11-13 22:01:01,29.53,2.329,1.018,6.561,0,none,SYNTHETIC_DEMO_DATA
2612,Lakshadweep,10.49145,72.54279,2025-11-14 00:55:52,27.452,0.251,0.894,5.857,1,cyclonic,SYNTHETIC_DEMO_DATA
2613,Odisha Coast,19.81942,85.65492,2025-11-14 03:50:44,27.995,0.294,1.371,15.354,1,anticyclonic,SYNTHETIC_DEMO_DATA
2614,Mumbai Coast,18.74061,73.0515,2025-11-14 06:45:35,27.359,0.658,1.963,11.786,1,cyclonic,SYNTHETIC_DEMO_DATA
2615,Odisha Coast,19.53778,85.86402,2025-11-14 09:40:26,27.337,-0.364,0.641,5.186,1,cyclonic,SYNTHETIC_DEMO_DATA
2616,Gujarat Coast,22.36147,69.48574,2025-11-14 12:35:17,27.571,1.37,0.959,9.333,0,none,SYNTHETIC_DEMO_DATA
2617,Lakshadweep,10.15127,72.63694,2025-11-14 15:30:08,27.486,0.285,0.907,6.18,0,none,SYNTHETIC_DEMO_DATA
2618,Sundarbans,22.00259,89.53727,2025-11-14 18:24:59,25.644,-1.257,1.403,9.993,0,none,SYNTHETIC_DEMO_DATA
2619,Gujarat Coast,22.477,69.4942,2025-11-14 21:19:50,26.637,0.436,0.148,1.888,0,none,SYNTHETIC_DEMO_DATA
2620,Lakshadweep,10.39732,72.57928,2025-11-15 00:14:41,26.863,-0.338,0.902,11.628,0,none,SYNTHETIC_DEMO_DATA
2621,Andaman & Nicobar,11.60568,92.6359,2025-11-15 03:09:32,27.346,-0.355,0.735,4.545,0,none,SYNTHETIC_DEMO_DATA
2622,Chennai Coast,13.13927,80.56461,2025-11-15 06:04:23,28.093,0.192,0.794,11.35,0,none,SYNTHETIC_DEMO_DATA
2623,Odisha Coast,19.80443,85.91176,2025-11-15 08:59:14,25.833,-1.868,1.444,8.753,0,none,SYNTHETIC_DEMO_DATA
2624,Lakshadweep,10.66863,72.67908,2025-11-15 11:54:05,27.191,-0.01,1.806,10.52,1,anticyclonic,SYNTHETIC_DEMO_DATA
2625,Lakshadweep,10.61982,72.61367,2025-11-15 14:48:56,25.926,-1.275,0.963,6.043,1,cyclonic,SYNTHETIC_DEMO_DATA
2626,Mumbai Coast,18.8257,72.46175,2025-11-15 17:43:47,26.938,0.237,1.508,9.002,1,cyclonic,SYNTHETIC_DEMO_DATA
2627,Lakshadweep,10.82246,72.56134,2025-11-15 20:38:38,26.661,-0.54,2.112,13.417,1,cyclonic,SYNTHETIC_DEMO_DATA
2628,Sundarbans,22.05043,89.39759,2025-11-15 23:33:29,27.498,0.597,1.874,16.466,0,none,SYNTHETIC_DEMO_DATA
2629,Gujarat Coast,22.14659,69.63176,2025-11-16 02:28:20,26.043,-0.158,0.623,7.532,1,anticyclonic,SYNTHETIC_DEMO_DATA
2630,Sundarbans,22.01308,89.13727,2025-11-16 05:23:12,28.122,1.221,1.482,11.56,1,anticyclonic,SYNTHETIC_DEMO_DATA
2631,Lakshadweep,10.70574,72.63234,2025-11-16 08:18:03,25.85,-1.351,1.422,10.255,1,cyclonic,SYNTHETIC_DEMO_DATA
2632,Gujarat Coast,22.49386,69.36583,2025-11-16 11:12:54,26.109,-0.092,0.842,6.464,0,none,SYNTHETIC_DEMO_DATA
2633,Lakshadweep,10.40204,72.73772,2025-11-16 14:07:45,27.533,0.332,1.511,11.895,1,anticyclonic,SYNTHETIC_DEMO_DATA
2634,Mumbai Coast,19.06228,72.90323,2025-11-16 17:02:36,26.274,-0.427,1.129,10.117,1,anticyclonic,SYNTHETIC_DEMO_DATA
2635,Sundarbans,22.09766,89.26613,2025-11-16 19:57:27,28.13,1.229,0.953,12.538,1,cyclonic,SYNTHETIC_DEMO_DATA
2636,Sundarbans,21.80182,89.35217,2025-11-16 22:52:18,27.428,0.527,1.152,6.484,0,none,SYNTHETIC_DEMO_DATA
2637,Chennai Coast,12.84906,80.20758,2025-11-17 01:47:09,27.535,-0.366,0.846,7.244,0,none,SYNTHETIC_DEMO_DATA
2638,Goa Coast,15.33972,73.68424,2025-11-17 04:42:00,26.63,-0.271,0.654,6.646,0,none,SYNTHETIC_DEMO_DATA
2639,Odisha Coast,19.65449,85.50287,2025-11-17 07:36:51,28.591,0.89,0.821,3.704,1,anticyclonic,SYNTHETIC_DEMO_DATA
2640,Andaman & Nicobar,11.95072,92.72672,2025-11-17 10:31:42,28.028,0.327,1.952,16.908,1,anticyclonic,SYNTHETIC_DEMO_DATA
2641,Visakhapatnam,18.04488,83.27326,2025-11-17 13:26:33,26.952,-0.249,1.118,7.882,1,cyclonic,SYNTHETIC_DEMO_DATA
2642,Kerala Coast,9.63359,76.40283,2025-11-17 16:21:24,26.284,-0.717,1.796,8.058,0,none,SYNTHETIC_DEMO_DATA
2643,Visakhapatnam,17.94991,82.91516,2025-11-17 19:16:15,28.179,0.978,1.328,7.285,1,cyclonic,SYNTHETIC_DEMO_DATA
2644,Kerala Coast,9.96428,76.04477,2025-11-17 22:11:06,27.475,0.474,1.836,17.727,0,none,SYNTHETIC_DEMO_DATA
2645,Kerala Coast,9.63254,76.30738,2025-11-18 01:05:57,25.934,-1.067,1.186,5.951,1,anticyclonic,SYNTHETIC_DEMO_DATA
2646,Sundarbans,21.67427,88.99243,2025-11-18 04:00:48,26.762,-0.139,1.601,16.957,1,anticyclonic,SYNTHETIC_DEMO_DATA
2647,Mumbai Coast,19.05329,72.51714,2025-11-18 06:55:40,26.19,-0.511,1.75,11.261,0,none,SYNTHETIC_DEMO_DATA
2648,Goa Coast,15.38319,74.03462,2025-11-18 09:50:31,25.489,-1.412,1.31,12.922,0,none,SYNTHETIC_DEMO_DATA
2649,Lakshadweep,10.29461,72.42698,2025-11-18 12:45:22,26.461,-0.74,1.595,12.675,1,cyclonic,SYNTHETIC_DEMO_DATA
2650,Chennai Coast,13.39493,80.30402,2025-11-18 15:40:13,27.986,0.085,0.874,10.92,1,cyclonic,SYNTHETIC_DEMO_DATA
2651,Andaman & Nicobar,11.49676,92.76015,2025-11-18 18:35:04,26.686,-1.015,1.555,5.125,0,none,SYNTHETIC_DEMO_DATA
2652,Andaman & Nicobar,11.68921,92.5614,2025-11-18 21:29:55,27.988,0.287,1.576,8.803,0,none,SYNTHETIC_DEMO_DATA
2653,Lakshadweep,10.45322,72.75466,2025-11-19 00:24:46,26.817,-0.384,1.522,6.405,0,none,SYNTHETIC_DEMO_DATA
2654,Chennai Coast,13.21822,80.03623,2025-11-19 03:19:37,26.761,-1.14,0.895,5.243,0,none,SYNTHETIC_DEMO_DATA
2655,Andaman & Nicobar,11.68839,92.37798,2025-11-19 06:14:28,26.376,-1.325,1.493,11.19,1,anticyclonic,SYNTHETIC_DEMO_DATA
2656,Mumbai Coast,19.01045,72.54718,2025-11-19 09:09:19,26.483,-0.218,1.107,7.715,1,anticyclonic,SYNTHETIC_DEMO_DATA
2657,Sundarbans,21.97906,88.97058,2025-11-19 12:04:10,26.623,-0.278,1.921,8.302,1,anticyclonic,SYNTHETIC_DEMO_DATA
2658,Visakhapatnam,17.77137,83.32132,2025-11-19 14:59:01,26.817,-0.384,0.557,2.229,1,cyclonic,SYNTHETIC_DEMO_DATA
2659,Gujarat Coast,22.17597,69.11496,2025-11-19 17:53:52,26.457,0.256,0.897,7.047,1,cyclonic,SYNTHETIC_DEMO_DATA
2660,Odisha Coast,19.93484,85.74868,2025-11-19 20:48:43,27.687,-0.014,1.654,14.105,1,cyclonic,SYNTHETIC_DEMO_DATA
2661,Kerala Coast,10.01583,75.87479,2025-11-19 23:43:34,26.168,-0.833,2.563,19.999,0,none,SYNTHETIC_DEMO_DATA
2662,Goa Coast,15.61417,73.87056,2025-11-20 02:38:25,26.522,-0.379,1.379,4.571,0,none,SYNTHETIC_DEMO_DATA
2663,Odisha Coast,19.88445,85.67943,2025-11-20 05:33:16,27.053,-0.648,0.627,7.874,1,cyclonic,SYNTHETIC_DEMO_DATA
2664,Kerala Coast,9.77237,76.26479,2025-11-20 08:28:08,27.087,0.086,1.846,16.974,1,cyclonic,SYNTHETIC_DEMO_DATA
2665,Visakhapatnam,17.80082,82.9331,2025-11-20 11:22:59,26.442,-0.759,1.822,18.525,1,cyclonic,SYNTHETIC_DEMO_DATA
2666,Mumbai Coast,19.11286,72.66947,2025-11-20 14:17:50,24.415,-2.286,1.064,6.786,0,none,SYNTHETIC_DEMO_DATA
2667,Visakhapatnam,17.35415,83.72062,2025-11-20 17:12:41,27.915,0.714,1.882,13.925,0,none,SYNTHETIC_DEMO_DATA
2668,Lakshadweep,10.45142,72.69706,2025-11-20 20:07:32,26.972,-0.229,1.155,7.839,1,anticyclonic,SYNTHETIC_DEMO_DATA
2669,Sundarbans,22.24652,89.44277,2025-11-20 23:02:23,26.864,-0.037,2.119,10.732,0,none,SYNTHETIC_DEMO_DATA
2670,Lakshadweep,10.74264,72.62845,2025-11-21 01:57:14,26.621,-0.58,0.605,9.302,0,none,SYNTHETIC_DEMO_DATA
2671,Goa Coast,15.73523,73.48782,2025-11-21 04:52:05,25.81,-1.091,1.62,12.176,0,none,SYNTHETIC_DEMO_DATA
2672,Andaman & Nicobar,11.55449,92.5541,2025-11-21 07:46:56,27.658,-0.043,1.69,10.75,1,cyclonic,SYNTHETIC_DEMO_DATA
2673,Andaman & Nicobar,11.96623,92.50628,2025-11-21 10:41:47,27.472,-0.229,1.637,10.311,1,anticyclonic,SYNTHETIC_DEMO_DATA
2674,Odisha Coast,19.80263,85.73152,2025-11-21 13:36:38,28.296,0.595,1.949,17.696,0,none,SYNTHETIC_DEMO_DATA
2675,Lakshadweep,10.50552,72.61704,2025-11-21 16:31:29,28.504,1.303,1.582,9.651,1,cyclonic,SYNTHETIC_DEMO_DATA
2676,Mumbai Coast,19.09434,72.71865,2025-11-21 19:26:20,25.812,-0.889,1.959,16.504,1,cyclonic,SYNTHETIC_DEMO_DATA
2677,Lakshadweep,10.77284,72.66191,2025-11-21 22:21:11,26.396,-0.805,1.5,9.939,1,cyclonic,SYNTHETIC_DEMO_DATA
2678,Andaman & Nicobar,11.68416,93.06341,2025-11-22 01:16:02,27.556,-0.145,1.48,6.931,1,cyclonic,SYNTHETIC_DEMO_DATA
2679,Mumbai Coast,19.49521,72.85015,2025-11-22 04:10:53,27.113,0.412,2.005,15.403,1,anticyclonic,SYNTHETIC_DEMO_DATA
2680,Chennai Coast,12.92478,80.31586,2025-11-22 07:05:44,28.208,0.307,0.675,1.164,1,cyclonic,SYNTHETIC_DEMO_DATA
2681,Odisha Coast,19.95996,86.07124,2025-11-22 10:00:36,27.278,-0.423,1.196,11.017,1,anticyclonic,SYNTHETIC_DEMO_DATA
2682,Odisha Coast,19.97968,85.74947,2025-11-22 12:55:27,27.971,0.27,1.011,6.733,1,anticyclonic,SYNTHETIC_DEMO_DATA
2683,Chennai Coast,13.3231,80.01703,2025-11-22 15:50:18,26.431,-1.47,1.037,4.284,0,none,SYNTHETIC_DEMO_DATA
2684,Andaman & Nicobar,11.40324,92.90587,2025-11-22 18:45:09,27.284,-0.417,0.915,9.201,0,none,SYNTHETIC_DEMO_DATA
2685,Mumbai Coast,18.89255,72.33697,2025-11-22 21:40:00,26.773,0.072,1.082,8.368,1,anticyclonic,SYNTHETIC_DEMO_DATA
2686,Kerala Coast,9.7833,76.62978,2025-11-23 00:34:51,26.759,-0.242,1.413,9.659,0,none,SYNTHETIC_DEMO_DATA
2687,Visakhapatnam,17.4953,83.26042,2025-11-23 03:29:42,27.656,0.455,0.857,6.381,0,none,SYNTHETIC_DEMO_DATA
2688,Mumbai Coast,18.94379,72.83452,2025-11-23 06:24:33,27.737,1.036,2.027,10.745,1,anticyclonic,SYNTHETIC_DEMO_DATA
2689,Gujarat Coast,22.13998,69.38689,2025-11-23 09:19:24,26.798,0.598,1.092,8.475,1,anticyclonic,SYNTHETIC_DEMO_DATA
2690,Lakshadweep,10.47972,72.61947,2025-11-23 12:14:15,28.183,0.982,0.911,10.461,0,none,SYNTHETIC_DEMO_DATA
2691,Goa Coast,15.40937,73.78359,2025-11-23 15:09:06,27.405,0.504,1.451,5.06,1,anticyclonic,SYNTHETIC_DEMO_DATA
2692,Gujarat Coast,21.91641,69.42297,2025-11-23 18:03:57,26.633,0.433,1.602,6.359,0,none,SYNTHETIC_DEMO_DATA
2693,Lakshadweep,10.76473,72.39236,2025-11-23 20:58:48,27.64,0.439,2.3,14.867,1,anticyclonic,SYNTHETIC_DEMO_DATA
2694,Kerala Coast,9.93756,76.31279,2025-11-23 23:53:39,24.755,-2.246,1.985,13.667,1,anticyclonic,SYNTHETIC_DEMO_DATA
2695,Lakshadweep,10.59501,72.57735,2025-11-24 02:48:30,26.128,-1.073,1.535,11.044,1,cyclonic,SYNTHETIC_DEMO_DATA
2696,Chennai Coast,12.9987,80.17032,2025-11-24 05:43:21,27.452,-0.449,1.169,6.611,1,cyclonic,SYNTHETIC_DEMO_DATA
2697,Odisha Coast,20.00694,85.65461,2025-11-24 08:38:12,28.311,0.61,1.605,11.737,1,anticyclonic,SYNTHETIC_DEMO_DATA
2698,Kerala Coast,9.84822,76.22652,2025-11-24 11:33:03,27.956,0.955,1.58,9.875,1,cyclonic,SYNTHETIC_DEMO_DATA
2699,Odisha Coast,19.64356,86.13456,2025-11-24 14:27:55,27.688,-0.013,1.999,15.115,0,none,SYNTHETIC_DEMO_DATA
2700,Odisha Coast,19.64467,85.37848,2025-11-24 17:22:46,26.939,-0.762,1.427,15.065,0,none,SYNTHETIC_DEMO_DATA
2701,Andaman & Nicobar,11.81217,92.21183,2025-11-24 20:17:37,27.481,-0.219,1.766,11.38,0,none,SYNTHETIC_DEMO_DATA
2702,Goa Coast,15.58016,74.28242,2025-11-24 23:12:28,27.26,0.359,0.836,7.022,1,cyclonic,SYNTHETIC_DEMO_DATA
2703,Visakhapatnam,17.50962,83.10023,2025-11-25 02:07:19,27.457,0.256,0.536,2.57,0,none,SYNTHETIC_DEMO_DATA
2704,Andaman & Nicobar,12.08704,92.76005,2025-11-25 05:02:10,27.621,-0.08,0.878,5.03,1,anticyclonic,SYNTHETIC_DEMO_DATA
2705,Sundarbans,21.95079,89.15356,2025-11-25 07:57:01,26.69,-0.211,1.84,9.256,0,none,SYNTHETIC_DEMO_DATA
2706,Visakhapatnam,17.84241,83.29217,2025-11-25 10:51:52,27.528,0.327,1.07,11.806,0,none,SYNTHETIC_DEMO_DATA
2707,Goa Coast,15.25741,73.89857,2025-11-25 13:46:43,27.121,0.22,1.371,10.406,0,none,SYNTHETIC_DEMO_DATA
2708,Chennai Coast,12.7988,80.53076,2025-11-25 16:41:34,27.772,-0.129,0.561,0.5,0,none,SYNTHETIC_DEMO_DATA
2709,Goa Coast,15.72031,73.97797,2025-11-25 19:36:25,28.207,1.306,2.074,12.034,1,anticyclonic,SYNTHETIC_DEMO_DATA
2710,Andaman & Nicobar,12.07385,92.70757,2025-11-25 22:31:16,27.153,-0.548,1.772,9.15,0,none,SYNTHETIC_DEMO_DATA
2711,Sundarbans,21.76093,89.55698,2025-11-26 01:26:07,26.635,-0.266,2.458,15.11,0,none,SYNTHETIC_DEMO_DATA
2712,Sundarbans,21.85531,89.2783,2025-11-26 04:20:58,26.628,-0.273,1.375,6.505,0,none,SYNTHETIC_DEMO_DATA
2713,Lakshadweep,10.74851,72.7691,2025-11-26 07:15:49,27.218,0.017,1.467,7.207,1,cyclonic,SYNTHETIC_DEMO_DATA
2714,Mumbai Coast,19.07486,72.52321,2025-11-26 10:10:40,26.736,0.035,1.318,9.532,0,none,SYNTHETIC_DEMO_DATA
2715,Mumbai Coast,18.92756,72.6593,2025-11-26 13:05:31,26.073,-0.628,1.364,12.995,0,none,SYNTHETIC_DEMO_DATA
2716,Kerala Coast,10.07593,75.98548,2025-11-26 16:00:23,26.602,-0.399,1.014,10.196,1,cyclonic,SYNTHETIC_DEMO_DATA
2717,Kerala Coast,10.14928,76.12713,2025-11-26 18:55:14,28.711,1.71,2.013,11.523,1,anticyclonic,SYNTHETIC_DEMO_DATA
2718,Gujarat Coast,22.37495,69.61397,2025-11-26 21:50:05,26.551,0.35,0.985,5.478,1,cyclonic,SYNTHETIC_DEMO_DATA
2719,Mumbai Coast,18.84742,72.66992,2025-11-27 00:44:56,27.093,0.392,1.298,13.643,0,none,SYNTHETIC_DEMO_DATA
2720,Odisha Coast,19.9376,85.74571,2025-11-27 03:39:47,27.719,0.018,0.77,8.953,0,none,SYNTHETIC_DEMO_DATA
2721,Gujarat Coast,22.25391,69.82042,2025-11-27 06:34:38,25.697,-0.504,1.216,6.653,1,cyclonic,SYNTHETIC_DEMO_DATA
2722,Gujarat Coast,22.06319,69.64733,2025-11-27 09:29:29,27.32,1.119,1.502,9.711,1,anticyclonic,SYNTHETIC_DEMO_DATA
2723,Odisha Coast,19.86772,85.97912,2025-11-27 12:24:20,28.082,0.381,2.109,10.412,0,none,SYNTHETIC_DEMO_DATA
2724,Chennai Coast,12.91538,80.14749,2025-11-27 15:19:11,26.696,-1.205,0.691,2.917,1,cyclonic,SYNTHETIC_DEMO_DATA
2725,Goa Coast,15.31302,73.81442,2025-11-27 18:14:02,26.689,-0.212,1.623,13.288,0,none,SYNTHETIC_DEMO_DATA
2726,Gujarat Coast,21.97397,69.29468,2025-11-27 21:08:53,26.462,0.261,0.931,7.073,0,none,SYNTHETIC_DEMO_DATA
2727,Odisha Coast,19.90536,85.62527,2025-11-28 00:03:44,27.799,0.098,1.432,7.442,1,anticyclonic,SYNTHETIC_DEMO_DATA
2728,Sundarbans,21.99081,89.03339,2025-11-28 02:58:35,25.743,-1.158,1.806,6.667,1,cyclonic,SYNTHETIC_DEMO_DATA
2729,Mumbai Coast,18.95583,73.00068,2025-11-28 05:53:26,25.587,-1.114,2.125,12.419,0,none,SYNTHETIC_DEMO_DATA
2730,Kerala Coast,9.90762,76.08679,2025-11-28 08:48:17,27.049,0.048,1.746,8.291,0,none,SYNTHETIC_DEMO_DATA
2731,Lakshadweep,10.63394,73.07548,2025-11-28 11:43:08,28.979,1.778,1.175,12.379,0,none,SYNTHETIC_DEMO_DATA
2732,Mumbai Coast,18.93299,72.55986,2025-11-28 14:37:59,25.437,-1.264,1.444,16.381,0,none,SYNTHETIC_DEMO_DATA
2733,Lakshadweep,10.36482,73.01422,2025-11-28 17:32:51,26.242,-0.959,0.451,6.764,0,none,SYNTHETIC_DEMO_DATA
2734,Visakhapatnam,17.42519,83.39957,2025-11-28 20:27:42,26.536,-0.665,0.916,10.482,1,anticyclonic,SYNTHETIC_DEMO_DATA
2735,Kerala Coast,10.19616,75.85738,2025-11-28 23:22:33,26.446,-0.555,1.406,11.387,1,anticyclonic,SYNTHETIC_DEMO_DATA
2736,Odisha Coast,19.76563,85.91699,2025-11-29 02:17:24,27.738,0.037,0.618,10.613,0,none,SYNTHETIC_DEMO_DATA
2737,Mumbai Coast,18.95218,72.96862,2025-11-29 05:12:15,26.444,-0.257,0.872,11.11,1,cyclonic,SYNTHETIC_DEMO_DATA
2738,Odisha Coast,20.01116,85.73095,2025-11-29 08:07:06,28.28,0.579,1.542,9.074,0,none,SYNTHETIC_DEMO_DATA
2739,Kerala Coast,9.5605,76.29665,2025-11-29 11:01:57,27.197,0.196,1.361,11.866,1,cyclonic,SYNTHETIC_DEMO_DATA
2740,Chennai Coast,12.8888,80.11098,2025-11-29 13:56:48,28.711,0.81,1.339,9.947,0,none,SYNTHETIC_DEMO_DATA
2741,Odisha Coast,19.74528,85.94279,2025-11-29 16:51:39,27.827,0.126,1.668,11.654,1,anticyclonic,SYNTHETIC_DEMO_DATA
2742,Sundarbans,22.02119,88.93872,2025-11-29 19:46:30,27.812,0.911,2.439,16.422,0,none,SYNTHETIC_DEMO_DATA
2743,Mumbai Coast,19.01833,72.6876,2025-11-29 22:41:21,27.409,0.709,0.731,3.547,1,anticyclonic,SYNTHETIC_DEMO_DATA
2744,Lakshadweep,10.13615,72.65642,2025-11-30 01:36:12,28.507,1.306,2.024,14.727,0,none,SYNTHETIC_DEMO_DATA
2745,Odisha Coast,19.89882,85.80705,2025-11-30 04:31:03,29.188,1.487,1.493,6.167,1,cyclonic,SYNTHETIC_DEMO_DATA
2746,Kerala Coast,9.74842,76.56328,2025-11-30 07:25:54,27.839,0.838,1.785,9.039,1,anticyclonic,SYNTHETIC_DEMO_DATA
2747,Visakhapatnam,17.94331,83.48032,2025-11-30 10:20:45,26.147,-1.054,1.472,10.23,1,anticyclonic,SYNTHETIC_DEMO_DATA
2748,Andaman & Nicobar,11.63928,92.79573,2025-11-30 13:15:36,29.483,1.782,1.073,11.8,1,cyclonic,SYNTHETIC_DEMO_DATA
2749,Kerala Coast,9.51201,75.82862,2025-11-30 16:10:27,26.273,-0.728,1.768,10.43,0,none,SYNTHETIC_DEMO_DATA
2750,Lakshadweep,10.73775,72.79676,2025-11-30 19:05:19,27.239,0.038,1.119,10.111,1,anticyclonic,SYNTHETIC_DEMO_DATA
2751,Visakhapatnam,17.70166,83.13617,2025-11-30 22:00:10,26.151,-1.049,0.882,5.446,1,anticyclonic,SYNTHETIC_DEMO_DATA
2752,Sundarbans,21.67851,89.21961,2025-12-01 00:55:01,25.921,-0.779,1.873,11.547,0,none,SYNTHETIC_DEMO_DATA
2753,Mumbai Coast,19.02899,72.98977,2025-12-01 03:49:52,28.502,2.002,1.083,5.877,1,cyclonic,SYNTHETIC_DEMO_DATA
2754,Gujarat Coast,22.03861,69.5125,2025-12-01 06:44:43,27.427,1.427,1.527,10.966,0,none,SYNTHETIC_DEMO_DATA
2755,Lakshadweep,10.55091,72.51126,2025-12-01 09:39:34,27.89,0.89,1.56,12.073,0,none,SYNTHETIC_DEMO_DATA
2756,Andaman & Nicobar,11.8981,92.43662,2025-12-01 12:34:25,27.513,0.013,2.524,13.37,0,none,SYNTHETIC_DEMO_DATA
2757,Andaman & Nicobar,11.89201,92.76127,2025-12-01 15:29:16,26.634,-0.866,1.005,6.025,1,cyclonic,SYNTHETIC_DEMO_DATA
2758,Gujarat Coast,22.31836,69.68057,2025-12-01 18:24:07,25.268,-0.732,1.517,10.471,0,none,SYNTHETIC_DEMO_DATA
2759,Chennai Coast,12.93526,80.29996,2025-12-01 21:18:58,28.321,0.621,0.724,9.871,0,none,SYNTHETIC_DEMO_DATA
2760,Kerala Coast,10.18343,76.25548,2025-12-02 00:13:49,26.456,-0.344,0.745,11.651,0,none,SYNTHETIC_DEMO_DATA
2761,Odisha Coast,19.73028,85.88597,2025-12-02 03:08:40,28.023,0.523,0.926,14.519,1,anticyclonic,SYNTHETIC_DEMO_DATA
2762,Kerala Coast,9.83169,76.36344,2025-12-02 06:03:31,25.852,-0.948,1.236,10.942,0,none,SYNTHETIC_DEMO_DATA
2763,Chennai Coast,13.16731,80.36303,2025-12-02 08:58:22,27.794,0.094,1.153,5.431,1,cyclonic,SYNTHETIC_DEMO_DATA
2764,Sundarbans,22.19049,88.96675,2025-12-02 11:53:13,26.417,-0.283,1.646,6.885,0,none,SYNTHETIC_DEMO_DATA
2765,Visakhapatnam,17.60009,83.04876,2025-12-02 14:48:04,26.049,-0.951,0.971,6.882,1,anticyclonic,SYNTHETIC_DEMO_DATA
2766,Mumbai Coast,19.02697,72.96719,2025-12-02 17:42:55,26.392,-0.108,1.421,9.724,1,anticyclonic,SYNTHETIC_DEMO_DATA
2767,Chennai Coast,13.15031,80.00223,2025-12-02 20:37:47,27.069,-0.631,1.559,8.724,0,none,SYNTHETIC_DEMO_DATA
2768,Lakshadweep,10.54919,72.43392,2025-12-02 23:32:38,25.883,-1.117,2.12,15.937,0,none,SYNTHETIC_DEMO_DATA
2769,Kerala Coast,10.15977,76.4924,2025-12-03 02:27:29,26.14,-0.66,1.336,9.523,1,cyclonic,SYNTHETIC_DEMO_DATA
2770,Lakshadweep,10.9061,72.9313,2025-12-03 05:22:20,27.339,0.339,1.408,13.541,0,none,SYNTHETIC_DEMO_DATA
2771,Gujarat Coast,22.49887,69.32953,2025-12-03 08:17:11,26.404,0.404,1.55,10.283,0,none,SYNTHETIC_DEMO_DATA
2772,Sundarbans,22.03898,89.37207,2025-12-03 11:12:02,26.993,0.293,1.028,11.484,0,none,SYNTHETIC_DEMO_DATA
2773,Visakhapatnam,17.69427,83.00552,2025-12-03 14:06:53,28.033,1.033,0.294,2.133,1,cyclonic,SYNTHETIC_DEMO_DATA
2774,Goa Coast,15.64781,73.87956,2025-12-03 17:01:44,26.075,-0.625,2.192,18.803,1,anticyclonic,SYNTHETIC_DEMO_DATA
2775,Mumbai Coast,18.58272,72.87025,2025-12-03 19:56:35,26.328,-0.172,1.997,15.115,0,none,SYNTHETIC_DEMO_DATA
2776,Chennai Coast,12.72019,79.84241,2025-12-03 22:51:26,27.177,-0.523,0.994,5.003,0,none,SYNTHETIC_DEMO_DATA
2777,Mumbai Coast,19.09271,72.98384,2025-12-04 01:46:17,26.497,-0.003,2.088,16.276,0,none,SYNTHETIC_DEMO_DATA
2778,Lakshadweep,10.50441,72.76675,2025-12-04 04:41:08,27.476,0.476,1.147,7.861,0,none,SYNTHETIC_DEMO_DATA
2779,Chennai Coast,13.01267,79.92904,2025-12-04 07:35:59,27.187,-0.513,1.594,8.095,0,none,SYNTHETIC_DEMO_DATA
2780,Sundarbans,21.63552,88.99572,2025-12-04 10:30:50,26.845,0.145,1.325,13.724,0,none,SYNTHETIC_DEMO_DATA
2781,Chennai Coast,13.11204,80.66476,2025-12-04 13:25:41,27.84,0.14,0.443,7.421,0,none,SYNTHETIC_DEMO_DATA
2782,Lakshadweep,10.70695,72.8319,2025-12-04 16:20:32,27.324,0.324,1.618,8.265,0,none,SYNTHETIC_DEMO_DATA
2783,Goa Coast,15.6804,73.69168,2025-12-04 19:15:23,26.323,-0.377,1.098,10.185,0,none,SYNTHETIC_DEMO_DATA
2784,Andaman & Nicobar,11.44972,92.466,2025-12-04 22:10:15,27.451,-0.049,1.276,2.45,0,none,SYNTHETIC_DEMO_DATA
2785,Lakshadweep,10.98945,72.5802,2025-12-05 01:05:06,25.535,-1.465,1.222,7.622,1,cyclonic,SYNTHETIC_DEMO_DATA
2786,Odisha Coast,19.59604,85.96795,2025-12-05 03:59:57,28.042,0.542,1.419,11.143,1,anticyclonic,SYNTHETIC_DEMO_DATA
2787,Visakhapatnam,17.7257,83.48011,2025-12-05 06:54:48,28.714,1.714,0.675,6.44,0,none,SYNTHETIC_DEMO_DATA
2788,Sundarbans,22.28657,88.99749,2025-12-05 09:49:39,26.214,-0.486,1.808,10.641,1,cyclonic,SYNTHETIC_DEMO_DATA
2789,Sundarbans,22.16399,89.03599,2025-12-05 12:44:30,27.305,0.605,1.092,4.981,1,anticyclonic,SYNTHETIC_DEMO_DATA
2790,Andaman & Nicobar,11.67193,92.80894,2025-12-05 15:39:21,27.798,0.298,0.992,11.585,0,none,SYNTHETIC_DEMO_DATA
2791,Lakshadweep,10.45046,72.65878,2025-12-05 18:34:12,26.174,-0.826,0.814,3.128,0,none,SYNTHETIC_DEMO_DATA
2792,Odisha Coast,19.99712,85.71932,2025-12-05 21:29:03,27.917,0.417,0.953,13.0,1,anticyclonic,SYNTHETIC_DEMO_DATA
2793,Goa Coast,15.55743,74.08451,2025-12-06 00:23:54,26.969,0.269,1.145,10.24,0,none,SYNTHETIC_DEMO_DATA
2794,Mumbai Coast,19.03336,72.6055,2025-12-06 03:18:45,25.355,-1.145,1.834,13.888,1,cyclonic,SYNTHETIC_DEMO_DATA
2795,Sundarbans,22.134,89.29707,2025-12-06 06:13:36,26.585,-0.115,0.804,8.077,0,none,SYNTHETIC_DEMO_DATA
2796,Lakshadweep,10.46359,72.28268,2025-12-06 09:08:27,26.713,-0.287,1.185,7.098,0,none,SYNTHETIC_DEMO_DATA
2797,Andaman & Nicobar,11.46519,92.71519,2025-12-06 12:03:18,28.091,0.591,0.872,5.016,0,none,SYNTHETIC_DEMO_DATA
2798,Mumbai Coast,19.00078,72.91561,2025-12-06 14:58:09,26.654,0.154,1.955,14.405,0,none,SYNTHETIC_DEMO_DATA
2799,Goa Coast,14.93743,73.79468,2025-12-06 17:53:00,26.444,-0.256,1.358,8.202,1,cyclonic,SYNTHETIC_DEMO_DATA
2800,Chennai Coast,13.17199,80.31937,2025-12-06 20:47:51,28.444,0.744,1.328,7.752,0,none,SYNTHETIC_DEMO_DATA
2801,Goa Coast,15.4845,73.79951,2025-12-06 23:42:42,26.12,-0.58,1.526,14.314,1,anticyclonic,SYNTHETIC_DEMO_DATA
2802,Kerala Coast,9.73323,76.14206,2025-12-07 02:37:34,28.374,1.574,1.559,11.265,0,none,SYNTHETIC_DEMO_DATA
2803,Lakshadweep,10.31321,72.62545,2025-12-07 05:32:25,26.53,-0.47,1.424,7.62,1,anticyclonic,SYNTHETIC_DEMO_DATA
2804,Sundarbans,21.80774,89.24824,2025-12-07 08:27:16,27.06,0.36,1.478,12.558,1,cyclonic,SYNTHETIC_DEMO_DATA
2805,Odisha Coast,19.70629,85.48933,2025-12-07 11:22:07,27.166,-0.334,0.705,9.284,0,none,SYNTHETIC_DEMO_DATA
2806,Lakshadweep,10.47516,72.6737,2025-12-07 14:16:58,28.481,1.481,1.12,13.779,0,none,SYNTHETIC_DEMO_DATA
2807,Visakhapatnam,17.50123,83.54806,2025-12-07 17:11:49,26.474,-0.526,0.573,2.914,0,none,SYNTHETIC_DEMO_DATA
2808,Chennai Coast,12.83548,80.14399,2025-12-07 20:06:40,28.484,0.784,0.993,6.841,1,anticyclonic,SYNTHETIC_DEMO_DATA
2809,Goa Coast,15.20794,73.97251,2025-12-07 23:01:31,26.6,-0.1,1.453,11.054,1,anticyclonic,SYNTHETIC_DEMO_DATA
2810,Odisha Coast,19.86607,85.73226,2025-12-08 01:56:22,27.704,0.204,1.892,15.252,0,none,SYNTHETIC_DEMO_DATA
2811,Mumbai Coast,18.97693,72.67944,2025-12-08 04:51:13,27.467,0.967,1.752,12.799,0,none,SYNTHETIC_DEMO_DATA
2812,Visakhapatnam,17.56041,83.41785,2025-12-08 07:46:04,27.024,0.024,0.989,8.87,0,none,SYNTHETIC_DEMO_DATA
2813,Odisha Coast,19.80349,85.77539,2025-12-08 10:40:55,27.658,0.158,1.987,10.289,0,none,SYNTHETIC_DEMO_DATA
2814,Lakshadweep,10.2686,72.48855,2025-12-08 13:35:46,25.862,-1.138,0.811,5.201,1,cyclonic,SYNTHETIC_DEMO_DATA
2815,Odisha Coast,19.90972,85.54998,2025-12-08 16:30:37,27.88,0.38,1.489,15.799,1,cyclonic,SYNTHETIC_DEMO_DATA
2816,Sundarbans,21.83718,89.04882,2025-12-08 19:25:28,27.112,0.412,1.277,6.327,1,cyclonic,SYNTHETIC_DEMO_DATA
2817,Gujarat Coast,22.30901,69.54117,2025-12-08 22:20:19,26.981,0.981,0.625,1.233,1,cyclonic,SYNTHETIC_DEMO_DATA
2818,Andaman & Nicobar,11.87973,92.53478,2025-12-09 01:15:10,28.25,0.75,0.353,5.678,1,cyclonic,SYNTHETIC_DEMO_DATA
2819,Odisha Coast,19.76977,85.75877,2025-12-09 04:10:02,27.368,-0.132,1.924,14.787,0,none,SYNTHETIC_DEMO_DATA
2820,Goa Coast,15.32827,73.81539,2025-12-09 07:04:53,29.708,3.008,1.882,13.733,1,cyclonic,SYNTHETIC_DEMO_DATA
2821,Mumbai Coast,18.62792,72.76549,2025-12-09 09:59:44,26.214,-0.286,1.04,9.738,0,none,SYNTHETIC_DEMO_DATA
2822,Andaman & Nicobar,11.98397,92.53991,2025-12-09 12:54:35,26.939,-0.561,1.309,7.094,1,cyclonic,SYNTHETIC_DEMO_DATA
2823,Odisha Coast,19.90814,85.78052,2025-12-09 15:49:26,27.363,-0.137,1.449,12.039,1,cyclonic,SYNTHETIC_DEMO_DATA
2824,Lakshadweep,10.57804,72.75043,2025-12-09 18:44:17,28.773,1.773,1.488,8.198,0,none,SYNTHETIC_DEMO_DATA
2825,Gujarat Coast,22.0786,69.46514,2025-12-09 21:39:08,25.349,-0.651,1.375,6.741,0,none,SYNTHETIC_DEMO_DATA
2826,Andaman & Nicobar,11.73668,92.75151,2025-12-10 00:33:59,29.359,1.859,1.286,12.998,0,none,SYNTHETIC_DEMO_DATA
2827,Chennai Coast,13.30999,80.44041,2025-12-10 03:28:50,28.617,0.917,1.388,4.255,0,none,SYNTHETIC_DEMO_DATA
2828,Lakshadweep,10.28483,73.00379,2025-12-10 06:23:41,27.69,0.69,0.712,1.586,0,none,SYNTHETIC_DEMO_DATA
2829,Gujarat Coast,22.12654,69.82695,2025-12-10 09:18:32,27.118,1.118,0.707,9.336,0,none,SYNTHETIC_DEMO_DATA
2830,Odisha Coast,19.59404,85.85795,2025-12-10 12:13:23,26.755,-0.745,1.258,3.308,1,cyclonic,SYNTHETIC_DEMO_DATA
2831,Lakshadweep,10.29974,73.14495,2025-12-10 15:08:14,27.28,0.28,0.893,7.667,0,none,SYNTHETIC_DEMO_DATA
2832,Goa Coast,15.48705,73.94435,2025-12-10 18:03:05,28.464,1.764,1.374,8.14,1,cyclonic,SYNTHETIC_DEMO_DATA
2833,Chennai Coast,13.07896,79.93158,2025-12-10 20:57:56,26.941,-0.759,1.684,13.942,0,none,SYNTHETIC_DEMO_DATA
2834,Mumbai Coast,18.78892,72.69556,2025-12-10 23:52:47,25.793,-0.707,1.35,8.111,0,none,SYNTHETIC_DEMO_DATA
2835,Chennai Coast,13.45119,80.52466,2025-12-11 02:47:38,28.337,0.637,1.012,0.888,0,none,SYNTHETIC_DEMO_DATA
2836,Mumbai Coast,19.27027,72.91146,2025-12-11 05:42:30,26.989,0.489,1.922,14.908,1,anticyclonic,SYNTHETIC_DEMO_DATA
2837,Lakshadweep,10.57704,72.63151,2025-12-11 08:37:21,26.754,-0.246,1.301,9.068,1,anticyclonic,SYNTHETIC_DEMO_DATA
2838,Andaman & Nicobar,11.5978,92.64375,2025-12-11 11:32:12,29.461,1.961,0.903,12.091,1,anticyclonic,SYNTHETIC_DEMO_DATA
2839,Visakhapatnam,17.52789,82.73102,2025-12-11 14:27:03,27.036,0.036,1.187,6.531,0,none,SYNTHETIC_DEMO_DATA
2840,Lakshadweep,10.61239,72.53471,2025-12-11 17:21:54,26.294,-0.706,0.206,3.753,1,anticyclonic,SYNTHETIC_DEMO_DATA
2841,Kerala Coast,9.52331,76.48749,2025-12-11 20:16:45,27.32,0.52,2.069,13.617,0,none,SYNTHETIC_DEMO_DATA
2842,Goa Coast,15.33971,73.84606,2025-12-11 23:11:36,26.252,-0.448,1.014,5.348,0,none,SYNTHETIC_DEMO_DATA
2843,Goa Coast,15.50573,74.0876,2025-12-12 02:06:27,25.831,-0.869,1.459,7.488,0,none,SYNTHETIC_DEMO_DATA
2844,Kerala Coast,9.96019,76.33099,2025-12-12 05:01:18,28.064,1.264,1.219,8.893,0,none,SYNTHETIC_DEMO_DATA
2845,Kerala Coast,9.5852,76.2245,2025-12-12 07:56:09,26.771,-0.029,0.931,10.071,1,cyclonic,SYNTHETIC_DEMO_DATA
2846,Kerala Coast,9.93695,76.48459,2025-12-12 10:51:00,25.895,-0.905,1.884,18.865,1,anticyclonic,SYNTHETIC_DEMO_DATA
2847,Andaman & Nicobar,11.62001,92.76811,2025-12-12 13:45:51,26.701,-0.799,1.391,11.707,0,none,SYNTHETIC_DEMO_DATA
2848,Chennai Coast,13.51291,80.20022,2025-12-12 16:40:42,27.767,0.067,0.904,1.953,0,none,SYNTHETIC_DEMO_DATA
2849,Visakhapatnam,17.76361,83.26529,2025-12-12 19:35:33,26.739,-0.261,1.707,11.514,1,anticyclonic,SYNTHETIC_DEMO_DATA
2850,Chennai Coast,13.07721,80.17103,2025-12-12 22:30:24,27.77,0.07,1.01,11.061,0,none,SYNTHETIC_DEMO_DATA
2851,Odisha Coast,19.71532,85.70034,2025-12-13 01:25:15,26.378,-1.122,1.036,5.685,1,cyclonic,SYNTHETIC_DEMO_DATA
2852,Chennai Coast,12.87631,80.33139,2025-12-13 04:20:06,26.481,-1.219,1.35,9.984,1,anticyclonic,SYNTHETIC_DEMO_DATA
2853,Odisha Coast,20.03676,86.28766,2025-12-13 07:14:58,27.469,-0.031,1.499,14.382,0,none,SYNTHETIC_DEMO_DATA
2854,Sundarbans,21.9385,89.42905,2025-12-13 10:09:49,27.663,0.963,2.289,17.667,1,cyclonic,SYNTHETIC_DEMO_DATA
2855,Goa Coast,15.46513,73.64562,2025-12-13 13:04:40,26.721,0.021,0.559,7.013,0,none,SYNTHETIC_DEMO_DATA
2856,Sundarbans,22.22924,89.03427,2025-12-13 15:59:31,26.696,-0.004,0.923,7.741,0,none,SYNTHETIC_DEMO_DATA
2857,Mumbai Coast,19.29694,72.8448,2025-12-13 18:54:22,25.404,-1.096,2.128,16.684,0,none,SYNTHETIC_DEMO_DATA
2858,Goa Coast,15.02848,74.04205,2025-12-13 21:49:13,27.787,1.087,0.631,4.117,0,none,SYNTHETIC_DEMO_DATA
2859,Goa Coast,15.14319,73.79436,2025-12-14 00:44:04,26.689,-0.011,1.833,13.294,1,cyclonic,SYNTHETIC_DEMO_DATA
2860,Kerala Coast,9.49176,76.30008,2025-12-14 03:38:55,26.38,-0.42,1.416,10.168,0,none,SYNTHETIC_DEMO_DATA
2861,Odisha Coast,19.68767,85.9716,2025-12-14 06:33:46,26.843,-0.657,1.331,10.339,0,none,SYNTHETIC_DEMO_DATA
2862,Lakshadweep,10.76949,73.05566,2025-12-14 09:28:37,27.968,0.968,1.164,9.275,0,none,SYNTHETIC_DEMO_DATA
2863,Andaman & Nicobar,11.739,93.01316,2025-12-14 12:23:28,27.8,0.3,0.855,10.088,0,none,SYNTHETIC_DEMO_DATA
2864,Gujarat Coast,22.13346,69.68846,2025-12-14 15:18:19,25.871,-0.129,0.687,5.231,1,anticyclonic,SYNTHETIC_DEMO_DATA
2865,Sundarbans,21.62021,89.23503,2025-12-14 18:13:10,26.244,-0.456,2.137,16.865,1,anticyclonic,SYNTHETIC_DEMO_DATA
2866,Sundarbans,21.78058,88.58299,2025-12-14 21:08:01,26.254,-0.446,1.4,14.579,1,cyclonic,SYNTHETIC_DEMO_DATA
2867,Chennai Coast,13.14868,80.58488,2025-12-15 00:02:52,28.223,0.523,1.181,9.859,0,none,SYNTHETIC_DEMO_DATA
2868,Odisha Coast,19.77615,86.01025,2025-12-15 02:57:43,26.764,-0.736,1.199,12.439,1,cyclonic,SYNTHETIC_DEMO_DATA
2869,Andaman & Nicobar,11.54141,92.72293,2025-12-15 05:52:34,27.261,-0.239,0.992,12.69,0,none,SYNTHETIC_DEMO_DATA
2870,Visakhapatnam,17.80699,83.50934,2025-12-15 08:47:26,26.446,-0.554,1.939,16.335,0,none,SYNTHETIC_DEMO_DATA
2871,Visakhapatnam,17.60822,83.3569,2025-12-15 11:42:17,25.884,-1.116,1.609,12.68,0,none,SYNTHETIC_DEMO_DATA
2872,Lakshadweep,10.66237,72.78869,2025-12-15 14:37:08,26.08,-0.92,1.204,5.793,1,anticyclonic,SYNTHETIC_DEMO_DATA
2873,Andaman & Nicobar,11.71524,92.27819,2025-12-15 17:31:59,26.942,-0.558,2.209,12.346,1,cyclonic,SYNTHETIC_DEMO_DATA
2874,Visakhapatnam,17.99438,83.01963,2025-12-15 20:26:50,25.717,-1.283,1.113,6.759,0,none,SYNTHETIC_DEMO_DATA
2875,Chennai Coast,13.21695,80.21619,2025-12-15 23:21:41,25.429,-2.271,1.083,6.275,0,none,SYNTHETIC_DEMO_DATA
2876,Mumbai Coast,19.29336,72.87539,2025-12-16 02:16:32,27.233,0.733,1.213,9.002,0,none,SYNTHETIC_DEMO_DATA
2877,Gujarat Coast,21.82178,69.26627,2025-12-16 05:11:23,25.041,-0.959,0.878,7.809,1,anticyclonic,SYNTHETIC_DEMO_DATA
2878,Lakshadweep,10.96766,72.61975,2025-12-16 08:06:14,27.939,0.939,1.529,14.283,1,anticyclonic,SYNTHETIC_DEMO_DATA
2879,Andaman & Nicobar,12.09769,92.83305,2025-12-16 11:01:05,28.791,1.291,1.521,8.602,0,none,SYNTHETIC_DEMO_DATA
2880,Lakshadweep,10.61029,72.58611,2025-12-16 13:55:56,27.54,0.54,0.873,8.982,0,none,SYNTHETIC_DEMO_DATA
2881,Sundarbans,22.01678,89.60688,2025-12-16 16:50:47,26.679,-0.021,1.522,13.208,1,cyclonic,SYNTHETIC_DEMO_DATA
2882,Visakhapatnam,17.85786,82.74389,2025-12-16 19:45:38,25.953,-1.047,1.308,10.085,0,none,SYNTHETIC_DEMO_DATA
2883,Mumbai Coast,18.56071,73.10548,2025-12-16 22:40:29,25.473,-1.027,1.509,13.712,0,none,SYNTHETIC_DEMO_DATA
2884,Sundarbans,21.64412,89.34293,2025-12-17 01:35:20,26.331,-0.369,0.897,6.788,0,none,SYNTHETIC_DEMO_DATA
2885,Chennai Coast,13.55424,80.1912,2025-12-17 04:30:11,27.446,-0.254,1.004,5.037,0,none,SYNTHETIC_DEMO_DATA
2886,Odisha Coast,19.77915,85.82282,2025-12-17 07:25:02,27.641,0.141,1.157,9.335,0,none,SYNTHETIC_DEMO_DATA
2887,Lakshadweep,10.29758,72.73057,2025-12-17 10:19:53,26.959,-0.041,1.19,10.669,1,cyclonic,SYNTHETIC_DEMO_DATA
2888,Sundarbans,21.72343,89.11572,2025-12-17 13:14:45,26.688,-0.012,2.625,26.08,1,cyclonic,SYNTHETIC_DEMO_DATA
2889,Odisha Coast,19.6782,85.90172,2025-12-17 16:09:36,29.462,1.962,1.461,8.194,0,none,SYNTHETIC_DEMO_DATA
2890,Odisha Coast,19.8109,85.66003,2025-12-17 19:04:27,28.189,0.689,1.437,9.98,1,anticyclonic,SYNTHETIC_DEMO_DATA
2891,Odisha Coast,20.06743,85.7319,2025-12-17 21:59:18,27.081,-0.419,1.611,11.761,0,none,SYNTHETIC_DEMO_DATA
2892,Mumbai Coast,18.97326,72.99156,2025-12-18 00:54:09,24.434,-2.066,1.763,15.765,0,none,SYNTHETIC_DEMO_DATA
2893,Chennai Coast,12.85609,80.1593,2025-12-18 03:49:00,27.553,-0.147,1.318,8.861,0,none,SYNTHETIC_DEMO_DATA
2894,Lakshadweep,10.71901,72.24957,2025-12-18 06:43:51,26.017,-0.983,2.666,17.832,0,none,SYNTHETIC_DEMO_DATA
2895,Visakhapatnam,18.20018,83.26848,2025-12-18 09:38:42,26.313,-0.687,1.265,13.784,0,none,SYNTHETIC_DEMO_DATA
2896,Mumbai Coast,19.05011,72.96634,2025-12-18 12:33:33,25.989,-0.511,2.155,12.47,0,none,SYNTHETIC_DEMO_DATA
2897,Gujarat Coast,22.16902,69.66768,2025-12-18 15:28:24,25.859,-0.141,0.66,1.876,0,none,SYNTHETIC_DEMO_DATA
2898,Gujarat Coast,22.28601,69.36312,2025-12-18 18:23:15,26.018,0.018,1.386,7.217,0,none,SYNTHETIC_DEMO_DATA
2899,Goa Coast,15.3168,73.94478,2025-12-18 21:18:06,25.648,-1.052,1.747,9.073,1,anticyclonic,SYNTHETIC_DEMO_DATA
2900,Visakhapatnam,17.77058,83.14407,2025-12-19 00:12:57,27.589,0.589,1.58,15.436,0,none,SYNTHETIC_DEMO_DATA
2901,Mumbai Coast,19.00152,72.65435,2025-12-19 03:07:48,26.628,0.128,2.1,10.139,0,none,SYNTHETIC_DEMO_DATA
2902,Andaman & Nicobar,11.72754,92.59561,2025-12-19 06:02:39,26.873,-0.627,1.157,7.005,1,anticyclonic,SYNTHETIC_DEMO_DATA
2903,Andaman & Nicobar,11.41357,92.23905,2025-12-19 08:57:30,27.571,0.071,0.069,4.959,1,cyclonic,SYNTHETIC_DEMO_DATA
2904,Gujarat Coast,22.2809,69.66922,2025-12-19 11:52:21,24.72,-1.28,1.344,5.099,0,none,SYNTHETIC_DEMO_DATA
2905,Gujarat Coast,22.21063,69.73815,2025-12-19 14:47:13,25.682,-0.318,0.957,8.179,1,cyclonic,SYNTHETIC_DEMO_DATA
2906,Andaman & Nicobar,11.94657,93.01765,2025-12-19 17:42:04,27.527,0.027,1.476,6.375,0,none,SYNTHETIC_DEMO_DATA
2907,Gujarat Coast,22.05413,69.4306,2025-12-19 20:36:55,24.944,-1.056,1.36,9.289,0,none,SYNTHETIC_DEMO_DATA
2908,Lakshadweep,10.70489,72.18007,2025-12-19 23:31:46,26.533,-0.467,1.249,8.92,1,anticyclonic,SYNTHETIC_DEMO_DATA
2909,Odisha Coast,19.4381,86.32502,2025-12-20 02:26:37,27.971,0.471,2.23,19.214,0,none,SYNTHETIC_DEMO_DATA
2910,Chennai Coast,13.14249,80.15454,2025-12-20 05:21:28,29.305,1.605,1.289,6.714,1,cyclonic,SYNTHETIC_DEMO_DATA
2911,Odisha Coast,19.70084,85.56077,2025-12-20 08:16:19,26.748,-0.752,2.417,16.589,1,anticyclonic,SYNTHETIC_DEMO_DATA
2912,Sundarbans,21.97047,88.837,2025-12-20 11:11:10,27.401,0.701,1.301,8.349,1,anticyclonic,SYNTHETIC_DEMO_DATA
2913,Kerala Coast,9.859,76.0633,2025-12-20 14:06:01,26.104,-0.696,1.163,12.415,1,cyclonic,SYNTHETIC_DEMO_DATA
2914,Visakhapatnam,17.50208,83.36079,2025-12-20 17:00:52,27.13,0.13,0.956,2.553,0,none,SYNTHETIC_DEMO_DATA
2915,Kerala Coast,9.5583,76.80504,2025-12-20 19:55:43,25.423,-1.377,1.851,18.664,1,anticyclonic,SYNTHETIC_DEMO_DATA
2916,Kerala Coast,10.15576,75.75866,2025-12-20 22:50:34,26.863,0.063,1.817,13.61,1,cyclonic,SYNTHETIC_DEMO_DATA
2917,Gujarat Coast,22.19207,69.45841,2025-12-21 01:45:25,25.917,-0.083,1.335,10.586,1,anticyclonic,SYNTHETIC_DEMO_DATA
2918,Lakshadweep,10.64634,72.83144,2025-12-21 04:40:16,28.03,1.03,1.417,16.824,1,anticyclonic,SYNTHETIC_DEMO_DATA
2919,Andaman & Nicobar,11.86936,92.73053,2025-12-21 07:35:07,27.06,-0.44,0.792,9.409,0,none,SYNTHETIC_DEMO_DATA
2920,Chennai Coast,12.89252,80.50119,2025-12-21 10:29:58,27.497,-0.203,0.746,1.495,0,none,SYNTHETIC_DEMO_DATA
2921,Chennai Coast,13.03481,80.76139,2025-12-21 13:24:49,26.929,-0.771,1.545,11.173,1,cyclonic,SYNTHETIC_DEMO_DATA
2922,Goa Coast,15.21869,73.76273,2025-12-21 16:19:41,26.999,0.299,1.147,13.06,0,none,SYNTHETIC_DEMO_DATA
2923,Odisha Coast,19.26884,85.84608,2025-12-21 19:14:32,27.916,0.416,1.621,7.699,0,none,SYNTHETIC_DEMO_DATA
2924,Mumbai Coast,18.59649,72.82658,2025-12-21 22:09:23,26.826,0.326,1.019,10.239,0,none,SYNTHETIC_DEMO_DATA
2925,Kerala Coast,9.94394,76.18725,2025-12-22 01:04:14,26.458,-0.342,1.938,18.052,0,none,SYNTHETIC_DEMO_DATA
2926,Odisha Coast,19.70924,85.47113,2025-12-22 03:59:05,26.161,-1.339,0.92,5.551,0,none,SYNTHETIC_DEMO_DATA
2927,Gujarat Coast,22.12131,69.91023,2025-12-22 06:53:56,27.647,1.647,0.971,5.348,0,none,SYNTHETIC_DEMO_DATA
2928,Chennai Coast,12.94796,80.3493,2025-12-22 09:48:47,27.674,-0.026,0.718,8.646,0,none,SYNTHETIC_DEMO_DATA
2929,Odisha Coast,19.62605,86.08654,2025-12-22 12:43:38,28.356,0.856,1.246,17.584,0,none,SYNTHETIC_DEMO_DATA
2930,Gujarat Coast,22.17063,70.03083,2025-12-22 15:38:29,24.196,-1.804,0.864,0.5,1,anticyclonic,SYNTHETIC_DEMO_DATA
2931,Odisha Coast,19.79484,86.12187,2025-12-22 18:33:20,27.336,-0.164,2.295,7.688,1,anticyclonic,SYNTHETIC_DEMO_DATA
2932,Gujarat Coast,22.40472,69.75862,2025-12-22 21:28:11,27.048,1.048,1.019,4.79,1,anticyclonic,SYNTHETIC_DEMO_DATA
2933,Odisha Coast,19.66196,86.0097,2025-12-23 00:23:02,27.116,-0.384,1.439,14.169,1,cyclonic,SYNTHETIC_DEMO_DATA
2934,Kerala Coast,10.19691,76.33003,2025-12-23 03:17:53,27.434,0.634,1.588,18.484,0,none,SYNTHETIC_DEMO_DATA
2935,Andaman & Nicobar,11.5305,92.64769,2025-12-23 06:12:44,28.363,0.863,1.343,8.2,0,none,SYNTHETIC_DEMO_DATA
2936,Visakhapatnam,17.54069,83.40204,2025-12-23 09:07:35,27.511,0.511,1.233,11.626,1,anticyclonic,SYNTHETIC_DEMO_DATA
2937,Goa Coast,15.28459,73.97586,2025-12-23 12:02:26,26.015,-0.685,1.024,8.356,0,none,SYNTHETIC_DEMO_DATA
2938,Goa Coast,15.77928,73.96425,2025-12-23 14:57:17,28.05,1.35,1.41,3.766,0,none,SYNTHETIC_DEMO_DATA
2939,Lakshadweep,10.64456,72.35268,2025-12-23 17:52:09,26.52,-0.48,1.354,9.507,0,none,SYNTHETIC_DEMO_DATA
2940,Odisha Coast,19.92064,86.06076,2025-12-23 20:47:00,27.519,0.019,0.957,5.202,0,none,SYNTHETIC_DEMO_DATA
2941,Goa Coast,15.00714,73.96865,2025-12-23 23:41:51,27.551,0.851,1.028,7.948,0,none,SYNTHETIC_DEMO_DATA
2942,Lakshadweep,10.69018,72.50234,2025-12-24 02:36:42,26.558,-0.442,1.454,11.306,1,cyclonic,SYNTHETIC_DEMO_DATA
2943,Goa Coast,15.39742,73.77946,2025-12-24 05:31:33,26.64,-0.06,1.535,4.227,1,cyclonic,SYNTHETIC_DEMO_DATA
2944,Odisha Coast,19.64787,85.63551,2025-12-24 08:26:24,26.821,-0.679,1.855,16.558,1,cyclonic,SYNTHETIC_DEMO_DATA
2945,Andaman & Nicobar,11.91122,92.73133,2025-12-24 11:21:15,26.359,-1.141,2.281,12.886,1,cyclonic,SYNTHETIC_DEMO_DATA
2946,Odisha Coast,19.82265,85.79198,2025-12-24 14:16:06,27.701,0.201,1.261,7.62,0,none,SYNTHETIC_DEMO_DATA
2947,Mumbai Coast,18.96764,72.70311,2025-12-24 17:10:57,25.925,-0.575,1.353,13.943,1,anticyclonic,SYNTHETIC_DEMO_DATA
2948,Kerala Coast,9.633,76.48943,2025-12-24 20:05:48,25.09,-1.71,1.369,13.241,0,none,SYNTHETIC_DEMO_DATA
2949,Mumbai Coast,18.68879,72.87107,2025-12-24 23:00:39,25.556,-0.944,0.815,10.328,1,anticyclonic,SYNTHETIC_DEMO_DATA
2950,Mumbai Coast,19.08144,72.74386,2025-12-25 01:55:30,27.293,0.793,0.918,11.609,0,none,SYNTHETIC_DEMO_DATA
2951,Sundarbans,21.96388,89.23431,2025-12-25 04:50:21,27.439,0.739,2.193,18.979,0,none,SYNTHETIC_DEMO_DATA
2952,Mumbai Coast,18.99034,73.05968,2025-12-25 07:45:12,26.829,0.329,1.123,10.044,0,none,SYNTHETIC_DEMO_DATA
2953,Lakshadweep,10.55128,72.69515,2025-12-25 10:40:03,27.908,0.908,0.61,7.641,0,none,SYNTHETIC_DEMO_DATA
2954,Kerala Coast,9.82856,76.25523,2025-12-25 13:34:54,26.981,0.181,0.854,8.466,0,none,SYNTHETIC_DEMO_DATA
2955,Visakhapatnam,18.07081,83.1117,2025-12-25 16:29:45,28.174,1.174,1.979,12.548,0,none,SYNTHETIC_DEMO_DATA
2956,Lakshadweep,10.95565,72.48406,2025-12-25 19:24:37,27.135,0.135,1.251,12.199,0,none,SYNTHETIC_DEMO_DATA
2957,Sundarbans,21.975,88.91544,2025-12-25 22:19:28,25.972,-0.728,1.288,14.442,0,none,SYNTHETIC_DEMO_DATA
2958,Kerala Coast,9.7131,76.18256,2025-12-26 01:14:19,26.863,0.063,1.179,14.096,1,cyclonic,SYNTHETIC_DEMO_DATA
2959,Mumbai Coast,19.15718,72.76405,2025-12-26 04:09:10,27.145,0.645,1.353,6.334,0,none,SYNTHETIC_DEMO_DATA
2960,Kerala Coast,9.90804,75.89607,2025-12-26 07:04:01,26.64,-0.16,1.189,11.742,0,none,SYNTHETIC_DEMO_DATA
2961,Lakshadweep,10.59732,72.82697,2025-12-26 09:58:52,26.753,-0.247,1.087,10.226,1,anticyclonic,SYNTHETIC_DEMO_DATA
2962,Kerala Coast,9.8153,76.42649,2025-12-26 12:53:43,25.884,-0.916,1.911,15.192,0,none,SYNTHETIC_DEMO_DATA
2963,Lakshadweep,10.53649,72.94252,2025-12-26 15:48:34,27.848,0.848,1.459,5.057,0,none,SYNTHETIC_DEMO_DATA
2964,Sundarbans,22.10911,88.72298,2025-12-26 18:43:25,27.076,0.376,0.84,5.847,0,none,SYNTHETIC_DEMO_DATA
2965,Goa Coast,15.70503,73.85323,2025-12-26 21:38:16,28.365,1.665,0.05,5.712,0,none,SYNTHETIC_DEMO_DATA
2966,Mumbai Coast,18.9898,72.94816,2025-12-27 00:33:07,27.331,0.831,1.681,10.771,0,none,SYNTHETIC_DEMO_DATA
2967,Visakhapatnam,17.7018,83.6863,2025-12-27 03:27:58,26.502,-0.498,1.39,11.769,0,none,SYNTHETIC_DEMO_DATA
2968,Visakhapatnam,17.73026,83.02773,2025-12-27 06:22:49,27.358,0.358,1.175,6.843,1,anticyclonic,SYNTHETIC_DEMO_DATA
2969,Goa Coast,15.42517,73.69654,2025-12-27 09:17:40,27.681,0.981,2.018,14.128,0,none,SYNTHETIC_DEMO_DATA
2970,Gujarat Coast,22.3234,69.67134,2025-12-27 12:12:31,25.627,-0.373,0.994,6.296,0,none,SYNTHETIC_DEMO_DATA
2971,Gujarat Coast,22.1776,69.42296,2025-12-27 15:07:22,26.981,0.981,1.343,11.233,1,cyclonic,SYNTHETIC_DEMO_DATA
2972,Sundarbans,21.8495,89.13005,2025-12-27 18:02:13,25.429,-1.271,1.142,13.807,0,none,SYNTHETIC_DEMO_DATA
2973,Mumbai Coast,19.10953,73.08513,2025-12-27 20:57:05,25.405,-1.095,0.975,14.499,0,none,SYNTHETIC_DEMO_DATA
2974,Lakshadweep,10.81949,72.75036,2025-12-27 23:51:56,27.992,0.992,1.233,6.998,1,anticyclonic,SYNTHETIC_DEMO_DATA
2975,Sundarbans,21.81036,89.41201,2025-12-28 02:46:47,26.58,-0.12,0.971,12.924,1,anticyclonic,SYNTHETIC_DEMO_DATA
2976,Kerala Coast,10.44616,76.33438,2025-12-28 05:41:38,25.127,-1.673,1.476,13.505,1,anticyclonic,SYNTHETIC_DEMO_DATA
2977,Kerala Coast,9.85804,76.18041,2025-12-28 08:36:29,25.623,-1.177,1.299,10.712,1,anticyclonic,SYNTHETIC_DEMO_DATA
2978,Andaman & Nicobar,11.7235,92.67952,2025-12-28 11:31:20,27.823,0.323,1.914,16.7,0,none,SYNTHETIC_DEMO_DATA
2979,Visakhapatnam,17.74577,82.99608,2025-12-28 14:26:11,28.608,1.608,0.829,5.869,0,none,SYNTHETIC_DEMO_DATA
2980,Kerala Coast,9.79561,76.23354,2025-12-28 17:21:02,26.862,0.062,2.06,20.089,1,anticyclonic,SYNTHETIC_DEMO_DATA
2981,Goa Coast,15.40558,73.69732,2025-12-28 20:15:53,25.866,-0.834,1.476,11.66,0,none,SYNTHETIC_DEMO_DATA
2982,Sundarbans,21.85986,89.26588,2025-12-28 23:10:44,25.989,-0.711,1.072,9.506,0,none,SYNTHETIC_DEMO_DATA
2983,Andaman & Nicobar,11.6989,92.73609,2025-12-29 02:05:35,26.756,-0.744,1.044,7.467,1,anticyclonic,SYNTHETIC_DEMO_DATA
2984,Andaman & Nicobar,11.63122,92.66758,2025-12-29 05:00:26,28.45,0.95,1.326,10.276,0,none,SYNTHETIC_DEMO_DATA
2985,Goa Coast,15.44057,73.80986,2025-12-29 07:55:17,26.692,-0.008,1.302,12.408,0,none,SYNTHETIC_DEMO_DATA
2986,Gujarat Coast,22.23508,69.68473,2025-12-29 10:50:08,27.062,1.062,0.888,8.489,1,anticyclonic,SYNTHETIC_DEMO_DATA
2987,Goa Coast,15.41388,73.82841,2025-12-29 13:44:59,25.095,-1.605,1.91,14.264,1,cyclonic,SYNTHETIC_DEMO_DATA
2988,Goa Coast,15.49064,74.015,2025-12-29 16:39:50,27.317,0.617,1.62,12.846,0,none,SYNTHETIC_DEMO_DATA
2989,Lakshadweep,10.55579,72.77144,2025-12-29 19:34:41,28.255,1.255,1.226,10.213,0,none,SYNTHETIC_DEMO_DATA
2990,Kerala Coast,10.0458,76.1963,2025-12-29 22:29:32,26.514,-0.286,1.296,8.924,0,none,SYNTHETIC_DEMO_DATA
2991,Kerala Coast,9.95707,75.99159,2025-12-30 01:24:24,26.691,-0.109,2.291,17.683,0,none,SYNTHETIC_DEMO_DATA
2992,Gujarat Coast,22.601,69.25642,2025-12-30 04:19:15,25.19,-0.81,1.366,8.084,0,none,SYNTHETIC_DEMO_DATA
2993,Odisha Coast,19.93545,85.70059,2025-12-30 07:14:06,27.797,0.297,2.434,11.947,0,none,SYNTHETIC_DEMO_DATA
2994,Andaman & Nicobar,11.64725,92.92722,2025-12-30 10:08:57,28.319,0.819,1.853,19.923,0,none,SYNTHETIC_DEMO_DATA
2995,Goa Coast,15.83103,73.89124,2025-12-30 13:03:48,27.003,0.303,1.419,6.85,0,none,SYNTHETIC_DEMO_DATA
2996,Gujarat Coast,22.21074,69.72412,2025-12-30 15:58:39,25.612,-0.388,0.625,7.884,0,none,SYNTHETIC_DEMO_DATA
2997,Chennai Coast,12.88851,80.15776,2025-12-30 18:53:30,27.363,-0.337,1.089,5.234,1,anticyclonic,SYNTHETIC_DEMO_DATA
2998,Chennai Coast,12.88867,80.31489,2025-12-30 21:48:21,27.786,0.086,1.054,5.887,0,none,SYNTHETIC_DEMO_DATA
2999,Kerala Coast,10.4812,76.14117,2025-12-31 00:43:12,25.563,-1.237,1.575,12.102,1,cyclonic,SYNTHETIC_DEMO_DATA
3000,Gujarat Coast,22.53306,69.46075,2025-12-31 03:38:03,26.476,0.476,1.139,11.334,0,none,SYNTHETIC_DEMO_DATA
3001,Goa Coast,15.34345,73.75075,2025-12-31 06:32:54,26.195,-0.505,0.901,7.646,0,none,SYNTHETIC_DEMO_DATA
3002,Gujarat Coast,22.31172,69.66237,2025-12-31 09:27:45,25.751,-0.249,0.712,7.298,0,none,SYNTHETIC_DEMO_DATA
3003,Lakshadweep,10.55741,72.49744,2025-12-31 12:22:36,28.268,1.268,1.33,3.588,0,none,SYNTHETIC_DEMO_DATA
3004,Lakshadweep,10.57143,72.45544,2025-12-31 15:17:27,27.998,0.998,1.255,12.977,1,anticyclonic,SYNTHETIC_DEMO_DATA
3005,Goa Coast,15.14517,73.66936,2025-12-31 18:12:18,28.29,1.59,0.833,7.493,1,anticyclonic,SYNTHETIC_DEMO_DATA
3006,Chennai Coast,13.12868,80.18842,2025-12-31 21:07:09,29.643,1.943,1.006,6.656,1,cyclonic,SYNTHETIC_DEMO_DATA
3007,Mumbai Coast,18.73826,73.06842,2026-01-01 00:02:00,26.387,-0.314,0.757,9.873,1,anticyclonic,SYNTHETIC_DEMO_DATA
3008,Kerala Coast,9.68404,76.02386,2026-01-01 02:56:52,27.0,-0.001,1.919,9.726,1,cyclonic,SYNTHETIC_DEMO_DATA
3009,Gujarat Coast,22.48353,69.83536,2026-01-01 05:51:43,27.536,1.335,0.612,6.525,1,anticyclonic,SYNTHETIC_DEMO_DATA
3010,Andaman & Nicobar,11.72874,92.91479,2026-01-01 08:46:34,27.523,-0.178,1.396,7.937,0,none,SYNTHETIC_DEMO_DATA
3011,Chennai Coast,12.55986,80.08557,2026-01-01 11:41:25,28.47,0.569,1.542,12.855,1,anticyclonic,SYNTHETIC_DEMO_DATA
3012,Mumbai Coast,19.1354,73.0438,2026-01-01 14:36:16,27.835,1.134,0.923,6.951,1,anticyclonic,SYNTHETIC_DEMO_DATA
3013,Sundarbans,22.32234,89.15368,2026-01-01 17:31:07,26.546,-0.355,0.718,6.55,1,anticyclonic,SYNTHETIC_DEMO_DATA
3014,Goa Coast,15.71157,73.7189,2026-01-01 20:25:58,26.101,-0.8,1.314,10.98,1,anticyclonic,SYNTHETIC_DEMO_DATA
3015,Kerala Coast,10.02478,76.23987,2026-01-01 23:20:49,27.321,0.32,1.497,10.234,0,none,SYNTHETIC_DEMO_DATA
3016,Kerala Coast,9.96406,76.20066,2026-01-02 02:15:40,26.422,-0.579,1.649,11.855,0,none,SYNTHETIC_DEMO_DATA
3017,Mumbai Coast,18.44451,73.0679,2026-01-02 05:10:31,26.385,-0.316,1.589,5.859,0,none,SYNTHETIC_DEMO_DATA
3018,Visakhapatnam,17.45581,82.92204,2026-01-02 08:05:22,27.379,0.178,1.353,3.419,0,none,SYNTHETIC_DEMO_DATA
3019,Mumbai Coast,18.92317,72.41414,2026-01-02 11:00:13,26.678,-0.023,1.293,10.788,0,none,SYNTHETIC_DEMO_DATA
3020,Goa Coast,15.59964,73.96082,2026-01-02 13:55:04,26.656,-0.245,1.73,7.547,0,none,SYNTHETIC_DEMO_DATA
3021,Chennai Coast,13.2507,80.20632,2026-01-02 16:49:55,29.979,2.078,1.573,10.411,1,anticyclonic,SYNTHETIC_DEMO_DATA
3022,Odisha Coast,19.87024,85.55342,2026-01-02 19:44:46,27.972,0.271,0.985,8.765,1,cyclonic,SYNTHETIC_DEMO_DATA
3023,Chennai Coast,12.71942,80.12414,2026-01-02 22:39:37,27.981,0.08,1.6,11.91,1,cyclonic,SYNTHETIC_DEMO_DATA
3024,Odisha Coast,19.86724,85.79501,2026-01-03 01:34:28,29.568,1.867,0.737,6.553,1,anticyclonic,SYNTHETIC_DEMO_DATA
3025,Chennai Coast,13.00993,80.56294,2026-01-03 04:29:20,28.066,0.165,1.09,8.157,0,none,SYNTHETIC_DEMO_DATA
3026,Gujarat Coast,22.09929,69.61176,2026-01-03 07:24:11,24.608,-1.593,0.962,7.236,0,none,SYNTHETIC_DEMO_DATA
3027,Odisha Coast,19.67307,86.19042,2026-01-03 10:19:02,26.489,-1.212,1.821,14.505,1,cyclonic,SYNTHETIC_DEMO_DATA
3028,Goa Coast,15.048,74.09769,2026-01-03 13:13:53,26.946,0.045,1.157,7.084,0,none,SYNTHETIC_DEMO_DATA
3029,Visakhapatnam,17.88139,83.38269,2026-01-03 16:08:44,27.477,0.276,1.434,12.294,1,cyclonic,SYNTHETIC_DEMO_DATA
3030,Andaman & Nicobar,11.50135,92.30241,2026-01-03 19:03:35,27.377,-0.324,0.88,13.043,1,anticyclonic,SYNTHETIC_DEMO_DATA
3031,Goa Coast,15.86132,73.88298,2026-01-03 21:58:26,25.137,-1.764,0.505,9.629,1,anticyclonic,SYNTHETIC_DEMO_DATA
3032,Visakhapatnam,17.58928,83.42758,2026-01-04 00:53:17,26.67,-0.531,1.071,10.994,0,none,SYNTHETIC_DEMO_DATA
3033,Mumbai Coast,19.09317,72.73836,2026-01-04 03:48:08,26.655,-0.046,0.803,7.075,1,cyclonic,SYNTHETIC_DEMO_DATA
3034,Odisha Coast,19.94791,86.0023,2026-01-04 06:42:59,28.079,0.378,1.984,11.935,0,none,SYNTHETIC_DEMO_DATA
3035,Sundarbans,21.96955,89.38103,2026-01-04 09:37:50,27.22,0.319,1.4,6.269,0,none,SYNTHETIC_DEMO_DATA
3036,Lakshadweep,10.38296,72.50913,2026-01-04 12:32:41,27.454,0.253,0.718,7.303,0,none,SYNTHETIC_DEMO_DATA
3037,Andaman & Nicobar,11.6296,92.8594,2026-01-04 15:27:32,27.787,0.087,1.726,12.222,1,anticyclonic,SYNTHETIC_DEMO_DATA
3038,Odisha Coast,19.85656,85.85912,2026-01-04 18:22:23,27.92,0.219,1.038,10.892,0,none,SYNTHETIC_DEMO_DATA
3039,Visakhapatnam,18.03856,83.19408,2026-01-04 21:17:14,27.409,0.208,1.0,6.337,0,none,SYNTHETIC_DEMO_DATA
3040,Odisha Coast,19.48977,85.76138,2026-01-05 00:12:05,28.261,0.56,1.95,15.773,0,none,SYNTHETIC_DEMO_DATA
3041,Chennai Coast,13.31334,80.34455,2026-01-05 03:06:56,28.11,0.209,1.57,11.467,0,none,SYNTHETIC_DEMO_DATA
3042,Visakhapatnam,17.65313,83.34553,2026-01-05 06:01:48,27.015,-0.186,1.316,12.51,0,none,SYNTHETIC_DEMO_DATA
3043,Chennai Coast,12.99761,80.39673,2026-01-05 08:56:39,28.006,0.105,1.166,7.954,1,cyclonic,SYNTHETIC_DEMO_DATA
3044,Mumbai Coast,19.17095,72.65157,2026-01-05 11:51:30,27.923,1.222,1.548,12.572,0,none,SYNTHETIC_DEMO_DATA
3045,Odisha Coast,19.78909,85.65289,2026-01-05 14:46:21,27.73,0.029,0.473,9.346,0,none,SYNTHETIC_DEMO_DATA
3046,Andaman & Nicobar,11.8965,92.73493,2026-01-05 17:41:12,27.814,0.113,1.055,8.61,0,none,SYNTHETIC_DEMO_DATA
3047,Goa Coast,15.78141,73.80022,2026-01-05 20:36:03,27.519,0.618,0.769,8.863,0,none,SYNTHETIC_DEMO_DATA
3048,Goa Coast,15.63429,74.18669,2026-01-05 23:30:54,28.099,1.198,1.731,11.116,0,none,SYNTHETIC_DEMO_DATA
3049,Odisha Coast,19.94718,85.98373,2026-01-06 02:25:45,27.116,-0.585,1.361,11.177,0,none,SYNTHETIC_DEMO_DATA
3050,Goa Coast,15.39394,73.85689,2026-01-06 05:20:36,27.486,0.585,0.955,5.9,0,none,SYNTHETIC_DEMO_DATA
3051,Andaman & Nicobar,11.591,92.95382,2026-01-06 08:15:27,28.193,0.492,1.408,6.157,1,cyclonic,SYNTHETIC_DEMO_DATA
3052,Odisha Coast,19.92266,86.03758,2026-01-06 11:10:18,29.028,1.327,1.829,13.893,0,none,SYNTHETIC_DEMO_DATA
3053,Goa Coast,15.45109,73.69387,2026-01-06 14:05:09,28.158,1.257,1.115,8.323,0,none,SYNTHETIC_DEMO_DATA
3054,Chennai Coast,13.06122,80.47838,2026-01-06 17:00:00,28.894,0.993,1.311,11.54,1,cyclonic,SYNTHETIC_DEMO_DATA
3055,Goa Coast,15.51534,73.56458,2026-01-06 19:54:51,26.255,-0.646,1.541,7.186,1,anticyclonic,SYNTHETIC_DEMO_DATA
3056,Kerala Coast,9.91136,76.05073,2026-01-06 22:49:42,27.348,0.347,2.059,14.969,0,none,SYNTHETIC_DEMO_DATA
3057,Andaman & Nicobar,11.54824,93.05856,2026-01-07 01:44:33,27.709,0.008,1.561,8.668,0,none,SYNTHETIC_DEMO_DATA
3058,Odisha Coast,19.769,86.0019,2026-01-07 04:39:24,27.392,-0.309,1.127,7.006,0,none,SYNTHETIC_DEMO_DATA
3059,Chennai Coast,13.2224,80.45869,2026-01-07 07:34:16,28.716,0.815,0.274,7.178,1,anticyclonic,SYNTHETIC_DEMO_DATA
3060,Visakhapatnam,17.88432,83.51414,2026-01-07 10:29:07,25.712,-1.489,1.122,5.717,0,none,SYNTHETIC_DEMO_DATA
3061,Visakhapatnam,17.73797,83.03087,2026-01-07 13:23:58,25.834,-1.367,0.69,12.088,1,anticyclonic,SYNTHETIC_DEMO_DATA
3062,Chennai Coast,12.85961,79.9808,2026-01-07 16:18:49,28.887,0.986,0.959,6.272,1,anticyclonic,SYNTHETIC_DEMO_DATA
3063,Chennai Coast,13.09438,80.31639,2026-01-07 19:13:40,27.241,-0.66,2.021,14.163,0,none,SYNTHETIC_DEMO_DATA
3064,Odisha Coast,20.11055,85.84996,2026-01-07 22:08:31,27.022,-0.679,1.496,9.039,0,none,SYNTHETIC_DEMO_DATA
3065,Goa Coast,15.67233,73.65618,2026-01-08 01:03:22,26.002,-0.899,1.144,9.792,1,anticyclonic,SYNTHETIC_DEMO_DATA
3066,Mumbai Coast,18.87949,72.67027,2026-01-08 03:58:13,25.408,-1.293,1.498,12.344,0,none,SYNTHETIC_DEMO_DATA
3067,Andaman & Nicobar,11.62771,93.04636,2026-01-08 06:53:04,28.015,0.314,2.556,16.658,1,cyclonic,SYNTHETIC_DEMO_DATA
3068,Goa Coast,15.33644,73.92595,2026-01-08 09:47:55,25.414,-1.487,1.689,20.842,1,cyclonic,SYNTHETIC_DEMO_DATA
3069,Odisha Coast,20.46114,85.71416,2026-01-08 12:42:46,27.612,-0.089,1.203,11.745,0,none,SYNTHETIC_DEMO_DATA
3070,Sundarbans,21.89886,89.4961,2026-01-08 15:37:37,26.947,0.046,1.03,7.12,0,none,SYNTHETIC_DEMO_DATA
3071,Kerala Coast,9.93711,76.15801,2026-01-08 18:32:28,26.912,-0.089,1.747,12.027,1,cyclonic,SYNTHETIC_DEMO_DATA
3072,Kerala Coast,10.20134,76.17153,2026-01-08 21:27:19,26.316,-0.685,1.659,13.534,0,none,SYNTHETIC_DEMO_DATA
3073,Visakhapatnam,17.48833,82.99209,2026-01-09 00:22:10,27.621,0.42,0.22,1.583,0,none,SYNTHETIC_DEMO_DATA
3074,Goa Coast,15.7596,74.025,2026-01-09 03:17:01,27.682,0.781,1.294,11.266,0,none,SYNTHETIC_DEMO_DATA
3075,Mumbai Coast,18.7792,73.06169,2026-01-09 06:11:52,28.153,1.452,1.456,15.612,1,cyclonic,SYNTHETIC_DEMO_DATA
3076,Goa Coast,15.38153,74.25044,2026-01-09 09:06:44,26.835,-0.066,1.053,10.094,0,none,SYNTHETIC_DEMO_DATA
3077,Odisha Coast,19.55641,85.71104,2026-01-09 12:01:35,27.051,-0.65,1.101,12.041,1,anticyclonic,SYNTHETIC_DEMO_DATA
3078,Andaman & Nicobar,11.81642,92.85109,2026-01-09 14:56:26,27.83,0.129,1.631,10.553,0,none,SYNTHETIC_DEMO_DATA
3079,Visakhapatnam,18.11918,83.11699,2026-01-09 17:51:17,27.603,0.402,0.808,5.006,0,none,SYNTHETIC_DEMO_DATA
3080,Kerala Coast,10.06834,75.91472,2026-01-09 20:46:08,27.963,0.962,1.617,16.478,0,none,SYNTHETIC_DEMO_DATA
3081,Kerala Coast,10.18702,76.24131,2026-01-09 23:40:59,26.752,-0.249,1.272,10.433,0,none,SYNTHETIC_DEMO_DATA
3082,Andaman & Nicobar,11.89603,92.76253,2026-01-10 02:35:50,26.378,-1.323,0.781,7.757,0,none,SYNTHETIC_DEMO_DATA
3083,Visakhapatnam,17.55074,83.12096,2026-01-10 05:30:41,27.162,-0.039,1.7,13.777,1,anticyclonic,SYNTHETIC_DEMO_DATA
3084,Visakhapatnam,17.44175,83.16728,2026-01-10 08:25:32,27.918,0.717,0.483,1.815,0,none,SYNTHETIC_DEMO_DATA
3085,Chennai Coast,13.47153,80.28315,2026-01-10 11:20:23,29.342,1.441,1.089,4.406,1,anticyclonic,SYNTHETIC_DEMO_DATA
3086,Chennai Coast,13.41802,80.10687,2026-01-10 14:15:14,28.038,0.137,1.033,9.511,0,none,SYNTHETIC_DEMO_DATA
3087,Odisha Coast,19.90813,85.73906,2026-01-10 17:10:05,27.289,-0.412,1.656,13.402,1,cyclonic,SYNTHETIC_DEMO_DATA
3088,Odisha Coast,19.51236,85.61585,2026-01-10 20:04:56,27.656,-0.045,1.358,7.385,0,none,SYNTHETIC_DEMO_DATA
3089,Visakhapatnam,17.67476,83.29251,2026-01-10 22:59:47,28.476,1.275,1.792,11.901,0,none,SYNTHETIC_DEMO_DATA
3090,Kerala Coast,10.04817,75.91874,2026-01-11 01:54:38,27.112,0.111,0.718,7.963,0,none,SYNTHETIC_DEMO_DATA
3091,Chennai Coast,13.10897,80.53661,2026-01-11 04:49:29,27.544,-0.357,1.149,6.189,0,none,SYNTHETIC_DEMO_DATA
3092,Chennai Coast,13.09453,80.39901,2026-01-11 07:44:20,27.835,-0.066,1.583,12.17,1,cyclonic,SYNTHETIC_DEMO_DATA
3093,Goa Coast,15.51378,73.98385,2026-01-11 10:39:11,26.743,-0.158,1.716,7.463,0,none,SYNTHETIC_DEMO_DATA
3094,Visakhapatnam,17.93727,83.48198,2026-01-11 13:34:03,26.922,-0.279,1.892,13.127,0,none,SYNTHETIC_DEMO_DATA
3095,Lakshadweep,10.70072,72.63815,2026-01-11 16:28:54,27.397,0.196,1.355,12.565,0,none,SYNTHETIC_DEMO_DATA
3096,Goa Coast,15.64884,73.86882,2026-01-11 19:23:45,26.945,0.044,1.846,14.947,1,cyclonic,SYNTHETIC_DEMO_DATA
3097,Odisha Coast,20.12575,85.69931,2026-01-11 22:18:36,29.093,1.392,1.503,11.154,1,cyclonic,SYNTHETIC_DEMO_DATA
3098,Chennai Coast,13.29787,79.9464,2026-01-12 01:13:27,27.326,-0.575,1.016,4.889,1,anticyclonic,SYNTHETIC_DEMO_DATA
3099,Odisha Coast,19.45318,85.81735,2026-01-12 04:08:18,27.267,-0.434,1.719,10.861,1,anticyclonic,SYNTHETIC_DEMO_DATA
3100,Visakhapatnam,17.92141,83.31273,2026-01-12 07:03:09,26.159,-1.042,1.068,9.391,1,cyclonic,SYNTHETIC_DEMO_DATA
3101,Chennai Coast,12.66052,80.40482,2026-01-12 09:58:00,27.554,-0.347,1.021,7.04,0,none,SYNTHETIC_DEMO_DATA
3102,Odisha Coast,19.66728,86.05104,2026-01-12 12:52:51,28.407,0.706,1.175,3.397,1,anticyclonic,SYNTHETIC_DEMO_DATA
3103,Sundarbans,21.90597,89.30306,2026-01-12 15:47:42,26.613,-0.288,0.661,4.26,1,anticyclonic,SYNTHETIC_DEMO_DATA
3104,Kerala Coast,9.91696,76.31917,2026-01-12 18:42:33,26.685,-0.316,2.2,15.042,0,none,SYNTHETIC_DEMO_DATA
3105,Goa Coast,15.18131,73.88164,2026-01-12 21:37:24,26.841,-0.06,0.258,5.956,0,none,SYNTHETIC_DEMO_DATA
3106,Chennai Coast,13.48415,80.08184,2026-01-13 00:32:15,26.996,-0.905,0.919,7.244,1,cyclonic,SYNTHETIC_DEMO_DATA
3107,Andaman & Nicobar,11.61996,92.66849,2026-01-13 03:27:06,28.058,0.357,1.351,9.563,0,none,SYNTHETIC_DEMO_DATA
3108,Chennai Coast,13.0192,80.28381,2026-01-13 06:21:57,27.687,-0.214,1.177,13.558,0,none,SYNTHETIC_DEMO_DATA
3109,Lakshadweep,10.72368,72.52484,2026-01-13 09:16:48,27.8,0.599,0.916,10.187,0,none,SYNTHETIC_DEMO_DATA
3110,Visakhapatnam,17.51837,83.04585,2026-01-13 12:11:39,25.198,-2.003,1.389,7.463,0,none,SYNTHETIC_DEMO_DATA
3111,Mumbai Coast,18.83079,72.59523,2026-01-13 15:06:31,25.362,-1.339,0.894,7.685,0,none,SYNTHETIC_DEMO_DATA
3112,Goa Coast,15.72617,74.09611,2026-01-13 18:01:22,26.629,-0.272,1.307,12.486,1,anticyclonic,SYNTHETIC_DEMO_DATA
3113,Sundarbans,21.84325,89.2989,2026-01-13 20:56:13,26.893,-0.008,1.5,4.693,0,none,SYNTHETIC_DEMO_DATA
3114,Lakshadweep,10.49091,72.71141,2026-01-13 23:51:04,25.73,-1.471,0.716,2.269,0,none,SYNTHETIC_DEMO_DATA
3115,Chennai Coast,13.06212,80.45573,2026-01-14 02:45:55,28.364,0.463,1.073,6.312,0,none,SYNTHETIC_DEMO_DATA
3116,Kerala Coast,9.61143,76.09065,2026-01-14 05:40:46,26.355,-0.646,1.377,11.787,1,anticyclonic,SYNTHETIC_DEMO_DATA
3117,Gujarat Coast,22.38293,69.75917,2026-01-14 08:35:37,26.417,0.216,1.295,7.194,0,none,SYNTHETIC_DEMO_DATA
3118,Gujarat Coast,21.99924,69.46355,2026-01-14 11:30:28,25.589,-0.612,1.344,5.362,1,anticyclonic,SYNTHETIC_DEMO_DATA
3119,Sundarbans,21.86442,88.91983,2026-01-14 14:25:19,27.86,0.959,1.856,12.322,0,none,SYNTHETIC_DEMO_DATA
3120,Andaman & Nicobar,11.68534,92.93748,2026-01-14 17:20:10,27.387,-0.314,1.234,11.064,0,none,SYNTHETIC_DEMO_DATA
3121,Gujarat Coast,22.31969,69.40763,2026-01-14 20:15:01,27.415,1.214,1.231,9.088,0,none,SYNTHETIC_DEMO_DATA
3122,Lakshadweep,10.46177,72.83166,2026-01-14 23:09:52,29.063,1.862,0.946,10.1,0,none,SYNTHETIC_DEMO_DATA
3123,Kerala Coast,9.55082,76.40263,2026-01-15 02:04:43,28.591,1.59,2.165,10.438,1,anticyclonic,SYNTHETIC_DEMO_DATA
3124,Gujarat Coast,22.2805,69.13376,2026-01-15 04:59:34,25.646,-0.555,1.48,6.791,1,cyclonic,SYNTHETIC_DEMO_DATA
3125,Kerala Coast,10.00394,76.22702,2026-01-15 07:54:25,26.729,-0.272,1.303,16.321,1,anticyclonic,SYNTHETIC_DEMO_DATA
3126,Andaman & Nicobar,11.76879,92.53225,2026-01-15 10:49:16,27.615,-0.086,1.51,12.94,1,anticyclonic,SYNTHETIC_DEMO_DATA
3127,Andaman & Nicobar,11.48675,92.68582,2026-01-15 13:44:07,26.135,-1.566,1.761,5.395,0,none,SYNTHETIC_DEMO_DATA
3128,Lakshadweep,10.37715,72.79344,2026-01-15 16:38:59,27.89,0.689,1.174,8.379,0,none,SYNTHETIC_DEMO_DATA
3129,Mumbai Coast,18.94904,72.74874,2026-01-15 19:33:50,26.199,-0.502,1.282,2.078,1,cyclonic,SYNTHETIC_DEMO_DATA
3130,Goa Coast,15.39657,74.02766,2026-01-15 22:28:41,27.455,0.555,0.953,5.405,0,none,SYNTHETIC_DEMO_DATA
3131,Chennai Coast,13.02006,80.39437,2026-01-16 01:23:32,29.404,1.503,1.033,8.79,0,none,SYNTHETIC_DEMO_DATA
3132,Kerala Coast,9.77738,76.27706,2026-01-16 04:18:23,26.671,-0.33,1.73,13.683,0,none,SYNTHETIC_DEMO_DATA
3133,Goa Coast,15.37529,73.97683,2026-01-16 07:13:14,28.155,1.254,1.218,7.648,1,anticyclonic,SYNTHETIC_DEMO_DATA
3134,Sundarbans,22.13064,89.13556,2026-01-16 10:08:05,25.984,-0.917,2.331,15.38,0,none,SYNTHETIC_DEMO_DATA
3135,Goa Coast,15.37332,73.77213,2026-01-16 13:02:56,27.35,0.449,1.81,10.993,0,none,SYNTHETIC_DEMO_DATA
3136,Sundarbans,21.97444,89.09368,2026-01-16 15:57:47,27.282,0.381,2.157,11.65,1,cyclonic,SYNTHETIC_DEMO_DATA
3137,Mumbai Coast,18.95814,72.63507,2026-01-16 18:52:38,26.457,-0.244,1.596,14.914,1,cyclonic,SYNTHETIC_DEMO_DATA
3138,Kerala Coast,9.87707,76.38556,2026-01-16 21:47:29,27.187,0.186,1.294,5.675,0,none,SYNTHETIC_DEMO_DATA
3139,Kerala Coast,10.28817,76.28884,2026-01-17 00:42:20,27.946,0.945,1.955,18.933,1,cyclonic,SYNTHETIC_DEMO_DATA
3140,Kerala Coast,10.05841,76.31454,2026-01-17 03:37:11,26.933,-0.068,1.767,13.831,0,none,SYNTHETIC_DEMO_DATA
3141,Kerala Coast,9.92198,76.27064,2026-01-17 06:32:02,24.662,-2.338,1.009,4.385,1,cyclonic,SYNTHETIC_DEMO_DATA
3142,Kerala Coast,9.88668,75.99469,2026-01-17 09:26:53,26.654,-0.347,2.064,22.116,0,none,SYNTHETIC_DEMO_DATA
3143,Kerala Coast,9.81413,76.38551,2026-01-17 12:21:44,27.644,0.643,1.529,11.925,0,none,SYNTHETIC_DEMO_DATA
3144,Mumbai Coast,19.27527,72.9081,2026-01-17 15:16:35,26.85,0.15,1.873,19.04,0,none,SYNTHETIC_DEMO_DATA
3145,Goa Coast,15.10838,73.43363,2026-01-17 18:11:27,26.943,0.042,0.75,11.986,0,none,SYNTHETIC_DEMO_DATA
3146,Mumbai Coast,19.08181,72.70308,2026-01-17 21:06:18,27.748,1.047,1.735,10.431,1,cyclonic,SYNTHETIC_DEMO_DATA
3147,Gujarat Coast,22.1027,69.96355,2026-01-18 00:01:09,27.275,1.074,1.529,10.459,1,anticyclonic,SYNTHETIC_DEMO_DATA
3148,Andaman & Nicobar,11.67353,92.67457,2026-01-18 02:56:00,27.25,-0.451,1.415,11.696,0,none,SYNTHETIC_DEMO_DATA
3149,Lakshadweep,10.43038,72.78029,2026-01-18 05:50:51,28.507,1.306,1.662,15.316,1,anticyclonic,SYNTHETIC_DEMO_DATA
3150,Odisha Coast,20.11562,85.68624,2026-01-18 08:45:42,26.625,-1.076,1.675,11.895,0,none,SYNTHETIC_DEMO_DATA
3151,Goa Coast,15.42129,73.83279,2026-01-18 11:40:33,26.982,0.081,1.602,10.522,0,none,SYNTHETIC_DEMO_DATA
3152,Visakhapatnam,17.99723,83.37152,2026-01-18 14:35:24,27.456,0.255,1.294,4.282,0,none,SYNTHETIC_DEMO_DATA
3153,Odisha Coast,19.85802,85.81828,2026-01-18 17:30:15,28.93,1.23,2.122,16.853,1,anticyclonic,SYNTHETIC_DEMO_DATA
3154,Goa Coast,15.39112,73.52039,2026-01-18 20:25:06,27.885,0.984,1.844,10.255,0,none,SYNTHETIC_DEMO_DATA
3155,Sundarbans,21.83443,89.28693,2026-01-18 23:19:57,28.585,1.684,1.098,13.045,0,none,SYNTHETIC_DEMO_DATA
3156,Andaman & Nicobar,11.93932,92.79123,2026-01-19 02:14:48,26.607,-1.094,1.569,10.724,1,cyclonic,SYNTHETIC_DEMO_DATA
3157,Goa Coast,15.43787,73.99429,2026-01-19 05:09:39,29.374,2.473,0.84,14.812,1,cyclonic,SYNTHETIC_DEMO_DATA
3158,Lakshadweep,10.66445,72.51043,2026-01-19 08:04:30,27.728,0.527,1.424,12.754,1,cyclonic,SYNTHETIC_DEMO_DATA
3159,Gujarat Coast,22.04326,69.74998,2026-01-19 10:59:21,28.128,1.927,0.989,5.711,1,cyclonic,SYNTHETIC_DEMO_DATA
3160,Andaman & Nicobar,11.98257,92.64142,2026-01-19 13:54:12,27.07,-0.631,1.416,6.209,1,anticyclonic,SYNTHETIC_DEMO_DATA
3161,Odisha Coast,19.7282,85.36498,2026-01-19 16:49:03,27.358,-0.343,1.394,12.228,0,none,SYNTHETIC_DEMO_DATA
3162,Andaman & Nicobar,11.70452,92.54806,2026-01-19 19:43:55,27.57,-0.131,2.281,19.1,1,anticyclonic,SYNTHETIC_DEMO_DATA
3163,Odisha Coast,19.60367,86.00813,2026-01-19 22:38:46,28.789,1.088,1.038,10.917,1,cyclonic,SYNTHETIC_DEMO_DATA
3164,Chennai Coast,12.88999,80.26329,2026-01-20 01:33:37,27.266,-0.635,1.354,8.48,1,anticyclonic,SYNTHETIC_DEMO_DATA
3165,Odisha Coast,19.89773,85.73708,2026-01-20 04:28:28,25.201,-2.5,1.046,8.54,1,anticyclonic,SYNTHETIC_DEMO_DATA
3166,Kerala Coast,10.12859,76.49313,2026-01-20 07:23:19,27.478,0.477,1.424,11.609,0,none,SYNTHETIC_DEMO_DATA
3167,Goa Coast,15.22771,74.0115,2026-01-20 10:18:10,27.376,0.475,1.278,7.174,1,anticyclonic,SYNTHETIC_DEMO_DATA
3168,Visakhapatnam,17.94825,83.32249,2026-01-20 13:13:01,28.38,1.179,1.116,6.095,0,none,SYNTHETIC_DEMO_DATA
3169,Andaman & Nicobar,11.91808,92.88407,2026-01-20 16:07:52,28.238,0.537,1.295,11.497,0,none,SYNTHETIC_DEMO_DATA
3170,Gujarat Coast,22.27428,69.80879,2026-01-20 19:02:43,28.33,2.129,0.848,11.429,1,anticyclonic,SYNTHETIC_DEMO_DATA
3171,Gujarat Coast,22.27448,69.73684,2026-01-20 21:57:34,26.802,0.601,1.426,2.973,1,anticyclonic,SYNTHETIC_DEMO_DATA
3172,Lakshadweep,10.94784,72.68044,2026-01-21 00:52:25,27.348,0.147,1.674,8.877,0,none,SYNTHETIC_DEMO_DATA
3173,Kerala Coast,10.20019,76.44702,2026-01-21 03:47:16,26.06,-0.941,2.411,17.805,1,anticyclonic,SYNTHETIC_DEMO_DATA
3174,Chennai Coast,13.13851,80.46807,2026-01-21 06:42:07,27.2,-0.701,1.447,12.106,1,anticyclonic,SYNTHETIC_DEMO_DATA
3175,Lakshadweep,10.7204,72.83351,2026-01-21 09:36:58,27.33,0.129,0.736,4.57,0,none,SYNTHETIC_DEMO_DATA
3176,Mumbai Coast,18.84357,72.83004,2026-01-21 12:31:49,27.425,0.724,2.407,15.617,0,none,SYNTHETIC_DEMO_DATA
3177,Gujarat Coast,22.28367,69.42802,2026-01-21 15:26:40,26.205,0.004,1.054,2.987,1,anticyclonic,SYNTHETIC_DEMO_DATA
3178,Visakhapatnam,17.80355,82.79863,2026-01-21 18:21:31,26.699,-0.502,1.147,12.247,1,cyclonic,SYNTHETIC_DEMO_DATA
3179,Visakhapatnam,17.63885,82.97456,2026-01-21 21:16:22,26.817,-0.383,0.993,10.057,0,none,SYNTHETIC_DEMO_DATA
3180,Odisha Coast,19.85895,85.82461,2026-01-22 00:11:14,26.137,-1.564,1.269,4.335,1,cyclonic,SYNTHETIC_DEMO_DATA
3181,Visakhapatnam,17.69338,83.09769,2026-01-22 03:06:05,28.021,0.82,1.312,11.64,1,anticyclonic,SYNTHETIC_DEMO_DATA
3182,Odisha Coast,19.83724,85.69835,2026-01-22 06:00:56,28.088,0.387,0.605,5.948,0,none,SYNTHETIC_DEMO_DATA
3183,Goa Coast,15.77495,73.72287,2026-01-22 08:55:47,27.247,0.346,1.74,10.63,0,none,SYNTHETIC_DEMO_DATA
3184,Sundarbans,22.13217,89.29401,2026-01-22 11:50:38,27.005,0.104,1.683,14.661,1,cyclonic,SYNTHETIC_DEMO_DATA
3185,Gujarat Coast,22.34985,69.614,2026-01-22 14:45:29,25.985,-0.216,1.776,10.774,1,anticyclonic,SYNTHETIC_DEMO_DATA
3186,Lakshadweep,10.64559,72.57771,2026-01-22 17:40:20,27.426,0.225,1.076,10.733,0,none,SYNTHETIC_DEMO_DATA
3187,Goa Coast,15.72155,73.97677,2026-01-22 20:35:11,26.267,-0.634,1.655,17.452,1,cyclonic,SYNTHETIC_DEMO_DATA
3188,Kerala Coast,9.68753,76.47638,2026-01-22 23:30:02,27.398,0.397,1.011,9.164,1,cyclonic,SYNTHETIC_DEMO_DATA
3189,Sundarbans,21.79013,89.16244,2026-01-23 02:24:53,27.496,0.595,2.319,13.868,0,none,SYNTHETIC_DEMO_DATA
3190,Andaman & Nicobar,11.96792,92.73816,2026-01-23 05:19:44,27.436,-0.265,1.007,11.936,0,none,SYNTHETIC_DEMO_DATA
3191,Sundarbans,21.95601,89.25868,2026-01-23 08:14:35,26.24,-0.661,2.266,13.7,0,none,SYNTHETIC_DEMO_DATA
3192,Gujarat Coast,22.28268,69.70841,2026-01-23 11:09:26,27.501,1.3,0.94,6.819,1,anticyclonic,SYNTHETIC_DEMO_DATA
3193,Gujarat Coast,22.21186,69.67514,2026-01-23 14:04:17,26.333,0.132,1.046,5.969,1,cyclonic,SYNTHETIC_DEMO_DATA
3194,Odisha Coast,19.46469,85.48314,2026-01-23 16:59:08,27.892,0.191,1.5,7.674,0,none,SYNTHETIC_DEMO_DATA
3195,Goa Coast,15.31946,73.94268,2026-01-23 19:53:59,27.322,0.421,0.449,6.617,0,none,SYNTHETIC_DEMO_DATA
3196,Odisha Coast,19.68639,85.81047,2026-01-23 22:48:50,28.566,0.865,0.763,5.137,0,none,SYNTHETIC_DEMO_DATA
3197,Visakhapatnam,17.54302,83.41211,2026-01-24 01:43:42,27.857,0.656,1.279,6.285,1,anticyclonic,SYNTHETIC_DEMO_DATA
3198,Andaman & Nicobar,11.54276,92.58706,2026-01-24 04:38:33,28.037,0.336,2.191,16.175,1,cyclonic,SYNTHETIC_DEMO_DATA
3199,Lakshadweep,10.81211,72.54681,2026-01-24 07:33:24,26.749,-0.452,1.107,8.938,0,none,SYNTHETIC_DEMO_DATA
3200,Visakhapatnam,17.47693,83.49825,2026-01-24 10:28:15,26.94,-0.261,1.878,12.361,1,anticyclonic,SYNTHETIC_DEMO_DATA
3201,Lakshadweep,10.69475,72.38909,2026-01-24 13:23:06,27.593,0.392,1.224,11.549,1,anticyclonic,SYNTHETIC_DEMO_DATA
3202,Lakshadweep,10.70015,72.92428,2026-01-24 16:17:57,27.913,0.712,1.132,5.463,0,none,SYNTHETIC_DEMO_DATA
3203,Goa Coast,15.26769,73.67411,2026-01-24 19:12:48,27.449,0.548,2.085,16.122,1,anticyclonic,SYNTHETIC_DEMO_DATA
3204,Odisha Coast,19.94929,86.00405,2026-01-24 22:07:39,27.694,-0.007,1.912,7.865,1,anticyclonic,SYNTHETIC_DEMO_DATA
3205,Visakhapatnam,17.67396,83.29723,2026-01-25 01:02:30,28.778,1.577,1.173,8.011,0,none,SYNTHETIC_DEMO_DATA
3206,Gujarat Coast,22.50922,69.27381,2026-01-25 03:57:21,25.516,-0.685,0.916,10.395,0,none,SYNTHETIC_DEMO_DATA
3207,Lakshadweep,10.28897,72.2952,2026-01-25 06:52:12,26.27,-0.931,0.492,0.841,0,none,SYNTHETIC_DEMO_DATA
3208,Andaman & Nicobar,11.83383,92.40401,2026-01-25 09:47:03,28.38,0.679,1.893,12.681,1,anticyclonic,SYNTHETIC_DEMO_DATA
3209,Kerala Coast,9.82317,76.14073,2026-01-25 12:41:54,28.099,1.098,1.676,15.921,1,cyclonic,SYNTHETIC_DEMO_DATA
3210,Visakhapatnam,17.58395,82.91721,2026-01-25 15:36:45,26.952,-0.249,1.371,14.934,0,none,SYNTHETIC_DEMO_DATA
3211,Lakshadweep,10.5423,72.56703,2026-01-25 18:31:36,25.937,-1.264,0.743,3.756,1,cyclonic,SYNTHETIC_DEMO_DATA
3212,Visakhapatnam,17.76712,83.06363,2026-01-25 21:26:27,27.248,0.047,0.332,6.198,0,none,SYNTHETIC_DEMO_DATA
3213,Chennai Coast,12.67729,80.20042,2026-01-26 00:21:18,27.656,-0.245,0.809,0.5,0,none,SYNTHETIC_DEMO_DATA
3214,Lakshadweep,10.49775,72.60945,2026-01-26 03:16:10,27.203,0.002,1.527,7.202,1,anticyclonic,SYNTHETIC_DEMO_DATA
3215,Mumbai Coast,18.69608,72.72252,2026-01-26 06:11:01,27.417,0.716,1.514,10.379,0,none,SYNTHETIC_DEMO_DATA
3216,Visakhapatnam,17.88575,83.32418,2026-01-26 09:05:52,27.494,0.293,0.584,2.632,0,none,SYNTHETIC_DEMO_DATA
3217,Sundarbans,22.04978,89.33884,2026-01-26 12:00:43,27.551,0.65,1.458,10.744,0,none,SYNTHETIC_DEMO_DATA
3218,Kerala Coast,9.92231,76.00484,2026-01-26 14:55:34,27.98,0.979,1.108,8.483,1,cyclonic,SYNTHETIC_DEMO_DATA
3219,Lakshadweep,10.84232,72.45567,2026-01-26 17:50:25,26.924,-0.277,0.814,8.569,1,anticyclonic,SYNTHETIC_DEMO_DATA
3220,Kerala Coast,10.0953,76.24536,2026-01-26 20:45:16,26.915,-0.086,1.567,8.667,0,none,SYNTHETIC_DEMO_DATA
3221,Gujarat Coast,22.34457,69.36834,2026-01-26 23:40:07,25.201,-1.0,0.543,9.674,0,none,SYNTHETIC_DEMO_DATA
3222,Visakhapatnam,17.78928,83.10838,2026-01-27 02:34:58,27.005,-0.196,1.33,13.132,1,anticyclonic,SYNTHETIC_DEMO_DATA
3223,Goa Coast,15.37503,74.11988,2026-01-27 05:29:49,25.677,-1.224,1.516,5.699,0,none,SYNTHETIC_DEMO_DATA
3224,Goa Coast,15.13222,73.54318,2026-01-27 08:24:40,27.903,1.002,0.928,7.501,0,none,SYNTHETIC_DEMO_DATA
3225,Gujarat Coast,22.56321,69.49782,2026-01-27 11:19:31,25.016,-1.185,0.692,3.67,0,none,SYNTHETIC_DEMO_DATA
3226,Goa Coast,15.67291,74.09348,2026-01-27 14:14:22,29.334,2.433,0.664,12.06,1,anticyclonic,SYNTHETIC_DEMO_DATA
3227,Mumbai Coast,19.09865,72.87721,2026-01-27 17:09:13,26.793,0.093,1.851,16.114,0,none,SYNTHETIC_DEMO_DATA
3228,Chennai Coast,13.63403,80.14196,2026-01-27 20:04:04,28.8,0.899,1.53,9.974,0,none,SYNTHETIC_DEMO_DATA
3229,Goa Coast,15.48571,74.00587,2026-01-27 22:58:55,26.744,-0.157,1.184,6.603,0,none,SYNTHETIC_DEMO_DATA
3230,Andaman & Nicobar,11.69669,92.675,2026-01-28 01:53:46,26.608,-1.093,0.977,12.099,1,anticyclonic,SYNTHETIC_DEMO_DATA
3231,Andaman & Nicobar,12.18471,92.82024,2026-01-28 04:48:38,26.367,-1.334,1.501,11.839,0,none,SYNTHETIC_DEMO_DATA
3232,Visakhapatnam,17.7031,83.30041,2026-01-28 07:43:29,27.233,0.032,0.752,5.139,1,cyclonic,SYNTHETIC_DEMO_DATA
3233,Gujarat Coast,22.64529,69.79329,2026-01-28 10:38:20,26.891,0.69,1.029,4.184,0,none,SYNTHETIC_DEMO_DATA
3234,Sundarbans,21.69969,89.12188,2026-01-28 13:33:11,26.743,-0.158,1.859,9.861,1,cyclonic,SYNTHETIC_DEMO_DATA
3235,Mumbai Coast,19.10323,73.01172,2026-01-28 16:28:02,26.401,-0.3,1.076,11.755,0,none,SYNTHETIC_DEMO_DATA
3236,Mumbai Coast,18.82358,73.05535,2026-01-28 19:22:53,28.343,1.642,2.332,16.788,0,none,SYNTHETIC_DEMO_DATA
3237,Chennai Coast,12.8451,80.31057,2026-01-28 22:17:44,28.669,0.768,0.848,6.557,0,none,SYNTHETIC_DEMO_DATA
3238,Lakshadweep,10.58875,72.84545,2026-01-29 01:12:35,25.678,-1.523,1.812,8.905,0,none,SYNTHETIC_DEMO_DATA
3239,Andaman & Nicobar,11.22901,92.24658,2026-01-29 04:07:26,29.782,2.081,1.513,12.807,1,cyclonic,SYNTHETIC_DEMO_DATA
3240,Sundarbans,21.93359,89.07385,2026-01-29 07:02:17,26.435,-0.466,1.603,19.33,1,anticyclonic,SYNTHETIC_DEMO_DATA
3241,Visakhapatnam,17.58026,83.23014,2026-01-29 09:57:08,27.587,0.386,1.724,7.369,0,none,SYNTHETIC_DEMO_DATA
3242,Visakhapatnam,17.71272,83.33051,2026-01-29 12:51:59,26.549,-0.652,1.349,12.246,0,none,SYNTHETIC_DEMO_DATA
3243,Andaman & Nicobar,11.8835,92.60316,2026-01-29 15:46:50,27.603,-0.098,1.628,13.486,0,none,SYNTHETIC_DEMO_DATA
3244,Mumbai Coast,19.07156,72.55199,2026-01-29 18:41:41,25.035,-1.666,1.442,9.056,0,none,SYNTHETIC_DEMO_DATA
3245,Goa Coast,15.5604,73.60263,2026-01-29 21:36:32,27.596,0.695,1.393,6.394,1,cyclonic,SYNTHETIC_DEMO_DATA
3246,Andaman & Nicobar,11.61241,92.74259,2026-01-30 00:31:23,28.386,0.685,2.222,14.007,1,anticyclonic,SYNTHETIC_DEMO_DATA
3247,Goa Coast,15.65412,73.74584,2026-01-30 03:26:14,26.815,-0.086,1.154,6.545,1,anticyclonic,SYNTHETIC_DEMO_DATA
3248,Sundarbans,21.93306,88.85682,2026-01-30 06:21:06,27.55,0.649,2.177,10.869,1,cyclonic,SYNTHETIC_DEMO_DATA
3249,Odisha Coast,19.71132,85.70815,2026-01-30 09:15:57,27.9,0.199,1.481,8.677,0,none,SYNTHETIC_DEMO_DATA
3250,Chennai Coast,13.05299,80.3136,2026-01-30 12:10:48,28.269,0.368,0.565,5.381,1,anticyclonic,SYNTHETIC_DEMO_DATA
3251,Chennai Coast,13.28252,80.04476,2026-01-30 15:05:39,28.422,0.521,1.17,10.361,1,anticyclonic,SYNTHETIC_DEMO_DATA
3252,Goa Coast,15.79381,73.92433,2026-01-30 18:00:30,26.446,-0.455,1.375,9.223,0,none,SYNTHETIC_DEMO_DATA
3253,Odisha Coast,19.98385,85.98291,2026-01-30 20:55:21,28.04,0.339,1.075,9.199,1,anticyclonic,SYNTHETIC_DEMO_DATA
3254,Chennai Coast,13.03292,80.50973,2026-01-30 23:50:12,28.018,0.117,0.102,12.5,1,anticyclonic,SYNTHETIC_DEMO_DATA
3255,Visakhapatnam,17.97588,82.95095,2026-01-31 02:45:03,27.875,0.674,1.678,10.982,0,none,SYNTHETIC_DEMO_DATA
3256,Odisha Coast,19.87172,85.95066,2026-01-31 05:39:54,28.308,0.607,0.585,9.678,0,none,SYNTHETIC_DEMO_DATA
3257,Odisha Coast,19.79371,85.92355,2026-01-31 08:34:45,28.242,0.541,1.37,10.096,1,anticyclonic,SYNTHETIC_DEMO_DATA
3258,Odisha Coast,20.21702,85.53589,2026-01-31 11:29:36,26.0,-1.701,0.978,6.085,1,anticyclonic,SYNTHETIC_DEMO_DATA
3259,Mumbai Coast,18.73856,72.58714,2026-01-31 14:24:27,26.725,0.024,1.437,8.008,0,none,SYNTHETIC_DEMO_DATA
3260,Kerala Coast,9.85715,76.32415,2026-01-31 17:19:18,27.137,0.136,2.156,14.38,0,none,SYNTHETIC_DEMO_DATA
3261,Kerala Coast,10.20528,75.85538,2026-01-31 20:14:09,26.768,-0.233,2.074,13.023,0,none,SYNTHETIC_DEMO_DATA
3262,Kerala Coast,9.70418,75.88176,2026-01-31 23:09:00,27.82,0.819,2.19,15.744,0,none,SYNTHETIC_DEMO_DATA
3263,Goa Coast,15.48636,73.81404,2026-02-01 02:03:51,28.094,0.644,1.472,5.441,0,none,SYNTHETIC_DEMO_DATA
3264,Andaman & Nicobar,11.74544,92.54909,2026-02-01 04:58:42,28.206,-0.044,1.039,10.026,0,none,SYNTHETIC_DEMO_DATA
3265,Mumbai Coast,18.53712,72.65861,2026-02-01 07:53:34,27.778,0.528,1.752,12.391,0,none,SYNTHETIC_DEMO_DATA
3266,Gujarat Coast,21.73067,69.40369,2026-02-01 10:48:25,26.771,0.021,0.732,9.423,0,none,SYNTHETIC_DEMO_DATA
3267,Goa Coast,15.59114,73.53061,2026-02-01 13:43:16,26.869,-0.581,1.873,9.865,0,none,SYNTHETIC_DEMO_DATA
3268,Gujarat Coast,22.15891,69.92992,2026-02-01 16:38:07,26.044,-0.706,1.102,6.09,0,none,SYNTHETIC_DEMO_DATA
3269,Odisha Coast,19.60305,86.0334,2026-02-01 19:32:58,27.709,-0.541,1.829,13.922,1,anticyclonic,SYNTHETIC_DEMO_DATA
3270,Lakshadweep,10.57367,72.57618,2026-02-01 22:27:49,26.073,-1.677,0.05,5.143,0,none,SYNTHETIC_DEMO_DATA
3271,Odisha Coast,19.48481,85.83056,2026-02-02 01:22:40,28.301,0.051,1.332,3.04,0,none,SYNTHETIC_DEMO_DATA
3272,Kerala Coast,9.85077,76.32652,2026-02-02 04:17:31,26.856,-0.694,1.677,12.853,1,anticyclonic,SYNTHETIC_DEMO_DATA
3273,Gujarat Coast,22.01562,69.60066,2026-02-02 07:12:22,27.297,0.547,1.505,5.234,0,none,SYNTHETIC_DEMO_DATA
3274,Kerala Coast,10.10047,76.69923,2026-02-02 10:07:13,27.297,-0.253,0.498,2.596,1,cyclonic,SYNTHETIC_DEMO_DATA
3275,Visakhapatnam,17.95067,83.01363,2026-02-02 13:02:04,27.508,-0.242,1.954,7.051,1,anticyclonic,SYNTHETIC_DEMO_DATA
3276,Lakshadweep,10.5111,72.56924,2026-02-02 15:56:55,27.793,0.043,1.999,13.691,0,none,SYNTHETIC_DEMO_DATA
3277,Sundarbans,21.71479,89.02615,2026-02-02 18:51:46,28.403,0.953,2.033,8.649,0,none,SYNTHETIC_DEMO_DATA
3278,Visakhapatnam,17.79528,83.34032,2026-02-02 21:46:37,28.745,0.995,1.555,11.242,0,none,SYNTHETIC_DEMO_DATA
3279,Lakshadweep,10.54999,72.90294,2026-02-03 00:41:28,28.1,0.35,0.75,4.834,0,none,SYNTHETIC_DEMO_DATA
3280,Goa Coast,15.41887,73.88181,2026-02-03 03:36:19,27.599,0.149,1.627,14.958,1,cyclonic,SYNTHETIC_DEMO_DATA
3281,Sundarbans,21.95233,88.71566,2026-02-03 06:31:10,27.037,-0.413,1.646,19.501,0,none,SYNTHETIC_DEMO_DATA
3282,Goa Coast,15.21216,73.84283,2026-02-03 09:26:01,27.909,0.459,1.416,5.993,0,none,SYNTHETIC_DEMO_DATA
3283,Lakshadweep,10.49759,72.61029,2026-02-03 12:20:53,29.114,1.364,1.242,7.886,0,none,SYNTHETIC_DEMO_DATA
3284,Sundarbans,22.35858,89.0383,2026-02-03 15:15:44,28.603,1.153,1.456,7.128,0,none,SYNTHETIC_DEMO_DATA
3285,Kerala Coast,9.88482,76.11454,2026-02-03 18:10:35,28.251,0.701,2.066,14.377,0,none,SYNTHETIC_DEMO_DATA
3286,Kerala Coast,9.74592,76.6484,2026-02-03 21:05:26,26.883,-0.667,2.037,16.414,0,none,SYNTHETIC_DEMO_DATA
3287,Odisha Coast,19.8292,85.89188,2026-02-04 00:00:17,27.523,-0.727,1.439,11.126,1,anticyclonic,SYNTHETIC_DEMO_DATA
3288,Visakhapatnam,17.28101,82.97621,2026-02-04 02:55:08,29.018,1.268,1.098,4.498,0,none,SYNTHETIC_DEMO_DATA
3289,Odisha Coast,19.73924,85.86982,2026-02-04 05:49:59,29.936,1.686,1.308,9.214,1,cyclonic,SYNTHETIC_DEMO_DATA
3290,Odisha Coast,20.20286,85.46763,2026-02-04 08:44:50,28.105,-0.145,1.966,13.64,0,none,SYNTHETIC_DEMO_DATA
3291,Kerala Coast,9.7622,76.50761,2026-02-04 11:39:41,27.408,-0.142,1.615,8.981,1,anticyclonic,SYNTHETIC_DEMO_DATA
3292,Kerala Coast,10.01687,76.48142,2026-02-04 14:34:32,27.059,-0.491,1.676,10.876,1,cyclonic,SYNTHETIC_DEMO_DATA
3293,Visakhapatnam,17.6049,83.07782,2026-02-04 17:29:23,28.008,0.258,1.126,11.581,1,anticyclonic,SYNTHETIC_DEMO_DATA
3294,Visakhapatnam,17.84805,83.0768,2026-02-04 20:24:14,26.255,-1.495,1.245,0.5,0,none,SYNTHETIC_DEMO_DATA
3295,Odisha Coast,19.47482,86.05755,2026-02-04 23:19:05,28.721,0.471,1.328,10.941,0,none,SYNTHETIC_DEMO_DATA
3296,Goa Coast,15.30814,73.77817,2026-02-05 02:13:56,26.604,-0.846,1.773,10.891,1,cyclonic,SYNTHETIC_DEMO_DATA
3297,Visakhapatnam,17.67031,83.276,2026-02-05 05:08:47,28.045,0.295,1.361,5.253,0,none,SYNTHETIC_DEMO_DATA
3298,Lakshadweep,10.3476,72.22683,2026-02-05 08:03:38,27.689,-0.061,1.963,16.3,1,cyclonic,SYNTHETIC_DEMO_DATA
3299,Mumbai Coast,18.78731,72.60663,2026-02-05 10:58:29,27.317,0.067,1.026,5.956,0,none,SYNTHETIC_DEMO_DATA
3300,Andaman & Nicobar,11.77417,92.94692,2026-02-05 13:53:21,27.267,-0.983,0.978,11.39,1,cyclonic,SYNTHETIC_DEMO_DATA
3301,Gujarat Coast,22.38865,69.52659,2026-02-05 16:48:12,27.57,0.82,0.968,8.778,1,cyclonic,SYNTHETIC_DEMO_DATA
3302,Visakhapatnam,17.62646,83.17748,2026-02-05 19:43:03,27.98,0.23,1.019,7.67,1,cyclonic,SYNTHETIC_DEMO_DATA
3303,Gujarat Coast,22.36133,69.69644,2026-02-05 22:37:54,26.676,-0.074,0.825,7.264,1,cyclonic,SYNTHETIC_DEMO_DATA
3304,Visakhapatnam,17.88886,83.02114,2026-02-06 01:32:45,27.714,-0.036,1.125,10.767,1,cyclonic,SYNTHETIC_DEMO_DATA
3305,Odisha Coast,19.85608,85.84409,2026-02-06 04:27:36,27.683,-0.567,1.064,8.16,0,none,SYNTHETIC_DEMO_DATA
3306,Visakhapatnam,17.50712,83.34086,2026-02-06 07:22:27,27.881,0.131,1.305,16.045,0,none,SYNTHETIC_DEMO_DATA
3307,Visakhapatnam,17.73376,83.38402,2026-02-06 10:17:18,26.898,-0.852,1.726,3.486,0,none,SYNTHETIC_DEMO_DATA
3308,Odisha Coast,19.79434,85.52215,2026-02-06 13:12:09,28.799,0.549,0.919,10.749,0,none,SYNTHETIC_DEMO_DATA
3309,Sundarbans,21.69652,89.13954,2026-02-06 16:07:00,28.315,0.865,1.316,11.043,1,anticyclonic,SYNTHETIC_DEMO_DATA
3310,Lakshadweep,10.46269,72.74472,2026-02-06 19:01:51,28.105,0.355,1.859,5.399,1,anticyclonic,SYNTHETIC_DEMO_DATA
3311,Mumbai Coast,18.94267,72.94831,2026-02-06 21:56:42,25.44,-1.81,1.771,17.008,1,anticyclonic,SYNTHETIC_DEMO_DATA
3312,Kerala Coast,10.10123,76.48056,2026-02-07 00:51:33,26.673,-0.877,1.569,14.35,1,anticyclonic,SYNTHETIC_DEMO_DATA
3313,Lakshadweep,10.64093,72.8866,2026-02-07 03:46:24,28.497,0.747,0.82,7.252,0,none,SYNTHETIC_DEMO_DATA
3314,Visakhapatnam,17.7238,83.13334,2026-02-07 06:41:15,27.794,0.044,0.793,11.136,1,cyclonic,SYNTHETIC_DEMO_DATA
3315,Kerala Coast,9.25498,76.17589,2026-02-07 09:36:06,26.589,-0.961,2.142,14.072,0,none,SYNTHETIC_DEMO_DATA
3316,Andaman & Nicobar,11.90827,92.9522,2026-02-07 12:30:57,29.263,1.013,0.977,7.5,0,none,SYNTHETIC_DEMO_DATA
3317,Gujarat Coast,22.17735,69.89466,2026-02-07 15:25:49,26.068,-0.682,1.147,8.914,0,none,SYNTHETIC_DEMO_DATA
3318,Chennai Coast,13.24511,80.37331,2026-02-07 18:20:40,28.697,0.247,1.591,13.746,1,cyclonic,SYNTHETIC_DEMO_DATA
3319,Visakhapatnam,18.22593,83.55362,2026-02-07 21:15:31,27.582,-0.168,0.972,12.351,0,none,SYNTHETIC_DEMO_DATA
3320,Sundarbans,21.616,89.17418,2026-02-08 00:10:22,28.54,1.09,1.194,12.512,1,anticyclonic,SYNTHETIC_DEMO_DATA
3321,Sundarbans,21.84995,89.54485,2026-02-08 03:05:13,28.009,0.559,1.771,16.285,0,none,SYNTHETIC_DEMO_DATA
3322,Odisha Coast,19.77907,85.94603,2026-02-08 06:00:04,29.275,1.025,0.785,5.906,0,none,SYNTHETIC_DEMO_DATA
3323,Goa Coast,15.34185,73.66818,2026-02-08 08:54:55,28.225,0.775,0.971,9.205,1,anticyclonic,SYNTHETIC_DEMO_DATA
3324,Gujarat Coast,22.16449,69.49392,2026-02-08 11:49:46,25.493,-1.257,0.793,10.406,0,none,SYNTHETIC_DEMO_DATA
3325,Kerala Coast,9.9045,76.21037,2026-02-08 14:44:37,27.486,-0.064,1.436,14.418,0,none,SYNTHETIC_DEMO_DATA
3326,Goa Coast,15.52189,73.45961,2026-02-08 17:39:28,26.344,-1.106,1.371,8.053,1,anticyclonic,SYNTHETIC_DEMO_DATA
3327,Odisha Coast,19.74081,86.23681,2026-02-08 20:34:19,28.006,-0.244,1.923,14.707,1,anticyclonic,SYNTHETIC_DEMO_DATA
3328,Visakhapatnam,17.57654,83.40167,2026-02-08 23:29:10,28.19,0.44,1.086,11.214,1,anticyclonic,SYNTHETIC_DEMO_DATA
3329,Chennai Coast,13.48988,80.19537,2026-02-09 02:24:01,28.752,0.302,1.783,8.341,1,anticyclonic,SYNTHETIC_DEMO_DATA
3330,Lakshadweep,10.60303,72.59525,2026-02-09 05:18:52,29.17,1.42,1.356,8.493,0,none,SYNTHETIC_DEMO_DATA
3331,Gujarat Coast,22.3508,69.61969,2026-02-09 08:13:43,27.464,0.714,1.296,8.278,0,none,SYNTHETIC_DEMO_DATA
3332,Andaman & Nicobar,11.53635,92.93822,2026-02-09 11:08:34,27.981,-0.269,0.697,11.203,1,anticyclonic,SYNTHETIC_DEMO_DATA
3333,Visakhapatnam,17.55497,83.14956,2026-02-09 14:03:25,27.411,-0.339,0.799,9.647,1,anticyclonic,SYNTHETIC_DEMO_DATA
3334,Andaman & Nicobar,11.65043,92.42767,2026-02-09 16:58:17,26.549,-1.701,0.74,7.512,0,none,SYNTHETIC_DEMO_DATA
3335,Sundarbans,22.06413,89.22296,2026-02-09 19:53:08,25.738,-1.712,2.248,19.099,0,none,SYNTHETIC_DEMO_DATA
3336,Visakhapatnam,17.53082,83.0795,2026-02-09 22:47:59,28.595,0.845,0.829,6.6,1,anticyclonic,SYNTHETIC_DEMO_DATA
3337,Mumbai Coast,18.6959,72.69611,2026-02-10 01:42:50,28.337,1.087,0.915,9.774,0,none,SYNTHETIC_DEMO_DATA
3338,Sundarbans,21.79253,88.76212,2026-02-10 04:37:41,26.55,-0.9,2.528,16.456,1,cyclonic,SYNTHETIC_DEMO_DATA
3339,Andaman & Nicobar,12.27727,92.64031,2026-02-10 07:32:32,28.938,0.688,1.246,9.877,1,cyclonic,SYNTHETIC_DEMO_DATA
3340,Andaman & Nicobar,11.77097,92.66166,2026-02-10 10:27:23,27.49,-0.76,2.301,15.443,0,none,SYNTHETIC_DEMO_DATA
3341,Mumbai Coast,19.02204,72.86641,2026-02-10 13:22:14,27.747,0.497,0.432,1.783,1,anticyclonic,SYNTHETIC_DEMO_DATA
3342,Chennai Coast,13.05323,80.34933,2026-02-10 16:17:05,28.371,-0.079,1.762,8.214,1,anticyclonic,SYNTHETIC_DEMO_DATA
3343,Sundarbans,21.84645,89.43307,2026-02-10 19:11:56,27.406,-0.044,1.738,11.519,0,none,SYNTHETIC_DEMO_DATA
3344,Gujarat Coast,22.36674,69.49364,2026-02-10 22:06:47,27.691,0.941,1.784,6.665,0,none,SYNTHETIC_DEMO_DATA
3345,Mumbai Coast,19.01909,72.82685,2026-02-11 01:01:38,28.184,0.934,1.916,11.762,1,anticyclonic,SYNTHETIC_DEMO_DATA
3346,Goa Coast,15.82604,74.1376,2026-02-11 03:56:29,26.999,-0.451,2.123,14.006,0,none,SYNTHETIC_DEMO_DATA
3347,Gujarat Coast,22.25669,69.42225,2026-02-11 06:51:20,27.343,0.593,1.732,9.472,0,none,SYNTHETIC_DEMO_DATA
3348,Odisha Coast,19.83187,85.90656,2026-02-11 09:46:11,28.911,0.661,1.265,8.297,0,none,SYNTHETIC_DEMO_DATA
3349,Odisha Coast,19.79659,85.4325,2026-02-11 12:41:02,28.439,0.189,0.491,9.187,0,none,SYNTHETIC_DEMO_DATA
3350,Goa Coast,15.76641,73.99626,2026-02-11 15:35:53,28.384,0.934,1.412,9.257,1,cyclonic,SYNTHETIC_DEMO_DATA
3351,Odisha Coast,19.95558,85.8375,2026-02-11 18:30:45,27.204,-1.046,1.107,11.531,1,anticyclonic,SYNTHETIC_DEMO_DATA
3352,Lakshadweep,10.52546,72.57591,2026-02-11 21:25:36,28.238,0.488,1.264,9.434,0,none,SYNTHETIC_DEMO_DATA
3353,Odisha Coast,20.0253,85.95497,2026-02-12 00:20:27,27.763,-0.487,2.074,12.931,0,none,SYNTHETIC_DEMO_DATA
3354,Goa Coast,15.42198,74.2549,2026-02-12 03:15:18,26.926,-0.524,0.793,7.6,0,none,SYNTHETIC_DEMO_DATA
3355,Lakshadweep,10.45934,72.82661,2026-02-12 06:10:09,27.276,-0.474,1.561,10.741,1,cyclonic,SYNTHETIC_DEMO_DATA
3356,Kerala Coast,10.18379,76.35012,2026-02-12 09:05:00,28.111,0.561,1.946,12.347,1,anticyclonic,SYNTHETIC_DEMO_DATA
3357,Sundarbans,21.94662,89.1849,2026-02-12 11:59:51,27.291,-0.159,1.267,13.551,0,none,SYNTHETIC_DEMO_DATA
3358,Andaman & Nicobar,12.05024,92.70958,2026-02-12 14:54:42,28.143,-0.107,0.822,5.729,0,none,SYNTHETIC_DEMO_DATA
3359,Odisha Coast,19.76762,86.06046,2026-02-12 17:49:33,27.337,-0.913,2.041,13.384,0,none,SYNTHETIC_DEMO_DATA
3360,Mumbai Coast,19.09176,72.72058,2026-02-12 20:44:24,26.1,-1.15,1.26,15.037,0,none,SYNTHETIC_DEMO_DATA
3361,Lakshadweep,10.46165,72.60973,2026-02-12 23:39:15,26.89,-0.86,2.508,16.44,1,cyclonic,SYNTHETIC_DEMO_DATA
3362,Goa Coast,15.4686,73.92339,2026-02-13 02:34:06,28.547,1.097,1.911,16.402,0,none,SYNTHETIC_DEMO_DATA
3363,Sundarbans,22.25672,89.30604,2026-02-13 05:28:57,26.508,-0.942,1.077,11.45,0,none,SYNTHETIC_DEMO_DATA
3364,Andaman & Nicobar,11.84326,92.58876,2026-02-13 08:23:48,28.006,-0.244,1.775,14.844,0,none,SYNTHETIC_DEMO_DATA
3365,Odisha Coast,20.05529,85.78125,2026-02-13 11:18:39,29.027,0.777,1.36,14.493,0,none,SYNTHETIC_DEMO_DATA
3366,Goa Coast,15.96647,73.90087,2026-02-13 14:13:30,25.894,-1.556,1.423,11.346,0,none,SYNTHETIC_DEMO_DATA
3367,Gujarat Coast,22.63128,69.62248,2026-02-13 17:08:21,26.88,0.13,1.065,5.423,0,none,SYNTHETIC_DEMO_DATA
3368,Visakhapatnam,17.67493,83.25475,2026-02-13 20:03:12,28.604,0.854,0.547,7.236,1,anticyclonic,SYNTHETIC_DEMO_DATA
3369,Kerala Coast,9.94163,76.41628,2026-02-13 22:58:04,27.715,0.165,1.44,9.747,0,none,SYNTHETIC_DEMO_DATA
3370,Odisha Coast,19.4774,86.32502,2026-02-14 01:52:55,28.921,0.671,1.661,13.388,0,none,SYNTHETIC_DEMO_DATA
3371,Lakshadweep,10.2498,72.60657,2026-02-14 04:47:46,27.307,-0.443,0.969,7.215,1,anticyclonic,SYNTHETIC_DEMO_DATA
3372,Visakhapatnam,17.83594,83.06639,2026-02-14 07:42:37,26.655,-1.095,1.448,13.079,1,anticyclonic,SYNTHETIC_DEMO_DATA
3373,Chennai Coast,12.93553,79.97021,2026-02-14 10:37:28,27.683,-0.767,0.953,5.911,1,anticyclonic,SYNTHETIC_DEMO_DATA
3374,Mumbai Coast,18.9476,72.7112,2026-02-14 13:32:19,26.593,-0.657,2.372,10.071,0,none,SYNTHETIC_DEMO_DATA
3375,Gujarat Coast,22.37012,69.74306,2026-02-14 16:27:10,27.058,0.308,1.206,8.484,0,none,SYNTHETIC_DEMO_DATA
3376,Mumbai Coast,18.96157,72.5906,2026-02-14 19:22:01,27.656,0.406,0.883,7.613,1,cyclonic,SYNTHETIC_DEMO_DATA
3377,Mumbai Coast,18.88579,72.66596,2026-02-14 22:16:52,27.516,0.266,1.719,11.236,0,none,SYNTHETIC_DEMO_DATA
3378,Mumbai Coast,18.69623,72.93761,2026-02-15 01:11:43,26.784,-0.466,1.672,19.477,0,none,SYNTHETIC_DEMO_DATA
3379,Andaman & Nicobar,11.923,92.55396,2026-02-15 04:06:34,29.115,0.865,1.528,7.362,0,none,SYNTHETIC_DEMO_DATA
3380,Chennai Coast,13.19184,80.18729,2026-02-15 07:01:25,26.685,-1.765,1.458,8.128,1,cyclonic,SYNTHETIC_DEMO_DATA
3381,Andaman & Nicobar,12.4654,92.70401,2026-02-15 09:56:16,28.509,0.259,1.298,11.896,1,cyclonic,SYNTHETIC_DEMO_DATA
3382,Goa Coast,15.47822,73.69143,2026-02-15 12:51:07,26.517,-0.933,0.877,10.385,0,none,SYNTHETIC_DEMO_DATA
3383,Lakshadweep,10.31373,72.62478,2026-02-15 15:45:58,28.774,1.024,1.623,4.925,0,none,SYNTHETIC_DEMO_DATA
3384,Lakshadweep,10.81946,72.52375,2026-02-15 18:40:49,26.812,-0.938,1.349,9.619,0,none,SYNTHETIC_DEMO_DATA
3385,Goa Coast,15.36511,73.98536,2026-02-15 21:35:40,28.31,0.86,1.468,17.417,1,anticyclonic,SYNTHETIC_DEMO_DATA
3386,Visakhapatnam,17.65254,83.37401,2026-02-16 00:30:32,27.694,-0.056,1.697,9.297,0,none,SYNTHETIC_DEMO_DATA
3387,Goa Coast,15.71366,73.54782,2026-02-16 03:25:23,26.424,-1.026,0.564,8.504,0,none,SYNTHETIC_DEMO_DATA
3388,Goa Coast,15.37887,73.81643,2026-02-16 06:20:14,28.816,1.366,2.043,11.579,1,anticyclonic,SYNTHETIC_DEMO_DATA
3389,Visakhapatnam,17.75865,83.38183,2026-02-16 09:15:05,27.724,-0.026,1.329,3.571,0,none,SYNTHETIC_DEMO_DATA
3390,Gujarat Coast,22.40763,69.71738,2026-02-16 12:09:56,29.383,2.633,1.122,6.747,1,anticyclonic,SYNTHETIC_DEMO_DATA
3391,Visakhapatnam,17.86113,83.18321,2026-02-16 15:04:47,27.581,-0.169,1.044,6.183,0,none,SYNTHETIC_DEMO_DATA
3392,Mumbai Coast,18.9268,72.83259,2026-02-16 17:59:38,26.923,-0.327,1.372,8.022,0,none,SYNTHETIC_DEMO_DATA
3393,Goa Coast,15.47587,73.68019,2026-02-16 20:54:29,27.008,-0.442,1.545,11.264,0,none,SYNTHETIC_DEMO_DATA
3394,Odisha Coast,19.95689,85.81108,2026-02-16 23:49:20,28.178,-0.072,2.38,18.522,0,none,SYNTHETIC_DEMO_DATA
3395,Chennai Coast,12.72896,80.42,2026-02-17 02:44:11,29.18,0.73,0.304,4.481,1,cyclonic,SYNTHETIC_DEMO_DATA
3396,Goa Coast,15.41807,73.89085,2026-02-17 05:39:02,27.016,-0.434,2.121,15.091,0,none,SYNTHETIC_DEMO_DATA
3397,Kerala Coast,9.80342,75.78006,2026-02-17 08:33:53,27.578,0.028,1.418,2.821,1,anticyclonic,SYNTHETIC_DEMO_DATA
3398,Lakshadweep,10.23189,72.69833,2026-02-17 11:28:44,26.798,-0.952,0.259,5.304,0,none,SYNTHETIC_DEMO_DATA
3399,Sundarbans,22.0893,89.27272,2026-02-17 14:23:35,27.21,-0.24,1.806,7.233,1,anticyclonic,SYNTHETIC_DEMO_DATA
3400,Goa Coast,15.41687,73.92268,2026-02-17 17:18:26,26.955,-0.495,1.942,15.901,1,anticyclonic,SYNTHETIC_DEMO_DATA
3401,Andaman & Nicobar,11.58894,92.4227,2026-02-17 20:13:17,26.902,-1.348,1.391,8.814,0,none,SYNTHETIC_DEMO_DATA
3402,Lakshadweep,10.53197,72.98006,2026-02-17 23:08:08,26.642,-1.108,1.106,10.266,0,none,SYNTHETIC_DEMO_DATA
3403,Odisha Coast,20.08584,85.85325,2026-02-18 02:03:00,28.784,0.534,1.159,8.232,0,none,SYNTHETIC_DEMO_DATA
3404,Lakshadweep,10.6385,72.32355,2026-02-18 04:57:51,28.972,1.222,0.987,9.85,1,cyclonic,SYNTHETIC_DEMO_DATA
3405,Chennai Coast,13.2147,80.25588,2026-02-18 07:52:42,29.108,0.658,1.183,9.667,0,none,SYNTHETIC_DEMO_DATA
3406,Chennai Coast,12.97619,80.01781,2026-02-18 10:47:33,30.221,1.771,1.165,10.01,1,anticyclonic,SYNTHETIC_DEMO_DATA
3407,Chennai Coast,13.29954,80.40948,2026-02-18 13:42:24,28.718,0.268,1.05,7.499,0,none,SYNTHETIC_DEMO_DATA
3408,Gujarat Coast,22.43815,69.72868,2026-02-18 16:37:15,25.712,-1.038,1.721,9.626,0,none,SYNTHETIC_DEMO_DATA
3409,Gujarat Coast,22.3597,69.57317,2026-02-18 19:32:06,26.424,-0.326,1.797,15.792,1,anticyclonic,SYNTHETIC_DEMO_DATA
3410,Kerala Coast,9.84214,76.28181,2026-02-18 22:26:57,27.195,-0.355,2.205,14.869,0,none,SYNTHETIC_DEMO_DATA
3411,Sundarbans,22.29235,89.08971,2026-02-19 01:21:48,26.941,-0.509,1.11,10.83,0,none,SYNTHETIC_DEMO_DATA
3412,Lakshadweep,10.48593,72.42671,2026-02-19 04:16:39,27.767,0.017,1.027,8.303,1,cyclonic,SYNTHETIC_DEMO_DATA
3413,Visakhapatnam,17.35964,83.0454,2026-02-19 07:11:30,28.281,0.531,1.356,10.227,1,cyclonic,SYNTHETIC_DEMO_DATA
3414,Sundarbans,21.85257,88.86894,2026-02-19 10:06:21,25.818,-1.632,1.072,8.803,1,cyclonic,SYNTHETIC_DEMO_DATA
3415,Mumbai Coast,19.15962,72.76974,2026-02-19 13:01:12,27.829,0.579,2.416,14.695,0,none,SYNTHETIC_DEMO_DATA
3416,Kerala Coast,10.15968,76.3282,2026-02-19 15:56:03,28.022,0.472,2.105,19.985,0,none,SYNTHETIC_DEMO_DATA
3417,Gujarat Coast,22.38504,69.91849,2026-02-19 18:50:54,26.961,0.211,0.974,4.83,0,none,SYNTHETIC_DEMO_DATA
3418,Andaman & Nicobar,11.58825,92.5609,2026-02-19 21:45:45,28.816,0.566,1.291,13.5,0,none,SYNTHETIC_DEMO_DATA
3419,Sundarbans,21.67302,89.32756,2026-02-20 00:40:36,27.544,0.094,0.867,11.752,0,none,SYNTHETIC_DEMO_DATA
3420,Visakhapatnam,17.82443,83.20912,2026-02-20 03:35:28,27.198,-0.552,1.373,9.2,0,none,SYNTHETIC_DEMO_DATA
3421,Mumbai Coast,19.07996,72.86365,2026-02-20 06:30:19,27.324,0.074,1.72,12.397,0,none,SYNTHETIC_DEMO_DATA
3422,Goa Coast,15.2296,73.63057,2026-02-20 09:25:10,28.345,0.895,1.179,6.56,1,anticyclonic,SYNTHETIC_DEMO_DATA
3423,Gujarat Coast,22.41546,69.4713,2026-02-20 12:20:01,26.929,0.179,0.559,4.556,0,none,SYNTHETIC_DEMO_DATA
3424,Chennai Coast,13.07648,80.33196,2026-02-20 15:14:52,27.659,-0.791,0.864,8.878,1,anticyclonic,SYNTHETIC_DEMO_DATA
3425,Gujarat Coast,22.27019,69.4668,2026-02-20 18:09:43,27.268,0.518,0.398,9.703,0,none,SYNTHETIC_DEMO_DATA
3426,Lakshadweep,10.41317,72.56128,2026-02-20 21:04:34,28.337,0.587,0.843,5.943,0,none,SYNTHETIC_DEMO_DATA
3427,Kerala Coast,9.85367,76.01358,2026-02-20 23:59:25,27.963,0.413,1.701,6.477,1,cyclonic,SYNTHETIC_DEMO_DATA
3428,Andaman & Nicobar,11.49593,92.44591,2026-02-21 02:54:16,28.964,0.714,1.393,13.171,0,none,SYNTHETIC_DEMO_DATA
3429,Goa Coast,15.1493,73.57525,2026-02-21 05:49:07,27.377,-0.073,1.405,9.726,1,cyclonic,SYNTHETIC_DEMO_DATA
3430,Chennai Coast,12.78482,80.34778,2026-02-21 08:43:58,29.316,0.866,1.608,12.696,1,anticyclonic,SYNTHETIC_DEMO_DATA
3431,Visakhapatnam,17.50453,83.24214,2026-02-21 11:38:49,26.804,-0.946,1.367,10.702,0,none,SYNTHETIC_DEMO_DATA
3432,Goa Coast,15.6493,73.73524,2026-02-21 14:33:40,28.42,0.97,1.544,8.317,1,cyclonic,SYNTHETIC_DEMO_DATA
3433,Visakhapatnam,17.58347,83.20314,2026-02-21 17:28:31,27.984,0.234,1.653,10.23,1,anticyclonic,SYNTHETIC_DEMO_DATA
3434,Chennai Coast,13.21226,80.25997,2026-02-21 20:23:22,29.058,0.608,1.127,5.64,1,anticyclonic,SYNTHETIC_DEMO_DATA
3435,Visakhapatnam,17.78383,83.14239,2026-02-21 23:18:13,27.539,-0.211,0.817,1.856,0,none,SYNTHETIC_DEMO_DATA
3436,Gujarat Coast,22.25638,69.84198,2026-02-22 02:13:04,26.602,-0.148,0.504,6.368,1,cyclonic,SYNTHETIC_DEMO_DATA
3437,Visakhapatnam,17.81459,83.64982,2026-02-22 05:07:56,28.051,0.301,0.884,7.864,0,none,SYNTHETIC_DEMO_DATA
3438,Gujarat Coast,22.26902,69.81443,2026-02-22 08:02:47,27.176,0.426,1.608,9.184,0,none,SYNTHETIC_DEMO_DATA
3439,Lakshadweep,10.46876,72.7182,2026-02-22 10:57:38,27.398,-0.352,0.816,6.977,1,cyclonic,SYNTHETIC_DEMO_DATA
3440,Andaman & Nicobar,11.78196,92.64906,2026-02-22 13:52:29,29.354,1.104,1.066,8.146,1,anticyclonic,SYNTHETIC_DEMO_DATA
3441,Lakshadweep,10.63824,72.7669,2026-02-22 16:47:20,27.69,-0.06,1.087,3.968,0,none,SYNTHETIC_DEMO_DATA
3442,Sundarbans,21.85185,89.17433,2026-02-22 19:42:11,26.45,-1.0,1.779,6.234,0,none,SYNTHETIC_DEMO_DATA
3443,Kerala Coast,9.58312,76.14324,2026-02-22 22:37:02,27.341,-0.209,1.396,7.265,1,anticyclonic,SYNTHETIC_DEMO_DATA
3444,Visakhapatnam,17.62525,83.20724,2026-02-23 01:31:53,27.648,-0.102,0.418,9.724,0,none,SYNTHETIC_DEMO_DATA
3445,Lakshadweep,10.52349,72.60716,2026-02-23 04:26:44,26.965,-0.785,0.21,3.132,1,cyclonic,SYNTHETIC_DEMO_DATA
3446,Goa Coast,15.39711,73.98565,2026-02-23 07:21:35,26.481,-0.969,1.668,15.906,1,cyclonic,SYNTHETIC_DEMO_DATA
3447,Chennai Coast,13.2437,80.12923,2026-02-23 10:16:26,27.512,-0.938,2.281,10.923,0,none,SYNTHETIC_DEMO_DATA
3448,Mumbai Coast,18.86529,72.57248,2026-02-23 13:11:17,27.991,0.741,1.404,9.571,1,anticyclonic,SYNTHETIC_DEMO_DATA
3449,Gujarat Coast,22.27032,69.54403,2026-02-23 16:06:08,26.902,0.152,1.628,9.436,0,none,SYNTHETIC_DEMO_DATA
3450,Kerala Coast,9.6839,76.52944,2026-02-23 19:00:59,27.717,0.167,1.242,13.713,0,none,SYNTHETIC_DEMO_DATA
3451,Kerala Coast,10.04589,76.50653,2026-02-23 21:55:50,27.41,-0.14,1.715,15.149,0,none,SYNTHETIC_DEMO_DATA
3452,Sundarbans,21.99656,89.05167,2026-02-24 00:50:41,27.913,0.463,1.622,11.848,1,anticyclonic,SYNTHETIC_DEMO_DATA
3453,Kerala Coast,10.10108,76.36304,2026-02-24 03:45:32,28.098,0.548,1.495,11.461,0,none,SYNTHETIC_DEMO_DATA
3454,Chennai Coast,13.026,80.45775,2026-02-24 06:40:24,29.515,1.065,1.576,13.304,0,none,SYNTHETIC_DEMO_DATA
3455,Andaman & Nicobar,11.9013,92.5494,2026-02-24 09:35:15,28.698,0.448,1.953,8.314,0,none,SYNTHETIC_DEMO_DATA
3456,Andaman & Nicobar,11.79325,92.87899,2026-02-24 12:30:06,25.763,-2.487,1.258,8.596,0,none,SYNTHETIC_DEMO_DATA
3457,Goa Coast,15.50522,73.9471,2026-02-24 15:24:57,26.645,-0.805,1.244,13.278,0,none,SYNTHETIC_DEMO_DATA
3458,Sundarbans,21.91051,89.064,2026-02-24 18:19:48,26.754,-0.696,2.1,14.485,0,none,SYNTHETIC_DEMO_DATA
3459,Andaman & Nicobar,11.76547,92.72549,2026-02-24 21:14:39,28.752,0.502,1.421,8.134,0,none,SYNTHETIC_DEMO_DATA
3460,Chennai Coast,12.89012,80.3134,2026-02-25 00:09:30,28.112,-0.338,1.128,4.747,0,none,SYNTHETIC_DEMO_DATA
3461,Kerala Coast,9.98073,76.37886,2026-02-25 03:04:21,28.666,1.116,0.844,8.228,1,anticyclonic,SYNTHETIC_DEMO_DATA
3462,Lakshadweep,10.42764,72.44172,2026-02-25 05:59:12,26.783,-0.967,1.948,12.531,1,anticyclonic,SYNTHETIC_DEMO_DATA
3463,Andaman & Nicobar,11.56331,92.62334,2026-02-25 08:54:03,28.86,0.61,1.317,11.956,1,cyclonic,SYNTHETIC_DEMO_DATA
3464,Sundarbans,22.06327,89.24321,2026-02-25 11:48:54,26.659,-0.791,1.766,15.388,0,none,SYNTHETIC_DEMO_DATA
3465,Chennai Coast,12.97266,80.73541,2026-02-25 14:43:45,28.766,0.316,0.545,4.235,0,none,SYNTHETIC_DEMO_DATA
3466,Goa Coast,15.43211,74.13895,2026-02-25 17:38:36,28.237,0.787,1.917,8.374,1,anticyclonic,SYNTHETIC_DEMO_DATA
3467,Mumbai Coast,18.61206,73.11147,2026-02-25 20:33:27,28.01,0.76,1.34,13.264,1,cyclonic,SYNTHETIC_DEMO_DATA
3468,Visakhapatnam,18.04121,83.48844,2026-02-25 23:28:18,26.955,-0.795,1.477,14.842,0,none,SYNTHETIC_DEMO_DATA
3469,Mumbai Coast,18.94701,72.67064,2026-02-26 02:23:09,27.837,0.587,0.774,7.613,0,none,SYNTHETIC_DEMO_DATA
3470,Andaman & Nicobar,11.75817,93.05283,2026-02-26 05:18:00,29.105,0.855,0.858,3.458,0,none,SYNTHETIC_DEMO_DATA
3471,Visakhapatnam,17.94718,83.25728,2026-02-26 08:12:51,27.616,-0.134,1.651,19.058,1,cyclonic,SYNTHETIC_DEMO_DATA
3472,Goa Coast,15.32773,73.72587,2026-02-26 11:07:43,27.359,-0.091,0.941,7.868,1,cyclonic,SYNTHETIC_DEMO_DATA
3473,Goa Coast,15.62973,73.5858,2026-02-26 14:02:34,28.529,1.079,1.25,13.998,0,none,SYNTHETIC_DEMO_DATA
3474,Andaman & Nicobar,11.74676,92.64533,2026-02-26 16:57:25,29.186,0.936,0.792,2.799,0,none,SYNTHETIC_DEMO_DATA
3475,Visakhapatnam,17.4251,83.02586,2026-02-26 19:52:16,27.277,-0.473,1.312,7.588,1,anticyclonic,SYNTHETIC_DEMO_DATA
3476,Visakhapatnam,17.59014,83.14435,2026-02-26 22:47:07,27.848,0.098,0.925,8.381,0,none,SYNTHETIC_DEMO_DATA
3477,Mumbai Coast,18.85066,72.78322,2026-02-27 01:41:58,26.727,-0.523,1.41,9.287,1,cyclonic,SYNTHETIC_DEMO_DATA
3478,Mumbai Coast,19.01667,72.65001,2026-02-27 04:36:49,26.187,-1.063,1.011,6.763,0,none,SYNTHETIC_DEMO_DATA
3479,Kerala Coast,9.90589,76.14301,2026-02-27 07:31:40,26.546,-1.004,0.708,11.712,0,none,SYNTHETIC_DEMO_DATA
3480,Goa Coast,16.0552,73.89411,2026-02-27 10:26:31,28.636,1.186,1.395,6.017,1,anticyclonic,SYNTHETIC_DEMO_DATA
3481,Goa Coast,15.55419,73.73052,2026-02-27 13:21:22,26.799,-0.651,1.078,14.932,0,none,SYNTHETIC_DEMO_DATA
3482,Visakhapatnam,17.87363,83.15246,2026-02-27 16:16:13,28.007,0.257,0.575,5.15,0,none,SYNTHETIC_DEMO_DATA
3483,Goa Coast,15.24698,73.79122,2026-02-27 19:11:04,28.099,0.649,1.437,5.112,0,none,SYNTHETIC_DEMO_DATA
3484,Visakhapatnam,17.73986,82.78569,2026-02-27 22:05:55,27.633,-0.117,1.138,9.3,0,none,SYNTHETIC_DEMO_DATA
3485,Kerala Coast,10.03034,75.97088,2026-02-28 01:00:46,28.427,0.877,1.395,5.952,1,anticyclonic,SYNTHETIC_DEMO_DATA
3486,Sundarbans,22.19085,88.98008,2026-02-28 03:55:37,27.087,-0.363,1.47,11.432,0,none,SYNTHETIC_DEMO_DATA
3487,Chennai Coast,12.82502,80.19437,2026-02-28 06:50:28,28.23,-0.22,1.227,6.21,0,none,SYNTHETIC_DEMO_DATA
3488,Lakshadweep,10.56009,72.50356,2026-02-28 09:45:19,28.613,0.863,1.529,9.84,0,none,SYNTHETIC_DEMO_DATA
3489,Kerala Coast,9.53129,76.22643,2026-02-28 12:40:11,28.534,0.984,1.404,9.394,1,anticyclonic,SYNTHETIC_DEMO_DATA
3490,Goa Coast,15.36334,73.88357,2026-02-28 15:35:02,28.159,0.709,0.709,6.815,0,none,SYNTHETIC_DEMO_DATA
3491,Odisha Coast,19.82978,85.8411,2026-02-28 18:29:53,27.691,-0.559,1.497,9.268,0,none,SYNTHETIC_DEMO_DATA
3492,Gujarat Coast,22.28517,69.65323,2026-02-28 21:24:44,27.504,0.754,0.627,4.017,1,cyclonic,SYNTHETIC_DEMO_DATA
3493,Chennai Coast,12.90319,80.3748,2026-03-01 00:19:35,30.2,1.0,1.293,7.87,0,none,SYNTHETIC_DEMO_DATA
3494,Goa Coast,15.49309,73.73155,2026-03-01 03:14:26,27.122,-1.078,0.749,7.681,0,none,SYNTHETIC_DEMO_DATA
3495,Lakshadweep,10.27415,72.75752,2026-03-01 06:09:17,28.609,0.109,1.19,11.543,0,none,SYNTHETIC_DEMO_DATA
3496,Mumbai Coast,19.00821,73.01192,2026-03-01 09:04:08,28.28,0.28,1.573,14.219,1,anticyclonic,SYNTHETIC_DEMO_DATA
3497,Odisha Coast,19.93582,85.91874,2026-03-01 11:58:59,28.08,-0.92,1.811,6.004,0,none,SYNTHETIC_DEMO_DATA
3498,Kerala Coast,10.20106,75.97017,2026-03-01 14:53:50,28.422,0.122,1.713,14.499,1,cyclonic,SYNTHETIC_DEMO_DATA
3499,Odisha Coast,19.86451,86.12302,2026-03-01 17:48:41,28.926,-0.074,0.351,3.752,1,anticyclonic,SYNTHETIC_DEMO_DATA
3500,Kerala Coast,9.82715,76.28422,2026-03-01 20:43:32,28.42,0.12,1.434,11.911,0,none,SYNTHETIC_DEMO_DATA
3501,Sundarbans,21.64277,89.04889,2026-03-01 23:38:23,27.972,-0.228,1.603,13.618,1,anticyclonic,SYNTHETIC_DEMO_DATA
3502,Gujarat Coast,22.00548,69.5896,2026-03-02 02:33:14,28.711,1.211,0.825,10.455,1,cyclonic,SYNTHETIC_DEMO_DATA
3503,Chennai Coast,13.22833,80.10023,2026-03-02 05:28:05,29.353,0.153,1.44,10.853,0,none,SYNTHETIC_DEMO_DATA
3504,Visakhapatnam,17.44285,83.35194,2026-03-02 08:22:56,27.557,-0.943,0.78,2.641,0,none,SYNTHETIC_DEMO_DATA
3505,Sundarbans,22.07993,89.3275,2026-03-02 11:17:47,28.629,0.429,1.289,5.635,0,none,SYNTHETIC_DEMO_DATA
3506,Andaman & Nicobar,11.25338,92.34341,2026-03-02 14:12:39,28.793,-0.207,0.067,0.77,1,anticyclonic,SYNTHETIC_DEMO_DATA
3507,Andaman & Nicobar,11.54942,92.81832,2026-03-02 17:07:30,27.774,-1.226,1.949,8.431,1,anticyclonic,SYNTHETIC_DEMO_DATA
3508,Andaman & Nicobar,11.84127,92.61125,2026-03-02 20:02:21,29.624,0.624,1.443,7.004,1,cyclonic,SYNTHETIC_DEMO_DATA
3509,Sundarbans,22.17284,89.41316,2026-03-02 22:57:12,27.201,-0.999,2.305,14.604,0,none,SYNTHETIC_DEMO_DATA
3510,Chennai Coast,13.04985,80.31241,2026-03-03 01:52:03,28.757,-0.443,1.647,9.39,0,none,SYNTHETIC_DEMO_DATA
3511,Lakshadweep,10.47767,72.58588,2026-03-03 04:46:54,29.078,0.578,1.112,6.927,0,none,SYNTHETIC_DEMO_DATA
3512,Mumbai Coast,19.08368,72.80473,2026-03-03 07:41:45,27.388,-0.612,1.53,11.277,0,none,SYNTHETIC_DEMO_DATA
3513,Odisha Coast,19.69471,85.81824,2026-03-03 10:36:36,29.786,0.786,1.809,10.6,1,cyclonic,SYNTHETIC_DEMO_DATA
3514,Odisha Coast,19.5163,85.92671,2026-03-03 13:31:27,29.042,0.042,1.319,13.789,0,none,SYNTHETIC_DEMO_DATA
3515,Visakhapatnam,17.89838,83.28913,2026-03-03 16:26:18,27.28,-1.22,1.763,14.11,0,none,SYNTHETIC_DEMO_DATA
3516,Lakshadweep,10.41685,72.18085,2026-03-03 19:21:09,27.711,-0.789,1.994,7.04,1,anticyclonic,SYNTHETIC_DEMO_DATA
3517,Odisha Coast,19.62481,85.65254,2026-03-03 22:16:00,29.437,0.437,1.592,8.33,0,none,SYNTHETIC_DEMO_DATA
3518,Lakshadweep,10.95819,72.78018,2026-03-04 01:10:51,28.449,-0.051,1.708,12.823,1,anticyclonic,SYNTHETIC_DEMO_DATA
3519,Gujarat Coast,21.7766,69.64697,2026-03-04 04:05:42,27.58,0.08,1.984,9.096,0,none,SYNTHETIC_DEMO_DATA
3520,Lakshadweep,10.90626,72.53017,2026-03-04 07:00:33,28.519,0.019,1.134,7.13,1,cyclonic,SYNTHETIC_DEMO_DATA
3521,Andaman & Nicobar,11.35151,92.64583,2026-03-04 09:55:24,27.764,-1.236,0.494,4.227,0,none,SYNTHETIC_DEMO_DATA
3522,Chennai Coast,13.24488,80.5327,2026-03-04 12:50:15,30.739,1.539,1.444,8.108,1,cyclonic,SYNTHETIC_DEMO_DATA
3523,Andaman & Nicobar,11.81931,92.72171,2026-03-04 15:45:07,28.802,-0.198,2.037,11.449,0,none,SYNTHETIC_DEMO_DATA
3524,Odisha Coast,19.91542,85.89109,2026-03-04 18:39:58,29.755,0.755,0.865,10.856,0,none,SYNTHETIC_DEMO_DATA
3525,Visakhapatnam,17.59638,83.3782,2026-03-04 21:34:49,27.336,-1.164,0.641,4.193,1,cyclonic,SYNTHETIC_DEMO_DATA
3526,Visakhapatnam,17.75925,83.45939,2026-03-05 00:29:40,31.613,3.113,1.579,3.285,1,anticyclonic,SYNTHETIC_DEMO_DATA
3527,Odisha Coast,20.07344,86.09073,2026-03-05 03:24:31,29.619,0.619,2.02,13.547,1,cyclonic,SYNTHETIC_DEMO_DATA
3528,Sundarbans,21.9109,89.23811,2026-03-05 06:19:22,28.661,0.461,0.873,8.775,0,none,SYNTHETIC_DEMO_DATA
3529,Odisha Coast,19.44661,85.7774,2026-03-05 09:14:13,29.209,0.209,2.309,18.483,0,none,SYNTHETIC_DEMO_DATA
3530,Odisha Coast,19.82931,85.72115,2026-03-05 12:09:04,28.743,-0.257,1.628,7.809,0,none,SYNTHETIC_DEMO_DATA
3531,Chennai Coast,13.2817,80.71768,2026-03-05 15:03:55,30.256,1.056,0.05,5.571,1,anticyclonic,SYNTHETIC_DEMO_DATA
3532,Sundarbans,22.3743,89.30582,2026-03-05 17:58:46,29.15,0.95,1.787,13.799,1,cyclonic,SYNTHETIC_DEMO_DATA
3533,Sundarbans,21.83838,89.40508,2026-03-05 20:53:37,28.995,0.795,1.369,8.155,1,anticyclonic,SYNTHETIC_DEMO_DATA
3534,Lakshadweep,10.66333,72.49423,2026-03-05 23:48:28,30.259,1.759,1.133,11.014,0,none,SYNTHETIC_DEMO_DATA
3535,Sundarbans,21.71468,89.54199,2026-03-06 02:43:19,28.112,-0.088,1.513,8.823,1,cyclonic,SYNTHETIC_DEMO_DATA
3536,Sundarbans,21.71008,89.75993,2026-03-06 05:38:10,27.524,-0.676,1.241,7.295,0,none,SYNTHETIC_DEMO_DATA
3537,Sundarbans,21.81509,89.3418,2026-03-06 08:33:01,28.365,0.165,0.707,10.993,0,none,SYNTHETIC_DEMO_DATA
3538,Odisha Coast,20.18127,85.9183,2026-03-06 11:27:52,29.238,0.238,1.972,11.253,0,none,SYNTHETIC_DEMO_DATA
3539,Mumbai Coast,19.12443,72.81519,2026-03-06 14:22:43,27.369,-0.631,1.46,12.143,1,anticyclonic,SYNTHETIC_DEMO_DATA
3540,Andaman & Nicobar,11.31527,92.80585,2026-03-06 17:17:35,29.928,0.928,0.984,8.466,1,anticyclonic,SYNTHETIC_DEMO_DATA
3541,Goa Coast,15.74856,74.02048,2026-03-06 20:12:26,27.971,-0.229,0.805,8.646,0,none,SYNTHETIC_DEMO_DATA
3542,Mumbai Coast,18.6798,72.86473,2026-03-06 23:07:17,28.696,0.696,1.165,9.178,0,none,SYNTHETIC_DEMO_DATA
3543,Sundarbans,21.57852,88.89133,2026-03-07 02:02:08,29.868,1.668,2.078,18.903,0,none,SYNTHETIC_DEMO_DATA
3544,Goa Coast,15.58037,73.51151,2026-03-07 04:56:59,28.949,0.749,1.554,11.201,1,cyclonic,SYNTHETIC_DEMO_DATA
3545,Sundarbans,22.14066,89.41535,2026-03-07 07:51:50,28.485,0.285,1.785,13.315,1,anticyclonic,SYNTHETIC_DEMO_DATA
3546,Gujarat Coast,22.34893,69.64266,2026-03-07 10:46:41,26.234,-1.266,1.678,5.792,0,none,SYNTHETIC_DEMO_DATA
3547,Kerala Coast,9.9996,75.87511,2026-03-07 13:41:32,29.97,1.67,1.032,16.142,1,cyclonic,SYNTHETIC_DEMO_DATA
3548,Andaman & Nicobar,11.86241,92.48365,2026-03-07 16:36:23,28.207,-0.793,0.746,9.559,1,anticyclonic,SYNTHETIC_DEMO_DATA
3549,Chennai Coast,13.34462,80.11127,2026-03-07 19:31:14,29.009,-0.191,0.883,4.123,0,none,SYNTHETIC_DEMO_DATA
3550,Gujarat Coast,21.85525,69.74866,2026-03-07 22:26:05,27.671,0.171,0.638,6.517,1,cyclonic,SYNTHETIC_DEMO_DATA
3551,Kerala Coast,9.92003,76.2157,2026-03-08 01:20:56,29.468,1.168,1.586,7.948,1,cyclonic,SYNTHETIC_DEMO_DATA
3552,Mumbai Coast,18.90006,72.73588,2026-03-08 04:15:47,28.288,0.288,1.551,14.169,0,none,SYNTHETIC_DEMO_DATA
3553,Lakshadweep,10.52528,72.88192,2026-03-08 07:10:38,28.084,-0.416,0.982,4.647,1,cyclonic,SYNTHETIC_DEMO_DATA
3554,Goa Coast,15.67203,73.67079,2026-03-08 10:05:29,27.716,-0.484,1.639,9.943,0,none,SYNTHETIC_DEMO_DATA
3555,Kerala Coast,9.73503,76.49662,2026-03-08 13:00:20,28.484,0.184,1.112,6.913,0,none,SYNTHETIC_DEMO_DATA
3556,Kerala Coast,9.95821,76.3857,2026-03-08 15:55:11,28.951,0.651,1.36,10.186,0,none,SYNTHETIC_DEMO_DATA
3557,Goa Coast,15.67254,73.82451,2026-03-08 18:50:03,28.967,0.767,1.616,12.72,0,none,SYNTHETIC_DEMO_DATA
3558,Chennai Coast,12.66529,80.59181,2026-03-08 21:44:54,29.057,-0.143,1.228,8.986,1,cyclonic,SYNTHETIC_DEMO_DATA
3559,Odisha Coast,20.0493,86.05464,2026-03-09 00:39:45,27.688,-1.312,1.085,13.158,1,cyclonic,SYNTHETIC_DEMO_DATA
3560,Kerala Coast,10.16624,76.25737,2026-03-09 03:34:36,27.78,-0.52,1.05,14.438,0,none,SYNTHETIC_DEMO_DATA
3561,Sundarbans,21.88762,89.34173,2026-03-09 06:29:27,27.733,-0.467,1.329,9.986,0,none,SYNTHETIC_DEMO_DATA
3562,Odisha Coast,19.99742,85.82122,2026-03-09 09:24:18,28.173,-0.827,1.318,7.177,0,none,SYNTHETIC_DEMO_DATA
3563,Kerala Coast,10.06152,76.33041,2026-03-09 12:19:09,28.531,0.231,1.67,15.495,1,anticyclonic,SYNTHETIC_DEMO_DATA
3564,Goa Coast,15.44383,73.74257,2026-03-09 15:14:00,28.359,0.159,2.017,10.659,0,none,SYNTHETIC_DEMO_DATA
3565,Goa Coast,15.08045,73.36416,2026-03-09 18:08:51,27.293,-0.907,0.809,5.003,1,anticyclonic,SYNTHETIC_DEMO_DATA
3566,Visakhapatnam,17.38289,83.09804,2026-03-09 21:03:42,28.256,-0.244,0.253,10.061,0,none,SYNTHETIC_DEMO_DATA
3567,Kerala Coast,10.13297,76.30024,2026-03-09 23:58:33,28.807,0.507,1.951,19.518,0,none,SYNTHETIC_DEMO_DATA
3568,Odisha Coast,19.74935,85.67351,2026-03-10 02:53:24,28.386,-0.614,1.711,14.716,0,none,SYNTHETIC_DEMO_DATA
3569,Goa Coast,15.55439,73.7242,2026-03-10 05:48:15,28.557,0.357,0.587,7.254,0,none,SYNTHETIC_DEMO_DATA
3570,Visakhapatnam,17.60824,83.25268,2026-03-10 08:43:06,29.206,0.706,1.666,12.368,1,anticyclonic,SYNTHETIC_DEMO_DATA
3571,Goa Coast,15.19424,73.69701,2026-03-10 11:37:57,28.422,0.222,1.02,2.497,0,none,SYNTHETIC_DEMO_DATA
3572,Andaman & Nicobar,12.18397,92.53899,2026-03-10 14:32:48,27.408,-1.592,1.922,15.766,0,none,SYNTHETIC_DEMO_DATA
3573,Gujarat Coast,22.04267,69.38938,2026-03-10 17:27:39,26.567,-0.933,1.399,3.379,1,cyclonic,SYNTHETIC_DEMO_DATA
3574,Chennai Coast,13.14343,80.51638,2026-03-10 20:22:30,29.06,-0.14,1.94,12.985,0,none,SYNTHETIC_DEMO_DATA
3575,Lakshadweep,10.56873,72.56979,2026-03-10 23:17:22,29.667,1.167,0.545,5.786,1,cyclonic,SYNTHETIC_DEMO_DATA
3576,Gujarat Coast,22.32961,69.30904,2026-03-11 02:12:13,26.36,-1.14,0.323,4.902,1,cyclonic,SYNTHETIC_DEMO_DATA
3577,Gujarat Coast,22.13633,69.78294,2026-03-11 05:07:04,27.618,0.118,0.375,5.722,0,none,SYNTHETIC_DEMO_DATA
3578,Andaman & Nicobar,12.02217,92.35026,2026-03-11 08:01:55,28.973,-0.027,2.2,18.675,1,cyclonic,SYNTHETIC_DEMO_DATA
3579,Andaman & Nicobar,12.02492,92.54481,2026-03-11 10:56:46,28.055,-0.945,1.281,3.177,1,anticyclonic,SYNTHETIC_DEMO_DATA
3580,Sundarbans,21.90895,89.08711,2026-03-11 13:51:37,27.116,-1.084,2.312,10.17,0,none,SYNTHETIC_DEMO_DATA
3581,Andaman & Nicobar,12.06761,92.62856,2026-03-11 16:46:28,30.196,1.196,0.21,7.839,0,none,SYNTHETIC_DEMO_DATA
3582,Goa Coast,15.29091,73.73721,2026-03-11 19:41:19,28.479,0.279,1.379,16.599,0,none,SYNTHETIC_DEMO_DATA
3583,Visakhapatnam,17.7646,83.01956,2026-03-11 22:36:10,28.095,-0.405,0.566,3.429,0,none,SYNTHETIC_DEMO_DATA
3584,Chennai Coast,13.13712,80.19944,2026-03-12 01:31:01,29.907,0.707,1.591,10.824,0,none,SYNTHETIC_DEMO_DATA
3585,Goa Coast,15.7127,73.89738,2026-03-12 04:25:52,27.787,-0.413,1.098,3.964,1,cyclonic,SYNTHETIC_DEMO_DATA
3586,Visakhapatnam,17.51972,83.26022,2026-03-12 07:20:43,28.067,-0.433,0.89,7.062,0,none,SYNTHETIC_DEMO_DATA
3587,Kerala Coast,9.68677,76.20138,2026-03-12 10:15:34,27.614,-0.686,1.393,10.899,1,anticyclonic,SYNTHETIC_DEMO_DATA
3588,Gujarat Coast,22.25479,69.55249,2026-03-12 13:10:25,26.616,-0.884,2.235,11.893,1,anticyclonic,SYNTHETIC_DEMO_DATA
3589,Gujarat Coast,22.82606,69.75567,2026-03-12 16:05:16,26.959,-0.541,0.731,7.636,1,cyclonic,SYNTHETIC_DEMO_DATA
3590,Lakshadweep,10.51432,72.72975,2026-03-12 19:00:07,29.184,0.684,1.577,16.515,0,none,SYNTHETIC_DEMO_DATA
3591,Odisha Coast,19.62831,85.50828,2026-03-12 21:54:58,29.056,0.056,2.032,13.871,0,none,SYNTHETIC_DEMO_DATA
3592,Visakhapatnam,17.72708,83.38201,2026-03-13 00:49:50,27.709,-0.791,1.103,6.691,0,none,SYNTHETIC_DEMO_DATA
3593,Lakshadweep,10.7078,72.65825,2026-03-13 03:44:41,27.672,-0.828,2.35,14.373,0,none,SYNTHETIC_DEMO_DATA
3594,Mumbai Coast,18.81918,72.83463,2026-03-13 06:39:32,29.091,1.091,2.072,13.409,1,anticyclonic,SYNTHETIC_DEMO_DATA
3595,Visakhapatnam,17.52973,83.16315,2026-03-13 09:34:23,27.906,-0.594,1.31,10.115,1,cyclonic,SYNTHETIC_DEMO_DATA
3596,Visakhapatnam,17.45349,83.29391,2026-03-13 12:29:14,28.01,-0.49,1.701,9.728,1,anticyclonic,SYNTHETIC_DEMO_DATA
3597,Chennai Coast,12.87536,80.1474,2026-03-13 15:24:05,28.282,-0.918,0.805,6.033,0,none,SYNTHETIC_DEMO_DATA
3598,Mumbai Coast,18.74513,72.67444,2026-03-13 18:18:56,27.996,-0.004,1.553,13.468,1,anticyclonic,SYNTHETIC_DEMO_DATA
3599,Visakhapatnam,17.92674,83.32121,2026-03-13 21:13:47,28.813,0.313,1.985,13.59,0,none,SYNTHETIC_DEMO_DATA
3600,Gujarat Coast,22.15116,69.35449,2026-03-14 00:08:38,28.993,1.493,1.522,2.598,0,none,SYNTHETIC_DEMO_DATA
3601,Kerala Coast,9.76969,76.27831,2026-03-14 03:03:29,27.926,-0.374,1.969,13.416,0,none,SYNTHETIC_DEMO_DATA
3602,Gujarat Coast,22.25328,69.73225,2026-03-14 05:58:20,27.511,0.011,1.275,7.601,0,none,SYNTHETIC_DEMO_DATA
3603,Odisha Coast,19.62157,85.67982,2026-03-14 08:53:11,28.342,-0.658,0.996,6.699,1,anticyclonic,SYNTHETIC_DEMO_DATA
3604,Gujarat Coast,22.01393,69.64356,2026-03-14 11:48:02,27.359,-0.141,0.668,6.443,1,cyclonic,SYNTHETIC_DEMO_DATA
3605,Lakshadweep,10.6781,72.15756,2026-03-14 14:42:53,30.821,2.321,2.058,13.273,1,anticyclonic,SYNTHETIC_DEMO_DATA
3606,Odisha Coast,19.75026,86.0524,2026-03-14 17:37:44,30.023,1.023,0.385,4.354,0,none,SYNTHETIC_DEMO_DATA
3607,Chennai Coast,12.7334,80.58988,2026-03-14 20:32:35,29.019,-0.181,1.121,4.301,1,anticyclonic,SYNTHETIC_DEMO_DATA
3608,Gujarat Coast,22.4105,69.88239,2026-03-14 23:27:26,27.315,-0.185,0.614,2.532,0,none,SYNTHETIC_DEMO_DATA
3609,Gujarat Coast,21.94104,69.37661,2026-03-15 02:22:18,26.999,-0.501,1.254,12.41,1,anticyclonic,SYNTHETIC_DEMO_DATA
3610,Gujarat Coast,22.52208,69.64695,2026-03-15 05:17:09,28.555,1.055,1.161,8.025,0,none,SYNTHETIC_DEMO_DATA
3611,Mumbai Coast,18.70114,72.76182,2026-03-15 08:12:00,28.152,0.152,0.969,8.453,0,none,SYNTHETIC_DEMO_DATA
3612,Gujarat Coast,22.10151,69.59182,2026-03-15 11:06:51,26.768,-0.732,0.972,10.082,0,none,SYNTHETIC_DEMO_DATA
3613,Gujarat Coast,22.08588,69.55088,2026-03-15 14:01:42,27.753,0.253,0.662,6.49,1,anticyclonic,SYNTHETIC_DEMO_DATA
3614,Sundarbans,22.25949,88.96618,2026-03-15 16:56:33,28.383,0.183,1.616,15.927,0,none,SYNTHETIC_DEMO_DATA
3615,Goa Coast,15.42491,74.29244,2026-03-15 19:51:24,27.94,-0.26,1.207,4.777,0,none,SYNTHETIC_DEMO_DATA
3616,Kerala Coast,10.04362,76.03584,2026-03-15 22:46:15,28.445,0.145,1.416,12.982,1,cyclonic,SYNTHETIC_DEMO_DATA
3617,Sundarbans,21.68174,89.37595,2026-03-16 01:41:06,29.222,1.022,2.25,9.468,1,anticyclonic,SYNTHETIC_DEMO_DATA
3618,Kerala Coast,9.86972,76.1988,2026-03-16 04:35:57,28.114,-0.186,1.5,11.967,0,none,SYNTHETIC_DEMO_DATA
3619,Kerala Coast,9.86904,76.20165,2026-03-16 07:30:48,28.068,-0.232,1.321,8.09,0,none,SYNTHETIC_DEMO_DATA
3620,Sundarbans,21.92689,89.36936,2026-03-16 10:25:39,29.823,1.623,1.567,6.669,1,anticyclonic,SYNTHETIC_DEMO_DATA
3621,Lakshadweep,10.5777,72.70125,2026-03-16 13:20:30,28.47,-0.03,0.821,7.23,0,none,SYNTHETIC_DEMO_DATA
3622,Visakhapatnam,17.87389,83.12018,2026-03-16 16:15:21,29.515,1.015,1.473,12.248,0,none,SYNTHETIC_DEMO_DATA
3623,Chennai Coast,12.90268,80.12454,2026-03-16 19:10:12,28.957,-0.243,1.293,14.746,0,none,SYNTHETIC_DEMO_DATA
3624,Kerala Coast,10.01378,76.31693,2026-03-16 22:05:03,27.297,-1.003,2.174,16.115,0,none,SYNTHETIC_DEMO_DATA
3625,Andaman & Nicobar,11.51447,92.92538,2026-03-17 00:59:54,28.029,-0.971,1.463,17.178,0,none,SYNTHETIC_DEMO_DATA
3626,Goa Coast,15.62356,73.7813,2026-03-17 03:54:46,28.661,0.461,0.473,6.124,0,none,SYNTHETIC_DEMO_DATA
3627,Goa Coast,15.00048,73.62495,2026-03-17 06:49:37,27.871,-0.329,2.137,15.746,1,cyclonic,SYNTHETIC_DEMO_DATA
3628,Visakhapatnam,17.70444,83.26166,2026-03-17 09:44:28,27.461,-1.039,0.327,6.62,0,none,SYNTHETIC_DEMO_DATA
3629,Andaman & Nicobar,11.65044,92.53771,2026-03-17 12:39:19,28.227,-0.773,2.25,10.94,1,anticyclonic,SYNTHETIC_DEMO_DATA
3630,Andaman & Nicobar,11.69112,92.67775,2026-03-17 15:34:10,28.005,-0.995,1.516,10.532,0,none,SYNTHETIC_DEMO_DATA
3631,Kerala Coast,9.7561,76.13546,2026-03-17 18:29:01,28.527,0.227,1.248,7.661,0,none,SYNTHETIC_DEMO_DATA
3632,Mumbai Coast,18.6455,72.73409,2026-03-17 21:23:52,29.219,1.219,1.117,11.858,1,cyclonic,SYNTHETIC_DEMO_DATA
3633,Sundarbans,21.69222,89.01729,2026-03-18 00:18:43,28.361,0.161,1.561,13.391,0,none,SYNTHETIC_DEMO_DATA
3634,Goa Coast,15.46075,73.61906,2026-03-18 03:13:34,28.498,0.298,1.218,8.837,0,none,SYNTHETIC_DEMO_DATA
3635,Lakshadweep,10.50909,72.93517,2026-03-18 06:08:25,28.863,0.363,1.218,6.586,1,cyclonic,SYNTHETIC_DEMO_DATA
3636,Kerala Coast,9.79044,76.44785,2026-03-18 09:03:16,27.829,-0.471,1.886,16.524,1,anticyclonic,SYNTHETIC_DEMO_DATA
3637,Mumbai Coast,18.75881,73.07224,2026-03-18 11:58:07,26.605,-1.395,2.543,12.097,1,anticyclonic,SYNTHETIC_DEMO_DATA
3638,Kerala Coast,9.77505,76.36462,2026-03-18 14:52:58,29.198,0.898,1.873,12.213,0,none,SYNTHETIC_DEMO_DATA
3639,Sundarbans,21.6754,89.41045,2026-03-18 17:47:49,28.009,-0.191,1.067,11.287,0,none,SYNTHETIC_DEMO_DATA
3640,Gujarat Coast,22.29291,69.20643,2026-03-18 20:42:40,28.037,0.537,0.79,5.216,1,cyclonic,SYNTHETIC_DEMO_DATA
3641,Goa Coast,15.2387,74.07191,2026-03-18 23:37:31,28.516,0.316,0.777,7.869,0,none,SYNTHETIC_DEMO_DATA
3642,Lakshadweep,10.39944,72.72884,2026-03-19 02:32:22,28.485,-0.015,1.162,9.299,0,none,SYNTHETIC_DEMO_DATA
3643,Lakshadweep,10.66054,72.77303,2026-03-19 05:27:14,28.472,-0.028,1.228,13.571,0,none,SYNTHETIC_DEMO_DATA
3644,Kerala Coast,9.67418,76.45629,2026-03-19 08:22:05,29.745,1.445,0.57,7.991,0,none,SYNTHETIC_DEMO_DATA
3645,Lakshadweep,10.67579,72.71968,2026-03-19 11:16:56,30.027,1.527,1.526,8.723,0,none,SYNTHETIC_DEMO_DATA
3646,Mumbai Coast,19.12303,73.03381,2026-03-19 14:11:47,27.161,-0.839,1.188,4.343,0,none,SYNTHETIC_DEMO_DATA
3647,Gujarat Coast,21.95145,69.54218,2026-03-19 17:06:38,27.533,0.033,0.83,6.506,1,anticyclonic,SYNTHETIC_DEMO_DATA
3648,Gujarat Coast,22.20586,69.69485,2026-03-19 20:01:29,27.376,-0.124,1.733,10.894,0,none,SYNTHETIC_DEMO_DATA
3649,Lakshadweep,10.59486,72.44192,2026-03-19 22:56:20,27.41,-1.09,0.885,2.635,1,cyclonic,SYNTHETIC_DEMO_DATA
3650,Goa Coast,15.69868,73.60227,2026-03-20 01:51:11,29.214,1.014,0.977,1.802,0,none,SYNTHETIC_DEMO_DATA
3651,Odisha Coast,19.64063,85.6356,2026-03-20 04:46:02,28.046,-0.954,2.173,13.789,0,none,SYNTHETIC_DEMO_DATA
3652,Sundarbans,21.96204,89.39259,2026-03-20 07:40:53,27.471,-0.729,0.527,7.317,0,none,SYNTHETIC_DEMO_DATA
3653,Kerala Coast,9.98377,76.11132,2026-03-20 10:35:44,27.021,-1.279,2.469,15.146,0,none,SYNTHETIC_DEMO_DATA
3654,Mumbai Coast,18.93971,72.88059,2026-03-20 13:30:35,28.168,0.168,1.94,14.663,0,none,SYNTHETIC_DEMO_DATA
3655,Gujarat Coast,22.5048,69.16966,2026-03-20 16:25:26,27.274,-0.226,0.565,3.241,0,none,SYNTHETIC_DEMO_DATA
3656,Kerala Coast,9.92273,76.2152,2026-03-20 19:20:17,28.052,-0.248,1.388,3.735,0,none,SYNTHETIC_DEMO_DATA
3657,Mumbai Coast,18.80313,72.97191,2026-03-20 22:15:08,27.852,-0.148,1.092,6.226,0,none,SYNTHETIC_DEMO_DATA
3658,Lakshadweep,10.6066,72.57704,2026-03-21 01:09:59,29.651,1.151,0.995,10.658,1,cyclonic,SYNTHETIC_DEMO_DATA
3659,Chennai Coast,13.38413,79.9831,2026-03-21 04:04:50,29.895,0.695,1.023,7.161,0,none,SYNTHETIC_DEMO_DATA
3660,Kerala Coast,9.93933,76.48594,2026-03-21 06:59:41,27.649,-0.651,1.856,12.135,1,anticyclonic,SYNTHETIC_DEMO_DATA
3661,Mumbai Coast,18.79047,72.83698,2026-03-21 09:54:33,28.716,0.716,1.159,13.463,0,none,SYNTHETIC_DEMO_DATA
3662,Kerala Coast,9.79911,76.59926,2026-03-21 12:49:24,28.676,0.376,1.56,18.304,0,none,SYNTHETIC_DEMO_DATA
3663,Lakshadweep,10.78661,72.58758,2026-03-21 15:44:15,29.186,0.686,1.748,9.229,0,none,SYNTHETIC_DEMO_DATA
3664,Lakshadweep,10.51439,73.01346,2026-03-21 18:39:06,27.678,-0.822,0.797,9.375,0,none,SYNTHETIC_DEMO_DATA
3665,Mumbai Coast,18.68606,73.10432,2026-03-21 21:33:57,26.633,-1.367,1.091,8.622,1,cyclonic,SYNTHETIC_DEMO_DATA
3666,Kerala Coast,10.11619,76.23995,2026-03-22 00:28:48,27.866,-0.434,2.068,12.88,1,cyclonic,SYNTHETIC_DEMO_DATA
3667,Mumbai Coast,19.02866,72.40396,2026-03-22 03:23:39,28.966,0.966,2.581,20.068,1,anticyclonic,SYNTHETIC_DEMO_DATA
3668,Odisha Coast,19.97803,86.20314,2026-03-22 06:18:30,27.932,-1.068,1.121,12.835,1,cyclonic,SYNTHETIC_DEMO_DATA
3669,Kerala Coast,10.23996,76.03524,2026-03-22 09:13:21,28.775,0.475,2.017,17.927,0,none,SYNTHETIC_DEMO_DATA
3670,Visakhapatnam,17.90529,83.17446,2026-03-22 12:08:12,27.404,-1.096,0.589,10.192,0,none,SYNTHETIC_DEMO_DATA
3671,Odisha Coast,19.7135,85.85584,2026-03-22 15:03:03,28.13,-0.87,1.15,11.502,0,none,SYNTHETIC_DEMO_DATA
3672,Sundarbans,21.97534,89.02924,2026-03-22 17:57:54,27.25,-0.95,1.606,11.922,1,cyclonic,SYNTHETIC_DEMO_DATA
3673,Mumbai Coast,19.01711,73.01453,2026-03-22 20:52:45,28.681,0.681,1.627,5.364,0,none,SYNTHETIC_DEMO_DATA
3674,Sundarbans,21.83569,89.36061,2026-03-22 23:47:36,29.459,1.259,1.794,15.019,0,none,SYNTHETIC_DEMO_DATA
3675,Gujarat Coast,22.49141,69.46645,2026-03-23 02:42:27,27.378,-0.122,1.424,8.537,1,anticyclonic,SYNTHETIC_DEMO_DATA
3676,Kerala Coast,9.77679,76.41697,2026-03-23 05:37:18,28.57,0.27,1.825,10.25,0,none,SYNTHETIC_DEMO_DATA
3677,Chennai Coast,12.84261,80.13468,2026-03-23 08:32:09,28.593,-0.607,0.694,7.182,1,anticyclonic,SYNTHETIC_DEMO_DATA
3678,Goa Coast,15.62677,73.95767,2026-03-23 11:27:01,27.509,-0.691,1.802,11.453,1,anticyclonic,SYNTHETIC_DEMO_DATA
3679,Mumbai Coast,19.02121,72.9024,2026-03-23 14:21:52,28.674,0.674,1.696,12.307,1,anticyclonic,SYNTHETIC_DEMO_DATA
3680,Goa Coast,15.42664,73.72322,2026-03-23 17:16:43,28.15,-0.05,1.817,14.576,0,none,SYNTHETIC_DEMO_DATA
3681,Goa Coast,15.61596,73.6169,2026-03-23 20:11:34,28.218,0.018,1.195,6.91,0,none,SYNTHETIC_DEMO_DATA
3682,Sundarbans,22.12266,89.2939,2026-03-23 23:06:25,27.36,-0.84,2.634,17.435,1,cyclonic,SYNTHETIC_DEMO_DATA
3683,Visakhapatnam,17.56633,83.25775,2026-03-24 02:01:16,26.759,-1.741,0.644,2.928,1,cyclonic,SYNTHETIC_DEMO_DATA
3684,Mumbai Coast,19.10113,72.81034,2026-03-24 04:56:07,28.983,0.983,1.055,4.574,0,none,SYNTHETIC_DEMO_DATA
3685,Lakshadweep,10.37583,72.82451,2026-03-24 07:50:58,28.444,-0.056,1.068,9.682,1,anticyclonic,SYNTHETIC_DEMO_DATA
3686,Odisha Coast,19.5441,85.75706,2026-03-24 10:45:49,28.197,-0.803,1.626,10.773,0,none,SYNTHETIC_DEMO_DATA
3687,Odisha Coast,20.03496,85.76378,2026-03-24 13:40:40,28.218,-0.782,1.712,6.943,1,anticyclonic,SYNTHETIC_DEMO_DATA
3688,Lakshadweep,10.24963,72.67265,2026-03-24 16:35:31,28.791,0.291,1.144,9.538,1,cyclonic,SYNTHETIC_DEMO_DATA
3689,Lakshadweep,10.68574,72.47102,2026-03-24 19:30:22,27.84,-0.66,0.861,4.873,0,none,SYNTHETIC_DEMO_DATA
3690,Odisha Coast,19.68482,85.79035,2026-03-24 22:25:13,28.595,-0.405,1.351,17.099,1,cyclonic,SYNTHETIC_DEMO_DATA
3691,Kerala Coast,10.10791,76.19118,2026-03-25 01:20:04,28.304,0.004,1.378,12.936,0,none,SYNTHETIC_DEMO_DATA
3692,Gujarat Coast,22.33852,69.77134,2026-03-25 04:14:55,26.364,-1.136,0.994,9.676,1,cyclonic,SYNTHETIC_DEMO_DATA
3693,Odisha Coast,19.97111,85.7346,2026-03-25 07:09:46,30.067,1.067,1.645,6.684,1,cyclonic,SYNTHETIC_DEMO_DATA
3694,Chennai Coast,12.65807,80.18472,2026-03-25 10:04:37,29.424,0.224,1.841,11.039,1,anticyclonic,SYNTHETIC_DEMO_DATA
3695,Chennai Coast,13.13855,80.34043,2026-03-25 12:59:29,31.06,1.86,1.457,8.672,1,cyclonic,SYNTHETIC_DEMO_DATA
3696,Gujarat Coast,22.21509,69.69202,2026-03-25 15:54:20,27.881,0.381,0.426,5.406,0,none,SYNTHETIC_DEMO_DATA
3697,Chennai Coast,13.11469,79.78279,2026-03-25 18:49:11,29.328,0.128,1.522,14.36,0,none,SYNTHETIC_DEMO_DATA
3698,Kerala Coast,9.74546,76.1908,2026-03-25 21:44:02,28.456,0.156,1.581,15.357,0,none,SYNTHETIC_DEMO_DATA
3699,Visakhapatnam,17.61985,83.09175,2026-03-26 00:38:53,28.295,-0.205,0.655,7.928,0,none,SYNTHETIC_DEMO_DATA
3700,Goa Coast,15.37568,74.00672,2026-03-26 03:33:44,29.825,1.625,1.207,12.612,1,anticyclonic,SYNTHETIC_DEMO_DATA
3701,Odisha Coast,19.96505,85.3935,2026-03-26 06:28:35,28.583,-0.417,1.57,10.684,0,none,SYNTHETIC_DEMO_DATA
3702,Visakhapatnam,17.51685,83.29939,2026-03-26 09:23:26,28.661,0.161,0.78,7.762,1,anticyclonic,SYNTHETIC_DEMO_DATA
3703,Visakhapatnam,17.43889,83.19444,2026-03-26 12:18:17,29.049,0.549,2.006,17.474,1,cyclonic,SYNTHETIC_DEMO_DATA
3704,Lakshadweep,10.61705,72.73098,2026-03-26 15:13:08,29.359,0.859,1.318,5.976,0,none,SYNTHETIC_DEMO_DATA
3705,Lakshadweep,10.56457,72.64223,2026-03-26 18:07:59,28.994,0.494,1.465,9.343,0,none,SYNTHETIC_DEMO_DATA
3706,Mumbai Coast,19.05377,72.98903,2026-03-26 21:02:50,29.453,1.453,1.692,14.003,1,cyclonic,SYNTHETIC_DEMO_DATA
3707,Odisha Coast,19.80711,86.02362,2026-03-26 23:57:41,29.013,0.013,1.273,16.51,0,none,SYNTHETIC_DEMO_DATA
3708,Goa Coast,15.78942,73.80686,2026-03-27 02:52:32,29.497,1.297,1.15,5.208,1,cyclonic,SYNTHETIC_DEMO_DATA
3709,Kerala Coast,9.92206,76.26436,2026-03-27 05:47:23,28.003,-0.297,2.0,13.774,1,cyclonic,SYNTHETIC_DEMO_DATA
3710,Andaman & Nicobar,11.70234,92.40842,2026-03-27 08:42:14,28.939,-0.061,1.598,9.103,0,none,SYNTHETIC_DEMO_DATA
3711,Chennai Coast,12.94384,80.367,2026-03-27 11:37:05,27.544,-1.656,0.846,6.727,0,none,SYNTHETIC_DEMO_DATA
3712,Lakshadweep,10.49097,72.73793,2026-03-27 14:31:57,29.247,0.747,1.409,9.316,0,none,SYNTHETIC_DEMO_DATA
3713,Andaman & Nicobar,11.83605,92.45854,2026-03-27 17:26:48,29.574,0.574,1.72,10.31,0,none,SYNTHETIC_DEMO_DATA
3714,Visakhapatnam,17.56703,82.72024,2026-03-27 20:21:39,28.497,-0.003,2.045,14.605,0,none,SYNTHETIC_DEMO_DATA
3715,Goa Coast,15.43508,73.68851,2026-03-27 23:16:30,28.334,0.134,1.388,8.103,1,cyclonic,SYNTHETIC_DEMO_DATA
3716,Visakhapatnam,17.84497,83.25137,2026-03-28 02:11:21,28.046,-0.454,1.479,10.524,1,cyclonic,SYNTHETIC_DEMO_DATA
3717,Chennai Coast,13.1549,80.44643,2026-03-28 05:06:12,29.919,0.719,0.82,6.181,1,cyclonic,SYNTHETIC_DEMO_DATA
3718,Visakhapatnam,17.66476,83.2894,2026-03-28 08:01:03,27.971,-0.529,1.142,6.404,0,none,SYNTHETIC_DEMO_DATA
3719,Gujarat Coast,22.37249,69.95223,2026-03-28 10:55:54,27.998,0.498,1.425,10.585,0,none,SYNTHETIC_DEMO_DATA
3720,Visakhapatnam,17.67872,82.74269,2026-03-28 13:50:45,28.392,-0.108,1.399,12.995,0,none,SYNTHETIC_DEMO_DATA
3721,Gujarat Coast,22.13935,70.02386,2026-03-28 16:45:36,26.144,-1.356,0.614,6.412,0,none,SYNTHETIC_DEMO_DATA
3722,Mumbai Coast,19.03149,72.92604,2026-03-28 19:40:27,26.503,-1.497,1.276,11.286,1,cyclonic,SYNTHETIC_DEMO_DATA
3723,Goa Coast,15.54405,73.86441,2026-03-28 22:35:18,27.292,-0.908,1.075,6.52,0,none,SYNTHETIC_DEMO_DATA
3724,Lakshadweep,10.56596,72.6205,2026-03-29 01:30:09,29.153,0.653,0.66,6.823,1,anticyclonic,SYNTHETIC_DEMO_DATA
3725,Sundarbans,21.86382,88.71914,2026-03-29 04:25:00,26.603,-1.597,1.519,5.663,0,none,SYNTHETIC_DEMO_DATA
3726,Lakshadweep,10.44006,72.6181,2026-03-29 07:19:51,26.667,-1.833,1.518,10.218,1,cyclonic,SYNTHETIC_DEMO_DATA
3727,Odisha Coast,20.03282,85.87118,2026-03-29 10:14:42,28.038,-0.962,1.443,11.521,0,none,SYNTHETIC_DEMO_DATA
3728,Mumbai Coast,19.04246,72.90581,2026-03-29 13:09:33,28.744,0.744,1.48,16.351,0,none,SYNTHETIC_DEMO_DATA
3729,Chennai Coast,12.84307,80.40492,2026-03-29 16:04:25,29.779,0.579,0.688,6.06,1,cyclonic,SYNTHETIC_DEMO_DATA
3730,Gujarat Coast,22.5618,69.59798,2026-03-29 18:59:16,29.011,1.511,1.606,9.992,0,none,SYNTHETIC_DEMO_DATA
3731,Goa Coast,15.19625,73.91761,2026-03-29 21:54:07,28.067,-0.133,1.072,9.827,0,none,SYNTHETIC_DEMO_DATA
3732,Andaman & Nicobar,12.0787,92.73209,2026-03-30 00:48:58,28.227,-0.773,1.606,5.853,0,none,SYNTHETIC_DEMO_DATA
3733,Kerala Coast,10.01331,76.25574,2026-03-30 03:43:49,28.667,0.367,1.304,7.236,0,none,SYNTHETIC_DEMO_DATA
3734,Lakshadweep,10.71403,72.68502,2026-03-30 06:38:40,29.024,0.524,1.075,7.319,1,anticyclonic,SYNTHETIC_DEMO_DATA
3735,Chennai Coast,13.20156,80.74068,2026-03-30 09:33:31,28.511,-0.689,1.049,7.317,1,anticyclonic,SYNTHETIC_DEMO_DATA
3736,Visakhapatnam,17.68134,83.38326,2026-03-30 12:28:22,30.901,2.401,1.319,3.789,1,anticyclonic,SYNTHETIC_DEMO_DATA
3737,Chennai Coast,13.09539,80.52807,2026-03-30 15:23:13,28.652,-0.548,1.501,13.906,0,none,SYNTHETIC_DEMO_DATA
3738,Mumbai Coast,18.81679,72.58469,2026-03-30 18:18:04,27.693,-0.307,1.52,9.666,1,anticyclonic,SYNTHETIC_DEMO_DATA
3739,Gujarat Coast,22.48178,69.66935,2026-03-30 21:12:55,27.157,-0.343,1.627,13.713,1,anticyclonic,SYNTHETIC_DEMO_DATA
3740,Andaman & Nicobar,11.60433,92.53164,2026-03-31 00:07:46,28.883,-0.117,1.68,15.464,0,none,SYNTHETIC_DEMO_DATA
3741,Visakhapatnam,17.67662,83.19219,2026-03-31 03:02:37,27.978,-0.522,1.726,8.555,0,none,SYNTHETIC_DEMO_DATA
3742,Chennai Coast,12.90165,80.41359,2026-03-31 05:57:28,28.811,-0.389,1.901,10.445,0,none,SYNTHETIC_DEMO_DATA
3743,Lakshadweep,10.48284,72.83011,2026-03-31 08:52:19,28.249,-0.251,1.128,10.324,0,none,SYNTHETIC_DEMO_DATA
3744,Kerala Coast,10.03104,76.25765,2026-03-31 11:47:10,26.838,-1.462,1.524,9.04,1,anticyclonic,SYNTHETIC_DEMO_DATA
3745,Visakhapatnam,17.51184,83.32268,2026-03-31 14:42:01,27.85,-0.65,1.178,9.535,1,anticyclonic,SYNTHETIC_DEMO_DATA
3746,Lakshadweep,10.56138,72.29952,2026-03-31 17:36:53,29.863,1.363,0.989,6.764,1,cyclonic,SYNTHETIC_DEMO_DATA
3747,Kerala Coast,10.11304,75.75792,2026-03-31 20:31:44,28.971,0.671,1.243,14.067,0,none,SYNTHETIC_DEMO_DATA
3748,Lakshadweep,10.62456,72.9499,2026-03-31 23:26:35,27.879,-0.621,2.216,12.641,0,none,SYNTHETIC_DEMO_DATA
3749,Lakshadweep,10.40818,72.45287,2026-04-01 02:21:26,29.23,-0.02,1.476,6.418,1,anticyclonic,SYNTHETIC_DEMO_DATA
3750,Lakshadweep,10.74136,72.68319,2026-04-01 05:16:17,28.806,-0.444,0.665,3.563,1,anticyclonic,SYNTHETIC_DEMO_DATA
3751,Mumbai Coast,19.39813,72.75641,2026-04-01 08:11:08,28.536,-0.214,2.296,16.365,0,none,SYNTHETIC_DEMO_DATA
3752,Goa Coast,15.44078,73.79908,2026-04-01 11:05:59,28.411,-0.539,0.826,5.875,0,none,SYNTHETIC_DEMO_DATA
3753,Lakshadweep,10.38409,72.26706,2026-04-01 14:00:50,28.184,-1.066,1.376,6.01,1,anticyclonic,SYNTHETIC_DEMO_DATA
3754,Visakhapatnam,17.87114,83.4971,2026-04-01 16:55:41,28.918,-0.332,0.812,5.802,1,cyclonic,SYNTHETIC_DEMO_DATA
3755,Sundarbans,21.92367,88.99301,2026-04-01 19:50:32,28.4,-0.55,1.539,15.601,0,none,SYNTHETIC_DEMO_DATA
3756,Chennai Coast,12.68454,80.63318,2026-04-01 22:45:23,28.007,-1.943,0.612,4.752,0,none,SYNTHETIC_DEMO_DATA
3757,Gujarat Coast,22.59519,69.81651,2026-04-02 01:40:14,28.826,0.576,1.715,7.713,0,none,SYNTHETIC_DEMO_DATA
3758,Mumbai Coast,19.1714,72.68959,2026-04-02 04:35:05,27.933,-0.817,1.946,13.091,1,cyclonic,SYNTHETIC_DEMO_DATA
3759,Sundarbans,21.88701,88.9547,2026-04-02 07:29:56,29.917,0.967,2.125,13.587,0,none,SYNTHETIC_DEMO_DATA
3760,Mumbai Coast,19.23408,72.59663,2026-04-02 10:24:47,28.438,-0.312,1.226,7.337,0,none,SYNTHETIC_DEMO_DATA
3761,Odisha Coast,19.94057,85.54051,2026-04-02 13:19:38,28.932,-0.818,2.126,15.85,1,cyclonic,SYNTHETIC_DEMO_DATA
3762,Mumbai Coast,19.24556,72.62684,2026-04-02 16:14:29,27.611,-1.139,1.111,8.767,0,none,SYNTHETIC_DEMO_DATA
3763,Mumbai Coast,19.23079,73.11205,2026-04-02 19:09:20,29.245,0.495,1.973,14.293,0,none,SYNTHETIC_DEMO_DATA
3764,Gujarat Coast,22.35871,69.20346,2026-04-02 22:04:12,27.958,-0.292,1.202,9.539,0,none,SYNTHETIC_DEMO_DATA
3765,Kerala Coast,9.81817,75.94122,2026-04-03 00:59:03,29.272,0.222,2.082,14.445,0,none,SYNTHETIC_DEMO_DATA
3766,Kerala Coast,9.9933,76.12387,2026-04-03 03:53:54,28.865,-0.185,3.087,19.235,0,none,SYNTHETIC_DEMO_DATA
3767,Gujarat Coast,21.93916,69.24758,2026-04-03 06:48:45,26.384,-1.866,0.798,7.988,1,cyclonic,SYNTHETIC_DEMO_DATA
3768,Goa Coast,15.44476,73.68112,2026-04-03 09:43:36,28.176,-0.774,1.064,10.852,1,anticyclonic,SYNTHETIC_DEMO_DATA
3769,Andaman & Nicobar,11.90989,92.51658,2026-04-03 12:38:27,29.064,-0.686,2.558,12.856,0,none,SYNTHETIC_DEMO_DATA
3770,Chennai Coast,13.08757,80.26215,2026-04-03 15:33:18,31.382,1.432,0.835,10.886,0,none,SYNTHETIC_DEMO_DATA
3771,Kerala Coast,9.84951,76.13463,2026-04-03 18:28:09,28.942,-0.108,1.205,12.061,0,none,SYNTHETIC_DEMO_DATA
3772,Chennai Coast,13.1833,80.5826,2026-04-03 21:23:00,30.741,0.791,0.989,8.582,1,cyclonic,SYNTHETIC_DEMO_DATA
3773,Mumbai Coast,18.77009,72.77162,2026-04-04 00:17:51,28.82,0.07,2.506,8.78,1,cyclonic,SYNTHETIC_DEMO_DATA
3774,Odisha Coast,19.99166,85.98381,2026-04-04 03:12:42,29.716,-0.034,1.234,13.548,0,none,SYNTHETIC_DEMO_DATA
3775,Kerala Coast,9.98717,76.51525,2026-04-04 06:07:33,28.754,-0.296,1.514,11.007,1,cyclonic,SYNTHETIC_DEMO_DATA
3776,Odisha Coast,19.61792,85.89666,2026-04-04 09:02:24,29.385,-0.365,1.019,8.655,1,anticyclonic,SYNTHETIC_DEMO_DATA
3777,Mumbai Coast,19.27937,73.04646,2026-04-04 11:57:15,28.257,-0.493,2.084,18.97,0,none,SYNTHETIC_DEMO_DATA
3778,Andaman & Nicobar,11.75907,92.45741,2026-04-04 14:52:06,28.998,-0.752,1.98,18.162,1,cyclonic,SYNTHETIC_DEMO_DATA
3779,Lakshadweep,10.86952,72.52575,2026-04-04 17:46:57,30.113,0.863,1.76,11.188,1,cyclonic,SYNTHETIC_DEMO_DATA
3780,Kerala Coast,9.90915,76.29347,2026-04-04 20:41:48,28.567,-0.483,2.246,9.66,0,none,SYNTHETIC_DEMO_DATA
3781,Sundarbans,21.90647,89.42387,2026-04-04 23:36:40,29.621,0.671,2.479,13.783,1,anticyclonic,SYNTHETIC_DEMO_DATA
3782,Visakhapatnam,17.69288,83.14941,2026-04-05 02:31:31,29.265,0.015,0.734,9.441,0,none,SYNTHETIC_DEMO_DATA
3783,Odisha Coast,19.76879,85.8898,2026-04-05 05:26:22,29.906,0.156,1.664,10.433,0,none,SYNTHETIC_DEMO_DATA
3784,Goa Coast,15.56619,74.03974,2026-04-05 08:21:13,30.067,1.117,0.925,0.822,1,anticyclonic,SYNTHETIC_DEMO_DATA
3785,Lakshadweep,10.7831,72.87213,2026-04-05 11:16:04,29.447,0.197,1.184,9.776,0,none,SYNTHETIC_DEMO_DATA
3786,Mumbai Coast,19.00983,73.04169,2026-04-05 14:10:55,28.42,-0.33,1.81,12.641,1,cyclonic,SYNTHETIC_DEMO_DATA
3787,Odisha Coast,19.89803,85.59176,2026-04-05 17:05:46,29.748,-0.002,1.293,6.041,1,anticyclonic,SYNTHETIC_DEMO_DATA
3788,Sundarbans,22.00378,89.07971,2026-04-05 20:00:37,28.455,-0.495,1.472,12.326,0,none,SYNTHETIC_DEMO_DATA
3789,Lakshadweep,10.60671,72.4252,2026-04-05 22:55:28,29.082,-0.168,1.059,5.841,1,anticyclonic,SYNTHETIC_DEMO_DATA
3790,Chennai Coast,13.09118,80.0537,2026-04-06 01:50:19,29.078,-0.872,0.237,6.471,1,anticyclonic,SYNTHETIC_DEMO_DATA
3791,Odisha Coast,19.77817,85.72589,2026-04-06 04:45:10,30.517,0.767,1.486,12.818,0,none,SYNTHETIC_DEMO_DATA
3792,Odisha Coast,19.73316,85.74819,2026-04-06 07:40:01,29.875,0.125,1.29,19.148,1,anticyclonic,SYNTHETIC_DEMO_DATA
3793,Visakhapatnam,17.31675,83.34573,2026-04-06 10:34:52,27.999,-1.251,1.358,3.153,0,none,SYNTHETIC_DEMO_DATA
3794,Gujarat Coast,22.18554,69.67011,2026-04-06 13:29:43,29.137,0.887,0.05,2.255,0,none,SYNTHETIC_DEMO_DATA
3795,Andaman & Nicobar,11.99485,92.35838,2026-04-06 16:24:34,28.254,-1.496,2.515,16.065,1,cyclonic,SYNTHETIC_DEMO_DATA
3796,Visakhapatnam,18.21207,83.57183,2026-04-06 19:19:25,28.006,-1.244,1.387,4.586,0,none,SYNTHETIC_DEMO_DATA
3797,Gujarat Coast,22.32923,69.68932,2026-04-06 22:14:16,27.292,-0.958,0.899,7.737,1,anticyclonic,SYNTHETIC_DEMO_DATA
3798,Sundarbans,22.35788,88.95428,2026-04-07 01:09:08,28.933,-0.017,2.265,13.083,1,anticyclonic,SYNTHETIC_DEMO_DATA
3799,Sundarbans,21.84991,89.44725,2026-04-07 04:03:59,28.615,-0.335,0.968,12.532,0,none,SYNTHETIC_DEMO_DATA
3800,Sundarbans,22.06014,89.12064,2026-04-07 06:58:50,28.65,-0.3,2.131,11.806,1,cyclonic,SYNTHETIC_DEMO_DATA
3801,Lakshadweep,10.75063,72.60414,2026-04-07 09:53:41,29.037,-0.213,2.297,17.152,0,none,SYNTHETIC_DEMO_DATA
3802,Mumbai Coast,19.34688,72.76477,2026-04-07 12:48:32,27.823,-0.927,1.405,10.441,1,anticyclonic,SYNTHETIC_DEMO_DATA
3803,Andaman & Nicobar,11.9314,92.82718,2026-04-07 15:43:23,30.211,0.461,1.265,7.627,0,none,SYNTHETIC_DEMO_DATA
3804,Sundarbans,22.18762,89.35694,2026-04-07 18:38:14,30.042,1.092,1.473,6.166,0,none,SYNTHETIC_DEMO_DATA
3805,Sundarbans,22.05922,89.49251,2026-04-07 21:33:05,29.302,0.352,2.065,19.336,0,none,SYNTHETIC_DEMO_DATA
3806,Andaman & Nicobar,11.79957,92.42236,2026-04-08 00:27:56,30.915,1.165,0.847,8.785,0,none,SYNTHETIC_DEMO_DATA
3807,Odisha Coast,19.80608,85.81029,2026-04-08 03:22:47,30.444,0.694,1.259,9.705,0,none,SYNTHETIC_DEMO_DATA
3808,Odisha Coast,19.83066,85.79943,2026-04-08 06:17:38,30.238,0.488,1.147,8.994,0,none,SYNTHETIC_DEMO_DATA
3809,Mumbai Coast,18.8637,72.6047,2026-04-08 09:12:29,29.522,0.772,1.218,7.229,1,anticyclonic,SYNTHETIC_DEMO_DATA
3810,Gujarat Coast,22.36918,69.83511,2026-04-08 12:07:20,29.442,1.192,1.369,5.052,0,none,SYNTHETIC_DEMO_DATA
3811,Visakhapatnam,17.19422,83.20966,2026-04-08 15:02:11,29.675,0.425,0.91,8.475,0,none,SYNTHETIC_DEMO_DATA
3812,Kerala Coast,9.88128,76.48509,2026-04-08 17:57:02,30.441,1.391,1.243,6.208,0,none,SYNTHETIC_DEMO_DATA
3813,Gujarat Coast,22.34014,69.68439,2026-04-08 20:51:53,28.459,0.209,1.352,7.078,0,none,SYNTHETIC_DEMO_DATA
3814,Kerala Coast,10.08749,76.37351,2026-04-08 23:46:44,30.361,1.311,2.503,14.704,1,cyclonic,SYNTHETIC_DEMO_DATA
3815,Chennai Coast,13.02408,80.14856,2026-04-09 02:41:36,27.392,-2.558,0.972,4.006,1,anticyclonic,SYNTHETIC_DEMO_DATA
3816,Sundarbans,21.8658,89.19621,2026-04-09 05:36:27,28.819,-0.131,2.266,15.749,1,cyclonic,SYNTHETIC_DEMO_DATA
3817,Kerala Coast,9.93505,76.11255,2026-04-09 08:31:18,29.752,0.702,2.223,15.941,0,none,SYNTHETIC_DEMO_DATA
3818,Andaman & Nicobar,11.95107,92.77604,2026-04-09 11:26:09,29.327,-0.423,1.532,9.805,0,none,SYNTHETIC_DEMO_DATA
3819,Gujarat Coast,22.10662,69.41774,2026-04-09 14:21:00,27.074,-1.176,1.063,4.075,1,anticyclonic,SYNTHETIC_DEMO_DATA
3820,Andaman & Nicobar,11.24916,92.66549,2026-04-09 17:15:51,29.189,-0.561,2.167,11.759,1,cyclonic,SYNTHETIC_DEMO_DATA
3821,Odisha Coast,19.71719,85.7249,2026-04-09 20:10:42,29.016,-0.734,1.709,8.915,0,none,SYNTHETIC_DEMO_DATA
3822,Sundarbans,22.24289,89.00043,2026-04-09 23:05:33,29.112,0.162,1.821,14.031,1,anticyclonic,SYNTHETIC_DEMO_DATA
3823,Mumbai Coast,19.15111,72.59748,2026-04-10 02:00:24,27.667,-1.083,1.927,10.397,1,cyclonic,SYNTHETIC_DEMO_DATA
3824,Odisha Coast,19.88233,86.02491,2026-04-10 04:55:15,29.882,0.132,1.307,19.512,1,anticyclonic,SYNTHETIC_DEMO_DATA
3825,Mumbai Coast,19.16317,72.52043,2026-04-10 07:50:06,28.501,-0.249,1.123,7.273,0,none,SYNTHETIC_DEMO_DATA
3826,Lakshadweep,10.53728,72.52284,2026-04-10 10:44:57,28.357,-0.893,0.569,7.024,0,none,SYNTHETIC_DEMO_DATA
3827,Chennai Coast,13.226,80.56694,2026-04-10 13:39:48,29.889,-0.061,0.999,9.984,0,none,SYNTHETIC_DEMO_DATA
3828,Mumbai Coast,18.80658,72.80903,2026-04-10 16:34:39,27.824,-0.926,1.646,13.311,0,none,SYNTHETIC_DEMO_DATA
3829,Gujarat Coast,22.10262,69.51106,2026-04-10 19:29:30,28.131,-0.119,1.693,4.137,0,none,SYNTHETIC_DEMO_DATA
3830,Odisha Coast,20.24282,85.87128,2026-04-10 22:24:21,28.824,-0.926,1.222,3.451,1,anticyclonic,SYNTHETIC_DEMO_DATA
3831,Andaman & Nicobar,11.76914,92.48185,2026-04-11 01:19:12,29.633,-0.117,0.879,12.25,0,none,SYNTHETIC_DEMO_DATA
3832,Visakhapatnam,17.50782,83.16738,2026-04-11 04:14:04,28.759,-0.491,1.048,6.96,0,none,SYNTHETIC_DEMO_DATA
3833,Andaman & Nicobar,11.65383,92.07787,2026-04-11 07:08:55,29.377,-0.373,1.546,9.69,1,anticyclonic,SYNTHETIC_DEMO_DATA
3834,Gujarat Coast,22.27738,69.49415,2026-04-11 10:03:46,27.91,-0.34,1.185,9.822,0,none,SYNTHETIC_DEMO_DATA
3835,Odisha Coast,19.85565,85.84844,2026-04-11 12:58:37,29.602,-0.148,1.696,11.258,0,none,SYNTHETIC_DEMO_DATA
3836,Goa Coast,15.52936,73.9076,2026-04-11 15:53:28,28.132,-0.818,1.762,7.554,1,anticyclonic,SYNTHETIC_DEMO_DATA
3837,Odisha Coast,20.09556,85.91655,2026-04-11 18:48:19,28.92,-0.83,1.163,12.315,1,cyclonic,SYNTHETIC_DEMO_DATA
3838,Mumbai Coast,19.11315,73.0621,2026-04-11 21:43:10,28.253,-0.497,1.128,9.734,0,none,SYNTHETIC_DEMO_DATA
3839,Lakshadweep,10.90227,72.50268,2026-04-12 00:38:01,29.59,0.34,1.327,12.935,0,none,SYNTHETIC_DEMO_DATA
3840,Lakshadweep,10.69821,72.69491,2026-04-12 03:32:52,29.921,0.671,0.373,7.795,0,none,SYNTHETIC_DEMO_DATA
3841,Andaman & Nicobar,11.35473,92.5052,2026-04-12 06:27:43,29.838,0.088,1.745,7.732,1,anticyclonic,SYNTHETIC_DEMO_DATA
3842,Kerala Coast,9.94617,75.76122,2026-04-12 09:22:34,28.924,-0.126,2.799,17.226,1,cyclonic,SYNTHETIC_DEMO_DATA
3843,Mumbai Coast,19.02755,72.94638,2026-04-12 12:17:25,28.611,-0.139,1.771,14.117,1,cyclonic,SYNTHETIC_DEMO_DATA
3844,Chennai Coast,13.09402,80.60176,2026-04-12 15:12:16,29.928,-0.022,1.4,6.484,0,none,SYNTHETIC_DEMO_DATA
3845,Lakshadweep,10.19347,72.7981,2026-04-12 18:07:07,29.572,0.322,0.632,6.57,0,none,SYNTHETIC_DEMO_DATA
3846,Kerala Coast,9.99454,76.50503,2026-04-12 21:01:58,29.211,0.161,0.723,12.983,0,none,SYNTHETIC_DEMO_DATA
3847,Goa Coast,15.4025,73.69334,2026-04-12 23:56:49,29.889,0.939,1.612,8.405,0,none,SYNTHETIC_DEMO_DATA
3848,Chennai Coast,13.1993,80.11051,2026-04-13 02:51:40,29.203,-0.747,2.102,14.518,0,none,SYNTHETIC_DEMO_DATA
3849,Goa Coast,15.67926,73.98862,2026-04-13 05:46:31,29.809,0.859,0.39,7.034,0,none,SYNTHETIC_DEMO_DATA
3850,Visakhapatnam,17.97699,83.3011,2026-04-13 08:41:23,29.683,0.433,1.268,9.529,0,none,SYNTHETIC_DEMO_DATA
3851,Goa Coast,15.36626,73.797,2026-04-13 11:36:14,29.268,0.318,1.906,12.807,0,none,SYNTHETIC_DEMO_DATA
3852,Sundarbans,21.84371,89.06089,2026-04-13 14:31:05,29.582,0.632,2.287,15.103,1,anticyclonic,SYNTHETIC_DEMO_DATA
3853,Odisha Coast,19.7445,85.70216,2026-04-13 17:25:56,29.283,-0.467,1.407,10.601,0,none,SYNTHETIC_DEMO_DATA
3854,Chennai Coast,12.79977,80.36202,2026-04-13 20:20:47,28.678,-1.272,1.119,4.82,0,none,SYNTHETIC_DEMO_DATA
3855,Kerala Coast,10.12618,76.17053,2026-04-13 23:15:38,30.08,1.03,1.104,7.174,1,anticyclonic,SYNTHETIC_DEMO_DATA
3856,Goa Coast,15.38206,73.87303,2026-04-14 02:10:29,28.565,-0.385,1.476,11.334,0,none,SYNTHETIC_DEMO_DATA
3857,Chennai Coast,13.13986,80.22979,2026-04-14 05:05:20,30.104,0.154,1.416,4.42,0,none,SYNTHETIC_DEMO_DATA
3858,Sundarbans,21.85986,89.14477,2026-04-14 08:00:11,29.892,0.942,1.756,18.097,0,none,SYNTHETIC_DEMO_DATA
3859,Chennai Coast,13.15057,80.32379,2026-04-14 10:55:02,31.089,1.139,1.261,7.527,0,none,SYNTHETIC_DEMO_DATA
3860,Kerala Coast,9.79371,75.78781,2026-04-14 13:49:53,29.027,-0.023,1.746,12.528,0,none,SYNTHETIC_DEMO_DATA
3861,Mumbai Coast,19.05291,72.48514,2026-04-14 16:44:44,27.159,-1.591,1.006,14.867,0,none,SYNTHETIC_DEMO_DATA
3862,Gujarat Coast,22.34856,69.54977,2026-04-14 19:39:35,28.649,0.399,1.053,5.754,0,none,SYNTHETIC_DEMO_DATA
3863,Visakhapatnam,17.24883,82.9665,2026-04-14 22:34:26,29.728,0.478,1.211,9.098,0,none,SYNTHETIC_DEMO_DATA
3864,Gujarat Coast,22.33792,69.32112,2026-04-15 01:29:17,28.06,-0.19,0.487,7.72,1,anticyclonic,SYNTHETIC_DEMO_DATA
3865,Gujarat Coast,22.13534,69.83075,2026-04-15 04:24:08,27.812,-0.438,1.453,10.236,0,none,SYNTHETIC_DEMO_DATA
3866,Goa Coast,15.70096,73.73817,2026-04-15 07:18:59,28.865,-0.085,1.124,10.622,0,none,SYNTHETIC_DEMO_DATA
3867,Mumbai Coast,18.80267,72.55047,2026-04-15 10:13:51,29.32,0.57,1.635,11.338,0,none,SYNTHETIC_DEMO_DATA
3868,Andaman & Nicobar,11.58517,92.66303,2026-04-15 13:08:42,30.137,0.387,1.673,12.501,1,cyclonic,SYNTHETIC_DEMO_DATA
3869,Visakhapatnam,17.79683,83.08274,2026-04-15 16:03:33,29.406,0.156,1.12,11.966,1,anticyclonic,SYNTHETIC_DEMO_DATA
3870,Goa Coast,15.45575,74.02769,2026-04-15 18:58:24,30.136,1.186,1.629,11.007,1,anticyclonic,SYNTHETIC_DEMO_DATA
3871,Sundarbans,21.99203,89.33489,2026-04-15 21:53:15,29.144,0.194,2.097,16.995,0,none,SYNTHETIC_DEMO_DATA
3872,Odisha Coast,19.56683,85.79224,2026-04-16 00:48:06,29.589,-0.161,1.952,16.446,0,none,SYNTHETIC_DEMO_DATA
3873,Andaman & Nicobar,11.72714,92.61197,2026-04-16 03:42:57,30.422,0.672,1.899,12.494,0,none,SYNTHETIC_DEMO_DATA
3874,Kerala Coast,9.7417,76.22832,2026-04-16 06:37:48,28.066,-0.984,1.448,8.021,0,none,SYNTHETIC_DEMO_DATA
3875,Gujarat Coast,22.44701,69.48942,2026-04-16 09:32:39,28.052,-0.198,1.276,8.163,1,anticyclonic,SYNTHETIC_DEMO_DATA
3876,Gujarat Coast,22.48872,69.30721,2026-04-16 12:27:30,28.086,-0.164,1.664,7.583,0,none,SYNTHETIC_DEMO_DATA
3877,Gujarat Coast,22.48184,69.49452,2026-04-16 15:22:21,28.222,-0.028,0.331,2.873,1,anticyclonic,SYNTHETIC_DEMO_DATA
3878,Visakhapatnam,17.52493,83.22145,2026-04-16 18:17:12,29.802,0.552,1.531,11.275,1,cyclonic,SYNTHETIC_DEMO_DATA
3879,Odisha Coast,19.84606,85.87567,2026-04-16 21:12:03,30.226,0.476,1.324,9.969,0,none,SYNTHETIC_DEMO_DATA
3880,Sundarbans,21.8048,88.93742,2026-04-17 00:06:54,29.268,0.318,2.064,11.439,0,none,SYNTHETIC_DEMO_DATA
3881,Andaman & Nicobar,11.96977,92.04346,2026-04-17 03:01:45,30.145,0.395,0.915,9.783,1,anticyclonic,SYNTHETIC_DEMO_DATA
3882,Visakhapatnam,17.69332,83.36362,2026-04-17 05:56:36,29.474,0.224,1.44,6.091,1,anticyclonic,SYNTHETIC_DEMO_DATA
3883,Mumbai Coast,19.10623,72.78393,2026-04-17 08:51:27,27.754,-0.996,1.804,11.673,1,cyclonic,SYNTHETIC_DEMO_DATA
3884,Kerala Coast,9.72528,76.54736,2026-04-17 11:46:19,28.43,-0.62,1.303,10.875,0,none,SYNTHETIC_DEMO_DATA
3885,Odisha Coast,19.76685,85.45203,2026-04-17 14:41:10,29.982,0.232,1.21,12.153,0,none,SYNTHETIC_DEMO_DATA
3886,Kerala Coast,9.93172,76.09825,2026-04-17 17:36:01,28.753,-0.297,1.842,10.042,0,none,SYNTHETIC_DEMO_DATA
3887,Sundarbans,21.91869,88.7516,2026-04-17 20:30:52,30.642,1.692,2.021,10.981,1,anticyclonic,SYNTHETIC_DEMO_DATA
3888,Odisha Coast,19.88493,85.73272,2026-04-17 23:25:43,31.019,1.269,1.441,5.743,0,none,SYNTHETIC_DEMO_DATA
3889,Odisha Coast,19.84935,85.74606,2026-04-18 02:20:34,28.714,-1.036,1.146,8.871,1,anticyclonic,SYNTHETIC_DEMO_DATA
3890,Andaman & Nicobar,11.80567,93.07314,2026-04-18 05:15:25,30.295,0.545,1.457,10.439,0,none,SYNTHETIC_DEMO_DATA
3891,Mumbai Coast,18.75284,72.72281,2026-04-18 08:10:16,29.908,1.158,1.534,9.541,0,none,SYNTHETIC_DEMO_DATA
3892,Lakshadweep,10.97095,72.26692,2026-04-18 11:05:07,28.71,-0.54,0.983,10.585,1,anticyclonic,SYNTHETIC_DEMO_DATA
3893,Kerala Coast,9.86686,76.09619,2026-04-18 13:59:58,29.561,0.511,1.691,13.392,0,none,SYNTHETIC_DEMO_DATA
3894,Visakhapatnam,18.15899,83.61779,2026-04-18 16:54:49,28.159,-1.091,0.867,6.875,1,anticyclonic,SYNTHETIC_DEMO_DATA
3895,Gujarat Coast,21.94696,69.83654,2026-04-18 19:49:40,27.595,-0.655,1.184,11.868,0,none,SYNTHETIC_DEMO_DATA
3896,Lakshadweep,10.21883,72.71475,2026-04-18 22:44:31,30.488,1.238,1.755,11.047,0,none,SYNTHETIC_DEMO_DATA
3897,Mumbai Coast,18.8143,72.98434,2026-04-19 01:39:22,28.354,-0.396,1.595,14.387,1,anticyclonic,SYNTHETIC_DEMO_DATA
3898,Sundarbans,21.62962,89.22614,2026-04-19 04:34:13,29.982,1.032,1.558,6.115,1,anticyclonic,SYNTHETIC_DEMO_DATA
3899,Chennai Coast,13.3413,79.92448,2026-04-19 07:29:04,30.166,0.216,1.402,6.407,1,cyclonic,SYNTHETIC_DEMO_DATA
3900,Lakshadweep,10.68177,72.76892,2026-04-19 10:23:55,29.515,0.265,1.144,9.764,1,anticyclonic,SYNTHETIC_DEMO_DATA
3901,Mumbai Coast,18.96929,73.05478,2026-04-19 13:18:47,29.787,1.037,0.892,10.312,0,none,SYNTHETIC_DEMO_DATA
3902,Lakshadweep,10.64738,72.55321,2026-04-19 16:13:38,28.584,-0.666,1.241,9.596,1,cyclonic,SYNTHETIC_DEMO_DATA
3903,Mumbai Coast,18.88955,73.05843,2026-04-19 19:08:29,29.575,0.825,1.442,11.012,0,none,SYNTHETIC_DEMO_DATA
3904,Sundarbans,21.44325,89.25823,2026-04-19 22:03:20,29.261,0.311,2.219,13.942,0,none,SYNTHETIC_DEMO_DATA
3905,Andaman & Nicobar,11.23863,92.70299,2026-04-20 00:58:11,29.68,-0.07,0.898,5.317,0,none,SYNTHETIC_DEMO_DATA
3906,Goa Coast,15.19108,73.92788,2026-04-20 03:53:02,29.351,0.401,1.515,13.615,0,none,SYNTHETIC_DEMO_DATA
3907,Goa Coast,15.57584,74.09727,2026-04-20 06:47:53,29.087,0.137,1.265,4.603,1,cyclonic,SYNTHETIC_DEMO_DATA
3908,Lakshadweep,10.44137,72.59945,2026-04-20 09:42:44,28.212,-1.038,0.903,0.576,1,anticyclonic,SYNTHETIC_DEMO_DATA
3909,Odisha Coast,19.68882,85.89525,2026-04-20 12:37:35,28.773,-0.977,0.61,11.042,0,none,SYNTHETIC_DEMO_DATA
3910,Lakshadweep,10.77378,72.5565,2026-04-20 15:32:26,30.327,1.077,1.767,8.966,1,cyclonic,SYNTHETIC_DEMO_DATA
3911,Visakhapatnam,17.75295,83.28691,2026-04-20 18:27:17,29.588,0.338,0.978,6.038,0,none,SYNTHETIC_DEMO_DATA
3912,Lakshadweep,10.29089,72.85409,2026-04-20 21:22:08,29.442,0.192,0.545,2.884,0,none,SYNTHETIC_DEMO_DATA
3913,Odisha Coast,20.02635,85.99128,2026-04-21 00:16:59,29.468,-0.282,2.255,13.83,0,none,SYNTHETIC_DEMO_DATA
3914,Mumbai Coast,19.06512,72.3569,2026-04-21 03:11:50,29.89,1.14,1.387,12.124,1,cyclonic,SYNTHETIC_DEMO_DATA
3915,Goa Coast,15.75074,73.87229,2026-04-21 06:06:41,28.781,-0.169,1.628,12.647,1,anticyclonic,SYNTHETIC_DEMO_DATA
3916,Sundarbans,21.96885,89.46007,2026-04-21 09:01:32,28.974,0.024,1.266,10.011,0,none,SYNTHETIC_DEMO_DATA
3917,Sundarbans,21.68515,89.17807,2026-04-21 11:56:23,29.928,0.978,1.319,10.154,0,none,SYNTHETIC_DEMO_DATA
3918,Andaman & Nicobar,11.68418,92.62167,2026-04-21 14:51:15,30.486,0.736,1.112,8.863,1,cyclonic,SYNTHETIC_DEMO_DATA
3919,Sundarbans,21.49924,88.83872,2026-04-21 17:46:06,29.008,0.058,1.659,13.346,0,none,SYNTHETIC_DEMO_DATA
3920,Gujarat Coast,22.34623,69.47367,2026-04-21 20:40:57,27.553,-0.697,2.06,7.056,0,none,SYNTHETIC_DEMO_DATA
3921,Lakshadweep,10.99126,72.55949,2026-04-21 23:35:48,28.732,-0.518,1.212,0.5,1,cyclonic,SYNTHETIC_DEMO_DATA
3922,Gujarat Coast,22.3563,69.21952,2026-04-22 02:30:39,29.793,1.543,1.141,10.17,0,none,SYNTHETIC_DEMO_DATA
3923,Kerala Coast,10.05117,76.39124,2026-04-22 05:25:30,29.002,-0.048,2.019,16.728,1,cyclonic,SYNTHETIC_DEMO_DATA
3924,Kerala Coast,9.78382,76.2531,2026-04-22 08:20:21,30.018,0.968,1.486,6.882,0,none,SYNTHETIC_DEMO_DATA
3925,Gujarat Coast,22.45092,69.60177,2026-04-22 11:15:12,27.235,-1.015,0.841,6.047,0,none,SYNTHETIC_DEMO_DATA
3926,Mumbai Coast,18.84022,72.9979,2026-04-22 14:10:03,30.126,1.376,1.528,9.751,1,cyclonic,SYNTHETIC_DEMO_DATA
3927,Mumbai Coast,18.87225,72.67688,2026-04-22 17:04:54,28.289,-0.461,0.8,6.359,0,none,SYNTHETIC_DEMO_DATA
3928,Odisha Coast,19.88673,85.6211,2026-04-22 19:59:45,28.455,-1.295,1.117,10.458,0,none,SYNTHETIC_DEMO_DATA
3929,Gujarat Coast,22.16059,69.65132,2026-04-22 22:54:36,28.117,-0.133,1.705,2.36,0,none,SYNTHETIC_DEMO_DATA
3930,Goa Coast,15.28556,73.829,2026-04-23 01:49:27,30.311,1.361,1.505,12.003,0,none,SYNTHETIC_DEMO_DATA
3931,Goa Coast,15.65636,73.80427,2026-04-23 04:44:18,28.573,-0.377,1.445,8.835,1,cyclonic,SYNTHETIC_DEMO_DATA
3932,Sundarbans,21.91655,89.23156,2026-04-23 07:39:09,30.175,1.225,2.554,10.399,1,cyclonic,SYNTHETIC_DEMO_DATA
3933,Goa Coast,14.9022,73.92755,2026-04-23 10:34:00,28.515,-0.435,1.57,13.795,0,none,SYNTHETIC_DEMO_DATA
3934,Goa Coast,15.17825,73.869,2026-04-23 13:28:51,27.887,-1.063,1.397,12.336,0,none,SYNTHETIC_DEMO_DATA
3935,Odisha Coast,19.60376,86.08023,2026-04-23 16:23:43,30.529,0.779,1.621,15.984,1,cyclonic,SYNTHETIC_DEMO_DATA
3936,Andaman & Nicobar,11.83662,92.84739,2026-04-23 19:18:34,29.436,-0.314,1.025,3.265,1,cyclonic,SYNTHETIC_DEMO_DATA
3937,Mumbai Coast,18.64815,72.72173,2026-04-23 22:13:25,27.914,-0.836,1.354,5.919,1,anticyclonic,SYNTHETIC_DEMO_DATA
3938,Kerala Coast,9.58246,76.08201,2026-04-24 01:08:16,27.937,-1.113,2.284,15.508,1,anticyclonic,SYNTHETIC_DEMO_DATA
3939,Goa Coast,15.24408,73.47039,2026-04-24 04:03:07,28.024,-0.926,1.223,4.064,0,none,SYNTHETIC_DEMO_DATA
3940,Mumbai Coast,19.19779,72.78749,2026-04-24 06:57:58,29.129,0.379,1.516,7.693,1,cyclonic,SYNTHETIC_DEMO_DATA
3941,Mumbai Coast,19.25011,72.99221,2026-04-24 09:52:49,28.295,-0.455,0.779,8.12,1,anticyclonic,SYNTHETIC_DEMO_DATA
3942,Chennai Coast,12.97288,80.28476,2026-04-24 12:47:40,30.107,0.157,1.674,13.384,0,none,SYNTHETIC_DEMO_DATA
3943,Lakshadweep,10.64956,72.66886,2026-04-24 15:42:31,29.887,0.637,1.521,8.107,0,none,SYNTHETIC_DEMO_DATA
3944,Lakshadweep,10.43768,72.55847,2026-04-24 18:37:22,28.686,-0.564,1.271,7.387,0,none,SYNTHETIC_DEMO_DATA
3945,Odisha Coast,19.82513,86.001,2026-04-24 21:32:13,29.078,-0.672,1.222,14.195,1,anticyclonic,SYNTHETIC_DEMO_DATA
3946,Goa Coast,15.16755,73.7866,2026-04-25 00:27:04,29.697,0.747,1.173,11.222,0,none,SYNTHETIC_DEMO_DATA
3947,Sundarbans,22.13578,89.18388,2026-04-25 03:21:55,28.652,-0.298,2.514,17.746,1,cyclonic,SYNTHETIC_DEMO_DATA
3948,Chennai Coast,13.19119,80.2291,2026-04-25 06:16:46,29.936,-0.014,1.14,8.475,0,none,SYNTHETIC_DEMO_DATA
3949,Lakshadweep,10.26489,72.58308,2026-04-25 09:11:37,29.959,0.709,0.875,5.066,1,anticyclonic,SYNTHETIC_DEMO_DATA
3950,Odisha Coast,19.85873,85.79275,2026-04-25 12:06:28,29.195,-0.555,2.016,17.055,0,none,SYNTHETIC_DEMO_DATA
3951,Chennai Coast,13.22129,80.35448,2026-04-25 15:01:19,28.883,-1.067,1.211,6.477,0,none,SYNTHETIC_DEMO_DATA
3952,Visakhapatnam,17.84225,83.23134,2026-04-25 17:56:10,28.133,-1.117,1.911,9.868,1,anticyclonic,SYNTHETIC_DEMO_DATA
3953,Goa Coast,15.6008,73.73538,2026-04-25 20:51:02,30.274,1.324,1.021,3.951,0,none,SYNTHETIC_DEMO_DATA
3954,Kerala Coast,9.85553,76.33576,2026-04-25 23:45:53,30.4,1.35,2.153,12.874,1,anticyclonic,SYNTHETIC_DEMO_DATA
3955,Mumbai Coast,18.9837,72.61596,2026-04-26 02:40:44,28.165,-0.585,1.894,11.814,1,anticyclonic,SYNTHETIC_DEMO_DATA
3956,Lakshadweep,10.70266,72.46904,2026-04-26 05:35:35,29.739,0.489,0.773,6.244,1,anticyclonic,SYNTHETIC_DEMO_DATA
3957,Mumbai Coast,18.94423,73.00234,2026-04-26 08:30:26,27.998,-0.752,1.742,9.984,0,none,SYNTHETIC_DEMO_DATA
3958,Goa Coast,15.70208,73.81591,2026-04-26 11:25:17,27.465,-1.485,1.407,12.363,0,none,SYNTHETIC_DEMO_DATA
3959,Sundarbans,22.3429,89.3471,2026-04-26 14:20:08,29.042,0.092,2.047,9.3,0,none,SYNTHETIC_DEMO_DATA
3960,Visakhapatnam,17.50316,83.30009,2026-04-26 17:14:59,28.966,-0.284,1.029,5.639,0,none,SYNTHETIC_DEMO_DATA
3961,Lakshadweep,10.39868,72.62595,2026-04-26 20:09:50,28.034,-1.216,0.941,4.705,1,anticyclonic,SYNTHETIC_DEMO_DATA
3962,Andaman & Nicobar,11.62617,92.9077,2026-04-26 23:04:41,28.498,-1.252,1.161,5.819,1,anticyclonic,SYNTHETIC_DEMO_DATA
3963,Gujarat Coast,22.13733,69.60934,2026-04-27 01:59:32,27.905,-0.345,1.321,10.263,1,cyclonic,SYNTHETIC_DEMO_DATA
3964,Chennai Coast,13.13944,80.1816,2026-04-27 04:54:23,30.033,0.083,0.897,10.673,0,none,SYNTHETIC_DEMO_DATA
3965,Odisha Coast,19.93763,85.80059,2026-04-27 07:49:14,29.922,0.172,1.741,8.409,0,none,SYNTHETIC_DEMO_DATA
3966,Andaman & Nicobar,11.67977,92.62837,2026-04-27 10:44:05,30.523,0.773,1.486,10.76,0,none,SYNTHETIC_DEMO_DATA
3967,Goa Coast,15.61418,74.05225,2026-04-27 13:38:56,28.53,-0.42,0.616,7.031,1,cyclonic,SYNTHETIC_DEMO_DATA
3968,Visakhapatnam,17.4601,83.31466,2026-04-27 16:33:47,27.774,-1.476,1.001,11.286,0,none,SYNTHETIC_DEMO_DATA
3969,Mumbai Coast,18.81913,72.78858,2026-04-27 19:28:38,29.297,0.547,1.572,10.5,1,cyclonic,SYNTHETIC_DEMO_DATA
3970,Gujarat Coast,22.31845,69.84089,2026-04-27 22:23:30,29.479,1.229,1.456,12.504,1,cyclonic,SYNTHETIC_DEMO_DATA
3971,Kerala Coast,10.05778,76.05815,2026-04-28 01:18:21,30.867,1.817,1.358,11.087,1,cyclonic,SYNTHETIC_DEMO_DATA
3972,Lakshadweep,10.47073,72.64742,2026-04-28 04:13:12,29.114,-0.136,1.169,9.021,1,anticyclonic,SYNTHETIC_DEMO_DATA
3973,Odisha Coast,19.7751,86.0206,2026-04-28 07:08:03,28.881,-0.869,1.055,8.334,1,anticyclonic,SYNTHETIC_DEMO_DATA
3974,Visakhapatnam,17.48906,83.27582,2026-04-28 10:02:54,29.331,0.081,1.594,8.626,0,none,SYNTHETIC_DEMO_DATA
3975,Sundarbans,21.88278,89.10147,2026-04-28 12:57:45,30.146,1.196,1.368,8.313,1,cyclonic,SYNTHETIC_DEMO_DATA
3976,Gujarat Coast,21.69191,69.56203,2026-04-28 15:52:36,29.678,1.428,1.542,4.137,1,anticyclonic,SYNTHETIC_DEMO_DATA
3977,Gujarat Coast,22.00646,69.47747,2026-04-28 18:47:27,28.237,-0.013,0.733,6.157,0,none,SYNTHETIC_DEMO_DATA
3978,Lakshadweep,10.65831,72.62435,2026-04-28 21:42:18,29.947,0.697,0.446,6.357,0,none,SYNTHETIC_DEMO_DATA
3979,Mumbai Coast,18.90414,72.94477,2026-04-29 00:37:09,29.951,1.201,1.229,8.168,1,anticyclonic,SYNTHETIC_DEMO_DATA
3980,Odisha Coast,19.63941,85.53571,2026-04-29 03:32:00,28.771,-0.979,1.777,19.499,1,anticyclonic,SYNTHETIC_DEMO_DATA
3981,Kerala Coast,9.88561,76.13731,2026-04-29 06:26:51,28.265,-0.785,1.379,7.124,1,cyclonic,SYNTHETIC_DEMO_DATA
3982,Sundarbans,22.18178,88.98822,2026-04-29 09:21:42,29.338,0.388,1.586,8.952,1,cyclonic,SYNTHETIC_DEMO_DATA
3983,Gujarat Coast,22.23088,69.36437,2026-04-29 12:16:33,28.159,-0.091,1.398,3.5,1,anticyclonic,SYNTHETIC_DEMO_DATA
3984,Gujarat Coast,22.21278,69.79453,2026-04-29 15:11:24,29.463,1.213,0.554,6.748,1,anticyclonic,SYNTHETIC_DEMO_DATA
3985,Andaman & Nicobar,11.62232,92.44723,2026-04-29 18:06:15,30.527,0.777,1.266,5.745,0,none,SYNTHETIC_DEMO_DATA
3986,Chennai Coast,13.0159,80.28765,2026-04-29 21:01:06,30.365,0.415,0.629,5.678,0,none,SYNTHETIC_DEMO_DATA
3987,Chennai Coast,12.94391,80.21127,2026-04-29 23:55:58,31.809,1.859,1.428,6.208,0,none,SYNTHETIC_DEMO_DATA
3988,Sundarbans,21.80601,89.52162,2026-04-30 02:50:49,28.624,-0.326,1.464,11.223,1,cyclonic,SYNTHETIC_DEMO_DATA
3989,Kerala Coast,10.39432,76.24771,2026-04-30 05:45:40,31.05,2.0,2.006,12.47,0,none,SYNTHETIC_DEMO_DATA
3990,Kerala Coast,10.13339,76.22223,2026-04-30 08:40:31,28.595,-0.455,1.846,15.993,1,anticyclonic,SYNTHETIC_DEMO_DATA
3991,Goa Coast,15.44676,73.73277,2026-04-30 11:35:22,28.224,-0.726,1.03,16.384,1,anticyclonic,SYNTHETIC_DEMO_DATA
3992,Goa Coast,15.43716,74.12184,2026-04-30 14:30:13,28.01,-0.94,1.222,11.711,0,none,SYNTHETIC_DEMO_DATA
3993,Odisha Coast,19.79422,85.98494,2026-04-30 17:25:04,30.659,0.909,1.012,10.129,1,cyclonic,SYNTHETIC_DEMO_DATA
3994,Visakhapatnam,17.62342,83.22388,2026-04-30 20:19:55,27.843,-1.407,1.668,7.353,0,none,SYNTHETIC_DEMO_DATA
3995,Mumbai Coast,19.13887,72.81078,2026-04-30 23:14:46,30.064,1.314,1.211,8.622,1,anticyclonic,SYNTHETIC_DEMO_DATA
3996,Chennai Coast,13.00946,80.31091,2026-05-01 02:09:37,29.446,-1.053,0.885,4.336,0,none,SYNTHETIC_DEMO_DATA
3997,Sundarbans,21.8241,88.85038,2026-05-01 05:04:28,28.766,-0.733,2.31,13.286,1,anticyclonic,SYNTHETIC_DEMO_DATA
3998,Andaman & Nicobar,11.43027,92.72649,2026-05-01 07:59:19,29.799,-0.5,1.345,8.978,0,none,SYNTHETIC_DEMO_DATA
3999,Goa Coast,15.57946,74.26666,2026-05-01 10:54:10,30.349,0.849,0.927,10.87,1,cyclonic,SYNTHETIC_DEMO_DATA
4000,Mumbai Coast,18.69429,72.64681,2026-05-01 13:49:01,30.337,1.038,1.282,14.156,0,none,SYNTHETIC_DEMO_DATA
4001,Chennai Coast,13.08567,80.3068,2026-05-01 16:43:52,31.432,0.933,1.814,13.194,0,none,SYNTHETIC_DEMO_DATA
4002,Andaman & Nicobar,11.89445,92.99311,2026-05-01 19:38:43,31.462,1.163,1.352,10.291,0,none,SYNTHETIC_DEMO_DATA
4003,Sundarbans,22.31305,89.22134,2026-05-01 22:33:34,30.356,0.856,1.537,8.506,1,anticyclonic,SYNTHETIC_DEMO_DATA
4004,Kerala Coast,10.08994,76.0963,2026-05-02 01:28:26,29.047,-0.552,2.688,12.003,0,none,SYNTHETIC_DEMO_DATA
4005,Andaman & Nicobar,11.67211,92.74205,2026-05-02 04:23:17,30.004,-0.295,0.696,4.291,1,cyclonic,SYNTHETIC_DEMO_DATA
4006,Lakshadweep,10.45905,72.79008,2026-05-02 07:18:08,30.963,1.164,1.627,11.005,0,none,SYNTHETIC_DEMO_DATA
4007,Visakhapatnam,17.48114,83.1681,2026-05-02 10:12:59,30.062,0.263,0.953,3.356,0,none,SYNTHETIC_DEMO_DATA
4008,Gujarat Coast,21.96017,69.22331,2026-05-02 13:07:50,28.406,-0.393,1.327,8.862,0,none,SYNTHETIC_DEMO_DATA
4009,Odisha Coast,19.69662,85.81819,2026-05-02 16:02:41,30.636,0.337,1.816,17.134,1,anticyclonic,SYNTHETIC_DEMO_DATA
4010,Odisha Coast,19.64487,85.80344,2026-05-02 18:57:32,31.656,1.357,1.109,9.127,1,anticyclonic,SYNTHETIC_DEMO_DATA
4011,Chennai Coast,12.98237,80.108,2026-05-02 21:52:23,28.45,-2.049,1.592,16.401,1,anticyclonic,SYNTHETIC_DEMO_DATA
4012,Andaman & Nicobar,11.6932,92.65416,2026-05-03 00:47:14,30.68,0.381,1.822,15.981,0,none,SYNTHETIC_DEMO_DATA
4013,Gujarat Coast,22.4079,69.74723,2026-05-03 03:42:05,28.497,-0.302,0.808,2.731,0,none,SYNTHETIC_DEMO_DATA
4014,Kerala Coast,9.8013,75.97687,2026-05-03 06:36:56,29.868,0.269,2.147,19.354,0,none,SYNTHETIC_DEMO_DATA
4015,Visakhapatnam,17.63889,82.77798,2026-05-03 09:31:47,30.181,0.382,0.782,4.184,0,none,SYNTHETIC_DEMO_DATA
4016,Odisha Coast,19.54988,85.84117,2026-05-03 12:26:38,30.665,0.366,1.166,7.36,1,cyclonic,SYNTHETIC_DEMO_DATA
4017,Visakhapatnam,18.15519,83.3425,2026-05-03 15:21:29,30.283,0.484,1.904,7.411,1,anticyclonic,SYNTHETIC_DEMO_DATA
4018,Odisha Coast,19.84971,85.79512,2026-05-03 18:16:20,30.342,0.043,1.423,8.3,1,anticyclonic,SYNTHETIC_DEMO_DATA
4019,Odisha Coast,19.65472,85.6479,2026-05-03 21:11:11,31.522,1.223,1.294,8.576,0,none,SYNTHETIC_DEMO_DATA
4020,Gujarat Coast,22.57744,69.24984,2026-05-04 00:06:02,29.059,0.26,1.451,11.2,0,none,SYNTHETIC_DEMO_DATA
4021,Odisha Coast,19.6484,86.22171,2026-05-04 03:00:54,29.628,-0.671,1.826,10.352,0,none,SYNTHETIC_DEMO_DATA
4022,Sundarbans,21.69844,89.46998,2026-05-04 05:55:45,30.375,0.876,1.607,9.242,1,anticyclonic,SYNTHETIC_DEMO_DATA
4023,Mumbai Coast,18.61676,72.6685,2026-05-04 08:50:36,28.77,-0.529,1.345,12.72,1,anticyclonic,SYNTHETIC_DEMO_DATA
4024,Visakhapatnam,17.53311,83.21573,2026-05-04 11:45:27,30.442,0.643,1.274,12.358,0,none,SYNTHETIC_DEMO_DATA
4025,Kerala Coast,9.75871,76.36422,2026-05-04 14:40:18,29.273,-0.326,1.171,12.927,0,none,SYNTHETIC_DEMO_DATA
4026,Odisha Coast,19.35446,85.88508,2026-05-04 17:35:09,30.511,0.212,0.729,7.612,0,none,SYNTHETIC_DEMO_DATA
4027,Visakhapatnam,17.68075,82.88175,2026-05-04 20:30:00,28.761,-1.038,1.203,9.706,1,cyclonic,SYNTHETIC_DEMO_DATA
4028,Kerala Coast,9.96177,76.5358,2026-05-04 23:24:51,31.14,1.541,1.848,16.724,0,none,SYNTHETIC_DEMO_DATA
4029,Gujarat Coast,22.0334,69.44127,2026-05-05 02:19:42,27.884,-0.915,0.866,5.557,1,cyclonic,SYNTHETIC_DEMO_DATA
4030,Kerala Coast,10.11225,76.34845,2026-05-05 05:14:33,29.429,-0.17,1.831,15.008,0,none,SYNTHETIC_DEMO_DATA
4031,Mumbai Coast,19.01371,72.6245,2026-05-05 08:09:24,30.311,1.012,2.185,17.6,1,cyclonic,SYNTHETIC_DEMO_DATA
4032,Mumbai Coast,19.06677,73.01834,2026-05-05 11:04:15,29.655,0.356,1.953,13.412,1,anticyclonic,SYNTHETIC_DEMO_DATA
4033,Visakhapatnam,17.71832,83.0453,2026-05-05 13:59:06,29.772,-0.027,1.104,4.989,1,cyclonic,SYNTHETIC_DEMO_DATA
4034,Visakhapatnam,17.40124,82.91558,2026-05-05 16:53:57,29.361,-0.438,1.017,7.04,1,anticyclonic,SYNTHETIC_DEMO_DATA
4035,Kerala Coast,9.84157,75.98154,2026-05-05 19:48:48,29.513,-0.086,1.999,11.672,0,none,SYNTHETIC_DEMO_DATA
4036,Sundarbans,21.68986,89.01741,2026-05-05 22:43:39,29.162,-0.337,1.271,8.823,0,none,SYNTHETIC_DEMO_DATA
4037,Gujarat Coast,22.1661,69.48846,2026-05-06 01:38:30,29.433,0.634,0.712,7.483,0,none,SYNTHETIC_DEMO_DATA
4038,Gujarat Coast,22.50817,69.57466,2026-05-06 04:33:22,29.428,0.629,1.47,8.022,0,none,SYNTHETIC_DEMO_DATA
4039,Chennai Coast,13.29734,80.28192,2026-05-06 07:28:13,30.664,0.165,1.025,4.081,1,anticyclonic,SYNTHETIC_DEMO_DATA
4040,Chennai Coast,13.3205,80.80147,2026-05-06 10:23:04,29.131,-1.368,1.353,13.687,1,anticyclonic,SYNTHETIC_DEMO_DATA
4041,Chennai Coast,13.06246,80.40016,2026-05-06 13:17:55,31.295,0.796,2.207,13.472,0,none,SYNTHETIC_DEMO_DATA
4042,Gujarat Coast,22.45715,69.33369,2026-05-06 16:12:46,28.084,-0.715,0.928,0.971,0,none,SYNTHETIC_DEMO_DATA
4043,Goa Coast,15.43909,73.93787,2026-05-06 19:07:37,30.612,1.112,1.556,8.94,0,none,SYNTHETIC_DEMO_DATA
4044,Odisha Coast,19.73849,85.83842,2026-05-06 22:02:28,29.573,-0.726,0.49,7.471,0,none,SYNTHETIC_DEMO_DATA
4045,Kerala Coast,9.56045,75.86732,2026-05-07 00:57:19,28.884,-0.715,1.716,5.135,1,cyclonic,SYNTHETIC_DEMO_DATA
4046,Sundarbans,21.90455,88.91953,2026-05-07 03:52:10,29.27,-0.229,1.901,19.412,1,cyclonic,SYNTHETIC_DEMO_DATA
4047,Kerala Coast,10.26827,76.1926,2026-05-07 06:47:01,29.116,-0.483,1.117,7.149,1,anticyclonic,SYNTHETIC_DEMO_DATA
4048,Visakhapatnam,17.55523,83.19022,2026-05-07 09:41:52,30.862,1.063,2.024,8.09,1,anticyclonic,SYNTHETIC_DEMO_DATA
4049,Chennai Coast,12.93307,80.12402,2026-05-07 12:36:43,31.102,0.603,0.706,4.066,0,none,SYNTHETIC_DEMO_DATA
4050,Kerala Coast,9.8287,76.10084,2026-05-07 15:31:34,31.124,1.525,1.329,10.314,0,none,SYNTHETIC_DEMO_DATA
4051,Chennai Coast,12.96528,80.44791,2026-05-07 18:26:25,29.495,-1.004,0.844,3.002,0,none,SYNTHETIC_DEMO_DATA
4052,Chennai Coast,12.89591,80.18113,2026-05-07 21:21:16,29.641,-0.858,1.755,6.851,1,cyclonic,SYNTHETIC_DEMO_DATA
4053,Goa Coast,15.54674,73.67032,2026-05-08 00:16:07,27.434,-2.065,0.63,5.565,0,none,SYNTHETIC_DEMO_DATA
4054,Andaman & Nicobar,11.61203,92.97998,2026-05-08 03:10:58,31.042,0.743,1.732,12.253,1,anticyclonic,SYNTHETIC_DEMO_DATA
4055,Sundarbans,21.67233,89.38963,2026-05-08 06:05:49,29.306,-0.193,1.418,11.831,1,anticyclonic,SYNTHETIC_DEMO_DATA
4056,Chennai Coast,13.2066,80.05207,2026-05-08 09:00:41,30.091,-0.408,1.796,13.369,1,anticyclonic,SYNTHETIC_DEMO_DATA
4057,Andaman & Nicobar,12.03649,93.08403,2026-05-08 11:55:32,31.164,0.865,1.639,16.371,1,cyclonic,SYNTHETIC_DEMO_DATA
4058,Mumbai Coast,18.85096,72.65542,2026-05-08 14:50:23,27.86,-1.439,1.478,11.886,0,none,SYNTHETIC_DEMO_DATA
4059,Visakhapatnam,17.75615,83.4319,2026-05-08 17:45:14,28.675,-1.124,1.468,15.191,1,anticyclonic,SYNTHETIC_DEMO_DATA
4060,Mumbai Coast,18.96516,72.80379,2026-05-08 20:40:05,29.521,0.222,1.105,9.114,0,none,SYNTHETIC_DEMO_DATA
4061,Odisha Coast,20.19935,85.76572,2026-05-08 23:34:56,30.973,0.674,1.661,12.083,1,cyclonic,SYNTHETIC_DEMO_DATA
4062,Sundarbans,21.91511,89.19959,2026-05-09 02:29:47,29.501,0.002,1.831,14.518,0,none,SYNTHETIC_DEMO_DATA
4063,Gujarat Coast,22.37835,69.30508,2026-05-09 05:24:38,27.471,-1.328,0.956,0.851,0,none,SYNTHETIC_DEMO_DATA
4064,Mumbai Coast,19.37052,72.87055,2026-05-09 08:19:29,29.183,-0.116,1.07,13.252,1,cyclonic,SYNTHETIC_DEMO_DATA
4065,Goa Coast,15.32987,73.96922,2026-05-09 11:14:20,28.418,-1.081,1.621,11.092,1,anticyclonic,SYNTHETIC_DEMO_DATA
4066,Chennai Coast,13.1361,80.17937,2026-05-09 14:09:11,32.19,1.691,1.2,0.783,1,anticyclonic,SYNTHETIC_DEMO_DATA
4067,Andaman & Nicobar,11.8362,92.46381,2026-05-09 17:04:02,29.708,-0.591,2.048,16.211,0,none,SYNTHETIC_DEMO_DATA
4068,Kerala Coast,10.26561,76.1004,2026-05-09 19:58:53,29.317,-0.282,0.963,11.632,1,cyclonic,SYNTHETIC_DEMO_DATA
4069,Goa Coast,15.60376,73.80402,2026-05-09 22:53:44,29.007,-0.492,1.172,10.038,0,none,SYNTHETIC_DEMO_DATA
4070,Odisha Coast,19.67651,85.77863,2026-05-10 01:48:35,29.444,-0.855,1.664,12.012,1,anticyclonic,SYNTHETIC_DEMO_DATA
4071,Sundarbans,22.14922,88.82233,2026-05-10 04:43:26,27.398,-2.101,1.559,10.717,0,none,SYNTHETIC_DEMO_DATA
4072,Goa Coast,15.67463,73.72303,2026-05-10 07:38:17,30.108,0.609,2.036,11.325,1,cyclonic,SYNTHETIC_DEMO_DATA
4073,Andaman & Nicobar,11.5949,92.84159,2026-05-10 10:33:09,29.835,-0.464,0.852,8.004,1,anticyclonic,SYNTHETIC_DEMO_DATA
4074,Lakshadweep,10.70809,72.77852,2026-05-10 13:28:00,28.198,-1.601,1.358,8.203,1,anticyclonic,SYNTHETIC_DEMO_DATA
4075,Chennai Coast,12.9327,80.29668,2026-05-10 16:22:51,29.806,-0.693,0.892,12.35,1,cyclonic,SYNTHETIC_DEMO_DATA
4076,Sundarbans,21.82516,89.62467,2026-05-10 19:17:42,29.486,-0.014,1.759,13.146,0,none,SYNTHETIC_DEMO_DATA
4077,Lakshadweep,10.17824,72.39428,2026-05-10 22:12:33,30.151,0.352,1.125,10.153,1,anticyclonic,SYNTHETIC_DEMO_DATA
4078,Gujarat Coast,22.10232,69.81143,2026-05-11 01:07:24,29.916,1.117,0.799,6.111,0,none,SYNTHETIC_DEMO_DATA
4079,Visakhapatnam,17.99689,83.14913,2026-05-11 04:02:15,28.655,-1.144,1.257,14.784,1,cyclonic,SYNTHETIC_DEMO_DATA
4080,Goa Coast,15.32093,73.70787,2026-05-11 06:57:06,28.537,-0.962,1.285,10.09,0,none,SYNTHETIC_DEMO_DATA
4081,Lakshadweep,10.44155,72.7758,2026-05-11 09:51:57,30.208,0.409,1.024,8.137,1,anticyclonic,SYNTHETIC_DEMO_DATA
4082,Visakhapatnam,17.56037,82.95541,2026-05-11 12:46:48,30.025,0.226,1.686,7.68,0,none,SYNTHETIC_DEMO_DATA
4083,Goa Coast,15.40427,73.96677,2026-05-11 15:41:39,30.417,0.918,0.888,5.295,0,none,SYNTHETIC_DEMO_DATA
4084,Goa Coast,15.76309,73.64178,2026-05-11 18:36:30,29.809,0.31,1.653,8.018,1,cyclonic,SYNTHETIC_DEMO_DATA
4085,Mumbai Coast,18.89573,72.89522,2026-05-11 21:31:21,28.323,-0.976,1.381,13.361,0,none,SYNTHETIC_DEMO_DATA
4086,Gujarat Coast,22.27599,69.52316,2026-05-12 00:26:12,28.704,-0.095,1.422,7.385,0,none,SYNTHETIC_DEMO_DATA
4087,Visakhapatnam,17.76014,83.19575,2026-05-12 03:21:03,28.485,-1.314,1.254,6.606,1,cyclonic,SYNTHETIC_DEMO_DATA
4088,Lakshadweep,10.7528,72.82885,2026-05-12 06:15:54,29.419,-0.38,1.26,12.313,1,cyclonic,SYNTHETIC_DEMO_DATA
4089,Lakshadweep,10.34127,72.45793,2026-05-12 09:10:45,30.878,1.079,2.265,11.1,0,none,SYNTHETIC_DEMO_DATA
4090,Lakshadweep,11.06411,73.01581,2026-05-12 12:05:37,29.933,0.134,2.125,12.744,0,none,SYNTHETIC_DEMO_DATA
4091,Goa Coast,15.64195,73.64517,2026-05-12 15:00:28,30.763,1.264,1.017,4.791,0,none,SYNTHETIC_DEMO_DATA
4092,Sundarbans,21.8797,88.93652,2026-05-12 17:55:19,29.221,-0.278,2.242,20.588,0,none,SYNTHETIC_DEMO_DATA
4093,Chennai Coast,13.07066,80.35253,2026-05-12 20:50:10,29.693,-0.807,1.183,13.581,0,none,SYNTHETIC_DEMO_DATA
4094,Kerala Coast,9.98166,76.06997,2026-05-12 23:45:01,28.332,-1.267,1.902,15.513,1,anticyclonic,SYNTHETIC_DEMO_DATA
4095,Lakshadweep,10.55836,72.37503,2026-05-13 02:39:52,28.328,-1.471,1.516,9.389,0,none,SYNTHETIC_DEMO_DATA
4096,Mumbai Coast,19.02106,73.10375,2026-05-13 05:34:43,29.01,-0.289,2.265,14.359,1,anticyclonic,SYNTHETIC_DEMO_DATA
4097,Mumbai Coast,18.8727,72.84243,2026-05-13 08:29:34,29.909,0.61,1.411,12.553,0,none,SYNTHETIC_DEMO_DATA
4098,Odisha Coast,19.69815,85.64824,2026-05-13 11:24:25,30.526,0.227,1.498,9.217,0,none,SYNTHETIC_DEMO_DATA
4099,Goa Coast,15.2097,73.88388,2026-05-13 14:19:16,30.495,0.996,0.363,4.929,0,none,SYNTHETIC_DEMO_DATA
4100,Chennai Coast,13.18441,80.18783,2026-05-13 17:14:07,30.006,-0.493,1.588,6.989,0,none,SYNTHETIC_DEMO_DATA
4101,Sundarbans,22.10582,89.19538,2026-05-13 20:08:58,28.755,-0.744,1.058,11.589,1,cyclonic,SYNTHETIC_DEMO_DATA
4102,Lakshadweep,10.83213,72.69049,2026-05-13 23:03:49,28.96,-0.839,1.112,6.437,0,none,SYNTHETIC_DEMO_DATA
4103,Odisha Coast,19.79188,85.84123,2026-05-14 01:58:40,29.975,-0.324,1.299,11.998,0,none,SYNTHETIC_DEMO_DATA
4104,Sundarbans,22.05467,89.20497,2026-05-14 04:53:31,30.189,0.69,1.729,8.414,1,anticyclonic,SYNTHETIC_DEMO_DATA
4105,Sundarbans,21.79347,89.23231,2026-05-14 07:48:22,29.165,-0.334,2.124,13.556,0,none,SYNTHETIC_DEMO_DATA
4106,Kerala Coast,10.07607,76.33341,2026-05-14 10:43:13,29.764,0.165,1.359,5.811,1,anticyclonic,SYNTHETIC_DEMO_DATA
4107,Odisha Coast,19.86047,86.19867,2026-05-14 13:38:05,31.231,0.932,0.927,9.951,1,cyclonic,SYNTHETIC_DEMO_DATA
4108,Andaman & Nicobar,11.89659,92.42423,2026-05-14 16:32:56,29.776,-0.523,1.924,11.488,0,none,SYNTHETIC_DEMO_DATA
4109,Mumbai Coast,19.13056,72.7093,2026-05-14 19:27:47,28.143,-1.156,0.978,2.926,0,none,SYNTHETIC_DEMO_DATA
4110,Chennai Coast,13.22651,80.4465,2026-05-14 22:22:38,30.437,-0.062,0.368,2.334,0,none,SYNTHETIC_DEMO_DATA
4111,Sundarbans,22.01717,89.20256,2026-05-15 01:17:29,30.668,1.169,1.434,11.192,0,none,SYNTHETIC_DEMO_DATA
4112,Kerala Coast,9.94764,76.22708,2026-05-15 04:12:20,30.155,0.556,1.687,10.316,1,anticyclonic,SYNTHETIC_DEMO_DATA
4113,Odisha Coast,19.77264,85.95938,2026-05-15 07:07:11,29.959,-0.34,2.405,18.931,0,none,SYNTHETIC_DEMO_DATA
4114,Lakshadweep,10.90444,72.32912,2026-05-15 10:02:02,29.578,-0.221,1.503,12.929,0,none,SYNTHETIC_DEMO_DATA
4115,Visakhapatnam,17.58894,83.52829,2026-05-15 12:56:53,28.441,-1.358,1.183,3.69,0,none,SYNTHETIC_DEMO_DATA
4116,Kerala Coast,9.61499,76.72476,2026-05-15 15:51:44,28.696,-0.903,1.774,15.348,0,none,SYNTHETIC_DEMO_DATA
4117,Sundarbans,21.81712,88.84537,2026-05-15 18:46:35,29.708,0.209,0.946,14.67,0,none,SYNTHETIC_DEMO_DATA
4118,Odisha Coast,19.84479,85.55867,2026-05-15 21:41:26,30.714,0.415,1.198,6.723,1,cyclonic,SYNTHETIC_DEMO_DATA
4119,Visakhapatnam,17.22604,83.08406,2026-05-16 00:36:17,29.938,0.139,0.844,12.645,0,none,SYNTHETIC_DEMO_DATA
4120,Sundarbans,22.1039,89.02772,2026-05-16 03:31:08,28.869,-0.63,0.729,5.217,0,none,SYNTHETIC_DEMO_DATA
4121,Goa Coast,15.22124,73.47307,2026-05-16 06:25:59,27.578,-1.921,0.202,6.762,0,none,SYNTHETIC_DEMO_DATA
4122,Lakshadweep,10.52148,72.81107,2026-05-16 09:20:50,29.245,-0.554,1.414,2.559,1,anticyclonic,SYNTHETIC_DEMO_DATA
4123,Lakshadweep,10.59367,72.45136,2026-05-16 12:15:41,29.769,-0.03,1.38,9.974,0,none,SYNTHETIC_DEMO_DATA
4124,Visakhapatnam,17.7607,83.33609,2026-05-16 15:10:33,30.216,0.417,1.399,7.728,0,none,SYNTHETIC_DEMO_DATA
4125,Goa Coast,15.64258,73.3999,2026-05-16 18:05:24,28.942,-0.557,1.364,13.668,0,none,SYNTHETIC_DEMO_DATA
4126,Mumbai Coast,18.79184,73.19185,2026-05-16 21:00:15,29.283,-0.016,0.952,7.575,0,none,SYNTHETIC_DEMO_DATA
4127,Sundarbans,21.86511,89.08343,2026-05-16 23:55:06,30.024,0.525,1.492,13.736,1,anticyclonic,SYNTHETIC_DEMO_DATA
4128,Sundarbans,21.72437,89.53089,2026-05-17 02:49:57,30.49,0.991,1.667,13.328,1,anticyclonic,SYNTHETIC_DEMO_DATA
4129,Mumbai Coast,18.71427,72.90019,2026-05-17 05:44:48,28.038,-1.261,1.5,7.621,0,none,SYNTHETIC_DEMO_DATA
4130,Kerala Coast,9.52131,76.17332,2026-05-17 08:39:39,29.651,0.051,1.549,11.771,1,cyclonic,SYNTHETIC_DEMO_DATA
4131,Sundarbans,21.93765,89.21386,2026-05-17 11:34:30,30.904,1.405,1.54,16.108,1,cyclonic,SYNTHETIC_DEMO_DATA
4132,Lakshadweep,10.47834,72.43765,2026-05-17 14:29:21,28.966,-0.833,1.495,9.501,1,anticyclonic,SYNTHETIC_DEMO_DATA
4133,Goa Coast,15.77482,73.73103,2026-05-17 17:24:12,29.878,0.379,0.849,4.394,1,cyclonic,SYNTHETIC_DEMO_DATA
4134,Mumbai Coast,19.23492,72.94489,2026-05-17 20:19:03,29.126,-0.173,1.605,7.286,0,none,SYNTHETIC_DEMO_DATA
4135,Lakshadweep,10.61524,72.42686,2026-05-17 23:13:54,30.619,0.82,1.429,11.59,0,none,SYNTHETIC_DEMO_DATA
4136,Lakshadweep,10.63421,72.6208,2026-05-18 02:08:45,31.049,1.25,1.352,7.583,1,anticyclonic,SYNTHETIC_DEMO_DATA
4137,Lakshadweep,10.38685,72.71961,2026-05-18 05:03:36,28.056,-1.743,1.394,7.51,1,cyclonic,SYNTHETIC_DEMO_DATA
4138,Visakhapatnam,17.86599,82.99029,2026-05-18 07:58:27,31.032,1.233,1.57,13.997,1,anticyclonic,SYNTHETIC_DEMO_DATA
4139,Andaman & Nicobar,11.48471,92.64091,2026-05-18 10:53:18,31.431,1.132,1.679,15.697,1,cyclonic,SYNTHETIC_DEMO_DATA
4140,Mumbai Coast,19.21427,73.04144,2026-05-18 13:48:09,31.639,2.34,1.512,13.543,1,anticyclonic,SYNTHETIC_DEMO_DATA
4141,Goa Coast,15.50159,74.07049,2026-05-18 16:43:00,29.152,-0.347,1.562,10.897,0,none,SYNTHETIC_DEMO_DATA
4142,Andaman & Nicobar,11.90971,92.87716,2026-05-18 19:37:52,31.644,1.345,1.522,11.575,1,anticyclonic,SYNTHETIC_DEMO_DATA
4143,Odisha Coast,19.92815,85.63967,2026-05-18 22:32:43,30.277,-0.022,0.894,12.13,0,none,SYNTHETIC_DEMO_DATA
4144,Kerala Coast,9.92853,76.20548,2026-05-19 01:27:34,29.297,-0.302,1.418,9.266,1,cyclonic,SYNTHETIC_DEMO_DATA
4145,Odisha Coast,20.02689,85.63603,2026-05-19 04:22:25,30.976,0.677,2.164,16.137,1,cyclonic,SYNTHETIC_DEMO_DATA
4146,Visakhapatnam,17.69283,83.38689,2026-05-19 07:17:16,30.187,0.388,1.17,12.199,1,cyclonic,SYNTHETIC_DEMO_DATA
4147,Kerala Coast,9.81301,76.15003,2026-05-19 10:12:07,29.772,0.173,0.531,5.516,0,none,SYNTHETIC_DEMO_DATA
4148,Andaman & Nicobar,11.42496,92.91872,2026-05-19 13:06:58,29.786,-0.513,1.36,9.594,1,anticyclonic,SYNTHETIC_DEMO_DATA
4149,Andaman & Nicobar,11.71633,92.49687,2026-05-19 16:01:49,30.021,-0.278,1.537,8.404,0,none,SYNTHETIC_DEMO_DATA
4150,Chennai Coast,13.25367,80.45522,2026-05-19 18:56:40,30.824,0.325,1.269,9.687,0,none,SYNTHETIC_DEMO_DATA
4151,Chennai Coast,13.22478,80.36005,2026-05-19 21:51:31,30.344,-0.155,1.433,5.055,0,none,SYNTHETIC_DEMO_DATA
4152,Mumbai Coast,19.28035,73.16071,2026-05-20 00:46:22,30.022,0.723,1.792,15.948,0,none,SYNTHETIC_DEMO_DATA
4153,Lakshadweep,10.63511,72.57785,2026-05-20 03:41:13,31.87,2.071,0.98,0.967,1,cyclonic,SYNTHETIC_DEMO_DATA
4154,Lakshadweep,10.49549,72.37509,2026-05-20 06:36:04,29.549,-0.25,1.699,17.099,0,none,SYNTHETIC_DEMO_DATA
4155,Visakhapatnam,17.66522,83.29152,2026-05-20 09:30:55,29.498,-0.301,0.433,1.577,0,none,SYNTHETIC_DEMO_DATA
4156,Odisha Coast,19.87232,85.74089,2026-05-20 12:25:46,29.496,-0.803,1.48,10.947,1,cyclonic,SYNTHETIC_DEMO_DATA
4157,Goa Coast,15.51385,73.92696,2026-05-20 15:20:37,29.4,-0.099,1.226,10.238,0,none,SYNTHETIC_DEMO_DATA
4158,Chennai Coast,12.70474,80.17001,2026-05-20 18:15:28,31.089,0.59,1.067,5.224,1,anticyclonic,SYNTHETIC_DEMO_DATA
4159,Odisha Coast,19.73731,86.01339,2026-05-20 21:10:20,30.371,0.072,0.924,10.647,0,none,SYNTHETIC_DEMO_DATA
4160,Sundarbans,22.42571,88.91647,2026-05-21 00:05:11,29.995,0.496,1.924,12.044,1,anticyclonic,SYNTHETIC_DEMO_DATA
4161,Kerala Coast,10.19214,76.04366,2026-05-21 03:00:02,29.665,0.066,1.946,7.308,0,none,SYNTHETIC_DEMO_DATA
4162,Chennai Coast,13.13139,80.22878,2026-05-21 05:54:53,29.608,-0.891,0.802,5.925,1,anticyclonic,SYNTHETIC_DEMO_DATA
4163,Mumbai Coast,18.79147,72.675,2026-05-21 08:49:44,29.542,0.243,1.809,7.573,0,none,SYNTHETIC_DEMO_DATA
4164,Visakhapatnam,17.52366,83.23229,2026-05-21 11:44:35,29.241,-0.558,0.865,9.34,0,none,SYNTHETIC_DEMO_DATA
4165,Goa Coast,15.22988,73.55044,2026-05-21 14:39:26,30.791,1.292,1.234,11.674,0,none,SYNTHETIC_DEMO_DATA
4166,Gujarat Coast,22.29785,69.90491,2026-05-21 17:34:17,28.981,0.182,0.913,7.443,0,none,SYNTHETIC_DEMO_DATA
4167,Kerala Coast,10.18198,76.13527,2026-05-21 20:29:08,30.214,0.615,1.831,10.963,0,none,SYNTHETIC_DEMO_DATA
4168,Odisha Coast,19.74146,86.05931,2026-05-21 23:23:59,29.533,-0.766,1.503,8.811,1,cyclonic,SYNTHETIC_DEMO_DATA
4169,Mumbai Coast,18.92333,72.70415,2026-05-22 02:18:50,28.826,-0.473,0.956,6.737,0,none,SYNTHETIC_DEMO_DATA
4170,Gujarat Coast,22.29027,69.55662,2026-05-22 05:13:41,27.422,-1.377,0.739,5.327,0,none,SYNTHETIC_DEMO_DATA
4171,Chennai Coast,13.18144,80.21046,2026-05-22 08:08:32,30.808,0.309,1.671,14.548,1,anticyclonic,SYNTHETIC_DEMO_DATA
4172,Visakhapatnam,17.86899,83.25417,2026-05-22 11:03:23,28.869,-0.93,1.21,12.133,0,none,SYNTHETIC_DEMO_DATA
4173,Mumbai Coast,19.1803,72.87838,2026-05-22 13:58:14,27.877,-1.423,1.537,9.074,1,anticyclonic,SYNTHETIC_DEMO_DATA
4174,Chennai Coast,13.10412,80.34359,2026-05-22 16:53:05,31.478,0.979,0.991,8.817,1,anticyclonic,SYNTHETIC_DEMO_DATA
4175,Kerala Coast,9.5951,76.3554,2026-05-22 19:47:56,30.0,0.401,2.037,14.876,0,none,SYNTHETIC_DEMO_DATA
4176,Chennai Coast,13.25086,80.28399,2026-05-22 22:42:48,31.901,1.402,0.555,4.756,0,none,SYNTHETIC_DEMO_DATA
4177,Chennai Coast,13.00611,80.24968,2026-05-23 01:37:39,30.92,0.421,1.914,11.37,0,none,SYNTHETIC_DEMO_DATA
4178,Goa Coast,15.29726,73.7788,2026-05-23 04:32:30,29.693,0.194,1.121,7.686,0,none,SYNTHETIC_DEMO_DATA
4179,Kerala Coast,10.12661,76.72487,2026-05-23 07:27:21,29.475,-0.124,1.417,8.617,0,none,SYNTHETIC_DEMO_DATA
4180,Kerala Coast,9.72075,76.29218,2026-05-23 10:22:12,28.632,-0.967,1.652,14.428,1,cyclonic,SYNTHETIC_DEMO_DATA
4181,Gujarat Coast,22.08897,69.67785,2026-05-23 13:17:03,29.541,0.742,1.38,12.924,0,none,SYNTHETIC_DEMO_DATA
4182,Chennai Coast,13.03233,80.03162,2026-05-23 16:11:54,30.505,0.006,0.817,9.142,0,none,SYNTHETIC_DEMO_DATA
4183,Odisha Coast,19.54939,85.80978,2026-05-23 19:06:45,31.266,0.966,1.146,5.456,1,cyclonic,SYNTHETIC_DEMO_DATA
4184,Andaman & Nicobar,11.869,92.86053,2026-05-23 22:01:36,30.46,0.161,1.849,17.556,1,cyclonic,SYNTHETIC_DEMO_DATA
4185,Sundarbans,21.78498,89.30584,2026-05-24 00:56:27,29.377,-0.122,1.17,7.945,0,none,SYNTHETIC_DEMO_DATA
4186,Mumbai Coast,19.0107,72.8607,2026-05-24 03:51:18,29.331,0.032,1.213,4.182,0,none,SYNTHETIC_DEMO_DATA
4187,Visakhapatnam,17.48408,83.37652,2026-05-24 06:46:09,30.191,0.392,0.644,4.238,1,cyclonic,SYNTHETIC_DEMO_DATA
4188,Visakhapatnam,18.12957,82.94769,2026-05-24 09:41:00,29.808,0.009,1.186,3.11,0,none,SYNTHETIC_DEMO_DATA
4189,Sundarbans,22.32129,88.99508,2026-05-24 12:35:51,30.266,0.767,0.845,8.742,1,cyclonic,SYNTHETIC_DEMO_DATA
4190,Lakshadweep,10.81859,72.64489,2026-05-24 15:30:42,29.308,-0.491,0.55,7.378,0,none,SYNTHETIC_DEMO_DATA
4191,Kerala Coast,9.92589,76.33611,2026-05-24 18:25:33,28.863,-0.736,1.267,10.468,1,anticyclonic,SYNTHETIC_DEMO_DATA
4192,Chennai Coast,13.14574,80.38363,2026-05-24 21:20:24,29.501,-0.998,1.002,8.657,1,cyclonic,SYNTHETIC_DEMO_DATA
4193,Goa Coast,15.46474,73.60266,2026-05-25 00:15:16,29.438,-0.061,0.456,3.662,1,cyclonic,SYNTHETIC_DEMO_DATA
4194,Sundarbans,22.17513,89.21789,2026-05-25 03:10:07,30.38,0.881,1.855,15.271,0,none,SYNTHETIC_DEMO_DATA
4195,Mumbai Coast,18.909,72.56226,2026-05-25 06:04:58,28.74,-0.559,1.712,16.187,1,cyclonic,SYNTHETIC_DEMO_DATA
4196,Kerala Coast,9.86762,76.22546,2026-05-25 08:59:49,27.583,-2.016,1.609,17.045,1,anticyclonic,SYNTHETIC_DEMO_DATA
4197,Mumbai Coast,19.34589,72.66508,2026-05-25 11:54:40,28.706,-0.593,1.029,8.161,1,cyclonic,SYNTHETIC_DEMO_DATA
4198,Odisha Coast,19.7876,85.55924,2026-05-25 14:49:31,29.917,-0.382,1.776,8.594,0,none,SYNTHETIC_DEMO_DATA
4199,Lakshadweep,10.51782,72.65557,2026-05-25 17:44:22,31.572,1.773,1.631,9.575,0,none,SYNTHETIC_DEMO_DATA
4200,Visakhapatnam,17.79675,83.3441,2026-05-25 20:39:13,30.741,0.942,1.815,3.173,0,none,SYNTHETIC_DEMO_DATA
4201,Gujarat Coast,22.25109,69.23313,2026-05-25 23:34:04,27.177,-1.622,1.871,12.501,0,none,SYNTHETIC_DEMO_DATA
4202,Goa Coast,15.3656,74.04081,2026-05-26 02:28:55,29.163,-0.336,1.868,12.532,0,none,SYNTHETIC_DEMO_DATA
4203,Chennai Coast,13.19601,80.61201,2026-05-26 05:23:46,30.901,0.402,1.079,4.239,0,none,SYNTHETIC_DEMO_DATA
4204,Odisha Coast,19.83821,85.83258,2026-05-26 08:18:37,29.85,-0.449,1.662,13.828,1,cyclonic,SYNTHETIC_DEMO_DATA
4205,Visakhapatnam,17.61046,83.29486,2026-05-26 11:13:28,29.151,-0.648,1.492,7.629,1,cyclonic,SYNTHETIC_DEMO_DATA
4206,Andaman & Nicobar,11.41907,92.51022,2026-05-26 14:08:19,31.043,0.744,1.735,10.759,0,none,SYNTHETIC_DEMO_DATA
4207,Lakshadweep,10.50412,72.31823,2026-05-26 17:03:10,30.231,0.432,2.064,14.458,1,anticyclonic,SYNTHETIC_DEMO_DATA
4208,Lakshadweep,10.67362,72.497,2026-05-26 19:58:01,29.209,-0.59,0.895,10.302,0,none,SYNTHETIC_DEMO_DATA
4209,Visakhapatnam,17.84234,83.24712,2026-05-26 22:52:52,30.82,1.021,1.641,11.273,0,none,SYNTHETIC_DEMO_DATA
4210,Gujarat Coast,22.05478,69.67485,2026-05-27 01:47:44,31.017,2.218,0.872,7.674,1,cyclonic,SYNTHETIC_DEMO_DATA
4211,Odisha Coast,19.98553,86.04847,2026-05-27 04:42:35,30.533,0.234,1.785,18.879,0,none,SYNTHETIC_DEMO_DATA
4212,Goa Coast,15.61216,73.83639,2026-05-27 07:37:26,29.115,-0.384,1.957,7.284,1,anticyclonic,SYNTHETIC_DEMO_DATA
4213,Kerala Coast,9.47703,76.14327,2026-05-27 10:32:17,28.366,-1.233,1.924,19.164,1,cyclonic,SYNTHETIC_DEMO_DATA
4214,Goa Coast,15.5837,73.87926,2026-05-27 13:27:08,28.786,-0.713,1.69,10.367,0,none,SYNTHETIC_DEMO_DATA
4215,Gujarat Coast,22.32758,69.91974,2026-05-27 16:21:59,30.484,1.685,1.061,11.8,0,none,SYNTHETIC_DEMO_DATA
4216,Lakshadweep,10.55229,72.70997,2026-05-27 19:16:50,30.456,0.657,1.647,14.132,0,none,SYNTHETIC_DEMO_DATA
4217,Kerala Coast,10.16392,75.94822,2026-05-27 22:11:41,29.713,0.114,1.361,12.621,0,none,SYNTHETIC_DEMO_DATA
4218,Chennai Coast,13.29191,79.82317,2026-05-28 01:06:32,30.322,-0.177,1.052,7.713,1,anticyclonic,SYNTHETIC_DEMO_DATA
4219,Mumbai Coast,19.54493,72.79146,2026-05-28 04:01:23,29.941,0.642,0.744,8.712,0,none,SYNTHETIC_DEMO_DATA
4220,Odisha Coast,19.94136,85.96086,2026-05-28 06:56:14,31.901,1.602,2.849,20.841,1,cyclonic,SYNTHETIC_DEMO_DATA
4221,Odisha Coast,19.87334,85.92768,2026-05-28 09:51:05,28.866,-1.434,1.98,16.279,1,cyclonic,SYNTHETIC_DEMO_DATA
4222,Mumbai Coast,18.7587,72.7134,2026-05-28 12:45:56,27.746,-1.553,1.844,10.882,1,cyclonic,SYNTHETIC_DEMO_DATA
4223,Andaman & Nicobar,11.61472,92.44259,2026-05-28 15:40:47,30.917,0.618,0.828,4.475,1,anticyclonic,SYNTHETIC_DEMO_DATA
4224,Mumbai Coast,19.14578,72.78782,2026-05-28 18:35:38,29.087,-0.212,1.949,11.604,1,cyclonic,SYNTHETIC_DEMO_DATA
4225,Goa Coast,15.41201,73.98072,2026-05-28 21:30:29,30.008,0.509,0.574,7.564,0,none,SYNTHETIC_DEMO_DATA
4226,Odisha Coast,19.53007,85.75209,2026-05-29 00:25:20,29.216,-1.083,1.526,7.111,1,cyclonic,SYNTHETIC_DEMO_DATA
4227,Kerala Coast,9.75921,76.40212,2026-05-29 03:20:12,30.621,1.022,1.406,8.279,0,none,SYNTHETIC_DEMO_DATA
4228,Gujarat Coast,22.21536,69.56886,2026-05-29 06:15:03,29.196,0.397,2.016,13.318,0,none,SYNTHETIC_DEMO_DATA
4229,Chennai Coast,13.13856,79.86026,2026-05-29 09:09:54,28.827,-1.672,1.5,5.931,1,anticyclonic,SYNTHETIC_DEMO_DATA
4230,Sundarbans,21.97631,89.21687,2026-05-29 12:04:45,29.664,0.165,2.012,12.888,1,anticyclonic,SYNTHETIC_DEMO_DATA
4231,Sundarbans,21.99011,89.15885,2026-05-29 14:59:36,28.928,-0.572,1.248,13.681,0,none,SYNTHETIC_DEMO_DATA
4232,Lakshadweep,10.62058,72.65594,2026-05-29 17:54:27,29.522,-0.277,1.278,7.487,0,none,SYNTHETIC_DEMO_DATA
4233,Gujarat Coast,22.42082,69.50292,2026-05-29 20:49:18,30.017,1.218,1.54,11.453,0,none,SYNTHETIC_DEMO_DATA
4234,Visakhapatnam,17.6935,83.17447,2026-05-29 23:44:09,29.981,0.182,0.917,12.132,1,cyclonic,SYNTHETIC_DEMO_DATA
4235,Visakhapatnam,18.02856,83.05831,2026-05-30 02:39:00,29.133,-0.666,0.772,4.109,0,none,SYNTHETIC_DEMO_DATA
4236,Sundarbans,21.6254,89.06072,2026-05-30 05:33:51,28.656,-0.843,1.823,14.257,0,none,SYNTHETIC_DEMO_DATA
4237,Lakshadweep,10.77069,73.08106,2026-05-30 08:28:42,29.7,-0.099,0.779,9.609,0,none,SYNTHETIC_DEMO_DATA
4238,Odisha Coast,19.66866,85.45551,2026-05-30 11:23:33,29.875,-0.424,1.101,10.417,0,none,SYNTHETIC_DEMO_DATA
4239,Goa Coast,15.65255,73.65874,2026-05-30 14:18:24,30.815,1.316,1.553,11.048,1,anticyclonic,SYNTHETIC_DEMO_DATA
4240,Visakhapatnam,17.69349,83.52095,2026-05-30 17:13:15,29.331,-0.468,2.141,9.646,0,none,SYNTHETIC_DEMO_DATA
4241,Chennai Coast,13.23925,80.43385,2026-05-30 20:08:06,30.268,-0.231,0.506,7.66,1,anticyclonic,SYNTHETIC_DEMO_DATA
4242,Visakhapatnam,17.29375,83.15839,2026-05-30 23:02:57,29.512,-0.287,1.577,7.837,0,none,SYNTHETIC_DEMO_DATA
4243,Andaman & Nicobar,11.99297,92.54799,2026-05-31 01:57:48,28.791,-1.508,1.212,5.838,0,none,SYNTHETIC_DEMO_DATA
4244,Sundarbans,21.89303,89.57945,2026-05-31 04:52:39,29.733,0.234,1.279,12.604,0,none,SYNTHETIC_DEMO_DATA
4245,Chennai Coast,12.89538,80.44549,2026-05-31 07:47:31,29.625,-0.874,0.938,7.357,0,none,SYNTHETIC_DEMO_DATA
4246,Visakhapatnam,17.78764,83.08578,2026-05-31 10:42:22,29.655,-0.144,1.152,7.445,0,none,SYNTHETIC_DEMO_DATA
4247,Visakhapatnam,17.55635,83.11417,2026-05-31 13:37:13,29.074,-0.725,1.056,4.475,1,anticyclonic,SYNTHETIC_DEMO_DATA
4248,Odisha Coast,19.71705,86.0849,2026-05-31 16:32:04,31.269,0.97,0.926,11.397,1,anticyclonic,SYNTHETIC_DEMO_DATA
4249,Lakshadweep,10.61439,72.48663,2026-05-31 19:26:55,30.706,0.907,0.75,2.75,1,anticyclonic,SYNTHETIC_DEMO_DATA
4250,Chennai Coast,13.0979,80.37535,2026-05-31 22:21:46,29.457,-1.042,1.445,5.247,1,cyclonic,SYNTHETIC_DEMO_DATA
4251,Kerala Coast,10.04611,76.24417,2026-06-01 01:16:37,29.743,-0.057,2.938,22.256,1,cyclonic,SYNTHETIC_DEMO_DATA
4252,Chennai Coast,12.98668,80.27583,2026-06-01 04:11:28,30.927,0.227,2.2,16.403,0,none,SYNTHETIC_DEMO_DATA
4253,Lakshadweep,10.61196,72.86829,2026-06-01 07:06:19,29.621,-0.379,1.065,10.434,1,anticyclonic,SYNTHETIC_DEMO_DATA
4254,Chennai Coast,12.88849,80.14084,2026-06-01 10:01:10,30.142,-0.558,2.02,13.399,0,none,SYNTHETIC_DEMO_DATA
4255,Chennai Coast,13.01709,80.25267,2026-06-01 12:56:01,32.216,1.516,2.571,22.887,1,cyclonic,SYNTHETIC_DEMO_DATA
4256,Chennai Coast,12.95576,79.91693,2026-06-01 15:50:52,29.732,-0.968,1.585,12.227,0,none,SYNTHETIC_DEMO_DATA
4257,Chennai Coast,12.91263,80.1257,2026-06-01 18:45:43,30.575,-0.125,2.486,21.954,1,cyclonic,SYNTHETIC_DEMO_DATA
4258,Sundarbans,22.00579,89.4206,2026-06-01 21:40:34,28.205,-1.495,2.531,22.045,0,none,SYNTHETIC_DEMO_DATA
4259,Gujarat Coast,22.25423,69.90731,2026-06-02 00:35:25,28.259,-0.741,1.596,20.249,0,none,SYNTHETIC_DEMO_DATA
4260,Sundarbans,21.9767,89.26953,2026-06-02 03:30:16,29.284,-0.416,3.239,20.449,0,none,SYNTHETIC_DEMO_DATA
4261,Visakhapatnam,17.67847,83.16899,2026-06-02 06:25:07,29.252,-0.748,2.05,17.943,0,none,SYNTHETIC_DEMO_DATA
4262,Visakhapatnam,17.81728,83.37721,2026-06-02 09:19:59,28.703,-1.297,1.814,20.159,0,none,SYNTHETIC_DEMO_DATA
4263,Visakhapatnam,17.50473,82.9815,2026-06-02 12:14:50,30.197,0.197,2.894,24.409,1,cyclonic,SYNTHETIC_DEMO_DATA
4264,Goa Coast,15.5061,73.76258,2026-06-02 15:09:41,30.046,0.346,2.744,16.529,0,none,SYNTHETIC_DEMO_DATA
4265,Mumbai Coast,18.99699,72.60213,2026-06-02 18:04:32,30.405,0.905,3.187,22.87,1,cyclonic,SYNTHETIC_DEMO_DATA
4266,Lakshadweep,10.35673,72.68598,2026-06-02 20:59:23,30.539,0.539,2.402,16.386,0,none,SYNTHETIC_DEMO_DATA
4267,Chennai Coast,12.93992,80.20178,2026-06-02 23:54:14,30.666,-0.034,2.282,24.508,0,none,SYNTHETIC_DEMO_DATA
4268,Lakshadweep,10.69028,72.23003,2026-06-03 02:49:05,30.616,0.616,2.979,23.707,1,cyclonic,SYNTHETIC_DEMO_DATA
4269,Sundarbans,21.59594,89.26785,2026-06-03 05:43:56,28.696,-1.004,2.458,24.76,1,anticyclonic,SYNTHETIC_DEMO_DATA
4270,Mumbai Coast,19.06692,72.69418,2026-06-03 08:38:47,30.245,0.745,2.772,26.575,1,cyclonic,SYNTHETIC_DEMO_DATA
4271,Goa Coast,15.29191,73.61842,2026-06-03 11:33:38,30.192,0.492,2.895,26.538,0,none,SYNTHETIC_DEMO_DATA
4272,Mumbai Coast,19.08658,72.61351,2026-06-03 14:28:29,28.476,-1.024,2.118,15.015,0,none,SYNTHETIC_DEMO_DATA
4273,Lakshadweep,10.85628,72.82146,2026-06-03 17:23:20,30.419,0.419,2.552,22.562,0,none,SYNTHETIC_DEMO_DATA
4274,Chennai Coast,12.94269,80.04451,2026-06-03 20:18:11,31.195,0.495,2.727,20.933,1,cyclonic,SYNTHETIC_DEMO_DATA
4275,Sundarbans,21.87452,89.46208,2026-06-03 23:13:02,29.472,-0.228,2.884,25.866,1,anticyclonic,SYNTHETIC_DEMO_DATA
4276,Goa Coast,15.32851,74.08861,2026-06-04 02:07:53,29.799,0.099,2.551,27.429,1,anticyclonic,SYNTHETIC_DEMO_DATA
4277,Sundarbans,21.84573,89.24001,2026-06-04 05:02:44,28.472,-1.228,3.278,27.827,0,none,SYNTHETIC_DEMO_DATA
4278,Goa Coast,15.11795,73.83143,2026-06-04 07:57:35,29.0,-0.7,2.423,20.032,0,none,SYNTHETIC_DEMO_DATA
4279,Goa Coast,15.41872,73.96191,2026-06-04 10:52:27,29.892,0.192,2.435,23.456,0,none,SYNTHETIC_DEMO_DATA
4280,Andaman & Nicobar,12.07309,92.8848,2026-06-04 13:47:18,32.015,1.515,1.566,21.495,1,anticyclonic,SYNTHETIC_DEMO_DATA
4281,Kerala Coast,9.80948,76.32526,2026-06-04 16:42:09,30.996,1.196,3.737,28.712,1,cyclonic,SYNTHETIC_DEMO_DATA
4282,Andaman & Nicobar,11.85804,92.69646,2026-06-04 19:37:00,29.845,-0.655,2.098,21.951,0,none,SYNTHETIC_DEMO_DATA
4283,Odisha Coast,19.99168,85.9029,2026-06-04 22:31:51,30.358,-0.142,2.717,26.138,1,anticyclonic,SYNTHETIC_DEMO_DATA
4284,Kerala Coast,9.67319,76.08379,2026-06-05 01:26:42,29.536,-0.264,3.643,25.394,0,none,SYNTHETIC_DEMO_DATA
4285,Odisha Coast,20.00125,85.90832,2026-06-05 04:21:33,30.653,0.153,2.764,25.431,0,none,SYNTHETIC_DEMO_DATA
4286,Goa Coast,15.60003,74.04594,2026-06-05 07:16:24,29.572,-0.128,2.35,19.998,0,none,SYNTHETIC_DEMO_DATA
4287,Goa Coast,15.29322,73.96432,2026-06-05 10:11:15,30.369,0.669,2.714,25.255,0,none,SYNTHETIC_DEMO_DATA
4288,Andaman & Nicobar,11.82283,92.69661,2026-06-05 13:06:06,31.744,1.244,1.995,20.52,1,cyclonic,SYNTHETIC_DEMO_DATA
4289,Goa Coast,15.48423,73.81154,2026-06-05 16:00:57,29.941,0.241,2.778,20.594,0,none,SYNTHETIC_DEMO_DATA
4290,Chennai Coast,13.0779,80.50026,2026-06-05 18:55:48,30.461,-0.239,2.833,24.926,1,cyclonic,SYNTHETIC_DEMO_DATA
4291,Sundarbans,21.91083,89.21709,2026-06-05 21:50:39,29.583,-0.117,2.641,27.838,0,none,SYNTHETIC_DEMO_DATA
4292,Lakshadweep,10.84741,72.7438,2026-06-06 00:45:30,29.385,-0.615,2.42,20.992,1,cyclonic,SYNTHETIC_DEMO_DATA
4293,Kerala Coast,10.08777,76.45515,2026-06-06 03:40:21,30.03,0.23,2.559,20.367,0,none,SYNTHETIC_DEMO_DATA
4294,Sundarbans,21.99166,89.09014,2026-06-06 06:35:12,29.754,0.054,2.874,15.822,0,none,SYNTHETIC_DEMO_DATA
4295,Lakshadweep,10.37551,72.53983,2026-06-06 09:30:03,30.614,0.614,1.022,14.715,1,anticyclonic,SYNTHETIC_DEMO_DATA
4296,Lakshadweep,10.62163,72.61453,2026-06-06 12:24:55,30.242,0.242,1.934,18.255,0,none,SYNTHETIC_DEMO_DATA
4297,Kerala Coast,9.90988,76.79332,2026-06-06 15:19:46,29.899,0.099,3.053,26.644,0,none,SYNTHETIC_DEMO_DATA
4298,Goa Coast,15.11579,73.76489,2026-06-06 18:14:37,29.405,-0.295,1.947,15.569,1,anticyclonic,SYNTHETIC_DEMO_DATA
4299,Sundarbans,21.69303,89.10172,2026-06-06 21:09:28,31.482,1.782,3.001,24.391,1,cyclonic,SYNTHETIC_DEMO_DATA
4300,Sundarbans,21.81085,89.18155,2026-06-07 00:04:19,28.995,-0.705,3.004,26.413,0,none,SYNTHETIC_DEMO_DATA
4301,Visakhapatnam,17.51477,83.54708,2026-06-07 02:59:10,31.616,1.616,1.852,14.109,1,anticyclonic,SYNTHETIC_DEMO_DATA
4302,Gujarat Coast,22.1813,70.0819,2026-06-07 05:54:01,28.843,-0.157,2.741,16.246,1,cyclonic,SYNTHETIC_DEMO_DATA
4303,Odisha Coast,19.7469,85.93062,2026-06-07 08:48:52,29.887,-0.613,2.838,25.594,1,cyclonic,SYNTHETIC_DEMO_DATA
4304,Sundarbans,22.5416,89.074,2026-06-07 11:43:43,29.645,-0.055,2.293,18.505,0,none,SYNTHETIC_DEMO_DATA
4305,Gujarat Coast,22.26637,69.5899,2026-06-07 14:38:34,27.644,-1.356,1.61,16.944,1,cyclonic,SYNTHETIC_DEMO_DATA
4306,Goa Coast,15.4998,73.85574,2026-06-07 17:33:25,28.896,-0.804,2.719,24.132,0,none,SYNTHETIC_DEMO_DATA
4307,Goa Coast,15.76875,74.14258,2026-06-07 20:28:16,29.475,-0.225,1.763,15.423,0,none,SYNTHETIC_DEMO_DATA
4308,Goa Coast,15.6743,73.49695,2026-06-07 23:23:07,30.123,0.423,2.292,14.877,1,anticyclonic,SYNTHETIC_DEMO_DATA
4309,Andaman & Nicobar,11.48652,92.63031,2026-06-08 02:17:58,30.467,-0.033,2.396,21.53,0,none,SYNTHETIC_DEMO_DATA
4310,Gujarat Coast,22.02626,69.52308,2026-06-08 05:12:49,28.04,-0.96,2.166,19.242,1,cyclonic,SYNTHETIC_DEMO_DATA
4311,Mumbai Coast,18.61299,73.07416,2026-06-08 08:07:40,30.465,0.965,2.83,25.333,0,none,SYNTHETIC_DEMO_DATA
4312,Andaman & Nicobar,11.72713,92.432,2026-06-08 11:02:31,30.648,0.148,2.562,23.027,0,none,SYNTHETIC_DEMO_DATA
4313,Chennai Coast,13.09982,80.28306,2026-06-08 13:57:23,29.958,-0.742,2.102,17.7,1,cyclonic,SYNTHETIC_DEMO_DATA
4314,Sundarbans,22.19987,89.1245,2026-06-08 16:52:14,29.808,0.108,1.449,16.32,0,none,SYNTHETIC_DEMO_DATA
4315,Goa Coast,15.46912,73.63424,2026-06-08 19:47:05,29.975,0.275,2.688,21.809,1,anticyclonic,SYNTHETIC_DEMO_DATA
4316,Visakhapatnam,17.66901,83.11438,2026-06-08 22:41:56,31.288,1.288,2.608,18.902,0,none,SYNTHETIC_DEMO_DATA
4317,Lakshadweep,10.65407,72.54104,2026-06-09 01:36:47,29.924,-0.076,1.799,16.376,1,cyclonic,SYNTHETIC_DEMO_DATA
4318,Kerala Coast,9.84924,76.33773,2026-06-09 04:31:38,29.883,0.083,3.41,26.137,1,anticyclonic,SYNTHETIC_DEMO_DATA
4319,Andaman & Nicobar,11.99492,92.65414,2026-06-09 07:26:29,31.295,0.795,2.393,24.173,1,anticyclonic,SYNTHETIC_DEMO_DATA
4320,Sundarbans,22.08847,89.46755,2026-06-09 10:21:20,31.367,1.667,2.013,16.848,1,anticyclonic,SYNTHETIC_DEMO_DATA
4321,Gujarat Coast,22.5751,69.76695,2026-06-09 13:16:11,30.041,1.041,2.993,28.153,0,none,SYNTHETIC_DEMO_DATA
4322,Kerala Coast,9.78711,76.50956,2026-06-09 16:11:02,28.988,-0.812,3.387,23.585,1,cyclonic,SYNTHETIC_DEMO_DATA
4323,Kerala Coast,10.03658,76.30795,2026-06-09 19:05:53,30.582,0.782,2.722,19.363,0,none,SYNTHETIC_DEMO_DATA
4324,Visakhapatnam,18.11236,83.29402,2026-06-09 22:00:44,28.941,-1.059,1.532,14.214,0,none,SYNTHETIC_DEMO_DATA
4325,Lakshadweep,10.31551,72.72651,2026-06-10 00:55:35,31.056,1.056,1.463,14.725,1,cyclonic,SYNTHETIC_DEMO_DATA
4326,Chennai Coast,13.14105,80.08892,2026-06-10 03:50:26,30.998,0.298,1.622,17.643,0,none,SYNTHETIC_DEMO_DATA
4327,Andaman & Nicobar,11.64956,92.64415,2026-06-10 06:45:17,28.404,-2.096,2.931,17.497,1,anticyclonic,SYNTHETIC_DEMO_DATA
4328,Kerala Coast,9.52863,76.07986,2026-06-10 09:40:08,28.323,-1.477,3.532,26.608,0,none,SYNTHETIC_DEMO_DATA
4329,Sundarbans,21.52909,89.55743,2026-06-10 12:34:59,29.233,-0.467,2.912,23.482,1,cyclonic,SYNTHETIC_DEMO_DATA
4330,Andaman & Nicobar,11.94438,93.00596,2026-06-10 15:29:50,29.951,-0.549,2.387,14.092,1,anticyclonic,SYNTHETIC_DEMO_DATA
4331,Odisha Coast,19.67111,85.85453,2026-06-10 18:24:42,30.647,0.147,3.468,28.584,1,cyclonic,SYNTHETIC_DEMO_DATA
4332,Visakhapatnam,17.50474,83.53953,2026-06-10 21:19:33,30.796,0.796,2.387,17.108,0,none,SYNTHETIC_DEMO_DATA
4333,Andaman & Nicobar,11.73651,92.53356,2026-06-11 00:14:24,29.829,-0.671,2.589,19.124,1,cyclonic,SYNTHETIC_DEMO_DATA
4334,Andaman & Nicobar,11.8076,92.85386,2026-06-11 03:09:15,29.811,-0.689,1.632,9.986,0,none,SYNTHETIC_DEMO_DATA
4335,Lakshadweep,10.38925,72.93626,2026-06-11 06:04:06,30.82,0.82,1.645,18.838,0,none,SYNTHETIC_DEMO_DATA
4336,Kerala Coast,10.06969,76.11094,2026-06-11 08:58:57,29.631,-0.169,2.982,24.877,1,cyclonic,SYNTHETIC_DEMO_DATA
4337,Goa Coast,15.498,73.64009,2026-06-11 11:53:48,29.78,0.08,2.209,20.84,1,anticyclonic,SYNTHETIC_DEMO_DATA
4338,Chennai Coast,12.97343,80.19318,2026-06-11 14:48:39,30.299,-0.401,1.914,16.804,0,none,SYNTHETIC_DEMO_DATA
4339,Goa Coast,15.80604,73.75345,2026-06-11 17:43:30,30.067,0.367,1.996,19.616,1,cyclonic,SYNTHETIC_DEMO_DATA
4340,Mumbai Coast,18.92279,72.86159,2026-06-11 20:38:21,30.167,0.667,1.924,23.261,1,cyclonic,SYNTHETIC_DEMO_DATA
4341,Sundarbans,21.81025,89.03311,2026-06-11 23:33:12,30.046,0.346,2.286,18.848,1,cyclonic,SYNTHETIC_DEMO_DATA
4342,Kerala Coast,9.98284,76.56902,2026-06-12 02:28:03,29.387,-0.413,2.019,23.032,1,cyclonic,SYNTHETIC_DEMO_DATA
4343,Kerala Coast,10.03357,76.07613,2026-06-12 05:22:54,31.274,1.474,2.845,28.399,0,none,SYNTHETIC_DEMO_DATA
4344,Visakhapatnam,17.51726,83.58886,2026-06-12 08:17:45,29.661,-0.339,2.287,17.405,1,cyclonic,SYNTHETIC_DEMO_DATA
4345,Chennai Coast,12.92007,80.31164,2026-06-12 11:12:36,31.29,0.59,2.796,16.705,1,cyclonic,SYNTHETIC_DEMO_DATA
4346,Mumbai Coast,18.80085,73.17744,2026-06-12 14:07:27,30.795,1.295,2.599,17.019,0,none,SYNTHETIC_DEMO_DATA
4347,Sundarbans,21.84572,89.27067,2026-06-12 17:02:18,29.694,-0.006,2.318,22.537,0,none,SYNTHETIC_DEMO_DATA
4348,Odisha Coast,20.01164,85.95696,2026-06-12 19:57:10,30.927,0.427,3.359,24.883,1,cyclonic,SYNTHETIC_DEMO_DATA
4349,Goa Coast,15.28345,73.78463,2026-06-12 22:52:01,29.427,-0.273,2.628,17.262,0,none,SYNTHETIC_DEMO_DATA
4350,Chennai Coast,13.16186,80.35663,2026-06-13 01:46:52,31.39,0.69,2.242,20.534,1,cyclonic,SYNTHETIC_DEMO_DATA
4351,Gujarat Coast,22.54951,69.41961,2026-06-13 04:41:43,29.879,0.879,2.847,24.243,1,anticyclonic,SYNTHETIC_DEMO_DATA
4352,Mumbai Coast,18.90807,72.49861,2026-06-13 07:36:34,29.749,0.249,2.722,22.727,0,none,SYNTHETIC_DEMO_DATA
4353,Mumbai Coast,18.77314,72.64122,2026-06-13 10:31:25,29.319,-0.181,2.61,16.594,1,cyclonic,SYNTHETIC_DEMO_DATA
4354,Kerala Coast,10.02881,76.40194,2026-06-13 13:26:16,29.955,0.155,2.238,18.795,1,cyclonic,SYNTHETIC_DEMO_DATA
4355,Kerala Coast,9.3013,76.43241,2026-06-13 16:21:07,30.423,0.623,3.878,26.721,1,anticyclonic,SYNTHETIC_DEMO_DATA
4356,Andaman & Nicobar,11.68259,92.55778,2026-06-13 19:15:58,30.033,-0.467,2.124,14.71,1,anticyclonic,SYNTHETIC_DEMO_DATA
4357,Lakshadweep,10.55586,72.49833,2026-06-13 22:10:49,28.113,-1.887,2.384,24.471,1,cyclonic,SYNTHETIC_DEMO_DATA
4358,Visakhapatnam,17.75556,83.12813,2026-06-14 01:05:40,31.129,1.129,2.111,21.78,0,none,SYNTHETIC_DEMO_DATA
4359,Gujarat Coast,22.40244,69.66991,2026-06-14 04:00:31,28.209,-0.791,2.89,22.731,0,none,SYNTHETIC_DEMO_DATA
4360,Lakshadweep,10.41064,72.5127,2026-06-14 06:55:22,29.991,-0.009,3.017,20.856,0,none,SYNTHETIC_DEMO_DATA
4361,Sundarbans,21.69243,89.30474,2026-06-14 09:50:13,29.493,-0.207,3.033,26.244,0,none,SYNTHETIC_DEMO_DATA
4362,Goa Coast,15.33304,73.90456,2026-06-14 12:45:04,28.216,-1.484,2.128,17.794,1,anticyclonic,SYNTHETIC_DEMO_DATA
4363,Kerala Coast,9.8383,76.13391,2026-06-14 15:39:55,29.089,-0.711,3.382,28.432,1,anticyclonic,SYNTHETIC_DEMO_DATA
4364,Lakshadweep,10.47174,72.43752,2026-06-14 18:34:46,30.311,0.311,2.602,17.256,1,anticyclonic,SYNTHETIC_DEMO_DATA
4365,Mumbai Coast,18.87773,73.03677,2026-06-14 21:29:38,29.597,0.097,2.618,23.139,0,none,SYNTHETIC_DEMO_DATA
4366,Andaman & Nicobar,11.74891,92.37061,2026-06-15 00:24:29,31.33,0.83,2.29,20.854,1,anticyclonic,SYNTHETIC_DEMO_DATA
4367,Odisha Coast,19.78712,86.05532,2026-06-15 03:19:20,30.941,0.441,2.463,16.193,1,cyclonic,SYNTHETIC_DEMO_DATA
4368,Odisha Coast,19.95002,85.84761,2026-06-15 06:14:11,30.427,-0.073,2.973,22.984,0,none,SYNTHETIC_DEMO_DATA
4369,Lakshadweep,10.56098,72.56794,2026-06-15 09:09:02,30.199,0.199,2.063,16.108,1,cyclonic,SYNTHETIC_DEMO_DATA
4370,Mumbai Coast,19.06042,72.81468,2026-06-15 12:03:53,29.584,0.084,2.882,23.965,0,none,SYNTHETIC_DEMO_DATA
4371,Mumbai Coast,19.24297,72.90338,2026-06-15 14:58:44,27.611,-1.889,2.981,24.484,1,anticyclonic,SYNTHETIC_DEMO_DATA
4372,Odisha Coast,19.67194,86.05687,2026-06-15 17:53:35,29.729,-0.771,2.053,19.923,0,none,SYNTHETIC_DEMO_DATA
4373,Visakhapatnam,17.56394,83.04309,2026-06-15 20:48:26,30.644,0.644,2.149,17.417,1,anticyclonic,SYNTHETIC_DEMO_DATA
4374,Andaman & Nicobar,11.603,92.95192,2026-06-15 23:43:17,30.805,0.305,2.804,27.889,0,none,SYNTHETIC_DEMO_DATA
4375,Chennai Coast,13.0152,80.14915,2026-06-16 02:38:08,30.195,-0.505,1.695,21.381,0,none,SYNTHETIC_DEMO_DATA
4376,Mumbai Coast,18.63394,72.60463,2026-06-16 05:32:59,29.926,0.426,2.227,18.903,0,none,SYNTHETIC_DEMO_DATA
4377,Chennai Coast,13.06504,80.38184,2026-06-16 08:27:50,30.662,-0.038,2.409,14.377,0,none,SYNTHETIC_DEMO_DATA
4378,Visakhapatnam,17.47802,83.42103,2026-06-16 11:22:41,30.587,0.587,1.724,11.205,0,none,SYNTHETIC_DEMO_DATA
4379,Odisha Coast,19.81409,86.08111,2026-06-16 14:17:32,30.404,-0.096,2.613,23.351,1,cyclonic,SYNTHETIC_DEMO_DATA
4380,Lakshadweep,10.56748,72.3686,2026-06-16 17:12:23,29.975,-0.025,2.292,27.639,0,none,SYNTHETIC_DEMO_DATA
4381,Lakshadweep,10.59739,72.20075,2026-06-16 20:07:14,30.773,0.773,2.437,19.707,0,none,SYNTHETIC_DEMO_DATA
4382,Odisha Coast,19.74335,85.87365,2026-06-16 23:02:06,29.483,-1.017,1.085,14.079,1,cyclonic,SYNTHETIC_DEMO_DATA
4383,Chennai Coast,13.04498,80.0875,2026-06-17 01:56:57,32.734,2.034,2.756,17.878,1,anticyclonic,SYNTHETIC_DEMO_DATA
4384,Mumbai Coast,18.6962,72.81918,2026-06-17 04:51:48,29.121,-0.379,3.484,26.144,0,none,SYNTHETIC_DEMO_DATA
4385,Chennai Coast,13.23804,80.42383,2026-06-17 07:46:39,29.24,-1.46,2.533,25.541,1,anticyclonic,SYNTHETIC_DEMO_DATA
4386,Goa Coast,15.36983,73.62414,2026-06-17 10:41:30,30.27,0.57,2.624,19.622,0,none,SYNTHETIC_DEMO_DATA
4387,Visakhapatnam,17.59878,83.49041,2026-06-17 13:36:21,29.173,-0.827,2.845,23.759,1,cyclonic,SYNTHETIC_DEMO_DATA
4388,Sundarbans,21.91836,89.41141,2026-06-17 16:31:12,29.784,0.084,2.827,19.17,1,cyclonic,SYNTHETIC_DEMO_DATA
4389,Chennai Coast,13.11824,80.6624,2026-06-17 19:26:03,28.67,-2.03,2.463,27.378,0,none,SYNTHETIC_DEMO_DATA
4390,Mumbai Coast,18.69544,72.71998,2026-06-17 22:20:54,29.836,0.336,3.16,21.966,1,cyclonic,SYNTHETIC_DEMO_DATA
4391,Odisha Coast,19.68522,85.82107,2026-06-18 01:15:45,30.017,-0.483,3.038,30.229,1,cyclonic,SYNTHETIC_DEMO_DATA
4392,Andaman & Nicobar,11.50693,92.72775,2026-06-18 04:10:36,31.386,0.886,2.249,20.338,0,none,SYNTHETIC_DEMO_DATA
4393,Sundarbans,21.88794,88.84853,2026-06-18 07:05:27,28.252,-1.448,2.838,18.517,0,none,SYNTHETIC_DEMO_DATA
4394,Sundarbans,22.0432,89.27975,2026-06-18 10:00:18,28.754,-0.946,2.606,21.11,0,none,SYNTHETIC_DEMO_DATA
4395,Mumbai Coast,19.12909,72.83262,2026-06-18 12:55:09,30.237,0.737,2.578,22.397,0,none,SYNTHETIC_DEMO_DATA
4396,Mumbai Coast,18.8982,72.70813,2026-06-18 15:50:00,28.715,-0.785,1.867,19.969,0,none,SYNTHETIC_DEMO_DATA
4397,Visakhapatnam,17.68956,83.34513,2026-06-18 18:44:51,29.429,-0.571,1.855,12.881,0,none,SYNTHETIC_DEMO_DATA
4398,Visakhapatnam,17.85604,83.46621,2026-06-18 21:39:42,30.936,0.936,2.045,24.089,1,anticyclonic,SYNTHETIC_DEMO_DATA
4399,Sundarbans,21.92523,89.03655,2026-06-19 00:34:34,30.257,0.557,3.685,27.632,1,cyclonic,SYNTHETIC_DEMO_DATA
4400,Gujarat Coast,21.97726,69.84557,2026-06-19 03:29:25,29.638,0.638,2.009,17.883,0,none,SYNTHETIC_DEMO_DATA
4401,Chennai Coast,12.9557,79.70205,2026-06-19 06:24:16,30.673,-0.027,2.26,23.78,0,none,SYNTHETIC_DEMO_DATA
4402,Odisha Coast,20.14665,85.73779,2026-06-19 09:19:07,29.154,-1.346,2.608,26.486,0,none,SYNTHETIC_DEMO_DATA
4403,Chennai Coast,13.09853,80.11112,2026-06-19 12:13:58,30.1,-0.6,2.457,18.689,1,cyclonic,SYNTHETIC_DEMO_DATA
4404,Lakshadweep,10.34765,72.68253,2026-06-19 15:08:49,30.533,0.533,2.007,12.583,0,none,SYNTHETIC_DEMO_DATA
4405,Visakhapatnam,18.41698,83.38806,2026-06-19 18:03:40,29.958,-0.042,2.807,19.368,0,none,SYNTHETIC_DEMO_DATA
4406,Andaman & Nicobar,11.65574,92.46607,2026-06-19 20:58:31,30.595,0.095,2.815,24.787,1,anticyclonic,SYNTHETIC_DEMO_DATA
4407,Visakhapatnam,17.42502,83.08176,2026-06-19 23:53:22,30.581,0.581,2.448,24.433,0,none,SYNTHETIC_DEMO_DATA
4408,Odisha Coast,20.00659,85.86343,2026-06-20 02:48:13,31.247,0.747,1.94,20.401,0,none,SYNTHETIC_DEMO_DATA
4409,Visakhapatnam,17.41134,83.09418,2026-06-20 05:43:04,31.336,1.336,2.258,19.28,1,anticyclonic,SYNTHETIC_DEMO_DATA
4410,Chennai Coast,13.21649,79.95819,2026-06-20 08:37:55,32.096,1.396,2.133,21.891,0,none,SYNTHETIC_DEMO_DATA
4411,Odisha Coast,19.45776,85.84884,2026-06-20 11:32:46,30.424,-0.076,2.309,20.351,0,none,SYNTHETIC_DEMO_DATA
4412,Mumbai Coast,19.15022,73.09639,2026-06-20 14:27:37,28.114,-1.386,3.207,22.128,1,cyclonic,SYNTHETIC_DEMO_DATA
4413,Chennai Coast,13.15414,80.23009,2026-06-20 17:22:28,30.502,-0.198,2.688,18.366,0,none,SYNTHETIC_DEMO_DATA
4414,Goa Coast,15.73129,73.75518,2026-06-20 20:17:19,29.222,-0.478,1.471,16.236,0,none,SYNTHETIC_DEMO_DATA
4415,Kerala Coast,9.39695,76.13538,2026-06-20 23:12:10,29.069,-0.731,2.645,26.028,1,anticyclonic,SYNTHETIC_DEMO_DATA
4416,Kerala Coast,9.97227,76.43063,2026-06-21 02:07:02,30.186,0.386,2.352,18.556,1,cyclonic,SYNTHETIC_DEMO_DATA
4417,Kerala Coast,9.58472,76.1255,2026-06-21 05:01:53,30.203,0.403,2.22,15.039,0,none,SYNTHETIC_DEMO_DATA
4418,Odisha Coast,19.95546,85.79488,2026-06-21 07:56:44,32.159,1.659,2.791,17.139,1,cyclonic,SYNTHETIC_DEMO_DATA
4419,Goa Coast,15.60101,73.53673,2026-06-21 10:51:35,30.541,0.841,2.366,19.915,0,none,SYNTHETIC_DEMO_DATA
4420,Odisha Coast,19.76227,85.91931,2026-06-21 13:46:26,29.219,-1.281,2.163,17.299,1,anticyclonic,SYNTHETIC_DEMO_DATA
4421,Goa Coast,15.41612,73.77013,2026-06-21 16:41:17,28.922,-0.778,2.631,25.551,1,anticyclonic,SYNTHETIC_DEMO_DATA
4422,Lakshadweep,10.75352,72.39611,2026-06-21 19:36:08,29.907,-0.093,2.262,14.272,0,none,SYNTHETIC_DEMO_DATA
4423,Goa Coast,15.40273,73.76705,2026-06-21 22:30:59,30.514,0.814,2.471,20.014,0,none,SYNTHETIC_DEMO_DATA
4424,Kerala Coast,9.94314,75.91035,2026-06-22 01:25:50,29.457,-0.343,3.24,20.83,0,none,SYNTHETIC_DEMO_DATA
4425,Chennai Coast,12.64869,80.37386,2026-06-22 04:20:41,30.259,-0.441,2.489,17.857,0,none,SYNTHETIC_DEMO_DATA
4426,Andaman & Nicobar,11.27464,92.53791,2026-06-22 07:15:32,30.138,-0.362,3.308,22.751,1,anticyclonic,SYNTHETIC_DEMO_DATA
4427,Visakhapatnam,17.38278,82.87358,2026-06-22 10:10:23,30.42,0.42,1.874,15.076,0,none,SYNTHETIC_DEMO_DATA
4428,Kerala Coast,9.93715,76.18772,2026-06-22 13:05:14,30.093,0.293,2.935,22.717,0,none,SYNTHETIC_DEMO_DATA
4429,Goa Coast,15.80997,74.05914,2026-06-22 16:00:05,29.625,-0.075,1.689,20.605,1,cyclonic,SYNTHETIC_DEMO_DATA
4430,Lakshadweep,10.94104,72.83384,2026-06-22 18:54:56,29.654,-0.346,1.973,19.751,0,none,SYNTHETIC_DEMO_DATA
4431,Lakshadweep,10.31058,72.71204,2026-06-22 21:49:47,29.733,-0.267,2.614,17.165,0,none,SYNTHETIC_DEMO_DATA
4432,Sundarbans,21.65398,89.3626,2026-06-23 00:44:38,29.574,-0.126,3.198,15.757,1,cyclonic,SYNTHETIC_DEMO_DATA
4433,Andaman & Nicobar,11.97731,92.27335,2026-06-23 03:39:29,30.538,0.038,2.248,20.436,1,cyclonic,SYNTHETIC_DEMO_DATA
4434,Odisha Coast,20.03978,86.29416,2026-06-23 06:34:21,32.375,1.875,2.717,23.528,0,none,SYNTHETIC_DEMO_DATA
4435,Mumbai Coast,19.02911,72.65598,2026-06-23 09:29:12,29.911,0.411,2.827,22.462,1,cyclonic,SYNTHETIC_DEMO_DATA
4436,Lakshadweep,10.69211,72.75367,2026-06-23 12:24:03,31.347,1.347,1.982,15.136,0,none,SYNTHETIC_DEMO_DATA
4437,Gujarat Coast,22.23443,69.57886,2026-06-23 15:18:54,28.913,-0.087,2.506,20.077,1,cyclonic,SYNTHETIC_DEMO_DATA
4438,Lakshadweep,10.25546,72.6723,2026-06-23 18:13:45,29.351,-0.649,2.347,20.373,0,none,SYNTHETIC_DEMO_DATA
4439,Chennai Coast,13.48798,80.18566,2026-06-23 21:08:36,30.836,0.136,1.738,14.169,1,cyclonic,SYNTHETIC_DEMO_DATA
4440,Chennai Coast,13.03895,80.49182,2026-06-24 00:03:27,29.897,-0.803,2.765,22.177,0,none,SYNTHETIC_DEMO_DATA
4441,Chennai Coast,13.33265,80.03338,2026-06-24 02:58:18,31.085,0.385,1.987,16.095,1,anticyclonic,SYNTHETIC_DEMO_DATA
4442,Chennai Coast,13.18959,80.31008,2026-06-24 05:53:09,31.09,0.39,2.743,19.601,0,none,SYNTHETIC_DEMO_DATA
4443,Gujarat Coast,21.88847,69.94372,2026-06-24 08:48:00,29.669,0.669,2.611,21.467,1,cyclonic,SYNTHETIC_DEMO_DATA
4444,Kerala Coast,9.92001,76.29092,2026-06-24 11:42:51,27.428,-2.372,2.351,22.981,0,none,SYNTHETIC_DEMO_DATA
4445,Goa Coast,14.81195,73.82152,2026-06-24 14:37:42,29.508,-0.192,3.463,20.818,0,none,SYNTHETIC_DEMO_DATA
4446,Kerala Coast,9.55709,76.47749,2026-06-24 17:32:33,31.417,1.617,2.891,16.2,0,none,SYNTHETIC_DEMO_DATA
4447,Chennai Coast,12.98165,80.09999,2026-06-24 20:27:24,30.29,-0.41,2.996,20.015,1,cyclonic,SYNTHETIC_DEMO_DATA
4448,Odisha Coast,19.84396,85.85758,2026-06-24 23:22:15,32.054,1.554,1.943,18.91,0,none,SYNTHETIC_DEMO_DATA
4449,Mumbai Coast,19.14188,72.98296,2026-06-25 02:17:06,30.13,0.63,2.416,17.76,1,anticyclonic,SYNTHETIC_DEMO_DATA
4450,Andaman & Nicobar,11.62593,92.77399,2026-06-25 05:11:57,29.654,-0.846,2.416,19.09,0,none,SYNTHETIC_DEMO_DATA
4451,Andaman & Nicobar,11.40323,92.39951,2026-06-25 08:06:49,30.684,0.184,2.722,18.288,1,cyclonic,SYNTHETIC_DEMO_DATA
4452,Visakhapatnam,17.65442,83.35072,2026-06-25 11:01:40,29.519,-0.481,2.215,16.895,0,none,SYNTHETIC_DEMO_DATA
4453,Kerala Coast,9.66669,76.41147,2026-06-25 13:56:31,29.089,-0.711,3.051,23.061,1,anticyclonic,SYNTHETIC_DEMO_DATA
4454,Goa Coast,15.47227,73.62376,2026-06-25 16:51:22,30.507,0.807,3.067,31.098,1,cyclonic,SYNTHETIC_DEMO_DATA
4455,Gujarat Coast,22.22097,69.44697,2026-06-25 19:46:13,28.632,-0.368,1.918,4.751,1,cyclonic,SYNTHETIC_DEMO_DATA
4456,Sundarbans,21.66136,89.64394,2026-06-25 22:41:04,30.023,0.323,1.971,19.568,1,anticyclonic,SYNTHETIC_DEMO_DATA
4457,Mumbai Coast,18.71826,72.63354,2026-06-26 01:35:55,28.366,-1.134,1.837,15.967,1,cyclonic,SYNTHETIC_DEMO_DATA
4458,Sundarbans,21.9611,89.04107,2026-06-26 04:30:46,29.334,-0.366,2.892,26.023,1,anticyclonic,SYNTHETIC_DEMO_DATA
4459,Odisha Coast,19.53752,85.57963,2026-06-26 07:25:37,30.944,0.444,2.064,24.763,0,none,SYNTHETIC_DEMO_DATA
4460,Gujarat Coast,22.25973,69.45849,2026-06-26 10:20:28,29.525,0.525,3.009,28.245,1,anticyclonic,SYNTHETIC_DEMO_DATA
4461,Odisha Coast,20.02299,85.48432,2026-06-26 13:15:19,30.926,0.426,2.777,26.531,0,none,SYNTHETIC_DEMO_DATA
4462,Chennai Coast,13.00453,80.34372,2026-06-26 16:10:10,31.004,0.304,2.303,17.553,0,none,SYNTHETIC_DEMO_DATA
4463,Mumbai Coast,18.88093,72.8414,2026-06-26 19:05:01,30.447,0.947,3.395,27.824,1,cyclonic,SYNTHETIC_DEMO_DATA
4464,Gujarat Coast,22.0131,69.28601,2026-06-26 21:59:52,28.632,-0.368,1.719,13.182,1,anticyclonic,SYNTHETIC_DEMO_DATA
4465,Kerala Coast,9.72005,76.29806,2026-06-27 00:54:43,29.32,-0.48,2.151,22.648,1,anticyclonic,SYNTHETIC_DEMO_DATA
4466,Sundarbans,22.22425,89.20498,2026-06-27 03:49:34,29.97,0.27,3.405,23.06,0,none,SYNTHETIC_DEMO_DATA
4467,Goa Coast,15.43361,73.83009,2026-06-27 06:44:25,28.495,-1.205,2.124,12.33,0,none,SYNTHETIC_DEMO_DATA
4468,Lakshadweep,10.72837,72.60722,2026-06-27 09:39:17,29.524,-0.476,1.731,15.031,0,none,SYNTHETIC_DEMO_DATA
4469,Andaman & Nicobar,11.75377,92.5376,2026-06-27 12:34:08,30.093,-0.407,2.24,21.503,1,cyclonic,SYNTHETIC_DEMO_DATA
4470,Goa Coast,15.27058,73.66036,2026-06-27 15:28:59,28.713,-0.987,1.855,16.295,0,none,SYNTHETIC_DEMO_DATA
4471,Kerala Coast,10.05962,76.05412,2026-06-27 18:23:50,29.752,-0.048,2.202,19.979,0,none,SYNTHETIC_DEMO_DATA
4472,Andaman & Nicobar,11.49998,92.64374,2026-06-27 21:18:41,30.183,-0.317,2.041,18.452,0,none,SYNTHETIC_DEMO_DATA
4473,Kerala Coast,10.07396,76.48205,2026-06-28 00:13:32,29.547,-0.253,2.051,21.418,1,cyclonic,SYNTHETIC_DEMO_DATA
4474,Odisha Coast,19.53957,85.73674,2026-06-28 03:08:23,30.256,-0.244,2.707,24.139,0,none,SYNTHETIC_DEMO_DATA
4475,Andaman & Nicobar,11.96606,92.70231,2026-06-28 06:03:14,29.698,-0.802,2.777,23.722,0,none,SYNTHETIC_DEMO_DATA
4476,Chennai Coast,13.25211,80.30853,2026-06-28 08:58:05,31.474,0.774,2.883,22.663,0,none,SYNTHETIC_DEMO_DATA
4477,Lakshadweep,10.87552,72.55604,2026-06-28 11:52:56,29.374,-0.626,1.761,15.269,0,none,SYNTHETIC_DEMO_DATA
4478,Chennai Coast,13.21708,80.13479,2026-06-28 14:47:47,30.824,0.124,2.47,21.471,1,cyclonic,SYNTHETIC_DEMO_DATA
4479,Andaman & Nicobar,11.71381,92.85044,2026-06-28 17:42:38,30.569,0.069,2.885,19.074,0,none,SYNTHETIC_DEMO_DATA
4480,Mumbai Coast,19.13492,72.85211,2026-06-28 20:37:29,27.99,-1.51,2.836,25.04,1,cyclonic,SYNTHETIC_DEMO_DATA
4481,Kerala Coast,9.74019,76.22978,2026-06-28 23:32:20,29.077,-0.723,1.705,15.295,0,none,SYNTHETIC_DEMO_DATA
4482,Visakhapatnam,17.55496,83.40969,2026-06-29 02:27:11,27.833,-2.167,3.15,21.854,1,anticyclonic,SYNTHETIC_DEMO_DATA
4483,Andaman & Nicobar,11.55545,92.73785,2026-06-29 05:22:02,31.954,1.454,2.687,24.2,1,cyclonic,SYNTHETIC_DEMO_DATA
4484,Sundarbans,21.86596,89.56806,2026-06-29 08:16:53,30.58,0.88,2.842,30.215,0,none,SYNTHETIC_DEMO_DATA
4485,Kerala Coast,10.28259,76.35044,2026-06-29 11:11:45,30.703,0.903,2.792,20.743,1,anticyclonic,SYNTHETIC_DEMO_DATA
4486,Chennai Coast,12.80184,80.2776,2026-06-29 14:06:36,31.33,0.63,2.53,17.107,0,none,SYNTHETIC_DEMO_DATA
4487,Mumbai Coast,18.89969,72.78669,2026-06-29 17:01:27,31.0,1.5,2.529,22.401,1,cyclonic,SYNTHETIC_DEMO_DATA
4488,Visakhapatnam,17.55923,83.29511,2026-06-29 19:56:18,30.337,0.337,3.308,22.333,0,none,SYNTHETIC_DEMO_DATA
4489,Gujarat Coast,22.34759,69.60682,2026-06-29 22:51:09,29.559,0.559,2.584,19.485,1,anticyclonic,SYNTHETIC_DEMO_DATA
4490,Chennai Coast,13.25673,80.11868,2026-06-30 01:46:00,32.175,1.475,0.976,15.216,1,anticyclonic,SYNTHETIC_DEMO_DATA
4491,Odisha Coast,20.14829,85.74693,2026-06-30 04:40:51,29.833,-0.667,2.35,22.546,0,none,SYNTHETIC_DEMO_DATA
4492,Odisha Coast,19.64439,85.80074,2026-06-30 07:35:42,30.191,-0.309,2.47,23.396,0,none,SYNTHETIC_DEMO_DATA
4493,Gujarat Coast,22.07651,69.48372,2026-06-30 10:30:33,28.176,-0.824,1.926,18.852,0,none,SYNTHETIC_DEMO_DATA
4494,Visakhapatnam,17.62748,82.97242,2026-06-30 13:25:24,29.57,-0.43,2.048,22.215,1,anticyclonic,SYNTHETIC_DEMO_DATA
4495,Chennai Coast,13.2054,80.19901,2026-06-30 16:20:15,31.731,1.031,2.382,11.602,0,none,SYNTHETIC_DEMO_DATA
4496,Gujarat Coast,22.52295,69.29796,2026-06-30 19:15:06,29.857,0.857,1.715,14.417,0,none,SYNTHETIC_DEMO_DATA
4497,Chennai Coast,12.97056,80.13387,2026-06-30 22:09:57,32.156,1.456,2.583,21.855,1,anticyclonic,SYNTHETIC_DEMO_DATA
4498,Chennai Coast,13.31708,79.70439,2026-07-01 01:04:48,30.993,0.494,2.215,16.888,0,none,SYNTHETIC_DEMO_DATA
4499,Visakhapatnam,17.65122,83.48209,2026-07-01 03:59:39,31.115,1.316,2.283,20.751,0,none,SYNTHETIC_DEMO_DATA
4500,Chennai Coast,12.80861,80.05371,2026-07-01 06:54:30,30.078,-0.421,1.735,16.402,0,none,SYNTHETIC_DEMO_DATA
4501,Gujarat Coast,22.74459,69.78037,2026-07-01 09:49:21,28.842,0.043,1.821,15.445,0,none,SYNTHETIC_DEMO_DATA
4502,Mumbai Coast,19.07997,73.17291,2026-07-01 12:44:13,29.278,-0.021,2.754,20.327,0,none,SYNTHETIC_DEMO_DATA
4503,Lakshadweep,10.47174,72.70651,2026-07-01 15:39:04,29.985,0.186,2.457,15.617,0,none,SYNTHETIC_DEMO_DATA
4504,Goa Coast,15.20865,73.89472,2026-07-01 18:33:55,30.389,0.89,2.421,21.075,0,none,SYNTHETIC_DEMO_DATA
4505,Sundarbans,22.21311,89.21099,2026-07-01 21:28:46,29.213,-0.286,2.952,26.997,1,cyclonic,SYNTHETIC_DEMO_DATA
4506,Chennai Coast,13.32934,80.70477,2026-07-02 00:23:37,29.886,-0.613,2.084,13.774,0,none,SYNTHETIC_DEMO_DATA
4507,Visakhapatnam,17.18762,83.11027,2026-07-02 03:18:28,29.549,-0.25,2.049,13.997,1,anticyclonic,SYNTHETIC_DEMO_DATA
4508,Mumbai Coast,18.83428,72.62312,2026-07-02 06:13:19,28.734,-0.565,3.088,24.847,0,none,SYNTHETIC_DEMO_DATA
4509,Visakhapatnam,17.85026,83.34285,2026-07-02 09:08:10,29.599,-0.2,2.95,19.691,0,none,SYNTHETIC_DEMO_DATA
4510,Lakshadweep,10.55096,72.345,2026-07-02 12:03:01,30.752,0.953,2.686,27.572,1,anticyclonic,SYNTHETIC_DEMO_DATA
4511,Visakhapatnam,17.55939,83.46546,2026-07-02 14:57:52,29.501,-0.298,1.828,17.42,0,none,SYNTHETIC_DEMO_DATA
4512,Mumbai Coast,18.81144,72.8798,2026-07-02 17:52:43,29.543,0.244,2.708,22.922,0,none,SYNTHETIC_DEMO_DATA
4513,Odisha Coast,20.07671,85.98341,2026-07-02 20:47:34,30.251,-0.048,2.964,21.164,1,cyclonic,SYNTHETIC_DEMO_DATA
4514,Lakshadweep,10.72354,72.82759,2026-07-02 23:42:25,29.927,0.128,1.661,13.443,0,none,SYNTHETIC_DEMO_DATA
4515,Lakshadweep,10.65222,72.87224,2026-07-03 02:37:16,30.379,0.58,2.462,14.35,1,cyclonic,SYNTHETIC_DEMO_DATA
4516,Goa Coast,15.43812,74.04924,2026-07-03 05:32:07,30.906,1.407,2.612,16.659,0,none,SYNTHETIC_DEMO_DATA
4517,Chennai Coast,12.70695,80.64876,2026-07-03 08:26:58,30.998,0.499,3.352,23.974,0,none,SYNTHETIC_DEMO_DATA
4518,Sundarbans,21.78085,89.18158,2026-07-03 11:21:49,28.72,-0.779,2.97,17.883,0,none,SYNTHETIC_DEMO_DATA
4519,Goa Coast,15.37842,73.54477,2026-07-03 14:16:41,29.954,0.455,2.931,25.402,0,none,SYNTHETIC_DEMO_DATA
4520,Kerala Coast,9.78094,76.48662,2026-07-03 17:11:32,28.293,-1.306,2.911,27.106,1,anticyclonic,SYNTHETIC_DEMO_DATA
4521,Lakshadweep,10.40407,72.64363,2026-07-03 20:06:23,30.314,0.515,2.221,22.779,1,anticyclonic,SYNTHETIC_DEMO_DATA
4522,Gujarat Coast,22.60183,69.71683,2026-07-03 23:01:14,28.175,-0.624,2.241,18.747,0,none,SYNTHETIC_DEMO_DATA
4523,Mumbai Coast,19.14387,73.00919,2026-07-04 01:56:05,29.066,-0.233,3.053,21.641,0,none,SYNTHETIC_DEMO_DATA
4524,Lakshadweep,10.41469,72.61249,2026-07-04 04:50:56,30.519,0.72,1.871,12.957,1,cyclonic,SYNTHETIC_DEMO_DATA
4525,Andaman & Nicobar,12.04452,92.29787,2026-07-04 07:45:47,30.133,-0.166,2.894,21.203,1,cyclonic,SYNTHETIC_DEMO_DATA
4526,Kerala Coast,9.90907,76.22395,2026-07-04 10:40:38,30.671,1.072,2.809,23.505,0,none,SYNTHETIC_DEMO_DATA
4527,Sundarbans,22.03099,88.96901,2026-07-04 13:35:29,28.898,-0.601,3.204,24.105,1,anticyclonic,SYNTHETIC_DEMO_DATA
4528,Sundarbans,21.99514,89.07174,2026-07-04 16:30:20,29.544,0.045,3.326,33.364,0,none,SYNTHETIC_DEMO_DATA
4529,Kerala Coast,9.81435,76.26162,2026-07-04 19:25:11,30.137,0.538,2.61,22.651,0,none,SYNTHETIC_DEMO_DATA
4530,Mumbai Coast,18.91202,73.06454,2026-07-04 22:20:02,29.832,0.533,3.065,26.509,0,none,SYNTHETIC_DEMO_DATA
4531,Sundarbans,21.85831,89.29433,2026-07-05 01:14:53,28.642,-0.857,2.356,22.538,0,none,SYNTHETIC_DEMO_DATA
4532,Odisha Coast,20.12482,85.69007,2026-07-05 04:09:44,30.665,0.366,2.375,22.975,0,none,SYNTHETIC_DEMO_DATA
4533,Goa Coast,15.53102,73.57107,2026-07-05 07:04:35,30.406,0.907,2.964,20.903,1,cyclonic,SYNTHETIC_DEMO_DATA
4534,Goa Coast,15.5467,73.8138,2026-07-05 09:59:26,28.589,-0.91,2.729,22.595,1,cyclonic,SYNTHETIC_DEMO_DATA
4535,Sundarbans,22.16609,89.01325,2026-07-05 12:54:17,30.49,0.991,2.75,24.782,0,none,SYNTHETIC_DEMO_DATA
4536,Mumbai Coast,19.17602,72.84302,2026-07-05 15:49:08,29.309,0.01,2.92,22.43,1,anticyclonic,SYNTHETIC_DEMO_DATA
4537,Sundarbans,21.99109,89.28812,2026-07-05 18:44:00,30.665,1.166,2.505,18.973,0,none,SYNTHETIC_DEMO_DATA
4538,Goa Coast,15.43543,73.83356,2026-07-05 21:38:51,29.622,0.123,2.329,22.447,0,none,SYNTHETIC_DEMO_DATA
4539,Andaman & Nicobar,11.60088,92.43921,2026-07-06 00:33:42,30.454,0.155,2.968,25.292,0,none,SYNTHETIC_DEMO_DATA
4540,Andaman & Nicobar,11.69954,92.57792,2026-07-06 03:28:33,29.82,-0.479,1.658,22.004,0,none,SYNTHETIC_DEMO_DATA
4541,Mumbai Coast,19.03632,72.99929,2026-07-06 06:23:24,27.928,-1.371,3.005,27.38,0,none,SYNTHETIC_DEMO_DATA
4542,Gujarat Coast,22.30582,69.9193,2026-07-06 09:18:15,28.662,-0.137,2.369,21.265,0,none,SYNTHETIC_DEMO_DATA
4543,Lakshadweep,10.45404,72.80147,2026-07-06 12:13:06,29.941,0.142,2.824,25.91,0,none,SYNTHETIC_DEMO_DATA
4544,Gujarat Coast,22.37333,69.6839,2026-07-06 15:07:57,29.95,1.151,1.735,17.172,1,anticyclonic,SYNTHETIC_DEMO_DATA
4545,Kerala Coast,9.8812,76.12672,2026-07-06 18:02:48,29.195,-0.404,2.853,22.343,0,none,SYNTHETIC_DEMO_DATA
4546,Goa Coast,15.5629,73.76716,2026-07-06 20:57:39,30.288,0.789,2.457,13.56,0,none,SYNTHETIC_DEMO_DATA
4547,Mumbai Coast,18.77097,73.18456,2026-07-06 23:52:30,29.844,0.545,2.985,27.333,0,none,SYNTHETIC_DEMO_DATA
4548,Andaman & Nicobar,11.42529,92.69666,2026-07-07 02:47:21,30.129,-0.17,1.939,12.813,0,none,SYNTHETIC_DEMO_DATA
4549,Mumbai Coast,19.21411,72.8752,2026-07-07 05:42:12,28.36,-0.939,2.722,16.941,1,anticyclonic,SYNTHETIC_DEMO_DATA
4550,Andaman & Nicobar,12.15391,92.66338,2026-07-07 08:37:03,29.94,-0.359,2.626,16.715,0,none,SYNTHETIC_DEMO_DATA
4551,Sundarbans,22.03527,89.33923,2026-07-07 11:31:54,29.02,-0.479,2.871,26.241,0,none,SYNTHETIC_DEMO_DATA
4552,Sundarbans,22.09967,89.14965,2026-07-07 14:26:45,29.951,0.452,2.698,19.222,1,cyclonic,SYNTHETIC_DEMO_DATA
4553,Sundarbans,21.75613,89.19738,2026-07-07 17:21:36,29.794,0.295,3.411,20.866,0,none,SYNTHETIC_DEMO_DATA
4554,Mumbai Coast,19.20596,73.03662,2026-07-07 20:16:28,28.4,-0.899,3.221,23.281,0,none,SYNTHETIC_DEMO_DATA
4555,Goa Coast,15.35782,73.84975,2026-07-07 23:11:19,29.209,-0.29,1.915,15.482,1,cyclonic,SYNTHETIC_DEMO_DATA
4556,Visakhapatnam,17.70509,83.27591,2026-07-08 02:06:10,30.252,0.453,2.168,17.358,0,none,SYNTHETIC_DEMO_DATA
4557,Odisha Coast,20.0542,86.13178,2026-07-08 05:01:01,30.406,0.107,2.765,20.077,0,none,SYNTHETIC_DEMO_DATA
4558,Andaman & Nicobar,11.51563,92.44805,2026-07-08 07:55:52,29.75,-0.549,2.147,18.288,0,none,SYNTHETIC_DEMO_DATA
4559,Goa Coast,15.32665,73.71347,2026-07-08 10:50:43,29.823,0.324,2.405,23.872,1,cyclonic,SYNTHETIC_DEMO_DATA
4560,Gujarat Coast,22.12529,69.47927,2026-07-08 13:45:34,29.593,0.794,2.599,16.24,0,none,SYNTHETIC_DEMO_DATA
4561,Kerala Coast,9.88564,76.11711,2026-07-08 16:40:25,30.419,0.82,2.852,22.873,0,none,SYNTHETIC_DEMO_DATA
4562,Kerala Coast,10.12895,76.5143,2026-07-08 19:35:16,29.296,-0.303,2.713,20.471,0,none,SYNTHETIC_DEMO_DATA
4563,Sundarbans,22.20042,89.39188,2026-07-08 22:30:07,30.147,0.648,3.71,24.436,1,cyclonic,SYNTHETIC_DEMO_DATA
4564,Odisha Coast,19.56997,85.91143,2026-07-09 01:24:58,30.795,0.495,2.636,20.972,1,anticyclonic,SYNTHETIC_DEMO_DATA
4565,Andaman & Nicobar,11.62295,92.54797,2026-07-09 04:19:49,30.066,-0.233,2.403,23.103,0,none,SYNTHETIC_DEMO_DATA
4566,Chennai Coast,12.73923,80.17416,2026-07-09 07:14:40,30.899,0.4,2.175,14.122,0,none,SYNTHETIC_DEMO_DATA
4567,Goa Coast,15.20835,73.78645,2026-07-09 10:09:31,28.589,-0.91,1.999,15.488,0,none,SYNTHETIC_DEMO_DATA
4568,Goa Coast,15.4062,73.73044,2026-07-09 13:04:22,30.787,1.288,1.637,16.602,1,cyclonic,SYNTHETIC_DEMO_DATA
4569,Chennai Coast,13.09206,80.39064,2026-07-09 15:59:13,30.586,0.087,1.938,16.493,1,anticyclonic,SYNTHETIC_DEMO_DATA
4570,Visakhapatnam,17.39543,83.29268,2026-07-09 18:54:04,29.367,-0.432,3.051,19.318,0,none,SYNTHETIC_DEMO_DATA
4571,Gujarat Coast,22.66563,69.82492,2026-07-09 21:48:56,27.178,-1.621,2.426,16.233,0,none,SYNTHETIC_DEMO_DATA
4572,Sundarbans,21.98741,89.33356,2026-07-10 00:43:47,29.182,-0.317,2.31,21.651,0,none,SYNTHETIC_DEMO_DATA
4573,Kerala Coast,9.84338,76.34756,2026-07-10 03:38:38,30.392,0.793,2.612,25.109,0,none,SYNTHETIC_DEMO_DATA
4574,Andaman & Nicobar,11.96989,92.73596,2026-07-10 06:33:29,29.585,-0.714,1.883,9.906,1,anticyclonic,SYNTHETIC_DEMO_DATA
4575,Goa Coast,15.74177,73.66102,2026-07-10 09:28:20,28.55,-0.949,2.825,23.288,0,none,SYNTHETIC_DEMO_DATA
4576,Goa Coast,15.7406,73.89286,2026-07-10 12:23:11,30.321,0.822,2.555,19.686,1,anticyclonic,SYNTHETIC_DEMO_DATA
4577,Sundarbans,21.96838,89.12466,2026-07-10 15:18:02,28.358,-1.141,3.447,31.925,0,none,SYNTHETIC_DEMO_DATA
4578,Odisha Coast,19.81368,85.94602,2026-07-10 18:12:53,31.147,0.848,1.947,14.528,0,none,SYNTHETIC_DEMO_DATA
4579,Visakhapatnam,17.99535,83.39787,2026-07-10 21:07:44,30.019,0.22,2.132,19.259,0,none,SYNTHETIC_DEMO_DATA
4580,Visakhapatnam,17.70868,83.15491,2026-07-11 00:02:35,28.305,-1.494,2.448,15.35,0,none,SYNTHETIC_DEMO_DATA
4581,Odisha Coast,19.86369,85.65739,2026-07-11 02:57:26,29.622,-0.677,1.726,17.02,0,none,SYNTHETIC_DEMO_DATA
4582,Lakshadweep,10.5826,72.45457,2026-07-11 05:52:17,29.481,-0.318,2.716,24.677,0,none,SYNTHETIC_DEMO_DATA
4583,Odisha Coast,20.14051,85.71174,2026-07-11 08:47:08,30.496,0.197,3.112,23.228,1,cyclonic,SYNTHETIC_DEMO_DATA
4584,Goa Coast,15.5948,74.09149,2026-07-11 11:41:59,28.22,-1.279,2.755,20.243,1,anticyclonic,SYNTHETIC_DEMO_DATA
4585,Mumbai Coast,18.91502,72.72387,2026-07-11 14:36:50,30.019,0.72,2.61,21.675,0,none,SYNTHETIC_DEMO_DATA
4586,Gujarat Coast,22.43342,69.58738,2026-07-11 17:31:41,27.616,-1.183,2.234,17.293,1,cyclonic,SYNTHETIC_DEMO_DATA
4587,Visakhapatnam,17.59539,83.23691,2026-07-11 20:26:32,29.49,-0.309,2.056,16.67,1,anticyclonic,SYNTHETIC_DEMO_DATA
4588,Chennai Coast,12.91116,80.74606,2026-07-11 23:21:24,30.77,0.271,1.633,13.366,0,none,SYNTHETIC_DEMO_DATA
4589,Gujarat Coast,22.41664,69.49469,2026-07-12 02:16:15,29.783,0.984,2.357,13.418,0,none,SYNTHETIC_DEMO_DATA
4590,Visakhapatnam,17.92517,83.14882,2026-07-12 05:11:06,30.529,0.73,1.106,9.642,0,none,SYNTHETIC_DEMO_DATA
4591,Gujarat Coast,22.27112,69.61106,2026-07-12 08:05:57,29.846,1.047,1.88,20.667,1,cyclonic,SYNTHETIC_DEMO_DATA
4592,Sundarbans,21.85037,89.2929,2026-07-12 11:00:48,28.403,-1.096,3.426,24.521,0,none,SYNTHETIC_DEMO_DATA
4593,Sundarbans,21.75225,89.39191,2026-07-12 13:55:39,29.814,0.315,2.644,21.605,0,none,SYNTHETIC_DEMO_DATA
4594,Goa Coast,15.5034,74.0728,2026-07-12 16:50:30,29.2,-0.299,2.174,18.878,1,cyclonic,SYNTHETIC_DEMO_DATA
4595,Gujarat Coast,22.34039,69.42326,2026-07-12 19:45:21,29.839,1.04,2.049,20.963,0,none,SYNTHETIC_DEMO_DATA
4596,Sundarbans,21.81732,89.12628,2026-07-12 22:40:12,30.184,0.685,2.388,18.859,0,none,SYNTHETIC_DEMO_DATA
4597,Andaman & Nicobar,11.44823,92.91798,2026-07-13 01:35:03,30.235,-0.064,2.976,26.423,1,anticyclonic,SYNTHETIC_DEMO_DATA
4598,Sundarbans,22.12077,89.27187,2026-07-13 04:29:54,28.345,-1.154,2.643,21.04,0,none,SYNTHETIC_DEMO_DATA
4599,Lakshadweep,10.52877,72.46787,2026-07-13 07:24:45,28.719,-1.08,2.21,20.858,1,anticyclonic,SYNTHETIC_DEMO_DATA
4600,Goa Coast,15.76825,74.05724,2026-07-13 10:19:36,29.713,0.214,2.347,18.743,1,anticyclonic,SYNTHETIC_DEMO_DATA
4601,Lakshadweep,10.44556,72.52669,2026-07-13 13:14:27,29.058,-0.741,1.47,8.482,0,none,SYNTHETIC_DEMO_DATA
4602,Lakshadweep,10.82302,72.47004,2026-07-13 16:09:18,29.264,-0.535,2.11,16.546,1,anticyclonic,SYNTHETIC_DEMO_DATA
4603,Chennai Coast,13.21852,80.144,2026-07-13 19:04:09,30.14,-0.359,2.078,17.27,1,anticyclonic,SYNTHETIC_DEMO_DATA
4604,Goa Coast,15.53348,73.60043,2026-07-13 21:59:00,27.893,-1.606,2.052,17.571,1,cyclonic,SYNTHETIC_DEMO_DATA
4605,Visakhapatnam,17.63849,83.1177,2026-07-14 00:53:52,30.239,0.44,2.581,23.436,1,cyclonic,SYNTHETIC_DEMO_DATA
4606,Kerala Coast,10.12103,76.3768,2026-07-14 03:48:43,29.646,0.047,3.071,31.988,0,none,SYNTHETIC_DEMO_DATA
4607,Visakhapatnam,17.632,83.09837,2026-07-14 06:43:34,30.413,0.614,2.739,23.764,0,none,SYNTHETIC_DEMO_DATA
4608,Kerala Coast,9.89722,76.11536,2026-07-14 09:38:25,29.789,0.19,2.634,25.901,1,anticyclonic,SYNTHETIC_DEMO_DATA
4609,Andaman & Nicobar,11.41884,92.65076,2026-07-14 12:33:16,30.514,0.215,2.33,19.152,0,none,SYNTHETIC_DEMO_DATA
4610,Kerala Coast,10.35391,76.1595,2026-07-14 15:28:07,29.016,-0.583,2.6,23.565,0,none,SYNTHETIC_DEMO_DATA
4611,Sundarbans,21.69727,89.05472,2026-07-14 18:22:58,30.587,1.088,3.308,24.527,0,none,SYNTHETIC_DEMO_DATA
4612,Chennai Coast,13.21582,80.02943,2026-07-14 21:17:49,30.882,0.383,2.143,18.288,1,cyclonic,SYNTHETIC_DEMO_DATA
4613,Goa Coast,15.602,74.07069,2026-07-15 00:12:40,28.743,-0.756,2.417,20.681,0,none,SYNTHETIC_DEMO_DATA
4614,Mumbai Coast,19.01728,72.79644,2026-07-15 03:07:31,29.728,0.429,1.99,14.914,1,cyclonic,SYNTHETIC_DEMO_DATA
4615,Mumbai Coast,18.88935,72.90647,2026-07-15 06:02:22,29.449,0.15,2.661,21.708,0,none,SYNTHETIC_DEMO_DATA
4616,Kerala Coast,9.66646,76.37191,2026-07-15 08:57:13,30.503,0.903,2.545,27.382,1,cyclonic,SYNTHETIC_DEMO_DATA
4617,Visakhapatnam,17.88706,83.20875,2026-07-15 11:52:04,29.333,-0.466,2.648,15.293,1,cyclonic,SYNTHETIC_DEMO_DATA
4618,Mumbai Coast,18.94176,72.94707,2026-07-15 14:46:55,29.134,-0.165,3.186,20.579,0,none,SYNTHETIC_DEMO_DATA
4619,Gujarat Coast,22.18379,69.53936,2026-07-15 17:41:46,28.464,-0.335,2.73,17.458,0,none,SYNTHETIC_DEMO_DATA
4620,Andaman & Nicobar,11.44929,92.83794,2026-07-15 20:36:37,30.877,0.578,2.487,14.611,0,none,SYNTHETIC_DEMO_DATA
4621,Gujarat Coast,22.38137,69.47677,2026-07-15 23:31:28,27.145,-1.654,2.23,11.431,0,none,SYNTHETIC_DEMO_DATA
4622,Lakshadweep,10.46055,72.59319,2026-07-16 02:26:19,30.139,0.34,2.542,22.573,1,anticyclonic,SYNTHETIC_DEMO_DATA
4623,Andaman & Nicobar,11.74291,93.02068,2026-07-16 05:21:11,28.255,-2.044,3.074,21.157,1,anticyclonic,SYNTHETIC_DEMO_DATA
4624,Sundarbans,22.01059,88.92885,2026-07-16 08:16:02,30.016,0.517,1.621,17.3,1,cyclonic,SYNTHETIC_DEMO_DATA
4625,Chennai Coast,13.21547,79.91227,2026-07-16 11:10:53,30.673,0.174,1.861,17.183,1,anticyclonic,SYNTHETIC_DEMO_DATA
4626,Chennai Coast,13.08587,80.51974,2026-07-16 14:05:44,31.062,0.563,1.411,16.597,1,cyclonic,SYNTHETIC_DEMO_DATA
4627,Sundarbans,21.79666,89.2009,2026-07-16 17:00:35,30.479,0.98,2.983,22.596,0,none,SYNTHETIC_DEMO_DATA
4628,Odisha Coast,19.88592,85.2601,2026-07-16 19:55:26,29.306,-0.993,2.863,23.638,1,anticyclonic,SYNTHETIC_DEMO_DATA
4629,Goa Coast,15.31249,74.17916,2026-07-16 22:50:17,29.158,-0.341,2.914,21.077,0,none,SYNTHETIC_DEMO_DATA
4630,Chennai Coast,12.76059,80.15379,2026-07-17 01:45:08,28.51,-1.989,2.198,19.734,1,cyclonic,SYNTHETIC_DEMO_DATA
4631,Odisha Coast,19.61302,85.77753,2026-07-17 04:39:59,30.122,-0.177,1.853,8.158,1,anticyclonic,SYNTHETIC_DEMO_DATA
4632,Visakhapatnam,17.47198,83.00345,2026-07-17 07:34:50,29.164,-0.635,1.073,9.174,0,none,SYNTHETIC_DEMO_DATA
4633,Visakhapatnam,17.51059,83.53221,2026-07-17 10:29:41,30.268,0.469,2.678,24.991,0,none,SYNTHETIC_DEMO_DATA
4634,Odisha Coast,19.55256,85.81837,2026-07-17 13:24:32,30.256,-0.043,2.703,16.08,1,cyclonic,SYNTHETIC_DEMO_DATA
4635,Odisha Coast,19.79779,85.72285,2026-07-17 16:19:23,29.135,-1.164,3.398,21.539,1,anticyclonic,SYNTHETIC_DEMO_DATA
4636,Goa Coast,15.50187,73.71473,2026-07-17 19:14:14,28.949,-0.55,2.253,16.709,0,none,SYNTHETIC_DEMO_DATA
4637,Andaman & Nicobar,11.9589,92.55025,2026-07-17 22:09:05,30.742,0.443,2.892,20.342,0,none,SYNTHETIC_DEMO_DATA
4638,Kerala Coast,10.48546,76.16725,2026-07-18 01:03:56,29.104,-0.495,2.764,30.251,1,cyclonic,SYNTHETIC_DEMO_DATA
4639,Gujarat Coast,22.35689,69.3669,2026-07-18 03:58:47,28.166,-0.633,1.436,13.413,0,none,SYNTHETIC_DEMO_DATA
4640,Lakshadweep,10.35035,72.5132,2026-07-18 06:53:39,28.711,-1.088,2.596,20.658,0,none,SYNTHETIC_DEMO_DATA
4641,Andaman & Nicobar,11.84052,92.57775,2026-07-18 09:48:30,28.935,-1.364,2.355,19.958,1,anticyclonic,SYNTHETIC_DEMO_DATA
4642,Sundarbans,22.18418,89.26929,2026-07-18 12:43:21,30.04,0.541,2.477,19.334,0,none,SYNTHETIC_DEMO_DATA
4643,Lakshadweep,10.50009,72.80552,2026-07-18 15:38:12,27.954,-1.845,2.023,17.889,1,anticyclonic,SYNTHETIC_DEMO_DATA
4644,Sundarbans,21.58088,89.64098,2026-07-18 18:33:03,29.832,0.333,2.471,22.716,1,anticyclonic,SYNTHETIC_DEMO_DATA
4645,Sundarbans,21.59327,89.2249,2026-07-18 21:27:54,29.202,-0.297,2.5,17.932,1,cyclonic,SYNTHETIC_DEMO_DATA
4646,Kerala Coast,10.11832,76.4332,2026-07-19 00:22:45,28.314,-1.285,2.543,18.26,0,none,SYNTHETIC_DEMO_DATA
4647,Goa Coast,15.58714,73.88147,2026-07-19 03:17:36,29.649,0.15,2.03,22.658,1,cyclonic,SYNTHETIC_DEMO_DATA
4648,Sundarbans,21.73857,89.06748,2026-07-19 06:12:27,29.314,-0.185,3.342,23.351,0,none,SYNTHETIC_DEMO_DATA
4649,Visakhapatnam,17.79841,83.16465,2026-07-19 09:07:18,31.139,1.34,2.55,20.006,1,cyclonic,SYNTHETIC_DEMO_DATA
4650,Visakhapatnam,17.50129,82.89609,2026-07-19 12:02:09,30.178,0.379,1.772,13.635,0,none,SYNTHETIC_DEMO_DATA
4651,Chennai Coast,12.86214,80.33943,2026-07-19 14:57:00,31.711,1.212,2.883,22.745,0,none,SYNTHETIC_DEMO_DATA
4652,Lakshadweep,10.46156,72.67878,2026-07-19 17:51:51,28.775,-1.024,2.362,15.587,0,none,SYNTHETIC_DEMO_DATA
4653,Chennai Coast,13.21311,80.33399,2026-07-19 20:46:42,30.384,-0.115,1.258,13.014,0,none,SYNTHETIC_DEMO_DATA
4654,Visakhapatnam,17.5841,83.01714,2026-07-19 23:41:33,29.628,-0.171,2.239,17.043,1,cyclonic,SYNTHETIC_DEMO_DATA
4655,Odisha Coast,20.00599,86.11759,2026-07-20 02:36:24,29.479,-0.82,2.792,23.272,1,anticyclonic,SYNTHETIC_DEMO_DATA
4656,Odisha Coast,20.11742,86.22805,2026-07-20 05:31:15,31.885,1.586,2.854,23.479,1,anticyclonic,SYNTHETIC_DEMO_DATA
4657,Odisha Coast,19.66345,85.99154,2026-07-20 08:26:07,30.616,0.317,3.444,25.692,0,none,SYNTHETIC_DEMO_DATA
4658,Mumbai Coast,19.03324,73.22022,2026-07-20 11:20:58,29.555,0.256,2.747,22.237,1,cyclonic,SYNTHETIC_DEMO_DATA
4659,Kerala Coast,9.96065,76.03663,2026-07-20 14:15:49,29.274,-0.326,2.467,21.902,0,none,SYNTHETIC_DEMO_DATA
4660,Kerala Coast,9.95775,76.36882,2026-07-20 17:10:40,29.422,-0.177,3.716,32.11,0,none,SYNTHETIC_DEMO_DATA
4661,Andaman & Nicobar,11.78267,92.85177,2026-07-20 20:05:31,31.279,0.98,2.978,23.856,1,anticyclonic,SYNTHETIC_DEMO_DATA
4662,Mumbai Coast,18.71214,72.64734,2026-07-20 23:00:22,28.452,-0.847,3.801,29.709,0,none,SYNTHETIC_DEMO_DATA
4663,Odisha Coast,19.9947,85.80148,2026-07-21 01:55:13,31.577,1.278,2.582,22.907,0,none,SYNTHETIC_DEMO_DATA
4664,Chennai Coast,13.01234,80.48153,2026-07-21 04:50:04,31.48,0.981,2.4,22.266,0,none,SYNTHETIC_DEMO_DATA
4665,Chennai Coast,12.84728,80.25281,2026-07-21 07:44:55,30.242,-0.257,2.369,17.817,0,none,SYNTHETIC_DEMO_DATA
4666,Andaman & Nicobar,11.28945,92.79823,2026-07-21 10:39:46,31.884,1.585,2.441,21.616,0,none,SYNTHETIC_DEMO_DATA
4667,Chennai Coast,12.95225,80.36371,2026-07-21 13:34:37,30.05,-0.449,1.999,15.628,0,none,SYNTHETIC_DEMO_DATA
4668,Odisha Coast,20.10516,85.56982,2026-07-21 16:29:28,30.701,0.402,3.168,25.312,1,cyclonic,SYNTHETIC_DEMO_DATA
4669,Goa Coast,15.82447,73.84271,2026-07-21 19:24:19,29.262,-0.237,2.184,23.636,0,none,SYNTHETIC_DEMO_DATA
4670,Kerala Coast,9.96586,76.56107,2026-07-21 22:19:10,31.624,2.025,2.614,17.318,1,cyclonic,SYNTHETIC_DEMO_DATA
4671,Sundarbans,21.98641,89.17489,2026-07-22 01:14:01,28.609,-0.89,3.174,27.242,0,none,SYNTHETIC_DEMO_DATA
4672,Gujarat Coast,22.22173,69.46212,2026-07-22 04:08:52,29.863,1.064,2.11,16.199,0,none,SYNTHETIC_DEMO_DATA
4673,Visakhapatnam,17.86229,83.14235,2026-07-22 07:03:43,29.894,0.095,1.945,15.112,1,anticyclonic,SYNTHETIC_DEMO_DATA
4674,Andaman & Nicobar,11.90107,92.53415,2026-07-22 09:58:35,31.909,1.61,2.012,18.08,0,none,SYNTHETIC_DEMO_DATA
4675,Andaman & Nicobar,11.37392,92.91757,2026-07-22 12:53:26,30.977,0.678,2.194,23.499,0,none,SYNTHETIC_DEMO_DATA
4676,Chennai Coast,13.02367,80.21121,2026-07-22 15:48:17,31.815,1.316,2.341,20.001,1,anticyclonic,SYNTHETIC_DEMO_DATA
4677,Mumbai Coast,19.53169,72.65642,2026-07-22 18:43:08,29.801,0.502,2.719,28.688,0,none,SYNTHETIC_DEMO_DATA
4678,Mumbai Coast,18.71647,72.8496,2026-07-22 21:37:59,29.522,0.223,1.72,16.413,1,cyclonic,SYNTHETIC_DEMO_DATA
4679,Gujarat Coast,22.48432,69.55543,2026-07-23 00:32:50,28.171,-0.628,2.162,14.159,1,cyclonic,SYNTHETIC_DEMO_DATA
4680,Sundarbans,21.52443,89.3983,2026-07-23 03:27:41,30.022,0.522,2.517,24.437,0,none,SYNTHETIC_DEMO_DATA
4681,Chennai Coast,13.21583,80.3154,2026-07-23 06:22:32,31.121,0.622,2.15,20.842,0,none,SYNTHETIC_DEMO_DATA
4682,Odisha Coast,19.66213,85.99369,2026-07-23 09:17:23,30.19,-0.109,3.086,27.567,1,cyclonic,SYNTHETIC_DEMO_DATA
4683,Gujarat Coast,22.368,69.82762,2026-07-23 12:12:14,28.471,-0.328,2.622,22.03,1,cyclonic,SYNTHETIC_DEMO_DATA
4684,Sundarbans,21.58192,89.39261,2026-07-23 15:07:05,30.192,0.693,2.753,24.574,1,cyclonic,SYNTHETIC_DEMO_DATA
4685,Mumbai Coast,18.75355,72.62277,2026-07-23 18:01:56,29.421,0.122,2.095,19.288,1,anticyclonic,SYNTHETIC_DEMO_DATA
4686,Goa Coast,15.42938,74.1845,2026-07-23 20:56:47,29.168,-0.331,2.28,23.882,0,none,SYNTHETIC_DEMO_DATA
4687,Lakshadweep,10.64327,72.68841,2026-07-23 23:51:38,29.073,-0.726,2.268,17.786,1,cyclonic,SYNTHETIC_DEMO_DATA
4688,Visakhapatnam,17.83366,83.32838,2026-07-24 02:46:29,29.2,-0.599,2.448,27.824,0,none,SYNTHETIC_DEMO_DATA
4689,Sundarbans,22.14688,89.47613,2026-07-24 05:41:20,29.576,0.076,2.659,23.323,0,none,SYNTHETIC_DEMO_DATA
4690,Goa Coast,15.47295,73.89902,2026-07-24 08:36:11,28.726,-0.773,2.3,16.657,0,none,SYNTHETIC_DEMO_DATA
4691,Sundarbans,21.77116,89.66041,2026-07-24 11:31:03,30.009,0.51,3.022,27.231,1,anticyclonic,SYNTHETIC_DEMO_DATA
4692,Sundarbans,21.67883,89.35088,2026-07-24 14:25:54,30.522,1.023,2.426,24.205,1,anticyclonic,SYNTHETIC_DEMO_DATA
4693,Lakshadweep,10.45004,72.72272,2026-07-24 17:20:45,30.119,0.32,3.008,20.304,0,none,SYNTHETIC_DEMO_DATA
4694,Andaman & Nicobar,11.65953,92.70163,2026-07-24 20:15:36,29.985,-0.314,2.262,16.653,1,cyclonic,SYNTHETIC_DEMO_DATA
4695,Goa Coast,15.62092,73.76749,2026-07-24 23:10:27,28.332,-1.167,2.189,22.235,1,anticyclonic,SYNTHETIC_DEMO_DATA
4696,Andaman & Nicobar,12.27953,92.44141,2026-07-25 02:05:18,30.696,0.397,2.421,18.093,0,none,SYNTHETIC_DEMO_DATA
4697,Sundarbans,22.08585,89.14168,2026-07-25 05:00:09,30.476,0.977,2.189,23.593,0,none,SYNTHETIC_DEMO_DATA
4698,Sundarbans,21.85266,89.11889,2026-07-25 07:55:00,29.476,-0.023,2.731,28.905,1,cyclonic,SYNTHETIC_DEMO_DATA
4699,Chennai Coast,13.10322,80.02148,2026-07-25 10:49:51,31.296,0.797,3.018,25.133,1,anticyclonic,SYNTHETIC_DEMO_DATA
4700,Sundarbans,21.6035,89.52426,2026-07-25 13:44:42,29.165,-0.334,3.192,22.694,0,none,SYNTHETIC_DEMO_DATA
4701,Andaman & Nicobar,11.62791,92.3521,2026-07-25 16:39:33,29.944,-0.355,2.835,27.114,0,none,SYNTHETIC_DEMO_DATA
4702,Sundarbans,21.94636,89.09215,2026-07-25 19:34:24,30.006,0.507,3.204,30.443,1,anticyclonic,SYNTHETIC_DEMO_DATA
4703,Mumbai Coast,18.86872,72.556,2026-07-25 22:29:15,28.758,-0.541,2.364,18.831,1,cyclonic,SYNTHETIC_DEMO_DATA
4704,Andaman & Nicobar,11.56092,92.53403,2026-07-26 01:24:06,29.603,-0.696,2.436,15.977,1,anticyclonic,SYNTHETIC_DEMO_DATA
4705,Goa Coast,15.51989,73.97717,2026-07-26 04:18:57,29.379,-0.12,2.282,21.451,0,none,SYNTHETIC_DEMO_DATA
4706,Visakhapatnam,17.46464,83.2759,2026-07-26 07:13:48,28.966,-0.833,2.476,17.515,0,none,SYNTHETIC_DEMO_DATA
4707,Kerala Coast,9.66608,75.84779,2026-07-26 10:08:39,29.726,0.127,3.007,19.599,1,anticyclonic,SYNTHETIC_DEMO_DATA
4708,Mumbai Coast,19.02844,72.91164,2026-07-26 13:03:31,29.611,0.312,3.283,23.999,1,cyclonic,SYNTHETIC_DEMO_DATA
4709,Goa Coast,15.25244,73.74026,2026-07-26 15:58:22,29.447,-0.052,2.591,20.405,0,none,SYNTHETIC_DEMO_DATA
4710,Kerala Coast,9.76804,76.54213,2026-07-26 18:53:13,29.794,0.195,2.412,20.652,0,none,SYNTHETIC_DEMO_DATA
4711,Visakhapatnam,17.50084,83.29879,2026-07-26 21:48:04,29.646,-0.153,1.944,18.133,0,none,SYNTHETIC_DEMO_DATA
4712,Goa Coast,15.22239,73.81352,2026-07-27 00:42:55,31.018,1.519,1.619,15.109,1,cyclonic,SYNTHETIC_DEMO_DATA
4713,Andaman & Nicobar,11.781,92.71943,2026-07-27 03:37:46,29.697,-0.602,2.266,21.045,0,none,SYNTHETIC_DEMO_DATA
4714,Kerala Coast,10.10111,76.30443,2026-07-27 06:32:37,29.08,-0.519,4.045,24.926,0,none,SYNTHETIC_DEMO_DATA
4715,Sundarbans,21.59853,89.02754,2026-07-27 09:27:28,29.309,-0.19,2.511,23.454,0,none,SYNTHETIC_DEMO_DATA
4716,Mumbai Coast,18.8942,72.76255,2026-07-27 12:22:19,29.405,0.106,1.777,11.787,0,none,SYNTHETIC_DEMO_DATA
4717,Andaman & Nicobar,11.82863,92.73078,2026-07-27 15:17:10,30.943,0.644,2.299,15.009,0,none,SYNTHETIC_DEMO_DATA
4718,Lakshadweep,10.46317,72.44747,2026-07-27 18:12:01,31.298,1.499,2.327,17.396,0,none,SYNTHETIC_DEMO_DATA
4719,Kerala Coast,10.03462,76.26174,2026-07-27 21:06:52,30.911,1.312,3.433,27.265,1,cyclonic,SYNTHETIC_DEMO_DATA
4720,Odisha Coast,19.97971,85.96909,2026-07-28 00:01:43,29.941,-0.358,3.006,21.68,0,none,SYNTHETIC_DEMO_DATA
4721,Mumbai Coast,19.09909,72.72557,2026-07-28 02:56:34,28.282,-1.017,2.712,28.818,0,none,SYNTHETIC_DEMO_DATA
4722,Andaman & Nicobar,11.80588,92.7751,2026-07-28 05:51:25,30.636,0.337,3.091,31.715,0,none,SYNTHETIC_DEMO_DATA
4723,Lakshadweep,10.20696,73.1103,2026-07-28 08:46:16,29.845,0.046,1.541,18.963,1,anticyclonic,SYNTHETIC_DEMO_DATA
4724,Sundarbans,22.22009,89.1874,2026-07-28 11:41:07,28.705,-0.794,2.483,16.672,1,cyclonic,SYNTHETIC_DEMO_DATA
4725,Visakhapatnam,17.60762,83.39255,2026-07-28 14:35:58,29.226,-0.573,1.853,18.624,1,cyclonic,SYNTHETIC_DEMO_DATA
4726,Kerala Coast,10.03012,76.45114,2026-07-28 17:30:50,28.924,-0.675,2.389,23.063,0,none,SYNTHETIC_DEMO_DATA
4727,Sundarbans,22.21528,89.06978,2026-07-28 20:25:41,28.185,-1.314,2.938,23.468,1,cyclonic,SYNTHETIC_DEMO_DATA
4728,Andaman & Nicobar,11.65696,92.89129,2026-07-28 23:20:32,30.267,-0.032,2.36,18.629,0,none,SYNTHETIC_DEMO_DATA
4729,Odisha Coast,19.91184,85.69915,2026-07-29 02:15:23,30.076,-0.223,2.812,20.399,0,none,SYNTHETIC_DEMO_DATA
4730,Gujarat Coast,22.62528,69.44838,2026-07-29 05:10:14,29.448,0.649,2.083,12.548,1,cyclonic,SYNTHETIC_DEMO_DATA
4731,Lakshadweep,10.71658,72.74281,2026-07-29 08:05:05,30.147,0.348,2.033,17.002,1,cyclonic,SYNTHETIC_DEMO_DATA
4732,Gujarat Coast,22.29823,69.54007,2026-07-29 10:59:56,27.836,-0.963,1.495,14.558,1,cyclonic,SYNTHETIC_DEMO_DATA
4733,Goa Coast,15.37732,73.87966,2026-07-29 13:54:47,29.144,-0.355,2.029,15.939,1,cyclonic,SYNTHETIC_DEMO_DATA
4734,Visakhapatnam,17.53266,83.16092,2026-07-29 16:49:38,28.312,-1.487,2.148,17.093,0,none,SYNTHETIC_DEMO_DATA
4735,Andaman & Nicobar,11.83356,92.56032,2026-07-29 19:44:29,29.322,-0.977,2.542,22.048,1,anticyclonic,SYNTHETIC_DEMO_DATA
4736,Kerala Coast,9.79257,76.44963,2026-07-29 22:39:20,29.204,-0.395,2.736,22.726,0,none,SYNTHETIC_DEMO_DATA
4737,Sundarbans,21.90852,88.67312,2026-07-30 01:34:11,29.303,-0.196,2.909,21.361,0,none,SYNTHETIC_DEMO_DATA
4738,Chennai Coast,12.93852,80.2625,2026-07-30 04:29:02,29.136,-1.363,2.548,17.356,1,cyclonic,SYNTHETIC_DEMO_DATA
4739,Chennai Coast,13.3773,80.06119,2026-07-30 07:23:53,30.221,-0.278,3.33,28.406,0,none,SYNTHETIC_DEMO_DATA
4740,Mumbai Coast,18.87849,73.06717,2026-07-30 10:18:44,29.019,-0.28,1.946,19.019,0,none,SYNTHETIC_DEMO_DATA
4741,Visakhapatnam,18.01536,83.19438,2026-07-30 13:13:35,30.113,0.314,2.671,21.493,0,none,SYNTHETIC_DEMO_DATA
4742,Kerala Coast,9.82874,76.48715,2026-07-30 16:08:26,30.985,1.386,2.602,22.928,0,none,SYNTHETIC_DEMO_DATA
4743,Kerala Coast,9.71601,76.06586,2026-07-30 19:03:18,29.266,-0.333,2.575,21.195,1,cyclonic,SYNTHETIC_DEMO_DATA
4744,Chennai Coast,13.03843,79.94759,2026-07-30 21:58:09,30.092,-0.407,2.131,17.544,0,none,SYNTHETIC_DEMO_DATA
4745,Gujarat Coast,22.34509,69.35132,2026-07-31 00:53:00,28.668,-0.132,1.993,14.114,0,none,SYNTHETIC_DEMO_DATA
4746,Chennai Coast,12.85844,80.41631,2026-07-31 03:47:51,29.893,-0.606,3.24,26.933,1,anticyclonic,SYNTHETIC_DEMO_DATA
4747,Goa Coast,15.51293,73.90939,2026-07-31 06:42:42,28.616,-0.883,2.629,18.865,0,none,SYNTHETIC_DEMO_DATA
4748,Visakhapatnam,17.87742,83.53258,2026-07-31 09:37:33,30.537,0.737,1.815,19.52,1,cyclonic,SYNTHETIC_DEMO_DATA
4749,Andaman & Nicobar,11.74441,92.55242,2026-07-31 12:32:24,30.662,0.363,2.594,27.251,0,none,SYNTHETIC_DEMO_DATA
4750,Chennai Coast,13.06608,80.28461,2026-07-31 15:27:15,30.758,0.258,1.857,18.279,1,cyclonic,SYNTHETIC_DEMO_DATA
4751,Sundarbans,21.70958,89.17104,2026-07-31 18:22:06,30.233,0.734,3.089,27.845,1,anticyclonic,SYNTHETIC_DEMO_DATA
4752,Odisha Coast,19.73416,86.015,2026-07-31 21:16:57,29.87,-0.429,2.149,14.169,1,anticyclonic,SYNTHETIC_DEMO_DATA
4753,Andaman & Nicobar,11.98077,92.43514,2026-08-01 00:11:48,29.007,-0.743,2.696,20.805,1,cyclonic,SYNTHETIC_DEMO_DATA
4754,Andaman & Nicobar,11.75906,92.64643,2026-08-01 03:06:39,29.267,-0.483,1.917,21.843,1,anticyclonic,SYNTHETIC_DEMO_DATA
4755,Visakhapatnam,17.72384,83.25665,2026-08-01 06:01:30,30.085,0.835,1.966,14.944,0,none,SYNTHETIC_DEMO_DATA
4756,Gujarat Coast,22.50662,69.90844,2026-08-01 08:56:21,29.559,1.309,2.04,17.355,1,cyclonic,SYNTHETIC_DEMO_DATA
4757,Mumbai Coast,18.7037,72.78742,2026-08-01 11:51:12,28.663,-0.087,2.953,22.288,0,none,SYNTHETIC_DEMO_DATA
4758,Odisha Coast,19.91972,85.91227,2026-08-01 14:46:03,29.112,-0.638,3.014,27.296,1,anticyclonic,SYNTHETIC_DEMO_DATA
4759,Kerala Coast,9.96642,76.20299,2026-08-01 17:40:54,28.698,-0.352,2.694,25.662,0,none,SYNTHETIC_DEMO_DATA
4760,Gujarat Coast,22.41882,69.16829,2026-08-01 20:35:46,27.173,-1.077,1.859,14.676,0,none,SYNTHETIC_DEMO_DATA
4761,Lakshadweep,10.24406,72.58774,2026-08-01 23:30:37,28.677,-0.573,2.083,15.418,1,cyclonic,SYNTHETIC_DEMO_DATA
4762,Andaman & Nicobar,11.22585,92.96411,2026-08-02 02:25:28,29.666,-0.084,1.685,18.875,0,none,SYNTHETIC_DEMO_DATA
4763,Sundarbans,22.01795,89.40846,2026-08-02 05:20:19,30.139,1.189,2.232,17.671,0,none,SYNTHETIC_DEMO_DATA
4764,Visakhapatnam,17.78367,83.18401,2026-08-02 08:15:10,29.507,0.257,2.875,25.017,1,cyclonic,SYNTHETIC_DEMO_DATA
4765,Kerala Coast,10.21121,76.18594,2026-08-02 11:10:01,27.808,-1.242,2.926,27.638,1,anticyclonic,SYNTHETIC_DEMO_DATA
4766,Odisha Coast,19.78491,85.62367,2026-08-02 14:04:52,29.694,-0.056,2.356,17.815,0,none,SYNTHETIC_DEMO_DATA
4767,Mumbai Coast,18.74507,72.64673,2026-08-02 16:59:43,27.824,-0.926,2.427,19.35,0,none,SYNTHETIC_DEMO_DATA
4768,Sundarbans,21.83078,89.39348,2026-08-02 19:54:34,28.483,-0.467,2.844,24.41,1,cyclonic,SYNTHETIC_DEMO_DATA
4769,Odisha Coast,20.12681,86.33424,2026-08-02 22:49:25,29.07,-0.68,1.845,19.124,0,none,SYNTHETIC_DEMO_DATA
4770,Sundarbans,21.5797,89.16689,2026-08-03 01:44:16,28.727,-0.223,3.047,20.836,1,cyclonic,SYNTHETIC_DEMO_DATA
4771,Visakhapatnam,17.45691,82.96887,2026-08-03 04:39:07,29.984,0.734,2.379,22.488,0,none,SYNTHETIC_DEMO_DATA
4772,Goa Coast,15.47874,73.88174,2026-08-03 07:33:58,29.093,0.143,2.527,23.525,0,none,SYNTHETIC_DEMO_DATA
4773,Odisha Coast,19.96359,85.74115,2026-08-03 10:28:49,30.871,1.121,3.365,23.691,0,none,SYNTHETIC_DEMO_DATA
4774,Lakshadweep,10.28951,72.7309,2026-08-03 13:23:40,28.188,-1.062,2.053,21.382,0,none,SYNTHETIC_DEMO_DATA
4775,Visakhapatnam,17.83158,83.12257,2026-08-03 16:18:31,29.229,-0.021,3.553,26.058,0,none,SYNTHETIC_DEMO_DATA
4776,Sundarbans,22.2422,88.80748,2026-08-03 19:13:22,29.153,0.203,2.45,16.173,0,none,SYNTHETIC_DEMO_DATA
4777,Chennai Coast,13.06554,80.64815,2026-08-03 22:08:14,30.272,0.322,1.806,18.827,0,none,SYNTHETIC_DEMO_DATA
4778,Goa Coast,15.76712,73.79032,2026-08-04 01:03:05,28.455,-0.495,1.936,20.133,0,none,SYNTHETIC_DEMO_DATA
4779,Odisha Coast,19.77356,85.81541,2026-08-04 03:57:56,30.564,0.814,1.995,20.322,1,cyclonic,SYNTHETIC_DEMO_DATA
4780,Sundarbans,21.97962,89.19379,2026-08-04 06:52:47,28.45,-0.5,2.887,24.822,0,none,SYNTHETIC_DEMO_DATA
4781,Andaman & Nicobar,12.36334,92.38797,2026-08-04 09:47:38,30.535,0.785,1.988,19.317,1,cyclonic,SYNTHETIC_DEMO_DATA
4782,Mumbai Coast,19.15564,72.61298,2026-08-04 12:42:29,28.929,0.179,3.037,25.527,0,none,SYNTHETIC_DEMO_DATA
4783,Chennai Coast,13.17084,80.36856,2026-08-04 15:37:20,29.357,-0.593,3.175,21.959,0,none,SYNTHETIC_DEMO_DATA
4784,Goa Coast,15.72309,73.85242,2026-08-04 18:32:11,29.301,0.351,1.636,14.599,0,none,SYNTHETIC_DEMO_DATA
4785,Andaman & Nicobar,11.97976,92.35295,2026-08-04 21:27:02,29.587,-0.163,3.467,25.313,1,cyclonic,SYNTHETIC_DEMO_DATA
4786,Chennai Coast,13.01461,80.24481,2026-08-05 00:21:53,30.012,0.062,1.81,18.304,0,none,SYNTHETIC_DEMO_DATA
4787,Mumbai Coast,18.67738,72.83192,2026-08-05 03:16:44,28.91,0.16,2.686,28.093,0,none,SYNTHETIC_DEMO_DATA
4788,Sundarbans,21.85079,88.88693,2026-08-05 06:11:35,29.01,0.06,2.985,25.271,1,cyclonic,SYNTHETIC_DEMO_DATA
4789,Chennai Coast,13.42314,80.19203,2026-08-05 09:06:26,30.188,0.238,1.572,15.142,1,anticyclonic,SYNTHETIC_DEMO_DATA
4790,Mumbai Coast,18.93138,72.86857,2026-08-05 12:01:17,29.116,0.366,3.037,30.469,0,none,SYNTHETIC_DEMO_DATA
4791,Odisha Coast,19.54102,85.90519,2026-08-05 14:56:08,29.398,-0.352,2.225,18.164,0,none,SYNTHETIC_DEMO_DATA
4792,Lakshadweep,10.49796,72.79614,2026-08-05 17:50:59,28.457,-0.793,1.879,17.771,0,none,SYNTHETIC_DEMO_DATA
4793,Lakshadweep,10.30205,72.38714,2026-08-05 20:45:50,28.401,-0.849,2.133,17.478,0,none,SYNTHETIC_DEMO_DATA
4794,Visakhapatnam,17.98722,82.85466,2026-08-05 23:40:42,29.266,0.016,2.701,22.259,0,none,SYNTHETIC_DEMO_DATA
4795,Chennai Coast,13.32638,80.46841,2026-08-06 02:35:33,31.961,2.011,2.528,20.147,1,cyclonic,SYNTHETIC_DEMO_DATA
4796,Odisha Coast,19.9141,85.85079,2026-08-06 05:30:24,29.178,-0.572,1.323,14.359,1,anticyclonic,SYNTHETIC_DEMO_DATA
4797,Mumbai Coast,18.53522,72.67529,2026-08-06 08:25:15,27.045,-1.705,2.649,22.578,1,cyclonic,SYNTHETIC_DEMO_DATA
4798,Odisha Coast,19.59003,86.01956,2026-08-06 11:20:06,29.461,-0.289,2.496,17.34,1,cyclonic,SYNTHETIC_DEMO_DATA
4799,Chennai Coast,12.6961,80.13552,2026-08-06 14:14:57,29.006,-0.944,2.707,21.179,0,none,SYNTHETIC_DEMO_DATA
4800,Mumbai Coast,18.70628,72.71275,2026-08-06 17:09:48,30.317,1.567,2.286,21.437,1,anticyclonic,SYNTHETIC_DEMO_DATA
4801,Gujarat Coast,22.08336,69.74428,2026-08-06 20:04:39,27.43,-0.82,1.72,14.689,1,cyclonic,SYNTHETIC_DEMO_DATA
4802,Mumbai Coast,18.88376,72.78873,2026-08-06 22:59:30,29.328,0.578,2.427,20.66,0,none,SYNTHETIC_DEMO_DATA
4803,Visakhapatnam,17.64797,83.44149,2026-08-07 01:54:21,28.565,-0.685,1.956,18.164,0,none,SYNTHETIC_DEMO_DATA
4804,Goa Coast,15.62919,73.62563,2026-08-07 04:49:12,29.674,0.724,3.078,21.854,0,none,SYNTHETIC_DEMO_DATA
4805,Gujarat Coast,22.21841,69.32178,2026-08-07 07:44:03,29.014,0.764,2.159,17.367,1,cyclonic,SYNTHETIC_DEMO_DATA
4806,Goa Coast,15.72246,73.75908,2026-08-07 10:38:54,28.743,-0.207,3.027,21.345,0,none,SYNTHETIC_DEMO_DATA
4807,Kerala Coast,10.40638,76.2422,2026-08-07 13:33:45,28.677,-0.373,2.943,27.151,0,none,SYNTHETIC_DEMO_DATA
4808,Andaman & Nicobar,11.81057,92.45785,2026-08-07 16:28:36,29.069,-0.681,1.898,15.196,1,cyclonic,SYNTHETIC_DEMO_DATA
4809,Chennai Coast,12.9236,80.0315,2026-08-07 19:23:27,30.961,1.011,2.688,20.218,0,none,SYNTHETIC_DEMO_DATA
4810,Andaman & Nicobar,11.69282,92.66689,2026-08-07 22:18:18,29.178,-0.572,2.562,21.796,0,none,SYNTHETIC_DEMO_DATA
4811,Visakhapatnam,17.57608,83.06504,2026-08-08 01:13:09,27.612,-1.638,2.141,15.142,1,cyclonic,SYNTHETIC_DEMO_DATA
4812,Visakhapatnam,17.42656,83.01196,2026-08-08 04:08:01,28.29,-0.96,1.753,18.911,1,cyclonic,SYNTHETIC_DEMO_DATA
4813,Mumbai Coast,18.96735,72.83387,2026-08-08 07:02:52,29.097,0.347,2.285,17.629,0,none,SYNTHETIC_DEMO_DATA
4814,Mumbai Coast,19.03926,72.9128,2026-08-08 09:57:43,28.406,-0.344,3.314,23.656,1,anticyclonic,SYNTHETIC_DEMO_DATA
4815,Goa Coast,15.51039,73.82343,2026-08-08 12:52:34,30.12,1.17,2.289,19.349,1,anticyclonic,SYNTHETIC_DEMO_DATA
4816,Visakhapatnam,17.58338,83.21373,2026-08-08 15:47:25,29.746,0.496,2.568,26.522,0,none,SYNTHETIC_DEMO_DATA
4817,Andaman & Nicobar,12.00102,92.79885,2026-08-08 18:42:16,30.781,1.031,2.143,20.097,1,cyclonic,SYNTHETIC_DEMO_DATA
4818,Chennai Coast,12.87609,80.32854,2026-08-08 21:37:07,29.896,-0.054,1.426,17.324,0,none,SYNTHETIC_DEMO_DATA
4819,Mumbai Coast,18.76893,72.98817,2026-08-09 00:31:58,29.487,0.737,3.277,26.381,1,cyclonic,SYNTHETIC_DEMO_DATA
4820,Lakshadweep,10.601,72.85797,2026-08-09 03:26:49,30.572,1.322,1.69,16.977,1,anticyclonic,SYNTHETIC_DEMO_DATA
4821,Mumbai Coast,19.27713,72.70563,2026-08-09 06:21:40,29.019,0.269,2.471,24.033,1,cyclonic,SYNTHETIC_DEMO_DATA
4822,Gujarat Coast,22.52929,69.57864,2026-08-09 09:16:31,28.283,0.033,1.245,18.639,0,none,SYNTHETIC_DEMO_DATA
4823,Lakshadweep,10.21451,72.49316,2026-08-09 12:11:22,29.683,0.433,2.429,18.986,0,none,SYNTHETIC_DEMO_DATA
4824,Lakshadweep,10.66871,72.61442,2026-08-09 15:06:13,28.704,-0.546,1.624,17.239,0,none,SYNTHETIC_DEMO_DATA
4825,Kerala Coast,9.94188,76.32623,2026-08-09 18:01:04,29.472,0.422,2.782,23.591,0,none,SYNTHETIC_DEMO_DATA
4826,Kerala Coast,10.15836,76.38407,2026-08-09 20:55:55,28.342,-0.708,1.521,15.102,0,none,SYNTHETIC_DEMO_DATA
4827,Odisha Coast,19.74861,85.74178,2026-08-09 23:50:46,29.752,0.002,2.943,24.859,0,none,SYNTHETIC_DEMO_DATA
4828,Mumbai Coast,18.88587,72.81617,2026-08-10 02:45:37,31.038,2.288,3.245,25.126,1,cyclonic,SYNTHETIC_DEMO_DATA
4829,Lakshadweep,10.76353,72.82408,2026-08-10 05:40:29,29.916,0.666,2.406,20.08,0,none,SYNTHETIC_DEMO_DATA
4830,Kerala Coast,9.70883,76.29479,2026-08-10 08:35:20,27.988,-1.062,3.398,31.417,0,none,SYNTHETIC_DEMO_DATA
4831,Chennai Coast,12.86114,80.2264,2026-08-10 11:30:11,29.14,-0.81,2.321,20.933,1,anticyclonic,SYNTHETIC_DEMO_DATA
4832,Odisha Coast,19.5156,86.47748,2026-08-10 14:25:02,28.936,-0.814,2.016,17.016,1,cyclonic,SYNTHETIC_DEMO_DATA
4833,Chennai Coast,13.07129,79.77979,2026-08-10 17:19:53,30.979,1.029,2.368,15.168,0,none,SYNTHETIC_DEMO_DATA
4834,Visakhapatnam,17.303,83.29579,2026-08-10 20:14:44,29.202,-0.048,1.967,24.065,0,none,SYNTHETIC_DEMO_DATA
4835,Lakshadweep,10.6537,72.30502,2026-08-10 23:09:35,28.779,-0.471,1.404,17.549,0,none,SYNTHETIC_DEMO_DATA
4836,Mumbai Coast,19.0074,72.69116,2026-08-11 02:04:26,30.311,1.561,2.193,18.429,1,cyclonic,SYNTHETIC_DEMO_DATA
4837,Odisha Coast,19.74063,85.81549,2026-08-11 04:59:17,31.069,1.319,2.712,19.328,1,cyclonic,SYNTHETIC_DEMO_DATA
4838,Sundarbans,21.6925,88.91165,2026-08-11 07:54:08,29.185,0.235,2.896,21.205,1,cyclonic,SYNTHETIC_DEMO_DATA
4839,Andaman & Nicobar,11.76587,92.81525,2026-08-11 10:48:59,31.605,1.855,2.742,21.982,1,anticyclonic,SYNTHETIC_DEMO_DATA
4840,Lakshadweep,10.54956,72.59384,2026-08-11 13:43:50,29.157,-0.093,2.109,20.996,0,none,SYNTHETIC_DEMO_DATA
4841,Goa Coast,15.46474,73.61116,2026-08-11 16:38:41,27.962,-0.988,2.767,25.754,1,anticyclonic,SYNTHETIC_DEMO_DATA
4842,Odisha Coast,19.7168,86.22705,2026-08-11 19:33:32,29.397,-0.353,2.173,21.419,0,none,SYNTHETIC_DEMO_DATA
4843,Sundarbans,21.83211,88.94249,2026-08-11 22:28:23,28.911,-0.039,2.693,25.382,0,none,SYNTHETIC_DEMO_DATA
4844,Odisha Coast,20.23709,85.94376,2026-08-12 01:23:14,30.156,0.406,2.423,25.571,1,anticyclonic,SYNTHETIC_DEMO_DATA
4845,Goa Coast,15.49744,73.5624,2026-08-12 04:18:05,27.914,-1.036,1.567,11.569,1,anticyclonic,SYNTHETIC_DEMO_DATA
4846,Goa Coast,15.30008,73.94576,2026-08-12 07:12:57,30.619,1.669,3.253,29.931,1,cyclonic,SYNTHETIC_DEMO_DATA
4847,Andaman & Nicobar,11.64935,92.45012,2026-08-12 10:07:48,30.612,0.862,2.651,19.726,0,none,SYNTHETIC_DEMO_DATA
4848,Sundarbans,21.92389,89.114,2026-08-12 13:02:39,28.571,-0.379,2.825,22.344,0,none,SYNTHETIC_DEMO_DATA
4849,Odisha Coast,19.54082,85.89669,2026-08-12 15:57:30,30.604,0.854,2.447,22.742,0,none,SYNTHETIC_DEMO_DATA
4850,Lakshadweep,10.16155,72.61497,2026-08-12 18:52:21,28.41,-0.84,2.061,14.983,1,anticyclonic,SYNTHETIC_DEMO_DATA
4851,Lakshadweep,10.65923,72.35401,2026-08-12 21:47:12,29.391,0.141,2.451,23.312,0,none,SYNTHETIC_DEMO_DATA
4852,Goa Coast,15.61478,74.12927,2026-08-13 00:42:03,30.013,1.063,2.305,16.901,0,none,SYNTHETIC_DEMO_DATA
4853,Odisha Coast,19.84274,85.7693,2026-08-13 03:36:54,29.426,-0.324,2.708,26.537,1,anticyclonic,SYNTHETIC_DEMO_DATA
4854,Sundarbans,22.14651,89.43448,2026-08-13 06:31:45,29.119,0.169,2.224,21.257,1,anticyclonic,SYNTHETIC_DEMO_DATA
4855,Sundarbans,21.82849,89.28277,2026-08-13 09:26:36,28.986,0.036,2.178,24.304,0,none,SYNTHETIC_DEMO_DATA
4856,Gujarat Coast,22.8856,69.53249,2026-08-13 12:21:27,28.332,0.082,2.247,18.662,0,none,SYNTHETIC_DEMO_DATA
4857,Andaman & Nicobar,11.36076,92.62389,2026-08-13 15:16:18,30.657,0.907,3.352,21.263,1,cyclonic,SYNTHETIC_DEMO_DATA
4858,Gujarat Coast,22.36925,69.83105,2026-08-13 18:11:09,28.44,0.19,2.34,20.171,0,none,SYNTHETIC_DEMO_DATA
4859,Visakhapatnam,17.80906,83.20583,2026-08-13 21:06:00,29.99,0.74,2.34,23.832,1,cyclonic,SYNTHETIC_DEMO_DATA
4860,Goa Coast,15.41961,73.83207,2026-08-14 00:00:51,28.98,0.03,2.081,17.672,0,none,SYNTHETIC_DEMO_DATA
4861,Sundarbans,21.63613,89.24707,2026-08-14 02:55:42,28.859,-0.091,1.32,11.516,1,anticyclonic,SYNTHETIC_DEMO_DATA
4862,Andaman & Nicobar,11.93231,92.68823,2026-08-14 05:50:33,30.962,1.212,4.044,31.953,1,anticyclonic,SYNTHETIC_DEMO_DATA
4863,Andaman & Nicobar,11.91473,92.33954,2026-08-14 08:45:25,31.012,1.262,3.252,25.348,1,cyclonic,SYNTHETIC_DEMO_DATA
4864,Goa Coast,15.31681,73.71536,2026-08-14 11:40:16,27.472,-1.478,2.883,24.109,0,none,SYNTHETIC_DEMO_DATA
4865,Andaman & Nicobar,11.4842,92.84785,2026-08-14 14:35:07,31.238,1.488,2.235,22.58,0,none,SYNTHETIC_DEMO_DATA
4866,Mumbai Coast,18.59731,72.65371,2026-08-14 17:29:58,28.3,-0.45,2.56,22.764,0,none,SYNTHETIC_DEMO_DATA
4867,Kerala Coast,10.12629,76.24266,2026-08-14 20:24:49,27.703,-1.347,2.981,25.987,0,none,SYNTHETIC_DEMO_DATA
4868,Chennai Coast,12.9323,80.55486,2026-08-14 23:19:40,29.608,-0.342,2.486,18.032,0,none,SYNTHETIC_DEMO_DATA
4869,Lakshadweep,10.64602,72.73081,2026-08-15 02:14:31,27.889,-1.361,2.47,20.776,1,cyclonic,SYNTHETIC_DEMO_DATA
4870,Gujarat Coast,22.10767,69.40456,2026-08-15 05:09:22,26.916,-1.334,2.61,24.974,0,none,SYNTHETIC_DEMO_DATA
4871,Odisha Coast,20.22648,85.90593,2026-08-15 08:04:13,30.404,0.654,2.524,18.606,0,none,SYNTHETIC_DEMO_DATA
4872,Lakshadweep,10.77111,72.68659,2026-08-15 10:59:04,28.494,-0.756,1.883,20.223,1,anticyclonic,SYNTHETIC_DEMO_DATA
4873,Sundarbans,21.68537,89.13301,2026-08-15 13:53:55,29.536,0.586,2.673,26.176,0,none,SYNTHETIC_DEMO_DATA
4874,Mumbai Coast,18.59374,72.85277,2026-08-15 16:48:46,29.438,0.688,3.063,28.982,0,none,SYNTHETIC_DEMO_DATA
4875,Odisha Coast,19.59569,85.65236,2026-08-15 19:43:37,28.443,-1.307,2.922,19.449,1,cyclonic,SYNTHETIC_DEMO_DATA
4876,Gujarat Coast,22.16559,69.8197,2026-08-15 22:38:28,29.49,1.24,1.756,12.933,0,none,SYNTHETIC_DEMO_DATA
4877,Kerala Coast,9.68361,76.61387,2026-08-16 01:33:19,29.728,0.678,3.71,27.821,1,cyclonic,SYNTHETIC_DEMO_DATA
4878,Kerala Coast,9.73403,76.73787,2026-08-16 04:28:10,27.15,-1.9,3.033,23.343,1,anticyclonic,SYNTHETIC_DEMO_DATA
4879,Gujarat Coast,22.38347,69.47553,2026-08-16 07:23:01,28.764,0.514,1.933,16.413,0,none,SYNTHETIC_DEMO_DATA
4880,Goa Coast,15.56741,73.86918,2026-08-16 10:17:53,28.135,-0.815,2.129,19.949,1,anticyclonic,SYNTHETIC_DEMO_DATA
4881,Chennai Coast,13.01928,80.25726,2026-08-16 13:12:44,30.137,0.187,2.946,19.917,0,none,SYNTHETIC_DEMO_DATA
4882,Lakshadweep,10.98984,72.46375,2026-08-16 16:07:35,29.621,0.371,1.517,15.305,1,cyclonic,SYNTHETIC_DEMO_DATA
4883,Kerala Coast,9.74115,76.23719,2026-08-16 19:02:26,27.693,-1.357,2.391,22.773,1,anticyclonic,SYNTHETIC_DEMO_DATA
4884,Odisha Coast,19.57595,85.70991,2026-08-16 21:57:17,29.384,-0.366,1.949,16.622,1,anticyclonic,SYNTHETIC_DEMO_DATA
4885,Sundarbans,21.81155,89.07445,2026-08-17 00:52:08,30.124,1.174,2.453,18.166,1,anticyclonic,SYNTHETIC_DEMO_DATA
4886,Visakhapatnam,17.53989,83.15697,2026-08-17 03:46:59,30.468,1.218,1.559,16.33,0,none,SYNTHETIC_DEMO_DATA
4887,Gujarat Coast,22.39344,69.60629,2026-08-17 06:41:50,28.023,-0.227,2.13,15.176,0,none,SYNTHETIC_DEMO_DATA
4888,Mumbai Coast,18.91769,72.84959,2026-08-17 09:36:41,30.312,1.562,2.525,25.841,0,none,SYNTHETIC_DEMO_DATA
4889,Chennai Coast,13.22336,80.15065,2026-08-17 12:31:32,30.235,0.285,3.155,27.016,1,cyclonic,SYNTHETIC_DEMO_DATA
4890,Kerala Coast,10.11253,76.47543,2026-08-17 15:26:23,29.476,0.426,2.562,26.905,1,anticyclonic,SYNTHETIC_DEMO_DATA
4891,Andaman & Nicobar,12.06729,92.67913,2026-08-17 18:21:14,29.84,0.09,2.151,14.215,1,anticyclonic,SYNTHETIC_DEMO_DATA
4892,Mumbai Coast,18.65924,72.92963,2026-08-17 21:16:05,26.998,-1.752,2.449,16.927,0,none,SYNTHETIC_DEMO_DATA
4893,Sundarbans,21.96498,89.09358,2026-08-18 00:10:56,28.44,-0.51,2.702,20.02,1,cyclonic,SYNTHETIC_DEMO_DATA
4894,Sundarbans,21.95945,89.16353,2026-08-18 03:05:47,28.949,-0.001,3.49,31.689,0,none,SYNTHETIC_DEMO_DATA
4895,Kerala Coast,9.98108,76.5294,2026-08-18 06:00:38,28.143,-0.907,2.953,26.878,0,none,SYNTHETIC_DEMO_DATA
4896,Kerala Coast,9.88605,75.89479,2026-08-18 08:55:29,28.074,-0.976,2.99,25.021,0,none,SYNTHETIC_DEMO_DATA
4897,Andaman & Nicobar,11.55396,92.51273,2026-08-18 11:50:21,30.216,0.466,2.219,18.03,0,none,SYNTHETIC_DEMO_DATA
4898,Mumbai Coast,19.0861,72.56069,2026-08-18 14:45:12,27.877,-0.873,2.835,23.047,1,anticyclonic,SYNTHETIC_DEMO_DATA
4899,Goa Coast,15.66161,73.8477,2026-08-18 17:40:03,30.29,1.34,2.313,18.607,1,anticyclonic,SYNTHETIC_DEMO_DATA
4900,Mumbai Coast,18.69607,73.00015,2026-08-18 20:34:54,30.06,1.31,2.021,20.475,1,cyclonic,SYNTHETIC_DEMO_DATA
4901,Chennai Coast,13.02975,79.98916,2026-08-18 23:29:45,30.755,0.805,1.442,11.484,0,none,SYNTHETIC_DEMO_DATA
4902,Gujarat Coast,22.38744,69.73353,2026-08-19 02:24:36,28.907,0.657,2.278,20.645,1,anticyclonic,SYNTHETIC_DEMO_DATA
4903,Gujarat Coast,21.95812,69.52638,2026-08-19 05:19:27,27.772,-0.478,2.3,19.001,1,anticyclonic,SYNTHETIC_DEMO_DATA
4904,Goa Coast,15.72919,73.66397,2026-08-19 08:14:18,29.256,0.306,1.548,15.22,1,anticyclonic,SYNTHETIC_DEMO_DATA
4905,Odisha Coast,19.88788,85.65672,2026-08-19 11:09:09,28.851,-0.899,2.599,21.46,1,cyclonic,SYNTHETIC_DEMO_DATA
4906,Gujarat Coast,22.37983,69.702,2026-08-19 14:04:00,29.097,0.847,2.459,13.614,0,none,SYNTHETIC_DEMO_DATA
4907,Visakhapatnam,17.8005,83.42182,2026-08-19 16:58:51,30.108,0.858,2.053,15.252,1,anticyclonic,SYNTHETIC_DEMO_DATA
4908,Goa Coast,15.39884,73.92936,2026-08-19 19:53:42,28.79,-0.16,1.997,13.82,0,none,SYNTHETIC_DEMO_DATA
4909,Goa Coast,15.44116,73.74827,2026-08-19 22:48:33,30.06,1.11,2.484,24.97,0,none,SYNTHETIC_DEMO_DATA
4910,Gujarat Coast,22.28815,69.77821,2026-08-20 01:43:24,27.631,-0.619,1.974,21.194,1,cyclonic,SYNTHETIC_DEMO_DATA
4911,Lakshadweep,10.22613,72.1007,2026-08-20 04:38:15,29.392,0.142,2.74,25.117,0,none,SYNTHETIC_DEMO_DATA
4912,Mumbai Coast,18.82505,72.4884,2026-08-20 07:33:06,28.406,-0.344,2.983,24.426,0,none,SYNTHETIC_DEMO_DATA
4913,Sundarbans,22.15446,88.9657,2026-08-20 10:27:57,28.282,-0.668,2.655,25.458,1,anticyclonic,SYNTHETIC_DEMO_DATA
4914,Gujarat Coast,22.23604,69.63333,2026-08-20 13:22:48,27.145,-1.105,1.843,19.072,1,anticyclonic,SYNTHETIC_DEMO_DATA
4915,Goa Coast,15.2466,74.2452,2026-08-20 16:17:40,27.309,-1.641,1.953,21.4,1,anticyclonic,SYNTHETIC_DEMO_DATA
4916,Odisha Coast,19.59351,85.89633,2026-08-20 19:12:31,29.69,-0.06,2.389,15.62,0,none,SYNTHETIC_DEMO_DATA
4917,Odisha Coast,19.84171,85.65424,2026-08-20 22:07:22,29.492,-0.258,2.755,15.579,1,anticyclonic,SYNTHETIC_DEMO_DATA
4918,Visakhapatnam,17.99332,83.31183,2026-08-21 01:02:13,29.521,0.271,2.054,15.218,0,none,SYNTHETIC_DEMO_DATA
4919,Andaman & Nicobar,11.69157,92.7513,2026-08-21 03:57:04,29.05,-0.7,2.342,14.242,0,none,SYNTHETIC_DEMO_DATA
4920,Mumbai Coast,18.71652,72.42517,2026-08-21 06:51:55,28.825,0.075,2.691,23.027,1,cyclonic,SYNTHETIC_DEMO_DATA
4921,Lakshadweep,10.70484,72.61887,2026-08-21 09:46:46,28.321,-0.929,2.536,18.933,0,none,SYNTHETIC_DEMO_DATA
4922,Andaman & Nicobar,11.99802,92.88017,2026-08-21 12:41:37,30.192,0.442,2.103,15.5,0,none,SYNTHETIC_DEMO_DATA
4923,Mumbai Coast,19.11033,72.88123,2026-08-21 15:36:28,28.205,-0.545,2.443,25.347,0,none,SYNTHETIC_DEMO_DATA
4924,Gujarat Coast,22.17387,69.71193,2026-08-21 18:31:19,27.213,-1.037,2.14,18.445,0,none,SYNTHETIC_DEMO_DATA
4925,Chennai Coast,12.92427,79.98717,2026-08-21 21:26:10,30.653,0.703,3.993,27.418,0,none,SYNTHETIC_DEMO_DATA
4926,Sundarbans,21.8531,89.27018,2026-08-22 00:21:01,28.144,-0.806,3.187,23.329,0,none,SYNTHETIC_DEMO_DATA
4927,Chennai Coast,13.21681,80.73889,2026-08-22 03:15:52,30.327,0.377,2.812,14.022,1,cyclonic,SYNTHETIC_DEMO_DATA
4928,Mumbai Coast,19.14687,72.56462,2026-08-22 06:10:43,26.023,-2.727,1.854,13.117,1,anticyclonic,SYNTHETIC_DEMO_DATA
4929,Odisha Coast,19.79517,85.99726,2026-08-22 09:05:34,30.09,0.34,2.299,18.38,0,none,SYNTHETIC_DEMO_DATA
4930,Visakhapatnam,18.19182,83.10833,2026-08-22 12:00:25,30.015,0.765,1.794,15.726,1,anticyclonic,SYNTHETIC_DEMO_DATA
4931,Sundarbans,21.99596,89.51147,2026-08-22 14:55:16,29.156,0.206,3.637,30.749,0,none,SYNTHETIC_DEMO_DATA
4932,Goa Coast,15.42892,73.62879,2026-08-22 17:50:08,29.543,0.593,2.591,22.319,1,anticyclonic,SYNTHETIC_DEMO_DATA
4933,Andaman & Nicobar,11.9161,92.62053,2026-08-22 20:44:59,28.487,-1.263,2.096,21.706,1,anticyclonic,SYNTHETIC_DEMO_DATA
4934,Andaman & Nicobar,11.794,92.60345,2026-08-22 23:39:50,30.572,0.822,3.164,19.216,0,none,SYNTHETIC_DEMO_DATA
4935,Chennai Coast,12.91006,79.95054,2026-08-23 02:34:41,29.836,-0.114,1.665,14.365,0,none,SYNTHETIC_DEMO_DATA
4936,Mumbai Coast,19.10366,72.76658,2026-08-23 05:29:32,28.075,-0.675,2.507,19.694,0,none,SYNTHETIC_DEMO_DATA
4937,Lakshadweep,10.82163,72.19859,2026-08-23 08:24:23,29.739,0.489,2.218,19.174,0,none,SYNTHETIC_DEMO_DATA
4938,Mumbai Coast,18.83772,73.09286,2026-08-23 11:19:14,29.182,0.432,2.255,13.823,0,none,SYNTHETIC_DEMO_DATA
4939,Visakhapatnam,17.5237,82.81767,2026-08-23 14:14:05,29.11,-0.14,2.022,22.087,1,cyclonic,SYNTHETIC_DEMO_DATA
4940,Chennai Coast,13.16573,80.29754,2026-08-23 17:08:56,29.705,-0.245,2.623,22.868,0,none,SYNTHETIC_DEMO_DATA
4941,Goa Coast,15.26166,74.09674,2026-08-23 20:03:47,29.508,0.558,1.639,14.515,1,anticyclonic,SYNTHETIC_DEMO_DATA
4942,Kerala Coast,10.2383,76.01547,2026-08-23 22:58:38,28.637,-0.413,2.35,24.287,0,none,SYNTHETIC_DEMO_DATA
4943,Andaman & Nicobar,11.33345,92.41522,2026-08-24 01:53:29,29.772,0.022,2.572,23.88,1,anticyclonic,SYNTHETIC_DEMO_DATA
4944,Andaman & Nicobar,11.58018,92.69657,2026-08-24 04:48:20,29.499,-0.251,2.44,25.335,0,none,SYNTHETIC_DEMO_DATA
4945,Sundarbans,21.70943,89.08289,2026-08-24 07:43:11,29.085,0.135,3.018,27.617,0,none,SYNTHETIC_DEMO_DATA
4946,Goa Coast,15.47354,73.64931,2026-08-24 10:38:02,27.596,-1.354,2.219,16.065,1,anticyclonic,SYNTHETIC_DEMO_DATA
4947,Chennai Coast,13.10372,79.98795,2026-08-24 13:32:53,29.719,-0.231,2.314,21.917,0,none,SYNTHETIC_DEMO_DATA
4948,Mumbai Coast,18.83206,72.71762,2026-08-24 16:27:44,29.611,0.861,2.434,21.342,1,anticyclonic,SYNTHETIC_DEMO_DATA
4949,Visakhapatnam,17.43508,83.11645,2026-08-24 19:22:36,29.176,-0.074,2.486,23.246,0,none,SYNTHETIC_DEMO_DATA
4950,Chennai Coast,12.90647,80.0261,2026-08-24 22:17:27,29.824,-0.126,2.783,21.913,0,none,SYNTHETIC_DEMO_DATA
4951,Chennai Coast,13.10333,80.19495,2026-08-25 01:12:18,28.496,-1.454,2.77,17.777,1,anticyclonic,SYNTHETIC_DEMO_DATA
4952,Sundarbans,22.03567,89.0775,2026-08-25 04:07:09,29.097,0.147,3.468,27.586,1,anticyclonic,SYNTHETIC_DEMO_DATA
4953,Goa Coast,15.23439,73.70199,2026-08-25 07:02:00,28.775,-0.175,1.308,10.778,1,anticyclonic,SYNTHETIC_DEMO_DATA
4954,Odisha Coast,19.49453,86.06005,2026-08-25 09:56:51,30.305,0.555,2.493,24.58,0,none,SYNTHETIC_DEMO_DATA
4955,Chennai Coast,12.74038,80.03545,2026-08-25 12:51:42,30.894,0.944,2.29,18.175,1,anticyclonic,SYNTHETIC_DEMO_DATA
4956,Odisha Coast,19.61115,85.49617,2026-08-25 15:46:33,30.622,0.872,2.628,22.972,0,none,SYNTHETIC_DEMO_DATA
4957,Odisha Coast,20.01979,85.96457,2026-08-25 18:41:24,30.573,0.823,1.635,18.711,0,none,SYNTHETIC_DEMO_DATA
4958,Chennai Coast,12.99468,80.14863,2026-08-25 21:36:15,30.409,0.459,2.178,15.648,1,cyclonic,SYNTHETIC_DEMO_DATA
4959,Lakshadweep,10.82352,72.35823,2026-08-26 00:31:06,28.345,-0.905,2.771,20.292,1,anticyclonic,SYNTHETIC_DEMO_DATA
4960,Lakshadweep,10.34464,72.59479,2026-08-26 03:25:57,30.601,1.351,2.162,15.542,0,none,SYNTHETIC_DEMO_DATA
4961,Chennai Coast,13.10997,80.13599,2026-08-26 06:20:48,28.137,-1.813,1.681,12.408,0,none,SYNTHETIC_DEMO_DATA
4962,Mumbai Coast,18.7465,72.97326,2026-08-26 09:15:39,29.203,0.453,2.478,26.847,0,none,SYNTHETIC_DEMO_DATA
4963,Lakshadweep,10.64273,72.65819,2026-08-26 12:10:30,29.164,-0.086,2.274,16.695,0,none,SYNTHETIC_DEMO_DATA
4964,Visakhapatnam,17.74969,83.4993,2026-08-26 15:05:21,28.952,-0.298,2.237,20.39,0,none,SYNTHETIC_DEMO_DATA
4965,Lakshadweep,10.4924,72.79912,2026-08-26 18:00:12,29.413,0.163,2.017,20.026,0,none,SYNTHETIC_DEMO_DATA
4966,Odisha Coast,20.00079,85.98431,2026-08-26 20:55:04,31.194,1.444,2.963,22.958,0,none,SYNTHETIC_DEMO_DATA
4967,Visakhapatnam,17.88169,83.40886,2026-08-26 23:49:55,30.954,1.704,2.208,15.974,0,none,SYNTHETIC_DEMO_DATA
4968,Chennai Coast,12.9079,80.19198,2026-08-27 02:44:46,30.229,0.279,2.132,22.735,0,none,SYNTHETIC_DEMO_DATA
4969,Sundarbans,22.01139,89.43631,2026-08-27 05:39:37,27.902,-1.048,2.396,23.798,0,none,SYNTHETIC_DEMO_DATA
4970,Andaman & Nicobar,11.57551,92.62951,2026-08-27 08:34:28,28.217,-1.533,2.968,24.48,1,anticyclonic,SYNTHETIC_DEMO_DATA
4971,Andaman & Nicobar,11.55359,92.64325,2026-08-27 11:29:19,29.752,0.002,3.153,24.703,1,anticyclonic,SYNTHETIC_DEMO_DATA
4972,Chennai Coast,12.95274,80.31678,2026-08-27 14:24:10,31.341,1.391,1.855,17.129,1,anticyclonic,SYNTHETIC_DEMO_DATA
4973,Andaman & Nicobar,11.75654,92.5685,2026-08-27 17:19:01,29.503,-0.247,3.222,24.658,0,none,SYNTHETIC_DEMO_DATA
4974,Goa Coast,15.54915,74.06927,2026-08-27 20:13:52,28.967,0.017,2.658,21.835,0,none,SYNTHETIC_DEMO_DATA
4975,Andaman & Nicobar,11.90291,92.68777,2026-08-27 23:08:43,29.547,-0.203,3.021,22.658,1,cyclonic,SYNTHETIC_DEMO_DATA
4976,Andaman & Nicobar,11.80754,92.61502,2026-08-28 02:03:34,30.35,0.6,3.01,26.829,0,none,SYNTHETIC_DEMO_DATA
4977,Mumbai Coast,18.98815,73.16183,2026-08-28 04:58:25,28.547,-0.203,2.475,21.276,0,none,SYNTHETIC_DEMO_DATA
4978,Odisha Coast,19.92244,85.755,2026-08-28 07:53:16,30.159,0.409,2.119,23.093,1,anticyclonic,SYNTHETIC_DEMO_DATA
4979,Lakshadweep,10.54028,72.99821,2026-08-28 10:48:07,28.459,-0.791,2.286,18.824,1,anticyclonic,SYNTHETIC_DEMO_DATA
4980,Gujarat Coast,22.66188,69.48445,2026-08-28 13:42:58,27.692,-0.558,2.677,22.221,0,none,SYNTHETIC_DEMO_DATA
4981,Lakshadweep,10.6401,72.42398,2026-08-28 16:37:49,30.44,1.19,2.047,22.591,0,none,SYNTHETIC_DEMO_DATA
4982,Lakshadweep,10.22936,72.74306,2026-08-28 19:32:40,28.994,-0.256,2.707,25.427,0,none,SYNTHETIC_DEMO_DATA
4983,Odisha Coast,19.73479,85.83416,2026-08-28 22:27:32,30.657,0.907,3.051,28.545,1,anticyclonic,SYNTHETIC_DEMO_DATA
4984,Kerala Coast,10.09137,76.4031,2026-08-29 01:22:23,31.031,1.981,2.161,18.568,0,none,SYNTHETIC_DEMO_DATA
4985,Odisha Coast,19.75193,85.65993,2026-08-29 04:17:14,30.87,1.12,2.265,10.207,1,cyclonic,SYNTHETIC_DEMO_DATA
4986,Sundarbans,21.83418,89.1398,2026-08-29 07:12:05,30.244,1.294,2.713,24.083,0,none,SYNTHETIC_DEMO_DATA
4987,Lakshadweep,10.53631,72.55385,2026-08-29 10:06:56,28.812,-0.438,2.236,21.29,0,none,SYNTHETIC_DEMO_DATA
4988,Lakshadweep,10.1855,72.65545,2026-08-29 13:01:47,29.456,0.206,1.406,15.802,0,none,SYNTHETIC_DEMO_DATA
4989,Lakshadweep,10.68368,72.46896,2026-08-29 15:56:38,29.291,0.041,2.923,23.715,1,anticyclonic,SYNTHETIC_DEMO_DATA
4990,Andaman & Nicobar,11.70436,92.24436,2026-08-29 18:51:29,29.17,-0.58,2.194,19.941,0,none,SYNTHETIC_DEMO_DATA
4991,Gujarat Coast,21.80562,69.63201,2026-08-29 21:46:20,27.445,-0.805,1.981,16.238,0,none,SYNTHETIC_DEMO_DATA
4992,Mumbai Coast,18.7363,72.88143,2026-08-30 00:41:11,28.31,-0.44,3.058,28.136,1,cyclonic,SYNTHETIC_DEMO_DATA
4993,Lakshadweep,10.39055,72.58274,2026-08-30 03:36:02,30.389,1.139,2.883,22.977,1,anticyclonic,SYNTHETIC_DEMO_DATA
4994,Mumbai Coast,19.16552,72.78825,2026-08-30 06:30:53,28.24,-0.51,2.143,15.633,0,none,SYNTHETIC_DEMO_DATA
4995,Gujarat Coast,22.34084,69.53011,2026-08-30 09:25:44,28.498,0.248,1.476,13.47,0,none,SYNTHETIC_DEMO_DATA
4996,Visakhapatnam,17.83383,83.08518,2026-08-30 12:20:35,28.304,-0.946,2.146,16.432,1,cyclonic,SYNTHETIC_DEMO_DATA
4997,Goa Coast,15.36387,73.70652,2026-08-30 15:15:26,29.441,0.491,2.781,21.675,0,none,SYNTHETIC_DEMO_DATA
4998,Andaman & Nicobar,12.03937,92.37986,2026-08-30 18:10:17,29.561,-0.189,2.524,18.639,0,none,SYNTHETIC_DEMO_DATA
4999,Gujarat Coast,21.98357,69.60495,2026-08-30 21:05:08,28.801,0.551,2.737,21.492,1,anticyclonic,SYNTHETIC_DEMO_DATA
5000,Kerala Coast,9.94659,75.96627,2026-08-31 00:00:00,29.231,0.181,3.047,26.713,0,none,SYNTHETIC_DEMO_DATA
