id,region,latitude,longitude,timestamp,wind_speed,rainfall,pressure,humidity,data_source
1,Sundarbans,21.87478,89.08838,2025-01-01 00:00:00,16.096,24.152,1005.787,73.2,SYNTHETIC_DEMO_DATA
2,Goa Coast,15.4019,74.0945,2025-01-01 02:54:51,12.081,17.296,1006.928,71.125,SYNTHETIC_DEMO_DATA
3,Gujarat Coast,22.27714,69.62142,2025-01-01 05:49:42,18.889,11.784,1011.039,84.73,SYNTHETIC_DEMO_DATA
4,Kerala Coast,10.17355,76.45388,2025-01-01 08:44:33,13.794,32.174,1016.668,76.358,SYNTHETIC_DEMO_DATA
5,Kerala Coast,9.5699,76.64861,2025-01-01 11:39:24,11.65,25.459,1006.992,91.353,SYNTHETIC_DEMO_DATA
6,Andaman & Nicobar,11.8975,92.65089,2025-01-01 14:34:15,10.441,10.103,1027.357,53.706,SYNTHETIC_DEMO_DATA
7,Sundarbans,22.21563,89.51648,2025-01-01 17:29:06,7.292,27.069,1011.445,84.041,SYNTHETIC_DEMO_DATA
8,Gujarat Coast,22.28261,69.66796,2025-01-01 20:23:57,16.972,8.682,1011.967,91.092,SYNTHETIC_DEMO_DATA
9,Visakhapatnam,17.97226,83.20243,2025-01-01 23:18:48,17.895,9.638,1004.049,62.495,SYNTHETIC_DEMO_DATA
10,Sundarbans,21.81309,89.04338,2025-01-02 02:13:39,13.057,30.299,1005.16,77.713,SYNTHETIC_DEMO_DATA
11,Mumbai Coast,18.83296,72.93773,2025-01-02 05:08:30,7.153,16.297,1003.042,93.439,SYNTHETIC_DEMO_DATA
12,Lakshadweep,10.53401,72.72996,2025-01-02 08:03:21,8.5,0.0,1009.221,54.854,SYNTHETIC_DEMO_DATA
13,Goa Coast,15.13532,73.9208,2025-01-02 10:58:12,10.892,21.863,1018.216,69.184,SYNTHETIC_DEMO_DATA
14,Goa Coast,15.51913,73.90865,2025-01-02 13:53:03,16.286,5.104,1002.695,83.301,SYNTHETIC_DEMO_DATA
15,Goa Coast,15.51299,73.86238,2025-01-02 16:47:54,6.57,20.315,1011.78,92.558,SYNTHETIC_DEMO_DATA
16,Goa Coast,15.40944,73.64112,2025-01-02 19:42:45,24.291,10.119,1022.327,64.294,SYNTHETIC_DEMO_DATA
17,Mumbai Coast,18.97278,73.0358,2025-01-02 22:37:36,15.194,7.419,1014.059,82.857,SYNTHETIC_DEMO_DATA
18,Odisha Coast,19.78725,85.74449,2025-01-03 01:32:27,14.78,36.078,1005.403,86.605,SYNTHETIC_DEMO_DATA
19,Andaman & Nicobar,11.58284,92.55674,2025-01-03 04:27:19,15.378,22.803,1014.658,74.61,SYNTHETIC_DEMO_DATA
20,Kerala Coast,9.85711,76.1859,2025-01-03 07:22:10,12.036,15.73,1006.46,58.383,SYNTHETIC_DEMO_DATA
21,Mumbai Coast,19.14613,73.0141,2025-01-03 10:17:01,14.466,9.034,1010.417,80.911,SYNTHETIC_DEMO_DATA
22,Chennai Coast,13.04897,80.55618,2025-01-03 13:11:52,13.217,17.948,1003.989,95.391,SYNTHETIC_DEMO_DATA
23,Odisha Coast,19.93445,85.46129,2025-01-03 16:06:43,6.632,9.58,996.073,75.799,SYNTHETIC_DEMO_DATA
24,Lakshadweep,10.49056,72.57351,2025-01-03 19:01:34,14.108,1.46,1011.131,64.407,SYNTHETIC_DEMO_DATA
25,Goa Coast,15.49401,73.59018,2025-01-03 21:56:25,9.575,16.351,1025.795,76.074,SYNTHETIC_DEMO_DATA
26,Gujarat Coast,22.35536,69.32992,2025-01-04 00:51:16,8.269,2.507,1018.757,86.765,SYNTHETIC_DEMO_DATA
27,Kerala Coast,10.25001,76.35449,2025-01-04 03:46:07,17.846,25.808,1000.578,87.51,SYNTHETIC_DEMO_DATA
28,Andaman & Nicobar,11.42001,92.94198,2025-01-04 06:40:58,22.157,8.547,1011.056,86.473,SYNTHETIC_DEMO_DATA
29,Mumbai Coast,18.86059,72.86211,2025-01-04 09:35:49,13.11,29.688,1020.695,87.111,SYNTHETIC_DEMO_DATA
30,Kerala Coast,9.87693,76.1775,2025-01-04 12:30:40,17.302,4.211,1009.5,81.928,SYNTHETIC_DEMO_DATA
31,Kerala Coast,9.77756,76.23592,2025-01-04 15:25:31,15.679,20.106,999.525,66.935,SYNTHETIC_DEMO_DATA
32,Visakhapatnam,17.59155,83.26017,2025-01-04 18:20:22,14.427,5.012,1015.782,83.921,SYNTHETIC_DEMO_DATA
33,Sundarbans,22.44436,89.2141,2025-01-04 21:15:13,12.021,15.679,1012.798,81.143,SYNTHETIC_DEMO_DATA
34,Mumbai Coast,18.72824,72.86589,2025-01-05 00:10:04,9.646,12.821,1016.889,61.264,SYNTHETIC_DEMO_DATA
35,Andaman & Nicobar,11.63555,92.81624,2025-01-05 03:04:55,11.646,22.421,1010.564,86.706,SYNTHETIC_DEMO_DATA
36,Sundarbans,22.01671,89.2171,2025-01-05 05:59:47,14.731,23.501,1012.061,84.555,SYNTHETIC_DEMO_DATA
37,Andaman & Nicobar,11.70215,93.26635,2025-01-05 08:54:38,13.276,12.18,1007.843,79.513,SYNTHETIC_DEMO_DATA
38,Andaman & Nicobar,11.60036,92.64969,2025-01-05 11:49:29,14.774,18.373,1015.943,68.855,SYNTHETIC_DEMO_DATA
39,Visakhapatnam,17.81542,83.296,2025-01-05 14:44:20,4.51,0.104,1006.295,78.805,SYNTHETIC_DEMO_DATA
40,Gujarat Coast,22.25871,69.80495,2025-01-05 17:39:11,9.132,1.654,1021.176,68.739,SYNTHETIC_DEMO_DATA
41,Odisha Coast,19.55661,86.07165,2025-01-05 20:34:02,17.009,32.873,1020.786,81.243,SYNTHETIC_DEMO_DATA
42,Goa Coast,15.59916,74.04947,2025-01-05 23:28:53,16.546,17.93,1001.353,89.846,SYNTHETIC_DEMO_DATA
43,Goa Coast,15.5584,73.70051,2025-01-06 02:23:44,7.617,25.154,1007.288,79.578,SYNTHETIC_DEMO_DATA
44,Chennai Coast,12.69664,80.0436,2025-01-06 05:18:35,1.45,14.689,1004.694,70.876,SYNTHETIC_DEMO_DATA
45,Sundarbans,22.06079,89.0634,2025-01-06 08:13:26,14.211,22.963,1009.676,72.444,SYNTHETIC_DEMO_DATA
46,Lakshadweep,10.59764,72.85749,2025-01-06 11:08:17,11.191,14.905,1005.448,89.35,SYNTHETIC_DEMO_DATA
47,Kerala Coast,9.55289,76.1905,2025-01-06 14:03:08,10.593,20.45,1008.389,82.968,SYNTHETIC_DEMO_DATA
48,Andaman & Nicobar,11.82406,92.82513,2025-01-06 16:57:59,10.274,7.554,989.765,66.431,SYNTHETIC_DEMO_DATA
49,Gujarat Coast,21.99275,69.30456,2025-01-06 19:52:50,11.959,0.329,1007.108,79.585,SYNTHETIC_DEMO_DATA
50,Goa Coast,15.27526,73.48468,2025-01-06 22:47:41,6.765,5.635,1016.22,80.622,SYNTHETIC_DEMO_DATA
51,Goa Coast,15.48193,73.39096,2025-01-07 01:42:32,12.647,0.0,1009.135,58.73,SYNTHETIC_DEMO_DATA
52,Odisha Coast,20.19543,85.9885,2025-01-07 04:37:23,19.017,2.16,1009.1,73.826,SYNTHETIC_DEMO_DATA
53,Chennai Coast,13.27572,80.16234,2025-01-07 07:32:15,4.093,6.698,1017.098,96.965,SYNTHETIC_DEMO_DATA
54,Kerala Coast,9.5508,76.55422,2025-01-07 10:27:06,4.274,27.491,1007.375,92.019,SYNTHETIC_DEMO_DATA
55,Kerala Coast,10.07658,76.32311,2025-01-07 13:21:57,10.814,20.716,1000.644,65.715,SYNTHETIC_DEMO_DATA
56,Sundarbans,21.91375,89.26954,2025-01-07 16:16:48,6.817,22.367,1014.296,60.866,SYNTHETIC_DEMO_DATA
57,Mumbai Coast,19.26364,72.89694,2025-01-07 19:11:39,4.298,6.411,1010.59,92.337,SYNTHETIC_DEMO_DATA
58,Odisha Coast,19.76672,85.70019,2025-01-07 22:06:30,17.245,27.844,1003.686,85.782,SYNTHETIC_DEMO_DATA
59,Goa Coast,15.45603,74.10626,2025-01-08 01:01:21,15.587,25.413,1000.444,84.24,SYNTHETIC_DEMO_DATA
60,Gujarat Coast,22.71091,69.61569,2025-01-08 03:56:12,13.545,4.507,1027.898,60.843,SYNTHETIC_DEMO_DATA
61,Lakshadweep,10.76365,73.12356,2025-01-08 06:51:03,19.291,0.0,1012.561,81.673,SYNTHETIC_DEMO_DATA
62,Goa Coast,15.34973,73.89964,2025-01-08 09:45:54,13.641,9.876,1006.189,63.868,SYNTHETIC_DEMO_DATA
63,Chennai Coast,13.02728,80.53728,2025-01-08 12:40:45,5.27,8.899,998.841,94.202,SYNTHETIC_DEMO_DATA
64,Lakshadweep,10.63959,72.59343,2025-01-08 15:35:36,7.465,23.323,1010.169,78.009,SYNTHETIC_DEMO_DATA
65,Kerala Coast,9.6578,76.6647,2025-01-08 18:30:27,15.054,11.622,1005.575,75.862,SYNTHETIC_DEMO_DATA
66,Chennai Coast,12.81554,80.52656,2025-01-08 21:25:18,8.504,0.682,1010.62,59.426,SYNTHETIC_DEMO_DATA
67,Lakshadweep,10.54059,72.65612,2025-01-09 00:20:09,7.697,1.746,1018.014,77.776,SYNTHETIC_DEMO_DATA
68,Chennai Coast,13.64906,80.19504,2025-01-09 03:15:00,9.769,7.568,1007.49,92.425,SYNTHETIC_DEMO_DATA
69,Sundarbans,21.82364,89.14441,2025-01-09 06:09:51,10.863,24.062,1006.101,75.63,SYNTHETIC_DEMO_DATA
70,Kerala Coast,9.84211,76.00122,2025-01-09 09:04:43,14.73,23.363,1018.855,66.605,SYNTHETIC_DEMO_DATA
71,Goa Coast,15.39143,73.73462,2025-01-09 11:59:34,10.126,24.39,1015.826,60.372,SYNTHETIC_DEMO_DATA
72,Odisha Coast,19.80023,85.91068,2025-01-09 14:54:25,10.476,17.14,1006.414,73.339,SYNTHETIC_DEMO_DATA
73,Kerala Coast,9.97706,76.04496,2025-01-09 17:49:16,22.717,12.26,1009.597,65.768,SYNTHETIC_DEMO_DATA
74,Odisha Coast,20.3679,86.00327,2025-01-09 20:44:07,14.956,8.513,1005.383,57.883,SYNTHETIC_DEMO_DATA
75,Gujarat Coast,22.38347,69.93285,2025-01-09 23:38:58,14.814,7.52,1011.539,61.563,SYNTHETIC_DEMO_DATA
76,Kerala Coast,9.94123,76.07378,2025-01-10 02:33:49,10.689,16.691,1004.858,61.587,SYNTHETIC_DEMO_DATA
77,Chennai Coast,13.56926,79.95102,2025-01-10 05:28:40,6.797,0.0,1000.027,88.231,SYNTHETIC_DEMO_DATA
78,Visakhapatnam,17.6925,83.39767,2025-01-10 08:23:31,4.891,14.321,999.381,66.514,SYNTHETIC_DEMO_DATA
79,Mumbai Coast,19.19741,72.80988,2025-01-10 11:18:22,2.15,27.463,1009.359,78.385,SYNTHETIC_DEMO_DATA
80,Gujarat Coast,22.4034,69.50898,2025-01-10 14:13:13,7.979,3.084,1003.795,60.238,SYNTHETIC_DEMO_DATA
81,Lakshadweep,10.51887,72.56849,2025-01-10 17:08:04,7.97,0.0,1007.024,58.512,SYNTHETIC_DEMO_DATA
82,Kerala Coast,10.10904,76.32466,2025-01-10 20:02:55,19.149,37.911,1006.507,77.661,SYNTHETIC_DEMO_DATA
83,Odisha Coast,19.85908,85.90236,2025-01-10 22:57:46,4.288,4.147,1004.569,61.46,SYNTHETIC_DEMO_DATA
84,Andaman & Nicobar,11.70525,92.67844,2025-01-11 01:52:37,11.843,12.791,999.429,63.646,SYNTHETIC_DEMO_DATA
85,Gujarat Coast,22.41775,69.58032,2025-01-11 04:47:28,17.318,6.96,1006.227,66.199,SYNTHETIC_DEMO_DATA
86,Goa Coast,15.39382,73.75087,2025-01-11 07:42:19,17.538,7.92,1018.251,74.914,SYNTHETIC_DEMO_DATA
87,Sundarbans,22.06007,89.34354,2025-01-11 10:37:11,10.902,21.49,1014.8,79.424,SYNTHETIC_DEMO_DATA
88,Chennai Coast,13.30539,80.46493,2025-01-11 13:32:02,8.332,1.349,1006.727,81.129,SYNTHETIC_DEMO_DATA
89,Goa Coast,15.36818,74.10657,2025-01-11 16:26:53,6.954,13.613,1013.354,73.65,SYNTHETIC_DEMO_DATA
90,Andaman & Nicobar,11.60295,92.54806,2025-01-11 19:21:44,18.691,16.89,1019.068,81.695,SYNTHETIC_DEMO_DATA
91,Kerala Coast,9.78076,76.05582,2025-01-11 22:16:35,14.05,15.913,1013.42,50.779,SYNTHETIC_DEMO_DATA
92,Andaman & Nicobar,11.85526,92.45934,2025-01-12 01:11:26,7.784,24.22,1012.329,58.382,SYNTHETIC_DEMO_DATA
93,Andaman & Nicobar,11.80012,92.77078,2025-01-12 04:06:17,11.4,12.935,1022.004,89.748,SYNTHETIC_DEMO_DATA
94,Chennai Coast,13.31249,80.41093,2025-01-12 07:01:08,19.039,0.0,1021.835,79.195,SYNTHETIC_DEMO_DATA
95,Andaman & Nicobar,12.03313,92.60646,2025-01-12 09:55:59,14.412,10.533,996.465,65.147,SYNTHETIC_DEMO_DATA
96,Visakhapatnam,17.65318,82.96575,2025-01-12 12:50:50,13.973,0.0,1026.753,76.725,SYNTHETIC_DEMO_DATA
97,Visakhapatnam,17.66392,83.30277,2025-01-12 15:45:41,4.131,4.465,1004.717,88.492,SYNTHETIC_DEMO_DATA
98,Gujarat Coast,22.71833,69.66725,2025-01-12 18:40:32,13.631,0.0,1012.303,72.521,SYNTHETIC_DEMO_DATA
99,Gujarat Coast,22.50901,69.6944,2025-01-12 21:35:23,3.144,9.547,1025.931,60.084,SYNTHETIC_DEMO_DATA
100,Odisha Coast,19.64125,85.37896,2025-01-13 00:30:14,14.596,18.257,1008.942,62.789,SYNTHETIC_DEMO_DATA
101,Andaman & Nicobar,11.93375,92.74966,2025-01-13 03:25:05,11.314,12.567,1016.884,56.485,SYNTHETIC_DEMO_DATA
102,Odisha Coast,19.74391,85.77333,2025-01-13 06:19:56,3.855,19.888,1023.185,79.161,SYNTHETIC_DEMO_DATA
103,Andaman & Nicobar,11.72353,92.91401,2025-01-13 09:14:47,13.224,9.734,1010.777,54.062,SYNTHETIC_DEMO_DATA
104,Sundarbans,21.81086,88.97922,2025-01-13 12:09:38,12.853,23.82,998.97,75.69,SYNTHETIC_DEMO_DATA
105,Goa Coast,15.05835,73.82257,2025-01-13 15:04:30,12.507,3.838,1003.071,78.05,SYNTHETIC_DEMO_DATA
106,Goa Coast,15.56634,73.81933,2025-01-13 17:59:21,8.915,20.691,1018.234,83.635,SYNTHETIC_DEMO_DATA
107,Goa Coast,15.53314,73.82162,2025-01-13 20:54:12,13.147,15.448,1011.237,68.17,SYNTHETIC_DEMO_DATA
108,Gujarat Coast,22.19996,69.30239,2025-01-13 23:49:03,5.462,13.685,1017.281,67.009,SYNTHETIC_DEMO_DATA
109,Kerala Coast,9.58224,76.05875,2025-01-14 02:43:54,11.311,22.547,1010.796,90.108,SYNTHETIC_DEMO_DATA
110,Goa Coast,15.26868,73.96811,2025-01-14 05:38:45,13.362,20.463,995.541,65.514,SYNTHETIC_DEMO_DATA
111,Visakhapatnam,17.78248,83.3783,2025-01-14 08:33:36,15.221,0.0,1006.127,75.822,SYNTHETIC_DEMO_DATA
112,Goa Coast,15.3104,73.34233,2025-01-14 11:28:27,15.805,8.183,1008.521,83.66,SYNTHETIC_DEMO_DATA
113,Mumbai Coast,18.87807,72.88606,2025-01-14 14:23:18,21.452,26.444,1015.825,79.141,SYNTHETIC_DEMO_DATA
114,Kerala Coast,10.26178,75.70753,2025-01-14 17:18:09,25.656,11.978,1015.769,61.723,SYNTHETIC_DEMO_DATA
115,Mumbai Coast,19.01265,72.58012,2025-01-14 20:13:00,6.78,0.0,1008.225,64.735,SYNTHETIC_DEMO_DATA
116,Mumbai Coast,18.9791,72.80324,2025-01-14 23:07:51,12.352,10.059,1006.227,63.176,SYNTHETIC_DEMO_DATA
117,Sundarbans,21.9803,89.23509,2025-01-15 02:02:42,13.91,28.567,1016.106,67.867,SYNTHETIC_DEMO_DATA
118,Odisha Coast,19.87306,85.68138,2025-01-15 04:57:33,13.805,14.032,1016.607,74.381,SYNTHETIC_DEMO_DATA
119,Visakhapatnam,17.57782,83.44188,2025-01-15 07:52:24,9.082,0.937,1025.016,82.657,SYNTHETIC_DEMO_DATA
120,Odisha Coast,19.78879,85.77165,2025-01-15 10:47:15,1.0,32.935,1006.259,80.189,SYNTHETIC_DEMO_DATA
121,Kerala Coast,10.10328,76.32006,2025-01-15 13:42:06,4.853,24.042,1024.356,70.704,SYNTHETIC_DEMO_DATA
122,Gujarat Coast,22.62018,69.64,2025-01-15 16:36:58,10.297,0.0,1017.232,69.156,SYNTHETIC_DEMO_DATA
123,Gujarat Coast,22.69624,69.71585,2025-01-15 19:31:49,1.0,0.0,1017.864,70.845,SYNTHETIC_DEMO_DATA
124,Kerala Coast,9.80907,76.15631,2025-01-15 22:26:40,12.336,19.474,1007.349,76.659,SYNTHETIC_DEMO_DATA
125,Andaman & Nicobar,11.64948,92.61089,2025-01-16 01:21:31,2.551,24.271,999.533,54.7,SYNTHETIC_DEMO_DATA
126,Mumbai Coast,19.13047,72.94612,2025-01-16 04:16:22,12.123,11.1,1008.541,72.361,SYNTHETIC_DEMO_DATA
127,Sundarbans,21.9673,89.00011,2025-01-16 07:11:13,22.767,15.339,1011.538,61.584,SYNTHETIC_DEMO_DATA
128,Goa Coast,15.42025,73.87521,2025-01-16 10:06:04,11.141,24.742,1019.455,84.898,SYNTHETIC_DEMO_DATA
129,Mumbai Coast,19.37125,73.06812,2025-01-16 13:00:55,7.19,23.28,1006.034,76.682,SYNTHETIC_DEMO_DATA
130,Gujarat Coast,22.03699,69.31697,2025-01-16 15:55:46,17.98,13.98,1013.465,93.444,SYNTHETIC_DEMO_DATA
131,Mumbai Coast,18.89712,72.66862,2025-01-16 18:50:37,21.447,15.71,1021.824,80.181,SYNTHETIC_DEMO_DATA
132,Mumbai Coast,19.07532,72.87091,2025-01-16 21:45:28,8.752,13.095,1011.959,70.36,SYNTHETIC_DEMO_DATA
133,Sundarbans,22.06732,89.21916,2025-01-17 00:40:19,21.503,4.308,1000.145,78.111,SYNTHETIC_DEMO_DATA
134,Mumbai Coast,18.77145,72.76841,2025-01-17 03:35:10,8.517,14.604,1014.26,78.467,SYNTHETIC_DEMO_DATA
135,Goa Coast,15.38791,73.59189,2025-01-17 06:30:01,8.116,19.067,1019.223,71.959,SYNTHETIC_DEMO_DATA
136,Chennai Coast,12.92577,79.93972,2025-01-17 09:24:52,12.028,0.0,1005.406,76.513,SYNTHETIC_DEMO_DATA
137,Gujarat Coast,22.24545,69.52204,2025-01-17 12:19:43,12.172,5.583,1003.166,83.017,SYNTHETIC_DEMO_DATA
138,Sundarbans,21.95781,89.26308,2025-01-17 15:14:34,16.239,18.56,1005.031,64.831,SYNTHETIC_DEMO_DATA
139,Chennai Coast,13.18185,80.21945,2025-01-17 18:09:26,23.559,15.606,1003.175,63.636,SYNTHETIC_DEMO_DATA
140,Kerala Coast,10.08907,76.5993,2025-01-17 21:04:17,16.017,24.684,1008.426,69.677,SYNTHETIC_DEMO_DATA
141,Lakshadweep,10.57261,72.36658,2025-01-17 23:59:08,10.384,3.684,1015.013,78.457,SYNTHETIC_DEMO_DATA
142,Visakhapatnam,17.67333,83.22933,2025-01-18 02:53:59,15.307,18.834,1003.488,68.941,SYNTHETIC_DEMO_DATA
143,Visakhapatnam,17.67159,83.13361,2025-01-18 05:48:50,22.299,0.348,1010.462,97.475,SYNTHETIC_DEMO_DATA
144,Kerala Coast,9.9513,76.37228,2025-01-18 08:43:41,14.851,22.621,1021.491,88.899,SYNTHETIC_DEMO_DATA
145,Lakshadweep,10.30282,72.71595,2025-01-18 11:38:32,9.253,13.922,1007.39,81.93,SYNTHETIC_DEMO_DATA
146,Andaman & Nicobar,11.81343,92.59765,2025-01-18 14:33:23,4.068,20.943,1005.992,100.0,SYNTHETIC_DEMO_DATA
147,Sundarbans,22.16091,89.24498,2025-01-18 17:28:14,11.515,10.993,1022.531,95.263,SYNTHETIC_DEMO_DATA
148,Visakhapatnam,17.28933,83.36813,2025-01-18 20:23:05,16.362,1.975,1020.709,65.062,SYNTHETIC_DEMO_DATA
149,Andaman & Nicobar,11.55102,92.50688,2025-01-18 23:17:56,20.854,21.418,1014.129,66.585,SYNTHETIC_DEMO_DATA
150,Sundarbans,22.31079,89.20692,2025-01-19 02:12:47,18.755,15.51,1016.464,64.088,SYNTHETIC_DEMO_DATA
151,Andaman & Nicobar,12.06557,93.06452,2025-01-19 05:07:38,14.633,7.486,1015.872,78.523,SYNTHETIC_DEMO_DATA
152,Visakhapatnam,17.67392,83.08635,2025-01-19 08:02:29,19.17,0.0,1016.034,71.642,SYNTHETIC_DEMO_DATA
153,Lakshadweep,10.50522,72.69834,2025-01-19 10:57:20,9.25,23.958,1024.601,78.053,SYNTHETIC_DEMO_DATA
154,Visakhapatnam,17.93503,83.08657,2025-01-19 13:52:11,13.897,2.651,1024.008,86.415,SYNTHETIC_DEMO_DATA
155,Kerala Coast,10.16767,76.20758,2025-01-19 16:47:02,5.383,25.852,1009.971,81.298,SYNTHETIC_DEMO_DATA
156,Gujarat Coast,22.05785,69.78859,2025-01-19 19:41:54,11.108,0.0,1011.679,80.586,SYNTHETIC_DEMO_DATA
157,Odisha Coast,19.88464,85.92674,2025-01-19 22:36:45,5.351,14.954,1016.626,75.103,SYNTHETIC_DEMO_DATA
158,Mumbai Coast,19.20492,72.94484,2025-01-20 01:31:36,14.791,24.194,1008.776,65.291,SYNTHETIC_DEMO_DATA
159,Mumbai Coast,18.77367,72.94708,2025-01-20 04:26:27,7.072,24.094,1015.437,71.631,SYNTHETIC_DEMO_DATA
160,Goa Coast,15.56048,73.70986,2025-01-20 07:21:18,15.616,16.72,1004.514,70.264,SYNTHETIC_DEMO_DATA
161,Lakshadweep,10.48854,72.55934,2025-01-20 10:16:09,19.128,8.6,1017.809,62.3,SYNTHETIC_DEMO_DATA
162,Gujarat Coast,22.33329,69.67143,2025-01-20 13:11:00,7.529,0.0,994.32,78.777,SYNTHETIC_DEMO_DATA
163,Kerala Coast,9.80343,76.23541,2025-01-20 16:05:51,13.231,21.313,1014.245,70.378,SYNTHETIC_DEMO_DATA
164,Kerala Coast,9.61724,76.39424,2025-01-20 19:00:42,11.587,28.998,1012.922,73.556,SYNTHETIC_DEMO_DATA
165,Kerala Coast,10.11694,76.34863,2025-01-20 21:55:33,13.601,23.689,1008.599,69.328,SYNTHETIC_DEMO_DATA
166,Andaman & Nicobar,11.60157,92.52338,2025-01-21 00:50:24,15.855,25.607,1006.825,77.115,SYNTHETIC_DEMO_DATA
167,Chennai Coast,12.68082,80.57388,2025-01-21 03:45:15,16.69,0.0,1011.931,43.8,SYNTHETIC_DEMO_DATA
168,Odisha Coast,19.82884,85.90868,2025-01-21 06:40:06,15.886,3.558,1016.524,66.312,SYNTHETIC_DEMO_DATA
169,Chennai Coast,12.95065,80.37458,2025-01-21 09:34:57,13.931,2.558,1012.021,68.992,SYNTHETIC_DEMO_DATA
170,Sundarbans,22.07015,89.00078,2025-01-21 12:29:48,10.241,32.49,1007.249,97.37,SYNTHETIC_DEMO_DATA
171,Odisha Coast,19.90614,85.86335,2025-01-21 15:24:39,16.336,8.624,986.255,78.75,SYNTHETIC_DEMO_DATA
172,Sundarbans,21.84131,89.40948,2025-01-21 18:19:30,1.212,7.316,1011.673,90.278,SYNTHETIC_DEMO_DATA
173,Goa Coast,15.12625,73.52979,2025-01-21 21:14:22,11.351,6.112,1014.616,77.424,SYNTHETIC_DEMO_DATA
174,Goa Coast,15.5165,73.73258,2025-01-22 00:09:13,11.475,25.216,1011.179,92.749,SYNTHETIC_DEMO_DATA
175,Gujarat Coast,22.28881,69.95382,2025-01-22 03:04:04,7.44,9.288,1005.433,90.819,SYNTHETIC_DEMO_DATA
176,Kerala Coast,10.15357,76.20782,2025-01-22 05:58:55,7.192,16.982,1009.442,69.497,SYNTHETIC_DEMO_DATA
177,Goa Coast,15.51925,73.78915,2025-01-22 08:53:46,14.538,0.0,1019.723,100.0,SYNTHETIC_DEMO_DATA
178,Odisha Coast,19.76408,85.82774,2025-01-22 11:48:37,19.195,18.838,1016.355,88.255,SYNTHETIC_DEMO_DATA
179,Lakshadweep,10.80983,72.88111,2025-01-22 14:43:28,14.413,0.0,1007.14,52.211,SYNTHETIC_DEMO_DATA
180,Mumbai Coast,19.17641,72.74756,2025-01-22 17:38:19,11.701,16.592,1016.933,94.791,SYNTHETIC_DEMO_DATA
181,Lakshadweep,10.66091,72.65028,2025-01-22 20:33:10,11.189,5.377,1012.653,93.961,SYNTHETIC_DEMO_DATA
182,Odisha Coast,19.91038,85.77117,2025-01-22 23:28:01,20.537,13.06,1032.64,60.813,SYNTHETIC_DEMO_DATA
183,Kerala Coast,10.08282,76.31907,2025-01-23 02:22:52,2.802,24.888,998.14,86.181,SYNTHETIC_DEMO_DATA
184,Gujarat Coast,22.11766,69.75611,2025-01-23 05:17:43,18.208,0.0,1008.726,55.168,SYNTHETIC_DEMO_DATA
185,Kerala Coast,9.851,76.1571,2025-01-23 08:12:34,4.99,15.57,1004.751,93.874,SYNTHETIC_DEMO_DATA
186,Kerala Coast,9.63603,76.31478,2025-01-23 11:07:25,13.016,32.908,998.305,82.928,SYNTHETIC_DEMO_DATA
187,Odisha Coast,19.64648,85.63412,2025-01-23 14:02:16,4.444,23.207,1018.659,75.819,SYNTHETIC_DEMO_DATA
188,Chennai Coast,13.15796,80.20966,2025-01-23 16:57:07,10.485,1.914,1016.197,62.791,SYNTHETIC_DEMO_DATA
189,Visakhapatnam,17.45059,83.61787,2025-01-23 19:51:58,15.223,7.229,1007.127,61.184,SYNTHETIC_DEMO_DATA
190,Chennai Coast,12.81357,80.42909,2025-01-23 22:46:50,12.397,9.32,990.513,98.996,SYNTHETIC_DEMO_DATA
191,Gujarat Coast,22.04213,69.53299,2025-01-24 01:41:41,14.322,0.849,1020.068,84.105,SYNTHETIC_DEMO_DATA
192,Gujarat Coast,22.24528,69.55715,2025-01-24 04:36:32,8.494,6.167,1015.017,90.967,SYNTHETIC_DEMO_DATA
193,Gujarat Coast,22.25783,69.57164,2025-01-24 07:31:23,16.459,6.36,999.729,82.423,SYNTHETIC_DEMO_DATA
194,Chennai Coast,13.33742,80.14167,2025-01-24 10:26:14,6.1,0.588,1010.318,93.309,SYNTHETIC_DEMO_DATA
195,Lakshadweep,10.55664,73.05664,2025-01-24 13:21:05,2.765,18.609,1008.004,62.234,SYNTHETIC_DEMO_DATA
196,Sundarbans,21.96319,89.52288,2025-01-24 16:15:56,11.142,16.159,1017.547,60.124,SYNTHETIC_DEMO_DATA
197,Chennai Coast,12.92513,80.47521,2025-01-24 19:10:47,8.872,2.029,1021.543,84.434,SYNTHETIC_DEMO_DATA
198,Odisha Coast,19.814,86.00876,2025-01-24 22:05:38,11.369,9.697,1011.307,84.799,SYNTHETIC_DEMO_DATA
199,Chennai Coast,13.33108,80.09938,2025-01-25 01:00:29,21.069,3.038,1013.686,69.548,SYNTHETIC_DEMO_DATA
200,Lakshadweep,10.34061,72.72576,2025-01-25 03:55:20,11.604,17.051,1009.015,80.744,SYNTHETIC_DEMO_DATA
201,Chennai Coast,13.13637,80.01386,2025-01-25 06:50:11,7.221,16.862,1011.245,65.922,SYNTHETIC_DEMO_DATA
202,Lakshadweep,10.35408,72.83815,2025-01-25 09:45:02,3.191,24.78,1007.248,93.372,SYNTHETIC_DEMO_DATA
203,Kerala Coast,9.8294,76.32596,2025-01-25 12:39:53,11.392,40.516,1005.275,94.313,SYNTHETIC_DEMO_DATA
204,Gujarat Coast,22.42445,69.4391,2025-01-25 15:34:44,17.942,0.0,1014.837,69.181,SYNTHETIC_DEMO_DATA
205,Kerala Coast,10.29929,76.21826,2025-01-25 18:29:35,9.383,20.278,1007.606,97.606,SYNTHETIC_DEMO_DATA
206,Visakhapatnam,17.61193,83.04105,2025-01-25 21:24:26,6.145,13.822,1014.989,100.0,SYNTHETIC_DEMO_DATA
207,Goa Coast,15.70675,73.63852,2025-01-26 00:19:17,5.092,12.193,1009.575,85.091,SYNTHETIC_DEMO_DATA
208,Lakshadweep,10.94815,72.62093,2025-01-26 03:14:09,15.204,7.712,990.002,76.387,SYNTHETIC_DEMO_DATA
209,Visakhapatnam,17.73113,83.40013,2025-01-26 06:09:00,15.918,16.743,1022.016,83.49,SYNTHETIC_DEMO_DATA
210,Goa Coast,15.48566,73.69713,2025-01-26 09:03:51,13.327,13.032,1007.954,86.104,SYNTHETIC_DEMO_DATA
211,Visakhapatnam,17.3422,83.04549,2025-01-26 11:58:42,1.472,7.618,1007.036,70.933,SYNTHETIC_DEMO_DATA
212,Goa Coast,15.48137,73.8536,2025-01-26 14:53:33,11.796,0.0,1018.944,77.415,SYNTHETIC_DEMO_DATA
213,Goa Coast,15.57269,73.80246,2025-01-26 17:48:24,4.722,0.0,1002.822,61.404,SYNTHETIC_DEMO_DATA
214,Kerala Coast,10.16054,76.58428,2025-01-26 20:43:15,19.056,8.399,1001.957,60.405,SYNTHETIC_DEMO_DATA
215,Goa Coast,15.27289,73.77834,2025-01-26 23:38:06,8.712,10.991,1011.636,82.286,SYNTHETIC_DEMO_DATA
216,Visakhapatnam,17.54896,83.47042,2025-01-27 02:32:57,6.259,19.9,1006.742,76.061,SYNTHETIC_DEMO_DATA
217,Sundarbans,21.95754,89.25663,2025-01-27 05:27:48,15.932,31.746,1019.177,72.609,SYNTHETIC_DEMO_DATA
218,Sundarbans,22.07473,89.05431,2025-01-27 08:22:39,6.592,0.0,1011.512,72.767,SYNTHETIC_DEMO_DATA
219,Kerala Coast,10.03193,76.21986,2025-01-27 11:17:30,8.729,15.724,1013.454,71.634,SYNTHETIC_DEMO_DATA
220,Lakshadweep,10.57393,72.48274,2025-01-27 14:12:21,7.173,8.768,998.011,84.025,SYNTHETIC_DEMO_DATA
221,Odisha Coast,19.67621,85.77705,2025-01-27 17:07:12,16.059,11.653,1010.167,63.982,SYNTHETIC_DEMO_DATA
222,Kerala Coast,9.87635,75.92561,2025-01-27 20:02:03,6.568,26.555,1021.822,100.0,SYNTHETIC_DEMO_DATA
223,Goa Coast,15.81309,73.6267,2025-01-27 22:56:54,9.549,11.992,1008.291,84.614,SYNTHETIC_DEMO_DATA
224,Visakhapatnam,17.57296,82.94063,2025-01-28 01:51:45,1.0,11.679,1019.947,72.357,SYNTHETIC_DEMO_DATA
225,Goa Coast,15.78464,73.67437,2025-01-28 04:46:37,14.625,23.842,1012.732,74.278,SYNTHETIC_DEMO_DATA
226,Chennai Coast,13.25676,80.19244,2025-01-28 07:41:28,18.912,4.597,1008.802,65.559,SYNTHETIC_DEMO_DATA
227,Andaman & Nicobar,12.05138,92.89098,2025-01-28 10:36:19,6.229,13.747,1023.187,71.046,SYNTHETIC_DEMO_DATA
228,Mumbai Coast,18.63689,73.12402,2025-01-28 13:31:10,17.253,13.182,1009.96,82.635,SYNTHETIC_DEMO_DATA
229,Mumbai Coast,18.93899,72.8468,2025-01-28 16:26:01,11.356,12.069,1002.99,100.0,SYNTHETIC_DEMO_DATA
230,Odisha Coast,19.8895,85.72605,2025-01-28 19:20:52,11.482,26.065,1024.108,69.032,SYNTHETIC_DEMO_DATA
231,Kerala Coast,9.84608,76.27228,2025-01-28 22:15:43,20.243,11.944,1028.961,80.725,SYNTHETIC_DEMO_DATA
232,Andaman & Nicobar,11.71276,92.41754,2025-01-29 01:10:34,7.621,20.078,1006.502,77.032,SYNTHETIC_DEMO_DATA
233,Sundarbans,21.67367,89.36828,2025-01-29 04:05:25,7.749,17.261,1011.357,61.872,SYNTHETIC_DEMO_DATA
234,Goa Coast,15.62701,74.25763,2025-01-29 07:00:16,7.788,0.0,1010.105,66.995,SYNTHETIC_DEMO_DATA
235,Kerala Coast,10.09261,76.29311,2025-01-29 09:55:07,19.205,21.519,1006.776,68.67,SYNTHETIC_DEMO_DATA
236,Goa Coast,15.83198,74.20017,2025-01-29 12:49:58,15.532,19.609,1008.789,76.406,SYNTHETIC_DEMO_DATA
237,Gujarat Coast,22.51742,69.64184,2025-01-29 15:44:49,6.157,16.401,1008.379,93.431,SYNTHETIC_DEMO_DATA
238,Kerala Coast,9.79741,76.02739,2025-01-29 18:39:40,13.684,15.778,1008.519,76.355,SYNTHETIC_DEMO_DATA
239,Chennai Coast,12.76406,80.20322,2025-01-29 21:34:31,4.727,5.595,1006.698,68.586,SYNTHETIC_DEMO_DATA
240,Gujarat Coast,22.55818,69.6394,2025-01-30 00:29:22,14.533,2.902,1010.324,92.889,SYNTHETIC_DEMO_DATA
241,Odisha Coast,19.84822,85.94429,2025-01-30 03:24:13,13.369,20.809,1018.314,83.431,SYNTHETIC_DEMO_DATA
242,Mumbai Coast,19.03773,73.00719,2025-01-30 06:19:05,11.572,0.0,1015.284,74.683,SYNTHETIC_DEMO_DATA
243,Sundarbans,22.12361,89.16253,2025-01-30 09:13:56,8.824,12.455,1017.706,74.608,SYNTHETIC_DEMO_DATA
244,Gujarat Coast,22.5063,69.56272,2025-01-30 12:08:47,14.092,3.9,1014.447,79.963,SYNTHETIC_DEMO_DATA
245,Gujarat Coast,21.97084,69.67029,2025-01-30 15:03:38,14.582,4.548,1008.504,63.519,SYNTHETIC_DEMO_DATA
246,Sundarbans,21.76799,89.36181,2025-01-30 17:58:29,9.801,16.312,1023.568,82.875,SYNTHETIC_DEMO_DATA
247,Goa Coast,15.53424,73.74678,2025-01-30 20:53:20,12.107,14.701,1017.013,83.633,SYNTHETIC_DEMO_DATA
248,Kerala Coast,9.89196,76.33762,2025-01-30 23:48:11,13.261,16.471,1012.316,83.353,SYNTHETIC_DEMO_DATA
249,Goa Coast,15.65659,73.99935,2025-01-31 02:43:02,14.688,17.912,1011.156,70.185,SYNTHETIC_DEMO_DATA
250,Sundarbans,21.77494,89.31015,2025-01-31 05:37:53,14.884,17.476,1009.139,66.923,SYNTHETIC_DEMO_DATA
251,Odisha Coast,20.18755,85.77207,2025-01-31 08:32:44,7.289,23.79,1013.458,49.847,SYNTHETIC_DEMO_DATA
252,Kerala Coast,9.78612,76.54829,2025-01-31 11:27:35,12.364,11.67,1020.531,88.494,SYNTHETIC_DEMO_DATA
253,Odisha Coast,19.61665,85.71202,2025-01-31 14:22:26,10.734,32.296,1003.495,93.905,SYNTHETIC_DEMO_DATA
254,Chennai Coast,12.90853,80.32406,2025-01-31 17:17:17,10.775,5.201,1011.975,74.155,SYNTHETIC_DEMO_DATA
255,Gujarat Coast,22.62584,69.60377,2025-01-31 20:12:08,9.584,6.414,1011.361,59.02,SYNTHETIC_DEMO_DATA
256,Odisha Coast,19.83291,86.3288,2025-01-31 23:06:59,21.864,12.079,1009.779,91.052,SYNTHETIC_DEMO_DATA
257,Gujarat Coast,22.42414,69.87416,2025-02-01 02:01:50,1.382,4.161,1012.124,75.449,SYNTHETIC_DEMO_DATA
258,Odisha Coast,19.94957,85.96737,2025-02-01 04:56:41,5.099,19.85,1003.403,74.503,SYNTHETIC_DEMO_DATA
259,Odisha Coast,19.53959,85.81187,2025-02-01 07:51:33,11.459,5.115,1005.63,77.862,SYNTHETIC_DEMO_DATA
260,Mumbai Coast,18.83349,72.26623,2025-02-01 10:46:24,16.049,18.927,1003.193,71.083,SYNTHETIC_DEMO_DATA
261,Goa Coast,15.42383,73.79668,2025-02-01 13:41:15,8.403,20.386,1021.179,94.43,SYNTHETIC_DEMO_DATA
262,Odisha Coast,19.86222,86.07949,2025-02-01 16:36:06,12.039,24.069,991.381,64.748,SYNTHETIC_DEMO_DATA
263,Visakhapatnam,17.77904,83.13995,2025-02-01 19:30:57,12.745,14.718,1017.133,78.009,SYNTHETIC_DEMO_DATA
264,Lakshadweep,10.49155,72.70765,2025-02-01 22:25:48,16.812,11.722,1009.38,72.943,SYNTHETIC_DEMO_DATA
265,Lakshadweep,10.55908,72.6861,2025-02-02 01:20:39,2.81,2.188,1005.416,63.562,SYNTHETIC_DEMO_DATA
266,Mumbai Coast,19.03624,72.9151,2025-02-02 04:15:30,19.449,12.801,1007.297,80.251,SYNTHETIC_DEMO_DATA
267,Kerala Coast,9.85083,76.18948,2025-02-02 07:10:21,5.034,15.304,1023.516,79.412,SYNTHETIC_DEMO_DATA
268,Chennai Coast,13.16278,80.14809,2025-02-02 10:05:12,10.231,0.537,1008.019,54.637,SYNTHETIC_DEMO_DATA
269,Gujarat Coast,22.51711,69.78798,2025-02-02 13:00:03,3.067,10.336,1020.106,69.089,SYNTHETIC_DEMO_DATA
270,Mumbai Coast,19.13506,72.87084,2025-02-02 15:54:54,16.257,5.143,1011.532,66.779,SYNTHETIC_DEMO_DATA
271,Visakhapatnam,17.639,83.49465,2025-02-02 18:49:45,10.667,13.984,1009.554,79.448,SYNTHETIC_DEMO_DATA
272,Sundarbans,22.08244,89.09796,2025-02-02 21:44:36,10.23,19.917,1017.282,60.993,SYNTHETIC_DEMO_DATA
273,Odisha Coast,19.59839,85.74738,2025-02-03 00:39:27,13.154,15.269,1004.465,86.635,SYNTHETIC_DEMO_DATA
274,Lakshadweep,10.31349,72.59901,2025-02-03 03:34:18,9.986,2.99,1005.762,69.302,SYNTHETIC_DEMO_DATA
275,Kerala Coast,10.09361,76.45978,2025-02-03 06:29:09,17.897,15.133,1006.841,83.625,SYNTHETIC_DEMO_DATA
276,Kerala Coast,9.78984,76.1254,2025-02-03 09:24:01,18.531,10.743,1020.109,73.414,SYNTHETIC_DEMO_DATA
277,Kerala Coast,9.7395,76.07603,2025-02-03 12:18:52,7.113,32.054,1018.063,74.776,SYNTHETIC_DEMO_DATA
278,Goa Coast,15.08361,73.82736,2025-02-03 15:13:43,10.585,14.491,1015.043,78.308,SYNTHETIC_DEMO_DATA
279,Sundarbans,21.84191,89.13167,2025-02-03 18:08:34,11.54,26.471,1001.012,100.0,SYNTHETIC_DEMO_DATA
280,Sundarbans,21.85891,88.87003,2025-02-03 21:03:25,9.965,16.715,1020.035,61.818,SYNTHETIC_DEMO_DATA
281,Visakhapatnam,17.78432,83.03327,2025-02-03 23:58:16,15.575,0.196,1006.95,39.047,SYNTHETIC_DEMO_DATA
282,Kerala Coast,9.84359,76.68387,2025-02-04 02:53:07,13.41,36.978,1013.463,95.544,SYNTHETIC_DEMO_DATA
283,Gujarat Coast,22.00053,69.71813,2025-02-04 05:47:58,18.226,10.035,1028.143,54.198,SYNTHETIC_DEMO_DATA
284,Kerala Coast,9.7727,76.44475,2025-02-04 08:42:49,17.313,19.524,1008.878,76.591,SYNTHETIC_DEMO_DATA
285,Kerala Coast,9.80676,75.99308,2025-02-04 11:37:40,15.108,8.938,1011.252,68.478,SYNTHETIC_DEMO_DATA
286,Lakshadweep,10.68498,72.35788,2025-02-04 14:32:31,1.0,0.0,1016.763,68.858,SYNTHETIC_DEMO_DATA
287,Odisha Coast,19.50046,85.83293,2025-02-04 17:27:22,2.229,8.756,1025.188,67.738,SYNTHETIC_DEMO_DATA
288,Mumbai Coast,18.92147,72.53094,2025-02-04 20:22:13,12.211,21.793,1006.948,92.782,SYNTHETIC_DEMO_DATA
289,Mumbai Coast,18.73149,73.10541,2025-02-04 23:17:04,11.088,9.527,1016.239,64.539,SYNTHETIC_DEMO_DATA
290,Kerala Coast,9.93147,76.09936,2025-02-05 02:11:55,12.731,22.864,1009.59,76.893,SYNTHETIC_DEMO_DATA
291,Andaman & Nicobar,11.80672,92.90727,2025-02-05 05:06:46,9.745,23.727,1011.654,55.562,SYNTHETIC_DEMO_DATA
292,Visakhapatnam,17.53543,83.51979,2025-02-05 08:01:37,15.731,0.0,1008.053,60.836,SYNTHETIC_DEMO_DATA
293,Lakshadweep,10.62534,72.96839,2025-02-05 10:56:28,12.636,4.207,1017.715,48.239,SYNTHETIC_DEMO_DATA
294,Chennai Coast,13.38431,80.54598,2025-02-05 13:51:20,7.231,3.735,1021.917,79.461,SYNTHETIC_DEMO_DATA
295,Mumbai Coast,19.2327,72.94343,2025-02-05 16:46:11,8.336,36.841,1001.135,95.9,SYNTHETIC_DEMO_DATA
296,Mumbai Coast,18.69043,72.6925,2025-02-05 19:41:02,9.327,15.29,1010.648,97.159,SYNTHETIC_DEMO_DATA
297,Andaman & Nicobar,11.88543,92.56634,2025-02-05 22:35:53,6.442,18.336,999.714,85.647,SYNTHETIC_DEMO_DATA
298,Kerala Coast,9.73766,76.39895,2025-02-06 01:30:44,6.752,25.195,1015.393,83.75,SYNTHETIC_DEMO_DATA
299,Visakhapatnam,17.54285,83.43944,2025-02-06 04:25:35,6.907,10.798,1009.587,53.78,SYNTHETIC_DEMO_DATA
300,Sundarbans,21.80609,89.11474,2025-02-06 07:20:26,14.426,17.182,1000.723,68.109,SYNTHETIC_DEMO_DATA
301,Chennai Coast,13.20016,80.61137,2025-02-06 10:15:17,9.207,11.493,1019.928,67.3,SYNTHETIC_DEMO_DATA
302,Andaman & Nicobar,11.99379,92.66011,2025-02-06 13:10:08,14.959,12.787,1002.937,59.727,SYNTHETIC_DEMO_DATA
303,Sundarbans,21.97097,89.27045,2025-02-06 16:04:59,13.24,17.22,1011.249,74.342,SYNTHETIC_DEMO_DATA
304,Andaman & Nicobar,12.00179,92.69732,2025-02-06 18:59:50,11.166,8.644,1007.092,89.901,SYNTHETIC_DEMO_DATA
305,Mumbai Coast,18.7141,72.75157,2025-02-06 21:54:41,14.405,22.333,1013.889,100.0,SYNTHETIC_DEMO_DATA
306,Odisha Coast,19.61875,85.98247,2025-02-07 00:49:32,14.345,9.794,1009.681,93.238,SYNTHETIC_DEMO_DATA
307,Chennai Coast,13.18383,79.9873,2025-02-07 03:44:23,9.464,12.025,1011.105,59.475,SYNTHETIC_DEMO_DATA
308,Mumbai Coast,18.83696,72.92879,2025-02-07 06:39:14,13.19,15.25,1004.58,86.185,SYNTHETIC_DEMO_DATA
309,Chennai Coast,12.96276,79.90577,2025-02-07 09:34:05,3.983,14.561,1013.13,65.516,SYNTHETIC_DEMO_DATA
310,Odisha Coast,19.99471,85.72712,2025-02-07 12:28:56,11.936,16.901,1006.097,69.911,SYNTHETIC_DEMO_DATA
311,Gujarat Coast,22.59134,69.443,2025-02-07 15:23:48,13.659,3.297,1013.212,91.614,SYNTHETIC_DEMO_DATA
312,Gujarat Coast,22.53182,69.52145,2025-02-07 18:18:39,12.898,10.055,1017.147,75.833,SYNTHETIC_DEMO_DATA
313,Odisha Coast,19.7452,85.87649,2025-02-07 21:13:30,11.729,24.543,1014.286,78.692,SYNTHETIC_DEMO_DATA
314,Visakhapatnam,17.4926,83.48728,2025-02-08 00:08:21,13.319,19.706,1016.094,86.136,SYNTHETIC_DEMO_DATA
315,Visakhapatnam,17.76716,83.11332,2025-02-08 03:03:12,5.283,9.169,1009.249,82.872,SYNTHETIC_DEMO_DATA
316,Gujarat Coast,22.04252,69.60594,2025-02-08 05:58:03,12.479,3.189,1013.299,86.477,SYNTHETIC_DEMO_DATA
317,Goa Coast,15.78759,73.99105,2025-02-08 08:52:54,13.049,12.281,1004.989,57.692,SYNTHETIC_DEMO_DATA
318,Goa Coast,15.49066,73.84923,2025-02-08 11:47:45,9.305,15.234,1003.438,75.721,SYNTHETIC_DEMO_DATA
319,Lakshadweep,10.6351,73.04573,2025-02-08 14:42:36,13.52,17.685,1017.432,65.991,SYNTHETIC_DEMO_DATA
320,Goa Coast,15.41951,74.01302,2025-02-08 17:37:27,9.533,10.964,1019.199,87.982,SYNTHETIC_DEMO_DATA
321,Chennai Coast,13.1638,79.90945,2025-02-08 20:32:18,20.198,7.254,1024.807,52.143,SYNTHETIC_DEMO_DATA
322,Odisha Coast,19.79171,85.79506,2025-02-08 23:27:09,14.701,15.179,1011.98,72.383,SYNTHETIC_DEMO_DATA
323,Gujarat Coast,22.22585,69.61912,2025-02-09 02:22:00,11.336,2.372,983.577,73.279,SYNTHETIC_DEMO_DATA
324,Lakshadweep,10.42025,72.84957,2025-02-09 05:16:51,13.127,2.783,1013.511,80.634,SYNTHETIC_DEMO_DATA
325,Lakshadweep,10.86395,72.64601,2025-02-09 08:11:42,6.021,0.0,1013.114,58.447,SYNTHETIC_DEMO_DATA
326,Visakhapatnam,17.69724,83.37014,2025-02-09 11:06:33,19.54,8.647,1020.324,72.739,SYNTHETIC_DEMO_DATA
327,Visakhapatnam,17.61545,83.33843,2025-02-09 14:01:24,10.51,0.422,1010.678,66.728,SYNTHETIC_DEMO_DATA
328,Sundarbans,22.06457,89.08447,2025-02-09 16:56:16,5.273,13.733,1006.328,89.563,SYNTHETIC_DEMO_DATA
329,Odisha Coast,20.08219,85.69753,2025-02-09 19:51:07,6.071,17.548,1015.927,76.112,SYNTHETIC_DEMO_DATA
330,Mumbai Coast,19.23161,72.89354,2025-02-09 22:45:58,1.049,16.76,996.068,76.162,SYNTHETIC_DEMO_DATA
331,Mumbai Coast,19.00473,72.90696,2025-02-10 01:40:49,9.473,18.053,1010.542,71.202,SYNTHETIC_DEMO_DATA
332,Chennai Coast,13.01527,80.35502,2025-02-10 04:35:40,20.432,20.122,999.485,72.834,SYNTHETIC_DEMO_DATA
333,Chennai Coast,13.00975,80.49666,2025-02-10 07:30:31,8.253,20.313,1008.268,81.289,SYNTHETIC_DEMO_DATA
334,Andaman & Nicobar,11.68459,92.63992,2025-02-10 10:25:22,6.321,20.092,1012.026,85.417,SYNTHETIC_DEMO_DATA
335,Kerala Coast,9.81496,76.43044,2025-02-10 13:20:13,17.514,30.364,1008.345,50.463,SYNTHETIC_DEMO_DATA
336,Andaman & Nicobar,11.83221,92.58364,2025-02-10 16:15:04,22.237,4.834,1011.418,89.976,SYNTHETIC_DEMO_DATA
337,Lakshadweep,10.47004,72.6257,2025-02-10 19:09:55,19.866,0.0,1015.946,93.535,SYNTHETIC_DEMO_DATA
338,Chennai Coast,12.90747,80.692,2025-02-10 22:04:46,4.867,0.0,1016.521,91.5,SYNTHETIC_DEMO_DATA
339,Visakhapatnam,17.64691,83.00106,2025-02-11 00:59:37,15.065,12.519,1018.151,78.875,SYNTHETIC_DEMO_DATA
340,Lakshadweep,10.84027,72.90988,2025-02-11 03:54:28,1.0,0.0,1011.422,85.469,SYNTHETIC_DEMO_DATA
341,Gujarat Coast,21.8866,69.8076,2025-02-11 06:49:19,5.574,3.559,1010.05,77.258,SYNTHETIC_DEMO_DATA
342,Visakhapatnam,18.01914,83.23185,2025-02-11 09:44:10,1.943,9.659,1006.451,79.949,SYNTHETIC_DEMO_DATA
343,Gujarat Coast,22.30144,69.77926,2025-02-11 12:39:01,3.99,0.0,1023.498,73.215,SYNTHETIC_DEMO_DATA
344,Mumbai Coast,19.08107,73.11646,2025-02-11 15:33:52,9.977,15.403,1011.341,68.319,SYNTHETIC_DEMO_DATA
345,Lakshadweep,10.8556,72.87545,2025-02-11 18:28:44,20.817,14.114,999.375,91.972,SYNTHETIC_DEMO_DATA
346,Visakhapatnam,17.50195,83.31351,2025-02-11 21:23:35,9.684,11.616,1026.95,66.079,SYNTHETIC_DEMO_DATA
347,Lakshadweep,10.03973,72.7384,2025-02-12 00:18:26,9.118,16.478,1007.24,63.23,SYNTHETIC_DEMO_DATA
348,Lakshadweep,10.3286,72.67674,2025-02-12 03:13:17,3.067,16.609,1006.279,59.75,SYNTHETIC_DEMO_DATA
349,Odisha Coast,19.79649,85.93894,2025-02-12 06:08:08,14.387,21.651,1007.842,88.613,SYNTHETIC_DEMO_DATA
350,Odisha Coast,19.93903,86.02056,2025-02-12 09:02:59,7.93,15.74,1007.076,83.578,SYNTHETIC_DEMO_DATA
351,Mumbai Coast,18.7613,72.8362,2025-02-12 11:57:50,12.479,18.982,1009.04,63.754,SYNTHETIC_DEMO_DATA
352,Sundarbans,21.87517,89.40655,2025-02-12 14:52:41,6.71,25.385,1008.855,80.788,SYNTHETIC_DEMO_DATA
353,Visakhapatnam,17.80349,83.09539,2025-02-12 17:47:32,16.382,5.851,1007.179,49.878,SYNTHETIC_DEMO_DATA
354,Kerala Coast,9.87279,76.08149,2025-02-12 20:42:23,1.0,29.17,1006.124,78.742,SYNTHETIC_DEMO_DATA
355,Lakshadweep,10.52321,72.48587,2025-02-12 23:37:14,7.913,0.0,1002.8,66.958,SYNTHETIC_DEMO_DATA
356,Lakshadweep,10.72537,72.63537,2025-02-13 02:32:05,10.837,4.104,1010.398,88.594,SYNTHETIC_DEMO_DATA
357,Odisha Coast,20.10325,85.54773,2025-02-13 05:26:56,4.31,33.817,993.061,79.747,SYNTHETIC_DEMO_DATA
358,Andaman & Nicobar,11.47001,92.76549,2025-02-13 08:21:47,19.061,0.0,1013.278,71.474,SYNTHETIC_DEMO_DATA
359,Sundarbans,21.92723,88.99139,2025-02-13 11:16:38,11.67,21.082,1005.28,77.775,SYNTHETIC_DEMO_DATA
360,Goa Coast,15.01065,73.98947,2025-02-13 14:11:29,4.923,0.0,1007.886,98.041,SYNTHETIC_DEMO_DATA
361,Andaman & Nicobar,11.80093,92.43654,2025-02-13 17:06:20,10.938,15.314,1005.49,70.182,SYNTHETIC_DEMO_DATA
362,Andaman & Nicobar,11.81747,92.55888,2025-02-13 20:01:12,9.156,11.156,1034.78,66.838,SYNTHETIC_DEMO_DATA
363,Visakhapatnam,17.65516,83.61625,2025-02-13 22:56:03,16.347,10.01,1015.518,77.783,SYNTHETIC_DEMO_DATA
364,Andaman & Nicobar,12.25372,92.46753,2025-02-14 01:50:54,11.912,8.209,1004.566,84.661,SYNTHETIC_DEMO_DATA
365,Odisha Coast,19.61967,85.79075,2025-02-14 04:45:45,15.552,13.326,1014.633,65.41,SYNTHETIC_DEMO_DATA
366,Mumbai Coast,19.08911,72.6634,2025-02-14 07:40:36,10.035,9.849,1019.155,77.041,SYNTHETIC_DEMO_DATA
367,Kerala Coast,10.18007,76.5319,2025-02-14 10:35:27,9.887,25.371,1014.753,74.157,SYNTHETIC_DEMO_DATA
368,Chennai Coast,13.11373,80.49684,2025-02-14 13:30:18,10.659,1.624,1001.443,67.746,SYNTHETIC_DEMO_DATA
369,Sundarbans,21.58442,89.2019,2025-02-14 16:25:09,15.467,4.519,1009.649,95.343,SYNTHETIC_DEMO_DATA
370,Goa Coast,15.27853,74.1545,2025-02-14 19:20:00,9.722,9.657,988.591,82.027,SYNTHETIC_DEMO_DATA
371,Chennai Coast,13.12654,79.96156,2025-02-14 22:14:51,1.907,0.0,1010.599,91.316,SYNTHETIC_DEMO_DATA
372,Gujarat Coast,22.2072,69.71982,2025-02-15 01:09:42,25.51,14.145,1007.143,70.547,SYNTHETIC_DEMO_DATA
373,Kerala Coast,10.0571,76.22053,2025-02-15 04:04:33,2.166,27.38,1007.87,73.139,SYNTHETIC_DEMO_DATA
374,Chennai Coast,13.06811,80.28121,2025-02-15 06:59:24,8.687,11.074,1005.464,80.462,SYNTHETIC_DEMO_DATA
375,Andaman & Nicobar,11.93686,92.974,2025-02-15 09:54:15,5.365,12.642,1016.298,84.527,SYNTHETIC_DEMO_DATA
376,Sundarbans,21.40537,89.218,2025-02-15 12:49:06,21.35,27.62,1015.646,99.124,SYNTHETIC_DEMO_DATA
377,Goa Coast,15.23246,74.0209,2025-02-15 15:43:57,14.737,0.999,1024.855,91.681,SYNTHETIC_DEMO_DATA
378,Goa Coast,15.54423,73.67509,2025-02-15 18:38:48,15.266,19.626,1019.225,63.359,SYNTHETIC_DEMO_DATA
379,Chennai Coast,12.92896,79.92861,2025-02-15 21:33:40,1.782,9.584,1008.824,88.638,SYNTHETIC_DEMO_DATA
380,Visakhapatnam,17.79849,83.27225,2025-02-16 00:28:31,10.966,10.848,1005.519,70.691,SYNTHETIC_DEMO_DATA
381,Sundarbans,22.11207,89.07258,2025-02-16 03:23:22,11.207,3.932,1021.53,57.824,SYNTHETIC_DEMO_DATA
382,Lakshadweep,10.32976,72.68278,2025-02-16 06:18:13,16.509,0.0,998.918,62.362,SYNTHETIC_DEMO_DATA
383,Lakshadweep,9.95342,72.601,2025-02-16 09:13:04,16.623,16.817,1000.897,72.68,SYNTHETIC_DEMO_DATA
384,Visakhapatnam,17.64775,83.27446,2025-02-16 12:07:55,21.428,2.804,1013.061,75.496,SYNTHETIC_DEMO_DATA
385,Sundarbans,21.94785,88.91179,2025-02-16 15:02:46,2.609,21.095,1013.099,59.646,SYNTHETIC_DEMO_DATA
386,Odisha Coast,19.60539,85.74198,2025-02-16 17:57:37,7.774,4.429,1012.357,71.694,SYNTHETIC_DEMO_DATA
387,Sundarbans,21.96477,89.29179,2025-02-16 20:52:28,10.739,16.123,996.944,82.508,SYNTHETIC_DEMO_DATA
388,Andaman & Nicobar,11.83128,92.50653,2025-02-16 23:47:19,12.756,15.715,995.631,76.902,SYNTHETIC_DEMO_DATA
389,Andaman & Nicobar,11.53151,92.24713,2025-02-17 02:42:10,19.54,6.821,1027.917,76.52,SYNTHETIC_DEMO_DATA
390,Odisha Coast,19.79475,85.82174,2025-02-17 05:37:01,9.254,27.22,999.228,81.808,SYNTHETIC_DEMO_DATA
391,Goa Coast,15.29464,73.5008,2025-02-17 08:31:52,9.47,14.099,1025.579,98.139,SYNTHETIC_DEMO_DATA
392,Odisha Coast,19.86702,85.86619,2025-02-17 11:26:43,15.933,14.634,1009.238,58.196,SYNTHETIC_DEMO_DATA
393,Chennai Coast,12.52549,80.6167,2025-02-17 14:21:34,24.307,12.091,1004.774,53.861,SYNTHETIC_DEMO_DATA
394,Mumbai Coast,18.52204,72.79036,2025-02-17 17:16:25,11.351,10.936,1005.756,74.485,SYNTHETIC_DEMO_DATA
395,Goa Coast,15.38429,73.96927,2025-02-17 20:11:16,20.101,6.983,1010.936,74.769,SYNTHETIC_DEMO_DATA
396,Andaman & Nicobar,11.70135,92.74008,2025-02-17 23:06:07,7.931,19.962,1004.748,79.267,SYNTHETIC_DEMO_DATA
397,Sundarbans,22.01412,89.2999,2025-02-18 02:00:59,22.439,22.408,1004.225,58.169,SYNTHETIC_DEMO_DATA
398,Odisha Coast,19.92402,85.80952,2025-02-18 04:55:50,6.096,13.472,1010.836,87.412,SYNTHETIC_DEMO_DATA
399,Visakhapatnam,17.49242,83.25063,2025-02-18 07:50:41,15.745,26.862,1010.941,83.022,SYNTHETIC_DEMO_DATA
400,Chennai Coast,13.06598,79.91865,2025-02-18 10:45:32,5.612,0.0,1010.946,74.488,SYNTHETIC_DEMO_DATA
401,Lakshadweep,10.60233,72.36975,2025-02-18 13:40:23,15.023,4.95,1030.036,60.301,SYNTHETIC_DEMO_DATA
402,Goa Coast,15.22181,73.71169,2025-02-18 16:35:14,18.165,17.464,1021.647,82.724,SYNTHETIC_DEMO_DATA
403,Chennai Coast,13.10155,80.15076,2025-02-18 19:30:05,25.091,5.429,1013.023,78.76,SYNTHETIC_DEMO_DATA
404,Lakshadweep,10.22173,72.80552,2025-02-18 22:24:56,9.643,0.297,1010.27,72.546,SYNTHETIC_DEMO_DATA
405,Kerala Coast,10.14401,76.33644,2025-02-19 01:19:47,9.563,10.532,1018.246,60.224,SYNTHETIC_DEMO_DATA
406,Mumbai Coast,18.8392,72.33728,2025-02-19 04:14:38,7.99,31.123,1007.539,99.472,SYNTHETIC_DEMO_DATA
407,Kerala Coast,9.9315,76.08147,2025-02-19 07:09:29,10.361,19.594,1013.91,77.221,SYNTHETIC_DEMO_DATA
408,Odisha Coast,19.72749,85.78953,2025-02-19 10:04:20,11.743,14.05,1020.22,47.346,SYNTHETIC_DEMO_DATA
409,Lakshadweep,10.42009,72.35998,2025-02-19 12:59:11,11.721,12.535,999.566,80.277,SYNTHETIC_DEMO_DATA
410,Sundarbans,22.1589,89.11161,2025-02-19 15:54:02,9.056,11.071,1007.796,90.334,SYNTHETIC_DEMO_DATA
411,Odisha Coast,19.65875,85.78179,2025-02-19 18:48:53,18.295,20.298,999.528,69.906,SYNTHETIC_DEMO_DATA
412,Visakhapatnam,17.70515,83.35395,2025-02-19 21:43:44,11.823,11.214,1008.316,84.782,SYNTHETIC_DEMO_DATA
413,Visakhapatnam,17.54839,83.30205,2025-02-20 00:38:35,5.122,7.34,1018.19,68.072,SYNTHETIC_DEMO_DATA
414,Odisha Coast,19.77519,85.37556,2025-02-20 03:33:27,17.139,14.267,1023.841,52.833,SYNTHETIC_DEMO_DATA
415,Sundarbans,22.3874,89.3066,2025-02-20 06:28:18,7.118,20.196,1017.674,60.757,SYNTHETIC_DEMO_DATA
416,Gujarat Coast,22.15987,69.70741,2025-02-20 09:23:09,14.297,0.942,1014.953,73.061,SYNTHETIC_DEMO_DATA
417,Lakshadweep,10.80868,72.61354,2025-02-20 12:18:00,3.411,0.0,1009.389,43.945,SYNTHETIC_DEMO_DATA
418,Odisha Coast,20.0241,85.6958,2025-02-20 15:12:51,8.644,0.433,1005.515,64.524,SYNTHETIC_DEMO_DATA
419,Visakhapatnam,17.52676,83.27406,2025-02-20 18:07:42,10.795,6.134,1007.41,84.633,SYNTHETIC_DEMO_DATA
420,Mumbai Coast,19.00885,72.92424,2025-02-20 21:02:33,13.544,26.235,1006.198,74.637,SYNTHETIC_DEMO_DATA
421,Lakshadweep,10.48783,72.7247,2025-02-20 23:57:24,6.214,8.36,1009.847,81.14,SYNTHETIC_DEMO_DATA
422,Gujarat Coast,22.46328,69.49076,2025-02-21 02:52:15,14.496,8.956,1004.759,55.406,SYNTHETIC_DEMO_DATA
423,Goa Coast,15.51006,73.62983,2025-02-21 05:47:06,9.964,20.967,1024.119,51.752,SYNTHETIC_DEMO_DATA
424,Mumbai Coast,19.09605,72.61176,2025-02-21 08:41:57,7.24,6.647,1015.83,76.969,SYNTHETIC_DEMO_DATA
425,Kerala Coast,9.89573,76.61851,2025-02-21 11:36:48,15.355,10.647,1019.604,66.004,SYNTHETIC_DEMO_DATA
426,Odisha Coast,19.65141,85.62596,2025-02-21 14:31:39,12.304,12.387,996.861,81.033,SYNTHETIC_DEMO_DATA
427,Andaman & Nicobar,11.91288,92.85463,2025-02-21 17:26:30,14.128,25.188,1009.105,75.262,SYNTHETIC_DEMO_DATA
428,Andaman & Nicobar,11.44678,92.98686,2025-02-21 20:21:21,11.238,21.729,1000.728,90.08,SYNTHETIC_DEMO_DATA
429,Sundarbans,21.98252,89.23741,2025-02-21 23:16:12,13.594,29.06,1004.671,80.034,SYNTHETIC_DEMO_DATA
430,Goa Coast,15.6812,73.34091,2025-02-22 02:11:03,12.115,7.31,1005.097,68.406,SYNTHETIC_DEMO_DATA
431,Sundarbans,21.95132,89.32391,2025-02-22 05:05:55,15.45,13.684,999.26,69.876,SYNTHETIC_DEMO_DATA
432,Goa Coast,15.29816,73.62642,2025-02-22 08:00:46,17.647,19.955,1006.107,51.357,SYNTHETIC_DEMO_DATA
433,Andaman & Nicobar,11.8983,92.89103,2025-02-22 10:55:37,7.174,17.329,1004.123,71.11,SYNTHETIC_DEMO_DATA
434,Odisha Coast,19.58051,85.7849,2025-02-22 13:50:28,13.264,13.54,1016.223,71.343,SYNTHETIC_DEMO_DATA
435,Kerala Coast,9.73901,76.28521,2025-02-22 16:45:19,12.578,24.428,1012.935,62.151,SYNTHETIC_DEMO_DATA
436,Odisha Coast,19.55295,85.92865,2025-02-22 19:40:10,5.962,13.352,1014.936,92.512,SYNTHETIC_DEMO_DATA
437,Mumbai Coast,18.76433,72.61312,2025-02-22 22:35:01,12.133,26.019,1005.474,72.291,SYNTHETIC_DEMO_DATA
438,Lakshadweep,10.38711,72.42812,2025-02-23 01:29:52,10.007,16.456,1012.601,100.0,SYNTHETIC_DEMO_DATA
439,Sundarbans,21.90333,89.07841,2025-02-23 04:24:43,14.115,24.32,1004.393,72.577,SYNTHETIC_DEMO_DATA
440,Chennai Coast,12.81995,80.40932,2025-02-23 07:19:34,15.256,7.948,1002.251,78.206,SYNTHETIC_DEMO_DATA
441,Lakshadweep,10.73776,72.26854,2025-02-23 10:14:25,9.433,5.124,1024.238,78.462,SYNTHETIC_DEMO_DATA
442,Chennai Coast,13.52363,80.27177,2025-02-23 13:09:16,9.009,15.752,1008.665,76.089,SYNTHETIC_DEMO_DATA
443,Odisha Coast,20.16907,85.94358,2025-02-23 16:04:07,5.954,24.01,1009.065,92.651,SYNTHETIC_DEMO_DATA
444,Kerala Coast,9.77351,75.97668,2025-02-23 18:58:58,3.264,20.674,1007.757,71.058,SYNTHETIC_DEMO_DATA
445,Mumbai Coast,18.90274,73.05484,2025-02-23 21:53:49,8.795,26.063,1022.676,79.059,SYNTHETIC_DEMO_DATA
446,Gujarat Coast,21.82888,69.80603,2025-02-24 00:48:40,20.296,17.004,1018.946,90.669,SYNTHETIC_DEMO_DATA
447,Chennai Coast,12.88383,80.39851,2025-02-24 03:43:31,4.354,21.077,1014.025,83.738,SYNTHETIC_DEMO_DATA
448,Lakshadweep,10.40151,72.70271,2025-02-24 06:38:23,16.898,11.345,1004.231,67.906,SYNTHETIC_DEMO_DATA
449,Mumbai Coast,19.23214,73.11566,2025-02-24 09:33:14,14.909,9.628,1017.487,100.0,SYNTHETIC_DEMO_DATA
450,Visakhapatnam,17.73346,83.44197,2025-02-24 12:28:05,4.987,10.176,1006.687,76.536,SYNTHETIC_DEMO_DATA
451,Lakshadweep,10.46658,72.44785,2025-02-24 15:22:56,17.334,24.825,1012.778,73.504,SYNTHETIC_DEMO_DATA
452,Lakshadweep,10.85632,72.51044,2025-02-24 18:17:47,18.105,2.176,1008.168,67.617,SYNTHETIC_DEMO_DATA
453,Kerala Coast,10.04712,76.43439,2025-02-24 21:12:38,11.394,24.985,1016.296,93.377,SYNTHETIC_DEMO_DATA
454,Sundarbans,21.96064,89.25846,2025-02-25 00:07:29,10.787,11.212,1014.844,65.658,SYNTHETIC_DEMO_DATA
455,Mumbai Coast,19.28915,72.71383,2025-02-25 03:02:20,5.106,10.939,1011.95,57.867,SYNTHETIC_DEMO_DATA
456,Mumbai Coast,18.76697,73.05304,2025-02-25 05:57:11,10.78,4.739,1000.839,76.272,SYNTHETIC_DEMO_DATA
457,Odisha Coast,19.64548,85.896,2025-02-25 08:52:02,10.63,12.623,1010.239,81.775,SYNTHETIC_DEMO_DATA
458,Gujarat Coast,22.21559,69.51416,2025-02-25 11:46:53,6.231,0.0,1012.485,75.679,SYNTHETIC_DEMO_DATA
459,Andaman & Nicobar,11.59454,92.5952,2025-02-25 14:41:44,5.563,23.794,994.364,100.0,SYNTHETIC_DEMO_DATA
460,Odisha Coast,19.45559,85.85895,2025-02-25 17:36:35,5.124,12.599,1011.492,71.61,SYNTHETIC_DEMO_DATA
461,Goa Coast,15.4265,73.78502,2025-02-25 20:31:26,9.469,21.789,1012.376,80.156,SYNTHETIC_DEMO_DATA
462,Odisha Coast,20.15877,85.98876,2025-02-25 23:26:17,18.677,17.648,1008.541,71.721,SYNTHETIC_DEMO_DATA
463,Goa Coast,15.53511,73.78123,2025-02-26 02:21:08,5.12,5.659,1020.608,82.998,SYNTHETIC_DEMO_DATA
464,Kerala Coast,9.90403,75.76441,2025-02-26 05:15:59,10.388,7.455,1030.405,52.255,SYNTHETIC_DEMO_DATA
465,Sundarbans,21.90706,88.8514,2025-02-26 08:10:51,17.993,10.162,1009.518,77.881,SYNTHETIC_DEMO_DATA
466,Lakshadweep,10.33906,72.77096,2025-02-26 11:05:42,9.448,13.665,1001.167,51.771,SYNTHETIC_DEMO_DATA
467,Odisha Coast,20.03655,85.75797,2025-02-26 14:00:33,8.884,0.0,1019.318,62.864,SYNTHETIC_DEMO_DATA
468,Mumbai Coast,18.82835,72.64494,2025-02-26 16:55:24,12.466,18.805,1014.197,70.815,SYNTHETIC_DEMO_DATA
469,Odisha Coast,19.89042,85.71815,2025-02-26 19:50:15,6.276,8.004,1019.359,50.415,SYNTHETIC_DEMO_DATA
470,Lakshadweep,10.20208,72.707,2025-02-26 22:45:06,17.749,4.703,1011.272,88.167,SYNTHETIC_DEMO_DATA
471,Goa Coast,15.9056,73.65734,2025-02-27 01:39:57,7.012,5.646,1021.267,70.496,SYNTHETIC_DEMO_DATA
472,Andaman & Nicobar,11.55618,92.56746,2025-02-27 04:34:48,10.666,27.543,1008.456,84.997,SYNTHETIC_DEMO_DATA
473,Kerala Coast,10.12953,76.37053,2025-02-27 07:29:39,13.869,26.833,1011.233,72.664,SYNTHETIC_DEMO_DATA
474,Kerala Coast,10.08769,76.1509,2025-02-27 10:24:30,13.539,25.832,1020.409,72.165,SYNTHETIC_DEMO_DATA
475,Gujarat Coast,22.55146,69.67532,2025-02-27 13:19:21,12.546,1.108,1014.952,65.555,SYNTHETIC_DEMO_DATA
476,Goa Coast,15.59797,73.9772,2025-02-27 16:14:12,15.66,6.067,1023.184,71.04,SYNTHETIC_DEMO_DATA
477,Andaman & Nicobar,11.85403,92.69773,2025-02-27 19:09:03,13.058,14.873,1016.881,75.216,SYNTHETIC_DEMO_DATA
478,Sundarbans,22.10859,89.30782,2025-02-27 22:03:54,8.037,4.107,1022.786,100.0,SYNTHETIC_DEMO_DATA
479,Gujarat Coast,22.16585,69.47591,2025-02-28 00:58:45,9.479,0.0,1003.35,78.932,SYNTHETIC_DEMO_DATA
480,Odisha Coast,19.80166,85.56618,2025-02-28 03:53:36,17.332,24.945,1001.651,74.627,SYNTHETIC_DEMO_DATA
481,Visakhapatnam,17.77487,83.60722,2025-02-28 06:48:27,1.0,1.402,1003.46,78.183,SYNTHETIC_DEMO_DATA
482,Andaman & Nicobar,11.72556,92.45337,2025-02-28 09:43:18,10.027,8.157,1027.869,57.853,SYNTHETIC_DEMO_DATA
483,Visakhapatnam,17.52053,83.40732,2025-02-28 12:38:10,11.776,9.653,1001.059,75.161,SYNTHETIC_DEMO_DATA
484,Goa Coast,15.53407,73.78027,2025-02-28 15:33:01,20.104,7.23,1002.623,82.044,SYNTHETIC_DEMO_DATA
485,Kerala Coast,10.31254,75.88666,2025-02-28 18:27:52,5.942,22.229,1006.982,69.9,SYNTHETIC_DEMO_DATA
486,Visakhapatnam,17.83913,83.4376,2025-02-28 21:22:43,13.244,21.731,1022.823,86.942,SYNTHETIC_DEMO_DATA
487,Chennai Coast,13.06215,80.35822,2025-03-01 00:17:34,11.108,0.0,1020.778,83.642,SYNTHETIC_DEMO_DATA
488,Mumbai Coast,18.7808,72.5925,2025-03-01 03:12:25,11.324,21.233,1010.74,92.604,SYNTHETIC_DEMO_DATA
489,Goa Coast,15.39345,73.56498,2025-03-01 06:07:16,18.384,18.214,1010.324,72.886,SYNTHETIC_DEMO_DATA
490,Gujarat Coast,22.36469,70.16584,2025-03-01 09:02:07,11.662,6.553,1003.58,91.977,SYNTHETIC_DEMO_DATA
491,Lakshadweep,10.70907,72.61988,2025-03-01 11:56:58,11.455,5.368,998.69,75.648,SYNTHETIC_DEMO_DATA
492,Andaman & Nicobar,11.6041,92.47987,2025-03-01 14:51:49,8.57,15.869,1010.799,87.799,SYNTHETIC_DEMO_DATA
493,Goa Coast,15.58235,73.7547,2025-03-01 17:46:40,22.087,25.18,1016.977,96.791,SYNTHETIC_DEMO_DATA
494,Gujarat Coast,22.2296,69.50901,2025-03-01 20:41:31,17.868,13.858,1004.108,72.327,SYNTHETIC_DEMO_DATA
495,Visakhapatnam,17.63874,82.90154,2025-03-01 23:36:22,1.664,7.416,1008.625,76.777,SYNTHETIC_DEMO_DATA
496,Kerala Coast,9.84552,76.07581,2025-03-02 02:31:13,8.569,25.487,1005.417,71.913,SYNTHETIC_DEMO_DATA
497,Odisha Coast,19.69034,85.94754,2025-03-02 05:26:04,14.667,8.47,1014.633,71.845,SYNTHETIC_DEMO_DATA
498,Chennai Coast,13.20679,80.27395,2025-03-02 08:20:55,13.16,8.274,1014.029,79.167,SYNTHETIC_DEMO_DATA
499,Lakshadweep,10.63111,72.38143,2025-03-02 11:15:46,10.494,0.0,1010.837,58.489,SYNTHETIC_DEMO_DATA
500,Kerala Coast,9.77844,75.9795,2025-03-02 14:10:38,8.841,27.723,1018.981,79.272,SYNTHETIC_DEMO_DATA
501,Odisha Coast,19.9118,86.00208,2025-03-02 17:05:29,26.116,12.197,1001.274,68.716,SYNTHETIC_DEMO_DATA
502,Gujarat Coast,22.08821,69.58861,2025-03-02 20:00:20,14.477,3.559,1019.63,74.695,SYNTHETIC_DEMO_DATA
503,Lakshadweep,10.34031,72.87774,2025-03-02 22:55:11,7.325,7.552,1020.391,55.346,SYNTHETIC_DEMO_DATA
504,Andaman & Nicobar,11.66629,92.52837,2025-03-03 01:50:02,5.739,10.663,1007.427,71.869,SYNTHETIC_DEMO_DATA
505,Visakhapatnam,17.53478,83.21687,2025-03-03 04:44:53,5.444,7.696,1012.732,74.303,SYNTHETIC_DEMO_DATA
506,Kerala Coast,9.8611,76.41452,2025-03-03 07:39:44,14.015,22.304,1011.946,82.43,SYNTHETIC_DEMO_DATA
507,Mumbai Coast,18.9716,72.93684,2025-03-03 10:34:35,1.958,15.305,1015.499,77.268,SYNTHETIC_DEMO_DATA
508,Visakhapatnam,17.64113,83.07361,2025-03-03 13:29:26,15.854,0.0,1001.613,73.608,SYNTHETIC_DEMO_DATA
509,Visakhapatnam,17.7422,83.11095,2025-03-03 16:24:17,18.621,0.0,1019.361,48.812,SYNTHETIC_DEMO_DATA
510,Visakhapatnam,18.1383,83.17648,2025-03-03 19:19:08,9.841,12.403,1011.691,57.014,SYNTHETIC_DEMO_DATA
511,Lakshadweep,10.41247,72.54408,2025-03-03 22:13:59,11.759,4.382,1007.421,60.354,SYNTHETIC_DEMO_DATA
512,Goa Coast,15.30437,73.72638,2025-03-04 01:08:50,16.048,8.059,1012.519,75.128,SYNTHETIC_DEMO_DATA
513,Andaman & Nicobar,11.90451,92.73033,2025-03-04 04:03:41,11.643,7.011,1007.049,77.941,SYNTHETIC_DEMO_DATA
514,Andaman & Nicobar,11.37278,92.91456,2025-03-04 06:58:32,13.058,6.958,1006.739,62.664,SYNTHETIC_DEMO_DATA
515,Lakshadweep,10.72815,72.87973,2025-03-04 09:53:23,12.602,7.898,997.638,65.381,SYNTHETIC_DEMO_DATA
516,Odisha Coast,20.06448,85.90576,2025-03-04 12:48:14,8.649,24.763,1003.436,78.384,SYNTHETIC_DEMO_DATA
517,Andaman & Nicobar,11.87865,92.72141,2025-03-04 15:43:06,14.737,15.492,1016.867,59.647,SYNTHETIC_DEMO_DATA
518,Sundarbans,21.67312,88.94284,2025-03-04 18:37:57,5.638,15.822,1013.191,70.406,SYNTHETIC_DEMO_DATA
519,Kerala Coast,9.71169,76.41892,2025-03-04 21:32:48,7.357,8.759,1015.574,66.637,SYNTHETIC_DEMO_DATA
520,Mumbai Coast,19.30886,72.6789,2025-03-05 00:27:39,15.573,2.296,1005.642,69.29,SYNTHETIC_DEMO_DATA
521,Chennai Coast,13.12091,80.13162,2025-03-05 03:22:30,17.92,5.541,1005.925,61.027,SYNTHETIC_DEMO_DATA
522,Odisha Coast,19.6081,85.89637,2025-03-05 06:17:21,10.86,24.577,1003.093,76.013,SYNTHETIC_DEMO_DATA
523,Odisha Coast,19.56368,85.67967,2025-03-05 09:12:12,13.13,16.263,1000.525,65.593,SYNTHETIC_DEMO_DATA
524,Andaman & Nicobar,11.85017,92.6414,2025-03-05 12:07:03,5.283,8.68,1017.175,82.322,SYNTHETIC_DEMO_DATA
525,Chennai Coast,13.14259,80.02958,2025-03-05 15:01:54,16.657,5.208,1001.511,60.451,SYNTHETIC_DEMO_DATA
526,Chennai Coast,13.2981,80.38607,2025-03-05 17:56:45,8.86,6.524,1007.588,55.985,SYNTHETIC_DEMO_DATA
527,Lakshadweep,10.89084,72.4175,2025-03-05 20:51:36,10.639,14.35,1009.925,72.694,SYNTHETIC_DEMO_DATA
528,Odisha Coast,19.99307,85.82533,2025-03-05 23:46:27,20.391,0.0,1009.619,62.121,SYNTHETIC_DEMO_DATA
529,Lakshadweep,10.48485,72.81091,2025-03-06 02:41:18,12.337,16.722,1001.101,72.633,SYNTHETIC_DEMO_DATA
530,Lakshadweep,10.74563,72.60067,2025-03-06 05:36:09,18.011,17.187,1021.668,81.798,SYNTHETIC_DEMO_DATA
531,Mumbai Coast,18.90645,73.40473,2025-03-06 08:31:00,4.803,30.742,1013.987,89.273,SYNTHETIC_DEMO_DATA
532,Odisha Coast,19.68084,85.86862,2025-03-06 11:25:51,14.94,12.166,1004.774,98.17,SYNTHETIC_DEMO_DATA
533,Odisha Coast,19.77534,85.43894,2025-03-06 14:20:42,10.685,11.678,1002.47,83.894,SYNTHETIC_DEMO_DATA
534,Visakhapatnam,17.82535,83.02401,2025-03-06 17:15:34,10.744,0.408,1023.948,74.061,SYNTHETIC_DEMO_DATA
535,Mumbai Coast,18.83447,73.02511,2025-03-06 20:10:25,6.286,3.593,1009.734,89.111,SYNTHETIC_DEMO_DATA
536,Odisha Coast,19.70392,85.85599,2025-03-06 23:05:16,10.35,8.945,996.198,69.788,SYNTHETIC_DEMO_DATA
537,Kerala Coast,9.87377,76.09807,2025-03-07 02:00:07,17.7,12.812,1018.953,69.377,SYNTHETIC_DEMO_DATA
538,Odisha Coast,19.47547,86.04687,2025-03-07 04:54:58,21.75,2.509,1005.956,93.475,SYNTHETIC_DEMO_DATA
539,Mumbai Coast,18.88451,72.63384,2025-03-07 07:49:49,19.045,12.12,1001.912,83.68,SYNTHETIC_DEMO_DATA
540,Sundarbans,22.35239,89.47418,2025-03-07 10:44:40,15.61,13.958,1006.132,75.522,SYNTHETIC_DEMO_DATA
541,Goa Coast,15.33258,73.92423,2025-03-07 13:39:31,14.175,11.221,1013.818,69.695,SYNTHETIC_DEMO_DATA
542,Sundarbans,22.09982,89.06581,2025-03-07 16:34:22,14.009,18.637,1013.637,79.709,SYNTHETIC_DEMO_DATA
543,Odisha Coast,19.44591,85.96167,2025-03-07 19:29:13,15.457,9.018,1005.758,73.618,SYNTHETIC_DEMO_DATA
544,Odisha Coast,20.05304,85.77134,2025-03-07 22:24:04,12.615,23.275,1014.199,82.662,SYNTHETIC_DEMO_DATA
545,Andaman & Nicobar,11.73005,92.35988,2025-03-08 01:18:55,21.461,14.037,1023.338,78.8,SYNTHETIC_DEMO_DATA
546,Sundarbans,22.23335,89.56287,2025-03-08 04:13:46,10.659,18.918,1005.688,76.751,SYNTHETIC_DEMO_DATA
547,Kerala Coast,10.07502,76.12839,2025-03-08 07:08:37,6.839,12.685,1009.009,83.562,SYNTHETIC_DEMO_DATA
548,Mumbai Coast,18.48364,72.49383,2025-03-08 10:03:28,15.086,26.52,999.499,71.063,SYNTHETIC_DEMO_DATA
549,Mumbai Coast,18.34644,73.05237,2025-03-08 12:58:19,4.579,19.64,1014.214,71.542,SYNTHETIC_DEMO_DATA
550,Gujarat Coast,22.34422,69.44886,2025-03-08 15:53:10,14.733,11.844,1014.369,55.677,SYNTHETIC_DEMO_DATA
551,Andaman & Nicobar,11.70305,92.67174,2025-03-08 18:48:02,10.197,2.892,1013.185,68.25,SYNTHETIC_DEMO_DATA
552,Chennai Coast,13.25534,80.15733,2025-03-08 21:42:53,17.079,14.083,1016.293,77.131,SYNTHETIC_DEMO_DATA
553,Andaman & Nicobar,11.58717,93.11759,2025-03-09 00:37:44,6.144,13.124,1003.075,89.052,SYNTHETIC_DEMO_DATA
554,Chennai Coast,13.33774,80.11118,2025-03-09 03:32:35,7.857,1.58,1005.606,90.307,SYNTHETIC_DEMO_DATA
555,Lakshadweep,10.39628,72.77632,2025-03-09 06:27:26,9.582,6.35,1005.134,70.691,SYNTHETIC_DEMO_DATA
556,Mumbai Coast,18.98363,73.27429,2025-03-09 09:22:17,13.285,14.847,1026.053,57.545,SYNTHETIC_DEMO_DATA
557,Goa Coast,15.37613,73.82199,2025-03-09 12:17:08,1.324,13.4,1009.172,75.693,SYNTHETIC_DEMO_DATA
558,Andaman & Nicobar,11.32072,92.48927,2025-03-09 15:11:59,14.617,3.759,1015.006,40.565,SYNTHETIC_DEMO_DATA
559,Goa Coast,15.2012,73.92541,2025-03-09 18:06:50,14.485,13.011,1000.844,96.742,SYNTHETIC_DEMO_DATA
560,Andaman & Nicobar,11.87242,92.88015,2025-03-09 21:01:41,12.424,10.1,1021.179,66.062,SYNTHETIC_DEMO_DATA
561,Mumbai Coast,19.34476,72.61802,2025-03-09 23:56:32,13.805,17.911,1008.077,64.451,SYNTHETIC_DEMO_DATA
562,Sundarbans,21.8114,88.93443,2025-03-10 02:51:23,8.186,4.667,1016.328,61.631,SYNTHETIC_DEMO_DATA
563,Kerala Coast,9.97142,76.58584,2025-03-10 05:46:14,17.305,28.342,1006.438,77.916,SYNTHETIC_DEMO_DATA
564,Odisha Coast,19.98968,85.94617,2025-03-10 08:41:05,8.046,19.399,1012.802,58.783,SYNTHETIC_DEMO_DATA
565,Andaman & Nicobar,11.60387,92.75496,2025-03-10 11:35:56,6.748,16.827,1016.647,65.516,SYNTHETIC_DEMO_DATA
566,Visakhapatnam,17.56622,83.2568,2025-03-10 14:30:47,17.873,28.308,1007.428,72.797,SYNTHETIC_DEMO_DATA
567,Visakhapatnam,17.27206,82.97313,2025-03-10 17:25:38,17.398,5.085,1026.637,71.3,SYNTHETIC_DEMO_DATA
568,Visakhapatnam,17.85319,83.33927,2025-03-10 20:20:30,6.125,7.868,1010.756,76.08,SYNTHETIC_DEMO_DATA
569,Gujarat Coast,22.23288,69.38941,2025-03-10 23:15:21,17.326,5.582,1019.015,92.43,SYNTHETIC_DEMO_DATA
570,Mumbai Coast,18.79167,72.39036,2025-03-11 02:10:12,8.32,24.621,1000.851,57.571,SYNTHETIC_DEMO_DATA
571,Lakshadweep,10.5893,72.91689,2025-03-11 05:05:03,7.789,0.0,1023.8,82.944,SYNTHETIC_DEMO_DATA
572,Kerala Coast,10.23049,76.45789,2025-03-11 07:59:54,11.24,13.377,1015.065,70.973,SYNTHETIC_DEMO_DATA
573,Visakhapatnam,17.55883,83.29529,2025-03-11 10:54:45,16.113,7.583,1019.114,70.869,SYNTHETIC_DEMO_DATA
574,Sundarbans,22.22196,89.09453,2025-03-11 13:49:36,20.549,15.581,1015.815,49.265,SYNTHETIC_DEMO_DATA
575,Sundarbans,22.39855,89.36301,2025-03-11 16:44:27,14.163,19.65,1012.476,77.135,SYNTHETIC_DEMO_DATA
576,Chennai Coast,13.12739,80.26285,2025-03-11 19:39:18,9.113,12.628,1012.03,73.049,SYNTHETIC_DEMO_DATA
577,Lakshadweep,10.35863,72.89883,2025-03-11 22:34:09,7.494,15.555,1020.548,79.812,SYNTHETIC_DEMO_DATA
578,Mumbai Coast,18.99097,72.85273,2025-03-12 01:29:00,20.418,15.895,1005.022,72.102,SYNTHETIC_DEMO_DATA
579,Andaman & Nicobar,11.70716,92.9199,2025-03-12 04:23:51,19.996,13.806,1007.246,47.073,SYNTHETIC_DEMO_DATA
580,Odisha Coast,19.84896,85.89761,2025-03-12 07:18:42,15.28,1.912,1014.145,71.711,SYNTHETIC_DEMO_DATA
581,Sundarbans,21.90259,89.06533,2025-03-12 10:13:33,13.85,19.641,1009.811,75.426,SYNTHETIC_DEMO_DATA
582,Andaman & Nicobar,11.6263,92.4771,2025-03-12 13:08:24,18.847,18.901,1001.631,79.65,SYNTHETIC_DEMO_DATA
583,Odisha Coast,19.90799,86.07699,2025-03-12 16:03:15,8.189,28.309,1018.542,85.673,SYNTHETIC_DEMO_DATA
584,Sundarbans,21.84974,89.08759,2025-03-12 18:58:06,8.959,27.638,1013.408,81.258,SYNTHETIC_DEMO_DATA
585,Kerala Coast,10.06288,76.47969,2025-03-12 21:52:57,8.556,11.667,1005.615,77.13,SYNTHETIC_DEMO_DATA
586,Lakshadweep,10.56546,72.43203,2025-03-13 00:47:49,11.24,0.0,1001.893,71.86,SYNTHETIC_DEMO_DATA
587,Gujarat Coast,22.60713,69.49746,2025-03-13 03:42:40,12.501,0.0,1010.676,86.397,SYNTHETIC_DEMO_DATA
588,Sundarbans,22.31895,88.83759,2025-03-13 06:37:31,11.719,17.808,1012.877,64.899,SYNTHETIC_DEMO_DATA
589,Andaman & Nicobar,12.1258,92.5077,2025-03-13 09:32:22,14.098,10.051,1016.153,82.676,SYNTHETIC_DEMO_DATA
590,Andaman & Nicobar,11.30985,92.91038,2025-03-13 12:27:13,13.032,14.624,1000.838,64.819,SYNTHETIC_DEMO_DATA
591,Andaman & Nicobar,11.72071,92.93589,2025-03-13 15:22:04,18.01,23.994,980.0,83.281,SYNTHETIC_DEMO_DATA
592,Lakshadweep,10.76806,72.67481,2025-03-13 18:16:55,17.489,23.335,1005.128,100.0,SYNTHETIC_DEMO_DATA
593,Visakhapatnam,17.35835,83.28219,2025-03-13 21:11:46,15.651,12.255,1015.429,93.936,SYNTHETIC_DEMO_DATA
594,Lakshadweep,10.7387,72.54265,2025-03-14 00:06:37,14.851,5.688,1009.955,86.823,SYNTHETIC_DEMO_DATA
595,Chennai Coast,12.88774,80.2563,2025-03-14 03:01:28,10.931,0.519,1026.598,70.835,SYNTHETIC_DEMO_DATA
596,Andaman & Nicobar,11.6303,92.80328,2025-03-14 05:56:19,14.288,4.964,1014.583,69.946,SYNTHETIC_DEMO_DATA
597,Mumbai Coast,18.72041,72.98404,2025-03-14 08:51:10,13.414,3.927,1008.612,67.604,SYNTHETIC_DEMO_DATA
598,Goa Coast,15.53134,74.04892,2025-03-14 11:46:01,1.0,14.835,1017.774,86.887,SYNTHETIC_DEMO_DATA
599,Gujarat Coast,22.03281,69.63323,2025-03-14 14:40:52,9.51,4.726,1026.864,74.452,SYNTHETIC_DEMO_DATA
600,Gujarat Coast,22.58208,69.58797,2025-03-14 17:35:43,13.501,9.092,1006.28,72.543,SYNTHETIC_DEMO_DATA
601,Gujarat Coast,22.07461,69.34014,2025-03-14 20:30:34,10.333,4.135,1000.184,74.826,SYNTHETIC_DEMO_DATA
602,Goa Coast,15.85512,73.96487,2025-03-14 23:25:25,10.469,15.394,1002.469,69.01,SYNTHETIC_DEMO_DATA
603,Goa Coast,15.74585,73.88173,2025-03-15 02:20:17,23.838,0.654,1001.917,69.248,SYNTHETIC_DEMO_DATA
604,Odisha Coast,19.78367,86.04405,2025-03-15 05:15:08,12.898,32.828,1009.321,83.277,SYNTHETIC_DEMO_DATA
605,Andaman & Nicobar,11.81266,92.75675,2025-03-15 08:09:59,11.546,16.411,1018.662,68.011,SYNTHETIC_DEMO_DATA
606,Mumbai Coast,18.81084,72.72105,2025-03-15 11:04:50,14.422,5.233,1005.129,66.879,SYNTHETIC_DEMO_DATA
607,Chennai Coast,13.22766,80.27973,2025-03-15 13:59:41,18.482,7.362,1004.227,74.12,SYNTHETIC_DEMO_DATA
608,Mumbai Coast,18.529,72.50047,2025-03-15 16:54:32,7.066,25.17,1014.266,89.772,SYNTHETIC_DEMO_DATA
609,Lakshadweep,10.83136,72.52818,2025-03-15 19:49:23,6.482,0.0,1015.124,62.129,SYNTHETIC_DEMO_DATA
610,Andaman & Nicobar,11.62999,92.64089,2025-03-15 22:44:14,13.995,9.331,1000.682,81.196,SYNTHETIC_DEMO_DATA
611,Andaman & Nicobar,11.74292,92.47346,2025-03-16 01:39:05,8.942,19.912,1005.185,86.249,SYNTHETIC_DEMO_DATA
612,Kerala Coast,9.88148,76.66158,2025-03-16 04:33:56,11.462,18.263,1017.253,76.821,SYNTHETIC_DEMO_DATA
613,Goa Coast,15.5918,73.69994,2025-03-16 07:28:47,9.567,12.267,1009.955,86.364,SYNTHETIC_DEMO_DATA
614,Chennai Coast,13.2769,80.27701,2025-03-16 10:23:38,16.115,12.423,1011.472,79.937,SYNTHETIC_DEMO_DATA
615,Gujarat Coast,22.0292,69.70394,2025-03-16 13:18:29,10.837,0.0,1009.391,70.521,SYNTHETIC_DEMO_DATA
616,Gujarat Coast,22.13257,69.75747,2025-03-16 16:13:20,7.905,1.612,1016.169,61.637,SYNTHETIC_DEMO_DATA
617,Visakhapatnam,18.04885,83.51216,2025-03-16 19:08:11,6.388,1.595,1013.697,55.289,SYNTHETIC_DEMO_DATA
618,Visakhapatnam,17.76776,83.43233,2025-03-16 22:03:02,4.846,5.808,992.713,100.0,SYNTHETIC_DEMO_DATA
619,Sundarbans,21.71209,89.16828,2025-03-17 00:57:53,5.597,20.115,1013.608,91.536,SYNTHETIC_DEMO_DATA
620,Odisha Coast,19.99818,86.15474,2025-03-17 03:52:45,10.953,15.082,1000.813,79.967,SYNTHETIC_DEMO_DATA
621,Kerala Coast,9.78974,76.27906,2025-03-17 06:47:36,18.966,19.076,1016.095,75.924,SYNTHETIC_DEMO_DATA
622,Kerala Coast,9.70825,76.33322,2025-03-17 09:42:27,10.433,25.884,1005.619,77.558,SYNTHETIC_DEMO_DATA
623,Odisha Coast,19.5375,85.77278,2025-03-17 12:37:18,11.67,19.36,1001.656,58.564,SYNTHETIC_DEMO_DATA
624,Kerala Coast,9.91195,76.49947,2025-03-17 15:32:09,5.049,13.254,1009.825,71.253,SYNTHETIC_DEMO_DATA
625,Gujarat Coast,22.26447,69.56997,2025-03-17 18:27:00,15.455,8.803,1011.58,73.472,SYNTHETIC_DEMO_DATA
626,Visakhapatnam,17.55387,82.79399,2025-03-17 21:21:51,8.287,0.0,1004.856,75.472,SYNTHETIC_DEMO_DATA
627,Chennai Coast,13.3486,80.36993,2025-03-18 00:16:42,7.84,1.02,1027.086,89.192,SYNTHETIC_DEMO_DATA
628,Chennai Coast,12.7561,80.40805,2025-03-18 03:11:33,12.231,0.0,1009.294,92.621,SYNTHETIC_DEMO_DATA
629,Mumbai Coast,18.80125,72.63917,2025-03-18 06:06:24,7.353,23.638,1016.65,84.458,SYNTHETIC_DEMO_DATA
630,Chennai Coast,12.82728,80.32358,2025-03-18 09:01:15,7.092,0.0,1019.96,77.571,SYNTHETIC_DEMO_DATA
631,Goa Coast,15.92106,73.62446,2025-03-18 11:56:06,12.444,10.71,1010.274,69.179,SYNTHETIC_DEMO_DATA
632,Chennai Coast,13.19159,80.13379,2025-03-18 14:50:57,10.926,11.1,1014.948,57.851,SYNTHETIC_DEMO_DATA
633,Kerala Coast,9.60896,76.12183,2025-03-18 17:45:48,3.0,10.027,1008.294,73.664,SYNTHETIC_DEMO_DATA
634,Chennai Coast,13.0476,80.18592,2025-03-18 20:40:39,15.24,4.116,1013.906,85.076,SYNTHETIC_DEMO_DATA
635,Odisha Coast,19.49878,85.9069,2025-03-18 23:35:30,11.952,8.006,1016.688,86.265,SYNTHETIC_DEMO_DATA
636,Gujarat Coast,22.00939,69.87016,2025-03-19 02:30:21,11.003,0.0,1007.044,68.428,SYNTHETIC_DEMO_DATA
637,Visakhapatnam,17.74995,83.02682,2025-03-19 05:25:13,15.303,14.546,1022.264,96.807,SYNTHETIC_DEMO_DATA
638,Visakhapatnam,17.66625,83.58886,2025-03-19 08:20:04,1.372,5.925,1022.687,78.872,SYNTHETIC_DEMO_DATA
639,Goa Coast,15.47567,73.49426,2025-03-19 11:14:55,12.705,15.073,1007.203,63.523,SYNTHETIC_DEMO_DATA
640,Lakshadweep,10.94642,72.99639,2025-03-19 14:09:46,18.375,1.634,1012.338,84.941,SYNTHETIC_DEMO_DATA
641,Gujarat Coast,22.30054,69.25001,2025-03-19 17:04:37,12.08,15.795,1001.942,46.432,SYNTHETIC_DEMO_DATA
642,Lakshadweep,10.64614,73.12102,2025-03-19 19:59:28,20.393,21.221,1003.921,100.0,SYNTHETIC_DEMO_DATA
643,Andaman & Nicobar,11.61368,92.57041,2025-03-19 22:54:19,7.426,9.868,1001.133,69.158,SYNTHETIC_DEMO_DATA
644,Kerala Coast,9.93123,76.16542,2025-03-20 01:49:10,6.651,15.545,1007.59,89.086,SYNTHETIC_DEMO_DATA
645,Goa Coast,15.80825,73.78355,2025-03-20 04:44:01,18.204,15.788,1010.266,74.31,SYNTHETIC_DEMO_DATA
646,Chennai Coast,13.13237,80.37038,2025-03-20 07:38:52,4.405,1.861,1019.51,80.73,SYNTHETIC_DEMO_DATA
647,Kerala Coast,9.92775,76.01399,2025-03-20 10:33:43,11.276,28.675,1029.539,65.086,SYNTHETIC_DEMO_DATA
648,Mumbai Coast,18.87842,72.81941,2025-03-20 13:28:34,16.024,16.883,1012.467,84.672,SYNTHETIC_DEMO_DATA
649,Lakshadweep,10.73562,72.99677,2025-03-20 16:23:25,15.332,3.171,996.473,82.741,SYNTHETIC_DEMO_DATA
650,Andaman & Nicobar,11.94902,92.53785,2025-03-20 19:18:16,7.305,15.89,1013.698,100.0,SYNTHETIC_DEMO_DATA
651,Kerala Coast,9.74395,76.17646,2025-03-20 22:13:07,5.059,33.988,1003.426,91.928,SYNTHETIC_DEMO_DATA
652,Gujarat Coast,22.53716,69.99111,2025-03-21 01:07:58,3.322,17.456,1008.079,82.372,SYNTHETIC_DEMO_DATA
653,Visakhapatnam,17.55886,83.25743,2025-03-21 04:02:49,5.944,0.0,1004.564,58.612,SYNTHETIC_DEMO_DATA
654,Andaman & Nicobar,11.7265,93.00659,2025-03-21 06:57:41,11.363,7.177,1000.928,56.283,SYNTHETIC_DEMO_DATA
655,Mumbai Coast,19.12769,72.89316,2025-03-21 09:52:32,17.624,17.445,1007.97,68.947,SYNTHETIC_DEMO_DATA
656,Mumbai Coast,19.1357,73.01227,2025-03-21 12:47:23,14.201,22.999,1013.463,81.081,SYNTHETIC_DEMO_DATA
657,Goa Coast,15.53195,73.55731,2025-03-21 15:42:14,14.578,11.155,1009.38,82.681,SYNTHETIC_DEMO_DATA
658,Gujarat Coast,22.59071,69.6267,2025-03-21 18:37:05,5.152,11.867,998.463,75.311,SYNTHETIC_DEMO_DATA
659,Sundarbans,21.74151,89.19993,2025-03-21 21:31:56,12.483,10.709,1003.883,90.003,SYNTHETIC_DEMO_DATA
660,Visakhapatnam,17.99522,82.91231,2025-03-22 00:26:47,7.563,3.317,994.174,83.307,SYNTHETIC_DEMO_DATA
661,Odisha Coast,19.80565,85.78224,2025-03-22 03:21:38,13.469,11.445,1015.52,98.444,SYNTHETIC_DEMO_DATA
662,Goa Coast,15.5239,73.90625,2025-03-22 06:16:29,14.151,19.993,998.618,75.282,SYNTHETIC_DEMO_DATA
663,Sundarbans,22.22719,89.47321,2025-03-22 09:11:20,11.211,30.421,1003.552,67.794,SYNTHETIC_DEMO_DATA
664,Visakhapatnam,17.5223,83.39927,2025-03-22 12:06:11,9.827,10.043,1013.07,78.644,SYNTHETIC_DEMO_DATA
665,Mumbai Coast,18.94087,72.98688,2025-03-22 15:01:02,9.097,16.186,1008.898,47.461,SYNTHETIC_DEMO_DATA
666,Gujarat Coast,22.30296,69.91311,2025-03-22 17:55:53,12.083,6.822,1012.042,78.504,SYNTHETIC_DEMO_DATA
667,Mumbai Coast,18.90679,72.69522,2025-03-22 20:50:44,9.09,16.723,1030.138,73.301,SYNTHETIC_DEMO_DATA
668,Andaman & Nicobar,11.4493,92.49064,2025-03-22 23:45:35,10.239,11.717,1012.279,78.679,SYNTHETIC_DEMO_DATA
669,Lakshadweep,10.61523,72.68956,2025-03-23 02:40:26,12.574,8.683,1011.602,76.712,SYNTHETIC_DEMO_DATA
670,Odisha Coast,19.73605,85.59568,2025-03-23 05:35:17,21.418,14.276,1001.571,83.371,SYNTHETIC_DEMO_DATA
671,Lakshadweep,10.22019,72.88136,2025-03-23 08:30:09,10.059,6.464,1010.593,76.127,SYNTHETIC_DEMO_DATA
672,Gujarat Coast,22.06576,69.57978,2025-03-23 11:25:00,19.127,0.0,1015.001,63.402,SYNTHETIC_DEMO_DATA
673,Gujarat Coast,22.53038,69.81026,2025-03-23 14:19:51,12.086,0.0,1021.782,75.268,SYNTHETIC_DEMO_DATA
674,Sundarbans,22.1229,89.00209,2025-03-23 17:14:42,6.265,20.166,1031.179,83.085,SYNTHETIC_DEMO_DATA
675,Gujarat Coast,22.14457,69.72648,2025-03-23 20:09:33,14.879,0.0,1008.871,69.101,SYNTHETIC_DEMO_DATA
676,Goa Coast,15.47866,74.07074,2025-03-23 23:04:24,14.659,22.075,1021.232,77.621,SYNTHETIC_DEMO_DATA
677,Mumbai Coast,18.66563,72.94414,2025-03-24 01:59:15,6.32,10.717,1012.697,66.27,SYNTHETIC_DEMO_DATA
678,Sundarbans,21.80224,89.25622,2025-03-24 04:54:06,8.204,13.378,1012.886,93.938,SYNTHETIC_DEMO_DATA
679,Mumbai Coast,18.7473,72.53821,2025-03-24 07:48:57,4.352,16.549,1005.141,62.847,SYNTHETIC_DEMO_DATA
680,Lakshadweep,10.44526,72.92629,2025-03-24 10:43:48,14.187,18.416,995.092,62.105,SYNTHETIC_DEMO_DATA
681,Goa Coast,15.29694,73.85958,2025-03-24 13:38:39,21.788,23.752,1016.263,75.84,SYNTHETIC_DEMO_DATA
682,Odisha Coast,19.75521,85.96874,2025-03-24 16:33:30,16.982,23.451,1013.545,89.13,SYNTHETIC_DEMO_DATA
683,Lakshadweep,10.40149,72.38835,2025-03-24 19:28:21,8.193,2.903,1011.849,65.28,SYNTHETIC_DEMO_DATA
684,Lakshadweep,10.38217,72.38013,2025-03-24 22:23:12,8.215,14.451,996.805,85.892,SYNTHETIC_DEMO_DATA
685,Odisha Coast,19.93209,85.88442,2025-03-25 01:18:03,5.532,15.076,1002.57,59.558,SYNTHETIC_DEMO_DATA
686,Andaman & Nicobar,12.11468,92.33539,2025-03-25 04:12:54,20.273,24.276,1016.184,74.103,SYNTHETIC_DEMO_DATA
687,Kerala Coast,9.90814,76.48139,2025-03-25 07:07:45,14.546,23.523,1009.079,73.853,SYNTHETIC_DEMO_DATA
688,Mumbai Coast,19.37281,72.68364,2025-03-25 10:02:36,7.449,15.848,1005.231,92.02,SYNTHETIC_DEMO_DATA
689,Kerala Coast,10.30646,76.19675,2025-03-25 12:57:28,5.083,6.652,1007.773,97.833,SYNTHETIC_DEMO_DATA
690,Goa Coast,15.67208,73.75302,2025-03-25 15:52:19,12.68,19.62,1008.088,62.87,SYNTHETIC_DEMO_DATA
691,Lakshadweep,10.41512,72.39836,2025-03-25 18:47:10,6.958,18.135,1016.516,81.526,SYNTHETIC_DEMO_DATA
692,Goa Coast,15.30771,73.88291,2025-03-25 21:42:01,21.96,6.592,1012.47,65.151,SYNTHETIC_DEMO_DATA
693,Lakshadweep,10.22237,72.50494,2025-03-26 00:36:52,21.15,17.859,1028.859,77.069,SYNTHETIC_DEMO_DATA
694,Lakshadweep,10.59101,72.75115,2025-03-26 03:31:43,10.715,9.505,1003.919,84.901,SYNTHETIC_DEMO_DATA
695,Sundarbans,22.05862,89.08252,2025-03-26 06:26:34,8.719,24.608,998.268,96.468,SYNTHETIC_DEMO_DATA
696,Visakhapatnam,17.63992,82.88857,2025-03-26 09:21:25,5.071,11.095,990.909,70.646,SYNTHETIC_DEMO_DATA
697,Goa Coast,15.40281,73.67187,2025-03-26 12:16:16,4.592,16.243,1001.997,68.06,SYNTHETIC_DEMO_DATA
698,Mumbai Coast,18.93812,72.46692,2025-03-26 15:11:07,7.218,9.842,1008.68,79.495,SYNTHETIC_DEMO_DATA
699,Sundarbans,21.9855,89.07425,2025-03-26 18:05:58,14.816,18.535,1014.231,75.443,SYNTHETIC_DEMO_DATA
700,Sundarbans,22.38337,88.92261,2025-03-26 21:00:49,1.0,7.725,1018.729,81.809,SYNTHETIC_DEMO_DATA
701,Mumbai Coast,19.04309,72.87614,2025-03-26 23:55:40,3.833,30.269,1019.508,73.853,SYNTHETIC_DEMO_DATA
702,Gujarat Coast,22.41604,69.51275,2025-03-27 02:50:31,12.963,4.972,1003.209,63.575,SYNTHETIC_DEMO_DATA
703,Odisha Coast,19.79522,85.68957,2025-03-27 05:45:22,11.442,20.147,1006.423,94.797,SYNTHETIC_DEMO_DATA
704,Odisha Coast,19.95297,85.5545,2025-03-27 08:40:13,1.0,5.646,1010.474,64.141,SYNTHETIC_DEMO_DATA
705,Odisha Coast,19.73352,85.91529,2025-03-27 11:35:04,17.976,23.176,1020.641,74.53,SYNTHETIC_DEMO_DATA
706,Mumbai Coast,19.072,72.73713,2025-03-27 14:29:56,1.108,16.535,1013.687,77.32,SYNTHETIC_DEMO_DATA
707,Sundarbans,21.8889,89.16049,2025-03-27 17:24:47,13.135,20.89,1015.483,81.026,SYNTHETIC_DEMO_DATA
708,Mumbai Coast,19.09264,72.75255,2025-03-27 20:19:38,5.388,1.456,1022.997,68.185,SYNTHETIC_DEMO_DATA
709,Kerala Coast,9.88928,76.28126,2025-03-27 23:14:29,16.783,16.162,1013.039,69.357,SYNTHETIC_DEMO_DATA
710,Kerala Coast,9.93385,76.08936,2025-03-28 02:09:20,9.197,27.108,1018.013,58.978,SYNTHETIC_DEMO_DATA
711,Gujarat Coast,22.35473,69.18531,2025-03-28 05:04:11,10.123,0.0,1006.296,52.79,SYNTHETIC_DEMO_DATA
712,Mumbai Coast,19.00711,72.82632,2025-03-28 07:59:02,2.963,13.41,1000.168,73.336,SYNTHETIC_DEMO_DATA
713,Goa Coast,15.48925,73.42251,2025-03-28 10:53:53,18.777,8.891,1007.875,82.784,SYNTHETIC_DEMO_DATA
714,Goa Coast,15.64255,73.39344,2025-03-28 13:48:44,11.196,15.159,1006.789,73.445,SYNTHETIC_DEMO_DATA
715,Lakshadweep,10.29215,72.34915,2025-03-28 16:43:35,8.795,1.552,1014.142,84.919,SYNTHETIC_DEMO_DATA
716,Goa Coast,15.27908,73.64512,2025-03-28 19:38:26,18.062,19.139,1023.585,57.717,SYNTHETIC_DEMO_DATA
717,Mumbai Coast,18.9955,72.795,2025-03-28 22:33:17,13.101,24.131,1003.0,81.897,SYNTHETIC_DEMO_DATA
718,Kerala Coast,9.76073,76.7651,2025-03-29 01:28:08,12.366,14.666,1011.839,56.593,SYNTHETIC_DEMO_DATA
719,Visakhapatnam,17.85985,83.1313,2025-03-29 04:22:59,4.735,4.99,1024.578,66.994,SYNTHETIC_DEMO_DATA
720,Mumbai Coast,19.24591,72.76001,2025-03-29 07:17:50,25.732,11.476,1007.616,72.581,SYNTHETIC_DEMO_DATA
721,Odisha Coast,19.74981,85.58762,2025-03-29 10:12:41,16.87,5.543,1029.718,66.579,SYNTHETIC_DEMO_DATA
722,Lakshadweep,10.52849,72.69221,2025-03-29 13:07:32,3.479,17.578,1007.023,100.0,SYNTHETIC_DEMO_DATA
723,Andaman & Nicobar,11.44904,92.52186,2025-03-29 16:02:24,13.165,20.874,1009.777,64.741,SYNTHETIC_DEMO_DATA
724,Odisha Coast,19.75899,85.4422,2025-03-29 18:57:15,6.772,11.587,1021.323,79.813,SYNTHETIC_DEMO_DATA
725,Goa Coast,15.54987,73.92886,2025-03-29 21:52:06,7.78,8.694,1019.562,74.437,SYNTHETIC_DEMO_DATA
726,Odisha Coast,19.79795,86.04467,2025-03-30 00:46:57,4.657,9.265,1000.148,81.298,SYNTHETIC_DEMO_DATA
727,Goa Coast,15.66259,73.96924,2025-03-30 03:41:48,23.51,7.379,1011.215,76.681,SYNTHETIC_DEMO_DATA
728,Sundarbans,22.0965,89.16516,2025-03-30 06:36:39,13.821,14.254,1016.144,56.435,SYNTHETIC_DEMO_DATA
729,Kerala Coast,9.78497,76.43077,2025-03-30 09:31:30,7.653,7.979,1012.37,81.953,SYNTHETIC_DEMO_DATA
730,Gujarat Coast,22.16506,69.5105,2025-03-30 12:26:21,7.891,5.392,1013.856,76.763,SYNTHETIC_DEMO_DATA
731,Goa Coast,15.41118,73.7149,2025-03-30 15:21:12,14.092,9.852,1012.594,73.985,SYNTHETIC_DEMO_DATA
732,Kerala Coast,9.95702,76.04335,2025-03-30 18:16:03,19.74,14.314,998.033,73.38,SYNTHETIC_DEMO_DATA
733,Lakshadweep,10.78381,72.8193,2025-03-30 21:10:54,12.482,29.069,1007.362,81.395,SYNTHETIC_DEMO_DATA
734,Goa Coast,15.52396,73.85156,2025-03-31 00:05:45,4.784,13.817,1010.122,92.354,SYNTHETIC_DEMO_DATA
735,Visakhapatnam,17.45805,83.27295,2025-03-31 03:00:36,7.07,3.764,1021.833,98.978,SYNTHETIC_DEMO_DATA
736,Gujarat Coast,22.60365,69.34121,2025-03-31 05:55:27,7.27,0.0,999.7,54.403,SYNTHETIC_DEMO_DATA
737,Goa Coast,15.86142,73.93404,2025-03-31 08:50:18,9.893,16.329,1017.406,64.6,SYNTHETIC_DEMO_DATA
738,Chennai Coast,13.19392,80.13619,2025-03-31 11:45:09,15.667,14.465,1014.197,63.288,SYNTHETIC_DEMO_DATA
739,Goa Coast,15.48441,73.6013,2025-03-31 14:40:00,16.135,17.148,1010.437,79.547,SYNTHETIC_DEMO_DATA
740,Andaman & Nicobar,11.68846,92.18844,2025-03-31 17:34:52,1.0,16.941,995.258,74.295,SYNTHETIC_DEMO_DATA
741,Andaman & Nicobar,11.67419,92.71212,2025-03-31 20:29:43,5.681,0.0,1007.945,71.37,SYNTHETIC_DEMO_DATA
742,Goa Coast,15.29907,73.88554,2025-03-31 23:24:34,20.646,20.544,1012.361,89.852,SYNTHETIC_DEMO_DATA
743,Gujarat Coast,22.10261,69.67744,2025-04-01 02:19:25,10.204,0.0,1006.857,35.0,SYNTHETIC_DEMO_DATA
744,Visakhapatnam,18.00795,83.26343,2025-04-01 05:14:16,18.052,0.0,1006.449,78.406,SYNTHETIC_DEMO_DATA
745,Goa Coast,15.58912,73.90367,2025-04-01 08:09:07,13.334,17.778,1015.868,65.67,SYNTHETIC_DEMO_DATA
746,Chennai Coast,12.89678,80.32427,2025-04-01 11:03:58,16.964,16.275,1003.277,38.463,SYNTHETIC_DEMO_DATA
747,Mumbai Coast,18.96259,73.06574,2025-04-01 13:58:49,16.82,12.598,991.432,70.224,SYNTHETIC_DEMO_DATA
748,Chennai Coast,12.75604,80.08376,2025-04-01 16:53:40,13.769,12.051,995.465,82.604,SYNTHETIC_DEMO_DATA
749,Chennai Coast,13.20959,80.09391,2025-04-01 19:48:31,13.037,0.0,1014.963,70.679,SYNTHETIC_DEMO_DATA
750,Odisha Coast,20.08793,85.57501,2025-04-01 22:43:22,20.096,24.244,1008.283,73.945,SYNTHETIC_DEMO_DATA
751,Lakshadweep,10.29091,72.6158,2025-04-02 01:38:13,11.564,12.078,1001.57,46.378,SYNTHETIC_DEMO_DATA
752,Odisha Coast,19.65625,86.23867,2025-04-02 04:33:04,19.938,25.699,1017.02,67.366,SYNTHETIC_DEMO_DATA
753,Sundarbans,21.83,89.44119,2025-04-02 07:27:55,14.219,1.82,1017.771,62.515,SYNTHETIC_DEMO_DATA
754,Lakshadweep,10.68203,72.73054,2025-04-02 10:22:46,9.639,10.335,1008.759,77.562,SYNTHETIC_DEMO_DATA
755,Mumbai Coast,18.89408,72.97582,2025-04-02 13:17:37,11.659,26.06,1026.496,76.147,SYNTHETIC_DEMO_DATA
756,Kerala Coast,9.89367,76.42635,2025-04-02 16:12:28,12.043,19.833,1008.28,93.677,SYNTHETIC_DEMO_DATA
757,Goa Coast,15.80379,73.91451,2025-04-02 19:07:20,12.249,32.848,1017.043,71.499,SYNTHETIC_DEMO_DATA
758,Chennai Coast,13.22867,80.38063,2025-04-02 22:02:11,21.266,11.93,1004.416,82.312,SYNTHETIC_DEMO_DATA
759,Odisha Coast,19.66026,85.87778,2025-04-03 00:57:02,17.931,14.758,1003.39,99.94,SYNTHETIC_DEMO_DATA
760,Goa Coast,15.69379,73.80692,2025-04-03 03:51:53,20.259,15.379,1008.797,66.648,SYNTHETIC_DEMO_DATA
761,Odisha Coast,19.97485,85.97376,2025-04-03 06:46:44,1.0,3.016,1021.961,78.02,SYNTHETIC_DEMO_DATA
762,Mumbai Coast,18.83714,72.65493,2025-04-03 09:41:35,7.111,15.693,1024.792,60.295,SYNTHETIC_DEMO_DATA
763,Lakshadweep,10.56541,73.14079,2025-04-03 12:36:26,13.807,5.701,1004.917,40.362,SYNTHETIC_DEMO_DATA
764,Lakshadweep,10.63156,72.67907,2025-04-03 15:31:17,7.594,5.052,1008.177,95.746,SYNTHETIC_DEMO_DATA
765,Chennai Coast,13.32821,80.14163,2025-04-03 18:26:08,11.455,21.232,1007.209,77.849,SYNTHETIC_DEMO_DATA
766,Goa Coast,15.46397,74.13993,2025-04-03 21:20:59,10.405,7.92,1009.52,58.181,SYNTHETIC_DEMO_DATA
767,Gujarat Coast,22.28743,69.65476,2025-04-04 00:15:50,13.013,5.166,1006.895,67.361,SYNTHETIC_DEMO_DATA
768,Kerala Coast,10.11164,76.23432,2025-04-04 03:10:41,9.438,37.574,1018.315,88.914,SYNTHETIC_DEMO_DATA
769,Odisha Coast,20.053,85.94824,2025-04-04 06:05:32,10.639,19.824,1003.113,71.761,SYNTHETIC_DEMO_DATA
770,Chennai Coast,13.22026,80.15659,2025-04-04 09:00:23,16.436,10.01,1013.822,84.092,SYNTHETIC_DEMO_DATA
771,Gujarat Coast,22.38032,69.93933,2025-04-04 11:55:14,10.388,12.466,1019.115,79.276,SYNTHETIC_DEMO_DATA
772,Lakshadweep,10.83792,72.5982,2025-04-04 14:50:05,17.691,9.52,1024.459,86.414,SYNTHETIC_DEMO_DATA
773,Sundarbans,21.66312,89.28958,2025-04-04 17:44:56,11.213,9.608,1012.42,84.537,SYNTHETIC_DEMO_DATA
774,Goa Coast,15.76053,73.74678,2025-04-04 20:39:47,17.976,10.393,1017.916,71.113,SYNTHETIC_DEMO_DATA
775,Andaman & Nicobar,11.55134,92.37819,2025-04-04 23:34:39,18.606,27.506,1008.341,83.453,SYNTHETIC_DEMO_DATA
776,Lakshadweep,10.79649,72.60043,2025-04-05 02:29:30,16.937,2.252,1015.783,73.669,SYNTHETIC_DEMO_DATA
777,Kerala Coast,9.90021,75.90416,2025-04-05 05:24:21,12.291,16.613,1010.988,82.826,SYNTHETIC_DEMO_DATA
778,Odisha Coast,19.94067,85.69485,2025-04-05 08:19:12,8.967,0.0,1017.98,72.963,SYNTHETIC_DEMO_DATA
779,Visakhapatnam,17.63128,83.06334,2025-04-05 11:14:03,15.881,0.0,1010.234,79.407,SYNTHETIC_DEMO_DATA
780,Andaman & Nicobar,11.36985,92.82967,2025-04-05 14:08:54,25.985,28.578,1013.514,62.771,SYNTHETIC_DEMO_DATA
781,Andaman & Nicobar,11.72275,92.67219,2025-04-05 17:03:45,10.284,19.856,1021.285,65.093,SYNTHETIC_DEMO_DATA
782,Gujarat Coast,21.98015,69.64416,2025-04-05 19:58:36,13.627,16.099,995.475,55.827,SYNTHETIC_DEMO_DATA
783,Odisha Coast,19.68993,86.17501,2025-04-05 22:53:27,13.072,9.033,1009.445,68.849,SYNTHETIC_DEMO_DATA
784,Odisha Coast,19.71951,85.64609,2025-04-06 01:48:18,8.488,2.547,1019.029,67.544,SYNTHETIC_DEMO_DATA
785,Kerala Coast,9.58931,76.39766,2025-04-06 04:43:09,12.163,23.137,1008.072,52.409,SYNTHETIC_DEMO_DATA
786,Mumbai Coast,19.23054,73.13346,2025-04-06 07:38:00,6.48,8.69,1008.523,78.258,SYNTHETIC_DEMO_DATA
787,Sundarbans,21.73741,89.33125,2025-04-06 10:32:51,17.85,25.88,1006.872,65.757,SYNTHETIC_DEMO_DATA
788,Gujarat Coast,22.11719,69.59148,2025-04-06 13:27:42,9.388,4.852,1013.54,84.111,SYNTHETIC_DEMO_DATA
789,Mumbai Coast,19.16017,72.704,2025-04-06 16:22:33,12.5,21.595,1017.127,75.015,SYNTHETIC_DEMO_DATA
790,Sundarbans,22.00304,89.63542,2025-04-06 19:17:24,10.243,25.495,1005.542,93.294,SYNTHETIC_DEMO_DATA
791,Sundarbans,22.06407,89.22703,2025-04-06 22:12:15,24.43,26.746,1007.702,88.226,SYNTHETIC_DEMO_DATA
792,Kerala Coast,9.97062,75.94107,2025-04-07 01:07:07,2.978,16.975,1015.901,86.998,SYNTHETIC_DEMO_DATA
793,Goa Coast,15.71214,73.91197,2025-04-07 04:01:58,12.523,0.0,996.693,81.65,SYNTHETIC_DEMO_DATA
794,Andaman & Nicobar,11.45153,92.67227,2025-04-07 06:56:49,6.879,13.55,1009.144,80.616,SYNTHETIC_DEMO_DATA
795,Kerala Coast,10.22934,76.54373,2025-04-07 09:51:40,6.234,32.504,1014.579,94.746,SYNTHETIC_DEMO_DATA
796,Visakhapatnam,17.66674,83.29321,2025-04-07 12:46:31,7.772,11.138,1010.357,83.688,SYNTHETIC_DEMO_DATA
797,Lakshadweep,10.44417,72.43668,2025-04-07 15:41:22,6.989,24.444,999.81,80.688,SYNTHETIC_DEMO_DATA
798,Kerala Coast,9.95134,76.5997,2025-04-07 18:36:13,8.001,11.248,1006.078,69.882,SYNTHETIC_DEMO_DATA
799,Chennai Coast,13.10837,80.21213,2025-04-07 21:31:04,15.54,19.23,1012.879,85.118,SYNTHETIC_DEMO_DATA
800,Kerala Coast,10.03652,76.23842,2025-04-08 00:25:55,6.548,11.192,1016.348,82.041,SYNTHETIC_DEMO_DATA
801,Sundarbans,21.56976,89.30054,2025-04-08 03:20:46,1.403,19.987,1009.467,67.294,SYNTHETIC_DEMO_DATA
802,Chennai Coast,12.94686,80.2389,2025-04-08 06:15:37,8.584,2.872,1016.313,78.272,SYNTHETIC_DEMO_DATA
803,Mumbai Coast,18.73797,72.62703,2025-04-08 09:10:28,12.138,25.994,1004.551,85.122,SYNTHETIC_DEMO_DATA
804,Lakshadweep,10.35918,72.64729,2025-04-08 12:05:19,20.015,3.933,999.114,59.047,SYNTHETIC_DEMO_DATA
805,Goa Coast,15.4842,73.66229,2025-04-08 15:00:10,18.904,12.066,1007.831,53.231,SYNTHETIC_DEMO_DATA
806,Goa Coast,15.50804,73.71811,2025-04-08 17:55:01,9.996,22.333,995.064,74.895,SYNTHETIC_DEMO_DATA
807,Mumbai Coast,19.22464,72.57999,2025-04-08 20:49:52,13.939,7.877,1007.426,76.45,SYNTHETIC_DEMO_DATA
808,Odisha Coast,19.59037,85.97646,2025-04-08 23:44:43,10.8,9.865,1010.853,94.192,SYNTHETIC_DEMO_DATA
809,Chennai Coast,13.03433,80.35628,2025-04-09 02:39:35,6.701,10.903,1002.41,71.982,SYNTHETIC_DEMO_DATA
810,Lakshadweep,10.23078,72.50775,2025-04-09 05:34:26,11.133,22.98,1026.03,100.0,SYNTHETIC_DEMO_DATA
811,Sundarbans,21.81144,89.06215,2025-04-09 08:29:17,10.139,16.858,1019.532,74.214,SYNTHETIC_DEMO_DATA
812,Andaman & Nicobar,11.58506,92.36941,2025-04-09 11:24:08,8.242,8.528,1018.803,86.283,SYNTHETIC_DEMO_DATA
813,Gujarat Coast,22.25823,69.65824,2025-04-09 14:18:59,15.022,5.776,1002.536,78.206,SYNTHETIC_DEMO_DATA
814,Visakhapatnam,17.83305,82.64475,2025-04-09 17:13:50,6.61,7.387,1004.775,91.542,SYNTHETIC_DEMO_DATA
815,Goa Coast,15.4495,73.75127,2025-04-09 20:08:41,19.349,7.82,1016.897,51.167,SYNTHETIC_DEMO_DATA
816,Andaman & Nicobar,11.39697,92.60792,2025-04-09 23:03:32,14.386,17.204,1020.113,85.439,SYNTHETIC_DEMO_DATA
817,Sundarbans,22.05236,89.27376,2025-04-10 01:58:23,19.475,22.908,996.694,95.893,SYNTHETIC_DEMO_DATA
818,Odisha Coast,20.19172,85.82467,2025-04-10 04:53:14,7.414,26.996,1009.602,71.055,SYNTHETIC_DEMO_DATA
819,Gujarat Coast,22.40476,69.56725,2025-04-10 07:48:05,20.763,6.773,1015.887,82.211,SYNTHETIC_DEMO_DATA
820,Lakshadweep,10.33802,72.79648,2025-04-10 10:42:56,6.629,10.781,1015.52,64.157,SYNTHETIC_DEMO_DATA
821,Sundarbans,21.90378,89.36215,2025-04-10 13:37:47,11.556,11.549,998.965,78.736,SYNTHETIC_DEMO_DATA
822,Gujarat Coast,22.01074,69.66247,2025-04-10 16:32:38,9.342,5.206,1013.402,62.05,SYNTHETIC_DEMO_DATA
823,Odisha Coast,19.66531,85.66804,2025-04-10 19:27:29,4.281,14.712,1007.007,91.855,SYNTHETIC_DEMO_DATA
824,Gujarat Coast,22.23437,69.64864,2025-04-10 22:22:20,19.288,3.295,1012.666,72.929,SYNTHETIC_DEMO_DATA
825,Gujarat Coast,22.06114,69.51935,2025-04-11 01:17:11,15.79,0.0,1015.834,73.803,SYNTHETIC_DEMO_DATA
826,Sundarbans,22.3193,89.29555,2025-04-11 04:12:03,8.57,16.476,1021.294,78.603,SYNTHETIC_DEMO_DATA
827,Gujarat Coast,22.32715,69.66835,2025-04-11 07:06:54,11.853,0.0,1023.149,56.253,SYNTHETIC_DEMO_DATA
828,Andaman & Nicobar,12.02034,92.53712,2025-04-11 10:01:45,3.927,11.387,1008.99,85.245,SYNTHETIC_DEMO_DATA
829,Andaman & Nicobar,11.52127,92.8139,2025-04-11 12:56:36,7.147,24.44,1005.444,71.073,SYNTHETIC_DEMO_DATA
830,Sundarbans,22.12499,89.52461,2025-04-11 15:51:27,12.196,10.911,1019.848,76.112,SYNTHETIC_DEMO_DATA
831,Visakhapatnam,17.52013,83.199,2025-04-11 18:46:18,14.147,6.991,1020.254,77.875,SYNTHETIC_DEMO_DATA
832,Visakhapatnam,17.4751,83.13021,2025-04-11 21:41:09,8.859,7.905,1003.358,78.978,SYNTHETIC_DEMO_DATA
833,Kerala Coast,10.17029,76.61584,2025-04-12 00:36:00,19.433,16.134,1008.625,88.272,SYNTHETIC_DEMO_DATA
834,Odisha Coast,19.92751,86.00494,2025-04-12 03:30:51,14.137,18.694,1010.095,57.558,SYNTHETIC_DEMO_DATA
835,Andaman & Nicobar,11.55668,92.72424,2025-04-12 06:25:42,15.536,7.498,1012.868,42.804,SYNTHETIC_DEMO_DATA
836,Goa Coast,15.68301,73.79655,2025-04-12 09:20:33,17.301,10.234,1003.863,47.736,SYNTHETIC_DEMO_DATA
837,Andaman & Nicobar,11.39252,92.65701,2025-04-12 12:15:24,18.411,6.347,1020.535,62.181,SYNTHETIC_DEMO_DATA
838,Odisha Coast,19.58486,86.01307,2025-04-12 15:10:15,8.973,17.195,1011.755,74.627,SYNTHETIC_DEMO_DATA
839,Sundarbans,21.93994,89.28428,2025-04-12 18:05:06,16.538,19.196,1002.615,72.279,SYNTHETIC_DEMO_DATA
840,Lakshadweep,10.71056,72.4375,2025-04-12 20:59:57,12.905,7.249,1007.265,79.455,SYNTHETIC_DEMO_DATA
841,Visakhapatnam,17.6279,83.14357,2025-04-12 23:54:48,12.825,0.0,1007.222,80.051,SYNTHETIC_DEMO_DATA
842,Gujarat Coast,22.28068,69.74239,2025-04-13 02:49:39,13.465,0.0,1021.348,76.803,SYNTHETIC_DEMO_DATA
843,Lakshadweep,10.41664,72.74742,2025-04-13 05:44:31,6.929,0.0,1019.171,70.007,SYNTHETIC_DEMO_DATA
844,Sundarbans,22.09556,89.32908,2025-04-13 08:39:22,12.962,19.192,1011.25,67.341,SYNTHETIC_DEMO_DATA
845,Sundarbans,22.2612,89.277,2025-04-13 11:34:13,13.828,2.026,1016.281,87.531,SYNTHETIC_DEMO_DATA
846,Sundarbans,21.84722,89.40235,2025-04-13 14:29:04,14.264,11.737,1000.723,80.697,SYNTHETIC_DEMO_DATA
847,Odisha Coast,19.76909,85.82647,2025-04-13 17:23:55,12.355,5.989,1013.361,70.865,SYNTHETIC_DEMO_DATA
848,Sundarbans,21.97863,89.06219,2025-04-13 20:18:46,12.194,24.664,1016.739,66.46,SYNTHETIC_DEMO_DATA
849,Andaman & Nicobar,11.88023,92.74184,2025-04-13 23:13:37,13.956,23.168,1003.945,84.924,SYNTHETIC_DEMO_DATA
850,Gujarat Coast,22.45039,69.14505,2025-04-14 02:08:28,11.364,5.327,1017.036,67.919,SYNTHETIC_DEMO_DATA
851,Lakshadweep,10.73645,72.6324,2025-04-14 05:03:19,8.946,6.323,1011.102,80.252,SYNTHETIC_DEMO_DATA
852,Andaman & Nicobar,11.97668,92.41563,2025-04-14 07:58:10,16.654,21.965,1004.97,53.7,SYNTHETIC_DEMO_DATA
853,Lakshadweep,10.36203,72.52068,2025-04-14 10:53:01,17.844,12.124,993.717,76.079,SYNTHETIC_DEMO_DATA
854,Visakhapatnam,17.66043,83.03418,2025-04-14 13:47:52,14.39,10.685,1021.007,66.526,SYNTHETIC_DEMO_DATA
855,Visakhapatnam,17.57541,83.58267,2025-04-14 16:42:43,8.622,8.235,999.419,96.446,SYNTHETIC_DEMO_DATA
856,Andaman & Nicobar,11.73528,92.39729,2025-04-14 19:37:34,15.58,17.051,1006.299,98.677,SYNTHETIC_DEMO_DATA
857,Visakhapatnam,18.00684,83.00554,2025-04-14 22:32:25,5.364,0.469,1004.414,87.085,SYNTHETIC_DEMO_DATA
858,Sundarbans,21.88177,88.88912,2025-04-15 01:27:16,13.188,35.056,1012.848,75.695,SYNTHETIC_DEMO_DATA
859,Gujarat Coast,22.34629,69.4418,2025-04-15 04:22:07,16.905,9.845,1020.841,93.893,SYNTHETIC_DEMO_DATA
860,Andaman & Nicobar,11.68967,92.71562,2025-04-15 07:16:59,14.947,15.94,1006.907,90.949,SYNTHETIC_DEMO_DATA
861,Lakshadweep,10.37305,72.69612,2025-04-15 10:11:50,17.856,13.184,1015.028,79.155,SYNTHETIC_DEMO_DATA
862,Lakshadweep,10.36049,72.76724,2025-04-15 13:06:41,8.661,0.0,999.498,81.939,SYNTHETIC_DEMO_DATA
863,Odisha Coast,19.75338,85.113,2025-04-15 16:01:32,8.526,27.278,1007.885,76.176,SYNTHETIC_DEMO_DATA
864,Goa Coast,15.4698,73.81056,2025-04-15 18:56:23,6.857,10.32,1017.36,90.495,SYNTHETIC_DEMO_DATA
865,Andaman & Nicobar,11.90689,93.00494,2025-04-15 21:51:14,11.954,25.525,1034.825,94.591,SYNTHETIC_DEMO_DATA
866,Gujarat Coast,22.13023,69.9176,2025-04-16 00:46:05,7.036,2.635,1018.612,73.313,SYNTHETIC_DEMO_DATA
867,Andaman & Nicobar,11.4675,92.39378,2025-04-16 03:40:56,12.667,14.071,1013.915,70.243,SYNTHETIC_DEMO_DATA
868,Andaman & Nicobar,11.56578,92.96469,2025-04-16 06:35:47,5.692,21.007,1006.781,82.124,SYNTHETIC_DEMO_DATA
869,Kerala Coast,9.84789,76.14018,2025-04-16 09:30:38,18.081,28.437,1000.81,77.333,SYNTHETIC_DEMO_DATA
870,Sundarbans,22.41781,89.36751,2025-04-16 12:25:29,1.0,12.837,1016.478,75.585,SYNTHETIC_DEMO_DATA
871,Kerala Coast,9.86869,76.18189,2025-04-16 15:20:20,3.074,24.685,1020.032,90.099,SYNTHETIC_DEMO_DATA
872,Visakhapatnam,17.59794,83.50139,2025-04-16 18:15:11,19.214,12.867,1012.391,74.652,SYNTHETIC_DEMO_DATA
873,Odisha Coast,19.97318,86.30114,2025-04-16 21:10:02,8.776,21.901,1012.144,83.245,SYNTHETIC_DEMO_DATA
874,Odisha Coast,19.72628,86.10435,2025-04-17 00:04:53,7.642,15.462,1001.767,73.31,SYNTHETIC_DEMO_DATA
875,Gujarat Coast,21.99669,69.6509,2025-04-17 02:59:44,4.422,0.0,1009.183,87.395,SYNTHETIC_DEMO_DATA
876,Mumbai Coast,18.84279,73.10114,2025-04-17 05:54:35,13.081,16.849,1012.446,63.879,SYNTHETIC_DEMO_DATA
877,Mumbai Coast,18.51078,72.7915,2025-04-17 08:49:26,18.663,0.0,1024.439,73.688,SYNTHETIC_DEMO_DATA
878,Goa Coast,15.18138,74.11516,2025-04-17 11:44:18,13.744,3.007,1015.304,73.639,SYNTHETIC_DEMO_DATA
879,Mumbai Coast,18.95591,72.92007,2025-04-17 14:39:09,22.518,20.857,1012.358,69.041,SYNTHETIC_DEMO_DATA
880,Gujarat Coast,22.40304,69.63053,2025-04-17 17:34:00,16.826,0.0,1009.942,71.587,SYNTHETIC_DEMO_DATA
881,Sundarbans,22.02883,89.38145,2025-04-17 20:28:51,13.005,29.994,1014.539,83.953,SYNTHETIC_DEMO_DATA
882,Andaman & Nicobar,11.69444,92.75187,2025-04-17 23:23:42,17.0,33.391,1011.234,100.0,SYNTHETIC_DEMO_DATA
883,Kerala Coast,9.73724,76.57873,2025-04-18 02:18:33,12.76,26.983,1021.589,79.745,SYNTHETIC_DEMO_DATA
884,Odisha Coast,19.90786,85.81088,2025-04-18 05:13:24,5.489,28.776,1008.601,100.0,SYNTHETIC_DEMO_DATA
885,Andaman & Nicobar,11.30809,92.41659,2025-04-18 08:08:15,19.462,11.157,1010.231,57.175,SYNTHETIC_DEMO_DATA
886,Goa Coast,15.24619,74.02771,2025-04-18 11:03:06,8.876,15.804,1012.192,82.818,SYNTHETIC_DEMO_DATA
887,Sundarbans,21.6307,89.5401,2025-04-18 13:57:57,21.134,26.391,1023.66,74.375,SYNTHETIC_DEMO_DATA
888,Odisha Coast,19.76812,86.17142,2025-04-18 16:52:48,16.656,4.08,1011.128,80.298,SYNTHETIC_DEMO_DATA
889,Sundarbans,21.84893,89.06386,2025-04-18 19:47:39,7.82,23.653,1003.013,90.407,SYNTHETIC_DEMO_DATA
890,Visakhapatnam,17.95933,83.45821,2025-04-18 22:42:30,9.781,10.513,1010.712,79.917,SYNTHETIC_DEMO_DATA
891,Sundarbans,21.79424,89.14053,2025-04-19 01:37:21,14.802,19.151,1013.008,80.066,SYNTHETIC_DEMO_DATA
892,Goa Coast,15.41106,73.48032,2025-04-19 04:32:12,13.062,28.332,1010.74,81.868,SYNTHETIC_DEMO_DATA
893,Mumbai Coast,19.33517,73.02104,2025-04-19 07:27:03,22.911,13.849,1002.123,57.8,SYNTHETIC_DEMO_DATA
894,Lakshadweep,10.55511,72.37557,2025-04-19 10:21:54,20.553,1.655,1024.128,79.564,SYNTHETIC_DEMO_DATA
895,Goa Coast,15.95858,74.00451,2025-04-19 13:16:46,12.19,18.678,1007.03,93.262,SYNTHETIC_DEMO_DATA
896,Gujarat Coast,22.22547,69.33853,2025-04-19 16:11:37,15.538,1.923,1017.868,75.656,SYNTHETIC_DEMO_DATA
897,Mumbai Coast,19.13214,72.98253,2025-04-19 19:06:28,15.498,23.715,1015.018,86.076,SYNTHETIC_DEMO_DATA
898,Sundarbans,22.16314,89.31101,2025-04-19 22:01:19,12.277,26.562,1023.178,94.038,SYNTHETIC_DEMO_DATA
899,Sundarbans,21.93015,89.22761,2025-04-20 00:56:10,8.547,9.112,1025.526,72.692,SYNTHETIC_DEMO_DATA
900,Gujarat Coast,22.04725,69.71533,2025-04-20 03:51:01,12.516,7.892,1011.486,76.753,SYNTHETIC_DEMO_DATA
901,Sundarbans,22.17721,89.20599,2025-04-20 06:45:52,15.493,16.38,1015.981,61.026,SYNTHETIC_DEMO_DATA
902,Sundarbans,22.11007,89.1301,2025-04-20 09:40:43,18.375,14.76,1001.481,70.175,SYNTHETIC_DEMO_DATA
903,Visakhapatnam,17.54303,83.29082,2025-04-20 12:35:34,11.211,6.382,1022.933,72.574,SYNTHETIC_DEMO_DATA
904,Andaman & Nicobar,11.94231,92.74745,2025-04-20 15:30:25,8.871,24.329,1006.89,77.311,SYNTHETIC_DEMO_DATA
905,Kerala Coast,10.11807,76.66166,2025-04-20 18:25:16,7.015,26.682,999.953,75.099,SYNTHETIC_DEMO_DATA
906,Goa Coast,15.30896,73.73248,2025-04-20 21:20:07,8.414,6.047,1003.452,67.719,SYNTHETIC_DEMO_DATA
907,Kerala Coast,9.92374,76.5599,2025-04-21 00:14:58,8.87,27.321,1019.788,48.101,SYNTHETIC_DEMO_DATA
908,Odisha Coast,20.21222,85.77876,2025-04-21 03:09:49,10.935,18.443,997.538,74.154,SYNTHETIC_DEMO_DATA
909,Chennai Coast,13.07091,80.35345,2025-04-21 06:04:40,8.774,2.225,1011.039,61.511,SYNTHETIC_DEMO_DATA
910,Sundarbans,21.83641,89.28493,2025-04-21 08:59:31,14.51,9.937,1003.679,76.609,SYNTHETIC_DEMO_DATA
911,Goa Coast,15.57381,73.80758,2025-04-21 11:54:22,8.973,16.504,1019.101,92.665,SYNTHETIC_DEMO_DATA
912,Odisha Coast,20.03416,85.93318,2025-04-21 14:49:14,21.198,19.604,1002.668,74.708,SYNTHETIC_DEMO_DATA
913,Chennai Coast,13.2323,80.15906,2025-04-21 17:44:05,11.444,20.502,1008.409,93.297,SYNTHETIC_DEMO_DATA
914,Lakshadweep,10.56154,72.70244,2025-04-21 20:38:56,10.198,7.38,1018.409,80.243,SYNTHETIC_DEMO_DATA
915,Mumbai Coast,18.98717,72.69438,2025-04-21 23:33:47,13.416,5.117,1001.33,56.755,SYNTHETIC_DEMO_DATA
916,Kerala Coast,10.08269,76.38593,2025-04-22 02:28:38,15.976,26.507,1022.186,78.036,SYNTHETIC_DEMO_DATA
917,Mumbai Coast,19.09625,72.79442,2025-04-22 05:23:29,6.657,7.887,1017.393,58.639,SYNTHETIC_DEMO_DATA
918,Goa Coast,15.33117,74.05642,2025-04-22 08:18:20,7.694,16.324,1008.956,93.743,SYNTHETIC_DEMO_DATA
919,Visakhapatnam,17.68217,83.46591,2025-04-22 11:13:11,15.39,7.579,1019.49,95.457,SYNTHETIC_DEMO_DATA
920,Gujarat Coast,22.20392,70.00669,2025-04-22 14:08:02,17.642,8.438,999.675,56.531,SYNTHETIC_DEMO_DATA
921,Andaman & Nicobar,11.85851,92.47816,2025-04-22 17:02:53,15.534,22.048,1010.295,75.63,SYNTHETIC_DEMO_DATA
922,Mumbai Coast,19.04813,72.67007,2025-04-22 19:57:44,23.825,10.636,1015.093,67.865,SYNTHETIC_DEMO_DATA
923,Kerala Coast,9.65943,75.92789,2025-04-22 22:52:35,14.315,35.445,1009.322,100.0,SYNTHETIC_DEMO_DATA
924,Odisha Coast,19.66487,85.77141,2025-04-23 01:47:26,8.207,6.657,1009.54,67.773,SYNTHETIC_DEMO_DATA
925,Visakhapatnam,17.66618,83.19388,2025-04-23 04:42:17,10.312,28.042,1017.678,100.0,SYNTHETIC_DEMO_DATA
926,Lakshadweep,10.87114,72.62661,2025-04-23 07:37:08,10.246,10.675,1012.422,77.218,SYNTHETIC_DEMO_DATA
927,Mumbai Coast,19.14842,72.91457,2025-04-23 10:31:59,13.299,27.068,1007.966,89.251,SYNTHETIC_DEMO_DATA
928,Chennai Coast,12.86501,80.34287,2025-04-23 13:26:50,15.953,5.264,1003.484,75.846,SYNTHETIC_DEMO_DATA
929,Kerala Coast,10.2434,76.06922,2025-04-23 16:21:42,12.78,21.181,1015.564,91.504,SYNTHETIC_DEMO_DATA
930,Mumbai Coast,18.91361,73.21895,2025-04-23 19:16:33,15.081,24.965,1013.128,73.856,SYNTHETIC_DEMO_DATA
931,Mumbai Coast,18.95654,73.01171,2025-04-23 22:11:24,12.703,12.209,1013.555,61.842,SYNTHETIC_DEMO_DATA
932,Gujarat Coast,22.14989,69.70684,2025-04-24 01:06:15,11.596,2.859,1005.812,93.41,SYNTHETIC_DEMO_DATA
933,Visakhapatnam,17.58017,83.09423,2025-04-24 04:01:06,10.226,3.996,1001.172,64.575,SYNTHETIC_DEMO_DATA
934,Gujarat Coast,22.66377,69.64482,2025-04-24 06:55:57,9.607,15.819,1016.635,68.394,SYNTHETIC_DEMO_DATA
935,Kerala Coast,9.91833,76.20039,2025-04-24 09:50:48,12.299,23.904,1005.059,78.079,SYNTHETIC_DEMO_DATA
936,Lakshadweep,10.35297,72.37084,2025-04-24 12:45:39,5.721,1.99,1024.607,54.473,SYNTHETIC_DEMO_DATA
937,Odisha Coast,19.93383,86.04407,2025-04-24 15:40:30,15.689,30.656,1020.714,99.585,SYNTHETIC_DEMO_DATA
938,Odisha Coast,19.47974,85.92712,2025-04-24 18:35:21,7.871,14.494,995.832,80.816,SYNTHETIC_DEMO_DATA
939,Kerala Coast,9.74542,75.93763,2025-04-24 21:30:12,14.312,29.45,1010.304,82.909,SYNTHETIC_DEMO_DATA
940,Mumbai Coast,18.9052,72.80029,2025-04-25 00:25:03,17.245,13.309,999.389,70.199,SYNTHETIC_DEMO_DATA
941,Gujarat Coast,22.528,69.36021,2025-04-25 03:19:54,14.106,0.0,1009.294,78.535,SYNTHETIC_DEMO_DATA
942,Kerala Coast,10.20575,76.34914,2025-04-25 06:14:45,18.606,33.673,1009.471,94.623,SYNTHETIC_DEMO_DATA
943,Lakshadweep,10.44645,72.9116,2025-04-25 09:09:36,13.365,15.83,1016.889,62.098,SYNTHETIC_DEMO_DATA
944,Kerala Coast,10.13458,76.34007,2025-04-25 12:04:27,13.517,22.482,993.72,65.798,SYNTHETIC_DEMO_DATA
945,Odisha Coast,19.75763,85.59546,2025-04-25 14:59:18,12.5,16.977,1002.699,83.229,SYNTHETIC_DEMO_DATA
946,Odisha Coast,19.51229,85.94036,2025-04-25 17:54:10,10.885,14.142,1015.346,77.176,SYNTHETIC_DEMO_DATA
947,Lakshadweep,10.8189,72.57599,2025-04-25 20:49:01,10.374,19.353,1010.322,75.173,SYNTHETIC_DEMO_DATA
948,Odisha Coast,19.95718,86.0416,2025-04-25 23:43:52,9.4,11.468,1018.674,71.714,SYNTHETIC_DEMO_DATA
949,Lakshadweep,10.57501,72.61481,2025-04-26 02:38:43,9.96,2.843,1006.643,81.895,SYNTHETIC_DEMO_DATA
950,Visakhapatnam,17.56322,82.89664,2025-04-26 05:33:34,16.781,24.91,1011.262,80.337,SYNTHETIC_DEMO_DATA
951,Sundarbans,22.1161,89.32203,2025-04-26 08:28:25,11.879,22.333,1007.017,64.799,SYNTHETIC_DEMO_DATA
952,Chennai Coast,13.02133,79.95566,2025-04-26 11:23:16,5.176,7.877,1019.949,72.866,SYNTHETIC_DEMO_DATA
953,Gujarat Coast,22.38151,69.40781,2025-04-26 14:18:07,6.419,6.541,1008.182,52.794,SYNTHETIC_DEMO_DATA
954,Kerala Coast,9.86458,76.4258,2025-04-26 17:12:58,9.233,25.784,1009.538,81.76,SYNTHETIC_DEMO_DATA
955,Goa Coast,15.25083,73.98462,2025-04-26 20:07:49,14.955,12.074,1010.027,79.591,SYNTHETIC_DEMO_DATA
956,Gujarat Coast,22.63765,69.38389,2025-04-26 23:02:40,10.088,22.938,1004.03,87.877,SYNTHETIC_DEMO_DATA
957,Kerala Coast,9.79677,76.4984,2025-04-27 01:57:31,9.77,28.548,1009.953,73.453,SYNTHETIC_DEMO_DATA
958,Gujarat Coast,22.69318,69.65511,2025-04-27 04:52:22,6.969,0.316,999.186,62.114,SYNTHETIC_DEMO_DATA
959,Lakshadweep,10.44104,72.74877,2025-04-27 07:47:13,13.632,16.478,1003.702,68.187,SYNTHETIC_DEMO_DATA
960,Kerala Coast,10.03879,76.12743,2025-04-27 10:42:04,11.743,26.511,1016.436,86.271,SYNTHETIC_DEMO_DATA
961,Odisha Coast,19.62536,85.61786,2025-04-27 13:36:55,15.281,11.821,1004.127,72.25,SYNTHETIC_DEMO_DATA
962,Kerala Coast,10.00627,76.52676,2025-04-27 16:31:46,17.338,16.276,1026.975,76.714,SYNTHETIC_DEMO_DATA
963,Andaman & Nicobar,11.73964,92.30626,2025-04-27 19:26:37,18.116,18.669,1008.448,78.268,SYNTHETIC_DEMO_DATA
964,Visakhapatnam,17.81701,83.07896,2025-04-27 22:21:29,17.187,14.514,1019.515,93.281,SYNTHETIC_DEMO_DATA
965,Lakshadweep,10.23194,72.63163,2025-04-28 01:16:20,2.651,8.137,1005.639,73.139,SYNTHETIC_DEMO_DATA
966,Mumbai Coast,19.25823,72.71559,2025-04-28 04:11:11,15.155,23.316,1020.03,100.0,SYNTHETIC_DEMO_DATA
967,Gujarat Coast,22.24337,69.29563,2025-04-28 07:06:02,14.906,5.242,1009.975,74.702,SYNTHETIC_DEMO_DATA
968,Chennai Coast,12.71767,80.59801,2025-04-28 10:00:53,12.996,16.313,1008.769,80.764,SYNTHETIC_DEMO_DATA
969,Lakshadweep,10.6659,72.67767,2025-04-28 12:55:44,15.525,11.143,1009.744,72.759,SYNTHETIC_DEMO_DATA
970,Sundarbans,22.00413,89.05178,2025-04-28 15:50:35,11.913,24.554,1020.841,72.982,SYNTHETIC_DEMO_DATA
971,Visakhapatnam,17.72308,83.11213,2025-04-28 18:45:26,13.691,7.694,1011.31,84.255,SYNTHETIC_DEMO_DATA
972,Kerala Coast,9.95002,76.23569,2025-04-28 21:40:17,17.395,22.869,1022.456,78.111,SYNTHETIC_DEMO_DATA
973,Kerala Coast,9.89601,76.0262,2025-04-29 00:35:08,14.575,27.085,1007.841,87.307,SYNTHETIC_DEMO_DATA
974,Kerala Coast,9.78539,76.10294,2025-04-29 03:29:59,10.312,7.275,1009.998,83.383,SYNTHETIC_DEMO_DATA
975,Odisha Coast,19.82675,85.88247,2025-04-29 06:24:50,6.712,1.969,1008.919,83.995,SYNTHETIC_DEMO_DATA
976,Visakhapatnam,17.62778,83.70313,2025-04-29 09:19:41,15.725,5.495,1014.587,77.647,SYNTHETIC_DEMO_DATA
977,Sundarbans,22.11433,88.75947,2025-04-29 12:14:32,16.661,19.026,1017.605,85.259,SYNTHETIC_DEMO_DATA
978,Mumbai Coast,18.99468,72.60914,2025-04-29 15:09:23,15.613,22.653,995.667,94.687,SYNTHETIC_DEMO_DATA
979,Chennai Coast,13.00449,80.08471,2025-04-29 18:04:14,5.093,13.979,1014.488,83.156,SYNTHETIC_DEMO_DATA
980,Mumbai Coast,18.89512,72.67415,2025-04-29 20:59:05,11.334,21.776,1021.67,98.719,SYNTHETIC_DEMO_DATA
981,Mumbai Coast,18.94482,72.8689,2025-04-29 23:53:57,7.441,7.092,1010.946,79.9,SYNTHETIC_DEMO_DATA
982,Goa Coast,15.8994,73.71871,2025-04-30 02:48:48,3.806,1.666,1009.041,83.696,SYNTHETIC_DEMO_DATA
983,Mumbai Coast,18.84626,72.72598,2025-04-30 05:43:39,9.476,20.255,994.339,74.226,SYNTHETIC_DEMO_DATA
984,Gujarat Coast,22.70051,69.95913,2025-04-30 08:38:30,6.537,3.44,1018.426,71.338,SYNTHETIC_DEMO_DATA
985,Mumbai Coast,19.11239,72.89945,2025-04-30 11:33:21,20.432,16.066,1016.62,71.026,SYNTHETIC_DEMO_DATA
986,Gujarat Coast,22.30217,69.70383,2025-04-30 14:28:12,2.559,5.348,1009.279,81.081,SYNTHETIC_DEMO_DATA
987,Gujarat Coast,22.39748,69.55295,2025-04-30 17:23:03,11.695,0.0,1006.316,92.135,SYNTHETIC_DEMO_DATA
988,Chennai Coast,13.26644,80.01752,2025-04-30 20:17:54,13.039,0.0,1002.861,68.2,SYNTHETIC_DEMO_DATA
989,Visakhapatnam,17.69217,83.19671,2025-04-30 23:12:45,20.89,12.865,1007.86,51.219,SYNTHETIC_DEMO_DATA
990,Goa Coast,15.46123,73.7051,2025-05-01 02:07:36,14.025,5.654,1009.741,66.321,SYNTHETIC_DEMO_DATA
991,Chennai Coast,12.76989,80.33857,2025-05-01 05:02:27,10.561,9.773,1019.505,65.784,SYNTHETIC_DEMO_DATA
992,Mumbai Coast,18.8403,73.03873,2025-05-01 07:57:18,10.806,41.078,998.737,76.108,SYNTHETIC_DEMO_DATA
993,Odisha Coast,19.4693,86.03499,2025-05-01 10:52:09,5.084,18.334,1007.61,67.078,SYNTHETIC_DEMO_DATA
994,Kerala Coast,9.90478,76.15349,2025-05-01 13:47:00,1.0,12.085,1021.018,70.779,SYNTHETIC_DEMO_DATA
995,Mumbai Coast,19.22916,72.88682,2025-05-01 16:41:51,10.763,39.209,1017.648,77.086,SYNTHETIC_DEMO_DATA
996,Gujarat Coast,22.32993,69.7131,2025-05-01 19:36:42,10.639,0.292,1003.353,66.333,SYNTHETIC_DEMO_DATA
997,Mumbai Coast,18.80961,72.66431,2025-05-01 22:31:33,13.892,33.259,1016.814,86.251,SYNTHETIC_DEMO_DATA
998,Chennai Coast,12.91878,80.12526,2025-05-02 01:26:25,7.164,17.585,1003.09,62.94,SYNTHETIC_DEMO_DATA
999,Lakshadweep,10.76952,72.56134,2025-05-02 04:21:16,16.479,3.277,992.115,81.637,SYNTHETIC_DEMO_DATA
1000,Mumbai Coast,18.83311,73.0163,2025-05-02 07:16:07,14.775,26.43,996.951,87.653,SYNTHETIC_DEMO_DATA
1001,Andaman & Nicobar,11.63786,92.92942,2025-05-02 10:10:58,4.517,24.205,1010.37,78.801,SYNTHETIC_DEMO_DATA
1002,Goa Coast,15.31797,73.55957,2025-05-02 13:05:49,19.503,16.16,1010.509,57.711,SYNTHETIC_DEMO_DATA
1003,Mumbai Coast,18.71631,72.87556,2025-05-02 16:00:40,9.908,13.057,1001.874,63.127,SYNTHETIC_DEMO_DATA
1004,Andaman & Nicobar,11.52945,92.69056,2025-05-02 18:55:31,12.031,3.311,1014.695,90.366,SYNTHETIC_DEMO_DATA
1005,Odisha Coast,19.655,85.52641,2025-05-02 21:50:22,11.462,17.826,1009.543,82.709,SYNTHETIC_DEMO_DATA
1006,Lakshadweep,10.75993,72.66768,2025-05-03 00:45:13,1.056,10.142,1003.421,63.535,SYNTHETIC_DEMO_DATA
1007,Andaman & Nicobar,11.94404,92.91636,2025-05-03 03:40:04,13.132,26.799,1001.929,73.444,SYNTHETIC_DEMO_DATA
1008,Mumbai Coast,19.08031,73.10395,2025-05-03 06:34:55,17.216,19.483,1006.89,73.219,SYNTHETIC_DEMO_DATA
1009,Goa Coast,15.66182,73.62433,2025-05-03 09:29:46,13.101,25.908,987.941,98.391,SYNTHETIC_DEMO_DATA
1010,Mumbai Coast,18.74594,73.18103,2025-05-03 12:24:37,20.064,24.42,1018.323,72.581,SYNTHETIC_DEMO_DATA
1011,Visakhapatnam,17.86447,83.13946,2025-05-03 15:19:28,5.607,19.738,998.789,58.463,SYNTHETIC_DEMO_DATA
1012,Goa Coast,15.52295,73.57968,2025-05-03 18:14:19,13.859,6.979,1023.502,87.562,SYNTHETIC_DEMO_DATA
1013,Visakhapatnam,17.82157,83.14818,2025-05-03 21:09:10,15.468,7.212,1005.494,85.371,SYNTHETIC_DEMO_DATA
1014,Chennai Coast,12.84608,80.3703,2025-05-04 00:04:01,8.707,0.0,1001.077,70.122,SYNTHETIC_DEMO_DATA
1015,Mumbai Coast,18.46095,73.15488,2025-05-04 02:58:53,6.0,3.886,1014.082,80.396,SYNTHETIC_DEMO_DATA
1016,Andaman & Nicobar,11.79866,92.76988,2025-05-04 05:53:44,14.289,17.627,1025.158,77.505,SYNTHETIC_DEMO_DATA
1017,Chennai Coast,13.07466,80.6403,2025-05-04 08:48:35,18.734,6.771,1016.678,73.606,SYNTHETIC_DEMO_DATA
1018,Kerala Coast,10.01884,76.23594,2025-05-04 11:43:26,6.955,24.999,1011.175,96.875,SYNTHETIC_DEMO_DATA
1019,Sundarbans,21.94215,89.23344,2025-05-04 14:38:17,9.353,5.478,1014.501,84.256,SYNTHETIC_DEMO_DATA
1020,Odisha Coast,19.92529,86.03149,2025-05-04 17:33:08,15.878,12.132,1014.916,90.902,SYNTHETIC_DEMO_DATA
1021,Sundarbans,22.15425,89.13497,2025-05-04 20:27:59,11.818,17.737,1012.037,69.3,SYNTHETIC_DEMO_DATA
1022,Sundarbans,22.22656,89.05439,2025-05-04 23:22:50,20.643,17.62,1012.422,80.89,SYNTHETIC_DEMO_DATA
1023,Andaman & Nicobar,11.9696,92.47952,2025-05-05 02:17:41,21.755,5.22,1011.504,74.403,SYNTHETIC_DEMO_DATA
1024,Andaman & Nicobar,11.58207,92.73109,2025-05-05 05:12:32,6.329,4.095,1018.874,69.691,SYNTHETIC_DEMO_DATA
1025,Andaman & Nicobar,11.96141,92.56354,2025-05-05 08:07:23,1.698,15.034,1009.076,62.563,SYNTHETIC_DEMO_DATA
1026,Sundarbans,22.02631,89.52799,2025-05-05 11:02:14,17.712,8.358,1008.385,89.326,SYNTHETIC_DEMO_DATA
1027,Sundarbans,21.65362,89.20509,2025-05-05 13:57:05,1.0,16.981,1006.457,81.866,SYNTHETIC_DEMO_DATA
1028,Visakhapatnam,17.77935,82.73909,2025-05-05 16:51:56,14.147,3.725,1013.509,66.663,SYNTHETIC_DEMO_DATA
1029,Mumbai Coast,18.98037,72.86821,2025-05-05 19:46:47,6.351,16.824,1021.015,69.337,SYNTHETIC_DEMO_DATA
1030,Chennai Coast,13.45158,80.15585,2025-05-05 22:41:38,9.833,8.738,1027.897,76.341,SYNTHETIC_DEMO_DATA
1031,Kerala Coast,9.68321,75.89032,2025-05-06 01:36:29,19.906,23.976,1002.37,100.0,SYNTHETIC_DEMO_DATA
1032,Odisha Coast,19.87051,86.0712,2025-05-06 04:31:21,2.942,5.39,1019.705,62.025,SYNTHETIC_DEMO_DATA
1033,Goa Coast,15.64348,73.71815,2025-05-06 07:26:12,7.747,21.594,1015.638,98.336,SYNTHETIC_DEMO_DATA
1034,Chennai Coast,13.12796,80.65836,2025-05-06 10:21:03,2.387,7.439,1004.094,77.007,SYNTHETIC_DEMO_DATA
1035,Sundarbans,21.61881,88.94064,2025-05-06 13:15:54,10.146,16.826,1005.317,77.811,SYNTHETIC_DEMO_DATA
1036,Goa Coast,15.7014,73.3737,2025-05-06 16:10:45,15.671,9.094,1002.166,79.354,SYNTHETIC_DEMO_DATA
1037,Lakshadweep,10.70665,72.77608,2025-05-06 19:05:36,10.35,21.708,1005.871,73.184,SYNTHETIC_DEMO_DATA
1038,Sundarbans,22.00045,89.03698,2025-05-06 22:00:27,21.348,12.068,1012.029,72.407,SYNTHETIC_DEMO_DATA
1039,Kerala Coast,10.16026,75.9802,2025-05-07 00:55:18,13.699,11.592,1016.795,65.304,SYNTHETIC_DEMO_DATA
1040,Andaman & Nicobar,11.87945,92.74425,2025-05-07 03:50:09,8.326,5.613,1022.306,79.071,SYNTHETIC_DEMO_DATA
1041,Goa Coast,15.66678,73.96374,2025-05-07 06:45:00,11.057,14.349,1026.721,66.782,SYNTHETIC_DEMO_DATA
1042,Andaman & Nicobar,11.73421,92.57416,2025-05-07 09:39:51,9.602,20.01,1016.467,84.136,SYNTHETIC_DEMO_DATA
1043,Kerala Coast,10.03042,76.20904,2025-05-07 12:34:42,14.547,16.197,1015.692,89.799,SYNTHETIC_DEMO_DATA
1044,Chennai Coast,13.19383,80.21291,2025-05-07 15:29:33,13.1,8.636,1024.121,78.738,SYNTHETIC_DEMO_DATA
1045,Goa Coast,15.89676,73.82343,2025-05-07 18:24:24,12.639,16.642,996.86,63.481,SYNTHETIC_DEMO_DATA
1046,Odisha Coast,19.73402,85.90881,2025-05-07 21:19:15,19.036,13.135,1018.349,77.496,SYNTHETIC_DEMO_DATA
1047,Visakhapatnam,17.99251,83.04121,2025-05-08 00:14:06,7.48,19.506,1030.83,65.454,SYNTHETIC_DEMO_DATA
1048,Gujarat Coast,22.29603,69.84052,2025-05-08 03:08:57,19.316,5.8,1020.586,70.705,SYNTHETIC_DEMO_DATA
1049,Gujarat Coast,22.06508,69.80022,2025-05-08 06:03:49,4.616,14.078,1016.573,72.264,SYNTHETIC_DEMO_DATA
1050,Odisha Coast,19.72511,85.62779,2025-05-08 08:58:40,11.413,17.356,1009.937,79.489,SYNTHETIC_DEMO_DATA
1051,Mumbai Coast,18.45437,72.8981,2025-05-08 11:53:31,15.933,27.612,992.799,100.0,SYNTHETIC_DEMO_DATA
1052,Chennai Coast,13.55832,80.20801,2025-05-08 14:48:22,15.599,7.129,1008.999,83.414,SYNTHETIC_DEMO_DATA
1053,Mumbai Coast,18.97897,72.7188,2025-05-08 17:43:13,10.582,15.868,1015.276,77.247,SYNTHETIC_DEMO_DATA
1054,Lakshadweep,10.94454,72.55676,2025-05-08 20:38:04,1.0,10.727,1017.73,88.893,SYNTHETIC_DEMO_DATA
1055,Sundarbans,22.07079,88.75608,2025-05-08 23:32:55,13.788,6.763,1010.393,67.493,SYNTHETIC_DEMO_DATA
1056,Lakshadweep,10.53297,72.91222,2025-05-09 02:27:46,1.0,6.96,1018.601,68.231,SYNTHETIC_DEMO_DATA
1057,Kerala Coast,10.17572,76.32906,2025-05-09 05:22:37,13.301,20.605,1016.215,80.041,SYNTHETIC_DEMO_DATA
1058,Goa Coast,15.22784,74.25035,2025-05-09 08:17:28,22.674,27.008,1012.885,74.654,SYNTHETIC_DEMO_DATA
1059,Kerala Coast,9.7266,76.47461,2025-05-09 11:12:19,2.648,30.108,1023.695,71.119,SYNTHETIC_DEMO_DATA
1060,Chennai Coast,13.05616,80.21212,2025-05-09 14:07:10,18.976,7.134,1000.459,93.66,SYNTHETIC_DEMO_DATA
1061,Goa Coast,15.2936,73.39993,2025-05-09 17:02:01,16.173,6.015,1011.421,67.084,SYNTHETIC_DEMO_DATA
1062,Gujarat Coast,22.22096,69.6597,2025-05-09 19:56:52,1.0,14.957,1015.787,74.405,SYNTHETIC_DEMO_DATA
1063,Odisha Coast,19.99117,85.77065,2025-05-09 22:51:43,9.852,25.883,1008.999,66.553,SYNTHETIC_DEMO_DATA
1064,Goa Coast,15.73751,73.61302,2025-05-10 01:46:34,13.327,18.405,1008.975,55.326,SYNTHETIC_DEMO_DATA
1065,Goa Coast,15.5228,73.82006,2025-05-10 04:41:25,13.614,10.974,1013.865,68.797,SYNTHETIC_DEMO_DATA
1066,Chennai Coast,12.83421,80.23057,2025-05-10 07:36:16,12.408,17.69,1010.108,85.051,SYNTHETIC_DEMO_DATA
1067,Lakshadweep,10.6474,72.4655,2025-05-10 10:31:08,10.992,13.05,1008.958,75.889,SYNTHETIC_DEMO_DATA
1068,Gujarat Coast,21.97273,69.52795,2025-05-10 13:25:59,14.875,2.867,1004.302,66.342,SYNTHETIC_DEMO_DATA
1069,Chennai Coast,12.90947,80.13715,2025-05-10 16:20:50,11.466,3.37,1022.694,84.31,SYNTHETIC_DEMO_DATA
1070,Sundarbans,21.91945,89.30371,2025-05-10 19:15:41,5.611,20.869,1001.544,80.662,SYNTHETIC_DEMO_DATA
1071,Gujarat Coast,22.44802,69.58817,2025-05-10 22:10:32,8.918,0.0,1017.44,61.37,SYNTHETIC_DEMO_DATA
1072,Visakhapatnam,17.40869,83.27951,2025-05-11 01:05:23,14.58,10.287,1010.46,73.621,SYNTHETIC_DEMO_DATA
1073,Goa Coast,15.21957,74.13937,2025-05-11 04:00:14,11.595,19.211,1014.204,85.695,SYNTHETIC_DEMO_DATA
1074,Mumbai Coast,19.4254,72.99381,2025-05-11 06:55:05,25.603,24.414,1013.123,79.54,SYNTHETIC_DEMO_DATA
1075,Kerala Coast,9.73509,75.95903,2025-05-11 09:49:56,18.092,23.987,1006.84,82.851,SYNTHETIC_DEMO_DATA
1076,Odisha Coast,19.65836,85.64806,2025-05-11 12:44:47,18.39,13.125,1023.836,74.096,SYNTHETIC_DEMO_DATA
1077,Goa Coast,15.52879,74.02145,2025-05-11 15:39:38,13.443,24.121,1011.012,64.743,SYNTHETIC_DEMO_DATA
1078,Odisha Coast,20.1317,85.67495,2025-05-11 18:34:29,12.826,15.66,1018.284,71.261,SYNTHETIC_DEMO_DATA
1079,Kerala Coast,9.71615,76.20355,2025-05-11 21:29:20,5.838,30.332,999.841,86.679,SYNTHETIC_DEMO_DATA
1080,Andaman & Nicobar,11.27979,92.76214,2025-05-12 00:24:11,6.362,28.052,1009.17,76.829,SYNTHETIC_DEMO_DATA
1081,Lakshadweep,10.7006,72.48037,2025-05-12 03:19:02,14.813,10.418,1001.495,67.84,SYNTHETIC_DEMO_DATA
1082,Lakshadweep,10.54175,72.51055,2025-05-12 06:13:53,9.718,0.0,1017.321,80.85,SYNTHETIC_DEMO_DATA
1083,Lakshadweep,10.7745,72.7221,2025-05-12 09:08:44,8.312,16.273,999.633,81.287,SYNTHETIC_DEMO_DATA
1084,Mumbai Coast,18.92263,72.75339,2025-05-12 12:03:36,7.14,19.906,1004.091,50.968,SYNTHETIC_DEMO_DATA
1085,Visakhapatnam,17.62117,83.6063,2025-05-12 14:58:27,12.905,10.513,1004.279,73.531,SYNTHETIC_DEMO_DATA
1086,Andaman & Nicobar,11.84905,92.82553,2025-05-12 17:53:18,16.433,14.407,999.13,76.0,SYNTHETIC_DEMO_DATA
1087,Andaman & Nicobar,11.62624,92.74345,2025-05-12 20:48:09,15.39,14.753,1025.57,80.462,SYNTHETIC_DEMO_DATA
1088,Lakshadweep,10.5353,72.78049,2025-05-12 23:43:00,13.88,9.821,1019.049,81.115,SYNTHETIC_DEMO_DATA
1089,Gujarat Coast,22.29668,69.71951,2025-05-13 02:37:51,7.027,0.0,1006.847,69.453,SYNTHETIC_DEMO_DATA
1090,Odisha Coast,19.7058,86.10676,2025-05-13 05:32:42,4.052,22.717,1020.985,88.952,SYNTHETIC_DEMO_DATA
1091,Mumbai Coast,18.64508,72.84448,2025-05-13 08:27:33,6.004,12.895,1011.542,84.431,SYNTHETIC_DEMO_DATA
1092,Kerala Coast,9.93274,76.36833,2025-05-13 11:22:24,3.523,6.161,1012.744,75.552,SYNTHETIC_DEMO_DATA
1093,Andaman & Nicobar,11.51805,92.61713,2025-05-13 14:17:15,8.769,23.043,1016.969,94.359,SYNTHETIC_DEMO_DATA
1094,Chennai Coast,13.30107,79.90371,2025-05-13 17:12:06,18.549,4.097,1001.815,88.071,SYNTHETIC_DEMO_DATA
1095,Chennai Coast,12.91982,80.29757,2025-05-13 20:06:57,18.744,0.0,1003.782,77.267,SYNTHETIC_DEMO_DATA
1096,Sundarbans,22.13068,88.99801,2025-05-13 23:01:48,13.02,16.373,1004.888,80.893,SYNTHETIC_DEMO_DATA
1097,Andaman & Nicobar,12.10297,92.66544,2025-05-14 01:56:39,7.75,13.076,1026.565,73.465,SYNTHETIC_DEMO_DATA
1098,Goa Coast,15.59037,73.99378,2025-05-14 04:51:30,22.0,17.117,1019.052,73.792,SYNTHETIC_DEMO_DATA
1099,Sundarbans,22.30792,89.04655,2025-05-14 07:46:21,15.983,26.025,1009.186,94.536,SYNTHETIC_DEMO_DATA
1100,Kerala Coast,9.9479,76.08274,2025-05-14 10:41:12,1.0,10.43,1012.504,47.022,SYNTHETIC_DEMO_DATA
1101,Kerala Coast,10.03089,76.14504,2025-05-14 13:36:04,10.626,21.786,1010.494,85.234,SYNTHETIC_DEMO_DATA
1102,Kerala Coast,10.27763,76.40723,2025-05-14 16:30:55,19.253,22.55,1016.358,77.062,SYNTHETIC_DEMO_DATA
1103,Lakshadweep,10.42492,72.36666,2025-05-14 19:25:46,9.332,10.47,1006.873,73.551,SYNTHETIC_DEMO_DATA
1104,Odisha Coast,19.41834,85.63974,2025-05-14 22:20:37,12.176,8.131,994.953,88.384,SYNTHETIC_DEMO_DATA
1105,Chennai Coast,13.07274,80.35199,2025-05-15 01:15:28,10.787,23.279,1007.222,72.527,SYNTHETIC_DEMO_DATA
1106,Odisha Coast,19.76108,86.06321,2025-05-15 04:10:19,10.963,6.269,1013.237,77.661,SYNTHETIC_DEMO_DATA
1107,Visakhapatnam,17.45291,83.21783,2025-05-15 07:05:10,1.0,5.01,1006.38,77.375,SYNTHETIC_DEMO_DATA
1108,Lakshadweep,10.40455,72.66767,2025-05-15 10:00:01,11.907,13.652,1008.31,60.5,SYNTHETIC_DEMO_DATA
1109,Lakshadweep,10.85959,72.75235,2025-05-15 12:54:52,11.797,22.002,1005.837,85.386,SYNTHETIC_DEMO_DATA
1110,Sundarbans,22.12404,88.92394,2025-05-15 15:49:43,6.902,23.588,1008.741,91.574,SYNTHETIC_DEMO_DATA
1111,Gujarat Coast,22.23071,69.64871,2025-05-15 18:44:34,7.703,6.6,1005.528,100.0,SYNTHETIC_DEMO_DATA
1112,Visakhapatnam,17.50503,83.27156,2025-05-15 21:39:25,7.866,6.194,1004.789,100.0,SYNTHETIC_DEMO_DATA
1113,Odisha Coast,19.8753,86.27525,2025-05-16 00:34:16,21.71,25.654,1005.406,98.51,SYNTHETIC_DEMO_DATA
1114,Visakhapatnam,17.67073,83.17931,2025-05-16 03:29:07,16.574,2.566,1014.558,75.576,SYNTHETIC_DEMO_DATA
1115,Odisha Coast,20.09712,85.76255,2025-05-16 06:23:58,14.723,7.223,1012.308,69.506,SYNTHETIC_DEMO_DATA
1116,Kerala Coast,10.23099,76.05162,2025-05-16 09:18:49,9.756,21.434,1017.352,80.318,SYNTHETIC_DEMO_DATA
1117,Lakshadweep,10.78258,72.51316,2025-05-16 12:13:40,4.082,16.241,1010.892,74.545,SYNTHETIC_DEMO_DATA
1118,Mumbai Coast,19.05904,72.77902,2025-05-16 15:08:32,6.923,27.97,1005.239,85.743,SYNTHETIC_DEMO_DATA
1119,Goa Coast,15.33847,73.62686,2025-05-16 18:03:23,6.794,26.959,1005.417,83.21,SYNTHETIC_DEMO_DATA
1120,Kerala Coast,9.7191,76.14339,2025-05-16 20:58:14,14.474,7.505,1004.977,78.672,SYNTHETIC_DEMO_DATA
1121,Sundarbans,22.27478,89.13428,2025-05-16 23:53:05,9.132,11.585,1023.643,61.564,SYNTHETIC_DEMO_DATA
1122,Sundarbans,22.12718,89.25456,2025-05-17 02:47:56,1.4,8.201,1011.655,72.858,SYNTHETIC_DEMO_DATA
1123,Visakhapatnam,18.01862,83.02615,2025-05-17 05:42:47,17.023,13.767,1013.378,74.031,SYNTHETIC_DEMO_DATA
1124,Visakhapatnam,17.50033,83.11296,2025-05-17 08:37:38,4.589,5.28,1020.469,53.815,SYNTHETIC_DEMO_DATA
1125,Andaman & Nicobar,11.65643,92.48931,2025-05-17 11:32:29,10.02,13.576,1003.005,55.725,SYNTHETIC_DEMO_DATA
1126,Andaman & Nicobar,12.07184,92.54935,2025-05-17 14:27:20,9.229,8.135,1009.943,73.404,SYNTHETIC_DEMO_DATA
1127,Andaman & Nicobar,11.41083,92.93871,2025-05-17 17:22:11,14.501,11.355,996.84,63.727,SYNTHETIC_DEMO_DATA
1128,Gujarat Coast,21.94425,69.57138,2025-05-17 20:17:02,18.401,1.753,1009.334,78.01,SYNTHETIC_DEMO_DATA
1129,Mumbai Coast,19.0777,72.81485,2025-05-17 23:11:53,7.632,23.583,1004.252,82.787,SYNTHETIC_DEMO_DATA
1130,Gujarat Coast,22.0042,69.62688,2025-05-18 02:06:44,15.946,4.641,1015.606,80.483,SYNTHETIC_DEMO_DATA
1131,Kerala Coast,9.80213,76.30247,2025-05-18 05:01:35,9.864,21.375,1004.193,72.906,SYNTHETIC_DEMO_DATA
1132,Gujarat Coast,22.33914,69.553,2025-05-18 07:56:26,6.3,6.286,1014.303,76.044,SYNTHETIC_DEMO_DATA
1133,Goa Coast,15.57949,73.52391,2025-05-18 10:51:17,6.588,16.117,1014.217,66.363,SYNTHETIC_DEMO_DATA
1134,Goa Coast,15.23549,73.6566,2025-05-18 13:46:08,10.161,16.892,999.47,75.371,SYNTHETIC_DEMO_DATA
1135,Gujarat Coast,22.08595,69.31565,2025-05-18 16:41:00,2.438,11.307,1010.466,83.441,SYNTHETIC_DEMO_DATA
1136,Sundarbans,21.84281,89.08598,2025-05-18 19:35:51,13.278,23.917,1006.123,70.511,SYNTHETIC_DEMO_DATA
1137,Goa Coast,15.64392,73.54698,2025-05-18 22:30:42,20.193,7.16,1011.691,92.125,SYNTHETIC_DEMO_DATA
1138,Chennai Coast,13.20867,79.89372,2025-05-19 01:25:33,13.338,1.085,1014.892,71.702,SYNTHETIC_DEMO_DATA
1139,Goa Coast,15.3048,73.67838,2025-05-19 04:20:24,16.566,10.689,1004.264,85.493,SYNTHETIC_DEMO_DATA
1140,Mumbai Coast,18.88886,72.65655,2025-05-19 07:15:15,1.0,26.275,1005.869,92.347,SYNTHETIC_DEMO_DATA
1141,Andaman & Nicobar,11.68588,92.89875,2025-05-19 10:10:06,21.135,16.103,1003.919,65.814,SYNTHETIC_DEMO_DATA
1142,Chennai Coast,12.97735,80.36323,2025-05-19 13:04:57,13.639,19.633,1021.179,95.854,SYNTHETIC_DEMO_DATA
1143,Lakshadweep,10.7953,72.57569,2025-05-19 15:59:48,11.007,8.887,1015.348,86.737,SYNTHETIC_DEMO_DATA
1144,Andaman & Nicobar,11.70467,92.68997,2025-05-19 18:54:39,12.88,26.343,1019.403,55.148,SYNTHETIC_DEMO_DATA
1145,Chennai Coast,12.85879,79.88226,2025-05-19 21:49:30,16.131,0.0,1000.427,61.437,SYNTHETIC_DEMO_DATA
1146,Kerala Coast,9.89475,76.45268,2025-05-20 00:44:21,16.539,26.327,1013.119,91.791,SYNTHETIC_DEMO_DATA
1147,Mumbai Coast,18.95551,72.80262,2025-05-20 03:39:12,11.368,30.241,1008.893,89.344,SYNTHETIC_DEMO_DATA
1148,Goa Coast,15.36919,73.93679,2025-05-20 06:34:03,9.614,11.809,1003.831,62.794,SYNTHETIC_DEMO_DATA
1149,Gujarat Coast,22.55091,69.74362,2025-05-20 09:28:54,26.581,0.0,1016.443,65.392,SYNTHETIC_DEMO_DATA
1150,Andaman & Nicobar,11.70112,92.22264,2025-05-20 12:23:45,17.887,26.242,996.487,89.24,SYNTHETIC_DEMO_DATA
1151,Chennai Coast,12.89509,80.42469,2025-05-20 15:18:36,22.062,8.946,1014.378,81.45,SYNTHETIC_DEMO_DATA
1152,Mumbai Coast,19.14326,72.79815,2025-05-20 18:13:28,11.366,25.185,1013.264,81.459,SYNTHETIC_DEMO_DATA
1153,Kerala Coast,10.04054,76.29179,2025-05-20 21:08:19,6.161,30.736,995.132,84.016,SYNTHETIC_DEMO_DATA
1154,Lakshadweep,10.64225,72.45356,2025-05-21 00:03:10,14.939,12.062,1009.17,82.595,SYNTHETIC_DEMO_DATA
1155,Chennai Coast,12.86509,80.29616,2025-05-21 02:58:01,13.864,4.274,1004.523,71.058,SYNTHETIC_DEMO_DATA
1156,Mumbai Coast,19.2251,72.92545,2025-05-21 05:52:52,7.378,18.039,1001.707,79.83,SYNTHETIC_DEMO_DATA
1157,Odisha Coast,20.13593,85.8761,2025-05-21 08:47:43,3.13,21.294,1015.074,83.53,SYNTHETIC_DEMO_DATA
1158,Andaman & Nicobar,11.87154,92.73705,2025-05-21 11:42:34,14.5,14.734,996.168,78.579,SYNTHETIC_DEMO_DATA
1159,Chennai Coast,12.89773,80.37558,2025-05-21 14:37:25,8.744,11.191,1006.339,97.116,SYNTHETIC_DEMO_DATA
1160,Chennai Coast,12.79338,80.14553,2025-05-21 17:32:16,17.312,0.0,1012.053,78.924,SYNTHETIC_DEMO_DATA
1161,Mumbai Coast,18.98899,72.8494,2025-05-21 20:27:07,14.958,11.781,1005.556,62.05,SYNTHETIC_DEMO_DATA
1162,Kerala Coast,10.40012,76.10137,2025-05-21 23:21:58,10.362,12.25,1024.947,68.14,SYNTHETIC_DEMO_DATA
1163,Andaman & Nicobar,11.76656,92.60258,2025-05-22 02:16:49,15.509,19.405,1021.784,92.902,SYNTHETIC_DEMO_DATA
1164,Mumbai Coast,18.89245,72.8403,2025-05-22 05:11:40,10.323,22.314,1013.276,80.588,SYNTHETIC_DEMO_DATA
1165,Mumbai Coast,18.71525,73.03763,2025-05-22 08:06:31,10.888,2.306,1021.01,79.865,SYNTHETIC_DEMO_DATA
1166,Odisha Coast,19.72493,86.13623,2025-05-22 11:01:22,21.624,8.276,1003.677,52.542,SYNTHETIC_DEMO_DATA
1167,Sundarbans,21.83768,89.04027,2025-05-22 13:56:13,8.787,33.175,1019.721,67.917,SYNTHETIC_DEMO_DATA
1168,Chennai Coast,12.67201,80.11349,2025-05-22 16:51:04,19.728,7.712,1005.08,81.018,SYNTHETIC_DEMO_DATA
1169,Lakshadweep,10.32586,72.85253,2025-05-22 19:45:55,12.099,13.215,1012.293,58.581,SYNTHETIC_DEMO_DATA
1170,Lakshadweep,10.75306,72.80504,2025-05-22 22:40:47,7.509,4.37,1014.767,88.017,SYNTHETIC_DEMO_DATA
1171,Gujarat Coast,22.28266,69.73954,2025-05-23 01:35:38,8.456,13.268,1018.495,69.056,SYNTHETIC_DEMO_DATA
1172,Gujarat Coast,22.45604,69.76926,2025-05-23 04:30:29,14.185,2.158,998.095,74.7,SYNTHETIC_DEMO_DATA
1173,Chennai Coast,13.05871,80.12096,2025-05-23 07:25:20,1.09,15.639,1013.077,100.0,SYNTHETIC_DEMO_DATA
1174,Odisha Coast,19.8698,85.76565,2025-05-23 10:20:11,11.259,12.201,1030.199,59.245,SYNTHETIC_DEMO_DATA
1175,Sundarbans,21.77437,89.11004,2025-05-23 13:15:02,14.542,10.259,1005.162,59.124,SYNTHETIC_DEMO_DATA
1176,Chennai Coast,12.7712,80.17497,2025-05-23 16:09:53,12.833,4.629,1011.917,78.786,SYNTHETIC_DEMO_DATA
1177,Chennai Coast,13.11261,80.33384,2025-05-23 19:04:44,8.84,7.607,1009.709,88.075,SYNTHETIC_DEMO_DATA
1178,Odisha Coast,20.05939,85.60941,2025-05-23 21:59:35,11.847,12.85,1010.824,79.784,SYNTHETIC_DEMO_DATA
1179,Visakhapatnam,17.6535,83.26182,2025-05-24 00:54:26,14.394,0.0,1004.846,64.231,SYNTHETIC_DEMO_DATA
1180,Sundarbans,22.11097,88.80905,2025-05-24 03:49:17,7.923,10.588,1014.005,77.379,SYNTHETIC_DEMO_DATA
1181,Gujarat Coast,22.18325,69.36377,2025-05-24 06:44:08,13.538,4.473,996.327,56.75,SYNTHETIC_DEMO_DATA
1182,Lakshadweep,10.56244,72.6962,2025-05-24 09:38:59,8.394,10.545,1017.266,80.913,SYNTHETIC_DEMO_DATA
1183,Gujarat Coast,22.54216,69.42581,2025-05-24 12:33:50,11.465,9.505,999.673,67.75,SYNTHETIC_DEMO_DATA
1184,Kerala Coast,9.94626,76.77408,2025-05-24 15:28:41,9.588,26.528,1010.104,89.669,SYNTHETIC_DEMO_DATA
1185,Kerala Coast,9.89688,76.25802,2025-05-24 18:23:32,16.854,23.453,1006.775,73.108,SYNTHETIC_DEMO_DATA
1186,Chennai Coast,12.71317,80.46298,2025-05-24 21:18:23,2.996,7.616,1021.006,69.856,SYNTHETIC_DEMO_DATA
1187,Odisha Coast,19.94104,85.92683,2025-05-25 00:13:15,8.539,16.455,1008.662,75.165,SYNTHETIC_DEMO_DATA
1188,Mumbai Coast,19.23591,72.95093,2025-05-25 03:08:06,11.331,13.251,1015.185,82.933,SYNTHETIC_DEMO_DATA
1189,Mumbai Coast,18.45824,72.88088,2025-05-25 06:02:57,11.098,17.557,1014.939,78.187,SYNTHETIC_DEMO_DATA
1190,Sundarbans,21.80667,89.03297,2025-05-25 08:57:48,6.651,13.196,1011.295,92.067,SYNTHETIC_DEMO_DATA
1191,Kerala Coast,9.60614,76.28292,2025-05-25 11:52:39,15.537,28.536,1021.653,71.04,SYNTHETIC_DEMO_DATA
1192,Visakhapatnam,17.59186,83.28903,2025-05-25 14:47:30,6.241,6.726,996.284,66.536,SYNTHETIC_DEMO_DATA
1193,Odisha Coast,20.17796,85.39111,2025-05-25 17:42:21,12.95,13.041,1022.221,70.479,SYNTHETIC_DEMO_DATA
1194,Goa Coast,15.42372,73.54911,2025-05-25 20:37:12,9.568,16.447,998.563,99.021,SYNTHETIC_DEMO_DATA
1195,Mumbai Coast,19.11654,72.74802,2025-05-25 23:32:03,18.939,23.435,1004.705,100.0,SYNTHETIC_DEMO_DATA
1196,Gujarat Coast,22.3413,69.4301,2025-05-26 02:26:54,21.685,13.869,1011.124,97.195,SYNTHETIC_DEMO_DATA
1197,Goa Coast,15.55789,73.66509,2025-05-26 05:21:45,14.306,6.679,1018.117,82.093,SYNTHETIC_DEMO_DATA
1198,Lakshadweep,10.26093,72.40541,2025-05-26 08:16:36,8.316,8.682,1007.306,79.089,SYNTHETIC_DEMO_DATA
1199,Andaman & Nicobar,11.69066,92.57701,2025-05-26 11:11:27,2.248,21.968,1014.071,71.771,SYNTHETIC_DEMO_DATA
1200,Gujarat Coast,22.57321,69.54406,2025-05-26 14:06:18,5.608,22.785,1022.687,70.368,SYNTHETIC_DEMO_DATA
1201,Andaman & Nicobar,11.75066,92.99525,2025-05-26 17:01:09,8.699,16.308,1017.537,87.148,SYNTHETIC_DEMO_DATA
1202,Kerala Coast,9.54166,76.44329,2025-05-26 19:56:00,10.245,19.273,1008.074,83.872,SYNTHETIC_DEMO_DATA
1203,Lakshadweep,10.73049,72.71638,2025-05-26 22:50:51,9.003,4.779,1005.217,80.606,SYNTHETIC_DEMO_DATA
1204,Goa Coast,15.27508,73.82311,2025-05-27 01:45:43,12.413,17.051,1019.831,94.571,SYNTHETIC_DEMO_DATA
1205,Gujarat Coast,22.30748,69.8244,2025-05-27 04:40:34,11.894,10.186,997.6,86.768,SYNTHETIC_DEMO_DATA
1206,Lakshadweep,10.42973,72.83227,2025-05-27 07:35:25,14.838,14.701,1004.154,59.703,SYNTHETIC_DEMO_DATA
1207,Mumbai Coast,18.77344,73.11375,2025-05-27 10:30:16,9.83,8.025,1008.796,73.075,SYNTHETIC_DEMO_DATA
1208,Goa Coast,15.84179,74.24805,2025-05-27 13:25:07,14.441,0.0,1019.64,69.407,SYNTHETIC_DEMO_DATA
1209,Visakhapatnam,17.9746,83.14937,2025-05-27 16:19:58,16.858,6.861,1013.032,85.761,SYNTHETIC_DEMO_DATA
1210,Lakshadweep,10.69973,72.55158,2025-05-27 19:14:49,11.252,12.075,1004.15,74.161,SYNTHETIC_DEMO_DATA
1211,Gujarat Coast,22.42738,69.84755,2025-05-27 22:09:40,14.713,13.505,999.17,82.698,SYNTHETIC_DEMO_DATA
1212,Goa Coast,15.11843,73.89065,2025-05-28 01:04:31,11.919,6.928,1021.705,74.591,SYNTHETIC_DEMO_DATA
1213,Kerala Coast,10.07035,76.60952,2025-05-28 03:59:22,21.52,31.892,1009.788,75.745,SYNTHETIC_DEMO_DATA
1214,Andaman & Nicobar,11.99123,92.54771,2025-05-28 06:54:13,17.248,11.249,1021.698,92.484,SYNTHETIC_DEMO_DATA
1215,Sundarbans,21.96155,89.44064,2025-05-28 09:49:04,14.456,13.912,999.069,88.455,SYNTHETIC_DEMO_DATA
1216,Odisha Coast,19.67547,85.92777,2025-05-28 12:43:55,10.184,9.878,1016.187,58.643,SYNTHETIC_DEMO_DATA
1217,Mumbai Coast,18.86801,72.67236,2025-05-28 15:38:46,11.725,18.25,1012.564,68.022,SYNTHETIC_DEMO_DATA
1218,Goa Coast,15.66254,73.66364,2025-05-28 18:33:37,15.939,5.276,1022.948,60.945,SYNTHETIC_DEMO_DATA
1219,Andaman & Nicobar,11.51242,92.99965,2025-05-28 21:28:28,16.437,26.563,1010.354,88.423,SYNTHETIC_DEMO_DATA
1220,Kerala Coast,9.97852,76.16326,2025-05-29 00:23:19,11.253,19.94,1004.779,99.141,SYNTHETIC_DEMO_DATA
1221,Gujarat Coast,21.91417,69.4797,2025-05-29 03:18:11,2.893,27.95,1011.692,76.073,SYNTHETIC_DEMO_DATA
1222,Mumbai Coast,19.14198,73.08085,2025-05-29 06:13:02,16.097,14.706,1000.454,48.64,SYNTHETIC_DEMO_DATA
1223,Lakshadweep,10.52095,72.57249,2025-05-29 09:07:53,15.216,7.602,1004.254,79.929,SYNTHETIC_DEMO_DATA
1224,Gujarat Coast,22.34573,69.39434,2025-05-29 12:02:44,17.73,1.148,1007.638,40.565,SYNTHETIC_DEMO_DATA
1225,Kerala Coast,9.2529,76.41876,2025-05-29 14:57:35,15.681,24.323,1015.631,80.382,SYNTHETIC_DEMO_DATA
1226,Lakshadweep,10.88048,72.35275,2025-05-29 17:52:26,5.691,1.455,1022.276,77.421,SYNTHETIC_DEMO_DATA
1227,Odisha Coast,19.7024,85.57089,2025-05-29 20:47:17,9.732,24.494,1028.867,78.543,SYNTHETIC_DEMO_DATA
1228,Lakshadweep,10.3315,72.79088,2025-05-29 23:42:08,1.857,18.876,1019.18,73.661,SYNTHETIC_DEMO_DATA
1229,Odisha Coast,19.65727,85.93415,2025-05-30 02:36:59,5.11,4.067,1007.048,77.929,SYNTHETIC_DEMO_DATA
1230,Visakhapatnam,17.46292,83.39252,2025-05-30 05:31:50,21.383,12.13,1013.986,70.029,SYNTHETIC_DEMO_DATA
1231,Andaman & Nicobar,11.76816,92.88536,2025-05-30 08:26:41,6.38,23.582,1008.618,51.573,SYNTHETIC_DEMO_DATA
1232,Goa Coast,15.53133,73.70199,2025-05-30 11:21:32,13.946,2.095,1022.696,63.266,SYNTHETIC_DEMO_DATA
1233,Lakshadweep,10.4987,72.65033,2025-05-30 14:16:23,8.63,20.201,1017.796,82.536,SYNTHETIC_DEMO_DATA
1234,Goa Coast,15.35985,73.58251,2025-05-30 17:11:14,14.845,11.549,1012.955,64.271,SYNTHETIC_DEMO_DATA
1235,Gujarat Coast,22.7558,69.49151,2025-05-30 20:06:05,10.134,0.0,1007.735,87.118,SYNTHETIC_DEMO_DATA
1236,Chennai Coast,13.2728,80.09953,2025-05-30 23:00:56,15.352,17.278,1010.369,78.808,SYNTHETIC_DEMO_DATA
1237,Sundarbans,21.52622,89.41196,2025-05-31 01:55:47,6.346,10.853,1002.304,100.0,SYNTHETIC_DEMO_DATA
1238,Odisha Coast,19.89665,85.73503,2025-05-31 04:50:39,15.146,20.841,1019.947,85.732,SYNTHETIC_DEMO_DATA
1239,Visakhapatnam,17.79512,83.24069,2025-05-31 07:45:30,7.475,3.864,1024.415,78.229,SYNTHETIC_DEMO_DATA
1240,Sundarbans,21.36978,89.04487,2025-05-31 10:40:21,12.377,23.734,1008.032,58.47,SYNTHETIC_DEMO_DATA
1241,Mumbai Coast,19.04547,72.95648,2025-05-31 13:35:12,12.658,21.152,1007.716,79.82,SYNTHETIC_DEMO_DATA
1242,Goa Coast,15.08003,73.95534,2025-05-31 16:30:03,9.602,12.245,1007.736,79.94,SYNTHETIC_DEMO_DATA
1243,Lakshadweep,10.84406,72.57551,2025-05-31 19:24:54,8.481,16.704,1004.61,92.112,SYNTHETIC_DEMO_DATA
1244,Kerala Coast,9.69886,76.13626,2025-05-31 22:19:45,16.138,15.948,1008.709,79.734,SYNTHETIC_DEMO_DATA
1245,Andaman & Nicobar,12.08468,92.34598,2025-06-01 01:14:36,17.18,38.98,1003.79,87.633,SYNTHETIC_DEMO_DATA
1246,Lakshadweep,10.94399,72.94655,2025-06-01 04:09:27,16.297,29.719,1016.425,90.466,SYNTHETIC_DEMO_DATA
1247,Andaman & Nicobar,11.8063,92.13225,2025-06-01 07:04:18,22.098,52.927,1018.614,73.991,SYNTHETIC_DEMO_DATA
1248,Kerala Coast,10.0857,76.37176,2025-06-01 09:59:09,12.568,58.168,1008.935,84.853,SYNTHETIC_DEMO_DATA
1249,Chennai Coast,13.21634,80.2707,2025-06-01 12:54:00,10.979,31.057,1010.999,62.001,SYNTHETIC_DEMO_DATA
1250,Lakshadweep,10.69449,72.59408,2025-06-01 15:48:51,15.857,46.766,1008.429,71.961,SYNTHETIC_DEMO_DATA
1251,Visakhapatnam,17.83137,83.18206,2025-06-01 18:43:42,21.136,22.013,1019.303,95.277,SYNTHETIC_DEMO_DATA
1252,Kerala Coast,9.84569,76.61057,2025-06-01 21:38:33,15.069,59.095,1021.398,90.898,SYNTHETIC_DEMO_DATA
1253,Sundarbans,22.16831,88.95831,2025-06-02 00:33:24,20.829,41.348,1003.618,90.732,SYNTHETIC_DEMO_DATA
1254,Goa Coast,15.42905,73.9225,2025-06-02 03:28:15,24.301,48.884,1010.411,93.257,SYNTHETIC_DEMO_DATA
1255,Gujarat Coast,22.2378,69.27472,2025-06-02 06:23:06,8.189,42.08,1002.812,66.734,SYNTHETIC_DEMO_DATA
1256,Sundarbans,21.9635,89.30543,2025-06-02 09:17:58,11.534,47.196,1007.416,75.097,SYNTHETIC_DEMO_DATA
1257,Visakhapatnam,18.16272,83.58436,2025-06-02 12:12:49,17.442,50.372,1015.816,83.956,SYNTHETIC_DEMO_DATA
1258,Mumbai Coast,19.17551,73.24765,2025-06-02 15:07:40,8.693,46.51,1002.63,76.378,SYNTHETIC_DEMO_DATA
1259,Mumbai Coast,18.94023,72.49427,2025-06-02 18:02:31,10.52,56.933,1008.075,93.225,SYNTHETIC_DEMO_DATA
1260,Andaman & Nicobar,11.62691,92.68828,2025-06-02 20:57:22,13.349,37.917,1000.655,92.859,SYNTHETIC_DEMO_DATA
1261,Visakhapatnam,17.79205,83.24931,2025-06-02 23:52:13,12.839,46.38,1010.151,91.254,SYNTHETIC_DEMO_DATA
1262,Lakshadweep,10.48616,72.8822,2025-06-03 02:47:04,15.047,30.401,1007.119,97.953,SYNTHETIC_DEMO_DATA
1263,Kerala Coast,10.18776,76.35767,2025-06-03 05:41:55,11.693,60.52,1010.349,76.389,SYNTHETIC_DEMO_DATA
1264,Andaman & Nicobar,11.78246,92.39192,2025-06-03 08:36:46,19.146,46.514,1016.23,94.754,SYNTHETIC_DEMO_DATA
1265,Visakhapatnam,17.57096,83.17372,2025-06-03 11:31:37,17.769,38.285,1001.544,90.017,SYNTHETIC_DEMO_DATA
1266,Sundarbans,22.16458,89.33471,2025-06-03 14:26:28,18.45,47.512,1007.498,94.203,SYNTHETIC_DEMO_DATA
1267,Sundarbans,22.25095,89.02247,2025-06-03 17:21:19,16.647,63.387,1012.71,100.0,SYNTHETIC_DEMO_DATA
1268,Chennai Coast,13.46633,80.1352,2025-06-03 20:16:10,23.396,38.607,1021.586,87.29,SYNTHETIC_DEMO_DATA
1269,Lakshadweep,10.87985,72.46939,2025-06-03 23:11:01,1.0,45.179,1001.967,60.37,SYNTHETIC_DEMO_DATA
1270,Sundarbans,22.03115,88.93445,2025-06-04 02:05:52,22.0,47.049,1007.673,93.295,SYNTHETIC_DEMO_DATA
1271,Chennai Coast,13.49315,80.12822,2025-06-04 05:00:43,24.273,45.239,997.488,90.241,SYNTHETIC_DEMO_DATA
1272,Odisha Coast,19.66236,85.48176,2025-06-04 07:55:34,1.249,34.785,1006.754,85.022,SYNTHETIC_DEMO_DATA
1273,Lakshadweep,10.77252,72.30277,2025-06-04 10:50:26,29.333,34.887,1001.352,81.518,SYNTHETIC_DEMO_DATA
1274,Gujarat Coast,22.26817,69.23649,2025-06-04 13:45:17,16.97,51.959,989.677,96.842,SYNTHETIC_DEMO_DATA
1275,Goa Coast,15.24253,74.22183,2025-06-04 16:40:08,18.343,36.296,1011.018,82.098,SYNTHETIC_DEMO_DATA
1276,Goa Coast,15.86189,74.01066,2025-06-04 19:34:59,24.676,45.65,1012.455,100.0,SYNTHETIC_DEMO_DATA
1277,Gujarat Coast,22.2436,69.26588,2025-06-04 22:29:50,12.071,34.041,1010.076,71.936,SYNTHETIC_DEMO_DATA
1278,Goa Coast,15.4849,73.93354,2025-06-05 01:24:41,20.341,52.873,1009.07,91.45,SYNTHETIC_DEMO_DATA
1279,Sundarbans,22.26626,89.34935,2025-06-05 04:19:32,23.527,45.204,1010.572,92.877,SYNTHETIC_DEMO_DATA
1280,Andaman & Nicobar,11.31695,92.35097,2025-06-05 07:14:23,26.286,54.998,1013.632,85.052,SYNTHETIC_DEMO_DATA
1281,Goa Coast,15.45367,73.73085,2025-06-05 10:09:14,14.282,59.621,999.075,100.0,SYNTHETIC_DEMO_DATA
1282,Goa Coast,15.32995,73.93607,2025-06-05 13:04:05,17.393,50.718,1001.362,86.813,SYNTHETIC_DEMO_DATA
1283,Chennai Coast,13.24762,79.79411,2025-06-05 15:58:56,20.905,36.047,986.443,89.973,SYNTHETIC_DEMO_DATA
1284,Andaman & Nicobar,11.99811,92.5785,2025-06-05 18:53:47,20.86,50.088,1011.336,100.0,SYNTHETIC_DEMO_DATA
1285,Chennai Coast,13.101,80.10994,2025-06-05 21:48:38,20.389,33.694,1005.724,85.619,SYNTHETIC_DEMO_DATA
1286,Sundarbans,21.65053,89.02015,2025-06-06 00:43:29,18.32,51.315,997.371,99.187,SYNTHETIC_DEMO_DATA
1287,Lakshadweep,10.55483,72.50802,2025-06-06 03:38:20,4.796,29.023,1011.072,74.604,SYNTHETIC_DEMO_DATA
1288,Visakhapatnam,17.89204,83.1058,2025-06-06 06:33:11,22.385,41.177,1012.516,78.751,SYNTHETIC_DEMO_DATA
1289,Odisha Coast,19.54769,85.90896,2025-06-06 09:28:02,10.812,56.564,997.091,100.0,SYNTHETIC_DEMO_DATA
1290,Gujarat Coast,22.24935,69.31545,2025-06-06 12:22:54,20.629,46.757,1014.363,100.0,SYNTHETIC_DEMO_DATA
1291,Visakhapatnam,17.2694,83.23136,2025-06-06 15:17:45,17.181,32.265,1016.964,84.506,SYNTHETIC_DEMO_DATA
1292,Andaman & Nicobar,11.31488,92.90876,2025-06-06 18:12:36,16.569,39.999,1008.179,81.522,SYNTHETIC_DEMO_DATA
1293,Kerala Coast,9.8976,76.06392,2025-06-06 21:07:27,19.166,56.046,1002.952,99.095,SYNTHETIC_DEMO_DATA
1294,Sundarbans,22.05481,89.03456,2025-06-07 00:02:18,12.764,46.026,1012.498,84.186,SYNTHETIC_DEMO_DATA
1295,Lakshadweep,10.61971,72.55122,2025-06-07 02:57:09,15.777,39.889,1002.467,88.36,SYNTHETIC_DEMO_DATA
1296,Mumbai Coast,18.9634,73.23878,2025-06-07 05:52:00,12.066,50.65,999.376,91.08,SYNTHETIC_DEMO_DATA
1297,Visakhapatnam,17.88281,83.2364,2025-06-07 08:46:51,14.31,39.873,1004.731,63.522,SYNTHETIC_DEMO_DATA
1298,Gujarat Coast,22.46983,69.62029,2025-06-07 11:41:42,14.123,37.973,1002.661,57.668,SYNTHETIC_DEMO_DATA
1299,Mumbai Coast,19.36264,72.95715,2025-06-07 14:36:33,26.002,45.596,995.697,58.453,SYNTHETIC_DEMO_DATA
1300,Sundarbans,22.12594,89.23091,2025-06-07 17:31:24,19.771,55.881,998.799,94.763,SYNTHETIC_DEMO_DATA
1301,Goa Coast,15.4498,73.77218,2025-06-07 20:26:15,12.205,49.853,1006.98,77.895,SYNTHETIC_DEMO_DATA
1302,Kerala Coast,10.02968,76.73758,2025-06-07 23:21:06,24.658,42.168,1004.689,98.594,SYNTHETIC_DEMO_DATA
1303,Gujarat Coast,22.18453,69.58267,2025-06-08 02:15:57,14.982,23.396,1024.431,73.463,SYNTHETIC_DEMO_DATA
1304,Andaman & Nicobar,11.59883,92.68799,2025-06-08 05:10:48,20.086,40.906,1015.713,88.245,SYNTHETIC_DEMO_DATA
1305,Gujarat Coast,22.08983,69.39941,2025-06-08 08:05:39,12.071,24.114,1010.736,74.399,SYNTHETIC_DEMO_DATA
1306,Gujarat Coast,21.74316,69.61255,2025-06-08 11:00:30,26.368,38.44,995.64,76.568,SYNTHETIC_DEMO_DATA
1307,Visakhapatnam,17.8213,83.42673,2025-06-08 13:55:22,11.075,45.442,1006.718,86.987,SYNTHETIC_DEMO_DATA
1308,Visakhapatnam,17.74098,83.15668,2025-06-08 16:50:13,18.381,39.044,993.158,84.124,SYNTHETIC_DEMO_DATA
1309,Kerala Coast,9.88575,76.37824,2025-06-08 19:45:04,30.046,47.845,1010.163,69.058,SYNTHETIC_DEMO_DATA
1310,Andaman & Nicobar,12.15393,92.33212,2025-06-08 22:39:55,21.391,53.086,1010.232,85.925,SYNTHETIC_DEMO_DATA
1311,Mumbai Coast,19.03476,73.14178,2025-06-09 01:34:46,20.902,50.187,1001.327,79.576,SYNTHETIC_DEMO_DATA
1312,Chennai Coast,13.00678,80.18206,2025-06-09 04:29:37,18.439,33.483,1017.781,100.0,SYNTHETIC_DEMO_DATA
1313,Goa Coast,15.62668,73.69148,2025-06-09 07:24:28,18.384,15.955,1006.711,66.981,SYNTHETIC_DEMO_DATA
1314,Andaman & Nicobar,11.35672,92.62391,2025-06-09 10:19:19,16.697,39.296,991.545,76.157,SYNTHETIC_DEMO_DATA
1315,Lakshadweep,10.86314,72.46699,2025-06-09 13:14:10,23.658,35.221,1010.696,87.063,SYNTHETIC_DEMO_DATA
1316,Visakhapatnam,17.94299,83.41326,2025-06-09 16:09:01,1.773,35.26,1013.445,88.765,SYNTHETIC_DEMO_DATA
1317,Goa Coast,15.5272,73.56802,2025-06-09 19:03:52,12.89,51.442,1020.626,91.152,SYNTHETIC_DEMO_DATA
1318,Mumbai Coast,18.82968,72.5817,2025-06-09 21:58:43,13.92,51.741,1006.327,87.788,SYNTHETIC_DEMO_DATA
1319,Kerala Coast,10.06283,76.31304,2025-06-10 00:53:34,13.283,47.017,1008.158,91.651,SYNTHETIC_DEMO_DATA
1320,Chennai Coast,13.0804,80.32596,2025-06-10 03:48:25,16.96,61.888,1001.482,93.244,SYNTHETIC_DEMO_DATA
1321,Odisha Coast,19.60425,85.72624,2025-06-10 06:43:16,6.311,29.688,1010.536,65.113,SYNTHETIC_DEMO_DATA
1322,Visakhapatnam,17.40879,83.13086,2025-06-10 09:38:07,12.817,26.904,1007.49,69.999,SYNTHETIC_DEMO_DATA
1323,Mumbai Coast,18.87827,72.87558,2025-06-10 12:32:58,11.068,50.657,1011.218,98.341,SYNTHETIC_DEMO_DATA
1324,Andaman & Nicobar,11.55415,92.38851,2025-06-10 15:27:50,15.701,51.697,1021.67,72.709,SYNTHETIC_DEMO_DATA
1325,Andaman & Nicobar,11.93827,92.40039,2025-06-10 18:22:41,15.956,43.461,995.928,76.758,SYNTHETIC_DEMO_DATA
1326,Odisha Coast,19.92522,85.50446,2025-06-10 21:17:32,9.392,45.538,993.469,76.258,SYNTHETIC_DEMO_DATA
1327,Gujarat Coast,22.25835,70.02354,2025-06-11 00:12:23,15.08,39.589,999.4,72.201,SYNTHETIC_DEMO_DATA
1328,Sundarbans,21.97415,89.24805,2025-06-11 03:07:14,17.499,55.631,995.201,94.706,SYNTHETIC_DEMO_DATA
1329,Gujarat Coast,22.32719,69.86983,2025-06-11 06:02:05,20.865,27.286,1000.37,69.284,SYNTHETIC_DEMO_DATA
1330,Chennai Coast,12.89778,80.25298,2025-06-11 08:56:56,10.177,36.729,1011.892,87.828,SYNTHETIC_DEMO_DATA
1331,Kerala Coast,10.14436,76.01844,2025-06-11 11:51:47,17.447,49.703,1007.027,96.045,SYNTHETIC_DEMO_DATA
1332,Goa Coast,15.2276,73.73717,2025-06-11 14:46:38,14.114,42.868,1028.834,76.93,SYNTHETIC_DEMO_DATA
1333,Kerala Coast,9.5648,76.46792,2025-06-11 17:41:29,26.478,45.718,1019.658,74.791,SYNTHETIC_DEMO_DATA
1334,Andaman & Nicobar,11.73717,92.68085,2025-06-11 20:36:20,22.504,35.431,1007.889,98.887,SYNTHETIC_DEMO_DATA
1335,Mumbai Coast,18.83322,72.69926,2025-06-11 23:31:11,16.478,40.279,1002.715,87.297,SYNTHETIC_DEMO_DATA
1336,Lakshadweep,10.32642,72.54371,2025-06-12 02:26:02,13.783,49.989,990.328,88.883,SYNTHETIC_DEMO_DATA
1337,Gujarat Coast,22.08403,69.60431,2025-06-12 05:20:53,21.009,32.387,1015.924,73.015,SYNTHETIC_DEMO_DATA
1338,Visakhapatnam,17.59225,82.84364,2025-06-12 08:15:44,17.443,37.597,1007.571,100.0,SYNTHETIC_DEMO_DATA
1339,Goa Coast,15.31296,73.80299,2025-06-12 11:10:35,14.998,36.295,997.862,90.996,SYNTHETIC_DEMO_DATA
1340,Kerala Coast,10.01895,76.17576,2025-06-12 14:05:26,11.338,47.518,997.956,100.0,SYNTHETIC_DEMO_DATA
1341,Mumbai Coast,19.14556,72.7756,2025-06-12 17:00:18,18.5,43.715,1004.96,100.0,SYNTHETIC_DEMO_DATA
1342,Odisha Coast,19.73593,85.51612,2025-06-12 19:55:09,16.891,51.097,1007.945,74.666,SYNTHETIC_DEMO_DATA
1343,Odisha Coast,19.78873,85.79924,2025-06-12 22:50:00,20.946,42.441,1008.89,75.102,SYNTHETIC_DEMO_DATA
1344,Mumbai Coast,19.3853,72.69157,2025-06-13 01:44:51,21.086,40.057,1016.317,72.525,SYNTHETIC_DEMO_DATA
1345,Odisha Coast,19.90601,85.91994,2025-06-13 04:39:42,24.787,36.667,1000.187,84.254,SYNTHETIC_DEMO_DATA
1346,Lakshadweep,10.5383,72.96377,2025-06-13 07:34:33,16.988,27.638,1000.876,87.002,SYNTHETIC_DEMO_DATA
1347,Andaman & Nicobar,11.5118,92.59123,2025-06-13 10:29:24,20.749,48.179,1022.621,83.773,SYNTHETIC_DEMO_DATA
1348,Goa Coast,15.26203,73.89879,2025-06-13 13:24:15,8.155,44.831,1003.181,100.0,SYNTHETIC_DEMO_DATA
1349,Goa Coast,15.16887,73.99027,2025-06-13 16:19:06,22.137,58.644,1016.353,94.174,SYNTHETIC_DEMO_DATA
1350,Mumbai Coast,18.58292,72.66845,2025-06-13 19:13:57,17.059,36.879,1017.759,86.946,SYNTHETIC_DEMO_DATA
1351,Sundarbans,21.57617,88.95895,2025-06-13 22:08:48,13.763,47.203,1005.742,85.109,SYNTHETIC_DEMO_DATA
1352,Chennai Coast,13.1373,80.08942,2025-06-14 01:03:39,19.028,25.484,1002.549,100.0,SYNTHETIC_DEMO_DATA
1353,Kerala Coast,9.91807,75.89963,2025-06-14 03:58:30,15.87,47.0,1003.854,60.725,SYNTHETIC_DEMO_DATA
1354,Lakshadweep,10.43837,72.66532,2025-06-14 06:53:21,17.136,22.113,1023.62,100.0,SYNTHETIC_DEMO_DATA
1355,Visakhapatnam,17.82279,83.51657,2025-06-14 09:48:12,24.106,43.445,1003.679,87.591,SYNTHETIC_DEMO_DATA
1356,Kerala Coast,10.15785,76.20833,2025-06-14 12:43:03,13.168,72.805,1014.233,78.789,SYNTHETIC_DEMO_DATA
1357,Chennai Coast,13.12635,80.28289,2025-06-14 15:37:54,12.062,39.98,1021.266,77.49,SYNTHETIC_DEMO_DATA
1358,Odisha Coast,19.57719,86.08715,2025-06-14 18:32:45,22.874,41.875,998.914,87.156,SYNTHETIC_DEMO_DATA
1359,Odisha Coast,19.51382,85.80003,2025-06-14 21:27:37,25.869,32.73,1007.323,55.43,SYNTHETIC_DEMO_DATA
1360,Chennai Coast,12.93667,80.1854,2025-06-15 00:22:28,18.284,36.748,1012.765,86.464,SYNTHETIC_DEMO_DATA
1361,Sundarbans,21.76934,88.84183,2025-06-15 03:17:19,23.338,46.098,1004.653,66.982,SYNTHETIC_DEMO_DATA
1362,Sundarbans,21.81684,89.29036,2025-06-15 06:12:10,23.413,37.264,1004.35,83.641,SYNTHETIC_DEMO_DATA
1363,Chennai Coast,13.23254,80.29604,2025-06-15 09:07:01,20.714,33.269,1011.804,87.985,SYNTHETIC_DEMO_DATA
1364,Visakhapatnam,17.9928,82.88363,2025-06-15 12:01:52,14.97,38.275,1003.811,85.231,SYNTHETIC_DEMO_DATA
1365,Mumbai Coast,18.61155,73.2182,2025-06-15 14:56:43,8.967,45.838,1002.79,84.687,SYNTHETIC_DEMO_DATA
1366,Sundarbans,21.88597,89.16743,2025-06-15 17:51:34,24.323,44.268,1006.501,68.045,SYNTHETIC_DEMO_DATA
1367,Chennai Coast,13.36468,79.92084,2025-06-15 20:46:25,13.269,42.818,1015.181,75.341,SYNTHETIC_DEMO_DATA
1368,Kerala Coast,9.82089,76.25679,2025-06-15 23:41:16,13.462,47.964,1007.038,85.854,SYNTHETIC_DEMO_DATA
1369,Lakshadweep,10.30856,72.4845,2025-06-16 02:36:07,20.737,29.883,1004.07,76.055,SYNTHETIC_DEMO_DATA
1370,Gujarat Coast,22.40599,69.70265,2025-06-16 05:30:58,14.075,30.085,1007.222,70.76,SYNTHETIC_DEMO_DATA
1371,Andaman & Nicobar,11.70759,92.41145,2025-06-16 08:25:49,13.368,52.169,1014.775,54.871,SYNTHETIC_DEMO_DATA
1372,Chennai Coast,12.98575,79.96348,2025-06-16 11:20:40,12.567,26.843,1009.62,64.011,SYNTHETIC_DEMO_DATA
1373,Kerala Coast,10.02753,76.19885,2025-06-16 14:15:31,12.428,51.206,1000.982,75.349,SYNTHETIC_DEMO_DATA
1374,Kerala Coast,9.70832,76.25012,2025-06-16 17:10:22,20.773,45.598,1006.058,87.036,SYNTHETIC_DEMO_DATA
1375,Andaman & Nicobar,11.42392,92.57104,2025-06-16 20:05:13,17.656,46.324,1011.006,71.886,SYNTHETIC_DEMO_DATA
1376,Lakshadweep,10.25109,72.77284,2025-06-16 23:00:05,15.718,39.786,1004.128,84.116,SYNTHETIC_DEMO_DATA
1377,Lakshadweep,10.83398,72.99668,2025-06-17 01:54:56,19.237,35.582,1019.36,70.552,SYNTHETIC_DEMO_DATA
1378,Goa Coast,15.62583,73.9363,2025-06-17 04:49:47,22.678,40.797,1003.12,88.68,SYNTHETIC_DEMO_DATA
1379,Mumbai Coast,18.96535,72.67421,2025-06-17 07:44:38,18.099,42.863,1008.21,96.913,SYNTHETIC_DEMO_DATA
1380,Mumbai Coast,19.20403,72.66341,2025-06-17 10:39:29,17.033,42.017,998.689,87.071,SYNTHETIC_DEMO_DATA
1381,Lakshadweep,10.73568,72.56052,2025-06-17 13:34:20,19.111,40.315,1018.078,97.941,SYNTHETIC_DEMO_DATA
1382,Visakhapatnam,17.46721,83.11881,2025-06-17 16:29:11,17.677,39.334,1003.336,88.661,SYNTHETIC_DEMO_DATA
1383,Chennai Coast,13.43754,80.46098,2025-06-17 19:24:02,16.11,25.08,1019.861,68.469,SYNTHETIC_DEMO_DATA
1384,Andaman & Nicobar,11.80388,92.69398,2025-06-17 22:18:53,11.794,50.786,996.902,84.996,SYNTHETIC_DEMO_DATA
1385,Chennai Coast,13.00443,80.14021,2025-06-18 01:13:44,12.025,21.03,1010.815,68.841,SYNTHETIC_DEMO_DATA
1386,Visakhapatnam,17.62469,83.19201,2025-06-18 04:08:35,12.56,59.137,996.835,75.554,SYNTHETIC_DEMO_DATA
1387,Mumbai Coast,18.9776,72.86339,2025-06-18 07:03:26,18.237,45.513,1010.424,67.584,SYNTHETIC_DEMO_DATA
1388,Chennai Coast,13.11485,80.28369,2025-06-18 09:58:17,15.264,32.961,994.546,90.202,SYNTHETIC_DEMO_DATA
1389,Andaman & Nicobar,11.85585,92.48386,2025-06-18 12:53:08,16.592,42.656,1013.548,82.07,SYNTHETIC_DEMO_DATA
1390,Lakshadweep,10.64814,72.61069,2025-06-18 15:47:59,18.688,26.173,1011.7,75.769,SYNTHETIC_DEMO_DATA
1391,Chennai Coast,12.90576,80.132,2025-06-18 18:42:50,22.929,41.649,1014.516,95.116,SYNTHETIC_DEMO_DATA
1392,Mumbai Coast,19.02386,72.97112,2025-06-18 21:37:41,19.706,49.996,1012.902,100.0,SYNTHETIC_DEMO_DATA
1393,Lakshadweep,10.49934,72.66086,2025-06-19 00:32:33,22.718,44.485,1004.135,95.042,SYNTHETIC_DEMO_DATA
1394,Goa Coast,15.76525,73.86275,2025-06-19 03:27:24,19.515,43.829,1020.177,85.964,SYNTHETIC_DEMO_DATA
1395,Visakhapatnam,17.98727,83.08546,2025-06-19 06:22:15,15.337,32.568,1001.85,64.285,SYNTHETIC_DEMO_DATA
1396,Mumbai Coast,19.15431,72.79551,2025-06-19 09:17:06,19.495,47.008,1006.822,76.255,SYNTHETIC_DEMO_DATA
1397,Gujarat Coast,22.43838,69.43749,2025-06-19 12:11:57,28.867,35.099,1010.132,79.389,SYNTHETIC_DEMO_DATA
1398,Gujarat Coast,22.63279,69.56872,2025-06-19 15:06:48,9.002,16.952,1019.665,57.237,SYNTHETIC_DEMO_DATA
1399,Sundarbans,21.42662,88.95485,2025-06-19 18:01:39,20.368,43.954,1000.941,100.0,SYNTHETIC_DEMO_DATA
1400,Visakhapatnam,17.59439,83.21086,2025-06-19 20:56:30,8.044,36.823,1001.313,80.936,SYNTHETIC_DEMO_DATA
1401,Andaman & Nicobar,11.76011,92.68168,2025-06-19 23:51:21,15.233,28.725,1016.614,69.777,SYNTHETIC_DEMO_DATA
1402,Visakhapatnam,18.16837,83.11767,2025-06-20 02:46:12,17.969,28.203,1012.561,89.51,SYNTHETIC_DEMO_DATA
1403,Visakhapatnam,17.57935,83.42708,2025-06-20 05:41:03,16.434,46.234,1019.814,92.68,SYNTHETIC_DEMO_DATA
1404,Chennai Coast,12.87864,80.11207,2025-06-20 08:35:54,25.526,45.668,1018.394,63.661,SYNTHETIC_DEMO_DATA
1405,Odisha Coast,20.13444,85.2845,2025-06-20 11:30:45,9.361,40.113,997.836,93.857,SYNTHETIC_DEMO_DATA
1406,Odisha Coast,19.61965,85.36116,2025-06-20 14:25:36,19.372,49.753,1008.653,82.966,SYNTHETIC_DEMO_DATA
1407,Chennai Coast,13.2382,80.18809,2025-06-20 17:20:27,17.043,43.952,1011.241,86.032,SYNTHETIC_DEMO_DATA
1408,Andaman & Nicobar,11.7165,92.67177,2025-06-20 20:15:18,13.253,50.34,1016.676,91.366,SYNTHETIC_DEMO_DATA
1409,Sundarbans,21.79152,89.39351,2025-06-20 23:10:09,8.155,41.169,999.731,99.636,SYNTHETIC_DEMO_DATA
1410,Visakhapatnam,17.87971,83.29345,2025-06-21 02:05:01,23.311,38.835,998.492,90.35,SYNTHETIC_DEMO_DATA
1411,Sundarbans,22.15957,89.22704,2025-06-21 04:59:52,21.946,49.434,1010.242,79.505,SYNTHETIC_DEMO_DATA
1412,Mumbai Coast,18.88345,72.97804,2025-06-21 07:54:43,19.009,47.774,1017.387,81.215,SYNTHETIC_DEMO_DATA
1413,Visakhapatnam,17.74453,83.45258,2025-06-21 10:49:34,23.934,35.194,1014.258,100.0,SYNTHETIC_DEMO_DATA
1414,Goa Coast,15.4679,74.30607,2025-06-21 13:44:25,20.126,34.622,999.995,69.463,SYNTHETIC_DEMO_DATA
1415,Mumbai Coast,19.08191,73.10248,2025-06-21 16:39:16,10.824,42.26,1006.085,70.405,SYNTHETIC_DEMO_DATA
1416,Goa Coast,15.5836,73.8965,2025-06-21 19:34:07,23.742,44.241,1008.347,82.537,SYNTHETIC_DEMO_DATA
1417,Gujarat Coast,22.48251,69.68373,2025-06-21 22:28:58,19.699,52.411,996.237,97.755,SYNTHETIC_DEMO_DATA
1418,Kerala Coast,9.94137,76.11201,2025-06-22 01:23:49,14.214,52.112,987.093,93.044,SYNTHETIC_DEMO_DATA
1419,Andaman & Nicobar,11.4611,92.54665,2025-06-22 04:18:40,8.011,46.043,1004.773,90.84,SYNTHETIC_DEMO_DATA
1420,Kerala Coast,10.15029,76.37187,2025-06-22 07:13:31,16.361,51.998,1000.629,81.954,SYNTHETIC_DEMO_DATA
1421,Lakshadweep,10.32098,72.14396,2025-06-22 10:08:22,19.729,47.278,1000.891,89.242,SYNTHETIC_DEMO_DATA
1422,Lakshadweep,10.68723,72.59232,2025-06-22 13:03:13,22.653,46.65,1008.087,78.781,SYNTHETIC_DEMO_DATA
1423,Mumbai Coast,19.18004,73.122,2025-06-22 15:58:04,19.018,47.929,1014.437,71.674,SYNTHETIC_DEMO_DATA
1424,Gujarat Coast,22.02951,69.49688,2025-06-22 18:52:55,18.061,39.522,1022.655,100.0,SYNTHETIC_DEMO_DATA
1425,Visakhapatnam,17.26756,83.36749,2025-06-22 21:47:46,15.839,32.698,1004.92,69.218,SYNTHETIC_DEMO_DATA
1426,Andaman & Nicobar,11.373,92.9402,2025-06-23 00:42:37,14.576,39.013,997.94,81.318,SYNTHETIC_DEMO_DATA
1427,Gujarat Coast,22.01592,69.58234,2025-06-23 03:37:29,15.173,41.642,1012.218,58.688,SYNTHETIC_DEMO_DATA
1428,Lakshadweep,10.66976,72.61273,2025-06-23 06:32:20,16.117,36.882,1002.481,70.148,SYNTHETIC_DEMO_DATA
1429,Visakhapatnam,17.59848,82.84211,2025-06-23 09:27:11,21.226,40.598,1014.007,82.542,SYNTHETIC_DEMO_DATA
1430,Goa Coast,15.63649,73.97401,2025-06-23 12:22:02,13.752,41.954,1011.133,71.837,SYNTHETIC_DEMO_DATA
1431,Kerala Coast,10.14509,76.2781,2025-06-23 15:16:53,15.489,57.429,1020.162,92.009,SYNTHETIC_DEMO_DATA
1432,Odisha Coast,19.78258,86.13281,2025-06-23 18:11:44,13.032,51.36,987.88,79.294,SYNTHETIC_DEMO_DATA
1433,Odisha Coast,19.77381,85.5985,2025-06-23 21:06:35,14.126,32.936,1008.446,81.379,SYNTHETIC_DEMO_DATA
1434,Mumbai Coast,19.10792,72.78072,2025-06-24 00:01:26,13.82,44.503,1019.205,87.603,SYNTHETIC_DEMO_DATA
1435,Chennai Coast,13.10099,80.41144,2025-06-24 02:56:17,20.05,55.529,1014.042,88.205,SYNTHETIC_DEMO_DATA
1436,Odisha Coast,19.96779,85.90493,2025-06-24 05:51:08,17.723,40.034,1000.333,100.0,SYNTHETIC_DEMO_DATA
1437,Kerala Coast,9.78375,76.35702,2025-06-24 08:45:59,10.126,64.538,1006.51,100.0,SYNTHETIC_DEMO_DATA
1438,Gujarat Coast,22.67362,69.67626,2025-06-24 11:40:50,11.943,28.754,1009.321,63.032,SYNTHETIC_DEMO_DATA
1439,Chennai Coast,13.12666,80.21697,2025-06-24 14:35:41,22.154,26.969,1016.653,55.014,SYNTHETIC_DEMO_DATA
1440,Lakshadweep,10.72784,72.15858,2025-06-24 17:30:32,22.321,23.084,1023.108,84.416,SYNTHETIC_DEMO_DATA
1441,Goa Coast,15.39436,73.83469,2025-06-24 20:25:23,20.655,29.119,1008.356,89.524,SYNTHETIC_DEMO_DATA
1442,Mumbai Coast,18.92526,72.82666,2025-06-24 23:20:14,21.844,47.855,1022.162,84.257,SYNTHETIC_DEMO_DATA
1443,Lakshadweep,10.56864,72.57948,2025-06-25 02:15:05,14.556,29.756,1013.665,72.177,SYNTHETIC_DEMO_DATA
1444,Kerala Coast,9.74993,76.28747,2025-06-25 05:09:56,15.246,49.355,1007.928,93.503,SYNTHETIC_DEMO_DATA
1445,Odisha Coast,19.69862,85.82727,2025-06-25 08:04:48,8.374,64.573,1015.932,87.923,SYNTHETIC_DEMO_DATA
1446,Sundarbans,21.63386,89.18634,2025-06-25 10:59:39,21.993,54.588,1004.33,90.909,SYNTHETIC_DEMO_DATA
1447,Lakshadweep,10.58555,72.4964,2025-06-25 13:54:30,15.403,36.84,1013.212,68.406,SYNTHETIC_DEMO_DATA
1448,Lakshadweep,10.65964,72.38282,2025-06-25 16:49:21,25.947,37.822,1006.487,83.141,SYNTHETIC_DEMO_DATA
1449,Goa Coast,15.54447,73.82621,2025-06-25 19:44:12,18.085,44.617,1006.753,77.979,SYNTHETIC_DEMO_DATA
1450,Odisha Coast,20.21091,85.78991,2025-06-25 22:39:03,21.153,40.039,1015.568,98.96,SYNTHETIC_DEMO_DATA
1451,Visakhapatnam,17.91985,83.65469,2025-06-26 01:33:54,20.658,58.912,1003.608,87.47,SYNTHETIC_DEMO_DATA
1452,Sundarbans,22.08581,89.21762,2025-06-26 04:28:45,25.015,49.208,1008.823,78.657,SYNTHETIC_DEMO_DATA
1453,Sundarbans,21.93237,89.45186,2025-06-26 07:23:36,15.165,47.07,1018.457,84.026,SYNTHETIC_DEMO_DATA
1454,Visakhapatnam,17.88144,83.4433,2025-06-26 10:18:27,17.524,48.027,1020.479,76.12,SYNTHETIC_DEMO_DATA
1455,Mumbai Coast,18.79917,72.81901,2025-06-26 13:13:18,20.063,50.211,1015.458,86.53,SYNTHETIC_DEMO_DATA
1456,Sundarbans,22.1299,89.14036,2025-06-26 16:08:09,14.736,72.885,1017.189,96.748,SYNTHETIC_DEMO_DATA
1457,Lakshadweep,10.66039,72.58663,2025-06-26 19:03:00,22.09,62.407,1026.566,82.622,SYNTHETIC_DEMO_DATA
1458,Kerala Coast,9.56084,76.1719,2025-06-26 21:57:51,14.005,47.702,1004.182,95.58,SYNTHETIC_DEMO_DATA
1459,Visakhapatnam,17.45304,83.20975,2025-06-27 00:52:42,13.82,41.176,1011.445,84.31,SYNTHETIC_DEMO_DATA
1460,Mumbai Coast,19.02987,72.69997,2025-06-27 03:47:33,14.827,39.406,1010.384,88.77,SYNTHETIC_DEMO_DATA
1461,Goa Coast,15.53734,74.10033,2025-06-27 06:42:24,21.074,20.762,1020.599,68.927,SYNTHETIC_DEMO_DATA
1462,Chennai Coast,13.19541,79.77385,2025-06-27 09:37:16,19.284,39.903,1002.452,67.168,SYNTHETIC_DEMO_DATA
1463,Sundarbans,21.98356,89.01162,2025-06-27 12:32:07,17.88,41.29,997.196,78.591,SYNTHETIC_DEMO_DATA
1464,Sundarbans,21.75645,89.07611,2025-06-27 15:26:58,21.343,53.717,1013.107,77.456,SYNTHETIC_DEMO_DATA
1465,Andaman & Nicobar,11.86394,92.98438,2025-06-27 18:21:49,17.53,40.496,997.549,83.362,SYNTHETIC_DEMO_DATA
1466,Odisha Coast,19.6195,86.14186,2025-06-27 21:16:40,17.192,21.443,1012.025,77.237,SYNTHETIC_DEMO_DATA
1467,Gujarat Coast,22.50309,69.67112,2025-06-28 00:11:31,12.409,50.58,1013.334,69.473,SYNTHETIC_DEMO_DATA
1468,Chennai Coast,12.86947,79.78051,2025-06-28 03:06:22,7.975,40.339,1019.267,75.507,SYNTHETIC_DEMO_DATA
1469,Goa Coast,15.67459,73.77186,2025-06-28 06:01:13,16.312,38.18,1007.605,95.233,SYNTHETIC_DEMO_DATA
1470,Sundarbans,22.18402,89.19881,2025-06-28 08:56:04,22.995,30.571,1017.185,86.862,SYNTHETIC_DEMO_DATA
1471,Andaman & Nicobar,11.74076,92.77807,2025-06-28 11:50:55,21.654,51.403,1007.339,82.794,SYNTHETIC_DEMO_DATA
1472,Gujarat Coast,22.43292,69.40669,2025-06-28 14:45:46,14.1,30.65,996.399,88.812,SYNTHETIC_DEMO_DATA
1473,Kerala Coast,9.95075,76.09145,2025-06-28 17:40:37,18.485,51.623,1017.196,87.126,SYNTHETIC_DEMO_DATA
1474,Visakhapatnam,17.89643,83.27044,2025-06-28 20:35:28,14.483,33.749,1009.554,74.392,SYNTHETIC_DEMO_DATA
1475,Lakshadweep,10.65403,72.72795,2025-06-28 23:30:19,18.419,27.304,1014.24,71.743,SYNTHETIC_DEMO_DATA
1476,Chennai Coast,13.08522,80.46553,2025-06-29 02:25:10,16.79,32.671,1004.067,80.462,SYNTHETIC_DEMO_DATA
1477,Kerala Coast,9.81459,76.65019,2025-06-29 05:20:01,12.394,63.22,995.268,97.081,SYNTHETIC_DEMO_DATA
1478,Chennai Coast,13.39974,80.23474,2025-06-29 08:14:52,27.257,42.599,1018.487,78.961,SYNTHETIC_DEMO_DATA
1479,Visakhapatnam,17.95462,83.29543,2025-06-29 11:09:44,21.565,40.628,1022.912,80.87,SYNTHETIC_DEMO_DATA
1480,Kerala Coast,10.23722,76.06293,2025-06-29 14:04:35,23.939,55.939,1014.079,91.222,SYNTHETIC_DEMO_DATA
1481,Odisha Coast,19.60986,85.88087,2025-06-29 16:59:26,23.893,56.023,1002.725,100.0,SYNTHETIC_DEMO_DATA
1482,Sundarbans,22.08742,89.08154,2025-06-29 19:54:17,20.781,42.657,1006.617,87.607,SYNTHETIC_DEMO_DATA
1483,Visakhapatnam,17.83839,83.17296,2025-06-29 22:49:08,14.583,39.721,1007.753,94.14,SYNTHETIC_DEMO_DATA
1484,Odisha Coast,19.69167,85.70335,2025-06-30 01:43:59,14.714,45.351,1008.325,90.035,SYNTHETIC_DEMO_DATA
1485,Kerala Coast,9.98491,76.3687,2025-06-30 04:38:50,7.961,69.203,1006.199,88.366,SYNTHETIC_DEMO_DATA
1486,Andaman & Nicobar,11.9596,92.96035,2025-06-30 07:33:41,22.743,47.444,1011.847,95.418,SYNTHETIC_DEMO_DATA
1487,Odisha Coast,19.51977,85.63494,2025-06-30 10:28:32,24.834,36.475,1019.804,69.159,SYNTHETIC_DEMO_DATA
1488,Sundarbans,21.69377,89.38448,2025-06-30 13:23:23,16.927,38.205,998.387,91.529,SYNTHETIC_DEMO_DATA
1489,Odisha Coast,19.47912,85.72494,2025-06-30 16:18:14,16.466,45.992,1007.111,69.982,SYNTHETIC_DEMO_DATA
1490,Mumbai Coast,19.08173,72.94415,2025-06-30 19:13:05,21.752,58.16,1018.162,92.4,SYNTHETIC_DEMO_DATA
1491,Visakhapatnam,17.67093,82.98298,2025-06-30 22:07:56,23.609,36.774,1000.904,63.382,SYNTHETIC_DEMO_DATA
1492,Kerala Coast,9.95918,76.2111,2025-07-01 01:02:47,16.172,46.382,1003.653,84.096,SYNTHETIC_DEMO_DATA
1493,Sundarbans,22.15102,89.42066,2025-07-01 03:57:38,15.684,50.971,1007.905,69.825,SYNTHETIC_DEMO_DATA
1494,Chennai Coast,13.0803,80.12028,2025-07-01 06:52:29,14.513,38.249,1008.751,96.218,SYNTHETIC_DEMO_DATA
1495,Kerala Coast,10.14155,76.75429,2025-07-01 09:47:20,19.429,38.112,1000.76,72.641,SYNTHETIC_DEMO_DATA
1496,Kerala Coast,9.92174,76.05926,2025-07-01 12:42:12,13.62,46.795,1001.884,82.651,SYNTHETIC_DEMO_DATA
1497,Mumbai Coast,18.57946,72.7012,2025-07-01 15:37:03,16.979,50.64,1025.592,78.238,SYNTHETIC_DEMO_DATA
1498,Goa Coast,15.46843,73.96617,2025-07-01 18:31:54,20.745,37.88,1006.227,82.888,SYNTHETIC_DEMO_DATA
1499,Kerala Coast,9.92356,75.9571,2025-07-01 21:26:45,24.107,47.058,1010.978,84.312,SYNTHETIC_DEMO_DATA
1500,Andaman & Nicobar,11.47184,92.57785,2025-07-02 00:21:36,5.646,55.134,1008.408,78.175,SYNTHETIC_DEMO_DATA
1501,Mumbai Coast,18.86593,72.68181,2025-07-02 03:16:27,23.278,41.994,1005.729,96.224,SYNTHETIC_DEMO_DATA
1502,Visakhapatnam,17.42698,83.66807,2025-07-02 06:11:18,8.891,32.191,1000.157,81.766,SYNTHETIC_DEMO_DATA
1503,Visakhapatnam,17.36515,82.85555,2025-07-02 09:06:09,24.267,48.673,1003.553,81.623,SYNTHETIC_DEMO_DATA
1504,Chennai Coast,13.13489,80.35764,2025-07-02 12:01:00,25.628,40.764,1012.073,77.899,SYNTHETIC_DEMO_DATA
1505,Mumbai Coast,19.25009,72.6383,2025-07-02 14:55:51,27.294,49.131,1011.746,100.0,SYNTHETIC_DEMO_DATA
1506,Visakhapatnam,17.77047,83.41156,2025-07-02 17:50:42,14.453,26.59,1009.277,80.997,SYNTHETIC_DEMO_DATA
1507,Lakshadweep,10.3789,72.71914,2025-07-02 20:45:33,20.095,35.387,1002.164,91.309,SYNTHETIC_DEMO_DATA
1508,Kerala Coast,9.74734,76.1784,2025-07-02 23:40:24,21.21,64.415,1018.559,100.0,SYNTHETIC_DEMO_DATA
1509,Andaman & Nicobar,11.27763,92.78864,2025-07-03 02:35:15,17.361,52.146,1004.698,68.934,SYNTHETIC_DEMO_DATA
1510,Gujarat Coast,22.09971,69.57216,2025-07-03 05:30:06,19.168,23.605,1007.743,72.193,SYNTHETIC_DEMO_DATA
1511,Chennai Coast,12.82732,80.12736,2025-07-03 08:24:57,19.667,36.149,1014.301,84.953,SYNTHETIC_DEMO_DATA
1512,Visakhapatnam,17.70213,83.14688,2025-07-03 11:19:48,20.225,44.929,996.119,83.822,SYNTHETIC_DEMO_DATA
1513,Goa Coast,15.21615,73.96327,2025-07-03 14:14:40,16.649,50.208,999.468,99.54,SYNTHETIC_DEMO_DATA
1514,Chennai Coast,13.13957,80.21148,2025-07-03 17:09:31,17.028,28.84,1008.938,89.306,SYNTHETIC_DEMO_DATA
1515,Visakhapatnam,17.39702,83.31402,2025-07-03 20:04:22,17.562,41.46,1016.146,79.933,SYNTHETIC_DEMO_DATA
1516,Lakshadweep,10.38201,72.55332,2025-07-03 22:59:13,21.998,31.332,1021.507,100.0,SYNTHETIC_DEMO_DATA
1517,Kerala Coast,9.81836,76.30788,2025-07-04 01:54:04,24.146,51.786,999.866,78.503,SYNTHETIC_DEMO_DATA
1518,Sundarbans,21.81423,89.31249,2025-07-04 04:48:55,17.143,45.004,1009.806,93.523,SYNTHETIC_DEMO_DATA
1519,Kerala Coast,9.794,76.12318,2025-07-04 07:43:46,21.0,49.092,1012.086,74.941,SYNTHETIC_DEMO_DATA
1520,Kerala Coast,10.10438,76.5424,2025-07-04 10:38:37,12.801,56.293,1010.63,76.831,SYNTHETIC_DEMO_DATA
1521,Andaman & Nicobar,11.48564,92.40359,2025-07-04 13:33:28,19.028,57.371,1012.177,86.478,SYNTHETIC_DEMO_DATA
1522,Goa Coast,15.4085,73.93239,2025-07-04 16:28:19,26.3,34.913,1013.747,71.093,SYNTHETIC_DEMO_DATA
1523,Odisha Coast,19.75009,85.90749,2025-07-04 19:23:10,15.548,41.187,1015.267,71.634,SYNTHETIC_DEMO_DATA
1524,Odisha Coast,19.6979,85.50018,2025-07-04 22:18:01,21.155,46.107,1006.068,87.266,SYNTHETIC_DEMO_DATA
1525,Gujarat Coast,22.3342,69.80541,2025-07-05 01:12:52,13.53,42.39,1016.466,82.779,SYNTHETIC_DEMO_DATA
1526,Sundarbans,22.06133,89.11589,2025-07-05 04:07:43,13.756,43.726,1002.27,94.013,SYNTHETIC_DEMO_DATA
1527,Chennai Coast,13.15708,80.49127,2025-07-05 07:02:34,14.355,30.457,1004.41,76.566,SYNTHETIC_DEMO_DATA
1528,Odisha Coast,19.91011,85.85458,2025-07-05 09:57:25,21.249,46.311,1002.779,73.015,SYNTHETIC_DEMO_DATA
1529,Sundarbans,21.99538,89.26278,2025-07-05 12:52:16,21.139,51.908,1001.987,68.076,SYNTHETIC_DEMO_DATA
1530,Lakshadweep,10.47248,72.85619,2025-07-05 15:47:08,9.557,43.982,998.493,68.679,SYNTHETIC_DEMO_DATA
1531,Sundarbans,22.16726,89.15137,2025-07-05 18:41:59,11.73,36.589,1001.162,80.599,SYNTHETIC_DEMO_DATA
1532,Sundarbans,21.78563,88.82923,2025-07-05 21:36:50,16.263,49.352,1013.077,94.593,SYNTHETIC_DEMO_DATA
1533,Lakshadweep,10.4956,72.55299,2025-07-06 00:31:41,17.531,29.599,1010.897,84.956,SYNTHETIC_DEMO_DATA
1534,Odisha Coast,19.70116,85.59974,2025-07-06 03:26:32,25.732,20.9,1014.806,85.231,SYNTHETIC_DEMO_DATA
1535,Andaman & Nicobar,11.72958,92.44676,2025-07-06 06:21:23,10.928,44.777,1006.412,75.162,SYNTHETIC_DEMO_DATA
1536,Sundarbans,22.05193,89.2677,2025-07-06 09:16:14,23.841,45.617,991.64,70.277,SYNTHETIC_DEMO_DATA
1537,Odisha Coast,19.70199,86.01344,2025-07-06 12:11:05,19.976,41.586,1019.16,72.868,SYNTHETIC_DEMO_DATA
1538,Odisha Coast,19.88465,85.79332,2025-07-06 15:05:56,17.864,45.391,1010.563,89.055,SYNTHETIC_DEMO_DATA
1539,Goa Coast,15.29099,74.08423,2025-07-06 18:00:47,26.37,56.029,1010.378,80.468,SYNTHETIC_DEMO_DATA
1540,Gujarat Coast,22.46222,69.30796,2025-07-06 20:55:38,14.967,41.951,1012.785,94.755,SYNTHETIC_DEMO_DATA
1541,Kerala Coast,10.0446,76.25579,2025-07-06 23:50:29,16.762,47.334,1007.974,100.0,SYNTHETIC_DEMO_DATA
1542,Visakhapatnam,17.73988,83.20542,2025-07-07 02:45:20,10.977,37.758,1017.223,65.954,SYNTHETIC_DEMO_DATA
1543,Sundarbans,21.57804,89.05738,2025-07-07 05:40:11,18.288,66.535,1015.112,71.615,SYNTHETIC_DEMO_DATA
1544,Mumbai Coast,18.55581,72.67073,2025-07-07 08:35:02,20.055,65.526,1011.649,78.495,SYNTHETIC_DEMO_DATA
1545,Visakhapatnam,17.27102,83.39877,2025-07-07 11:29:53,19.001,33.828,1007.184,80.046,SYNTHETIC_DEMO_DATA
1546,Mumbai Coast,19.38285,72.86392,2025-07-07 14:24:44,16.902,45.668,1009.488,87.291,SYNTHETIC_DEMO_DATA
1547,Gujarat Coast,22.43824,69.87535,2025-07-07 17:19:35,14.42,22.119,1018.9,91.345,SYNTHETIC_DEMO_DATA
1548,Andaman & Nicobar,11.91313,92.53925,2025-07-07 20:14:27,12.111,40.543,1017.949,85.382,SYNTHETIC_DEMO_DATA
1549,Kerala Coast,10.12053,76.15522,2025-07-07 23:09:18,11.326,34.165,1005.135,83.181,SYNTHETIC_DEMO_DATA
1550,Sundarbans,21.64693,89.32729,2025-07-08 02:04:09,25.39,38.353,1023.311,88.376,SYNTHETIC_DEMO_DATA
1551,Visakhapatnam,17.25559,83.08486,2025-07-08 04:59:00,18.487,32.939,1003.063,73.622,SYNTHETIC_DEMO_DATA
1552,Andaman & Nicobar,11.5866,92.45824,2025-07-08 07:53:51,11.976,54.344,1015.581,100.0,SYNTHETIC_DEMO_DATA
1553,Mumbai Coast,18.77151,72.85128,2025-07-08 10:48:42,12.777,39.664,1013.202,89.327,SYNTHETIC_DEMO_DATA
1554,Gujarat Coast,22.53476,69.21362,2025-07-08 13:43:33,18.705,50.559,1005.813,95.479,SYNTHETIC_DEMO_DATA
1555,Kerala Coast,10.1506,76.13414,2025-07-08 16:38:24,17.485,49.698,1011.585,100.0,SYNTHETIC_DEMO_DATA
1556,Odisha Coast,19.89876,86.09376,2025-07-08 19:33:15,19.403,49.578,994.094,97.036,SYNTHETIC_DEMO_DATA
1557,Andaman & Nicobar,12.08265,92.57815,2025-07-08 22:28:06,24.295,22.825,1014.16,50.916,SYNTHETIC_DEMO_DATA
1558,Goa Coast,15.77396,74.09888,2025-07-09 01:22:57,16.585,39.07,1015.049,97.159,SYNTHETIC_DEMO_DATA
1559,Lakshadweep,10.637,72.40051,2025-07-09 04:17:48,15.987,31.861,1012.031,61.782,SYNTHETIC_DEMO_DATA
1560,Andaman & Nicobar,11.62572,92.69116,2025-07-09 07:12:39,12.631,32.403,1001.311,77.05,SYNTHETIC_DEMO_DATA
1561,Visakhapatnam,17.67209,83.32998,2025-07-09 10:07:30,15.867,37.203,1018.207,54.683,SYNTHETIC_DEMO_DATA
1562,Visakhapatnam,17.5558,83.0695,2025-07-09 13:02:21,19.81,41.782,1008.087,78.29,SYNTHETIC_DEMO_DATA
1563,Visakhapatnam,17.85188,83.21554,2025-07-09 15:57:12,17.271,40.287,1014.369,71.796,SYNTHETIC_DEMO_DATA
1564,Lakshadweep,10.81571,72.64213,2025-07-09 18:52:03,23.912,45.149,1001.011,100.0,SYNTHETIC_DEMO_DATA
1565,Mumbai Coast,19.03213,72.73849,2025-07-09 21:46:55,22.634,40.659,1007.329,80.166,SYNTHETIC_DEMO_DATA
1566,Kerala Coast,9.83605,76.16938,2025-07-10 00:41:46,29.718,45.493,1006.192,96.197,SYNTHETIC_DEMO_DATA
1567,Lakshadweep,10.61984,72.82629,2025-07-10 03:36:37,15.545,47.902,1007.937,70.641,SYNTHETIC_DEMO_DATA
1568,Gujarat Coast,22.31991,69.76709,2025-07-10 06:31:28,22.219,36.267,1009.228,84.438,SYNTHETIC_DEMO_DATA
1569,Lakshadweep,10.48084,72.49082,2025-07-10 09:26:19,23.914,35.462,1012.889,70.197,SYNTHETIC_DEMO_DATA
1570,Lakshadweep,10.76559,72.92602,2025-07-10 12:21:10,17.539,50.459,1002.065,81.553,SYNTHETIC_DEMO_DATA
1571,Sundarbans,21.99305,89.21364,2025-07-10 15:16:01,11.083,37.881,1009.021,62.56,SYNTHETIC_DEMO_DATA
1572,Chennai Coast,12.45963,80.4476,2025-07-10 18:10:52,25.007,41.922,1026.103,93.71,SYNTHETIC_DEMO_DATA
1573,Goa Coast,15.51935,73.7999,2025-07-10 21:05:43,14.192,49.22,990.218,51.167,SYNTHETIC_DEMO_DATA
1574,Andaman & Nicobar,11.65179,92.55168,2025-07-11 00:00:34,16.572,33.277,1013.469,71.856,SYNTHETIC_DEMO_DATA
1575,Odisha Coast,20.15647,85.70467,2025-07-11 02:55:25,14.861,47.632,1010.342,72.563,SYNTHETIC_DEMO_DATA
1576,Chennai Coast,13.4521,79.74762,2025-07-11 05:50:16,18.319,31.752,1009.429,91.214,SYNTHETIC_DEMO_DATA
1577,Mumbai Coast,19.08462,73.09361,2025-07-11 08:45:07,22.596,37.591,1014.539,83.556,SYNTHETIC_DEMO_DATA
1578,Goa Coast,15.39756,73.96049,2025-07-11 11:39:58,14.793,44.124,1018.944,91.864,SYNTHETIC_DEMO_DATA
1579,Odisha Coast,19.89241,85.47797,2025-07-11 14:34:49,19.527,42.355,997.271,87.306,SYNTHETIC_DEMO_DATA
1580,Gujarat Coast,22.36335,69.69834,2025-07-11 17:29:40,15.034,33.392,1012.151,81.176,SYNTHETIC_DEMO_DATA
1581,Visakhapatnam,17.54668,83.61467,2025-07-11 20:24:31,19.713,39.81,1009.063,85.143,SYNTHETIC_DEMO_DATA
1582,Visakhapatnam,17.75988,83.18507,2025-07-11 23:19:23,22.55,38.874,1021.687,78.701,SYNTHETIC_DEMO_DATA
1583,Mumbai Coast,19.12159,72.7106,2025-07-12 02:14:14,14.595,41.277,1016.065,81.479,SYNTHETIC_DEMO_DATA
1584,Kerala Coast,10.24275,76.52321,2025-07-12 05:09:05,14.843,55.817,1013.347,76.687,SYNTHETIC_DEMO_DATA
1585,Gujarat Coast,22.29915,69.78477,2025-07-12 08:03:56,13.327,43.995,1010.934,65.894,SYNTHETIC_DEMO_DATA
1586,Chennai Coast,13.09364,79.95511,2025-07-12 10:58:47,18.299,29.186,1005.516,56.302,SYNTHETIC_DEMO_DATA
1587,Andaman & Nicobar,11.72367,92.56592,2025-07-12 13:53:38,14.535,40.736,998.672,87.694,SYNTHETIC_DEMO_DATA
1588,Sundarbans,22.11721,89.38415,2025-07-12 16:48:29,8.474,45.02,1006.328,90.887,SYNTHETIC_DEMO_DATA
1589,Andaman & Nicobar,11.8811,92.65981,2025-07-12 19:43:20,15.338,69.335,1009.956,85.613,SYNTHETIC_DEMO_DATA
1590,Sundarbans,21.92114,89.48216,2025-07-12 22:38:11,21.229,50.653,1002.058,100.0,SYNTHETIC_DEMO_DATA
1591,Goa Coast,15.63506,73.52655,2025-07-13 01:33:02,15.27,33.564,1020.505,73.106,SYNTHETIC_DEMO_DATA
1592,Chennai Coast,13.03298,80.50319,2025-07-13 04:27:53,22.132,33.917,1001.666,62.439,SYNTHETIC_DEMO_DATA
1593,Chennai Coast,12.74219,80.02998,2025-07-13 07:22:44,16.356,27.979,1008.487,88.738,SYNTHETIC_DEMO_DATA
1594,Sundarbans,21.85707,89.22806,2025-07-13 10:17:35,9.846,34.334,1023.775,87.985,SYNTHETIC_DEMO_DATA
1595,Goa Coast,15.51037,73.87818,2025-07-13 13:12:26,17.328,42.384,998.036,100.0,SYNTHETIC_DEMO_DATA
1596,Odisha Coast,20.08203,85.78595,2025-07-13 16:07:17,25.242,42.532,1025.422,79.194,SYNTHETIC_DEMO_DATA
1597,Gujarat Coast,22.7136,69.33386,2025-07-13 19:02:08,14.045,36.88,1003.046,63.654,SYNTHETIC_DEMO_DATA
1598,Goa Coast,15.69931,73.80594,2025-07-13 21:56:59,22.136,48.448,1007.566,79.814,SYNTHETIC_DEMO_DATA
1599,Andaman & Nicobar,11.9218,92.95253,2025-07-14 00:51:51,22.614,47.31,1000.894,73.131,SYNTHETIC_DEMO_DATA
1600,Goa Coast,15.40205,73.87051,2025-07-14 03:46:42,9.926,46.735,990.866,71.734,SYNTHETIC_DEMO_DATA
1601,Chennai Coast,13.14358,80.11445,2025-07-14 06:41:33,22.555,34.244,1021.481,80.489,SYNTHETIC_DEMO_DATA
1602,Goa Coast,15.56414,73.60463,2025-07-14 09:36:24,18.837,42.726,1004.655,73.328,SYNTHETIC_DEMO_DATA
1603,Andaman & Nicobar,11.99415,92.62647,2025-07-14 12:31:15,17.655,42.178,1009.963,73.28,SYNTHETIC_DEMO_DATA
1604,Chennai Coast,13.01654,80.22046,2025-07-14 15:26:06,11.998,41.979,1010.823,81.172,SYNTHETIC_DEMO_DATA
1605,Odisha Coast,20.00728,85.49221,2025-07-14 18:20:57,16.515,39.66,1013.209,78.015,SYNTHETIC_DEMO_DATA
1606,Andaman & Nicobar,11.70843,92.66519,2025-07-14 21:15:48,19.963,41.004,1015.938,86.466,SYNTHETIC_DEMO_DATA
1607,Odisha Coast,19.58724,85.91278,2025-07-15 00:10:39,9.254,51.794,993.68,75.51,SYNTHETIC_DEMO_DATA
1608,Mumbai Coast,19.07422,72.68468,2025-07-15 03:05:30,21.073,57.173,1003.865,84.755,SYNTHETIC_DEMO_DATA
1609,Visakhapatnam,17.86922,83.49168,2025-07-15 06:00:21,11.526,38.749,1003.213,83.4,SYNTHETIC_DEMO_DATA
1610,Odisha Coast,19.86666,85.96594,2025-07-15 08:55:12,16.467,42.511,1002.969,86.445,SYNTHETIC_DEMO_DATA
1611,Goa Coast,15.38634,73.88035,2025-07-15 11:50:03,16.993,46.422,997.767,88.487,SYNTHETIC_DEMO_DATA
1612,Odisha Coast,19.91157,85.83816,2025-07-15 14:44:54,15.482,45.884,1000.109,100.0,SYNTHETIC_DEMO_DATA
1613,Gujarat Coast,22.29726,69.06303,2025-07-15 17:39:45,16.775,27.863,997.64,61.177,SYNTHETIC_DEMO_DATA
1614,Gujarat Coast,22.39244,69.53478,2025-07-15 20:34:36,12.885,41.906,1008.388,82.804,SYNTHETIC_DEMO_DATA
1615,Sundarbans,22.41389,88.99432,2025-07-15 23:29:27,10.517,45.485,1007.19,82.739,SYNTHETIC_DEMO_DATA
1616,Odisha Coast,19.77788,86.11292,2025-07-16 02:24:19,8.307,33.959,1015.917,74.917,SYNTHETIC_DEMO_DATA
1617,Goa Coast,15.33169,74.24061,2025-07-16 05:19:10,14.046,43.862,1008.648,72.529,SYNTHETIC_DEMO_DATA
1618,Mumbai Coast,18.88334,73.11445,2025-07-16 08:14:01,11.521,41.985,1011.63,84.231,SYNTHETIC_DEMO_DATA
1619,Odisha Coast,19.70609,86.2516,2025-07-16 11:08:52,19.209,40.195,1004.282,69.568,SYNTHETIC_DEMO_DATA
1620,Lakshadweep,10.54632,72.59179,2025-07-16 14:03:43,10.393,32.251,1026.696,83.882,SYNTHETIC_DEMO_DATA
1621,Visakhapatnam,17.8702,83.51472,2025-07-16 16:58:34,16.345,50.197,1002.709,71.127,SYNTHETIC_DEMO_DATA
1622,Sundarbans,21.90027,89.04177,2025-07-16 19:53:25,18.666,52.356,1012.148,78.494,SYNTHETIC_DEMO_DATA
1623,Lakshadweep,10.38297,72.36276,2025-07-16 22:48:16,13.951,31.394,1009.023,70.277,SYNTHETIC_DEMO_DATA
1624,Sundarbans,21.86248,88.95298,2025-07-17 01:43:07,19.495,58.868,1014.288,78.952,SYNTHETIC_DEMO_DATA
1625,Mumbai Coast,19.06509,72.61082,2025-07-17 04:37:58,21.781,42.729,1012.495,83.059,SYNTHETIC_DEMO_DATA
1626,Lakshadweep,10.8872,72.41706,2025-07-17 07:32:49,17.741,27.688,1002.405,65.774,SYNTHETIC_DEMO_DATA
1627,Mumbai Coast,18.68446,72.60792,2025-07-17 10:27:40,10.891,45.851,998.444,78.416,SYNTHETIC_DEMO_DATA
1628,Mumbai Coast,19.19933,72.62055,2025-07-17 13:22:31,21.471,56.311,993.138,79.876,SYNTHETIC_DEMO_DATA
1629,Chennai Coast,12.90016,80.40352,2025-07-17 16:17:22,22.018,50.324,1009.636,78.713,SYNTHETIC_DEMO_DATA
1630,Odisha Coast,19.66889,85.65492,2025-07-17 19:12:13,19.142,51.276,1004.926,87.416,SYNTHETIC_DEMO_DATA
1631,Mumbai Coast,18.86184,72.7252,2025-07-17 22:07:04,16.361,45.637,1020.877,80.907,SYNTHETIC_DEMO_DATA
1632,Andaman & Nicobar,11.68076,92.66899,2025-07-18 01:01:55,16.541,37.781,1012.715,67.207,SYNTHETIC_DEMO_DATA
1633,Sundarbans,21.92981,89.23465,2025-07-18 03:56:47,16.761,35.316,1012.781,70.512,SYNTHETIC_DEMO_DATA
1634,Andaman & Nicobar,11.60215,92.53365,2025-07-18 06:51:38,7.992,56.931,994.103,89.009,SYNTHETIC_DEMO_DATA
1635,Kerala Coast,9.88289,76.14652,2025-07-18 09:46:29,15.509,42.496,1012.207,71.954,SYNTHETIC_DEMO_DATA
1636,Mumbai Coast,18.90036,72.70474,2025-07-18 12:41:20,10.07,43.813,1014.124,90.064,SYNTHETIC_DEMO_DATA
1637,Odisha Coast,19.91676,85.92497,2025-07-18 15:36:11,20.782,44.278,1007.214,70.931,SYNTHETIC_DEMO_DATA
1638,Gujarat Coast,22.12414,69.62005,2025-07-18 18:31:02,23.368,30.863,1008.671,79.181,SYNTHETIC_DEMO_DATA
1639,Odisha Coast,19.73429,85.79105,2025-07-18 21:25:53,12.236,39.609,1004.932,88.766,SYNTHETIC_DEMO_DATA
1640,Visakhapatnam,17.8151,83.24586,2025-07-19 00:20:44,8.629,50.972,999.025,79.17,SYNTHETIC_DEMO_DATA
1641,Goa Coast,15.25298,74.14777,2025-07-19 03:15:35,21.101,43.952,1009.965,99.838,SYNTHETIC_DEMO_DATA
1642,Sundarbans,22.36897,89.17711,2025-07-19 06:10:26,17.625,51.565,1008.63,100.0,SYNTHETIC_DEMO_DATA
1643,Kerala Coast,9.68834,76.40447,2025-07-19 09:05:17,24.076,54.389,997.119,84.753,SYNTHETIC_DEMO_DATA
1644,Mumbai Coast,18.67997,72.90273,2025-07-19 12:00:08,15.52,35.93,997.257,81.658,SYNTHETIC_DEMO_DATA
1645,Odisha Coast,19.70622,86.01506,2025-07-19 14:54:59,12.739,38.062,1019.775,85.839,SYNTHETIC_DEMO_DATA
1646,Visakhapatnam,17.77053,83.34439,2025-07-19 17:49:50,21.349,32.308,1007.66,100.0,SYNTHETIC_DEMO_DATA
1647,Chennai Coast,13.23527,79.62265,2025-07-19 20:44:41,14.124,36.451,1006.061,77.712,SYNTHETIC_DEMO_DATA
1648,Gujarat Coast,22.2106,69.62685,2025-07-19 23:39:32,19.17,27.176,992.572,77.951,SYNTHETIC_DEMO_DATA
1649,Lakshadweep,10.72841,72.73466,2025-07-20 02:34:23,11.573,40.108,1010.475,66.301,SYNTHETIC_DEMO_DATA
1650,Andaman & Nicobar,11.66917,92.69488,2025-07-20 05:29:14,16.406,41.09,999.211,98.833,SYNTHETIC_DEMO_DATA
1651,Odisha Coast,20.07845,86.08749,2025-07-20 08:24:06,14.872,53.768,1006.482,59.348,SYNTHETIC_DEMO_DATA
1652,Sundarbans,22.16867,89.25563,2025-07-20 11:18:57,18.568,53.621,1011.598,100.0,SYNTHETIC_DEMO_DATA
1653,Sundarbans,21.88933,89.09714,2025-07-20 14:13:48,16.773,38.983,1004.697,97.028,SYNTHETIC_DEMO_DATA
1654,Mumbai Coast,18.91427,72.84408,2025-07-20 17:08:39,6.704,34.95,994.411,80.201,SYNTHETIC_DEMO_DATA
1655,Odisha Coast,19.84577,85.76274,2025-07-20 20:03:30,21.183,52.389,1016.635,87.572,SYNTHETIC_DEMO_DATA
1656,Visakhapatnam,17.59114,83.25727,2025-07-20 22:58:21,13.867,50.8,1018.471,77.614,SYNTHETIC_DEMO_DATA
1657,Andaman & Nicobar,11.41583,93.00246,2025-07-21 01:53:12,14.552,39.916,1000.561,98.394,SYNTHETIC_DEMO_DATA
1658,Andaman & Nicobar,11.53983,92.63343,2025-07-21 04:48:03,11.128,35.764,1017.991,100.0,SYNTHETIC_DEMO_DATA
1659,Andaman & Nicobar,11.47665,92.63748,2025-07-21 07:42:54,11.246,57.159,1009.599,93.311,SYNTHETIC_DEMO_DATA
1660,Visakhapatnam,17.77959,83.49621,2025-07-21 10:37:45,9.779,38.847,1001.586,84.367,SYNTHETIC_DEMO_DATA
1661,Gujarat Coast,22.31245,69.57035,2025-07-21 13:32:36,20.381,37.721,1022.289,75.157,SYNTHETIC_DEMO_DATA
1662,Gujarat Coast,22.41021,69.49063,2025-07-21 16:27:27,16.928,13.64,1012.692,74.653,SYNTHETIC_DEMO_DATA
1663,Odisha Coast,19.54279,85.83563,2025-07-21 19:22:18,24.293,51.033,1023.029,100.0,SYNTHETIC_DEMO_DATA
1664,Mumbai Coast,19.1101,72.97859,2025-07-21 22:17:09,20.767,35.897,1017.714,84.528,SYNTHETIC_DEMO_DATA
1665,Mumbai Coast,19.08841,73.11446,2025-07-22 01:12:00,15.219,35.76,1025.73,72.024,SYNTHETIC_DEMO_DATA
1666,Chennai Coast,13.58357,80.12769,2025-07-22 04:06:51,23.888,26.256,1009.494,81.964,SYNTHETIC_DEMO_DATA
1667,Goa Coast,15.5355,74.09791,2025-07-22 07:01:42,13.883,47.336,1010.408,68.815,SYNTHETIC_DEMO_DATA
1668,Gujarat Coast,22.57436,69.23686,2025-07-22 09:56:34,14.459,41.172,1012.73,88.386,SYNTHETIC_DEMO_DATA
1669,Mumbai Coast,19.01091,72.69723,2025-07-22 12:51:25,21.435,48.243,1009.025,100.0,SYNTHETIC_DEMO_DATA
1670,Goa Coast,15.39126,73.7643,2025-07-22 15:46:16,12.028,36.415,1007.198,85.222,SYNTHETIC_DEMO_DATA
1671,Goa Coast,15.54493,73.6728,2025-07-22 18:41:07,15.959,40.835,997.439,87.717,SYNTHETIC_DEMO_DATA
1672,Mumbai Coast,18.48201,72.95868,2025-07-22 21:35:58,19.343,42.732,1021.195,70.526,SYNTHETIC_DEMO_DATA
1673,Visakhapatnam,17.69444,82.97986,2025-07-23 00:30:49,22.188,34.667,1003.085,85.594,SYNTHETIC_DEMO_DATA
1674,Goa Coast,15.35678,74.00055,2025-07-23 03:25:40,13.924,47.632,1004.298,84.895,SYNTHETIC_DEMO_DATA
1675,Goa Coast,15.17256,73.68969,2025-07-23 06:20:31,19.444,39.944,991.958,97.831,SYNTHETIC_DEMO_DATA
1676,Lakshadweep,10.58466,72.46957,2025-07-23 09:15:22,20.359,33.377,1013.215,90.355,SYNTHETIC_DEMO_DATA
1677,Odisha Coast,19.81423,85.81783,2025-07-23 12:10:13,20.17,40.693,1007.33,81.257,SYNTHETIC_DEMO_DATA
1678,Kerala Coast,9.81158,76.01292,2025-07-23 15:05:04,7.414,51.18,1004.162,70.522,SYNTHETIC_DEMO_DATA
1679,Lakshadweep,10.32591,72.50601,2025-07-23 17:59:55,8.854,37.566,1005.649,78.896,SYNTHETIC_DEMO_DATA
1680,Mumbai Coast,19.1608,73.0349,2025-07-23 20:54:46,14.41,38.775,1008.81,73.221,SYNTHETIC_DEMO_DATA
1681,Lakshadweep,10.77926,72.73407,2025-07-23 23:49:37,21.84,36.314,1002.618,72.789,SYNTHETIC_DEMO_DATA
1682,Sundarbans,21.74259,89.17826,2025-07-24 02:44:28,17.261,49.772,999.26,85.371,SYNTHETIC_DEMO_DATA
1683,Sundarbans,21.78622,89.57101,2025-07-24 05:39:19,5.287,39.816,1015.32,73.877,SYNTHETIC_DEMO_DATA
1684,Goa Coast,15.58267,73.80792,2025-07-24 08:34:10,15.839,45.527,995.659,82.823,SYNTHETIC_DEMO_DATA
1685,Chennai Coast,13.22994,80.17877,2025-07-24 11:29:02,18.283,46.469,1008.746,81.433,SYNTHETIC_DEMO_DATA
1686,Mumbai Coast,19.10115,72.90195,2025-07-24 14:23:53,15.636,53.399,994.585,89.681,SYNTHETIC_DEMO_DATA
1687,Kerala Coast,9.68912,76.53239,2025-07-24 17:18:44,4.892,47.6,1012.529,78.692,SYNTHETIC_DEMO_DATA
1688,Kerala Coast,9.84597,76.28169,2025-07-24 20:13:35,12.68,42.165,988.394,88.02,SYNTHETIC_DEMO_DATA
1689,Lakshadweep,10.46771,72.67206,2025-07-24 23:08:26,12.775,49.264,1011.979,77.577,SYNTHETIC_DEMO_DATA
1690,Sundarbans,21.92081,89.29929,2025-07-25 02:03:17,21.229,57.792,996.418,85.05,SYNTHETIC_DEMO_DATA
1691,Goa Coast,15.77392,73.94569,2025-07-25 04:58:08,9.552,31.076,1007.379,81.284,SYNTHETIC_DEMO_DATA
1692,Andaman & Nicobar,11.99612,92.66255,2025-07-25 07:52:59,6.658,39.689,1012.492,82.265,SYNTHETIC_DEMO_DATA
1693,Gujarat Coast,22.26194,69.60945,2025-07-25 10:47:50,17.693,39.077,1011.343,72.278,SYNTHETIC_DEMO_DATA
1694,Chennai Coast,13.08389,80.25972,2025-07-25 13:42:41,13.646,44.028,1033.065,66.422,SYNTHETIC_DEMO_DATA
1695,Odisha Coast,19.68544,85.67057,2025-07-25 16:37:32,18.522,37.295,1009.19,81.639,SYNTHETIC_DEMO_DATA
1696,Gujarat Coast,22.15834,69.48989,2025-07-25 19:32:23,15.159,20.574,1015.649,84.747,SYNTHETIC_DEMO_DATA
1697,Kerala Coast,10.11617,76.4257,2025-07-25 22:27:14,23.131,52.744,1003.257,86.069,SYNTHETIC_DEMO_DATA
1698,Odisha Coast,19.55582,85.9029,2025-07-26 01:22:05,15.975,38.42,1004.88,71.056,SYNTHETIC_DEMO_DATA
1699,Chennai Coast,12.95316,80.29154,2025-07-26 04:16:56,17.742,37.947,1011.638,69.026,SYNTHETIC_DEMO_DATA
1700,Lakshadweep,10.54004,72.62071,2025-07-26 07:11:47,20.238,40.744,1019.726,85.066,SYNTHETIC_DEMO_DATA
1701,Visakhapatnam,17.80103,83.13039,2025-07-26 10:06:38,13.715,31.976,1004.164,66.466,SYNTHETIC_DEMO_DATA
1702,Odisha Coast,20.00437,85.79996,2025-07-26 13:01:30,13.391,25.757,1010.997,91.431,SYNTHETIC_DEMO_DATA
1703,Gujarat Coast,22.45898,69.52354,2025-07-26 15:56:21,15.165,26.348,1006.68,82.968,SYNTHETIC_DEMO_DATA
1704,Odisha Coast,19.94096,85.88553,2025-07-26 18:51:12,16.531,47.578,1014.509,91.632,SYNTHETIC_DEMO_DATA
1705,Lakshadweep,10.43403,72.54484,2025-07-26 21:46:03,10.358,47.185,995.589,56.466,SYNTHETIC_DEMO_DATA
1706,Andaman & Nicobar,11.48434,92.91177,2025-07-27 00:40:54,20.899,36.191,1008.265,82.552,SYNTHETIC_DEMO_DATA
1707,Lakshadweep,10.64502,72.62431,2025-07-27 03:35:45,24.416,39.5,1002.406,80.328,SYNTHETIC_DEMO_DATA
1708,Lakshadweep,10.75047,72.61922,2025-07-27 06:30:36,5.361,32.584,1006.296,71.957,SYNTHETIC_DEMO_DATA
1709,Visakhapatnam,17.39887,83.40426,2025-07-27 09:25:27,20.141,45.417,1002.417,70.505,SYNTHETIC_DEMO_DATA
1710,Visakhapatnam,17.41832,82.9848,2025-07-27 12:20:18,18.36,42.368,1017.706,61.746,SYNTHETIC_DEMO_DATA
1711,Chennai Coast,13.50655,79.99867,2025-07-27 15:15:09,16.049,39.648,1008.038,72.437,SYNTHETIC_DEMO_DATA
1712,Kerala Coast,10.1014,76.45807,2025-07-27 18:10:00,25.022,51.527,1012.488,78.484,SYNTHETIC_DEMO_DATA
1713,Andaman & Nicobar,11.96356,92.84646,2025-07-27 21:04:51,17.462,57.023,1006.358,100.0,SYNTHETIC_DEMO_DATA
1714,Goa Coast,15.47329,73.72515,2025-07-27 23:59:42,22.052,35.331,1011.074,89.317,SYNTHETIC_DEMO_DATA
1715,Gujarat Coast,22.37529,69.67912,2025-07-28 02:54:33,15.875,34.715,997.633,65.544,SYNTHETIC_DEMO_DATA
1716,Andaman & Nicobar,11.95298,92.94779,2025-07-28 05:49:24,19.004,33.095,1008.489,83.682,SYNTHETIC_DEMO_DATA
1717,Gujarat Coast,22.10409,69.49611,2025-07-28 08:44:15,30.889,41.161,1011.132,69.905,SYNTHETIC_DEMO_DATA
1718,Chennai Coast,12.83794,80.1396,2025-07-28 11:39:06,20.512,40.462,1008.617,71.508,SYNTHETIC_DEMO_DATA
1719,Kerala Coast,9.80614,76.20137,2025-07-28 14:33:58,17.224,51.953,999.906,85.256,SYNTHETIC_DEMO_DATA
1720,Mumbai Coast,18.81194,72.56841,2025-07-28 17:28:49,20.44,38.971,1020.255,90.551,SYNTHETIC_DEMO_DATA
1721,Sundarbans,22.09497,88.78066,2025-07-28 20:23:40,20.094,36.201,1018.83,80.941,SYNTHETIC_DEMO_DATA
1722,Goa Coast,15.44767,73.41725,2025-07-28 23:18:31,19.977,42.667,1008.124,73.279,SYNTHETIC_DEMO_DATA
1723,Gujarat Coast,22.41462,69.60982,2025-07-29 02:13:22,27.7,39.951,1010.553,82.276,SYNTHETIC_DEMO_DATA
1724,Goa Coast,15.88915,74.10259,2025-07-29 05:08:13,21.21,51.989,1003.075,75.999,SYNTHETIC_DEMO_DATA
1725,Mumbai Coast,18.80688,72.60488,2025-07-29 08:03:04,9.758,41.032,999.476,70.043,SYNTHETIC_DEMO_DATA
1726,Goa Coast,15.2949,74.03703,2025-07-29 10:57:55,16.908,38.724,1002.903,73.448,SYNTHETIC_DEMO_DATA
1727,Lakshadweep,10.8557,72.63665,2025-07-29 13:52:46,22.49,41.412,989.104,95.964,SYNTHETIC_DEMO_DATA
1728,Mumbai Coast,18.72956,72.79949,2025-07-29 16:47:37,15.935,54.254,1003.795,98.946,SYNTHETIC_DEMO_DATA
1729,Kerala Coast,9.89123,75.76205,2025-07-29 19:42:28,23.22,46.341,1004.198,70.475,SYNTHETIC_DEMO_DATA
1730,Odisha Coast,19.69128,85.6455,2025-07-29 22:37:19,17.96,36.941,1003.282,81.157,SYNTHETIC_DEMO_DATA
1731,Goa Coast,15.6537,74.04734,2025-07-30 01:32:10,20.516,38.829,1012.947,77.253,SYNTHETIC_DEMO_DATA
1732,Lakshadweep,10.66735,72.5542,2025-07-30 04:27:01,14.81,51.592,1008.363,100.0,SYNTHETIC_DEMO_DATA
1733,Gujarat Coast,22.30646,69.43398,2025-07-30 07:21:52,18.086,22.624,1002.236,82.489,SYNTHETIC_DEMO_DATA
1734,Andaman & Nicobar,11.47634,92.43843,2025-07-30 10:16:43,20.803,41.61,1006.634,78.422,SYNTHETIC_DEMO_DATA
1735,Andaman & Nicobar,12.09547,92.59171,2025-07-30 13:11:34,11.394,48.194,1020.563,100.0,SYNTHETIC_DEMO_DATA
1736,Goa Coast,15.79814,73.69346,2025-07-30 16:06:25,20.511,48.406,1000.247,77.192,SYNTHETIC_DEMO_DATA
1737,Mumbai Coast,19.1501,72.97574,2025-07-30 19:01:17,11.972,34.979,1014.765,66.652,SYNTHETIC_DEMO_DATA
1738,Sundarbans,22.01284,89.3917,2025-07-30 21:56:08,17.423,61.166,1012.376,88.739,SYNTHETIC_DEMO_DATA
1739,Sundarbans,21.99405,89.34105,2025-07-31 00:50:59,18.658,44.335,1018.258,79.321,SYNTHETIC_DEMO_DATA
1740,Visakhapatnam,18.14153,83.45825,2025-07-31 03:45:50,13.058,52.145,993.228,81.521,SYNTHETIC_DEMO_DATA
1741,Kerala Coast,10.20969,76.53985,2025-07-31 06:40:41,18.728,52.653,1018.557,66.257,SYNTHETIC_DEMO_DATA
1742,Goa Coast,15.16255,73.95543,2025-07-31 09:35:32,20.857,47.371,999.082,94.044,SYNTHETIC_DEMO_DATA
1743,Kerala Coast,9.71037,76.24786,2025-07-31 12:30:23,12.387,50.342,1012.445,82.716,SYNTHETIC_DEMO_DATA
1744,Sundarbans,21.67477,89.10694,2025-07-31 15:25:14,20.048,59.042,1013.541,100.0,SYNTHETIC_DEMO_DATA
1745,Visakhapatnam,17.68596,83.15723,2025-07-31 18:20:05,16.587,42.736,1006.776,100.0,SYNTHETIC_DEMO_DATA
1746,Lakshadweep,10.28367,72.75805,2025-07-31 21:14:56,13.791,30.875,1010.011,74.933,SYNTHETIC_DEMO_DATA
1747,Lakshadweep,10.71322,72.48297,2025-08-01 00:09:47,15.52,39.78,1006.555,95.627,SYNTHETIC_DEMO_DATA
1748,Chennai Coast,13.10021,80.37159,2025-08-01 03:04:38,14.181,25.579,996.427,76.42,SYNTHETIC_DEMO_DATA
1749,Andaman & Nicobar,11.64678,92.74647,2025-08-01 05:59:29,7.398,43.001,1008.438,73.129,SYNTHETIC_DEMO_DATA
1750,Goa Coast,15.3288,73.70802,2025-08-01 08:54:20,20.494,38.355,1009.395,93.64,SYNTHETIC_DEMO_DATA
1751,Lakshadweep,10.32568,72.64485,2025-08-01 11:49:11,17.081,42.695,1007.126,83.002,SYNTHETIC_DEMO_DATA
1752,Andaman & Nicobar,11.87866,92.56498,2025-08-01 14:44:02,16.875,44.695,1007.239,85.688,SYNTHETIC_DEMO_DATA
1753,Gujarat Coast,22.10488,69.7063,2025-08-01 17:38:53,18.059,39.639,1009.076,83.556,SYNTHETIC_DEMO_DATA
1754,Chennai Coast,13.16417,80.42616,2025-08-01 20:33:45,22.059,36.705,1007.421,73.446,SYNTHETIC_DEMO_DATA
1755,Gujarat Coast,22.28604,69.87528,2025-08-01 23:28:36,18.854,33.01,1007.889,100.0,SYNTHETIC_DEMO_DATA
1756,Chennai Coast,12.88818,80.56091,2025-08-02 02:23:27,17.743,35.825,1000.615,87.7,SYNTHETIC_DEMO_DATA
1757,Chennai Coast,12.99734,80.40805,2025-08-02 05:18:18,12.188,49.055,1003.183,88.489,SYNTHETIC_DEMO_DATA
1758,Gujarat Coast,21.96833,69.91149,2025-08-02 08:13:09,10.195,32.775,992.571,77.612,SYNTHETIC_DEMO_DATA
1759,Mumbai Coast,18.45987,72.79965,2025-08-02 11:08:00,18.87,45.201,1001.975,96.446,SYNTHETIC_DEMO_DATA
1760,Mumbai Coast,18.63757,72.85827,2025-08-02 14:02:51,14.406,33.207,1027.341,85.92,SYNTHETIC_DEMO_DATA
1761,Chennai Coast,12.84044,80.11104,2025-08-02 16:57:42,19.945,43.024,1019.313,98.391,SYNTHETIC_DEMO_DATA
1762,Kerala Coast,10.23804,76.21688,2025-08-02 19:52:33,16.181,47.764,1005.737,89.779,SYNTHETIC_DEMO_DATA
1763,Sundarbans,21.93546,89.27672,2025-08-02 22:47:24,15.721,62.298,1014.146,91.37,SYNTHETIC_DEMO_DATA
1764,Gujarat Coast,22.19658,69.59758,2025-08-03 01:42:15,18.667,27.539,1003.453,67.433,SYNTHETIC_DEMO_DATA
1765,Mumbai Coast,18.93473,73.22939,2025-08-03 04:37:06,10.513,43.294,1024.759,90.748,SYNTHETIC_DEMO_DATA
1766,Lakshadweep,10.51641,72.74186,2025-08-03 07:31:57,16.26,43.408,999.618,75.357,SYNTHETIC_DEMO_DATA
1767,Mumbai Coast,19.04418,72.61541,2025-08-03 10:26:48,21.537,32.78,1032.285,85.701,SYNTHETIC_DEMO_DATA
1768,Kerala Coast,10.22362,76.30458,2025-08-03 13:21:39,22.174,47.392,1014.908,68.25,SYNTHETIC_DEMO_DATA
1769,Sundarbans,22.19996,89.18962,2025-08-03 16:16:30,16.233,56.426,1016.622,66.623,SYNTHETIC_DEMO_DATA
1770,Odisha Coast,19.90276,86.10706,2025-08-03 19:11:21,13.841,47.813,1009.247,61.448,SYNTHETIC_DEMO_DATA
1771,Chennai Coast,12.97211,80.16015,2025-08-03 22:06:13,12.95,34.993,1004.13,86.149,SYNTHETIC_DEMO_DATA
1772,Chennai Coast,13.10007,80.48953,2025-08-04 01:01:04,20.582,46.595,1002.34,78.602,SYNTHETIC_DEMO_DATA
1773,Chennai Coast,12.68946,80.63608,2025-08-04 03:55:55,14.784,34.107,1019.056,78.838,SYNTHETIC_DEMO_DATA
1774,Chennai Coast,13.18427,80.38367,2025-08-04 06:50:46,19.705,29.918,1014.07,74.941,SYNTHETIC_DEMO_DATA
1775,Goa Coast,15.33862,73.90608,2025-08-04 09:45:37,13.818,44.462,1023.294,84.137,SYNTHETIC_DEMO_DATA
1776,Odisha Coast,19.6502,85.9992,2025-08-04 12:40:28,22.316,48.185,1009.032,98.158,SYNTHETIC_DEMO_DATA
1777,Chennai Coast,13.24247,80.41746,2025-08-04 15:35:19,19.679,39.918,1007.041,83.175,SYNTHETIC_DEMO_DATA
1778,Odisha Coast,19.84237,85.72184,2025-08-04 18:30:10,18.214,56.937,1000.528,99.893,SYNTHETIC_DEMO_DATA
1779,Chennai Coast,13.24577,80.40152,2025-08-04 21:25:01,12.987,34.13,1019.799,71.238,SYNTHETIC_DEMO_DATA
1780,Gujarat Coast,22.14541,69.63766,2025-08-05 00:19:52,16.877,23.724,1003.714,100.0,SYNTHETIC_DEMO_DATA
1781,Sundarbans,21.96524,88.89814,2025-08-05 03:14:43,21.159,39.779,990.814,96.309,SYNTHETIC_DEMO_DATA
1782,Chennai Coast,13.11278,80.18723,2025-08-05 06:09:34,14.5,35.67,999.111,100.0,SYNTHETIC_DEMO_DATA
1783,Sundarbans,21.99347,89.50439,2025-08-05 09:04:25,16.66,62.685,1014.027,85.672,SYNTHETIC_DEMO_DATA
1784,Lakshadweep,10.61947,72.93054,2025-08-05 11:59:16,18.657,26.301,1008.285,88.827,SYNTHETIC_DEMO_DATA
1785,Goa Coast,15.29343,73.9149,2025-08-05 14:54:07,17.541,27.069,1009.288,55.162,SYNTHETIC_DEMO_DATA
1786,Visakhapatnam,17.61895,83.10349,2025-08-05 17:48:58,20.518,38.435,992.028,74.742,SYNTHETIC_DEMO_DATA
1787,Odisha Coast,19.52357,85.68614,2025-08-05 20:43:49,10.915,37.805,997.721,78.687,SYNTHETIC_DEMO_DATA
1788,Sundarbans,21.78992,89.01556,2025-08-05 23:38:41,18.204,48.124,1010.39,99.168,SYNTHETIC_DEMO_DATA
1789,Kerala Coast,9.89656,76.44662,2025-08-06 02:33:32,11.592,35.883,999.155,100.0,SYNTHETIC_DEMO_DATA
1790,Goa Coast,15.17997,73.86896,2025-08-06 05:28:23,14.792,47.687,1006.227,100.0,SYNTHETIC_DEMO_DATA
1791,Mumbai Coast,18.86055,73.02487,2025-08-06 08:23:14,18.136,32.886,1012.484,85.223,SYNTHETIC_DEMO_DATA
1792,Andaman & Nicobar,11.67597,92.76583,2025-08-06 11:18:05,13.632,45.813,996.044,83.23,SYNTHETIC_DEMO_DATA
1793,Chennai Coast,13.28069,80.53829,2025-08-06 14:12:56,23.403,28.864,1009.323,68.093,SYNTHETIC_DEMO_DATA
1794,Visakhapatnam,17.33102,83.55474,2025-08-06 17:07:47,17.39,38.734,1017.133,90.125,SYNTHETIC_DEMO_DATA
1795,Kerala Coast,9.78731,76.16933,2025-08-06 20:02:38,10.362,64.659,1005.479,100.0,SYNTHETIC_DEMO_DATA
1796,Visakhapatnam,17.85504,83.31877,2025-08-06 22:57:29,17.031,52.833,1004.547,79.053,SYNTHETIC_DEMO_DATA
1797,Lakshadweep,10.8386,72.66854,2025-08-07 01:52:20,16.148,35.195,1023.393,85.654,SYNTHETIC_DEMO_DATA
1798,Odisha Coast,19.58697,86.01752,2025-08-07 04:47:11,16.14,28.972,1016.087,52.91,SYNTHETIC_DEMO_DATA
1799,Kerala Coast,9.81289,76.05786,2025-08-07 07:42:02,21.635,59.473,1003.672,79.68,SYNTHETIC_DEMO_DATA
1800,Mumbai Coast,18.55166,72.76659,2025-08-07 10:36:53,19.242,55.178,1009.625,100.0,SYNTHETIC_DEMO_DATA
1801,Sundarbans,21.88208,88.84905,2025-08-07 13:31:44,13.555,52.498,1017.064,78.639,SYNTHETIC_DEMO_DATA
1802,Kerala Coast,9.99643,76.59599,2025-08-07 16:26:35,13.965,57.171,1011.47,90.48,SYNTHETIC_DEMO_DATA
1803,Kerala Coast,9.7509,75.95999,2025-08-07 19:21:26,22.219,57.985,1010.061,90.446,SYNTHETIC_DEMO_DATA
1804,Visakhapatnam,18.23047,83.45797,2025-08-07 22:16:17,16.387,37.115,1004.922,74.869,SYNTHETIC_DEMO_DATA
1805,Odisha Coast,19.59646,85.51868,2025-08-08 01:11:09,17.541,49.764,1011.663,74.495,SYNTHETIC_DEMO_DATA
1806,Sundarbans,21.84068,89.23053,2025-08-08 04:06:00,19.488,49.409,1004.076,84.837,SYNTHETIC_DEMO_DATA
1807,Sundarbans,21.98416,88.86941,2025-08-08 07:00:51,14.762,59.545,997.339,80.834,SYNTHETIC_DEMO_DATA
1808,Kerala Coast,9.86781,76.18438,2025-08-08 09:55:42,23.461,49.819,1009.281,86.966,SYNTHETIC_DEMO_DATA
1809,Sundarbans,22.23679,88.82189,2025-08-08 12:50:33,16.176,47.76,992.263,94.938,SYNTHETIC_DEMO_DATA
1810,Lakshadweep,10.1727,72.51778,2025-08-08 15:45:24,16.32,43.431,1018.578,83.623,SYNTHETIC_DEMO_DATA
1811,Visakhapatnam,18.0016,83.19162,2025-08-08 18:40:15,9.897,42.115,1019.818,81.07,SYNTHETIC_DEMO_DATA
1812,Gujarat Coast,22.20231,69.87048,2025-08-08 21:35:06,9.861,30.208,996.247,83.199,SYNTHETIC_DEMO_DATA
1813,Gujarat Coast,22.34797,69.33736,2025-08-09 00:29:57,18.832,32.581,1008.768,56.619,SYNTHETIC_DEMO_DATA
1814,Kerala Coast,10.22668,76.2005,2025-08-09 03:24:48,15.783,50.436,990.915,99.87,SYNTHETIC_DEMO_DATA
1815,Andaman & Nicobar,11.66112,92.46742,2025-08-09 06:19:39,12.832,49.11,1005.59,90.579,SYNTHETIC_DEMO_DATA
1816,Odisha Coast,19.65659,85.89316,2025-08-09 09:14:30,14.774,56.738,996.946,81.224,SYNTHETIC_DEMO_DATA
1817,Visakhapatnam,17.60842,83.35182,2025-08-09 12:09:21,17.111,38.489,1008.073,100.0,SYNTHETIC_DEMO_DATA
1818,Visakhapatnam,17.58183,83.24809,2025-08-09 15:04:12,19.012,34.409,1008.752,100.0,SYNTHETIC_DEMO_DATA
1819,Odisha Coast,19.79815,85.76732,2025-08-09 17:59:03,11.775,35.79,1010.163,82.274,SYNTHETIC_DEMO_DATA
1820,Visakhapatnam,17.8301,83.28367,2025-08-09 20:53:54,15.91,35.914,1009.622,100.0,SYNTHETIC_DEMO_DATA
1821,Chennai Coast,13.04647,80.43065,2025-08-09 23:48:45,10.661,34.981,1002.44,76.799,SYNTHETIC_DEMO_DATA
1822,Goa Coast,15.58606,73.78805,2025-08-10 02:43:37,26.765,25.057,1008.366,80.681,SYNTHETIC_DEMO_DATA
1823,Chennai Coast,12.76482,80.27571,2025-08-10 05:38:28,22.928,35.009,1017.137,81.219,SYNTHETIC_DEMO_DATA
1824,Andaman & Nicobar,11.8051,92.54635,2025-08-10 08:33:19,15.63,43.864,1002.476,85.88,SYNTHETIC_DEMO_DATA
1825,Goa Coast,15.65853,73.81508,2025-08-10 11:28:10,9.494,31.687,1007.119,81.361,SYNTHETIC_DEMO_DATA
1826,Lakshadweep,10.8609,72.87188,2025-08-10 14:23:01,12.179,36.164,1008.869,79.436,SYNTHETIC_DEMO_DATA
1827,Odisha Coast,19.642,85.69466,2025-08-10 17:17:52,8.536,34.698,1013.252,95.965,SYNTHETIC_DEMO_DATA
1828,Lakshadweep,10.66292,72.49181,2025-08-10 20:12:43,18.593,41.055,997.694,85.094,SYNTHETIC_DEMO_DATA
1829,Gujarat Coast,22.59814,69.62336,2025-08-10 23:07:34,16.077,33.176,1004.541,81.797,SYNTHETIC_DEMO_DATA
1830,Lakshadweep,10.74459,72.72039,2025-08-11 02:02:25,11.48,32.757,1011.288,79.468,SYNTHETIC_DEMO_DATA
1831,Chennai Coast,13.26089,80.35993,2025-08-11 04:57:16,10.769,39.265,1024.698,100.0,SYNTHETIC_DEMO_DATA
1832,Lakshadweep,10.31577,72.64822,2025-08-11 07:52:07,17.023,33.663,1013.662,100.0,SYNTHETIC_DEMO_DATA
1833,Mumbai Coast,19.36833,72.98699,2025-08-11 10:46:58,11.314,42.596,1016.186,70.42,SYNTHETIC_DEMO_DATA
1834,Sundarbans,21.65267,89.49355,2025-08-11 13:41:49,19.995,43.828,1013.921,67.723,SYNTHETIC_DEMO_DATA
1835,Kerala Coast,10.13761,76.22026,2025-08-11 16:36:40,15.011,57.244,1025.37,60.013,SYNTHETIC_DEMO_DATA
1836,Odisha Coast,20.09426,86.01371,2025-08-11 19:31:31,18.86,58.41,991.065,100.0,SYNTHETIC_DEMO_DATA
1837,Lakshadweep,10.39673,72.47243,2025-08-11 22:26:22,14.274,35.034,1006.764,87.069,SYNTHETIC_DEMO_DATA
1838,Chennai Coast,13.10686,80.29672,2025-08-12 01:21:13,12.735,31.664,1007.921,84.2,SYNTHETIC_DEMO_DATA
1839,Visakhapatnam,17.74692,83.45254,2025-08-12 04:16:04,16.622,42.221,998.701,100.0,SYNTHETIC_DEMO_DATA
1840,Mumbai Coast,18.67157,72.95093,2025-08-12 07:10:56,13.828,39.877,1016.049,79.228,SYNTHETIC_DEMO_DATA
1841,Kerala Coast,9.66027,76.10244,2025-08-12 10:05:47,15.823,45.042,1011.095,89.768,SYNTHETIC_DEMO_DATA
1842,Sundarbans,21.82025,88.90894,2025-08-12 13:00:38,18.572,49.047,1012.598,77.504,SYNTHETIC_DEMO_DATA
1843,Andaman & Nicobar,11.91753,92.94885,2025-08-12 15:55:29,6.748,47.674,1000.603,88.2,SYNTHETIC_DEMO_DATA
1844,Andaman & Nicobar,11.60655,92.671,2025-08-12 18:50:20,28.628,41.033,1003.415,91.198,SYNTHETIC_DEMO_DATA
1845,Goa Coast,15.43797,74.00878,2025-08-12 21:45:11,15.283,36.552,1012.264,77.121,SYNTHETIC_DEMO_DATA
1846,Gujarat Coast,22.19868,69.64317,2025-08-13 00:40:02,17.458,24.986,998.891,65.615,SYNTHETIC_DEMO_DATA
1847,Kerala Coast,9.89637,76.30679,2025-08-13 03:34:53,22.098,56.882,1013.268,98.672,SYNTHETIC_DEMO_DATA
1848,Mumbai Coast,19.219,72.79682,2025-08-13 06:29:44,8.853,53.489,1002.749,86.356,SYNTHETIC_DEMO_DATA
1849,Mumbai Coast,18.93111,72.43473,2025-08-13 09:24:35,21.659,37.449,1003.519,80.3,SYNTHETIC_DEMO_DATA
1850,Odisha Coast,19.74757,85.81965,2025-08-13 12:19:26,18.696,39.592,1012.468,73.754,SYNTHETIC_DEMO_DATA
1851,Sundarbans,22.18204,89.22046,2025-08-13 15:14:17,20.174,35.38,1006.945,89.22,SYNTHETIC_DEMO_DATA
1852,Visakhapatnam,17.59546,82.86663,2025-08-13 18:09:08,17.932,44.416,1011.382,81.403,SYNTHETIC_DEMO_DATA
1853,Kerala Coast,9.74387,75.91304,2025-08-13 21:03:59,21.998,57.525,984.912,57.294,SYNTHETIC_DEMO_DATA
1854,Odisha Coast,19.75488,85.7593,2025-08-13 23:58:50,22.125,55.046,1021.473,100.0,SYNTHETIC_DEMO_DATA
1855,Odisha Coast,19.73403,85.71103,2025-08-14 02:53:41,12.642,43.473,1009.639,53.933,SYNTHETIC_DEMO_DATA
1856,Andaman & Nicobar,11.78179,92.4777,2025-08-14 05:48:32,15.299,54.868,1011.198,84.247,SYNTHETIC_DEMO_DATA
1857,Chennai Coast,13.12076,80.01536,2025-08-14 08:43:24,12.911,39.666,1014.696,66.102,SYNTHETIC_DEMO_DATA
1858,Mumbai Coast,18.81615,73.01483,2025-08-14 11:38:15,20.02,64.597,1006.16,100.0,SYNTHETIC_DEMO_DATA
1859,Mumbai Coast,18.77968,73.04793,2025-08-14 14:33:06,23.351,55.14,1001.297,100.0,SYNTHETIC_DEMO_DATA
1860,Goa Coast,15.59092,73.79689,2025-08-14 17:27:57,20.914,36.278,1023.455,80.734,SYNTHETIC_DEMO_DATA
1861,Goa Coast,15.22344,73.86455,2025-08-14 20:22:48,17.797,47.822,1018.024,70.331,SYNTHETIC_DEMO_DATA
1862,Visakhapatnam,17.47358,83.01622,2025-08-14 23:17:39,19.683,42.179,1001.027,100.0,SYNTHETIC_DEMO_DATA
1863,Andaman & Nicobar,11.95638,92.49385,2025-08-15 02:12:30,23.846,53.464,1003.205,91.241,SYNTHETIC_DEMO_DATA
1864,Chennai Coast,13.19622,80.16218,2025-08-15 05:07:21,10.964,43.271,1011.592,88.001,SYNTHETIC_DEMO_DATA
1865,Andaman & Nicobar,11.87473,92.4443,2025-08-15 08:02:12,1.0,52.453,1020.017,100.0,SYNTHETIC_DEMO_DATA
1866,Kerala Coast,10.12216,76.46616,2025-08-15 10:57:03,21.802,56.15,1015.296,78.315,SYNTHETIC_DEMO_DATA
1867,Odisha Coast,19.70229,86.04342,2025-08-15 13:51:54,8.671,33.721,1013.037,73.063,SYNTHETIC_DEMO_DATA
1868,Goa Coast,15.54246,74.18065,2025-08-15 16:46:45,19.014,39.712,1027.115,86.606,SYNTHETIC_DEMO_DATA
1869,Sundarbans,22.02088,89.1996,2025-08-15 19:41:36,20.643,59.493,1010.489,96.684,SYNTHETIC_DEMO_DATA
1870,Goa Coast,15.77339,73.73418,2025-08-15 22:36:27,22.764,17.271,1010.979,76.905,SYNTHETIC_DEMO_DATA
1871,Sundarbans,21.90426,88.98639,2025-08-16 01:31:18,15.597,53.016,1007.005,65.2,SYNTHETIC_DEMO_DATA
1872,Visakhapatnam,17.49414,83.2839,2025-08-16 04:26:09,8.374,41.454,1017.888,68.128,SYNTHETIC_DEMO_DATA
1873,Gujarat Coast,21.90831,69.5406,2025-08-16 07:21:00,29.372,49.295,1002.556,77.289,SYNTHETIC_DEMO_DATA
1874,Lakshadweep,10.42142,72.54324,2025-08-16 10:15:52,20.812,34.777,1012.449,97.735,SYNTHETIC_DEMO_DATA
1875,Kerala Coast,10.21082,76.28009,2025-08-16 13:10:43,17.777,57.571,999.217,100.0,SYNTHETIC_DEMO_DATA
1876,Odisha Coast,20.03067,85.70807,2025-08-16 16:05:34,8.22,41.368,992.246,91.506,SYNTHETIC_DEMO_DATA
1877,Visakhapatnam,17.6612,83.30638,2025-08-16 19:00:25,17.024,35.34,1010.897,59.705,SYNTHETIC_DEMO_DATA
1878,Andaman & Nicobar,11.48632,92.64801,2025-08-16 21:55:16,11.61,41.216,1012.729,79.199,SYNTHETIC_DEMO_DATA
1879,Goa Coast,15.57266,73.75588,2025-08-17 00:50:07,19.901,28.518,1011.691,82.338,SYNTHETIC_DEMO_DATA
1880,Odisha Coast,19.89478,85.89316,2025-08-17 03:44:58,13.43,44.906,1008.215,87.107,SYNTHETIC_DEMO_DATA
1881,Chennai Coast,12.82088,79.9384,2025-08-17 06:39:49,22.839,40.54,995.472,79.617,SYNTHETIC_DEMO_DATA
1882,Visakhapatnam,17.88435,83.16826,2025-08-17 09:34:40,8.818,41.439,1010.842,81.611,SYNTHETIC_DEMO_DATA
1883,Odisha Coast,19.76873,85.87829,2025-08-17 12:29:31,12.389,45.719,1000.881,82.451,SYNTHETIC_DEMO_DATA
1884,Andaman & Nicobar,11.44925,92.82039,2025-08-17 15:24:22,23.336,43.689,1020.198,100.0,SYNTHETIC_DEMO_DATA
1885,Gujarat Coast,22.28266,69.63205,2025-08-17 18:19:13,14.947,34.931,1009.494,75.849,SYNTHETIC_DEMO_DATA
1886,Odisha Coast,19.99634,85.98535,2025-08-17 21:14:04,8.318,39.702,1013.575,90.852,SYNTHETIC_DEMO_DATA
1887,Gujarat Coast,22.2965,69.54152,2025-08-18 00:08:55,23.655,23.972,999.275,54.603,SYNTHETIC_DEMO_DATA
1888,Kerala Coast,9.9962,76.27969,2025-08-18 03:03:46,17.446,47.822,1020.726,93.647,SYNTHETIC_DEMO_DATA
1889,Sundarbans,21.52547,89.06003,2025-08-18 05:58:37,14.488,41.382,1002.576,82.753,SYNTHETIC_DEMO_DATA
1890,Kerala Coast,9.7126,76.08047,2025-08-18 08:53:28,17.242,44.839,1000.923,86.378,SYNTHETIC_DEMO_DATA
1891,Odisha Coast,20.01327,85.98307,2025-08-18 11:48:20,19.958,46.045,1004.319,65.479,SYNTHETIC_DEMO_DATA
1892,Visakhapatnam,17.44372,83.20645,2025-08-18 14:43:11,23.209,29.801,1012.974,93.691,SYNTHETIC_DEMO_DATA
1893,Andaman & Nicobar,11.53652,92.43796,2025-08-18 17:38:02,17.618,38.76,1003.247,57.856,SYNTHETIC_DEMO_DATA
1894,Goa Coast,15.20263,73.95927,2025-08-18 20:32:53,28.738,34.78,1031.451,78.139,SYNTHETIC_DEMO_DATA
1895,Odisha Coast,19.69554,85.65731,2025-08-18 23:27:44,19.271,53.429,1012.436,77.423,SYNTHETIC_DEMO_DATA
1896,Andaman & Nicobar,12.11774,92.64611,2025-08-19 02:22:35,11.282,41.16,1017.416,94.423,SYNTHETIC_DEMO_DATA
1897,Mumbai Coast,18.6526,72.83677,2025-08-19 05:17:26,15.539,29.434,1005.743,93.239,SYNTHETIC_DEMO_DATA
1898,Andaman & Nicobar,11.73695,92.55985,2025-08-19 08:12:17,9.829,33.101,1010.587,77.458,SYNTHETIC_DEMO_DATA
1899,Goa Coast,15.55872,73.98728,2025-08-19 11:07:08,25.896,45.616,1004.884,89.387,SYNTHETIC_DEMO_DATA
1900,Chennai Coast,12.67057,80.12803,2025-08-19 14:01:59,18.556,29.426,1008.789,68.45,SYNTHETIC_DEMO_DATA
1901,Mumbai Coast,19.1752,72.54595,2025-08-19 16:56:50,20.699,45.036,1003.383,94.188,SYNTHETIC_DEMO_DATA
1902,Mumbai Coast,19.08593,72.66839,2025-08-19 19:51:41,15.607,63.337,1022.302,85.762,SYNTHETIC_DEMO_DATA
1903,Goa Coast,15.71671,73.76798,2025-08-19 22:46:32,16.216,50.852,996.727,80.763,SYNTHETIC_DEMO_DATA
1904,Visakhapatnam,17.65143,83.45718,2025-08-20 01:41:23,12.559,52.653,1024.787,65.546,SYNTHETIC_DEMO_DATA
1905,Chennai Coast,13.3989,80.23944,2025-08-20 04:36:14,21.309,39.992,1025.0,92.917,SYNTHETIC_DEMO_DATA
1906,Visakhapatnam,17.58922,83.30836,2025-08-20 07:31:05,6.857,38.342,1007.435,69.215,SYNTHETIC_DEMO_DATA
1907,Visakhapatnam,17.64164,82.78762,2025-08-20 10:25:56,22.646,48.237,1003.287,84.657,SYNTHETIC_DEMO_DATA
1908,Odisha Coast,19.69872,85.75889,2025-08-20 13:20:48,5.431,46.535,1012.002,84.023,SYNTHETIC_DEMO_DATA
1909,Sundarbans,22.3355,89.22753,2025-08-20 16:15:39,10.354,44.698,997.24,100.0,SYNTHETIC_DEMO_DATA
1910,Lakshadweep,10.65356,72.72974,2025-08-20 19:10:30,20.197,16.227,1011.719,79.162,SYNTHETIC_DEMO_DATA
1911,Sundarbans,21.99574,88.86982,2025-08-20 22:05:21,13.312,59.705,1011.685,87.891,SYNTHETIC_DEMO_DATA
1912,Andaman & Nicobar,11.56154,92.88279,2025-08-21 01:00:12,20.972,45.442,994.858,75.822,SYNTHETIC_DEMO_DATA
1913,Sundarbans,21.91017,89.14874,2025-08-21 03:55:03,8.292,42.046,1012.131,79.459,SYNTHETIC_DEMO_DATA
1914,Goa Coast,15.66511,73.78828,2025-08-21 06:49:54,15.161,32.865,1003.442,65.515,SYNTHETIC_DEMO_DATA
1915,Chennai Coast,13.10061,80.55525,2025-08-21 09:44:45,13.755,30.925,1017.698,74.523,SYNTHETIC_DEMO_DATA
1916,Mumbai Coast,19.0415,73.15958,2025-08-21 12:39:36,26.864,45.144,999.613,98.067,SYNTHETIC_DEMO_DATA
1917,Visakhapatnam,17.61942,83.41295,2025-08-21 15:34:27,6.042,32.997,1011.439,81.05,SYNTHETIC_DEMO_DATA
1918,Kerala Coast,10.0588,76.2103,2025-08-21 18:29:18,21.289,57.151,1009.506,82.345,SYNTHETIC_DEMO_DATA
1919,Kerala Coast,9.64428,76.3481,2025-08-21 21:24:09,18.972,42.998,1002.679,89.844,SYNTHETIC_DEMO_DATA
1920,Mumbai Coast,18.83023,72.74782,2025-08-22 00:19:00,17.052,43.288,993.4,95.178,SYNTHETIC_DEMO_DATA
1921,Chennai Coast,13.01454,80.25914,2025-08-22 03:13:51,24.294,26.282,1016.399,71.01,SYNTHETIC_DEMO_DATA
1922,Mumbai Coast,18.7973,72.81166,2025-08-22 06:08:42,14.656,32.164,1017.404,70.629,SYNTHETIC_DEMO_DATA
1923,Andaman & Nicobar,11.90631,92.65157,2025-08-22 09:03:33,14.46,48.443,1013.07,80.659,SYNTHETIC_DEMO_DATA
1924,Kerala Coast,9.41789,76.10562,2025-08-22 11:58:24,13.179,51.337,997.282,90.596,SYNTHETIC_DEMO_DATA
1925,Chennai Coast,13.10765,80.48718,2025-08-22 14:53:15,17.499,33.26,1015.295,69.491,SYNTHETIC_DEMO_DATA
1926,Odisha Coast,19.83382,85.96764,2025-08-22 17:48:07,11.101,39.568,1018.883,88.229,SYNTHETIC_DEMO_DATA
1927,Chennai Coast,13.12189,80.07649,2025-08-22 20:42:58,14.592,32.82,1013.843,83.277,SYNTHETIC_DEMO_DATA
1928,Odisha Coast,19.68445,85.74461,2025-08-22 23:37:49,16.173,41.801,1012.673,82.021,SYNTHETIC_DEMO_DATA
1929,Odisha Coast,19.92612,85.70518,2025-08-23 02:32:40,20.944,66.69,1007.037,71.75,SYNTHETIC_DEMO_DATA
1930,Lakshadweep,10.52025,72.7254,2025-08-23 05:27:31,18.291,27.532,1003.732,94.719,SYNTHETIC_DEMO_DATA
1931,Sundarbans,22.07267,89.24457,2025-08-23 08:22:22,14.752,52.342,1016.189,70.54,SYNTHETIC_DEMO_DATA
1932,Kerala Coast,9.96206,76.17263,2025-08-23 11:17:13,26.717,51.293,1014.212,91.736,SYNTHETIC_DEMO_DATA
1933,Andaman & Nicobar,11.72981,92.71825,2025-08-23 14:12:04,21.603,56.484,1014.905,86.906,SYNTHETIC_DEMO_DATA
1934,Lakshadweep,10.74529,72.76784,2025-08-23 17:06:55,11.527,36.577,1008.955,98.036,SYNTHETIC_DEMO_DATA
1935,Odisha Coast,19.93186,85.81552,2025-08-23 20:01:46,15.394,37.688,1022.89,96.803,SYNTHETIC_DEMO_DATA
1936,Odisha Coast,19.92313,85.63891,2025-08-23 22:56:37,23.113,50.691,1013.73,82.548,SYNTHETIC_DEMO_DATA
1937,Chennai Coast,13.07377,80.19042,2025-08-24 01:51:28,14.293,34.245,1009.042,70.142,SYNTHETIC_DEMO_DATA
1938,Mumbai Coast,18.86963,72.75207,2025-08-24 04:46:19,17.309,52.946,1003.03,88.124,SYNTHETIC_DEMO_DATA
1939,Lakshadweep,10.62703,72.38269,2025-08-24 07:41:10,19.473,35.444,1009.481,85.409,SYNTHETIC_DEMO_DATA
1940,Visakhapatnam,17.71957,83.15014,2025-08-24 10:36:01,18.704,34.541,1002.006,70.242,SYNTHETIC_DEMO_DATA
1941,Odisha Coast,20.00971,85.81079,2025-08-24 13:30:52,18.137,41.815,1004.199,77.634,SYNTHETIC_DEMO_DATA
1942,Visakhapatnam,18.16197,83.59324,2025-08-24 16:25:43,18.721,38.971,1020.811,78.854,SYNTHETIC_DEMO_DATA
1943,Andaman & Nicobar,11.78691,92.86843,2025-08-24 19:20:35,19.149,51.312,995.661,74.496,SYNTHETIC_DEMO_DATA
1944,Sundarbans,21.94277,88.77283,2025-08-24 22:15:26,10.135,55.641,1000.038,97.912,SYNTHETIC_DEMO_DATA
1945,Chennai Coast,12.83009,79.79562,2025-08-25 01:10:17,16.109,33.929,996.544,70.233,SYNTHETIC_DEMO_DATA
1946,Odisha Coast,19.45234,85.41657,2025-08-25 04:05:08,10.355,49.934,1005.967,95.187,SYNTHETIC_DEMO_DATA
1947,Odisha Coast,19.34291,85.82878,2025-08-25 06:59:59,16.302,34.946,1014.49,79.539,SYNTHETIC_DEMO_DATA
1948,Lakshadweep,10.56499,72.70066,2025-08-25 09:54:50,20.584,35.608,1011.79,73.943,SYNTHETIC_DEMO_DATA
1949,Sundarbans,21.86793,88.90427,2025-08-25 12:49:41,9.48,46.292,1019.969,100.0,SYNTHETIC_DEMO_DATA
1950,Chennai Coast,12.88942,80.50738,2025-08-25 15:44:32,26.307,30.026,1003.483,74.937,SYNTHETIC_DEMO_DATA
1951,Lakshadweep,10.44364,72.9452,2025-08-25 18:39:23,18.997,39.466,1002.548,65.986,SYNTHETIC_DEMO_DATA
1952,Gujarat Coast,22.43685,69.69431,2025-08-25 21:34:14,14.206,30.345,1011.391,96.061,SYNTHETIC_DEMO_DATA
1953,Sundarbans,22.21146,89.31265,2025-08-26 00:29:05,14.498,52.256,1005.045,90.518,SYNTHETIC_DEMO_DATA
1954,Kerala Coast,9.82038,76.21182,2025-08-26 03:23:56,24.768,50.817,1012.776,96.984,SYNTHETIC_DEMO_DATA
1955,Lakshadweep,10.6736,72.80224,2025-08-26 06:18:47,13.455,30.047,1013.758,70.165,SYNTHETIC_DEMO_DATA
1956,Kerala Coast,9.87566,76.27525,2025-08-26 09:13:38,14.525,52.233,1006.864,87.296,SYNTHETIC_DEMO_DATA
1957,Mumbai Coast,18.72737,72.75988,2025-08-26 12:08:29,21.852,32.82,1010.869,88.343,SYNTHETIC_DEMO_DATA
1958,Mumbai Coast,18.90291,72.79441,2025-08-26 15:03:20,16.351,47.035,1005.753,75.18,SYNTHETIC_DEMO_DATA
1959,Gujarat Coast,21.95358,69.57091,2025-08-26 17:58:11,16.542,11.775,1010.236,96.258,SYNTHETIC_DEMO_DATA
1960,Odisha Coast,19.55961,85.88104,2025-08-26 20:53:03,14.995,44.422,1013.292,65.789,SYNTHETIC_DEMO_DATA
1961,Andaman & Nicobar,11.31597,92.72884,2025-08-26 23:47:54,17.629,35.372,990.886,77.542,SYNTHETIC_DEMO_DATA
1962,Lakshadweep,10.73447,72.61979,2025-08-27 02:42:45,21.191,31.626,1006.302,60.42,SYNTHETIC_DEMO_DATA
1963,Odisha Coast,19.91442,85.85417,2025-08-27 05:37:36,28.273,40.82,1002.758,73.576,SYNTHETIC_DEMO_DATA
1964,Andaman & Nicobar,11.51558,92.18446,2025-08-27 08:32:27,21.234,55.158,1007.045,73.564,SYNTHETIC_DEMO_DATA
1965,Andaman & Nicobar,12.0392,92.42582,2025-08-27 11:27:18,8.809,52.495,1015.515,77.436,SYNTHETIC_DEMO_DATA
1966,Goa Coast,15.25796,73.67293,2025-08-27 14:22:09,7.782,43.591,1011.908,83.768,SYNTHETIC_DEMO_DATA
1967,Chennai Coast,12.68512,80.72247,2025-08-27 17:17:00,17.536,38.079,993.994,88.99,SYNTHETIC_DEMO_DATA
1968,Kerala Coast,10.22969,76.42944,2025-08-27 20:11:51,20.133,54.413,1007.084,71.159,SYNTHETIC_DEMO_DATA
1969,Andaman & Nicobar,11.70667,92.52803,2025-08-27 23:06:42,20.677,44.194,1009.073,100.0,SYNTHETIC_DEMO_DATA
1970,Odisha Coast,19.93254,85.33925,2025-08-28 02:01:33,21.924,49.879,1017.091,81.572,SYNTHETIC_DEMO_DATA
1971,Andaman & Nicobar,11.94773,92.76312,2025-08-28 04:56:24,7.861,56.416,1011.954,91.852,SYNTHETIC_DEMO_DATA
1972,Lakshadweep,10.81332,72.98204,2025-08-28 07:51:15,17.299,31.499,1017.257,83.185,SYNTHETIC_DEMO_DATA
1973,Gujarat Coast,22.33712,69.48675,2025-08-28 10:46:06,17.088,31.805,1017.422,69.217,SYNTHETIC_DEMO_DATA
1974,Chennai Coast,13.19194,80.40534,2025-08-28 13:40:57,16.745,26.029,1011.545,77.147,SYNTHETIC_DEMO_DATA
1975,Mumbai Coast,19.10767,72.86738,2025-08-28 16:35:48,11.723,47.184,1028.859,73.89,SYNTHETIC_DEMO_DATA
1976,Sundarbans,21.9966,89.24941,2025-08-28 19:30:39,28.82,51.089,1004.382,100.0,SYNTHETIC_DEMO_DATA
1977,Lakshadweep,10.24228,72.65963,2025-08-28 22:25:31,8.825,31.667,1005.081,70.628,SYNTHETIC_DEMO_DATA
1978,Chennai Coast,13.0456,80.29049,2025-08-29 01:20:22,16.991,39.903,1006.02,98.201,SYNTHETIC_DEMO_DATA
1979,Sundarbans,22.21957,89.38799,2025-08-29 04:15:13,17.124,60.336,1010.356,82.654,SYNTHETIC_DEMO_DATA
1980,Goa Coast,15.38333,73.75427,2025-08-29 07:10:04,11.983,52.726,1003.798,86.776,SYNTHETIC_DEMO_DATA
1981,Gujarat Coast,22.22062,69.53321,2025-08-29 10:04:55,12.34,49.731,998.968,93.686,SYNTHETIC_DEMO_DATA
1982,Gujarat Coast,22.45878,69.94204,2025-08-29 12:59:46,18.147,42.517,1006.653,82.299,SYNTHETIC_DEMO_DATA
1983,Sundarbans,21.96773,89.35258,2025-08-29 15:54:37,20.771,35.623,1004.491,77.473,SYNTHETIC_DEMO_DATA
1984,Goa Coast,15.57621,73.9351,2025-08-29 18:49:28,3.885,37.248,1013.706,90.87,SYNTHETIC_DEMO_DATA
1985,Gujarat Coast,22.65083,69.49124,2025-08-29 21:44:19,9.777,20.934,1014.152,68.128,SYNTHETIC_DEMO_DATA
1986,Goa Coast,15.50052,74.05207,2025-08-30 00:39:10,22.034,46.085,1015.665,84.027,SYNTHETIC_DEMO_DATA
1987,Andaman & Nicobar,12.00271,92.84909,2025-08-30 03:34:01,11.45,48.518,998.112,98.518,SYNTHETIC_DEMO_DATA
1988,Visakhapatnam,17.53851,83.52616,2025-08-30 06:28:52,12.696,23.959,1005.742,89.379,SYNTHETIC_DEMO_DATA
1989,Visakhapatnam,17.77248,83.31262,2025-08-30 09:23:43,17.608,37.84,1009.651,87.691,SYNTHETIC_DEMO_DATA
1990,Lakshadweep,10.57986,72.56731,2025-08-30 12:18:34,24.632,31.902,1003.805,71.556,SYNTHETIC_DEMO_DATA
1991,Mumbai Coast,19.00337,72.97155,2025-08-30 15:13:25,18.639,41.212,1006.539,74.247,SYNTHETIC_DEMO_DATA
1992,Kerala Coast,9.8153,76.41923,2025-08-30 18:08:16,16.878,65.377,987.269,84.538,SYNTHETIC_DEMO_DATA
1993,Visakhapatnam,17.33284,83.44083,2025-08-30 21:03:07,15.05,39.411,1009.013,70.945,SYNTHETIC_DEMO_DATA
1994,Gujarat Coast,22.72245,69.68261,2025-08-30 23:57:59,28.332,40.346,1010.995,95.861,SYNTHETIC_DEMO_DATA
1995,Goa Coast,15.193,73.79949,2025-08-31 02:52:50,22.672,41.168,1018.57,84.041,SYNTHETIC_DEMO_DATA
1996,Sundarbans,22.05809,89.37438,2025-08-31 05:47:41,12.61,48.868,1004.815,89.161,SYNTHETIC_DEMO_DATA
1997,Mumbai Coast,18.58794,72.93838,2025-08-31 08:42:32,10.716,44.042,1005.919,91.781,SYNTHETIC_DEMO_DATA
1998,Lakshadweep,10.67918,72.52415,2025-08-31 11:37:23,21.485,36.983,1003.435,64.962,SYNTHETIC_DEMO_DATA
1999,Visakhapatnam,17.58482,83.06735,2025-08-31 14:32:14,15.845,46.06,1024.26,87.76,SYNTHETIC_DEMO_DATA
2000,Visakhapatnam,17.65862,83.35869,2025-08-31 17:27:05,17.919,37.712,1018.792,67.405,SYNTHETIC_DEMO_DATA
2001,Andaman & Nicobar,11.57163,92.91139,2025-08-31 20:21:56,18.322,48.413,1017.849,96.062,SYNTHETIC_DEMO_DATA
2002,Sundarbans,21.94587,89.2202,2025-08-31 23:16:47,20.407,50.962,1006.312,72.945,SYNTHETIC_DEMO_DATA
2003,Chennai Coast,12.9681,80.5518,2025-09-01 02:11:38,10.708,18.993,1003.883,76.641,SYNTHETIC_DEMO_DATA
2004,Kerala Coast,9.81897,76.44315,2025-09-01 05:06:29,22.823,52.112,1000.017,64.13,SYNTHETIC_DEMO_DATA
2005,Goa Coast,15.78836,73.94502,2025-09-01 08:01:20,16.568,44.707,1011.879,80.657,SYNTHETIC_DEMO_DATA
2006,Odisha Coast,19.99263,86.03806,2025-09-01 10:56:11,15.758,62.594,1008.101,93.051,SYNTHETIC_DEMO_DATA
2007,Kerala Coast,9.9171,76.36009,2025-09-01 13:51:02,9.575,49.467,1005.91,83.988,SYNTHETIC_DEMO_DATA
2008,Odisha Coast,19.68584,85.67307,2025-09-01 16:45:53,6.162,45.492,1016.783,77.207,SYNTHETIC_DEMO_DATA
2009,Goa Coast,15.50906,74.19549,2025-09-01 19:40:44,20.397,38.88,999.885,100.0,SYNTHETIC_DEMO_DATA
2010,Gujarat Coast,22.45311,69.49652,2025-09-01 22:35:35,15.969,26.004,1007.713,89.634,SYNTHETIC_DEMO_DATA
2011,Kerala Coast,10.05275,75.91596,2025-09-02 01:30:27,27.144,45.728,1013.47,79.879,SYNTHETIC_DEMO_DATA
2012,Chennai Coast,12.95044,80.14834,2025-09-02 04:25:18,25.517,33.326,1001.506,76.44,SYNTHETIC_DEMO_DATA
2013,Odisha Coast,19.65348,85.70673,2025-09-02 07:20:09,16.154,46.443,1006.899,100.0,SYNTHETIC_DEMO_DATA
2014,Lakshadweep,10.65213,72.57999,2025-09-02 10:15:00,19.336,48.247,1001.916,70.325,SYNTHETIC_DEMO_DATA
2015,Gujarat Coast,22.43517,69.42062,2025-09-02 13:09:51,11.271,24.417,1003.06,80.811,SYNTHETIC_DEMO_DATA
2016,Chennai Coast,12.76418,80.01092,2025-09-02 16:04:42,21.339,33.76,1007.934,78.093,SYNTHETIC_DEMO_DATA
2017,Kerala Coast,9.95852,76.08367,2025-09-02 18:59:33,11.587,54.15,1012.486,73.095,SYNTHETIC_DEMO_DATA
2018,Goa Coast,15.46653,73.7194,2025-09-02 21:54:24,23.466,37.369,1023.052,93.392,SYNTHETIC_DEMO_DATA
2019,Goa Coast,15.13952,73.29737,2025-09-03 00:49:15,23.865,34.999,1021.378,61.61,SYNTHETIC_DEMO_DATA
2020,Kerala Coast,9.71021,76.09164,2025-09-03 03:44:06,9.283,36.846,989.467,71.821,SYNTHETIC_DEMO_DATA
2021,Chennai Coast,12.89157,79.80356,2025-09-03 06:38:57,24.287,31.646,1020.752,91.189,SYNTHETIC_DEMO_DATA
2022,Gujarat Coast,22.14674,69.55856,2025-09-03 09:33:48,13.623,35.904,1010.956,85.6,SYNTHETIC_DEMO_DATA
2023,Gujarat Coast,22.31859,69.78778,2025-09-03 12:28:39,11.229,36.882,1016.168,58.415,SYNTHETIC_DEMO_DATA
2024,Mumbai Coast,18.8519,72.59602,2025-09-03 15:23:30,26.095,40.703,1006.619,84.447,SYNTHETIC_DEMO_DATA
2025,Sundarbans,21.96251,88.9379,2025-09-03 18:18:21,22.246,39.617,1010.07,83.384,SYNTHETIC_DEMO_DATA
2026,Kerala Coast,10.00415,76.01425,2025-09-03 21:13:12,26.372,55.365,1010.16,82.767,SYNTHETIC_DEMO_DATA
2027,Gujarat Coast,22.02759,69.68417,2025-09-04 00:08:03,16.75,36.773,1007.061,82.803,SYNTHETIC_DEMO_DATA
2028,Lakshadweep,10.81557,72.71479,2025-09-04 03:02:54,20.677,31.069,1004.761,76.934,SYNTHETIC_DEMO_DATA
2029,Mumbai Coast,18.84413,72.87244,2025-09-04 05:57:46,13.992,37.41,1001.509,88.214,SYNTHETIC_DEMO_DATA
2030,Chennai Coast,13.17966,80.38285,2025-09-04 08:52:37,16.461,35.086,1008.223,76.378,SYNTHETIC_DEMO_DATA
2031,Mumbai Coast,19.07678,73.21498,2025-09-04 11:47:28,16.728,45.12,1003.536,89.204,SYNTHETIC_DEMO_DATA
2032,Odisha Coast,19.89261,85.80825,2025-09-04 14:42:19,15.288,65.926,996.945,71.561,SYNTHETIC_DEMO_DATA
2033,Sundarbans,21.50336,89.033,2025-09-04 17:37:10,19.201,51.622,1012.006,87.396,SYNTHETIC_DEMO_DATA
2034,Gujarat Coast,21.85227,69.33209,2025-09-04 20:32:01,19.738,35.949,997.253,74.477,SYNTHETIC_DEMO_DATA
2035,Lakshadweep,10.5041,72.85365,2025-09-04 23:26:52,15.514,45.793,1015.319,68.11,SYNTHETIC_DEMO_DATA
2036,Andaman & Nicobar,11.67083,92.60781,2025-09-05 02:21:43,14.292,33.681,1014.971,99.372,SYNTHETIC_DEMO_DATA
2037,Mumbai Coast,18.7295,72.45219,2025-09-05 05:16:34,7.934,34.625,999.633,64.737,SYNTHETIC_DEMO_DATA
2038,Sundarbans,21.62024,89.05273,2025-09-05 08:11:25,19.431,43.594,1002.311,83.478,SYNTHETIC_DEMO_DATA
2039,Lakshadweep,10.27778,72.93371,2025-09-05 11:06:16,24.163,48.057,1007.818,74.612,SYNTHETIC_DEMO_DATA
2040,Kerala Coast,10.039,76.1798,2025-09-05 14:01:07,13.37,39.889,1010.433,82.527,SYNTHETIC_DEMO_DATA
2041,Visakhapatnam,18.10197,83.1196,2025-09-05 16:55:58,14.554,44.385,1019.15,98.69,SYNTHETIC_DEMO_DATA
2042,Andaman & Nicobar,11.70796,92.35758,2025-09-05 19:50:49,20.891,36.932,1016.223,50.83,SYNTHETIC_DEMO_DATA
2043,Goa Coast,15.61283,73.54293,2025-09-05 22:45:40,20.409,35.47,1011.484,75.058,SYNTHETIC_DEMO_DATA
2044,Goa Coast,15.54538,73.77299,2025-09-06 01:40:31,19.696,37.029,1006.507,92.299,SYNTHETIC_DEMO_DATA
2045,Visakhapatnam,17.70753,83.12765,2025-09-06 04:35:22,24.183,35.304,1016.185,79.357,SYNTHETIC_DEMO_DATA
2046,Lakshadweep,10.6673,72.552,2025-09-06 07:30:14,17.319,34.407,1023.005,62.447,SYNTHETIC_DEMO_DATA
2047,Kerala Coast,10.01736,76.41311,2025-09-06 10:25:05,19.956,47.476,1008.303,67.858,SYNTHETIC_DEMO_DATA
2048,Mumbai Coast,19.19101,72.38994,2025-09-06 13:19:56,13.917,57.396,1001.177,81.523,SYNTHETIC_DEMO_DATA
2049,Goa Coast,15.59844,73.64327,2025-09-06 16:14:47,15.782,50.338,1003.054,75.914,SYNTHETIC_DEMO_DATA
2050,Gujarat Coast,22.51687,70.07781,2025-09-06 19:09:38,19.769,35.005,1004.35,100.0,SYNTHETIC_DEMO_DATA
2051,Odisha Coast,19.96872,85.48047,2025-09-06 22:04:29,15.548,41.907,1013.914,100.0,SYNTHETIC_DEMO_DATA
2052,Chennai Coast,12.87187,80.47931,2025-09-07 00:59:20,29.287,42.203,1003.488,98.509,SYNTHETIC_DEMO_DATA
2053,Chennai Coast,12.86265,80.00808,2025-09-07 03:54:11,14.935,36.789,1007.678,75.541,SYNTHETIC_DEMO_DATA
2054,Lakshadweep,10.60985,72.47154,2025-09-07 06:49:02,15.759,36.249,999.987,85.362,SYNTHETIC_DEMO_DATA
2055,Goa Coast,15.73292,73.44578,2025-09-07 09:43:53,16.179,47.044,1016.388,74.145,SYNTHETIC_DEMO_DATA
2056,Chennai Coast,13.4657,80.37412,2025-09-07 12:38:44,15.623,37.698,1007.706,86.061,SYNTHETIC_DEMO_DATA
2057,Goa Coast,15.66108,74.01233,2025-09-07 15:33:35,14.047,39.876,1008.887,81.441,SYNTHETIC_DEMO_DATA
2058,Goa Coast,15.97398,74.04502,2025-09-07 18:28:26,16.023,47.434,1004.278,77.135,SYNTHETIC_DEMO_DATA
2059,Chennai Coast,13.11679,80.27706,2025-09-07 21:23:17,19.857,31.833,1021.706,84.574,SYNTHETIC_DEMO_DATA
2060,Kerala Coast,10.23506,76.07281,2025-09-08 00:18:08,16.721,40.988,1002.753,100.0,SYNTHETIC_DEMO_DATA
2061,Andaman & Nicobar,11.97955,92.17594,2025-09-08 03:12:59,10.146,38.153,1003.729,98.201,SYNTHETIC_DEMO_DATA
2062,Mumbai Coast,18.60315,72.78635,2025-09-08 06:07:50,21.043,40.905,1012.856,100.0,SYNTHETIC_DEMO_DATA
2063,Odisha Coast,19.87409,86.02208,2025-09-08 09:02:42,17.007,36.248,985.809,89.945,SYNTHETIC_DEMO_DATA
2064,Goa Coast,15.29857,74.21748,2025-09-08 11:57:33,13.461,28.403,998.365,88.704,SYNTHETIC_DEMO_DATA
2065,Mumbai Coast,18.77527,73.09845,2025-09-08 14:52:24,23.125,36.087,1007.683,85.896,SYNTHETIC_DEMO_DATA
2066,Mumbai Coast,19.04435,72.83298,2025-09-08 17:47:15,10.261,48.462,1008.387,97.842,SYNTHETIC_DEMO_DATA
2067,Goa Coast,15.58176,73.78851,2025-09-08 20:42:06,18.898,39.19,1013.175,84.304,SYNTHETIC_DEMO_DATA
2068,Lakshadweep,10.51843,73.0345,2025-09-08 23:36:57,21.071,41.645,1000.145,87.852,SYNTHETIC_DEMO_DATA
2069,Chennai Coast,13.06914,80.66491,2025-09-09 02:31:48,24.762,42.932,1005.485,66.052,SYNTHETIC_DEMO_DATA
2070,Kerala Coast,9.9347,76.22893,2025-09-09 05:26:39,14.359,37.706,1021.516,73.834,SYNTHETIC_DEMO_DATA
2071,Odisha Coast,19.83021,85.74807,2025-09-09 08:21:30,22.836,41.919,997.259,81.876,SYNTHETIC_DEMO_DATA
2072,Gujarat Coast,22.40769,69.53042,2025-09-09 11:16:21,11.633,36.535,1008.97,84.961,SYNTHETIC_DEMO_DATA
2073,Kerala Coast,9.67184,76.22987,2025-09-09 14:11:12,10.162,32.452,1003.771,90.493,SYNTHETIC_DEMO_DATA
2074,Chennai Coast,12.85257,80.021,2025-09-09 17:06:03,11.626,27.785,1010.572,100.0,SYNTHETIC_DEMO_DATA
2075,Gujarat Coast,22.27964,69.5361,2025-09-09 20:00:54,11.038,33.288,1004.792,61.155,SYNTHETIC_DEMO_DATA
2076,Kerala Coast,9.57091,76.0504,2025-09-09 22:55:45,6.695,47.401,999.589,82.856,SYNTHETIC_DEMO_DATA
2077,Kerala Coast,9.99072,76.42789,2025-09-10 01:50:36,14.822,62.663,1016.145,90.873,SYNTHETIC_DEMO_DATA
2078,Kerala Coast,9.88362,76.20158,2025-09-10 04:45:27,20.315,49.381,1012.637,77.146,SYNTHETIC_DEMO_DATA
2079,Visakhapatnam,17.78546,83.39256,2025-09-10 07:40:18,10.458,38.475,997.177,87.154,SYNTHETIC_DEMO_DATA
2080,Odisha Coast,19.52133,85.59469,2025-09-10 10:35:10,13.207,38.555,1011.07,74.297,SYNTHETIC_DEMO_DATA
2081,Andaman & Nicobar,11.89958,92.53311,2025-09-10 13:30:01,20.379,44.216,1001.026,90.374,SYNTHETIC_DEMO_DATA
2082,Sundarbans,21.86556,89.33778,2025-09-10 16:24:52,22.566,40.63,996.592,85.706,SYNTHETIC_DEMO_DATA
2083,Chennai Coast,12.8723,80.0479,2025-09-10 19:19:43,19.942,44.383,1006.589,100.0,SYNTHETIC_DEMO_DATA
2084,Gujarat Coast,22.09225,69.70783,2025-09-10 22:14:34,13.908,41.983,1013.514,96.888,SYNTHETIC_DEMO_DATA
2085,Odisha Coast,19.6881,85.80672,2025-09-11 01:09:25,16.0,50.783,1002.344,75.825,SYNTHETIC_DEMO_DATA
2086,Gujarat Coast,22.1788,69.69896,2025-09-11 04:04:16,12.173,50.786,998.806,88.793,SYNTHETIC_DEMO_DATA
2087,Goa Coast,15.40722,73.90631,2025-09-11 06:59:07,12.924,47.047,1000.588,84.705,SYNTHETIC_DEMO_DATA
2088,Gujarat Coast,22.25765,69.68637,2025-09-11 09:53:58,8.395,38.139,999.75,53.747,SYNTHETIC_DEMO_DATA
2089,Chennai Coast,13.27982,79.94302,2025-09-11 12:48:49,14.797,34.635,1004.999,67.256,SYNTHETIC_DEMO_DATA
2090,Sundarbans,21.90433,89.10178,2025-09-11 15:43:40,14.317,56.256,1004.471,78.901,SYNTHETIC_DEMO_DATA
2091,Andaman & Nicobar,11.76051,92.44483,2025-09-11 18:38:31,13.257,53.563,1003.14,95.149,SYNTHETIC_DEMO_DATA
2092,Chennai Coast,12.99569,80.46202,2025-09-11 21:33:22,14.881,32.002,1004.038,80.327,SYNTHETIC_DEMO_DATA
2093,Andaman & Nicobar,11.7294,92.72109,2025-09-12 00:28:13,14.691,48.18,1017.649,71.674,SYNTHETIC_DEMO_DATA
2094,Odisha Coast,19.78091,85.86777,2025-09-12 03:23:04,15.086,35.926,1001.029,70.404,SYNTHETIC_DEMO_DATA
2095,Odisha Coast,20.18799,85.99512,2025-09-12 06:17:55,18.051,40.477,1008.231,74.813,SYNTHETIC_DEMO_DATA
2096,Goa Coast,15.69347,73.71042,2025-09-12 09:12:46,26.125,28.124,1001.449,72.625,SYNTHETIC_DEMO_DATA
2097,Lakshadweep,10.56628,72.53899,2025-09-12 12:07:38,22.62,34.035,1013.965,83.347,SYNTHETIC_DEMO_DATA
2098,Andaman & Nicobar,11.8554,92.38525,2025-09-12 15:02:29,6.504,48.395,1015.531,83.69,SYNTHETIC_DEMO_DATA
2099,Goa Coast,15.44008,73.9098,2025-09-12 17:57:20,11.636,49.243,1002.68,95.981,SYNTHETIC_DEMO_DATA
2100,Visakhapatnam,17.89604,83.40662,2025-09-12 20:52:11,17.476,42.582,1014.488,68.428,SYNTHETIC_DEMO_DATA
2101,Lakshadweep,10.77913,72.70484,2025-09-12 23:47:02,11.816,25.47,1008.972,75.373,SYNTHETIC_DEMO_DATA
2102,Gujarat Coast,22.29416,69.18315,2025-09-13 02:41:53,17.715,36.984,1004.706,69.972,SYNTHETIC_DEMO_DATA
2103,Odisha Coast,20.079,85.8632,2025-09-13 05:36:44,15.953,50.201,1001.001,66.543,SYNTHETIC_DEMO_DATA
2104,Odisha Coast,19.7812,85.93625,2025-09-13 08:31:35,14.654,43.695,984.924,89.25,SYNTHETIC_DEMO_DATA
2105,Andaman & Nicobar,11.40514,92.53417,2025-09-13 11:26:26,13.637,56.735,1006.836,100.0,SYNTHETIC_DEMO_DATA
2106,Visakhapatnam,18.02292,83.28047,2025-09-13 14:21:17,17.357,24.078,1009.754,92.353,SYNTHETIC_DEMO_DATA
2107,Goa Coast,15.2778,73.51566,2025-09-13 17:16:08,18.04,54.317,1008.289,100.0,SYNTHETIC_DEMO_DATA
2108,Odisha Coast,19.77259,85.60753,2025-09-13 20:10:59,16.169,34.697,998.119,100.0,SYNTHETIC_DEMO_DATA
2109,Visakhapatnam,17.82952,83.09645,2025-09-13 23:05:50,16.541,34.073,1018.166,81.921,SYNTHETIC_DEMO_DATA
2110,Visakhapatnam,17.72094,83.47476,2025-09-14 02:00:41,16.482,32.159,1005.978,81.617,SYNTHETIC_DEMO_DATA
2111,Visakhapatnam,17.69917,83.14912,2025-09-14 04:55:32,21.449,35.911,1003.282,92.495,SYNTHETIC_DEMO_DATA
2112,Gujarat Coast,22.37227,69.31519,2025-09-14 07:50:23,7.695,29.673,1020.841,80.695,SYNTHETIC_DEMO_DATA
2113,Lakshadweep,10.47924,72.13801,2025-09-14 10:45:14,14.23,34.296,1011.185,90.63,SYNTHETIC_DEMO_DATA
2114,Lakshadweep,10.88952,72.5809,2025-09-14 13:40:06,10.368,28.159,1009.107,59.333,SYNTHETIC_DEMO_DATA
2115,Goa Coast,15.33727,73.91124,2025-09-14 16:34:57,18.72,46.545,999.586,81.843,SYNTHETIC_DEMO_DATA
2116,Visakhapatnam,17.46447,83.3455,2025-09-14 19:29:48,21.198,54.236,1004.606,82.838,SYNTHETIC_DEMO_DATA
2117,Lakshadweep,10.68323,72.58333,2025-09-14 22:24:39,24.914,25.667,1013.195,99.064,SYNTHETIC_DEMO_DATA
2118,Mumbai Coast,19.20219,72.68292,2025-09-15 01:19:30,21.704,57.655,1003.662,100.0,SYNTHETIC_DEMO_DATA
2119,Mumbai Coast,19.09524,72.92123,2025-09-15 04:14:21,22.133,44.578,1006.353,88.167,SYNTHETIC_DEMO_DATA
2120,Goa Coast,15.64495,73.68779,2025-09-15 07:09:12,11.865,47.206,1003.563,86.706,SYNTHETIC_DEMO_DATA
2121,Goa Coast,15.75487,73.71054,2025-09-15 10:04:03,16.022,55.379,995.229,80.727,SYNTHETIC_DEMO_DATA
2122,Lakshadweep,10.54632,72.22588,2025-09-15 12:58:54,19.55,25.853,996.848,76.183,SYNTHETIC_DEMO_DATA
2123,Mumbai Coast,19.18028,72.72894,2025-09-15 15:53:45,11.688,37.009,1006.931,79.927,SYNTHETIC_DEMO_DATA
2124,Gujarat Coast,22.32972,70.06272,2025-09-15 18:48:36,17.903,38.708,1007.287,85.959,SYNTHETIC_DEMO_DATA
2125,Goa Coast,15.29683,73.75656,2025-09-15 21:43:27,6.666,41.729,1017.197,85.313,SYNTHETIC_DEMO_DATA
2126,Visakhapatnam,17.70808,83.35815,2025-09-16 00:38:18,20.125,28.88,1010.359,57.94,SYNTHETIC_DEMO_DATA
2127,Chennai Coast,12.69443,79.84131,2025-09-16 03:33:09,10.209,22.143,1004.187,72.103,SYNTHETIC_DEMO_DATA
2128,Gujarat Coast,22.38072,68.92186,2025-09-16 06:28:00,9.832,30.748,1019.888,66.427,SYNTHETIC_DEMO_DATA
2129,Sundarbans,21.8348,88.97973,2025-09-16 09:22:51,22.938,50.709,1010.271,73.265,SYNTHETIC_DEMO_DATA
2130,Chennai Coast,13.09639,80.2371,2025-09-16 12:17:42,11.017,41.8,1012.27,69.616,SYNTHETIC_DEMO_DATA
2131,Goa Coast,15.40891,73.96921,2025-09-16 15:12:33,21.361,37.797,1017.478,88.811,SYNTHETIC_DEMO_DATA
2132,Lakshadweep,10.37845,72.8978,2025-09-16 18:07:25,28.39,36.08,1011.21,87.806,SYNTHETIC_DEMO_DATA
2133,Mumbai Coast,19.15022,72.40087,2025-09-16 21:02:16,12.881,52.93,1017.816,68.603,SYNTHETIC_DEMO_DATA
2134,Chennai Coast,13.4373,79.84932,2025-09-16 23:57:07,18.084,44.026,1012.227,73.564,SYNTHETIC_DEMO_DATA
2135,Kerala Coast,9.72802,76.48774,2025-09-17 02:51:58,12.51,52.36,1011.734,89.178,SYNTHETIC_DEMO_DATA
2136,Gujarat Coast,22.33036,69.82808,2025-09-17 05:46:49,18.645,30.655,1024.553,87.506,SYNTHETIC_DEMO_DATA
2137,Mumbai Coast,18.94877,72.96605,2025-09-17 08:41:40,16.357,50.495,1012.261,76.854,SYNTHETIC_DEMO_DATA
2138,Sundarbans,21.40221,89.46898,2025-09-17 11:36:31,17.45,39.102,1002.36,99.734,SYNTHETIC_DEMO_DATA
2139,Mumbai Coast,18.89041,73.01628,2025-09-17 14:31:22,22.268,35.247,1023.536,60.183,SYNTHETIC_DEMO_DATA
2140,Kerala Coast,9.77461,76.30053,2025-09-17 17:26:13,8.76,51.504,1000.25,95.567,SYNTHETIC_DEMO_DATA
2141,Goa Coast,15.84181,73.84604,2025-09-17 20:21:04,17.095,53.678,1003.734,100.0,SYNTHETIC_DEMO_DATA
2142,Andaman & Nicobar,11.44694,92.43068,2025-09-17 23:15:55,20.437,47.101,1004.179,78.974,SYNTHETIC_DEMO_DATA
2143,Lakshadweep,10.64534,72.68395,2025-09-18 02:10:46,22.649,34.768,1000.351,66.247,SYNTHETIC_DEMO_DATA
2144,Gujarat Coast,22.24827,69.6123,2025-09-18 05:05:37,18.249,25.384,1014.143,75.769,SYNTHETIC_DEMO_DATA
2145,Chennai Coast,13.00145,80.37849,2025-09-18 08:00:28,16.848,42.63,991.306,90.354,SYNTHETIC_DEMO_DATA
2146,Kerala Coast,9.84283,76.22163,2025-09-18 10:55:19,13.383,41.025,1008.182,81.671,SYNTHETIC_DEMO_DATA
2147,Odisha Coast,19.55162,85.85737,2025-09-18 13:50:10,23.219,54.857,1016.178,95.161,SYNTHETIC_DEMO_DATA
2148,Lakshadweep,10.54814,72.81827,2025-09-18 16:45:01,14.914,46.303,1023.377,92.518,SYNTHETIC_DEMO_DATA
2149,Andaman & Nicobar,11.59265,92.79696,2025-09-18 19:39:53,6.592,54.056,1008.322,67.904,SYNTHETIC_DEMO_DATA
2150,Andaman & Nicobar,11.63992,92.62091,2025-09-18 22:34:44,19.218,45.295,1006.806,74.095,SYNTHETIC_DEMO_DATA
2151,Chennai Coast,13.31013,80.33423,2025-09-19 01:29:35,17.026,37.934,1015.767,72.012,SYNTHETIC_DEMO_DATA
2152,Chennai Coast,13.48582,80.57507,2025-09-19 04:24:26,11.482,35.075,1011.035,100.0,SYNTHETIC_DEMO_DATA
2153,Andaman & Nicobar,11.89905,92.59972,2025-09-19 07:19:17,14.763,30.401,1001.997,64.072,SYNTHETIC_DEMO_DATA
2154,Mumbai Coast,18.53058,72.88514,2025-09-19 10:14:08,24.019,37.573,1015.53,90.815,SYNTHETIC_DEMO_DATA
2155,Goa Coast,14.92849,73.75908,2025-09-19 13:08:59,5.217,42.69,1013.978,83.703,SYNTHETIC_DEMO_DATA
2156,Kerala Coast,9.98785,76.54831,2025-09-19 16:03:50,13.282,62.29,1000.457,86.04,SYNTHETIC_DEMO_DATA
2157,Kerala Coast,9.87821,76.75982,2025-09-19 18:58:41,9.179,50.857,1013.074,98.266,SYNTHETIC_DEMO_DATA
2158,Gujarat Coast,22.383,69.6143,2025-09-19 21:53:32,24.925,37.775,1007.231,91.129,SYNTHETIC_DEMO_DATA
2159,Andaman & Nicobar,11.91318,92.71859,2025-09-20 00:48:23,14.979,43.466,1005.366,100.0,SYNTHETIC_DEMO_DATA
2160,Chennai Coast,12.90359,80.11122,2025-09-20 03:43:14,15.606,47.376,1013.126,83.724,SYNTHETIC_DEMO_DATA
2161,Andaman & Nicobar,11.8533,92.69499,2025-09-20 06:38:05,19.217,45.46,994.832,82.749,SYNTHETIC_DEMO_DATA
2162,Visakhapatnam,17.72665,82.99363,2025-09-20 09:32:56,13.783,40.212,1010.246,67.511,SYNTHETIC_DEMO_DATA
2163,Kerala Coast,9.72276,76.29986,2025-09-20 12:27:47,18.369,59.086,1006.735,90.871,SYNTHETIC_DEMO_DATA
2164,Lakshadweep,10.67334,72.70858,2025-09-20 15:22:38,12.51,35.365,1015.055,92.194,SYNTHETIC_DEMO_DATA
2165,Lakshadweep,10.42524,73.08481,2025-09-20 18:17:29,18.8,37.187,1015.349,73.535,SYNTHETIC_DEMO_DATA
2166,Lakshadweep,10.44427,72.77334,2025-09-20 21:12:21,26.718,37.905,1005.501,80.028,SYNTHETIC_DEMO_DATA
2167,Chennai Coast,13.29629,80.18569,2025-09-21 00:07:12,16.835,15.764,1011.242,78.286,SYNTHETIC_DEMO_DATA
2168,Andaman & Nicobar,11.81448,92.72815,2025-09-21 03:02:03,5.276,46.208,992.12,84.957,SYNTHETIC_DEMO_DATA
2169,Lakshadweep,10.61416,72.75198,2025-09-21 05:56:54,24.207,36.294,1014.579,89.488,SYNTHETIC_DEMO_DATA
2170,Lakshadweep,10.41394,72.55431,2025-09-21 08:51:45,24.702,40.831,1007.536,72.515,SYNTHETIC_DEMO_DATA
2171,Sundarbans,21.95892,89.21382,2025-09-21 11:46:36,17.896,39.963,1005.66,97.86,SYNTHETIC_DEMO_DATA
2172,Goa Coast,15.26818,74.1522,2025-09-21 14:41:27,20.558,52.875,993.879,93.646,SYNTHETIC_DEMO_DATA
2173,Lakshadweep,10.58378,72.84529,2025-09-21 17:36:18,19.558,39.078,1008.403,93.315,SYNTHETIC_DEMO_DATA
2174,Goa Coast,15.86936,73.82646,2025-09-21 20:31:09,14.687,37.903,1012.574,79.035,SYNTHETIC_DEMO_DATA
2175,Visakhapatnam,17.54757,83.13381,2025-09-21 23:26:00,16.659,41.757,997.054,67.396,SYNTHETIC_DEMO_DATA
2176,Goa Coast,15.33151,73.80884,2025-09-22 02:20:51,22.982,42.837,1005.536,74.46,SYNTHETIC_DEMO_DATA
2177,Odisha Coast,19.83671,86.25655,2025-09-22 05:15:42,13.629,53.405,998.371,80.573,SYNTHETIC_DEMO_DATA
2178,Kerala Coast,9.62191,76.47949,2025-09-22 08:10:33,14.079,57.53,1018.327,93.784,SYNTHETIC_DEMO_DATA
2179,Gujarat Coast,22.36097,69.5685,2025-09-22 11:05:24,24.648,42.286,1004.446,90.166,SYNTHETIC_DEMO_DATA
2180,Kerala Coast,10.09824,76.18882,2025-09-22 14:00:15,9.614,44.785,1003.663,81.776,SYNTHETIC_DEMO_DATA
2181,Gujarat Coast,22.04337,69.57206,2025-09-22 16:55:06,13.012,26.2,1008.686,95.325,SYNTHETIC_DEMO_DATA
2182,Visakhapatnam,17.83818,83.6255,2025-09-22 19:49:57,16.92,35.779,1005.681,73.913,SYNTHETIC_DEMO_DATA
2183,Gujarat Coast,22.33322,69.77157,2025-09-22 22:44:49,13.146,38.559,1016.991,92.987,SYNTHETIC_DEMO_DATA
2184,Gujarat Coast,22.24763,69.88519,2025-09-23 01:39:40,14.644,31.568,994.463,77.29,SYNTHETIC_DEMO_DATA
2185,Gujarat Coast,22.05936,69.96856,2025-09-23 04:34:31,11.737,41.649,1011.624,64.621,SYNTHETIC_DEMO_DATA
2186,Visakhapatnam,17.78937,83.43849,2025-09-23 07:29:22,22.878,38.01,1005.634,88.025,SYNTHETIC_DEMO_DATA
2187,Chennai Coast,13.18748,80.54664,2025-09-23 10:24:13,15.422,33.729,1016.647,73.191,SYNTHETIC_DEMO_DATA
2188,Visakhapatnam,17.57101,83.31367,2025-09-23 13:19:04,13.19,24.706,1007.385,79.495,SYNTHETIC_DEMO_DATA
2189,Kerala Coast,9.8387,76.45314,2025-09-23 16:13:55,12.788,41.258,1013.096,79.8,SYNTHETIC_DEMO_DATA
2190,Mumbai Coast,19.06026,72.76525,2025-09-23 19:08:46,23.589,54.995,1021.223,86.449,SYNTHETIC_DEMO_DATA
2191,Chennai Coast,12.62962,80.5025,2025-09-23 22:03:37,8.984,25.241,1017.562,74.292,SYNTHETIC_DEMO_DATA
2192,Kerala Coast,9.93076,76.3294,2025-09-24 00:58:28,19.736,47.016,1012.163,70.377,SYNTHETIC_DEMO_DATA
2193,Visakhapatnam,17.75266,83.36528,2025-09-24 03:53:19,14.245,39.175,1022.079,76.533,SYNTHETIC_DEMO_DATA
2194,Visakhapatnam,17.69037,83.44993,2025-09-24 06:48:10,19.193,41.536,1005.781,78.099,SYNTHETIC_DEMO_DATA
2195,Gujarat Coast,22.11235,69.75433,2025-09-24 09:43:01,19.594,37.574,1003.261,68.915,SYNTHETIC_DEMO_DATA
2196,Andaman & Nicobar,11.87739,92.84814,2025-09-24 12:37:52,17.282,34.035,1027.159,100.0,SYNTHETIC_DEMO_DATA
2197,Visakhapatnam,17.43025,83.35293,2025-09-24 15:32:43,14.246,36.911,1002.923,100.0,SYNTHETIC_DEMO_DATA
2198,Andaman & Nicobar,11.74879,92.90183,2025-09-24 18:27:34,17.307,53.319,1011.732,68.439,SYNTHETIC_DEMO_DATA
2199,Mumbai Coast,19.19809,73.02777,2025-09-24 21:22:25,22.672,54.499,1014.161,77.299,SYNTHETIC_DEMO_DATA
2200,Odisha Coast,19.87713,85.7637,2025-09-25 00:17:17,24.251,42.377,1009.001,77.216,SYNTHETIC_DEMO_DATA
2201,Chennai Coast,13.39139,80.5237,2025-09-25 03:12:08,13.973,26.513,1006.015,86.292,SYNTHETIC_DEMO_DATA
2202,Sundarbans,21.61485,88.76398,2025-09-25 06:06:59,6.402,39.013,1003.972,88.748,SYNTHETIC_DEMO_DATA
2203,Sundarbans,21.88757,89.01777,2025-09-25 09:01:50,21.776,45.758,1012.049,94.65,SYNTHETIC_DEMO_DATA
2204,Chennai Coast,13.19169,80.46184,2025-09-25 11:56:41,11.133,34.077,1008.019,79.587,SYNTHETIC_DEMO_DATA
2205,Kerala Coast,10.12673,76.29387,2025-09-25 14:51:32,16.019,43.122,1000.241,94.577,SYNTHETIC_DEMO_DATA
2206,Goa Coast,15.12254,73.35858,2025-09-25 17:46:23,14.338,34.239,995.205,74.59,SYNTHETIC_DEMO_DATA
2207,Odisha Coast,19.99833,85.90711,2025-09-25 20:41:14,18.958,45.366,1011.974,98.98,SYNTHETIC_DEMO_DATA
2208,Andaman & Nicobar,11.6966,92.5501,2025-09-25 23:36:05,19.563,48.173,1015.527,84.002,SYNTHETIC_DEMO_DATA
2209,Visakhapatnam,17.97674,83.17256,2025-09-26 02:30:56,13.98,51.427,1006.767,85.932,SYNTHETIC_DEMO_DATA
2210,Odisha Coast,19.8371,85.73931,2025-09-26 05:25:47,12.526,42.794,1002.176,69.558,SYNTHETIC_DEMO_DATA
2211,Gujarat Coast,22.14833,69.35827,2025-09-26 08:20:38,21.107,25.362,1031.115,68.677,SYNTHETIC_DEMO_DATA
2212,Goa Coast,15.76057,73.93613,2025-09-26 11:15:29,12.712,54.244,1006.033,85.543,SYNTHETIC_DEMO_DATA
2213,Gujarat Coast,22.37448,69.88722,2025-09-26 14:10:20,10.819,26.986,998.045,86.24,SYNTHETIC_DEMO_DATA
2214,Odisha Coast,19.71523,85.6925,2025-09-26 17:05:11,15.524,58.859,1031.936,88.537,SYNTHETIC_DEMO_DATA
2215,Odisha Coast,20.12827,85.93141,2025-09-26 20:00:02,15.877,54.532,995.499,92.398,SYNTHETIC_DEMO_DATA
2216,Chennai Coast,13.27828,80.08673,2025-09-26 22:54:53,23.093,40.382,1000.558,65.987,SYNTHETIC_DEMO_DATA
2217,Kerala Coast,10.03928,76.55924,2025-09-27 01:49:44,14.578,41.507,1007.838,90.775,SYNTHETIC_DEMO_DATA
2218,Lakshadweep,10.59744,72.5619,2025-09-27 04:44:36,19.053,54.115,1005.965,100.0,SYNTHETIC_DEMO_DATA
2219,Visakhapatnam,17.91053,83.33422,2025-09-27 07:39:27,12.911,12.268,1012.368,78.424,SYNTHETIC_DEMO_DATA
2220,Odisha Coast,19.83084,85.92682,2025-09-27 10:34:18,23.387,46.613,1013.685,96.13,SYNTHETIC_DEMO_DATA
2221,Lakshadweep,10.58661,72.43069,2025-09-27 13:29:09,22.783,42.817,1015.459,86.485,SYNTHETIC_DEMO_DATA
2222,Odisha Coast,19.70326,85.73198,2025-09-27 16:24:00,27.758,35.546,1021.173,84.213,SYNTHETIC_DEMO_DATA
2223,Sundarbans,21.735,89.22737,2025-09-27 19:18:51,19.845,56.347,1004.961,89.504,SYNTHETIC_DEMO_DATA
2224,Kerala Coast,10.05518,75.70054,2025-09-27 22:13:42,16.121,54.955,1003.269,100.0,SYNTHETIC_DEMO_DATA
2225,Kerala Coast,9.98985,76.42904,2025-09-28 01:08:33,19.401,45.066,995.64,77.509,SYNTHETIC_DEMO_DATA
2226,Gujarat Coast,21.8385,69.64743,2025-09-28 04:03:24,6.821,33.865,998.967,90.055,SYNTHETIC_DEMO_DATA
2227,Andaman & Nicobar,11.70631,92.37621,2025-09-28 06:58:15,6.446,44.507,1004.208,86.046,SYNTHETIC_DEMO_DATA
2228,Lakshadweep,10.4938,72.61717,2025-09-28 09:53:06,8.661,29.733,1000.223,57.717,SYNTHETIC_DEMO_DATA
2229,Visakhapatnam,18.10661,83.05449,2025-09-28 12:47:57,19.298,38.521,1008.752,79.779,SYNTHETIC_DEMO_DATA
2230,Lakshadweep,10.58499,72.6909,2025-09-28 15:42:48,15.27,55.605,1013.409,84.415,SYNTHETIC_DEMO_DATA
2231,Gujarat Coast,22.50166,69.68812,2025-09-28 18:37:39,17.671,32.965,1008.435,84.338,SYNTHETIC_DEMO_DATA
2232,Sundarbans,22.00598,89.02482,2025-09-28 21:32:30,21.245,45.185,1011.619,94.81,SYNTHETIC_DEMO_DATA
2233,Lakshadweep,10.72578,72.61864,2025-09-29 00:27:21,19.266,33.873,1005.148,78.962,SYNTHETIC_DEMO_DATA
2234,Odisha Coast,19.69406,85.7637,2025-09-29 03:22:12,8.373,44.527,1000.573,98.142,SYNTHETIC_DEMO_DATA
2235,Mumbai Coast,18.93504,72.788,2025-09-29 06:17:04,20.956,43.33,997.252,86.882,SYNTHETIC_DEMO_DATA
2236,Goa Coast,15.66228,73.87929,2025-09-29 09:11:55,15.622,34.359,1007.378,83.492,SYNTHETIC_DEMO_DATA
2237,Visakhapatnam,17.91919,83.22657,2025-09-29 12:06:46,16.424,39.319,1004.912,93.593,SYNTHETIC_DEMO_DATA
2238,Visakhapatnam,17.63646,83.00152,2025-09-29 15:01:37,11.1,25.527,1018.066,87.28,SYNTHETIC_DEMO_DATA
2239,Kerala Coast,10.21963,76.41072,2025-09-29 17:56:28,19.879,47.938,994.797,89.869,SYNTHETIC_DEMO_DATA
2240,Andaman & Nicobar,11.62758,92.68629,2025-09-29 20:51:19,15.833,36.931,1000.23,89.068,SYNTHETIC_DEMO_DATA
2241,Visakhapatnam,17.63034,83.39095,2025-09-29 23:46:10,15.236,38.671,1026.578,72.298,SYNTHETIC_DEMO_DATA
2242,Gujarat Coast,22.33376,69.8398,2025-09-30 02:41:01,19.975,31.649,1021.482,63.46,SYNTHETIC_DEMO_DATA
2243,Kerala Coast,10.17539,76.37487,2025-09-30 05:35:52,16.07,65.675,1023.87,65.472,SYNTHETIC_DEMO_DATA
2244,Odisha Coast,20.10449,85.88838,2025-09-30 08:30:43,10.899,50.589,1003.274,77.498,SYNTHETIC_DEMO_DATA
2245,Goa Coast,15.50697,73.85391,2025-09-30 11:25:34,18.537,47.614,1013.819,87.933,SYNTHETIC_DEMO_DATA
2246,Andaman & Nicobar,11.88817,92.55932,2025-09-30 14:20:25,15.132,35.911,1008.266,67.961,SYNTHETIC_DEMO_DATA
2247,Mumbai Coast,18.97387,72.69313,2025-09-30 17:15:16,20.627,51.391,996.817,87.53,SYNTHETIC_DEMO_DATA
2248,Odisha Coast,19.95611,85.80272,2025-09-30 20:10:07,14.814,47.604,1005.114,75.986,SYNTHETIC_DEMO_DATA
2249,Odisha Coast,19.7853,85.41874,2025-09-30 23:04:58,5.762,49.575,1002.376,83.447,SYNTHETIC_DEMO_DATA
2250,Kerala Coast,10.22772,76.34863,2025-10-01 01:59:49,3.995,23.31,1015.752,89.937,SYNTHETIC_DEMO_DATA
2251,Mumbai Coast,18.85702,72.89326,2025-10-01 04:54:40,14.92,11.054,1016.443,54.63,SYNTHETIC_DEMO_DATA
2252,Mumbai Coast,18.962,72.8219,2025-10-01 07:49:32,12.892,18.11,1015.138,61.423,SYNTHETIC_DEMO_DATA
2253,Visakhapatnam,17.73771,83.24565,2025-10-01 10:44:23,11.455,14.083,1022.011,72.003,SYNTHETIC_DEMO_DATA
2254,Mumbai Coast,19.18796,72.89736,2025-10-01 13:39:14,18.368,16.732,1026.042,73.656,SYNTHETIC_DEMO_DATA
2255,Visakhapatnam,17.63308,82.85825,2025-10-01 16:34:05,8.91,24.661,1013.869,78.222,SYNTHETIC_DEMO_DATA
2256,Gujarat Coast,21.96446,69.8534,2025-10-01 19:28:56,10.35,3.874,1002.852,67.264,SYNTHETIC_DEMO_DATA
2257,Goa Coast,15.24901,73.80585,2025-10-01 22:23:47,14.777,19.127,1018.938,73.143,SYNTHETIC_DEMO_DATA
2258,Gujarat Coast,22.13852,69.3416,2025-10-02 01:18:38,15.729,0.0,1019.553,47.884,SYNTHETIC_DEMO_DATA
2259,Sundarbans,21.95216,89.28143,2025-10-02 04:13:29,2.086,5.874,1007.572,65.926,SYNTHETIC_DEMO_DATA
2260,Lakshadweep,10.55272,72.50446,2025-10-02 07:08:20,9.866,15.381,1007.185,100.0,SYNTHETIC_DEMO_DATA
2261,Sundarbans,21.55865,88.98915,2025-10-02 10:03:11,14.463,30.059,1017.006,75.133,SYNTHETIC_DEMO_DATA
2262,Lakshadweep,10.66178,72.80055,2025-10-02 12:58:02,13.468,9.128,1010.206,84.273,SYNTHETIC_DEMO_DATA
2263,Sundarbans,21.70368,88.98606,2025-10-02 15:52:53,1.0,28.699,1011.876,93.138,SYNTHETIC_DEMO_DATA
2264,Mumbai Coast,18.70159,72.60526,2025-10-02 18:47:44,15.347,18.645,1016.517,79.233,SYNTHETIC_DEMO_DATA
2265,Odisha Coast,19.6971,85.71914,2025-10-02 21:42:35,15.331,30.646,1014.781,65.236,SYNTHETIC_DEMO_DATA
2266,Sundarbans,22.0393,89.13576,2025-10-03 00:37:26,15.793,13.223,1013.624,52.574,SYNTHETIC_DEMO_DATA
2267,Gujarat Coast,22.2974,69.15731,2025-10-03 03:32:17,15.041,0.0,999.008,64.577,SYNTHETIC_DEMO_DATA
2268,Goa Coast,15.59025,74.02508,2025-10-03 06:27:08,12.453,16.562,1010.039,82.726,SYNTHETIC_DEMO_DATA
2269,Odisha Coast,19.62525,85.95232,2025-10-03 09:22:00,6.614,14.386,1012.635,100.0,SYNTHETIC_DEMO_DATA
2270,Lakshadweep,10.39655,72.60899,2025-10-03 12:16:51,5.997,5.81,1018.24,78.503,SYNTHETIC_DEMO_DATA
2271,Chennai Coast,12.74148,80.30322,2025-10-03 15:11:42,2.509,7.203,1004.959,79.7,SYNTHETIC_DEMO_DATA
2272,Chennai Coast,13.11822,80.48329,2025-10-03 18:06:33,17.253,9.652,1004.076,83.145,SYNTHETIC_DEMO_DATA
2273,Visakhapatnam,17.90536,83.34127,2025-10-03 21:01:24,11.327,9.383,997.106,50.53,SYNTHETIC_DEMO_DATA
2274,Kerala Coast,9.5562,76.11795,2025-10-03 23:56:15,14.195,19.285,1011.479,86.695,SYNTHETIC_DEMO_DATA
2275,Odisha Coast,19.8526,85.78671,2025-10-04 02:51:06,18.549,26.823,1016.587,93.234,SYNTHETIC_DEMO_DATA
2276,Kerala Coast,10.10132,76.34159,2025-10-04 05:45:57,11.343,10.89,1013.409,61.902,SYNTHETIC_DEMO_DATA
2277,Visakhapatnam,17.52378,83.45265,2025-10-04 08:40:48,9.37,10.224,1003.407,69.686,SYNTHETIC_DEMO_DATA
2278,Sundarbans,22.00937,89.19057,2025-10-04 11:35:39,9.191,16.609,998.385,83.84,SYNTHETIC_DEMO_DATA
2279,Chennai Coast,13.67117,80.48861,2025-10-04 14:30:30,13.133,6.118,1008.48,77.694,SYNTHETIC_DEMO_DATA
2280,Gujarat Coast,22.56065,69.6834,2025-10-04 17:25:21,16.456,0.0,1010.469,78.078,SYNTHETIC_DEMO_DATA
2281,Goa Coast,15.22763,73.65787,2025-10-04 20:20:12,23.523,6.745,1019.194,69.906,SYNTHETIC_DEMO_DATA
2282,Chennai Coast,12.77223,80.51806,2025-10-04 23:15:03,15.077,5.406,1007.629,83.249,SYNTHETIC_DEMO_DATA
2283,Chennai Coast,12.91583,80.37234,2025-10-05 02:09:54,11.559,15.811,1018.638,75.127,SYNTHETIC_DEMO_DATA
2284,Goa Coast,15.34269,73.9833,2025-10-05 05:04:45,4.23,21.652,999.49,80.232,SYNTHETIC_DEMO_DATA
2285,Gujarat Coast,22.45557,69.31323,2025-10-05 07:59:36,12.676,16.632,1006.044,76.284,SYNTHETIC_DEMO_DATA
2286,Andaman & Nicobar,11.59323,92.67577,2025-10-05 10:54:28,9.556,7.914,1002.759,55.613,SYNTHETIC_DEMO_DATA
2287,Lakshadweep,10.24862,72.78469,2025-10-05 13:49:19,12.935,12.346,1024.177,75.373,SYNTHETIC_DEMO_DATA
2288,Andaman & Nicobar,11.95169,92.78256,2025-10-05 16:44:10,7.876,0.0,1009.086,67.904,SYNTHETIC_DEMO_DATA
2289,Lakshadweep,10.67599,72.58067,2025-10-05 19:39:01,14.101,7.852,1009.015,66.312,SYNTHETIC_DEMO_DATA
2290,Kerala Coast,9.95613,76.00484,2025-10-05 22:33:52,10.495,30.737,1005.901,78.083,SYNTHETIC_DEMO_DATA
2291,Chennai Coast,13.15191,80.19272,2025-10-06 01:28:43,11.588,0.0,1011.546,56.958,SYNTHETIC_DEMO_DATA
2292,Chennai Coast,13.08064,80.14141,2025-10-06 04:23:34,9.39,14.884,1022.649,72.494,SYNTHETIC_DEMO_DATA
2293,Visakhapatnam,17.79455,83.38308,2025-10-06 07:18:25,6.456,15.729,1002.431,75.28,SYNTHETIC_DEMO_DATA
2294,Goa Coast,15.27785,73.7477,2025-10-06 10:13:16,14.486,19.149,1016.116,45.328,SYNTHETIC_DEMO_DATA
2295,Goa Coast,15.67996,73.47145,2025-10-06 13:08:07,17.832,25.104,1011.644,76.628,SYNTHETIC_DEMO_DATA
2296,Andaman & Nicobar,11.69191,92.55384,2025-10-06 16:02:58,13.965,16.907,1011.424,72.748,SYNTHETIC_DEMO_DATA
2297,Odisha Coast,19.94315,86.10225,2025-10-06 18:57:49,11.476,23.645,1014.669,87.613,SYNTHETIC_DEMO_DATA
2298,Kerala Coast,10.11102,76.55408,2025-10-06 21:52:40,8.483,18.603,997.59,100.0,SYNTHETIC_DEMO_DATA
2299,Visakhapatnam,18.08929,83.41104,2025-10-07 00:47:31,6.265,22.437,1016.168,95.74,SYNTHETIC_DEMO_DATA
2300,Andaman & Nicobar,11.51023,92.70346,2025-10-07 03:42:22,3.236,2.564,1020.087,96.73,SYNTHETIC_DEMO_DATA
2301,Visakhapatnam,17.6604,83.08141,2025-10-07 06:37:13,16.417,10.494,1008.964,86.187,SYNTHETIC_DEMO_DATA
2302,Odisha Coast,19.83051,85.79911,2025-10-07 09:32:04,8.451,4.326,1013.87,75.338,SYNTHETIC_DEMO_DATA
2303,Mumbai Coast,19.00911,72.88931,2025-10-07 12:26:56,10.445,12.791,1018.248,97.114,SYNTHETIC_DEMO_DATA
2304,Andaman & Nicobar,11.82798,92.84141,2025-10-07 15:21:47,5.444,15.038,1008.006,86.043,SYNTHETIC_DEMO_DATA
2305,Lakshadweep,11.02156,72.22689,2025-10-07 18:16:38,10.734,5.74,1010.469,86.4,SYNTHETIC_DEMO_DATA
2306,Sundarbans,22.25305,89.28679,2025-10-07 21:11:29,7.451,15.785,1009.852,82.187,SYNTHETIC_DEMO_DATA
2307,Chennai Coast,13.21182,80.30998,2025-10-08 00:06:20,8.245,0.0,999.273,69.312,SYNTHETIC_DEMO_DATA
2308,Odisha Coast,19.73687,85.91867,2025-10-08 03:01:11,9.523,24.157,1006.395,85.605,SYNTHETIC_DEMO_DATA
2309,Chennai Coast,13.3071,79.93893,2025-10-08 05:56:02,12.192,0.753,1006.363,68.472,SYNTHETIC_DEMO_DATA
2310,Mumbai Coast,19.26998,72.63524,2025-10-08 08:50:53,18.83,19.554,1015.765,67.734,SYNTHETIC_DEMO_DATA
2311,Visakhapatnam,17.76764,83.43615,2025-10-08 11:45:44,19.485,4.573,1014.454,96.525,SYNTHETIC_DEMO_DATA
2312,Sundarbans,22.30622,89.13322,2025-10-08 14:40:35,10.353,24.86,1023.471,63.585,SYNTHETIC_DEMO_DATA
2313,Mumbai Coast,18.96069,72.69597,2025-10-08 17:35:26,9.705,11.401,1005.206,81.447,SYNTHETIC_DEMO_DATA
2314,Sundarbans,22.04851,89.20777,2025-10-08 20:30:17,20.659,13.464,1003.978,77.042,SYNTHETIC_DEMO_DATA
2315,Visakhapatnam,17.63738,83.36832,2025-10-08 23:25:08,7.067,13.601,1004.124,83.879,SYNTHETIC_DEMO_DATA
2316,Sundarbans,21.73132,89.3121,2025-10-09 02:19:59,14.008,12.312,1029.692,84.577,SYNTHETIC_DEMO_DATA
2317,Sundarbans,22.39682,89.2196,2025-10-09 05:14:50,14.676,19.331,1030.712,71.61,SYNTHETIC_DEMO_DATA
2318,Kerala Coast,9.6778,76.29912,2025-10-09 08:09:41,8.083,15.175,1003.255,86.424,SYNTHETIC_DEMO_DATA
2319,Andaman & Nicobar,11.98395,92.32054,2025-10-09 11:04:32,14.604,25.324,1008.049,60.703,SYNTHETIC_DEMO_DATA
2320,Goa Coast,15.58714,73.69647,2025-10-09 13:59:23,11.814,8.862,1004.874,60.115,SYNTHETIC_DEMO_DATA
2321,Sundarbans,21.88585,89.15796,2025-10-09 16:54:15,17.659,22.909,1003.937,84.827,SYNTHETIC_DEMO_DATA
2322,Sundarbans,21.86615,88.73926,2025-10-09 19:49:06,13.37,17.053,1012.287,67.61,SYNTHETIC_DEMO_DATA
2323,Chennai Coast,12.8689,80.09459,2025-10-09 22:43:57,12.646,10.433,996.456,86.85,SYNTHETIC_DEMO_DATA
2324,Gujarat Coast,22.20585,69.54313,2025-10-10 01:38:48,5.343,10.265,1011.047,63.313,SYNTHETIC_DEMO_DATA
2325,Goa Coast,15.56831,74.32539,2025-10-10 04:33:39,17.675,9.659,1006.488,64.447,SYNTHETIC_DEMO_DATA
2326,Andaman & Nicobar,12.0087,92.48501,2025-10-10 07:28:30,13.428,9.833,999.408,71.609,SYNTHETIC_DEMO_DATA
2327,Chennai Coast,13.36573,80.33775,2025-10-10 10:23:21,15.907,7.503,1022.321,52.749,SYNTHETIC_DEMO_DATA
2328,Odisha Coast,20.00694,85.62482,2025-10-10 13:18:12,15.732,9.635,1004.137,70.517,SYNTHETIC_DEMO_DATA
2329,Sundarbans,22.09621,89.57838,2025-10-10 16:13:03,8.703,24.126,1019.572,72.402,SYNTHETIC_DEMO_DATA
2330,Odisha Coast,19.82844,85.77273,2025-10-10 19:07:54,1.0,11.566,1009.692,94.253,SYNTHETIC_DEMO_DATA
2331,Sundarbans,21.4988,89.35174,2025-10-10 22:02:45,14.094,8.037,1010.837,84.208,SYNTHETIC_DEMO_DATA
2332,Andaman & Nicobar,11.73434,92.5894,2025-10-11 00:57:36,14.897,7.718,1015.479,62.463,SYNTHETIC_DEMO_DATA
2333,Visakhapatnam,17.66982,83.03672,2025-10-11 03:52:27,8.841,6.228,1000.025,88.681,SYNTHETIC_DEMO_DATA
2334,Andaman & Nicobar,11.91167,92.66238,2025-10-11 06:47:18,21.648,16.0,1015.929,66.614,SYNTHETIC_DEMO_DATA
2335,Mumbai Coast,18.74905,72.97883,2025-10-11 09:42:09,15.237,17.903,1010.304,63.241,SYNTHETIC_DEMO_DATA
2336,Mumbai Coast,18.8258,72.95616,2025-10-11 12:37:00,3.605,27.843,1006.325,72.425,SYNTHETIC_DEMO_DATA
2337,Kerala Coast,10.43612,76.36579,2025-10-11 15:31:51,7.037,27.871,1000.783,90.816,SYNTHETIC_DEMO_DATA
2338,Andaman & Nicobar,11.67862,92.67574,2025-10-11 18:26:43,13.047,18.926,1022.886,60.892,SYNTHETIC_DEMO_DATA
2339,Sundarbans,22.06295,89.26381,2025-10-11 21:21:34,9.718,12.23,1008.988,76.204,SYNTHETIC_DEMO_DATA
2340,Sundarbans,21.9147,89.17255,2025-10-12 00:16:25,9.944,26.815,1002.05,72.167,SYNTHETIC_DEMO_DATA
2341,Kerala Coast,10.06043,76.5286,2025-10-12 03:11:16,22.807,9.729,1003.546,53.975,SYNTHETIC_DEMO_DATA
2342,Chennai Coast,13.05883,80.1661,2025-10-12 06:06:07,5.531,0.0,1016.708,74.825,SYNTHETIC_DEMO_DATA
2343,Mumbai Coast,18.81722,72.77921,2025-10-12 09:00:58,7.746,9.031,1019.319,66.759,SYNTHETIC_DEMO_DATA
2344,Goa Coast,15.69669,74.06428,2025-10-12 11:55:49,12.718,16.43,1005.318,73.177,SYNTHETIC_DEMO_DATA
2345,Mumbai Coast,18.83472,72.52652,2025-10-12 14:50:40,1.0,10.974,1018.354,84.836,SYNTHETIC_DEMO_DATA
2346,Visakhapatnam,18.2173,83.19279,2025-10-12 17:45:31,4.756,14.005,1015.575,69.953,SYNTHETIC_DEMO_DATA
2347,Chennai Coast,13.39689,80.49736,2025-10-12 20:40:22,17.994,7.823,1007.42,62.433,SYNTHETIC_DEMO_DATA
2348,Goa Coast,15.41151,73.48588,2025-10-12 23:35:13,14.414,11.211,1012.956,83.114,SYNTHETIC_DEMO_DATA
2349,Visakhapatnam,17.81055,83.0352,2025-10-13 02:30:04,3.465,6.579,999.062,64.411,SYNTHETIC_DEMO_DATA
2350,Mumbai Coast,18.71681,72.70191,2025-10-13 05:24:55,8.865,28.252,1022.65,75.4,SYNTHETIC_DEMO_DATA
2351,Mumbai Coast,18.77306,72.92412,2025-10-13 08:19:46,19.9,18.979,1007.368,79.147,SYNTHETIC_DEMO_DATA
2352,Goa Coast,15.39877,74.03126,2025-10-13 11:14:37,11.518,11.972,1000.4,96.846,SYNTHETIC_DEMO_DATA
2353,Goa Coast,15.67536,73.43556,2025-10-13 14:09:28,17.118,21.167,1005.801,50.984,SYNTHETIC_DEMO_DATA
2354,Kerala Coast,10.07425,76.35582,2025-10-13 17:04:19,15.465,18.014,993.28,63.475,SYNTHETIC_DEMO_DATA
2355,Chennai Coast,13.37917,80.05976,2025-10-13 19:59:11,14.603,17.886,1001.318,68.027,SYNTHETIC_DEMO_DATA
2356,Chennai Coast,12.63568,80.24737,2025-10-13 22:54:02,12.331,0.161,1011.278,60.335,SYNTHETIC_DEMO_DATA
2357,Kerala Coast,10.024,76.36131,2025-10-14 01:48:53,14.137,17.114,1009.059,71.37,SYNTHETIC_DEMO_DATA
2358,Visakhapatnam,17.89276,83.28164,2025-10-14 04:43:44,5.298,0.0,994.659,64.531,SYNTHETIC_DEMO_DATA
2359,Gujarat Coast,21.93868,69.66236,2025-10-14 07:38:35,8.872,4.612,1003.83,79.75,SYNTHETIC_DEMO_DATA
2360,Visakhapatnam,17.66381,83.16512,2025-10-14 10:33:26,8.555,7.205,1021.724,61.796,SYNTHETIC_DEMO_DATA
2361,Gujarat Coast,22.03544,69.77393,2025-10-14 13:28:17,8.004,0.26,1026.159,70.869,SYNTHETIC_DEMO_DATA
2362,Goa Coast,15.639,73.94379,2025-10-14 16:23:08,10.818,12.249,1012.205,67.818,SYNTHETIC_DEMO_DATA
2363,Lakshadweep,10.98823,72.40787,2025-10-14 19:17:59,3.296,15.843,1010.97,74.28,SYNTHETIC_DEMO_DATA
2364,Odisha Coast,19.7826,85.52081,2025-10-14 22:12:50,5.369,15.244,999.779,62.64,SYNTHETIC_DEMO_DATA
2365,Goa Coast,15.75284,73.85206,2025-10-15 01:07:41,5.596,12.635,1006.266,78.264,SYNTHETIC_DEMO_DATA
2366,Sundarbans,22.02389,89.02551,2025-10-15 04:02:32,14.512,18.478,1008.186,86.461,SYNTHETIC_DEMO_DATA
2367,Chennai Coast,13.28095,79.86356,2025-10-15 06:57:23,19.135,13.972,991.734,75.429,SYNTHETIC_DEMO_DATA
2368,Odisha Coast,19.90394,86.19941,2025-10-15 09:52:14,13.263,15.526,1013.984,68.345,SYNTHETIC_DEMO_DATA
2369,Odisha Coast,19.97499,85.68444,2025-10-15 12:47:05,13.728,26.495,1016.987,73.349,SYNTHETIC_DEMO_DATA
2370,Odisha Coast,19.78821,86.02275,2025-10-15 15:41:56,13.352,30.045,1005.505,83.931,SYNTHETIC_DEMO_DATA
2371,Sundarbans,21.79637,88.80883,2025-10-15 18:36:47,11.781,21.923,1028.196,94.302,SYNTHETIC_DEMO_DATA
2372,Andaman & Nicobar,11.78202,92.717,2025-10-15 21:31:39,14.79,14.785,1013.83,73.586,SYNTHETIC_DEMO_DATA
2373,Sundarbans,22.06127,89.13187,2025-10-16 00:26:30,11.201,15.152,1004.946,79.084,SYNTHETIC_DEMO_DATA
2374,Chennai Coast,13.28192,80.5357,2025-10-16 03:21:21,11.879,5.516,1008.258,76.068,SYNTHETIC_DEMO_DATA
2375,Gujarat Coast,21.91801,69.39124,2025-10-16 06:16:12,13.21,5.921,1006.838,63.931,SYNTHETIC_DEMO_DATA
2376,Lakshadweep,10.31469,72.51023,2025-10-16 09:11:03,7.598,10.476,1011.012,50.507,SYNTHETIC_DEMO_DATA
2377,Andaman & Nicobar,11.72718,92.65061,2025-10-16 12:05:54,10.146,19.319,1015.678,100.0,SYNTHETIC_DEMO_DATA
2378,Odisha Coast,19.62563,85.73238,2025-10-16 15:00:45,7.252,36.761,1006.078,67.465,SYNTHETIC_DEMO_DATA
2379,Lakshadweep,10.82763,72.66817,2025-10-16 17:55:36,9.49,4.771,1025.639,73.317,SYNTHETIC_DEMO_DATA
2380,Gujarat Coast,22.31841,69.48838,2025-10-16 20:50:27,12.645,12.762,1012.409,84.763,SYNTHETIC_DEMO_DATA
2381,Odisha Coast,19.88235,85.69258,2025-10-16 23:45:18,8.263,26.603,1013.859,78.969,SYNTHETIC_DEMO_DATA
2382,Kerala Coast,9.6345,75.95661,2025-10-17 02:40:09,11.361,11.304,1005.381,65.543,SYNTHETIC_DEMO_DATA
2383,Lakshadweep,10.78583,72.75555,2025-10-17 05:35:00,16.653,9.907,1001.943,93.437,SYNTHETIC_DEMO_DATA
2384,Chennai Coast,13.32764,80.5003,2025-10-17 08:29:51,14.212,0.0,999.485,52.94,SYNTHETIC_DEMO_DATA
2385,Odisha Coast,19.96624,85.69148,2025-10-17 11:24:42,28.347,11.912,1000.959,66.339,SYNTHETIC_DEMO_DATA
2386,Andaman & Nicobar,11.99025,92.70753,2025-10-17 14:19:33,10.612,6.473,1006.242,73.026,SYNTHETIC_DEMO_DATA
2387,Lakshadweep,10.4255,72.5718,2025-10-17 17:14:24,10.273,0.0,1005.106,90.454,SYNTHETIC_DEMO_DATA
2388,Lakshadweep,10.44764,72.84532,2025-10-17 20:09:15,9.152,0.0,1016.777,77.926,SYNTHETIC_DEMO_DATA
2389,Lakshadweep,10.35433,72.6644,2025-10-17 23:04:07,12.232,2.462,1035.0,83.459,SYNTHETIC_DEMO_DATA
2390,Andaman & Nicobar,11.52986,93.1976,2025-10-18 01:58:58,20.882,2.715,1014.545,74.117,SYNTHETIC_DEMO_DATA
2391,Kerala Coast,10.03355,76.07444,2025-10-18 04:53:49,7.623,16.756,1009.975,73.928,SYNTHETIC_DEMO_DATA
2392,Odisha Coast,19.84411,86.1273,2025-10-18 07:48:40,12.974,19.317,1010.792,70.039,SYNTHETIC_DEMO_DATA
2393,Gujarat Coast,22.54162,69.27059,2025-10-18 10:43:31,8.309,1.187,1004.891,67.701,SYNTHETIC_DEMO_DATA
2394,Visakhapatnam,17.75225,83.35661,2025-10-18 13:38:22,10.233,0.0,1016.941,62.427,SYNTHETIC_DEMO_DATA
2395,Kerala Coast,9.87129,76.44722,2025-10-18 16:33:13,9.452,28.023,1007.167,78.981,SYNTHETIC_DEMO_DATA
2396,Gujarat Coast,22.19422,69.75298,2025-10-18 19:28:04,17.8,6.434,1006.535,86.847,SYNTHETIC_DEMO_DATA
2397,Lakshadweep,10.64763,72.38317,2025-10-18 22:22:55,1.111,0.0,1018.109,65.678,SYNTHETIC_DEMO_DATA
2398,Visakhapatnam,17.79355,83.33566,2025-10-19 01:17:46,17.837,1.981,1013.568,61.05,SYNTHETIC_DEMO_DATA
2399,Visakhapatnam,17.65398,83.37696,2025-10-19 04:12:37,17.123,16.973,1015.245,92.85,SYNTHETIC_DEMO_DATA
2400,Goa Coast,15.84056,73.91989,2025-10-19 07:07:28,22.177,13.742,995.253,74.331,SYNTHETIC_DEMO_DATA
2401,Sundarbans,21.58769,88.90657,2025-10-19 10:02:19,13.037,11.314,1009.005,59.726,SYNTHETIC_DEMO_DATA
2402,Mumbai Coast,19.02848,72.79796,2025-10-19 12:57:10,13.819,24.485,1006.202,68.847,SYNTHETIC_DEMO_DATA
2403,Goa Coast,15.73196,73.99785,2025-10-19 15:52:01,16.995,8.36,1008.811,36.621,SYNTHETIC_DEMO_DATA
2404,Mumbai Coast,18.82555,72.48083,2025-10-19 18:46:52,5.608,6.471,1019.276,52.781,SYNTHETIC_DEMO_DATA
2405,Chennai Coast,13.09222,79.75545,2025-10-19 21:41:43,14.387,19.366,1003.907,78.362,SYNTHETIC_DEMO_DATA
2406,Andaman & Nicobar,11.95807,92.44536,2025-10-20 00:36:34,17.15,19.47,1026.656,79.554,SYNTHETIC_DEMO_DATA
2407,Chennai Coast,13.35415,80.12383,2025-10-20 03:31:26,14.419,7.38,1011.251,52.723,SYNTHETIC_DEMO_DATA
2408,Goa Coast,15.22733,73.69768,2025-10-20 06:26:17,12.098,19.942,1009.2,76.523,SYNTHETIC_DEMO_DATA
2409,Kerala Coast,9.94214,76.3207,2025-10-20 09:21:08,1.0,30.235,1012.715,83.338,SYNTHETIC_DEMO_DATA
2410,Sundarbans,22.01614,89.53063,2025-10-20 12:15:59,15.285,25.283,1017.724,94.554,SYNTHETIC_DEMO_DATA
2411,Mumbai Coast,19.06361,73.20443,2025-10-20 15:10:50,13.338,18.43,1006.273,74.009,SYNTHETIC_DEMO_DATA
2412,Sundarbans,21.94107,89.31377,2025-10-20 18:05:41,5.945,20.295,1017.574,99.973,SYNTHETIC_DEMO_DATA
2413,Lakshadweep,10.54847,72.28689,2025-10-20 21:00:32,10.979,0.0,1010.23,71.854,SYNTHETIC_DEMO_DATA
2414,Gujarat Coast,22.43886,69.55101,2025-10-20 23:55:23,13.734,0.0,1023.691,82.275,SYNTHETIC_DEMO_DATA
2415,Chennai Coast,13.07936,79.79132,2025-10-21 02:50:14,10.058,5.417,1021.626,58.446,SYNTHETIC_DEMO_DATA
2416,Kerala Coast,9.79142,76.33266,2025-10-21 05:45:05,16.51,9.96,1012.59,69.106,SYNTHETIC_DEMO_DATA
2417,Gujarat Coast,22.23366,69.51668,2025-10-21 08:39:56,9.654,0.0,1018.024,80.17,SYNTHETIC_DEMO_DATA
2418,Visakhapatnam,17.55157,83.24535,2025-10-21 11:34:47,4.731,14.212,1011.873,87.132,SYNTHETIC_DEMO_DATA
2419,Visakhapatnam,17.77532,83.35099,2025-10-21 14:29:38,7.044,7.018,1006.175,92.848,SYNTHETIC_DEMO_DATA
2420,Kerala Coast,9.7933,76.01419,2025-10-21 17:24:29,10.927,13.539,1014.199,89.735,SYNTHETIC_DEMO_DATA
2421,Visakhapatnam,17.60465,83.17361,2025-10-21 20:19:20,9.366,12.174,1014.697,61.218,SYNTHETIC_DEMO_DATA
2422,Goa Coast,15.7335,74.03845,2025-10-21 23:14:11,12.232,19.698,1000.867,74.74,SYNTHETIC_DEMO_DATA
2423,Odisha Coast,19.89103,86.18999,2025-10-22 02:09:02,13.303,19.012,1019.062,77.329,SYNTHETIC_DEMO_DATA
2424,Andaman & Nicobar,11.58113,92.31191,2025-10-22 05:03:54,10.351,9.332,1006.174,100.0,SYNTHETIC_DEMO_DATA
2425,Chennai Coast,13.29202,79.97931,2025-10-22 07:58:45,6.763,7.705,1007.931,97.922,SYNTHETIC_DEMO_DATA
2426,Mumbai Coast,19.17646,73.03275,2025-10-22 10:53:36,10.71,16.991,1024.741,95.531,SYNTHETIC_DEMO_DATA
2427,Odisha Coast,19.77768,85.46193,2025-10-22 13:48:27,8.244,23.031,1004.004,73.449,SYNTHETIC_DEMO_DATA
2428,Chennai Coast,13.22117,80.02359,2025-10-22 16:43:18,14.119,1.308,1012.978,84.912,SYNTHETIC_DEMO_DATA
2429,Goa Coast,15.21476,73.65856,2025-10-22 19:38:09,18.362,12.346,1011.091,58.763,SYNTHETIC_DEMO_DATA
2430,Visakhapatnam,17.43526,83.52551,2025-10-22 22:33:00,15.344,1.762,1034.268,53.364,SYNTHETIC_DEMO_DATA
2431,Odisha Coast,19.745,86.0545,2025-10-23 01:27:51,16.313,3.755,1021.364,77.32,SYNTHETIC_DEMO_DATA
2432,Mumbai Coast,19.00465,72.91022,2025-10-23 04:22:42,12.743,21.661,1007.514,70.013,SYNTHETIC_DEMO_DATA
2433,Odisha Coast,19.86544,85.59051,2025-10-23 07:17:33,9.464,19.129,999.559,85.689,SYNTHETIC_DEMO_DATA
2434,Chennai Coast,13.13362,80.34242,2025-10-23 10:12:24,15.239,17.736,1001.875,50.357,SYNTHETIC_DEMO_DATA
2435,Kerala Coast,10.10541,76.19679,2025-10-23 13:07:15,9.756,28.368,1017.861,64.286,SYNTHETIC_DEMO_DATA
2436,Mumbai Coast,19.12516,72.67492,2025-10-23 16:02:06,5.537,22.028,1003.284,66.77,SYNTHETIC_DEMO_DATA
2437,Gujarat Coast,22.67928,69.59459,2025-10-23 18:56:57,9.937,5.267,1020.778,87.623,SYNTHETIC_DEMO_DATA
2438,Gujarat Coast,22.21977,69.67794,2025-10-23 21:51:48,15.437,9.099,1004.167,79.45,SYNTHETIC_DEMO_DATA
2439,Andaman & Nicobar,11.64952,92.42523,2025-10-24 00:46:39,18.483,0.0,1005.886,68.995,SYNTHETIC_DEMO_DATA
2440,Sundarbans,22.18244,89.08534,2025-10-24 03:41:30,7.19,11.489,992.333,67.571,SYNTHETIC_DEMO_DATA
2441,Chennai Coast,12.96759,80.25525,2025-10-24 06:36:22,3.252,3.699,1001.057,57.245,SYNTHETIC_DEMO_DATA
2442,Sundarbans,22.06879,89.48208,2025-10-24 09:31:13,11.256,25.345,1024.186,84.122,SYNTHETIC_DEMO_DATA
2443,Sundarbans,22.32851,89.12444,2025-10-24 12:26:04,9.598,22.327,1018.041,51.644,SYNTHETIC_DEMO_DATA
2444,Visakhapatnam,17.57609,83.18765,2025-10-24 15:20:55,8.147,11.397,1005.669,79.343,SYNTHETIC_DEMO_DATA
2445,Mumbai Coast,18.96083,72.998,2025-10-24 18:15:46,14.355,2.699,1012.481,80.203,SYNTHETIC_DEMO_DATA
2446,Andaman & Nicobar,11.69862,92.80622,2025-10-24 21:10:37,2.27,15.223,1008.67,57.381,SYNTHETIC_DEMO_DATA
2447,Goa Coast,15.59565,73.73115,2025-10-25 00:05:28,14.44,13.833,1013.524,59.369,SYNTHETIC_DEMO_DATA
2448,Gujarat Coast,22.76537,69.55004,2025-10-25 03:00:19,12.602,0.84,1016.411,71.127,SYNTHETIC_DEMO_DATA
2449,Goa Coast,15.28449,73.80911,2025-10-25 05:55:10,8.18,8.698,1006.993,53.692,SYNTHETIC_DEMO_DATA
2450,Odisha Coast,19.88566,85.95739,2025-10-25 08:50:01,16.714,17.917,1007.014,98.213,SYNTHETIC_DEMO_DATA
2451,Andaman & Nicobar,11.85394,92.55133,2025-10-25 11:44:52,13.404,0.0,1006.022,71.72,SYNTHETIC_DEMO_DATA
2452,Andaman & Nicobar,12.18359,92.73823,2025-10-25 14:39:43,11.222,13.997,1010.111,84.707,SYNTHETIC_DEMO_DATA
2453,Sundarbans,21.92174,89.21179,2025-10-25 17:34:34,14.862,20.299,1017.965,65.63,SYNTHETIC_DEMO_DATA
2454,Kerala Coast,10.06838,76.31543,2025-10-25 20:29:25,5.387,3.711,1011.062,72.62,SYNTHETIC_DEMO_DATA
2455,Andaman & Nicobar,11.62954,93.05367,2025-10-25 23:24:16,17.266,12.305,1014.875,70.138,SYNTHETIC_DEMO_DATA
2456,Kerala Coast,10.18113,76.54596,2025-10-26 02:19:07,12.083,30.234,1016.701,67.348,SYNTHETIC_DEMO_DATA
2457,Andaman & Nicobar,11.5754,92.5014,2025-10-26 05:13:58,17.874,18.01,1010.58,100.0,SYNTHETIC_DEMO_DATA
2458,Lakshadweep,10.63456,72.84882,2025-10-26 08:08:50,12.261,7.812,1014.977,72.73,SYNTHETIC_DEMO_DATA
2459,Kerala Coast,9.9602,76.4385,2025-10-26 11:03:41,8.986,19.658,1010.393,70.988,SYNTHETIC_DEMO_DATA
2460,Sundarbans,22.16129,89.577,2025-10-26 13:58:32,10.73,9.498,1000.121,62.792,SYNTHETIC_DEMO_DATA
2461,Chennai Coast,13.22345,79.91067,2025-10-26 16:53:23,13.572,0.0,1004.161,65.211,SYNTHETIC_DEMO_DATA
2462,Visakhapatnam,17.66686,83.02519,2025-10-26 19:48:14,5.57,18.051,1008.068,60.934,SYNTHETIC_DEMO_DATA
2463,Kerala Coast,10.19891,76.24572,2025-10-26 22:43:05,23.799,20.203,1004.469,74.991,SYNTHETIC_DEMO_DATA
2464,Mumbai Coast,19.13334,72.58356,2025-10-27 01:37:56,22.038,15.052,1016.276,58.966,SYNTHETIC_DEMO_DATA
2465,Kerala Coast,9.93627,76.10815,2025-10-27 04:32:47,13.094,23.785,994.309,87.312,SYNTHETIC_DEMO_DATA
2466,Odisha Coast,19.80053,85.24496,2025-10-27 07:27:38,13.926,23.094,1009.258,84.876,SYNTHETIC_DEMO_DATA
2467,Chennai Coast,13.23788,80.24237,2025-10-27 10:22:29,10.899,13.144,1006.374,54.367,SYNTHETIC_DEMO_DATA
2468,Gujarat Coast,22.17812,69.57345,2025-10-27 13:17:20,20.387,19.652,1010.042,79.213,SYNTHETIC_DEMO_DATA
2469,Sundarbans,22.12154,89.41071,2025-10-27 16:12:11,10.338,31.73,1013.206,95.298,SYNTHETIC_DEMO_DATA
2470,Visakhapatnam,18.23828,83.1223,2025-10-27 19:07:02,14.913,0.0,1011.963,62.248,SYNTHETIC_DEMO_DATA
2471,Andaman & Nicobar,11.85583,92.20154,2025-10-27 22:01:53,15.206,27.793,1018.933,76.897,SYNTHETIC_DEMO_DATA
2472,Sundarbans,21.6632,89.40334,2025-10-28 00:56:44,11.474,24.464,1011.374,82.397,SYNTHETIC_DEMO_DATA
2473,Kerala Coast,9.94172,76.27574,2025-10-28 03:51:35,11.313,23.547,1016.874,60.746,SYNTHETIC_DEMO_DATA
2474,Visakhapatnam,17.51007,83.13926,2025-10-28 06:46:26,10.202,20.354,1002.185,81.445,SYNTHETIC_DEMO_DATA
2475,Odisha Coast,20.02163,85.77146,2025-10-28 09:41:18,12.662,13.52,1009.535,91.208,SYNTHETIC_DEMO_DATA
2476,Kerala Coast,9.86829,76.49137,2025-10-28 12:36:09,7.669,12.288,1013.664,66.53,SYNTHETIC_DEMO_DATA
2477,Mumbai Coast,18.76612,72.91954,2025-10-28 15:31:00,12.68,33.705,1007.02,85.122,SYNTHETIC_DEMO_DATA
2478,Odisha Coast,19.75178,85.91667,2025-10-28 18:25:51,14.178,15.72,1014.342,67.072,SYNTHETIC_DEMO_DATA
2479,Sundarbans,21.85461,89.10095,2025-10-28 21:20:42,10.141,21.044,998.181,72.693,SYNTHETIC_DEMO_DATA
2480,Odisha Coast,19.41173,85.91914,2025-10-29 00:15:33,8.924,11.642,1016.313,59.666,SYNTHETIC_DEMO_DATA
2481,Gujarat Coast,22.09924,69.30055,2025-10-29 03:10:24,6.819,0.0,1012.983,85.047,SYNTHETIC_DEMO_DATA
2482,Andaman & Nicobar,11.81141,92.81687,2025-10-29 06:05:15,4.584,2.409,1019.792,86.696,SYNTHETIC_DEMO_DATA
2483,Odisha Coast,19.87554,85.59362,2025-10-29 09:00:06,20.004,4.44,1018.667,69.689,SYNTHETIC_DEMO_DATA
2484,Chennai Coast,12.95199,80.31458,2025-10-29 11:54:57,15.96,12.755,1011.421,47.662,SYNTHETIC_DEMO_DATA
2485,Chennai Coast,13.17024,80.25435,2025-10-29 14:49:48,10.216,3.141,1010.453,75.457,SYNTHETIC_DEMO_DATA
2486,Chennai Coast,12.94973,80.44556,2025-10-29 17:44:39,1.0,10.076,1012.067,83.585,SYNTHETIC_DEMO_DATA
2487,Visakhapatnam,17.80757,83.30183,2025-10-29 20:39:30,9.158,11.961,995.122,69.023,SYNTHETIC_DEMO_DATA
2488,Sundarbans,21.60553,89.21452,2025-10-29 23:34:21,12.905,12.748,1004.243,75.919,SYNTHETIC_DEMO_DATA
2489,Mumbai Coast,19.09942,72.61266,2025-10-30 02:29:12,15.006,18.016,1006.222,60.022,SYNTHETIC_DEMO_DATA
2490,Chennai Coast,13.70913,80.14894,2025-10-30 05:24:03,19.463,11.856,1013.397,60.231,SYNTHETIC_DEMO_DATA
2491,Chennai Coast,13.4914,80.33563,2025-10-30 08:18:54,6.854,18.709,1010.063,74.651,SYNTHETIC_DEMO_DATA
2492,Visakhapatnam,17.81952,83.33207,2025-10-30 11:13:46,7.215,3.521,1017.757,75.152,SYNTHETIC_DEMO_DATA
2493,Lakshadweep,10.6889,72.63781,2025-10-30 14:08:37,10.32,3.546,1009.711,73.944,SYNTHETIC_DEMO_DATA
2494,Gujarat Coast,22.31613,69.54726,2025-10-30 17:03:28,12.219,5.794,1007.159,64.554,SYNTHETIC_DEMO_DATA
2495,Kerala Coast,9.88697,76.04689,2025-10-30 19:58:19,15.376,24.307,1014.548,79.869,SYNTHETIC_DEMO_DATA
2496,Visakhapatnam,17.43975,83.20774,2025-10-30 22:53:10,11.056,14.31,1016.583,88.518,SYNTHETIC_DEMO_DATA
2497,Andaman & Nicobar,11.65868,92.72762,2025-10-31 01:48:01,15.515,11.38,1013.871,48.972,SYNTHETIC_DEMO_DATA
2498,Andaman & Nicobar,12.14403,92.84487,2025-10-31 04:42:52,12.435,23.253,1007.366,91.429,SYNTHETIC_DEMO_DATA
2499,Sundarbans,21.86678,89.43502,2025-10-31 07:37:43,16.933,17.454,1002.986,72.995,SYNTHETIC_DEMO_DATA
2500,Lakshadweep,10.52849,72.43348,2025-10-31 10:32:34,11.497,18.448,1013.417,70.626,SYNTHETIC_DEMO_DATA
2501,Gujarat Coast,22.75949,69.67179,2025-10-31 13:27:25,10.549,0.0,1016.966,63.953,SYNTHETIC_DEMO_DATA
2502,Sundarbans,22.04928,89.36656,2025-10-31 16:22:16,7.634,17.274,1003.073,71.245,SYNTHETIC_DEMO_DATA
2503,Goa Coast,15.77948,73.9801,2025-10-31 19:17:07,13.008,27.303,1018.688,71.971,SYNTHETIC_DEMO_DATA
2504,Odisha Coast,19.89066,86.18034,2025-10-31 22:11:58,15.971,11.942,1013.275,67.331,SYNTHETIC_DEMO_DATA
2505,Sundarbans,22.04333,89.01186,2025-11-01 01:06:49,8.603,28.04,1009.52,73.326,SYNTHETIC_DEMO_DATA
2506,Odisha Coast,19.94315,86.08602,2025-11-01 04:01:40,5.008,0.0,1012.325,85.432,SYNTHETIC_DEMO_DATA
2507,Kerala Coast,9.76657,76.03043,2025-11-01 06:56:31,12.13,17.391,1001.811,73.152,SYNTHETIC_DEMO_DATA
2508,Gujarat Coast,22.32861,69.44452,2025-11-01 09:51:22,8.39,12.362,1005.725,63.328,SYNTHETIC_DEMO_DATA
2509,Kerala Coast,10.04809,76.443,2025-11-01 12:46:13,22.489,20.551,1014.288,98.291,SYNTHETIC_DEMO_DATA
2510,Odisha Coast,19.82906,85.93184,2025-11-01 15:41:05,16.739,15.019,1007.624,79.3,SYNTHETIC_DEMO_DATA
2511,Odisha Coast,19.87239,85.70101,2025-11-01 18:35:56,7.443,25.087,1009.418,90.062,SYNTHETIC_DEMO_DATA
2512,Andaman & Nicobar,11.75147,92.87043,2025-11-01 21:30:47,12.724,12.966,1027.245,60.319,SYNTHETIC_DEMO_DATA
2513,Lakshadweep,10.46709,72.45097,2025-11-02 00:25:38,9.585,11.337,1011.179,78.486,SYNTHETIC_DEMO_DATA
2514,Goa Coast,15.42164,73.8774,2025-11-02 03:20:29,2.091,0.0,1011.795,74.274,SYNTHETIC_DEMO_DATA
2515,Odisha Coast,19.69787,85.7007,2025-11-02 06:15:20,12.966,14.125,1005.391,86.973,SYNTHETIC_DEMO_DATA
2516,Andaman & Nicobar,11.81315,93.32377,2025-11-02 09:10:11,13.664,15.554,1004.672,63.308,SYNTHETIC_DEMO_DATA
2517,Gujarat Coast,22.48996,69.95722,2025-11-02 12:05:02,11.668,10.547,1007.174,75.82,SYNTHETIC_DEMO_DATA
2518,Mumbai Coast,18.80714,72.66426,2025-11-02 14:59:53,13.891,20.663,1004.716,89.092,SYNTHETIC_DEMO_DATA
2519,Odisha Coast,19.98497,85.93974,2025-11-02 17:54:44,16.591,9.362,1004.779,89.5,SYNTHETIC_DEMO_DATA
2520,Lakshadweep,10.79909,72.63208,2025-11-02 20:49:35,12.904,10.566,1015.134,77.528,SYNTHETIC_DEMO_DATA
2521,Kerala Coast,9.81446,76.10957,2025-11-02 23:44:26,10.108,25.526,990.546,86.01,SYNTHETIC_DEMO_DATA
2522,Sundarbans,21.86305,89.47755,2025-11-03 02:39:17,19.127,27.837,1017.517,71.684,SYNTHETIC_DEMO_DATA
2523,Visakhapatnam,17.47624,83.16425,2025-11-03 05:34:08,7.078,10.518,1003.037,70.882,SYNTHETIC_DEMO_DATA
2524,Kerala Coast,10.02994,76.16608,2025-11-03 08:28:59,17.924,14.215,996.811,71.158,SYNTHETIC_DEMO_DATA
2525,Sundarbans,21.87805,89.18463,2025-11-03 11:23:50,9.383,18.29,1024.054,64.269,SYNTHETIC_DEMO_DATA
2526,Chennai Coast,12.99376,80.3655,2025-11-03 14:18:41,10.424,2.711,1018.815,70.346,SYNTHETIC_DEMO_DATA
2527,Kerala Coast,10.04497,76.13184,2025-11-03 17:13:33,6.79,25.947,1027.695,63.77,SYNTHETIC_DEMO_DATA
2528,Lakshadweep,10.63161,73.06935,2025-11-03 20:08:24,15.379,2.357,1009.846,82.768,SYNTHETIC_DEMO_DATA
2529,Sundarbans,21.87434,89.33319,2025-11-03 23:03:15,19.135,10.199,1013.239,80.102,SYNTHETIC_DEMO_DATA
2530,Mumbai Coast,19.09928,73.39429,2025-11-04 01:58:06,8.779,18.353,995.282,59.693,SYNTHETIC_DEMO_DATA
2531,Lakshadweep,10.68869,72.83111,2025-11-04 04:52:57,11.124,6.01,1009.24,77.646,SYNTHETIC_DEMO_DATA
2532,Andaman & Nicobar,11.74309,92.62332,2025-11-04 07:47:48,10.687,22.142,1013.405,79.459,SYNTHETIC_DEMO_DATA
2533,Lakshadweep,10.4402,73.0791,2025-11-04 10:42:39,18.232,4.221,1020.817,70.103,SYNTHETIC_DEMO_DATA
2534,Odisha Coast,19.68373,85.86207,2025-11-04 13:37:30,14.109,4.201,1008.882,89.694,SYNTHETIC_DEMO_DATA
2535,Andaman & Nicobar,11.53059,92.40042,2025-11-04 16:32:21,17.691,11.506,1018.56,59.493,SYNTHETIC_DEMO_DATA
2536,Lakshadweep,10.7502,72.39475,2025-11-04 19:27:12,7.551,4.651,1021.985,46.741,SYNTHETIC_DEMO_DATA
2537,Chennai Coast,12.79972,80.27805,2025-11-04 22:22:03,9.654,2.224,1017.099,66.487,SYNTHETIC_DEMO_DATA
2538,Kerala Coast,9.94674,76.55281,2025-11-05 01:16:54,8.11,20.347,1021.467,80.673,SYNTHETIC_DEMO_DATA
2539,Mumbai Coast,19.15219,72.78168,2025-11-05 04:11:45,8.216,15.253,1020.323,76.18,SYNTHETIC_DEMO_DATA
2540,Kerala Coast,9.82276,76.21588,2025-11-05 07:06:36,10.136,12.715,1012.286,80.67,SYNTHETIC_DEMO_DATA
2541,Visakhapatnam,17.92658,83.10788,2025-11-05 10:01:27,14.135,7.018,1019.112,85.738,SYNTHETIC_DEMO_DATA
2542,Lakshadweep,10.29147,72.41479,2025-11-05 12:56:18,13.637,11.234,1004.283,67.186,SYNTHETIC_DEMO_DATA
2543,Lakshadweep,10.37971,72.27025,2025-11-05 15:51:09,13.441,2.905,1008.298,59.594,SYNTHETIC_DEMO_DATA
2544,Chennai Coast,13.13506,80.22775,2025-11-05 18:46:01,16.89,3.033,1013.488,91.435,SYNTHETIC_DEMO_DATA
2545,Andaman & Nicobar,11.73448,92.87283,2025-11-05 21:40:52,1.0,15.253,1011.023,70.713,SYNTHETIC_DEMO_DATA
2546,Chennai Coast,13.05439,80.36605,2025-11-06 00:35:43,10.544,15.325,1014.05,80.606,SYNTHETIC_DEMO_DATA
2547,Goa Coast,15.43774,73.64387,2025-11-06 03:30:34,14.4,16.727,1014.847,71.749,SYNTHETIC_DEMO_DATA
2548,Mumbai Coast,18.97205,72.70754,2025-11-06 06:25:25,13.346,11.071,1017.649,91.32,SYNTHETIC_DEMO_DATA
2549,Kerala Coast,9.94205,76.22555,2025-11-06 09:20:16,7.136,17.032,1014.379,73.278,SYNTHETIC_DEMO_DATA
2550,Odisha Coast,19.67382,86.41925,2025-11-06 12:15:07,18.456,14.321,1008.578,83.077,SYNTHETIC_DEMO_DATA
2551,Gujarat Coast,22.65329,69.28799,2025-11-06 15:09:58,11.884,17.988,999.753,81.45,SYNTHETIC_DEMO_DATA
2552,Chennai Coast,13.00707,79.95753,2025-11-06 18:04:49,11.179,6.685,1004.499,49.25,SYNTHETIC_DEMO_DATA
2553,Visakhapatnam,17.42422,83.4199,2025-11-06 20:59:40,5.965,9.374,1006.576,81.225,SYNTHETIC_DEMO_DATA
2554,Odisha Coast,19.5528,85.9447,2025-11-06 23:54:31,23.011,5.83,1000.198,66.434,SYNTHETIC_DEMO_DATA
2555,Lakshadweep,10.62954,72.62702,2025-11-07 02:49:22,15.761,11.962,1002.634,73.67,SYNTHETIC_DEMO_DATA
2556,Odisha Coast,19.75052,85.7673,2025-11-07 05:44:13,17.005,16.316,1016.652,60.554,SYNTHETIC_DEMO_DATA
2557,Goa Coast,15.28197,73.71494,2025-11-07 08:39:04,1.431,16.589,1017.915,74.779,SYNTHETIC_DEMO_DATA
2558,Andaman & Nicobar,11.64355,92.63687,2025-11-07 11:33:55,16.841,28.172,1008.387,84.711,SYNTHETIC_DEMO_DATA
2559,Sundarbans,21.7401,89.14722,2025-11-07 14:28:46,4.033,31.585,1017.585,99.908,SYNTHETIC_DEMO_DATA
2560,Mumbai Coast,18.78035,72.8809,2025-11-07 17:23:37,12.084,16.249,1010.912,74.668,SYNTHETIC_DEMO_DATA
2561,Mumbai Coast,18.9741,72.84085,2025-11-07 20:18:29,2.907,14.169,1011.136,60.346,SYNTHETIC_DEMO_DATA
2562,Chennai Coast,12.53908,79.8472,2025-11-07 23:13:20,18.834,2.003,1013.883,67.813,SYNTHETIC_DEMO_DATA
2563,Gujarat Coast,22.59796,69.87096,2025-11-08 02:08:11,10.319,0.0,1029.011,73.189,SYNTHETIC_DEMO_DATA
2564,Kerala Coast,10.24415,76.26293,2025-11-08 05:03:02,14.727,26.636,1003.788,67.899,SYNTHETIC_DEMO_DATA
2565,Kerala Coast,9.97807,76.22902,2025-11-08 07:57:53,3.75,23.076,1023.887,76.811,SYNTHETIC_DEMO_DATA
2566,Kerala Coast,9.71988,76.30711,2025-11-08 10:52:44,12.785,11.018,1005.101,64.314,SYNTHETIC_DEMO_DATA
2567,Andaman & Nicobar,11.79033,92.86414,2025-11-08 13:47:35,12.272,9.587,1011.292,78.283,SYNTHETIC_DEMO_DATA
2568,Gujarat Coast,22.34279,69.42716,2025-11-08 16:42:26,14.31,19.103,1001.256,54.985,SYNTHETIC_DEMO_DATA
2569,Chennai Coast,13.01137,80.25409,2025-11-08 19:37:17,8.114,8.058,1017.756,72.038,SYNTHETIC_DEMO_DATA
2570,Lakshadweep,10.67296,72.94221,2025-11-08 22:32:08,14.51,14.284,1017.968,79.948,SYNTHETIC_DEMO_DATA
2571,Andaman & Nicobar,11.40003,92.7878,2025-11-09 01:26:59,15.3,8.574,1010.928,79.049,SYNTHETIC_DEMO_DATA
2572,Lakshadweep,10.5471,72.62287,2025-11-09 04:21:50,9.783,0.0,1019.365,88.771,SYNTHETIC_DEMO_DATA
2573,Goa Coast,15.73604,73.63195,2025-11-09 07:16:41,17.032,8.216,1016.181,70.902,SYNTHETIC_DEMO_DATA
2574,Chennai Coast,13.28248,80.15743,2025-11-09 10:11:32,3.429,2.989,1009.115,72.878,SYNTHETIC_DEMO_DATA
2575,Goa Coast,15.2245,73.82838,2025-11-09 13:06:23,7.082,2.648,1005.669,81.416,SYNTHETIC_DEMO_DATA
2576,Chennai Coast,12.57054,80.06852,2025-11-09 16:01:14,13.855,8.103,1010.508,75.468,SYNTHETIC_DEMO_DATA
2577,Visakhapatnam,17.83156,83.25471,2025-11-09 18:56:05,15.225,16.947,1008.045,77.666,SYNTHETIC_DEMO_DATA
2578,Kerala Coast,9.81669,76.15678,2025-11-09 21:50:57,9.215,18.999,1014.084,55.513,SYNTHETIC_DEMO_DATA
2579,Lakshadweep,10.4681,72.58694,2025-11-10 00:45:48,11.113,19.856,1035.0,73.733,SYNTHETIC_DEMO_DATA
2580,Mumbai Coast,19.19984,73.08718,2025-11-10 03:40:39,2.644,23.73,999.885,86.346,SYNTHETIC_DEMO_DATA
2581,Chennai Coast,12.97321,80.04291,2025-11-10 06:35:30,12.122,9.13,1010.925,64.333,SYNTHETIC_DEMO_DATA
2582,Kerala Coast,9.79622,76.30304,2025-11-10 09:30:21,14.103,2.331,1019.707,83.27,SYNTHETIC_DEMO_DATA
2583,Visakhapatnam,18.04094,83.09538,2025-11-10 12:25:12,4.876,21.331,1007.242,86.508,SYNTHETIC_DEMO_DATA
2584,Gujarat Coast,22.61679,69.55076,2025-11-10 15:20:03,12.5,16.498,1010.983,82.341,SYNTHETIC_DEMO_DATA
2585,Chennai Coast,13.24377,80.41628,2025-11-10 18:14:54,19.519,2.723,1002.956,63.834,SYNTHETIC_DEMO_DATA
2586,Mumbai Coast,19.001,72.59078,2025-11-10 21:09:45,4.934,13.275,1012.649,81.207,SYNTHETIC_DEMO_DATA
2587,Chennai Coast,13.54467,80.01826,2025-11-11 00:04:36,17.748,0.0,1012.158,62.786,SYNTHETIC_DEMO_DATA
2588,Chennai Coast,12.94064,80.54843,2025-11-11 02:59:27,12.231,24.4,1015.847,66.821,SYNTHETIC_DEMO_DATA
2589,Lakshadweep,10.6147,72.67683,2025-11-11 05:54:18,16.288,0.0,999.971,73.539,SYNTHETIC_DEMO_DATA
2590,Chennai Coast,13.51128,80.21371,2025-11-11 08:49:09,1.237,8.272,1019.085,85.399,SYNTHETIC_DEMO_DATA
2591,Sundarbans,22.03591,89.06074,2025-11-11 11:44:00,11.502,25.575,1026.487,76.876,SYNTHETIC_DEMO_DATA
2592,Chennai Coast,13.27224,80.30003,2025-11-11 14:38:51,10.391,2.173,1013.06,72.318,SYNTHETIC_DEMO_DATA
2593,Mumbai Coast,19.23683,73.00792,2025-11-11 17:33:42,15.565,22.612,1008.279,88.061,SYNTHETIC_DEMO_DATA
2594,Sundarbans,21.78286,89.196,2025-11-11 20:28:33,5.045,17.465,996.29,73.936,SYNTHETIC_DEMO_DATA
2595,Chennai Coast,13.05487,80.11187,2025-11-11 23:23:25,19.369,12.805,1008.704,95.158,SYNTHETIC_DEMO_DATA
2596,Odisha Coast,19.77758,85.89528,2025-11-12 02:18:16,12.693,19.096,1008.961,63.734,SYNTHETIC_DEMO_DATA
2597,Mumbai Coast,19.04486,73.06942,2025-11-12 05:13:07,7.444,17.898,1024.494,72.652,SYNTHETIC_DEMO_DATA
2598,Goa Coast,15.33188,73.76987,2025-11-12 08:07:58,18.654,12.807,1001.3,73.411,SYNTHETIC_DEMO_DATA
2599,Lakshadweep,10.51017,72.46577,2025-11-12 11:02:49,17.904,0.0,1007.386,94.885,SYNTHETIC_DEMO_DATA
2600,Chennai Coast,13.16745,79.95263,2025-11-12 13:57:40,8.917,0.0,1011.702,89.988,SYNTHETIC_DEMO_DATA
2601,Andaman & Nicobar,11.56012,92.49254,2025-11-12 16:52:31,8.258,22.568,1026.296,89.037,SYNTHETIC_DEMO_DATA
2602,Visakhapatnam,17.8105,82.84976,2025-11-12 19:47:22,6.956,14.869,1013.249,75.2,SYNTHETIC_DEMO_DATA
2603,Goa Coast,15.65104,73.96723,2025-11-12 22:42:13,11.008,25.276,1018.749,74.064,SYNTHETIC_DEMO_DATA
2604,Mumbai Coast,19.01084,72.98172,2025-11-13 01:37:04,16.006,22.563,1008.071,87.878,SYNTHETIC_DEMO_DATA
2605,Goa Coast,15.38135,73.54372,2025-11-13 04:31:55,8.983,27.867,1013.465,42.634,SYNTHETIC_DEMO_DATA
2606,Goa Coast,15.49661,73.6412,2025-11-13 07:26:46,12.329,12.194,1006.15,70.05,SYNTHETIC_DEMO_DATA
2607,Mumbai Coast,19.18171,72.57501,2025-11-13 10:21:37,15.649,30.107,1008.386,87.636,SYNTHETIC_DEMO_DATA
2608,Visakhapatnam,17.52038,83.54916,2025-11-13 13:16:28,9.274,8.025,1014.256,69.883,SYNTHETIC_DEMO_DATA
2609,Mumbai Coast,19.26314,73.16934,2025-11-13 16:11:19,11.048,13.084,1008.441,93.507,SYNTHETIC_DEMO_DATA
2610,Andaman & Nicobar,11.95518,92.51854,2025-11-13 19:06:10,4.396,17.78,1011.766,66.93,SYNTHETIC_DEMO_DATA
2611,Lakshadweep,10.43642,72.64024,2025-11-13 22:01:01,15.342,1.206,1021.464,83.988,SYNTHETIC_DEMO_DATA
2612,Lakshadweep,10.49145,72.54279,2025-11-14 00:55:52,17.28,0.0,1004.863,71.63,SYNTHETIC_DEMO_DATA
2613,Odisha Coast,19.81942,85.65492,2025-11-14 03:50:44,14.197,31.882,1007.801,92.189,SYNTHETIC_DEMO_DATA
2614,Mumbai Coast,18.74061,73.0515,2025-11-14 06:45:35,13.159,16.626,1014.136,73.294,SYNTHETIC_DEMO_DATA
2615,Odisha Coast,19.53778,85.86402,2025-11-14 09:40:26,14.665,12.57,1009.355,75.568,SYNTHETIC_DEMO_DATA
2616,Gujarat Coast,22.36147,69.48574,2025-11-14 12:35:17,14.372,0.0,1016.442,85.196,SYNTHETIC_DEMO_DATA
2617,Lakshadweep,10.15127,72.63694,2025-11-14 15:30:08,9.402,0.0,1014.441,70.525,SYNTHETIC_DEMO_DATA
2618,Sundarbans,22.00259,89.53727,2025-11-14 18:24:59,6.032,16.208,1028.378,63.835,SYNTHETIC_DEMO_DATA
2619,Gujarat Coast,22.477,69.4942,2025-11-14 21:19:50,2.749,0.0,1023.259,75.308,SYNTHETIC_DEMO_DATA
2620,Lakshadweep,10.39732,72.57928,2025-11-15 00:14:41,10.067,10.49,1017.681,100.0,SYNTHETIC_DEMO_DATA
2621,Andaman & Nicobar,11.60568,92.6359,2025-11-15 03:09:32,9.362,1.276,1021.742,82.107,SYNTHETIC_DEMO_DATA
2622,Chennai Coast,13.13927,80.56461,2025-11-15 06:04:23,12.952,14.812,1001.078,86.446,SYNTHETIC_DEMO_DATA
2623,Odisha Coast,19.80443,85.91176,2025-11-15 08:59:14,11.477,0.0,1003.7,89.358,SYNTHETIC_DEMO_DATA
2624,Lakshadweep,10.66863,72.67908,2025-11-15 11:54:05,19.615,15.408,1017.618,62.024,SYNTHETIC_DEMO_DATA
2625,Lakshadweep,10.61982,72.61367,2025-11-15 14:48:56,13.493,0.0,1000.387,73.237,SYNTHETIC_DEMO_DATA
2626,Mumbai Coast,18.8257,72.46175,2025-11-15 17:43:47,17.279,8.512,1011.98,77.634,SYNTHETIC_DEMO_DATA
2627,Lakshadweep,10.82246,72.56134,2025-11-15 20:38:38,10.467,18.334,1025.166,82.047,SYNTHETIC_DEMO_DATA
2628,Sundarbans,22.05043,89.39759,2025-11-15 23:33:29,15.399,20.949,1013.109,88.808,SYNTHETIC_DEMO_DATA
2629,Gujarat Coast,22.14659,69.63176,2025-11-16 02:28:20,6.284,8.316,1014.5,93.466,SYNTHETIC_DEMO_DATA
2630,Sundarbans,22.01308,89.13727,2025-11-16 05:23:12,22.318,13.281,1003.752,81.257,SYNTHETIC_DEMO_DATA
2631,Lakshadweep,10.70574,72.63234,2025-11-16 08:18:03,12.595,15.801,1008.198,51.442,SYNTHETIC_DEMO_DATA
2632,Gujarat Coast,22.49386,69.36583,2025-11-16 11:12:54,13.961,5.62,1026.884,75.39,SYNTHETIC_DEMO_DATA
2633,Lakshadweep,10.40204,72.73772,2025-11-16 14:07:45,17.104,22.017,1019.844,73.851,SYNTHETIC_DEMO_DATA
2634,Mumbai Coast,19.06228,72.90323,2025-11-16 17:02:36,7.585,16.134,1006.31,99.534,SYNTHETIC_DEMO_DATA
2635,Sundarbans,22.09766,89.26613,2025-11-16 19:57:27,21.886,19.02,1014.245,71.189,SYNTHETIC_DEMO_DATA
2636,Sundarbans,21.80182,89.35217,2025-11-16 22:52:18,14.968,2.275,997.164,92.273,SYNTHETIC_DEMO_DATA
2637,Chennai Coast,12.84906,80.20758,2025-11-17 01:47:09,17.32,5.49,1009.326,54.649,SYNTHETIC_DEMO_DATA
2638,Goa Coast,15.33972,73.68424,2025-11-17 04:42:00,6.857,1.816,1026.832,78.98,SYNTHETIC_DEMO_DATA
2639,Odisha Coast,19.65449,85.50287,2025-11-17 07:36:51,12.11,4.537,1005.368,74.397,SYNTHETIC_DEMO_DATA
2640,Andaman & Nicobar,11.95072,92.72672,2025-11-17 10:31:42,17.618,20.12,1014.689,80.363,SYNTHETIC_DEMO_DATA
2641,Visakhapatnam,18.04488,83.27326,2025-11-17 13:26:33,11.76,10.17,1018.451,75.121,SYNTHETIC_DEMO_DATA
2642,Kerala Coast,9.63359,76.40283,2025-11-17 16:21:24,12.834,7.24,1011.838,83.026,SYNTHETIC_DEMO_DATA
2643,Visakhapatnam,17.94991,82.91516,2025-11-17 19:16:15,10.924,5.76,1008.215,89.95,SYNTHETIC_DEMO_DATA
2644,Kerala Coast,9.96428,76.04477,2025-11-17 22:11:06,13.113,23.435,1009.31,83.489,SYNTHETIC_DEMO_DATA
2645,Kerala Coast,9.63254,76.30738,2025-11-18 01:05:57,1.955,13.433,1010.276,61.505,SYNTHETIC_DEMO_DATA
2646,Sundarbans,21.67427,88.99243,2025-11-18 04:00:48,9.401,30.292,1009.431,80.815,SYNTHETIC_DEMO_DATA
2647,Mumbai Coast,19.05329,72.51714,2025-11-18 06:55:40,11.444,14.211,1024.765,58.585,SYNTHETIC_DEMO_DATA
2648,Goa Coast,15.38319,74.03462,2025-11-18 09:50:31,9.263,16.047,1014.585,77.542,SYNTHETIC_DEMO_DATA
2649,Lakshadweep,10.29461,72.42698,2025-11-18 12:45:22,22.539,14.193,1018.103,77.828,SYNTHETIC_DEMO_DATA
2650,Chennai Coast,13.39493,80.30402,2025-11-18 15:40:13,15.794,6.632,1012.952,87.342,SYNTHETIC_DEMO_DATA
2651,Andaman & Nicobar,11.49676,92.76015,2025-11-18 18:35:04,17.689,3.795,1022.495,65.287,SYNTHETIC_DEMO_DATA
2652,Andaman & Nicobar,11.68921,92.5614,2025-11-18 21:29:55,8.624,10.746,1013.805,96.661,SYNTHETIC_DEMO_DATA
2653,Lakshadweep,10.45322,72.75466,2025-11-19 00:24:46,1.0,17.782,1014.677,69.563,SYNTHETIC_DEMO_DATA
2654,Chennai Coast,13.21822,80.03623,2025-11-19 03:19:37,11.987,5.811,1013.229,89.123,SYNTHETIC_DEMO_DATA
2655,Andaman & Nicobar,11.68839,92.37798,2025-11-19 06:14:28,10.909,10.956,1025.024,81.421,SYNTHETIC_DEMO_DATA
2656,Mumbai Coast,19.01045,72.54718,2025-11-19 09:09:19,10.293,12.642,1013.734,71.839,SYNTHETIC_DEMO_DATA
2657,Sundarbans,21.97906,88.97058,2025-11-19 12:04:10,8.995,21.781,1017.023,83.555,SYNTHETIC_DEMO_DATA
2658,Visakhapatnam,17.77137,83.32132,2025-11-19 14:59:01,18.425,2.794,1018.28,61.177,SYNTHETIC_DEMO_DATA
2659,Gujarat Coast,22.17597,69.11496,2025-11-19 17:53:52,7.751,0.0,1012.174,71.494,SYNTHETIC_DEMO_DATA
2660,Odisha Coast,19.93484,85.74868,2025-11-19 20:48:43,20.748,24.241,1003.033,92.321,SYNTHETIC_DEMO_DATA
2661,Kerala Coast,10.01583,75.87479,2025-11-19 23:43:34,12.058,43.038,1022.17,84.85,SYNTHETIC_DEMO_DATA
2662,Goa Coast,15.61417,73.87056,2025-11-20 02:38:25,19.029,2.601,1015.524,71.387,SYNTHETIC_DEMO_DATA
2663,Odisha Coast,19.88445,85.67943,2025-11-20 05:33:16,12.162,0.0,1003.632,67.691,SYNTHETIC_DEMO_DATA
2664,Kerala Coast,9.77237,76.26479,2025-11-20 08:28:08,14.934,22.142,1015.56,92.044,SYNTHETIC_DEMO_DATA
2665,Visakhapatnam,17.80082,82.9331,2025-11-20 11:22:59,17.463,23.298,1018.942,82.731,SYNTHETIC_DEMO_DATA
2666,Mumbai Coast,19.11286,72.66947,2025-11-20 14:17:50,11.962,19.219,1018.266,76.906,SYNTHETIC_DEMO_DATA
2667,Visakhapatnam,17.35415,83.72062,2025-11-20 17:12:41,24.408,20.035,1015.248,95.693,SYNTHETIC_DEMO_DATA
2668,Lakshadweep,10.45142,72.69706,2025-11-20 20:07:32,11.078,13.345,1019.478,93.219,SYNTHETIC_DEMO_DATA
2669,Sundarbans,22.24652,89.44277,2025-11-20 23:02:23,10.883,20.905,1009.003,82.116,SYNTHETIC_DEMO_DATA
2670,Lakshadweep,10.74264,72.62845,2025-11-21 01:57:14,4.132,12.947,1002.138,75.62,SYNTHETIC_DEMO_DATA
2671,Goa Coast,15.73523,73.48782,2025-11-21 04:52:05,12.212,12.506,1013.49,91.97,SYNTHETIC_DEMO_DATA
2672,Andaman & Nicobar,11.55449,92.5541,2025-11-21 07:46:56,16.557,17.054,1000.469,73.986,SYNTHETIC_DEMO_DATA
2673,Andaman & Nicobar,11.96623,92.50628,2025-11-21 10:41:47,1.0,19.974,1006.452,60.221,SYNTHETIC_DEMO_DATA
2674,Odisha Coast,19.80263,85.73152,2025-11-21 13:36:38,18.425,29.195,1003.563,86.922,SYNTHETIC_DEMO_DATA
2675,Lakshadweep,10.50552,72.61704,2025-11-21 16:31:29,10.096,2.962,1002.519,81.314,SYNTHETIC_DEMO_DATA
2676,Mumbai Coast,19.09434,72.71865,2025-11-21 19:26:20,15.57,24.499,1007.56,69.165,SYNTHETIC_DEMO_DATA
2677,Lakshadweep,10.77284,72.66191,2025-11-21 22:21:11,5.356,6.841,1008.612,61.751,SYNTHETIC_DEMO_DATA
2678,Andaman & Nicobar,11.68416,93.06341,2025-11-22 01:16:02,18.439,8.945,1000.378,75.44,SYNTHETIC_DEMO_DATA
2679,Mumbai Coast,19.49521,72.85015,2025-11-22 04:10:53,8.864,24.785,1007.174,91.389,SYNTHETIC_DEMO_DATA
2680,Chennai Coast,12.92478,80.31586,2025-11-22 07:05:44,8.059,6.283,1005.381,88.905,SYNTHETIC_DEMO_DATA
2681,Odisha Coast,19.95996,86.07124,2025-11-22 10:00:36,20.797,7.104,1004.578,71.565,SYNTHETIC_DEMO_DATA
2682,Odisha Coast,19.97968,85.74947,2025-11-22 12:55:27,12.233,8.675,1015.215,81.971,SYNTHETIC_DEMO_DATA
2683,Chennai Coast,13.3231,80.01703,2025-11-22 15:50:18,1.566,5.521,1003.47,53.872,SYNTHETIC_DEMO_DATA
2684,Andaman & Nicobar,11.40324,92.90587,2025-11-22 18:45:09,12.401,5.792,1003.58,73.603,SYNTHETIC_DEMO_DATA
2685,Mumbai Coast,18.89255,72.33697,2025-11-22 21:40:00,15.911,13.755,1022.046,89.556,SYNTHETIC_DEMO_DATA
2686,Kerala Coast,9.7833,76.62978,2025-11-23 00:34:51,3.66,13.851,1012.182,82.234,SYNTHETIC_DEMO_DATA
2687,Visakhapatnam,17.4953,83.26042,2025-11-23 03:29:42,2.107,2.417,1001.764,69.611,SYNTHETIC_DEMO_DATA
2688,Mumbai Coast,18.94379,72.83452,2025-11-23 06:24:33,9.419,18.643,1026.254,67.157,SYNTHETIC_DEMO_DATA
2689,Gujarat Coast,22.13998,69.38689,2025-11-23 09:19:24,16.81,2.716,1013.154,79.281,SYNTHETIC_DEMO_DATA
2690,Lakshadweep,10.47972,72.61947,2025-11-23 12:14:15,16.963,19.99,1007.521,82.635,SYNTHETIC_DEMO_DATA
2691,Goa Coast,15.40937,73.78359,2025-11-23 15:09:06,9.121,0.0,995.664,55.899,SYNTHETIC_DEMO_DATA
2692,Gujarat Coast,21.91641,69.42297,2025-11-23 18:03:57,2.752,6.369,1013.863,56.597,SYNTHETIC_DEMO_DATA
2693,Lakshadweep,10.76473,72.39236,2025-11-23 20:58:48,6.022,26.226,1001.06,82.657,SYNTHETIC_DEMO_DATA
2694,Kerala Coast,9.93756,76.31279,2025-11-23 23:53:39,1.633,29.013,1009.593,84.783,SYNTHETIC_DEMO_DATA
2695,Lakshadweep,10.59501,72.57735,2025-11-24 02:48:30,9.049,15.815,1011.645,73.633,SYNTHETIC_DEMO_DATA
2696,Chennai Coast,12.9987,80.17032,2025-11-24 05:43:21,7.283,9.183,1001.942,73.653,SYNTHETIC_DEMO_DATA
2697,Odisha Coast,20.00694,85.65461,2025-11-24 08:38:12,3.816,25.397,1011.507,86.309,SYNTHETIC_DEMO_DATA
2698,Kerala Coast,9.84822,76.22652,2025-11-24 11:33:03,10.394,16.205,1015.078,78.912,SYNTHETIC_DEMO_DATA
2699,Odisha Coast,19.64356,86.13456,2025-11-24 14:27:55,12.002,29.995,1019.79,97.703,SYNTHETIC_DEMO_DATA
2700,Odisha Coast,19.64467,85.37848,2025-11-24 17:22:46,14.428,11.566,1012.497,87.898,SYNTHETIC_DEMO_DATA
2701,Andaman & Nicobar,11.81217,92.21183,2025-11-24 20:17:37,12.521,19.033,1010.491,91.377,SYNTHETIC_DEMO_DATA
2702,Goa Coast,15.58016,74.28242,2025-11-24 23:12:28,13.564,7.179,1010.757,85.59,SYNTHETIC_DEMO_DATA
2703,Visakhapatnam,17.50962,83.10023,2025-11-25 02:07:19,1.0,7.598,1031.325,80.197,SYNTHETIC_DEMO_DATA
2704,Andaman & Nicobar,12.08704,92.76005,2025-11-25 05:02:10,12.218,0.0,1008.288,86.717,SYNTHETIC_DEMO_DATA
2705,Sundarbans,21.95079,89.15356,2025-11-25 07:57:01,11.959,16.109,1025.995,75.015,SYNTHETIC_DEMO_DATA
2706,Visakhapatnam,17.84241,83.29217,2025-11-25 10:51:52,4.185,8.548,1022.172,81.103,SYNTHETIC_DEMO_DATA
2707,Goa Coast,15.25741,73.89857,2025-11-25 13:46:43,3.814,15.071,1020.686,67.419,SYNTHETIC_DEMO_DATA
2708,Chennai Coast,12.7988,80.53076,2025-11-25 16:41:34,22.559,2.747,1015.262,82.89,SYNTHETIC_DEMO_DATA
2709,Goa Coast,15.72031,73.97797,2025-11-25 19:36:25,24.743,10.776,1011.773,77.291,SYNTHETIC_DEMO_DATA
2710,Andaman & Nicobar,12.07385,92.70757,2025-11-25 22:31:16,12.246,16.348,1013.703,81.013,SYNTHETIC_DEMO_DATA
2711,Sundarbans,21.76093,89.55698,2025-11-26 01:26:07,10.361,23.99,1021.496,66.304,SYNTHETIC_DEMO_DATA
2712,Sundarbans,21.85531,89.2783,2025-11-26 04:20:58,13.06,10.075,1002.861,52.934,SYNTHETIC_DEMO_DATA
2713,Lakshadweep,10.74851,72.7691,2025-11-26 07:15:49,16.23,10.394,1008.178,80.854,SYNTHETIC_DEMO_DATA
2714,Mumbai Coast,19.07486,72.52321,2025-11-26 10:10:40,23.994,10.964,1026.753,89.259,SYNTHETIC_DEMO_DATA
2715,Mumbai Coast,18.92756,72.6593,2025-11-26 13:05:31,6.286,21.197,1003.276,82.292,SYNTHETIC_DEMO_DATA
2716,Kerala Coast,10.07593,75.98548,2025-11-26 16:00:23,15.035,9.842,1009.606,65.978,SYNTHETIC_DEMO_DATA
2717,Kerala Coast,10.14928,76.12713,2025-11-26 18:55:14,12.583,19.069,1023.164,75.732,SYNTHETIC_DEMO_DATA
2718,Gujarat Coast,22.37495,69.61397,2025-11-26 21:50:05,24.231,0.0,1013.736,87.599,SYNTHETIC_DEMO_DATA
2719,Mumbai Coast,18.84742,72.66992,2025-11-27 00:44:56,9.273,22.96,1018.532,77.175,SYNTHETIC_DEMO_DATA
2720,Odisha Coast,19.9376,85.74571,2025-11-27 03:39:47,9.323,3.124,1019.71,67.887,SYNTHETIC_DEMO_DATA
2721,Gujarat Coast,22.25391,69.82042,2025-11-27 06:34:38,7.029,1.252,1000.829,64.913,SYNTHETIC_DEMO_DATA
2722,Gujarat Coast,22.06319,69.64733,2025-11-27 09:29:29,14.829,0.0,1018.847,61.623,SYNTHETIC_DEMO_DATA
2723,Odisha Coast,19.86772,85.97912,2025-11-27 12:24:20,11.373,21.119,994.074,59.121,SYNTHETIC_DEMO_DATA
2724,Chennai Coast,12.91538,80.14749,2025-11-27 15:19:11,3.04,0.0,1005.329,61.743,SYNTHETIC_DEMO_DATA
2725,Goa Coast,15.31302,73.81442,2025-11-27 18:14:02,9.317,15.358,1014.86,72.166,SYNTHETIC_DEMO_DATA
2726,Gujarat Coast,21.97397,69.29468,2025-11-27 21:08:53,11.729,12.622,1005.441,55.467,SYNTHETIC_DEMO_DATA
2727,Odisha Coast,19.90536,85.62527,2025-11-28 00:03:44,13.178,19.774,1012.517,96.938,SYNTHETIC_DEMO_DATA
2728,Sundarbans,21.99081,89.03339,2025-11-28 02:58:35,7.106,7.862,1007.536,84.359,SYNTHETIC_DEMO_DATA
2729,Mumbai Coast,18.95583,73.00068,2025-11-28 05:53:26,9.059,30.639,1013.174,81.774,SYNTHETIC_DEMO_DATA
2730,Kerala Coast,9.90762,76.08679,2025-11-28 08:48:17,3.913,16.959,1016.527,100.0,SYNTHETIC_DEMO_DATA
2731,Lakshadweep,10.63394,73.07548,2025-11-28 11:43:08,15.569,5.059,1001.324,73.622,SYNTHETIC_DEMO_DATA
2732,Mumbai Coast,18.93299,72.55986,2025-11-28 14:37:59,17.1,12.688,1003.418,83.45,SYNTHETIC_DEMO_DATA
2733,Lakshadweep,10.36482,73.01422,2025-11-28 17:32:51,13.818,5.746,1011.001,64.18,SYNTHETIC_DEMO_DATA
2734,Visakhapatnam,17.42519,83.39957,2025-11-28 20:27:42,17.297,17.106,1024.59,88.278,SYNTHETIC_DEMO_DATA
2735,Kerala Coast,10.19616,75.85738,2025-11-28 23:22:33,11.446,21.15,997.198,81.193,SYNTHETIC_DEMO_DATA
2736,Odisha Coast,19.76563,85.91699,2025-11-29 02:17:24,15.93,14.736,1006.279,86.526,SYNTHETIC_DEMO_DATA
2737,Mumbai Coast,18.95218,72.96862,2025-11-29 05:12:15,9.969,14.634,1017.405,83.728,SYNTHETIC_DEMO_DATA
2738,Odisha Coast,20.01116,85.73095,2025-11-29 08:07:06,13.668,13.105,1014.854,79.802,SYNTHETIC_DEMO_DATA
2739,Kerala Coast,9.5605,76.29665,2025-11-29 11:01:57,5.389,14.098,1012.655,60.537,SYNTHETIC_DEMO_DATA
2740,Chennai Coast,12.8888,80.11098,2025-11-29 13:56:48,12.702,11.618,1009.64,80.445,SYNTHETIC_DEMO_DATA
2741,Odisha Coast,19.74528,85.94279,2025-11-29 16:51:39,13.309,20.819,1016.053,91.151,SYNTHETIC_DEMO_DATA
2742,Sundarbans,22.02119,88.93872,2025-11-29 19:46:30,18.436,32.359,996.693,87.62,SYNTHETIC_DEMO_DATA
2743,Mumbai Coast,19.01833,72.6876,2025-11-29 22:41:21,10.13,6.432,1034.774,57.647,SYNTHETIC_DEMO_DATA
2744,Lakshadweep,10.13615,72.65642,2025-11-30 01:36:12,15.975,26.017,1008.538,64.607,SYNTHETIC_DEMO_DATA
2745,Odisha Coast,19.89882,85.80705,2025-11-30 04:31:03,10.342,18.049,1006.228,87.242,SYNTHETIC_DEMO_DATA
2746,Kerala Coast,9.74842,76.56328,2025-11-30 07:25:54,18.438,24.893,1003.284,82.557,SYNTHETIC_DEMO_DATA
2747,Visakhapatnam,17.94331,83.48032,2025-11-30 10:20:45,22.23,11.508,1007.939,85.656,SYNTHETIC_DEMO_DATA
2748,Andaman & Nicobar,11.63928,92.79573,2025-11-30 13:15:36,11.722,19.122,1009.776,68.809,SYNTHETIC_DEMO_DATA
2749,Kerala Coast,9.51201,75.82862,2025-11-30 16:10:27,16.628,7.618,995.316,73.786,SYNTHETIC_DEMO_DATA
2750,Lakshadweep,10.73775,72.79676,2025-11-30 19:05:19,18.364,14.176,1000.331,63.985,SYNTHETIC_DEMO_DATA
2751,Visakhapatnam,17.70166,83.13617,2025-11-30 22:00:10,6.088,0.0,1018.293,70.338,SYNTHETIC_DEMO_DATA
2752,Sundarbans,21.67851,89.21961,2025-12-01 00:55:01,4.146,20.42,1005.226,63.834,SYNTHETIC_DEMO_DATA
2753,Mumbai Coast,19.02899,72.98977,2025-12-01 03:49:52,11.627,7.61,1014.528,73.003,SYNTHETIC_DEMO_DATA
2754,Gujarat Coast,22.03861,69.5125,2025-12-01 06:44:43,10.71,16.256,1013.629,65.116,SYNTHETIC_DEMO_DATA
2755,Lakshadweep,10.55091,72.51126,2025-12-01 09:39:34,8.127,6.916,1003.354,77.15,SYNTHETIC_DEMO_DATA
2756,Andaman & Nicobar,11.8981,92.43662,2025-12-01 12:34:25,12.216,16.431,999.946,97.435,SYNTHETIC_DEMO_DATA
2757,Andaman & Nicobar,11.89201,92.76127,2025-12-01 15:29:16,4.718,2.785,999.143,58.326,SYNTHETIC_DEMO_DATA
2758,Gujarat Coast,22.31836,69.68057,2025-12-01 18:24:07,13.01,7.055,1000.207,75.286,SYNTHETIC_DEMO_DATA
2759,Chennai Coast,12.93526,80.29996,2025-12-01 21:18:58,7.556,6.855,1017.651,60.33,SYNTHETIC_DEMO_DATA
2760,Kerala Coast,10.18343,76.25548,2025-12-02 00:13:49,19.124,13.77,1017.513,70.039,SYNTHETIC_DEMO_DATA
2761,Odisha Coast,19.73028,85.88597,2025-12-02 03:08:40,15.813,14.501,1008.785,72.66,SYNTHETIC_DEMO_DATA
2762,Kerala Coast,9.83169,76.36344,2025-12-02 06:03:31,4.19,13.107,1014.986,82.035,SYNTHETIC_DEMO_DATA
2763,Chennai Coast,13.16731,80.36303,2025-12-02 08:58:22,9.804,8.019,1018.452,70.829,SYNTHETIC_DEMO_DATA
2764,Sundarbans,22.19049,88.96675,2025-12-02 11:53:13,15.774,10.183,1024.624,87.24,SYNTHETIC_DEMO_DATA
2765,Visakhapatnam,17.60009,83.04876,2025-12-02 14:48:04,22.131,0.018,1000.583,53.314,SYNTHETIC_DEMO_DATA
2766,Mumbai Coast,19.02697,72.96719,2025-12-02 17:42:55,14.123,23.825,1011.188,90.47,SYNTHETIC_DEMO_DATA
2767,Chennai Coast,13.15031,80.00223,2025-12-02 20:37:47,9.483,0.0,1016.391,72.63,SYNTHETIC_DEMO_DATA
2768,Lakshadweep,10.54919,72.43392,2025-12-02 23:32:38,14.502,19.479,1024.7,86.351,SYNTHETIC_DEMO_DATA
2769,Kerala Coast,10.15977,76.4924,2025-12-03 02:27:29,17.402,11.311,1016.61,70.682,SYNTHETIC_DEMO_DATA
2770,Lakshadweep,10.9061,72.9313,2025-12-03 05:22:20,8.179,17.977,1004.939,64.605,SYNTHETIC_DEMO_DATA
2771,Gujarat Coast,22.49887,69.32953,2025-12-03 08:17:11,14.817,17.675,1017.227,53.958,SYNTHETIC_DEMO_DATA
2772,Sundarbans,22.03898,89.37207,2025-12-03 11:12:02,16.552,21.717,1014.837,88.388,SYNTHETIC_DEMO_DATA
2773,Visakhapatnam,17.69427,83.00552,2025-12-03 14:06:53,13.649,0.0,1009.175,81.435,SYNTHETIC_DEMO_DATA
2774,Goa Coast,15.64781,73.87956,2025-12-03 17:01:44,11.809,26.943,1012.368,78.484,SYNTHETIC_DEMO_DATA
2775,Mumbai Coast,18.58272,72.87025,2025-12-03 19:56:35,7.311,27.605,1007.529,76.241,SYNTHETIC_DEMO_DATA
2776,Chennai Coast,12.72019,79.84241,2025-12-03 22:51:26,16.153,3.719,1005.862,69.967,SYNTHETIC_DEMO_DATA
2777,Mumbai Coast,19.09271,72.98384,2025-12-04 01:46:17,5.437,28.26,1001.42,68.041,SYNTHETIC_DEMO_DATA
2778,Lakshadweep,10.50441,72.76675,2025-12-04 04:41:08,14.976,4.962,1021.417,91.886,SYNTHETIC_DEMO_DATA
2779,Chennai Coast,13.01267,79.92904,2025-12-04 07:35:59,4.965,5.575,1013.457,92.425,SYNTHETIC_DEMO_DATA
2780,Sundarbans,21.63552,88.99572,2025-12-04 10:30:50,10.065,22.926,1010.908,74.869,SYNTHETIC_DEMO_DATA
2781,Chennai Coast,13.11204,80.66476,2025-12-04 13:25:41,16.82,0.0,1014.405,98.809,SYNTHETIC_DEMO_DATA
2782,Lakshadweep,10.70695,72.8319,2025-12-04 16:20:32,7.569,13.606,999.188,86.696,SYNTHETIC_DEMO_DATA
2783,Goa Coast,15.6804,73.69168,2025-12-04 19:15:23,12.331,17.974,1015.624,82.652,SYNTHETIC_DEMO_DATA
2784,Andaman & Nicobar,11.44972,92.466,2025-12-04 22:10:15,15.346,0.614,1011.858,72.327,SYNTHETIC_DEMO_DATA
2785,Lakshadweep,10.98945,72.5802,2025-12-05 01:05:06,9.297,0.0,1007.859,76.627,SYNTHETIC_DEMO_DATA
2786,Odisha Coast,19.59604,85.96795,2025-12-05 03:59:57,10.512,14.602,1005.977,81.06,SYNTHETIC_DEMO_DATA
2787,Visakhapatnam,17.7257,83.48011,2025-12-05 06:54:48,15.858,5.566,1020.439,76.61,SYNTHETIC_DEMO_DATA
2788,Sundarbans,22.28657,88.99749,2025-12-05 09:49:39,6.064,23.635,1012.251,61.432,SYNTHETIC_DEMO_DATA
2789,Sundarbans,22.16399,89.03599,2025-12-05 12:44:30,7.709,17.839,1011.105,79.333,SYNTHETIC_DEMO_DATA
2790,Andaman & Nicobar,11.67193,92.80894,2025-12-05 15:39:21,4.435,11.777,1024.864,63.026,SYNTHETIC_DEMO_DATA
2791,Lakshadweep,10.45046,72.65878,2025-12-05 18:34:12,15.928,3.983,1006.602,64.346,SYNTHETIC_DEMO_DATA
2792,Odisha Coast,19.99712,85.71932,2025-12-05 21:29:03,17.276,6.487,1010.776,71.526,SYNTHETIC_DEMO_DATA
2793,Goa Coast,15.55743,74.08451,2025-12-06 00:23:54,9.146,12.94,1010.192,81.483,SYNTHETIC_DEMO_DATA
2794,Mumbai Coast,19.03336,72.6055,2025-12-06 03:18:45,11.632,18.765,1006.961,75.616,SYNTHETIC_DEMO_DATA
2795,Sundarbans,22.134,89.29707,2025-12-06 06:13:36,19.748,4.74,1008.196,71.694,SYNTHETIC_DEMO_DATA
2796,Lakshadweep,10.46359,72.28268,2025-12-06 09:08:27,10.39,0.0,999.712,92.806,SYNTHETIC_DEMO_DATA
2797,Andaman & Nicobar,11.46519,92.71519,2025-12-06 12:03:18,16.139,5.237,1002.555,77.18,SYNTHETIC_DEMO_DATA
2798,Mumbai Coast,19.00078,72.91561,2025-12-06 14:58:09,16.721,25.015,1000.969,69.343,SYNTHETIC_DEMO_DATA
2799,Goa Coast,14.93743,73.79468,2025-12-06 17:53:00,7.101,17.428,1019.134,69.004,SYNTHETIC_DEMO_DATA
2800,Chennai Coast,13.17199,80.31937,2025-12-06 20:47:51,14.928,8.071,1007.387,66.831,SYNTHETIC_DEMO_DATA
2801,Goa Coast,15.4845,73.79951,2025-12-06 23:42:42,15.332,17.422,1012.377,99.271,SYNTHETIC_DEMO_DATA
2802,Kerala Coast,9.73323,76.14206,2025-12-07 02:37:34,12.536,15.065,1004.585,81.666,SYNTHETIC_DEMO_DATA
2803,Lakshadweep,10.31321,72.62545,2025-12-07 05:32:25,5.569,7.02,1008.972,67.94,SYNTHETIC_DEMO_DATA
2804,Sundarbans,21.80774,89.24824,2025-12-07 08:27:16,7.282,16.962,1013.629,70.297,SYNTHETIC_DEMO_DATA
2805,Odisha Coast,19.70629,85.48933,2025-12-07 11:22:07,9.407,13.714,1013.855,81.335,SYNTHETIC_DEMO_DATA
2806,Lakshadweep,10.47516,72.6737,2025-12-07 14:16:58,8.777,12.068,1001.988,84.477,SYNTHETIC_DEMO_DATA
2807,Visakhapatnam,17.50123,83.54806,2025-12-07 17:11:49,8.978,0.0,1032.268,76.436,SYNTHETIC_DEMO_DATA
2808,Chennai Coast,12.83548,80.14399,2025-12-07 20:06:40,10.903,2.916,1010.45,83.593,SYNTHETIC_DEMO_DATA
2809,Goa Coast,15.20794,73.97251,2025-12-07 23:01:31,16.668,16.016,996.701,91.829,SYNTHETIC_DEMO_DATA
2810,Odisha Coast,19.86607,85.73226,2025-12-08 01:56:22,15.404,31.504,1014.237,63.887,SYNTHETIC_DEMO_DATA
2811,Mumbai Coast,18.97693,72.67944,2025-12-08 04:51:13,12.567,18.054,989.565,93.011,SYNTHETIC_DEMO_DATA
2812,Visakhapatnam,17.56041,83.41785,2025-12-08 07:46:04,19.404,0.267,1006.176,61.608,SYNTHETIC_DEMO_DATA
2813,Odisha Coast,19.80349,85.77539,2025-12-08 10:40:55,15.056,20.68,998.619,99.599,SYNTHETIC_DEMO_DATA
2814,Lakshadweep,10.2686,72.48855,2025-12-08 13:35:46,11.623,0.0,1005.9,56.486,SYNTHETIC_DEMO_DATA
2815,Odisha Coast,19.90972,85.54998,2025-12-08 16:30:37,20.694,19.879,1009.89,92.609,SYNTHETIC_DEMO_DATA
2816,Sundarbans,21.83718,89.04882,2025-12-08 19:25:28,12.049,8.07,1010.019,58.254,SYNTHETIC_DEMO_DATA
2817,Gujarat Coast,22.30901,69.54117,2025-12-08 22:20:19,6.904,0.0,1029.005,55.421,SYNTHETIC_DEMO_DATA
2818,Andaman & Nicobar,11.87973,92.53478,2025-12-09 01:15:10,5.605,0.0,999.65,71.266,SYNTHETIC_DEMO_DATA
2819,Odisha Coast,19.76977,85.75877,2025-12-09 04:10:02,19.007,20.856,1020.061,73.611,SYNTHETIC_DEMO_DATA
2820,Goa Coast,15.32827,73.81539,2025-12-09 07:04:53,9.151,18.092,1004.969,73.852,SYNTHETIC_DEMO_DATA
2821,Mumbai Coast,18.62792,72.76549,2025-12-09 09:59:44,4.127,15.18,1004.543,63.398,SYNTHETIC_DEMO_DATA
2822,Andaman & Nicobar,11.98397,92.53991,2025-12-09 12:54:35,8.325,9.74,1012.628,72.521,SYNTHETIC_DEMO_DATA
2823,Odisha Coast,19.90814,85.78052,2025-12-09 15:49:26,29.302,10.897,999.339,73.637,SYNTHETIC_DEMO_DATA
2824,Lakshadweep,10.57804,72.75043,2025-12-09 18:44:17,23.053,3.153,1013.251,100.0,SYNTHETIC_DEMO_DATA
2825,Gujarat Coast,22.0786,69.46514,2025-12-09 21:39:08,18.122,11.039,1006.593,62.319,SYNTHETIC_DEMO_DATA
2826,Andaman & Nicobar,11.73668,92.75151,2025-12-10 00:33:59,17.268,23.128,1019.263,74.157,SYNTHETIC_DEMO_DATA
2827,Chennai Coast,13.30999,80.44041,2025-12-10 03:28:50,12.221,0.0,1007.845,68.123,SYNTHETIC_DEMO_DATA
2828,Lakshadweep,10.28483,73.00379,2025-12-10 06:23:41,18.039,0.0,1018.078,94.318,SYNTHETIC_DEMO_DATA
2829,Gujarat Coast,22.12654,69.82695,2025-12-10 09:18:32,11.912,6.305,1006.293,80.172,SYNTHETIC_DEMO_DATA
2830,Odisha Coast,19.59404,85.85795,2025-12-10 12:13:23,17.303,8.17,1012.33,92.375,SYNTHETIC_DEMO_DATA
2831,Lakshadweep,10.29974,73.14495,2025-12-10 15:08:14,15.573,0.0,1012.03,56.845,SYNTHETIC_DEMO_DATA
2832,Goa Coast,15.48705,73.94435,2025-12-10 18:03:05,10.881,6.524,1023.641,77.997,SYNTHETIC_DEMO_DATA
2833,Chennai Coast,13.07896,79.93158,2025-12-10 20:57:56,11.952,13.325,1010.339,83.085,SYNTHETIC_DEMO_DATA
2834,Mumbai Coast,18.78892,72.69556,2025-12-10 23:52:47,8.119,13.953,1008.146,82.494,SYNTHETIC_DEMO_DATA
2835,Chennai Coast,13.45119,80.52466,2025-12-11 02:47:38,7.618,0.0,1023.1,90.307,SYNTHETIC_DEMO_DATA
2836,Mumbai Coast,19.27027,72.91146,2025-12-11 05:42:30,6.578,25.591,996.4,74.05,SYNTHETIC_DEMO_DATA
2837,Lakshadweep,10.57704,72.63151,2025-12-11 08:37:21,12.549,17.215,1007.082,70.284,SYNTHETIC_DEMO_DATA
2838,Andaman & Nicobar,11.5978,92.64375,2025-12-11 11:32:12,15.46,14.674,1007.655,69.164,SYNTHETIC_DEMO_DATA
2839,Visakhapatnam,17.52789,82.73102,2025-12-11 14:27:03,12.028,10.984,1017.222,76.242,SYNTHETIC_DEMO_DATA
2840,Lakshadweep,10.61239,72.53471,2025-12-11 17:21:54,9.29,6.679,999.522,87.746,SYNTHETIC_DEMO_DATA
2841,Kerala Coast,9.52331,76.48749,2025-12-11 20:16:45,5.671,23.359,991.607,66.995,SYNTHETIC_DEMO_DATA
2842,Goa Coast,15.33971,73.84606,2025-12-11 23:11:36,19.109,4.588,1018.722,93.991,SYNTHETIC_DEMO_DATA
2843,Goa Coast,15.50573,74.0876,2025-12-12 02:06:27,15.832,0.0,1008.222,69.853,SYNTHETIC_DEMO_DATA
2844,Kerala Coast,9.96019,76.33099,2025-12-12 05:01:18,18.325,10.417,1010.314,79.851,SYNTHETIC_DEMO_DATA
2845,Kerala Coast,9.5852,76.2245,2025-12-12 07:56:09,24.217,9.551,1017.414,68.433,SYNTHETIC_DEMO_DATA
2846,Kerala Coast,9.93695,76.48459,2025-12-12 10:51:00,11.832,24.539,1018.034,100.0,SYNTHETIC_DEMO_DATA
2847,Andaman & Nicobar,11.62001,92.76811,2025-12-12 13:45:51,12.237,11.145,1014.399,62.738,SYNTHETIC_DEMO_DATA
2848,Chennai Coast,13.51291,80.20022,2025-12-12 16:40:42,16.065,0.091,1014.101,84.142,SYNTHETIC_DEMO_DATA
2849,Visakhapatnam,17.76361,83.26529,2025-12-12 19:35:33,10.861,12.312,1015.416,82.483,SYNTHETIC_DEMO_DATA
2850,Chennai Coast,13.07721,80.17103,2025-12-12 22:30:24,18.446,5.407,1018.632,69.237,SYNTHETIC_DEMO_DATA
2851,Odisha Coast,19.71532,85.70034,2025-12-13 01:25:15,6.246,11.232,1000.561,71.66,SYNTHETIC_DEMO_DATA
2852,Chennai Coast,12.87631,80.33139,2025-12-13 04:20:06,6.462,7.148,1006.378,71.511,SYNTHETIC_DEMO_DATA
2853,Odisha Coast,20.03676,86.28766,2025-12-13 07:14:58,12.787,28.729,1018.883,80.713,SYNTHETIC_DEMO_DATA
2854,Sundarbans,21.9385,89.42905,2025-12-13 10:09:49,17.078,28.253,1010.49,76.79,SYNTHETIC_DEMO_DATA
2855,Goa Coast,15.46513,73.64562,2025-12-13 13:04:40,15.087,4.644,1015.615,95.246,SYNTHETIC_DEMO_DATA
2856,Sundarbans,22.22924,89.03427,2025-12-13 15:59:31,16.243,0.0,1018.526,57.662,SYNTHETIC_DEMO_DATA
2857,Mumbai Coast,19.29694,72.8448,2025-12-13 18:54:22,5.967,22.099,1009.784,90.559,SYNTHETIC_DEMO_DATA
2858,Goa Coast,15.02848,74.04205,2025-12-13 21:49:13,7.899,3.048,1020.511,46.257,SYNTHETIC_DEMO_DATA
2859,Goa Coast,15.14319,73.79436,2025-12-14 00:44:04,12.91,27.757,1012.372,72.583,SYNTHETIC_DEMO_DATA
2860,Kerala Coast,9.49176,76.30008,2025-12-14 03:38:55,9.571,14.359,1002.883,69.527,SYNTHETIC_DEMO_DATA
2861,Odisha Coast,19.68767,85.9716,2025-12-14 06:33:46,8.495,8.999,1000.309,69.902,SYNTHETIC_DEMO_DATA
2862,Lakshadweep,10.76949,73.05566,2025-12-14 09:28:37,8.077,15.621,1012.169,63.317,SYNTHETIC_DEMO_DATA
2863,Andaman & Nicobar,11.739,93.01316,2025-12-14 12:23:28,10.483,9.415,1002.008,70.294,SYNTHETIC_DEMO_DATA
2864,Gujarat Coast,22.13346,69.68846,2025-12-14 15:18:19,24.758,0.0,1003.743,76.274,SYNTHETIC_DEMO_DATA
2865,Sundarbans,21.62021,89.23503,2025-12-14 18:13:10,13.155,26.548,1010.3,71.005,SYNTHETIC_DEMO_DATA
2866,Sundarbans,21.78058,88.58299,2025-12-14 21:08:01,12.65,18.699,1010.968,81.496,SYNTHETIC_DEMO_DATA
2867,Chennai Coast,13.14868,80.58488,2025-12-15 00:02:52,7.025,7.928,1027.054,85.731,SYNTHETIC_DEMO_DATA
2868,Odisha Coast,19.77615,86.01025,2025-12-15 02:57:43,21.389,16.408,1005.462,81.015,SYNTHETIC_DEMO_DATA
2869,Andaman & Nicobar,11.54141,92.72293,2025-12-15 05:52:34,14.491,5.855,1022.34,60.769,SYNTHETIC_DEMO_DATA
2870,Visakhapatnam,17.80699,83.50934,2025-12-15 08:47:26,14.8,19.143,1016.204,61.197,SYNTHETIC_DEMO_DATA
2871,Visakhapatnam,17.60822,83.3569,2025-12-15 11:42:17,11.509,18.287,1004.541,68.131,SYNTHETIC_DEMO_DATA
2872,Lakshadweep,10.66237,72.78869,2025-12-15 14:37:08,9.964,4.414,1006.72,75.13,SYNTHETIC_DEMO_DATA
2873,Andaman & Nicobar,11.71524,92.27819,2025-12-15 17:31:59,1.0,28.044,1007.096,94.559,SYNTHETIC_DEMO_DATA
2874,Visakhapatnam,17.99438,83.01963,2025-12-15 20:26:50,13.87,0.0,1001.658,53.373,SYNTHETIC_DEMO_DATA
2875,Chennai Coast,13.21695,80.21619,2025-12-15 23:21:41,16.646,0.0,1012.534,71.305,SYNTHETIC_DEMO_DATA
2876,Mumbai Coast,19.29336,72.87539,2025-12-16 02:16:32,4.155,7.656,1017.663,66.628,SYNTHETIC_DEMO_DATA
2877,Gujarat Coast,21.82178,69.26627,2025-12-16 05:11:23,13.768,6.819,1014.729,73.618,SYNTHETIC_DEMO_DATA
2878,Lakshadweep,10.96766,72.61975,2025-12-16 08:06:14,7.864,22.581,998.113,67.927,SYNTHETIC_DEMO_DATA
2879,Andaman & Nicobar,12.09769,92.83305,2025-12-16 11:01:05,8.384,5.671,1012.061,77.8,SYNTHETIC_DEMO_DATA
2880,Lakshadweep,10.61029,72.58611,2025-12-16 13:55:56,10.351,18.094,1002.675,68.001,SYNTHETIC_DEMO_DATA
2881,Sundarbans,22.01678,89.60688,2025-12-16 16:50:47,9.754,12.616,1012.224,68.98,SYNTHETIC_DEMO_DATA
2882,Visakhapatnam,17.85786,82.74389,2025-12-16 19:45:38,18.046,6.612,1016.082,61.857,SYNTHETIC_DEMO_DATA
2883,Mumbai Coast,18.56071,73.10548,2025-12-16 22:40:29,13.047,19.032,1008.998,86.805,SYNTHETIC_DEMO_DATA
2884,Sundarbans,21.64412,89.34293,2025-12-17 01:35:20,18.518,7.2,1025.828,64.495,SYNTHETIC_DEMO_DATA
2885,Chennai Coast,13.55424,80.1912,2025-12-17 04:30:11,14.908,1.669,1019.918,82.276,SYNTHETIC_DEMO_DATA
2886,Odisha Coast,19.77915,85.82282,2025-12-17 07:25:02,17.431,8.728,1006.805,72.264,SYNTHETIC_DEMO_DATA
2887,Lakshadweep,10.29758,72.73057,2025-12-17 10:19:53,8.958,10.284,1024.247,88.183,SYNTHETIC_DEMO_DATA
2888,Sundarbans,21.72343,89.11572,2025-12-17 13:14:45,18.753,42.349,1004.211,78.415,SYNTHETIC_DEMO_DATA
2889,Odisha Coast,19.6782,85.90172,2025-12-17 16:09:36,14.024,8.275,1032.719,72.427,SYNTHETIC_DEMO_DATA
2890,Odisha Coast,19.8109,85.66003,2025-12-17 19:04:27,16.179,18.561,1005.739,81.529,SYNTHETIC_DEMO_DATA
2891,Odisha Coast,20.06743,85.7319,2025-12-17 21:59:18,13.858,19.751,1021.455,79.234,SYNTHETIC_DEMO_DATA
2892,Mumbai Coast,18.97326,72.99156,2025-12-18 00:54:09,10.981,27.726,1020.21,82.62,SYNTHETIC_DEMO_DATA
2893,Chennai Coast,12.85609,80.1593,2025-12-18 03:49:00,8.318,24.422,1006.259,68.217,SYNTHETIC_DEMO_DATA
2894,Lakshadweep,10.71901,72.24957,2025-12-18 06:43:51,6.807,33.771,1024.229,75.088,SYNTHETIC_DEMO_DATA
2895,Visakhapatnam,18.20018,83.26848,2025-12-18 09:38:42,18.088,10.04,990.544,100.0,SYNTHETIC_DEMO_DATA
2896,Mumbai Coast,19.05011,72.96634,2025-12-18 12:33:33,11.678,22.478,1023.321,71.739,SYNTHETIC_DEMO_DATA
2897,Gujarat Coast,22.16902,69.66768,2025-12-18 15:28:24,9.006,0.0,999.162,73.689,SYNTHETIC_DEMO_DATA
2898,Gujarat Coast,22.28601,69.36312,2025-12-18 18:23:15,21.091,13.955,1015.985,67.801,SYNTHETIC_DEMO_DATA
2899,Goa Coast,15.3168,73.94478,2025-12-18 21:18:06,21.608,24.458,1013.21,81.453,SYNTHETIC_DEMO_DATA
2900,Visakhapatnam,17.77058,83.14407,2025-12-19 00:12:57,16.3,20.695,1018.125,99.513,SYNTHETIC_DEMO_DATA
2901,Mumbai Coast,19.00152,72.65435,2025-12-19 03:07:48,6.222,13.658,1022.244,69.255,SYNTHETIC_DEMO_DATA
2902,Andaman & Nicobar,11.72754,92.59561,2025-12-19 06:02:39,7.82,5.611,1001.821,84.017,SYNTHETIC_DEMO_DATA
2903,Andaman & Nicobar,11.41357,92.23905,2025-12-19 08:57:30,2.245,4.298,1007.764,63.8,SYNTHETIC_DEMO_DATA
2904,Gujarat Coast,22.2809,69.66922,2025-12-19 11:52:21,15.774,0.0,1010.629,92.193,SYNTHETIC_DEMO_DATA
2905,Gujarat Coast,22.21063,69.73815,2025-12-19 14:47:13,12.721,8.278,1004.327,71.785,SYNTHETIC_DEMO_DATA
2906,Andaman & Nicobar,11.94657,93.01765,2025-12-19 17:42:04,11.276,8.8,1020.991,52.623,SYNTHETIC_DEMO_DATA
2907,Gujarat Coast,22.05413,69.4306,2025-12-19 20:36:55,9.442,5.711,1014.18,70.917,SYNTHETIC_DEMO_DATA
2908,Lakshadweep,10.70489,72.18007,2025-12-19 23:31:46,8.033,14.807,1012.759,55.634,SYNTHETIC_DEMO_DATA
2909,Odisha Coast,19.4381,86.32502,2025-12-20 02:26:37,19.927,24.47,997.883,73.146,SYNTHETIC_DEMO_DATA
2910,Chennai Coast,13.14249,80.15454,2025-12-20 05:21:28,20.412,9.409,1008.127,81.674,SYNTHETIC_DEMO_DATA
2911,Odisha Coast,19.70084,85.56077,2025-12-20 08:16:19,12.019,20.952,1017.425,76.521,SYNTHETIC_DEMO_DATA
2912,Sundarbans,21.97047,88.837,2025-12-20 11:11:10,9.098,29.351,999.361,92.726,SYNTHETIC_DEMO_DATA
2913,Kerala Coast,9.859,76.0633,2025-12-20 14:06:01,5.841,18.922,1025.822,80.562,SYNTHETIC_DEMO_DATA
2914,Visakhapatnam,17.50208,83.36079,2025-12-20 17:00:52,7.846,0.0,1014.469,68.993,SYNTHETIC_DEMO_DATA
2915,Kerala Coast,9.5583,76.80504,2025-12-20 19:55:43,18.225,27.249,998.35,86.438,SYNTHETIC_DEMO_DATA
2916,Kerala Coast,10.15576,75.75866,2025-12-20 22:50:34,19.43,18.334,1004.028,76.639,SYNTHETIC_DEMO_DATA
2917,Gujarat Coast,22.19207,69.45841,2025-12-21 01:45:25,5.466,9.461,1016.754,71.199,SYNTHETIC_DEMO_DATA
2918,Lakshadweep,10.64634,72.83144,2025-12-21 04:40:16,11.254,21.358,1001.188,87.203,SYNTHETIC_DEMO_DATA
2919,Andaman & Nicobar,11.86936,92.73053,2025-12-21 07:35:07,18.013,12.898,1004.565,72.33,SYNTHETIC_DEMO_DATA
2920,Chennai Coast,12.89252,80.50119,2025-12-21 10:29:58,14.432,1.275,1009.872,80.114,SYNTHETIC_DEMO_DATA
2921,Chennai Coast,13.03481,80.76139,2025-12-21 13:24:49,12.841,18.626,1012.603,93.324,SYNTHETIC_DEMO_DATA
2922,Goa Coast,15.21869,73.76273,2025-12-21 16:19:41,11.18,17.026,1009.231,74.928,SYNTHETIC_DEMO_DATA
2923,Odisha Coast,19.26884,85.84608,2025-12-21 19:14:32,19.516,11.514,1016.668,85.375,SYNTHETIC_DEMO_DATA
2924,Mumbai Coast,18.59649,72.82658,2025-12-21 22:09:23,3.092,18.038,1001.351,78.402,SYNTHETIC_DEMO_DATA
2925,Kerala Coast,9.94394,76.18725,2025-12-22 01:04:14,15.73,38.128,1012.459,72.874,SYNTHETIC_DEMO_DATA
2926,Odisha Coast,19.70924,85.47113,2025-12-22 03:59:05,20.622,6.192,1008.522,61.087,SYNTHETIC_DEMO_DATA
2927,Gujarat Coast,22.12131,69.91023,2025-12-22 06:53:56,6.544,15.392,996.914,86.628,SYNTHETIC_DEMO_DATA
2928,Chennai Coast,12.94796,80.3493,2025-12-22 09:48:47,15.384,0.0,1010.102,70.33,SYNTHETIC_DEMO_DATA
2929,Odisha Coast,19.62605,86.08654,2025-12-22 12:43:38,18.608,31.044,1008.177,84.443,SYNTHETIC_DEMO_DATA
2930,Gujarat Coast,22.17063,70.03083,2025-12-22 15:38:29,13.297,1.314,1026.667,80.292,SYNTHETIC_DEMO_DATA
2931,Odisha Coast,19.79484,86.12187,2025-12-22 18:33:20,12.557,19.676,1003.708,92.507,SYNTHETIC_DEMO_DATA
2932,Gujarat Coast,22.40472,69.75862,2025-12-22 21:28:11,18.244,0.0,1011.518,94.878,SYNTHETIC_DEMO_DATA
2933,Odisha Coast,19.66196,86.0097,2025-12-23 00:23:02,16.887,14.445,1003.467,79.242,SYNTHETIC_DEMO_DATA
2934,Kerala Coast,10.19691,76.33003,2025-12-23 03:17:53,11.339,28.382,1003.132,58.978,SYNTHETIC_DEMO_DATA
2935,Andaman & Nicobar,11.5305,92.64769,2025-12-23 06:12:44,14.59,10.36,1006.681,66.237,SYNTHETIC_DEMO_DATA
2936,Visakhapatnam,17.54069,83.40204,2025-12-23 09:07:35,7.839,16.377,1016.674,70.938,SYNTHETIC_DEMO_DATA
2937,Goa Coast,15.28459,73.97586,2025-12-23 12:02:26,6.582,8.407,1009.702,57.344,SYNTHETIC_DEMO_DATA
2938,Goa Coast,15.77928,73.96425,2025-12-23 14:57:17,12.445,1.453,1019.592,54.128,SYNTHETIC_DEMO_DATA
2939,Lakshadweep,10.64456,72.35268,2025-12-23 17:52:09,4.334,19.773,1012.422,86.413,SYNTHETIC_DEMO_DATA
2940,Odisha Coast,19.92064,86.06076,2025-12-23 20:47:00,20.443,0.0,1005.453,68.658,SYNTHETIC_DEMO_DATA
2941,Goa Coast,15.00714,73.96865,2025-12-23 23:41:51,10.889,12.665,1017.359,79.812,SYNTHETIC_DEMO_DATA
2942,Lakshadweep,10.69018,72.50234,2025-12-24 02:36:42,11.98,12.706,1007.744,70.893,SYNTHETIC_DEMO_DATA
2943,Goa Coast,15.39742,73.77946,2025-12-24 05:31:33,6.032,12.398,1010.02,87.411,SYNTHETIC_DEMO_DATA
2944,Odisha Coast,19.64787,85.63551,2025-12-24 08:26:24,9.679,29.952,1016.257,86.083,SYNTHETIC_DEMO_DATA
2945,Andaman & Nicobar,11.91122,92.73133,2025-12-24 11:21:15,5.509,21.11,1019.899,73.708,SYNTHETIC_DEMO_DATA
2946,Odisha Coast,19.82265,85.79198,2025-12-24 14:16:06,12.336,9.518,1006.134,97.54,SYNTHETIC_DEMO_DATA
2947,Mumbai Coast,18.96764,72.70311,2025-12-24 17:10:57,13.779,17.464,1020.563,59.752,SYNTHETIC_DEMO_DATA
2948,Kerala Coast,9.633,76.48943,2025-12-24 20:05:48,10.002,24.48,1016.042,80.623,SYNTHETIC_DEMO_DATA
2949,Mumbai Coast,18.68879,72.87107,2025-12-24 23:00:39,13.465,5.102,1020.132,65.497,SYNTHETIC_DEMO_DATA
2950,Mumbai Coast,19.08144,72.74386,2025-12-25 01:55:30,9.974,9.116,1027.014,60.288,SYNTHETIC_DEMO_DATA
2951,Sundarbans,21.96388,89.23431,2025-12-25 04:50:21,12.007,28.71,1010.561,76.3,SYNTHETIC_DEMO_DATA
2952,Mumbai Coast,18.99034,73.05968,2025-12-25 07:45:12,13.951,18.63,1011.248,55.612,SYNTHETIC_DEMO_DATA
2953,Lakshadweep,10.55128,72.69515,2025-12-25 10:40:03,15.912,7.467,1001.737,75.061,SYNTHETIC_DEMO_DATA
2954,Kerala Coast,9.82856,76.25523,2025-12-25 13:34:54,12.802,6.346,996.686,81.88,SYNTHETIC_DEMO_DATA
2955,Visakhapatnam,18.07081,83.1117,2025-12-25 16:29:45,11.564,16.367,997.817,86.148,SYNTHETIC_DEMO_DATA
2956,Lakshadweep,10.95565,72.48406,2025-12-25 19:24:37,12.414,3.895,1000.667,68.949,SYNTHETIC_DEMO_DATA
2957,Sundarbans,21.975,88.91544,2025-12-25 22:19:28,10.931,17.214,1011.607,52.663,SYNTHETIC_DEMO_DATA
2958,Kerala Coast,9.7131,76.18256,2025-12-26 01:14:19,16.171,22.858,1021.688,72.228,SYNTHETIC_DEMO_DATA
2959,Mumbai Coast,19.15718,72.76405,2025-12-26 04:09:10,25.341,7.824,1015.505,76.664,SYNTHETIC_DEMO_DATA
2960,Kerala Coast,9.90804,75.89607,2025-12-26 07:04:01,15.962,15.066,1001.789,62.022,SYNTHETIC_DEMO_DATA
2961,Lakshadweep,10.59732,72.82697,2025-12-26 09:58:52,11.6,13.299,1019.22,71.13,SYNTHETIC_DEMO_DATA
2962,Kerala Coast,9.8153,76.42649,2025-12-26 12:53:43,14.059,23.31,1021.541,70.881,SYNTHETIC_DEMO_DATA
2963,Lakshadweep,10.53649,72.94252,2025-12-26 15:48:34,9.438,6.703,1000.176,72.767,SYNTHETIC_DEMO_DATA
2964,Sundarbans,22.10911,88.72298,2025-12-26 18:43:25,11.528,6.661,1024.129,72.128,SYNTHETIC_DEMO_DATA
2965,Goa Coast,15.70503,73.85323,2025-12-26 21:38:16,15.89,1.784,1027.931,86.757,SYNTHETIC_DEMO_DATA
2966,Mumbai Coast,18.9898,72.94816,2025-12-27 00:33:07,11.37,24.614,1000.387,63.276,SYNTHETIC_DEMO_DATA
2967,Visakhapatnam,17.7018,83.6863,2025-12-27 03:27:58,26.949,13.888,1021.702,89.854,SYNTHETIC_DEMO_DATA
2968,Visakhapatnam,17.73026,83.02773,2025-12-27 06:22:49,11.511,8.564,1007.629,68.725,SYNTHETIC_DEMO_DATA
2969,Goa Coast,15.42517,73.69654,2025-12-27 09:17:40,2.884,17.782,1012.757,91.931,SYNTHETIC_DEMO_DATA
2970,Gujarat Coast,22.3234,69.67134,2025-12-27 12:12:31,9.161,0.0,1001.435,77.423,SYNTHETIC_DEMO_DATA
2971,Gujarat Coast,22.1776,69.42296,2025-12-27 15:07:22,18.036,7.282,1017.912,74.083,SYNTHETIC_DEMO_DATA
2972,Sundarbans,21.8495,89.13005,2025-12-27 18:02:13,20.872,25.499,1010.316,83.014,SYNTHETIC_DEMO_DATA
2973,Mumbai Coast,19.10953,73.08513,2025-12-27 20:57:05,12.757,17.936,1012.193,88.599,SYNTHETIC_DEMO_DATA
2974,Lakshadweep,10.81949,72.75036,2025-12-27 23:51:56,15.955,0.689,1016.777,36.975,SYNTHETIC_DEMO_DATA
2975,Sundarbans,21.81036,89.41201,2025-12-28 02:46:47,11.596,18.694,1001.101,76.124,SYNTHETIC_DEMO_DATA
2976,Kerala Coast,10.44616,76.33438,2025-12-28 05:41:38,13.222,14.69,1019.835,55.585,SYNTHETIC_DEMO_DATA
2977,Kerala Coast,9.85804,76.18041,2025-12-28 08:36:29,16.076,16.208,1004.469,83.74,SYNTHETIC_DEMO_DATA
2978,Andaman & Nicobar,11.7235,92.67952,2025-12-28 11:31:20,7.728,23.68,1014.171,77.454,SYNTHETIC_DEMO_DATA
2979,Visakhapatnam,17.74577,82.99608,2025-12-28 14:26:11,15.605,12.65,998.09,60.904,SYNTHETIC_DEMO_DATA
2980,Kerala Coast,9.79561,76.23354,2025-12-28 17:21:02,8.563,31.551,1033.933,90.591,SYNTHETIC_DEMO_DATA
2981,Goa Coast,15.40558,73.69732,2025-12-28 20:15:53,7.979,17.472,1013.678,76.825,SYNTHETIC_DEMO_DATA
2982,Sundarbans,21.85986,89.26588,2025-12-28 23:10:44,12.519,12.686,1000.517,64.93,SYNTHETIC_DEMO_DATA
2983,Andaman & Nicobar,11.6989,92.73609,2025-12-29 02:05:35,9.041,7.458,1010.64,76.194,SYNTHETIC_DEMO_DATA
2984,Andaman & Nicobar,11.63122,92.66758,2025-12-29 05:00:26,12.534,11.824,997.812,61.575,SYNTHETIC_DEMO_DATA
2985,Goa Coast,15.44057,73.80986,2025-12-29 07:55:17,12.354,22.691,1025.745,49.716,SYNTHETIC_DEMO_DATA
2986,Gujarat Coast,22.23508,69.68473,2025-12-29 10:50:08,11.993,4.124,1005.122,78.469,SYNTHETIC_DEMO_DATA
2987,Goa Coast,15.41388,73.82841,2025-12-29 13:44:59,15.486,10.527,1002.406,57.87,SYNTHETIC_DEMO_DATA
2988,Goa Coast,15.49064,74.015,2025-12-29 16:39:50,15.045,10.66,1010.43,78.318,SYNTHETIC_DEMO_DATA
2989,Lakshadweep,10.55579,72.77144,2025-12-29 19:34:41,10.821,1.422,1009.059,83.923,SYNTHETIC_DEMO_DATA
2990,Kerala Coast,10.0458,76.1963,2025-12-29 22:29:32,18.843,12.433,1016.474,86.955,SYNTHETIC_DEMO_DATA
2991,Kerala Coast,9.95707,75.99159,2025-12-30 01:24:24,16.174,31.412,1001.315,83.039,SYNTHETIC_DEMO_DATA
2992,Gujarat Coast,22.601,69.25642,2025-12-30 04:19:15,4.789,7.423,1014.69,95.845,SYNTHETIC_DEMO_DATA
2993,Odisha Coast,19.93545,85.70059,2025-12-30 07:14:06,9.705,16.719,1004.775,88.797,SYNTHETIC_DEMO_DATA
2994,Andaman & Nicobar,11.64725,92.92722,2025-12-30 10:08:57,16.32,21.048,1008.301,88.228,SYNTHETIC_DEMO_DATA
2995,Goa Coast,15.83103,73.89124,2025-12-30 13:03:48,14.591,6.22,1011.576,61.716,SYNTHETIC_DEMO_DATA
2996,Gujarat Coast,22.21074,69.72412,2025-12-30 15:58:39,14.731,0.0,1009.857,87.038,SYNTHETIC_DEMO_DATA
2997,Chennai Coast,12.88851,80.15776,2025-12-30 18:53:30,5.171,9.444,1007.022,59.199,SYNTHETIC_DEMO_DATA
2998,Chennai Coast,12.88867,80.31489,2025-12-30 21:48:21,13.473,3.812,1016.642,59.935,SYNTHETIC_DEMO_DATA
2999,Kerala Coast,10.4812,76.14117,2025-12-31 00:43:12,11.01,25.282,1013.497,65.33,SYNTHETIC_DEMO_DATA
3000,Gujarat Coast,22.53306,69.46075,2025-12-31 03:38:03,2.389,15.421,1016.928,67.999,SYNTHETIC_DEMO_DATA
3001,Goa Coast,15.34345,73.75075,2025-12-31 06:32:54,13.283,4.748,1010.519,64.395,SYNTHETIC_DEMO_DATA
3002,Gujarat Coast,22.31172,69.66237,2025-12-31 09:27:45,10.926,0.0,1021.435,81.392,SYNTHETIC_DEMO_DATA
3003,Lakshadweep,10.55741,72.49744,2025-12-31 12:22:36,13.152,0.0,1000.469,71.003,SYNTHETIC_DEMO_DATA
3004,Lakshadweep,10.57143,72.45544,2025-12-31 15:17:27,5.646,6.736,1034.449,95.295,SYNTHETIC_DEMO_DATA
3005,Goa Coast,15.14517,73.66936,2025-12-31 18:12:18,21.004,0.0,1011.902,98.719,SYNTHETIC_DEMO_DATA
3006,Chennai Coast,13.12868,80.18842,2025-12-31 21:07:09,8.228,5.464,1010.73,83.567,SYNTHETIC_DEMO_DATA
3007,Mumbai Coast,18.73826,73.06842,2026-01-01 00:02:00,4.373,7.822,1016.424,54.064,SYNTHETIC_DEMO_DATA
3008,Kerala Coast,9.68404,76.02386,2026-01-01 02:56:52,8.516,19.222,1017.171,70.403,SYNTHETIC_DEMO_DATA
3009,Gujarat Coast,22.48353,69.83536,2026-01-01 05:51:43,7.495,0.0,1031.208,79.513,SYNTHETIC_DEMO_DATA
3010,Andaman & Nicobar,11.72874,92.91479,2026-01-01 08:46:34,13.134,6.313,1016.023,72.314,SYNTHETIC_DEMO_DATA
3011,Chennai Coast,12.55986,80.08557,2026-01-01 11:41:25,15.28,24.142,1005.256,82.435,SYNTHETIC_DEMO_DATA
3012,Mumbai Coast,19.1354,73.0438,2026-01-01 14:36:16,8.521,10.059,1016.529,71.221,SYNTHETIC_DEMO_DATA
3013,Sundarbans,22.32234,89.15368,2026-01-01 17:31:07,12.701,9.133,1012.677,88.517,SYNTHETIC_DEMO_DATA
3014,Goa Coast,15.71157,73.7189,2026-01-01 20:25:58,8.741,20.992,1016.892,97.434,SYNTHETIC_DEMO_DATA
3015,Kerala Coast,10.02478,76.23987,2026-01-01 23:20:49,19.952,9.791,1012.173,65.076,SYNTHETIC_DEMO_DATA
3016,Kerala Coast,9.96406,76.20066,2026-01-02 02:15:40,15.078,26.471,1002.487,93.696,SYNTHETIC_DEMO_DATA
3017,Mumbai Coast,18.44451,73.0679,2026-01-02 05:10:31,9.134,11.733,1006.698,58.993,SYNTHETIC_DEMO_DATA
3018,Visakhapatnam,17.45581,82.92204,2026-01-02 08:05:22,5.706,15.3,1007.822,74.862,SYNTHETIC_DEMO_DATA
3019,Mumbai Coast,18.92317,72.41414,2026-01-02 11:00:13,14.632,18.592,1005.292,78.578,SYNTHETIC_DEMO_DATA
3020,Goa Coast,15.59964,73.96082,2026-01-02 13:55:04,6.676,20.777,1011.51,58.246,SYNTHETIC_DEMO_DATA
3021,Chennai Coast,13.2507,80.20632,2026-01-02 16:49:55,6.852,16.283,1009.045,48.306,SYNTHETIC_DEMO_DATA
3022,Odisha Coast,19.87024,85.55342,2026-01-02 19:44:46,8.198,8.165,1017.898,76.411,SYNTHETIC_DEMO_DATA
3023,Chennai Coast,12.71942,80.12414,2026-01-02 22:39:37,14.187,14.295,1007.661,61.417,SYNTHETIC_DEMO_DATA
3024,Odisha Coast,19.86724,85.79501,2026-01-03 01:34:28,3.498,5.537,1007.461,77.809,SYNTHETIC_DEMO_DATA
3025,Chennai Coast,13.00993,80.56294,2026-01-03 04:29:20,15.332,0.0,1009.511,79.074,SYNTHETIC_DEMO_DATA
3026,Gujarat Coast,22.09929,69.61176,2026-01-03 07:24:11,25.191,2.929,1008.647,77.775,SYNTHETIC_DEMO_DATA
3027,Odisha Coast,19.67307,86.19042,2026-01-03 10:19:02,14.454,22.247,1006.198,86.443,SYNTHETIC_DEMO_DATA
3028,Goa Coast,15.048,74.09769,2026-01-03 13:13:53,7.866,6.894,1008.732,68.05,SYNTHETIC_DEMO_DATA
3029,Visakhapatnam,17.88139,83.38269,2026-01-03 16:08:44,13.089,19.622,1021.98,73.264,SYNTHETIC_DEMO_DATA
3030,Andaman & Nicobar,11.50135,92.30241,2026-01-03 19:03:35,14.694,8.562,1009.733,74.287,SYNTHETIC_DEMO_DATA
3031,Goa Coast,15.86132,73.88298,2026-01-03 21:58:26,8.62,16.541,1008.3,90.209,SYNTHETIC_DEMO_DATA
3032,Visakhapatnam,17.58928,83.42758,2026-01-04 00:53:17,2.229,15.551,1004.036,74.227,SYNTHETIC_DEMO_DATA
3033,Mumbai Coast,19.09317,72.73836,2026-01-04 03:48:08,10.108,7.181,1019.276,99.909,SYNTHETIC_DEMO_DATA
3034,Odisha Coast,19.94791,86.0023,2026-01-04 06:42:59,8.893,11.65,1011.331,60.667,SYNTHETIC_DEMO_DATA
3035,Sundarbans,21.96955,89.38103,2026-01-04 09:37:50,5.799,9.748,1001.458,86.7,SYNTHETIC_DEMO_DATA
3036,Lakshadweep,10.38296,72.50913,2026-01-04 12:32:41,10.364,0.0,1006.767,83.908,SYNTHETIC_DEMO_DATA
3037,Andaman & Nicobar,11.6296,92.8594,2026-01-04 15:27:32,7.967,20.731,1002.743,75.335,SYNTHETIC_DEMO_DATA
3038,Odisha Coast,19.85656,85.85912,2026-01-04 18:22:23,10.987,15.775,1010.397,95.826,SYNTHETIC_DEMO_DATA
3039,Visakhapatnam,18.03856,83.19408,2026-01-04 21:17:14,8.015,9.796,1010.141,41.555,SYNTHETIC_DEMO_DATA
3040,Odisha Coast,19.48977,85.76138,2026-01-05 00:12:05,18.999,20.488,1009.766,100.0,SYNTHETIC_DEMO_DATA
3041,Chennai Coast,13.31334,80.34455,2026-01-05 03:06:56,13.416,16.365,1010.543,84.26,SYNTHETIC_DEMO_DATA
3042,Visakhapatnam,17.65313,83.34553,2026-01-05 06:01:48,13.963,7.762,1008.502,91.998,SYNTHETIC_DEMO_DATA
3043,Chennai Coast,12.99761,80.39673,2026-01-05 08:56:39,10.064,19.887,1010.708,90.171,SYNTHETIC_DEMO_DATA
3044,Mumbai Coast,19.17095,72.65157,2026-01-05 11:51:30,12.314,16.404,999.606,80.088,SYNTHETIC_DEMO_DATA
3045,Odisha Coast,19.78909,85.65289,2026-01-05 14:46:21,10.341,19.367,1014.889,52.257,SYNTHETIC_DEMO_DATA
3046,Andaman & Nicobar,11.8965,92.73493,2026-01-05 17:41:12,12.72,11.599,1015.67,75.634,SYNTHETIC_DEMO_DATA
3047,Goa Coast,15.78141,73.80022,2026-01-05 20:36:03,11.333,4.876,1023.135,48.564,SYNTHETIC_DEMO_DATA
3048,Goa Coast,15.63429,74.18669,2026-01-05 23:30:54,11.909,14.41,1005.692,87.305,SYNTHETIC_DEMO_DATA
3049,Odisha Coast,19.94718,85.98373,2026-01-06 02:25:45,2.819,11.04,1002.811,80.292,SYNTHETIC_DEMO_DATA
3050,Goa Coast,15.39394,73.85689,2026-01-06 05:20:36,16.685,7.007,1011.851,52.155,SYNTHETIC_DEMO_DATA
3051,Andaman & Nicobar,11.591,92.95382,2026-01-06 08:15:27,7.323,15.483,1014.285,80.244,SYNTHETIC_DEMO_DATA
3052,Odisha Coast,19.92266,86.03758,2026-01-06 11:10:18,13.789,19.507,994.748,79.777,SYNTHETIC_DEMO_DATA
3053,Goa Coast,15.45109,73.69387,2026-01-06 14:05:09,12.009,5.252,1020.439,92.122,SYNTHETIC_DEMO_DATA
3054,Chennai Coast,13.06122,80.47838,2026-01-06 17:00:00,10.005,14.277,996.243,91.592,SYNTHETIC_DEMO_DATA
3055,Goa Coast,15.51534,73.56458,2026-01-06 19:54:51,6.324,19.641,1007.214,76.004,SYNTHETIC_DEMO_DATA
3056,Kerala Coast,9.91136,76.05073,2026-01-06 22:49:42,3.673,25.25,1011.852,71.844,SYNTHETIC_DEMO_DATA
3057,Andaman & Nicobar,11.54824,93.05856,2026-01-07 01:44:33,7.398,18.466,1021.366,63.225,SYNTHETIC_DEMO_DATA
3058,Odisha Coast,19.769,86.0019,2026-01-07 04:39:24,9.505,14.179,1015.709,52.305,SYNTHETIC_DEMO_DATA
3059,Chennai Coast,13.2224,80.45869,2026-01-07 07:34:16,15.217,0.0,1011.513,41.841,SYNTHETIC_DEMO_DATA
3060,Visakhapatnam,17.88432,83.51414,2026-01-07 10:29:07,11.717,0.0,1013.951,67.351,SYNTHETIC_DEMO_DATA
3061,Visakhapatnam,17.73797,83.03087,2026-01-07 13:23:58,13.223,12.578,1014.27,70.615,SYNTHETIC_DEMO_DATA
3062,Chennai Coast,12.85961,79.9808,2026-01-07 16:18:49,16.232,0.0,1020.346,81.056,SYNTHETIC_DEMO_DATA
3063,Chennai Coast,13.09438,80.31639,2026-01-07 19:13:40,12.716,28.105,1006.315,79.183,SYNTHETIC_DEMO_DATA
3064,Odisha Coast,20.11055,85.84996,2026-01-07 22:08:31,14.359,0.0,1015.23,76.065,SYNTHETIC_DEMO_DATA
3065,Goa Coast,15.67233,73.65618,2026-01-08 01:03:22,17.843,4.183,1013.187,48.185,SYNTHETIC_DEMO_DATA
3066,Mumbai Coast,18.87949,72.67027,2026-01-08 03:58:13,9.009,15.986,1014.327,71.773,SYNTHETIC_DEMO_DATA
3067,Andaman & Nicobar,11.62771,93.04636,2026-01-08 06:53:04,14.049,30.356,1011.145,88.99,SYNTHETIC_DEMO_DATA
3068,Goa Coast,15.33644,73.92595,2026-01-08 09:47:55,9.866,27.593,1000.72,74.151,SYNTHETIC_DEMO_DATA
3069,Odisha Coast,20.46114,85.71416,2026-01-08 12:42:46,11.462,10.921,1016.558,100.0,SYNTHETIC_DEMO_DATA
3070,Sundarbans,21.89886,89.4961,2026-01-08 15:37:37,8.583,5.112,1016.299,83.063,SYNTHETIC_DEMO_DATA
3071,Kerala Coast,9.93711,76.15801,2026-01-08 18:32:28,6.055,27.744,1005.612,69.266,SYNTHETIC_DEMO_DATA
3072,Kerala Coast,10.20134,76.17153,2026-01-08 21:27:19,8.12,12.871,1004.63,68.243,SYNTHETIC_DEMO_DATA
3073,Visakhapatnam,17.48833,82.99209,2026-01-09 00:22:10,8.238,0.0,1012.347,68.855,SYNTHETIC_DEMO_DATA
3074,Goa Coast,15.7596,74.025,2026-01-09 03:17:01,16.173,6.161,1025.691,94.86,SYNTHETIC_DEMO_DATA
3075,Mumbai Coast,18.7792,73.06169,2026-01-09 06:11:52,18.272,17.908,1002.761,84.308,SYNTHETIC_DEMO_DATA
3076,Goa Coast,15.38153,74.25044,2026-01-09 09:06:44,17.629,4.049,1005.183,65.539,SYNTHETIC_DEMO_DATA
3077,Odisha Coast,19.55641,85.71104,2026-01-09 12:01:35,8.483,15.012,1006.642,87.294,SYNTHETIC_DEMO_DATA
3078,Andaman & Nicobar,11.81642,92.85109,2026-01-09 14:56:26,15.688,16.874,1011.169,66.44,SYNTHETIC_DEMO_DATA
3079,Visakhapatnam,18.11918,83.11699,2026-01-09 17:51:17,18.93,0.974,998.192,74.562,SYNTHETIC_DEMO_DATA
3080,Kerala Coast,10.06834,75.91472,2026-01-09 20:46:08,16.4,28.14,1010.294,90.864,SYNTHETIC_DEMO_DATA
3081,Kerala Coast,10.18702,76.24131,2026-01-09 23:40:59,10.83,13.924,1006.838,75.208,SYNTHETIC_DEMO_DATA
3082,Andaman & Nicobar,11.89603,92.76253,2026-01-10 02:35:50,14.613,1.399,1018.611,75.379,SYNTHETIC_DEMO_DATA
3083,Visakhapatnam,17.55074,83.12096,2026-01-10 05:30:41,9.068,23.57,1011.526,74.617,SYNTHETIC_DEMO_DATA
3084,Visakhapatnam,17.44175,83.16728,2026-01-10 08:25:32,7.336,10.486,1003.147,71.251,SYNTHETIC_DEMO_DATA
3085,Chennai Coast,13.47153,80.28315,2026-01-10 11:20:23,7.029,5.898,1011.502,67.732,SYNTHETIC_DEMO_DATA
3086,Chennai Coast,13.41802,80.10687,2026-01-10 14:15:14,15.125,11.532,1002.232,80.404,SYNTHETIC_DEMO_DATA
3087,Odisha Coast,19.90813,85.73906,2026-01-10 17:10:05,15.34,25.809,1009.767,91.967,SYNTHETIC_DEMO_DATA
3088,Odisha Coast,19.51236,85.61585,2026-01-10 20:04:56,13.789,14.269,1010.489,81.858,SYNTHETIC_DEMO_DATA
3089,Visakhapatnam,17.67476,83.29251,2026-01-10 22:59:47,9.105,16.461,1005.917,91.537,SYNTHETIC_DEMO_DATA
3090,Kerala Coast,10.04817,75.91874,2026-01-11 01:54:38,3.827,7.423,995.383,86.544,SYNTHETIC_DEMO_DATA
3091,Chennai Coast,13.10897,80.53661,2026-01-11 04:49:29,10.966,1.232,1012.685,61.466,SYNTHETIC_DEMO_DATA
3092,Chennai Coast,13.09453,80.39901,2026-01-11 07:44:20,11.992,23.094,1014.781,82.401,SYNTHETIC_DEMO_DATA
3093,Goa Coast,15.51378,73.98385,2026-01-11 10:39:11,9.602,18.773,1007.65,72.671,SYNTHETIC_DEMO_DATA
3094,Visakhapatnam,17.93727,83.48198,2026-01-11 13:34:03,22.219,13.118,1000.426,72.748,SYNTHETIC_DEMO_DATA
3095,Lakshadweep,10.70072,72.63815,2026-01-11 16:28:54,9.265,19.489,1007.122,68.962,SYNTHETIC_DEMO_DATA
3096,Goa Coast,15.64884,73.86882,2026-01-11 19:23:45,11.198,17.776,1011.695,85.505,SYNTHETIC_DEMO_DATA
3097,Odisha Coast,20.12575,85.69931,2026-01-11 22:18:36,11.788,7.978,1005.855,71.803,SYNTHETIC_DEMO_DATA
3098,Chennai Coast,13.29787,79.9464,2026-01-12 01:13:27,17.292,5.047,1010.791,52.392,SYNTHETIC_DEMO_DATA
3099,Odisha Coast,19.45318,85.81735,2026-01-12 04:08:18,7.426,20.459,1010.02,67.629,SYNTHETIC_DEMO_DATA
3100,Visakhapatnam,17.92141,83.31273,2026-01-12 07:03:09,17.754,3.374,1013.252,77.481,SYNTHETIC_DEMO_DATA
3101,Chennai Coast,12.66052,80.40482,2026-01-12 09:58:00,5.679,8.092,1028.076,79.905,SYNTHETIC_DEMO_DATA
3102,Odisha Coast,19.66728,86.05104,2026-01-12 12:52:51,7.847,1.484,1017.592,70.566,SYNTHETIC_DEMO_DATA
3103,Sundarbans,21.90597,89.30306,2026-01-12 15:47:42,9.166,10.523,1008.337,78.67,SYNTHETIC_DEMO_DATA
3104,Kerala Coast,9.91696,76.31917,2026-01-12 18:42:33,8.581,17.56,1006.445,85.563,SYNTHETIC_DEMO_DATA
3105,Goa Coast,15.18131,73.88164,2026-01-12 21:37:24,12.183,0.0,1028.287,43.786,SYNTHETIC_DEMO_DATA
3106,Chennai Coast,13.48415,80.08184,2026-01-13 00:32:15,9.365,3.216,1018.58,81.746,SYNTHETIC_DEMO_DATA
3107,Andaman & Nicobar,11.61996,92.66849,2026-01-13 03:27:06,24.218,9.534,1017.352,86.544,SYNTHETIC_DEMO_DATA
3108,Chennai Coast,13.0192,80.28381,2026-01-13 06:21:57,15.879,12.568,1019.228,82.041,SYNTHETIC_DEMO_DATA
3109,Lakshadweep,10.72368,72.52484,2026-01-13 09:16:48,10.257,6.803,1027.194,74.608,SYNTHETIC_DEMO_DATA
3110,Visakhapatnam,17.51837,83.04585,2026-01-13 12:11:39,11.08,6.664,1017.627,58.078,SYNTHETIC_DEMO_DATA
3111,Mumbai Coast,18.83079,72.59523,2026-01-13 15:06:31,11.393,12.581,1004.806,81.283,SYNTHETIC_DEMO_DATA
3112,Goa Coast,15.72617,74.09611,2026-01-13 18:01:22,5.589,18.402,1004.069,97.475,SYNTHETIC_DEMO_DATA
3113,Sundarbans,21.84325,89.2989,2026-01-13 20:56:13,8.183,0.933,1007.218,77.096,SYNTHETIC_DEMO_DATA
3114,Lakshadweep,10.49091,72.71141,2026-01-13 23:51:04,15.154,0.429,1008.942,61.274,SYNTHETIC_DEMO_DATA
3115,Chennai Coast,13.06212,80.45573,2026-01-14 02:45:55,8.242,9.841,1009.798,65.053,SYNTHETIC_DEMO_DATA
3116,Kerala Coast,9.61143,76.09065,2026-01-14 05:40:46,15.708,16.919,1019.234,63.052,SYNTHETIC_DEMO_DATA
3117,Gujarat Coast,22.38293,69.75917,2026-01-14 08:35:37,4.529,14.173,1006.794,65.028,SYNTHETIC_DEMO_DATA
3118,Gujarat Coast,21.99924,69.46355,2026-01-14 11:30:28,14.756,0.0,1003.983,68.252,SYNTHETIC_DEMO_DATA
3119,Sundarbans,21.86442,88.91983,2026-01-14 14:25:19,1.469,15.785,1004.043,70.011,SYNTHETIC_DEMO_DATA
3120,Andaman & Nicobar,11.68534,92.93748,2026-01-14 17:20:10,15.726,20.858,1019.004,66.387,SYNTHETIC_DEMO_DATA
3121,Gujarat Coast,22.31969,69.40763,2026-01-14 20:15:01,8.146,7.818,1007.581,82.26,SYNTHETIC_DEMO_DATA
3122,Lakshadweep,10.46177,72.83166,2026-01-14 23:09:52,4.628,11.184,1015.253,66.077,SYNTHETIC_DEMO_DATA
3123,Kerala Coast,9.55082,76.40263,2026-01-15 02:04:43,12.213,13.633,1014.044,76.214,SYNTHETIC_DEMO_DATA
3124,Gujarat Coast,22.2805,69.13376,2026-01-15 04:59:34,10.544,10.651,1031.695,68.314,SYNTHETIC_DEMO_DATA
3125,Kerala Coast,10.00394,76.22702,2026-01-15 07:54:25,15.346,18.087,1007.995,55.531,SYNTHETIC_DEMO_DATA
3126,Andaman & Nicobar,11.76879,92.53225,2026-01-15 10:49:16,16.619,7.755,1010.132,83.836,SYNTHETIC_DEMO_DATA
3127,Andaman & Nicobar,11.48675,92.68582,2026-01-15 13:44:07,10.497,0.206,1010.731,71.665,SYNTHETIC_DEMO_DATA
3128,Lakshadweep,10.37715,72.79344,2026-01-15 16:38:59,11.356,0.891,1014.802,78.027,SYNTHETIC_DEMO_DATA
3129,Mumbai Coast,18.94904,72.74874,2026-01-15 19:33:50,16.441,6.326,1015.486,76.509,SYNTHETIC_DEMO_DATA
3130,Goa Coast,15.39657,74.02766,2026-01-15 22:28:41,2.728,10.42,1014.674,74.272,SYNTHETIC_DEMO_DATA
3131,Chennai Coast,13.02006,80.39437,2026-01-16 01:23:32,11.216,6.133,992.498,78.342,SYNTHETIC_DEMO_DATA
3132,Kerala Coast,9.77738,76.27706,2026-01-16 04:18:23,5.988,24.705,1001.91,97.648,SYNTHETIC_DEMO_DATA
3133,Goa Coast,15.37529,73.97683,2026-01-16 07:13:14,6.981,3.596,1020.184,73.703,SYNTHETIC_DEMO_DATA
3134,Sundarbans,22.13064,89.13556,2026-01-16 10:08:05,5.066,33.0,1000.563,53.245,SYNTHETIC_DEMO_DATA
3135,Goa Coast,15.37332,73.77213,2026-01-16 13:02:56,9.302,23.648,1020.237,56.934,SYNTHETIC_DEMO_DATA
3136,Sundarbans,21.97444,89.09368,2026-01-16 15:57:47,18.702,14.865,1013.364,92.386,SYNTHETIC_DEMO_DATA
3137,Mumbai Coast,18.95814,72.63507,2026-01-16 18:52:38,9.454,25.427,1015.283,60.434,SYNTHETIC_DEMO_DATA
3138,Kerala Coast,9.87707,76.38556,2026-01-16 21:47:29,2.29,13.463,1009.936,84.5,SYNTHETIC_DEMO_DATA
3139,Kerala Coast,10.28817,76.28884,2026-01-17 00:42:20,14.855,26.299,1007.209,73.858,SYNTHETIC_DEMO_DATA
3140,Kerala Coast,10.05841,76.31454,2026-01-17 03:37:11,7.926,33.497,1000.089,83.972,SYNTHETIC_DEMO_DATA
3141,Kerala Coast,9.92198,76.27064,2026-01-17 06:32:02,6.513,0.305,1010.636,48.442,SYNTHETIC_DEMO_DATA
3142,Kerala Coast,9.88668,75.99469,2026-01-17 09:26:53,14.164,31.529,1016.438,87.808,SYNTHETIC_DEMO_DATA
3143,Kerala Coast,9.81413,76.38551,2026-01-17 12:21:44,11.59,9.442,1010.17,81.88,SYNTHETIC_DEMO_DATA
3144,Mumbai Coast,19.27527,72.9081,2026-01-17 15:16:35,17.559,31.91,993.069,98.237,SYNTHETIC_DEMO_DATA
3145,Goa Coast,15.10838,73.43363,2026-01-17 18:11:27,20.421,8.239,1005.239,70.604,SYNTHETIC_DEMO_DATA
3146,Mumbai Coast,19.08181,72.70308,2026-01-17 21:06:18,5.559,15.948,998.928,71.362,SYNTHETIC_DEMO_DATA
3147,Gujarat Coast,22.1027,69.96355,2026-01-18 00:01:09,4.983,7.452,1004.685,72.02,SYNTHETIC_DEMO_DATA
3148,Andaman & Nicobar,11.67353,92.67457,2026-01-18 02:56:00,15.594,13.014,1003.186,63.252,SYNTHETIC_DEMO_DATA
3149,Lakshadweep,10.43038,72.78029,2026-01-18 05:50:51,16.696,19.65,1005.635,67.351,SYNTHETIC_DEMO_DATA
3150,Odisha Coast,20.11562,85.68624,2026-01-18 08:45:42,15.103,30.914,1017.195,91.219,SYNTHETIC_DEMO_DATA
3151,Goa Coast,15.42129,73.83279,2026-01-18 11:40:33,10.889,13.541,1008.295,62.792,SYNTHETIC_DEMO_DATA
3152,Visakhapatnam,17.99723,83.37152,2026-01-18 14:35:24,7.747,0.0,1002.032,77.43,SYNTHETIC_DEMO_DATA
3153,Odisha Coast,19.85802,85.81828,2026-01-18 17:30:15,20.766,21.301,1000.151,63.585,SYNTHETIC_DEMO_DATA
3154,Goa Coast,15.39112,73.52039,2026-01-18 20:25:06,16.088,7.935,1015.999,65.469,SYNTHETIC_DEMO_DATA
3155,Sundarbans,21.83443,89.28693,2026-01-18 23:19:57,11.183,21.051,1009.057,67.197,SYNTHETIC_DEMO_DATA
3156,Andaman & Nicobar,11.93932,92.79123,2026-01-19 02:14:48,12.358,16.281,1016.142,75.276,SYNTHETIC_DEMO_DATA
3157,Goa Coast,15.43787,73.99429,2026-01-19 05:09:39,4.513,11.609,1020.635,82.795,SYNTHETIC_DEMO_DATA
3158,Lakshadweep,10.66445,72.51043,2026-01-19 08:04:30,19.227,19.849,1007.714,44.212,SYNTHETIC_DEMO_DATA
3159,Gujarat Coast,22.04326,69.74998,2026-01-19 10:59:21,13.454,0.0,1017.089,90.289,SYNTHETIC_DEMO_DATA
3160,Andaman & Nicobar,11.98257,92.64142,2026-01-19 13:54:12,11.062,3.693,1016.229,59.136,SYNTHETIC_DEMO_DATA
3161,Odisha Coast,19.7282,85.36498,2026-01-19 16:49:03,11.672,21.512,1006.29,66.143,SYNTHETIC_DEMO_DATA
3162,Andaman & Nicobar,11.70452,92.54806,2026-01-19 19:43:55,9.901,41.654,996.778,82.908,SYNTHETIC_DEMO_DATA
3163,Odisha Coast,19.60367,86.00813,2026-01-19 22:38:46,15.492,6.879,1014.873,71.881,SYNTHETIC_DEMO_DATA
3164,Chennai Coast,12.88999,80.26329,2026-01-20 01:33:37,8.372,15.936,1009.928,78.85,SYNTHETIC_DEMO_DATA
3165,Odisha Coast,19.89773,85.73708,2026-01-20 04:28:28,15.033,7.712,1014.734,66.727,SYNTHETIC_DEMO_DATA
3166,Kerala Coast,10.12859,76.49313,2026-01-20 07:23:19,18.123,14.062,1011.697,93.134,SYNTHETIC_DEMO_DATA
3167,Goa Coast,15.22771,74.0115,2026-01-20 10:18:10,15.272,8.838,1006.464,69.439,SYNTHETIC_DEMO_DATA
3168,Visakhapatnam,17.94825,83.32249,2026-01-20 13:13:01,11.055,4.691,1012.607,90.727,SYNTHETIC_DEMO_DATA
3169,Andaman & Nicobar,11.91808,92.88407,2026-01-20 16:07:52,1.0,6.165,1005.078,75.948,SYNTHETIC_DEMO_DATA
3170,Gujarat Coast,22.27428,69.80879,2026-01-20 19:02:43,10.583,13.828,1016.966,80.128,SYNTHETIC_DEMO_DATA
3171,Gujarat Coast,22.27448,69.73684,2026-01-20 21:57:34,10.69,0.0,1012.042,68.75,SYNTHETIC_DEMO_DATA
3172,Lakshadweep,10.94784,72.68044,2026-01-21 00:52:25,13.221,7.069,1020.492,78.452,SYNTHETIC_DEMO_DATA
3173,Kerala Coast,10.20019,76.44702,2026-01-21 03:47:16,14.214,33.44,1011.615,95.224,SYNTHETIC_DEMO_DATA
3174,Chennai Coast,13.13851,80.46807,2026-01-21 06:42:07,14.871,0.0,1025.028,74.79,SYNTHETIC_DEMO_DATA
3175,Lakshadweep,10.7204,72.83351,2026-01-21 09:36:58,16.573,2.337,1006.731,100.0,SYNTHETIC_DEMO_DATA
3176,Mumbai Coast,18.84357,72.83004,2026-01-21 12:31:49,7.563,21.643,1005.563,83.902,SYNTHETIC_DEMO_DATA
3177,Gujarat Coast,22.28367,69.42802,2026-01-21 15:26:40,10.648,0.0,1010.99,68.175,SYNTHETIC_DEMO_DATA
3178,Visakhapatnam,17.80355,82.79863,2026-01-21 18:21:31,13.175,19.778,1014.838,81.388,SYNTHETIC_DEMO_DATA
3179,Visakhapatnam,17.63885,82.97456,2026-01-21 21:16:22,7.939,13.38,1013.292,82.617,SYNTHETIC_DEMO_DATA
3180,Odisha Coast,19.85895,85.82461,2026-01-22 00:11:14,13.398,8.05,1028.728,43.442,SYNTHETIC_DEMO_DATA
3181,Visakhapatnam,17.69338,83.09769,2026-01-22 03:06:05,19.409,6.944,1031.862,78.843,SYNTHETIC_DEMO_DATA
3182,Odisha Coast,19.83724,85.69835,2026-01-22 06:00:56,17.831,0.0,1009.259,68.858,SYNTHETIC_DEMO_DATA
3183,Goa Coast,15.77495,73.72287,2026-01-22 08:55:47,9.539,18.551,1004.709,86.353,SYNTHETIC_DEMO_DATA
3184,Sundarbans,22.13217,89.29401,2026-01-22 11:50:38,17.117,21.834,1009.451,58.599,SYNTHETIC_DEMO_DATA
3185,Gujarat Coast,22.34985,69.614,2026-01-22 14:45:29,10.204,9.277,1010.214,63.507,SYNTHETIC_DEMO_DATA
3186,Lakshadweep,10.64559,72.57771,2026-01-22 17:40:20,13.796,2.13,1004.044,81.603,SYNTHETIC_DEMO_DATA
3187,Goa Coast,15.72155,73.97677,2026-01-22 20:35:11,14.909,24.586,1005.804,53.151,SYNTHETIC_DEMO_DATA
3188,Kerala Coast,9.68753,76.47638,2026-01-22 23:30:02,13.465,20.937,1007.458,72.253,SYNTHETIC_DEMO_DATA
3189,Sundarbans,21.79013,89.16244,2026-01-23 02:24:53,22.55,20.59,1012.503,59.412,SYNTHETIC_DEMO_DATA
3190,Andaman & Nicobar,11.96792,92.73816,2026-01-23 05:19:44,14.089,14.758,999.759,70.755,SYNTHETIC_DEMO_DATA
3191,Sundarbans,21.95601,89.25868,2026-01-23 08:14:35,17.037,17.898,1016.91,55.17,SYNTHETIC_DEMO_DATA
3192,Gujarat Coast,22.28268,69.70841,2026-01-23 11:09:26,12.556,5.667,1005.452,67.857,SYNTHETIC_DEMO_DATA
3193,Gujarat Coast,22.21186,69.67514,2026-01-23 14:04:17,12.469,0.0,1011.782,83.051,SYNTHETIC_DEMO_DATA
3194,Odisha Coast,19.46469,85.48314,2026-01-23 16:59:08,10.758,8.654,1005.228,61.974,SYNTHETIC_DEMO_DATA
3195,Goa Coast,15.31946,73.94268,2026-01-23 19:53:59,18.701,0.0,1013.5,76.359,SYNTHETIC_DEMO_DATA
3196,Odisha Coast,19.68639,85.81047,2026-01-23 22:48:50,7.113,10.038,1002.382,52.449,SYNTHETIC_DEMO_DATA
3197,Visakhapatnam,17.54302,83.41211,2026-01-24 01:43:42,14.554,9.246,1002.478,68.076,SYNTHETIC_DEMO_DATA
3198,Andaman & Nicobar,11.54276,92.58706,2026-01-24 04:38:33,17.212,22.789,1006.204,74.29,SYNTHETIC_DEMO_DATA
3199,Lakshadweep,10.81211,72.54681,2026-01-24 07:33:24,7.86,3.455,1012.956,84.059,SYNTHETIC_DEMO_DATA
3200,Visakhapatnam,17.47693,83.49825,2026-01-24 10:28:15,12.152,20.423,1007.227,85.953,SYNTHETIC_DEMO_DATA
3201,Lakshadweep,10.69475,72.38909,2026-01-24 13:23:06,7.196,22.72,1010.053,100.0,SYNTHETIC_DEMO_DATA
3202,Lakshadweep,10.70015,72.92428,2026-01-24 16:17:57,15.141,3.309,1020.943,84.121,SYNTHETIC_DEMO_DATA
3203,Goa Coast,15.26769,73.67411,2026-01-24 19:12:48,12.973,22.285,1009.402,79.533,SYNTHETIC_DEMO_DATA
3204,Odisha Coast,19.94929,86.00405,2026-01-24 22:07:39,13.639,17.766,993.967,77.228,SYNTHETIC_DEMO_DATA
3205,Visakhapatnam,17.67396,83.29723,2026-01-25 01:02:30,16.095,7.665,1025.467,85.25,SYNTHETIC_DEMO_DATA
3206,Gujarat Coast,22.50922,69.27381,2026-01-25 03:57:21,14.479,10.436,1012.658,64.078,SYNTHETIC_DEMO_DATA
3207,Lakshadweep,10.28897,72.2952,2026-01-25 06:52:12,11.228,0.0,1011.674,71.126,SYNTHETIC_DEMO_DATA
3208,Andaman & Nicobar,11.83383,92.40401,2026-01-25 09:47:03,18.344,17.937,1012.296,67.184,SYNTHETIC_DEMO_DATA
3209,Kerala Coast,9.82317,76.14073,2026-01-25 12:41:54,15.399,27.224,1001.525,82.461,SYNTHETIC_DEMO_DATA
3210,Visakhapatnam,17.58395,82.91721,2026-01-25 15:36:45,19.234,13.408,1006.305,81.186,SYNTHETIC_DEMO_DATA
3211,Lakshadweep,10.5423,72.56703,2026-01-25 18:31:36,13.418,0.0,996.346,67.945,SYNTHETIC_DEMO_DATA
3212,Visakhapatnam,17.76712,83.06363,2026-01-25 21:26:27,12.308,0.26,1013.42,58.841,SYNTHETIC_DEMO_DATA
3213,Chennai Coast,12.67729,80.20042,2026-01-26 00:21:18,18.583,0.0,1006.564,85.85,SYNTHETIC_DEMO_DATA
3214,Lakshadweep,10.49775,72.60945,2026-01-26 03:16:10,20.142,4.017,1022.155,55.335,SYNTHETIC_DEMO_DATA
3215,Mumbai Coast,18.69608,72.72252,2026-01-26 06:11:01,9.243,11.971,1009.829,94.584,SYNTHETIC_DEMO_DATA
3216,Visakhapatnam,17.88575,83.32418,2026-01-26 09:05:52,19.683,0.0,1022.743,67.373,SYNTHETIC_DEMO_DATA
3217,Sundarbans,22.04978,89.33884,2026-01-26 12:00:43,9.957,14.859,1015.356,60.621,SYNTHETIC_DEMO_DATA
3218,Kerala Coast,9.92231,76.00484,2026-01-26 14:55:34,6.521,19.104,1000.157,74.155,SYNTHETIC_DEMO_DATA
3219,Lakshadweep,10.84232,72.45567,2026-01-26 17:50:25,13.757,1.12,1004.82,75.103,SYNTHETIC_DEMO_DATA
3220,Kerala Coast,10.0953,76.24536,2026-01-26 20:45:16,6.067,18.99,1014.593,83.784,SYNTHETIC_DEMO_DATA
3221,Gujarat Coast,22.34457,69.36834,2026-01-26 23:40:07,10.179,11.687,1007.512,87.379,SYNTHETIC_DEMO_DATA
3222,Visakhapatnam,17.78928,83.10838,2026-01-27 02:34:58,10.948,16.659,1011.151,68.218,SYNTHETIC_DEMO_DATA
3223,Goa Coast,15.37503,74.11988,2026-01-27 05:29:49,11.319,0.0,991.087,83.156,SYNTHETIC_DEMO_DATA
3224,Goa Coast,15.13222,73.54318,2026-01-27 08:24:40,18.003,17.654,1019.153,83.078,SYNTHETIC_DEMO_DATA
3225,Gujarat Coast,22.56321,69.49782,2026-01-27 11:19:31,18.909,1.438,1009.038,89.558,SYNTHETIC_DEMO_DATA
3226,Goa Coast,15.67291,74.09348,2026-01-27 14:14:22,20.246,14.758,999.345,92.11,SYNTHETIC_DEMO_DATA
3227,Mumbai Coast,19.09865,72.87721,2026-01-27 17:09:13,11.359,35.679,1004.875,83.885,SYNTHETIC_DEMO_DATA
3228,Chennai Coast,13.63403,80.14196,2026-01-27 20:04:04,13.336,5.535,1014.262,65.96,SYNTHETIC_DEMO_DATA
3229,Goa Coast,15.48571,74.00587,2026-01-27 22:58:55,21.436,6.303,1024.538,71.13,SYNTHETIC_DEMO_DATA
3230,Andaman & Nicobar,11.69669,92.675,2026-01-28 01:53:46,6.052,3.07,1021.824,93.811,SYNTHETIC_DEMO_DATA
3231,Andaman & Nicobar,12.18471,92.82024,2026-01-28 04:48:38,14.135,7.456,995.742,82.292,SYNTHETIC_DEMO_DATA
3232,Visakhapatnam,17.7031,83.30041,2026-01-28 07:43:29,12.851,2.488,1022.574,77.828,SYNTHETIC_DEMO_DATA
3233,Gujarat Coast,22.64529,69.79329,2026-01-28 10:38:20,12.701,0.0,1023.224,71.236,SYNTHETIC_DEMO_DATA
3234,Sundarbans,21.69969,89.12188,2026-01-28 13:33:11,14.512,18.173,1014.034,66.625,SYNTHETIC_DEMO_DATA
3235,Mumbai Coast,19.10323,73.01172,2026-01-28 16:28:02,12.305,15.307,1001.041,84.957,SYNTHETIC_DEMO_DATA
3236,Mumbai Coast,18.82358,73.05535,2026-01-28 19:22:53,12.03,29.265,1006.552,80.714,SYNTHETIC_DEMO_DATA
3237,Chennai Coast,12.8451,80.31057,2026-01-28 22:17:44,11.051,7.687,1024.081,96.418,SYNTHETIC_DEMO_DATA
3238,Lakshadweep,10.58875,72.84545,2026-01-29 01:12:35,12.503,3.952,999.73,58.39,SYNTHETIC_DEMO_DATA
3239,Andaman & Nicobar,11.22901,92.24658,2026-01-29 04:07:26,11.132,25.355,1000.869,78.375,SYNTHETIC_DEMO_DATA
3240,Sundarbans,21.93359,89.07385,2026-01-29 07:02:17,14.588,32.495,1011.674,76.777,SYNTHETIC_DEMO_DATA
3241,Visakhapatnam,17.58026,83.23014,2026-01-29 09:57:08,14.237,11.006,1017.446,45.14,SYNTHETIC_DEMO_DATA
3242,Visakhapatnam,17.71272,83.33051,2026-01-29 12:51:59,11.874,15.416,1000.825,88.273,SYNTHETIC_DEMO_DATA
3243,Andaman & Nicobar,11.8835,92.60316,2026-01-29 15:46:50,14.55,16.067,1016.706,83.971,SYNTHETIC_DEMO_DATA
3244,Mumbai Coast,19.07156,72.55199,2026-01-29 18:41:41,5.226,23.899,999.093,96.614,SYNTHETIC_DEMO_DATA
3245,Goa Coast,15.5604,73.60263,2026-01-29 21:36:32,18.961,9.082,998.759,72.779,SYNTHETIC_DEMO_DATA
3246,Andaman & Nicobar,11.61241,92.74259,2026-01-30 00:31:23,12.126,25.391,996.94,79.495,SYNTHETIC_DEMO_DATA
3247,Goa Coast,15.65412,73.74584,2026-01-30 03:26:14,10.191,19.097,1010.664,86.373,SYNTHETIC_DEMO_DATA
3248,Sundarbans,21.93306,88.85682,2026-01-30 06:21:06,19.369,15.942,1005.958,100.0,SYNTHETIC_DEMO_DATA
3249,Odisha Coast,19.71132,85.70815,2026-01-30 09:15:57,1.0,7.628,1004.393,77.742,SYNTHETIC_DEMO_DATA
3250,Chennai Coast,13.05299,80.3136,2026-01-30 12:10:48,11.384,0.0,1014.552,68.72,SYNTHETIC_DEMO_DATA
3251,Chennai Coast,13.28252,80.04476,2026-01-30 15:05:39,13.469,5.371,1014.994,83.425,SYNTHETIC_DEMO_DATA
3252,Goa Coast,15.79381,73.92433,2026-01-30 18:00:30,5.451,9.097,1012.003,90.044,SYNTHETIC_DEMO_DATA
3253,Odisha Coast,19.98385,85.98291,2026-01-30 20:55:21,12.846,6.011,998.829,76.799,SYNTHETIC_DEMO_DATA
3254,Chennai Coast,13.03292,80.50973,2026-01-30 23:50:12,15.967,7.897,1019.685,58.387,SYNTHETIC_DEMO_DATA
3255,Visakhapatnam,17.97588,82.95095,2026-01-31 02:45:03,10.611,17.25,1008.568,96.718,SYNTHETIC_DEMO_DATA
3256,Odisha Coast,19.87172,85.95066,2026-01-31 05:39:54,6.252,16.863,1007.653,68.191,SYNTHETIC_DEMO_DATA
3257,Odisha Coast,19.79371,85.92355,2026-01-31 08:34:45,12.298,16.352,1008.321,66.295,SYNTHETIC_DEMO_DATA
3258,Odisha Coast,20.21702,85.53589,2026-01-31 11:29:36,12.928,0.0,1017.175,72.435,SYNTHETIC_DEMO_DATA
3259,Mumbai Coast,18.73856,72.58714,2026-01-31 14:24:27,10.78,14.223,1016.874,64.795,SYNTHETIC_DEMO_DATA
3260,Kerala Coast,9.85715,76.32415,2026-01-31 17:19:18,11.604,25.775,1013.459,47.822,SYNTHETIC_DEMO_DATA
3261,Kerala Coast,10.20528,75.85538,2026-01-31 20:14:09,10.753,19.11,1009.589,57.782,SYNTHETIC_DEMO_DATA
3262,Kerala Coast,9.70418,75.88176,2026-01-31 23:09:00,15.826,26.798,1009.056,87.218,SYNTHETIC_DEMO_DATA
3263,Goa Coast,15.48636,73.81404,2026-02-01 02:03:51,5.902,6.113,1016.641,52.682,SYNTHETIC_DEMO_DATA
3264,Andaman & Nicobar,11.74544,92.54909,2026-02-01 04:58:42,15.137,8.847,1016.896,64.459,SYNTHETIC_DEMO_DATA
3265,Mumbai Coast,18.53712,72.65861,2026-02-01 07:53:34,17.003,13.64,996.127,87.594,SYNTHETIC_DEMO_DATA
3266,Gujarat Coast,21.73067,69.40369,2026-02-01 10:48:25,12.769,13.057,1009.232,63.965,SYNTHETIC_DEMO_DATA
3267,Goa Coast,15.59114,73.53061,2026-02-01 13:43:16,15.832,14.005,1010.397,75.267,SYNTHETIC_DEMO_DATA
3268,Gujarat Coast,22.15891,69.92992,2026-02-01 16:38:07,21.763,0.0,1012.229,69.992,SYNTHETIC_DEMO_DATA
3269,Odisha Coast,19.60305,86.0334,2026-02-01 19:32:58,17.648,17.309,1020.018,81.621,SYNTHETIC_DEMO_DATA
3270,Lakshadweep,10.57367,72.57618,2026-02-01 22:27:49,16.013,3.554,1001.063,67.916,SYNTHETIC_DEMO_DATA
3271,Odisha Coast,19.48481,85.83056,2026-02-02 01:22:40,3.174,0.0,1015.771,90.288,SYNTHETIC_DEMO_DATA
3272,Kerala Coast,9.85077,76.32652,2026-02-02 04:17:31,16.046,18.436,1012.625,78.887,SYNTHETIC_DEMO_DATA
3273,Gujarat Coast,22.01562,69.60066,2026-02-02 07:12:22,16.579,5.329,1010.732,67.489,SYNTHETIC_DEMO_DATA
3274,Kerala Coast,10.10047,76.69923,2026-02-02 10:07:13,14.214,0.0,992.193,70.405,SYNTHETIC_DEMO_DATA
3275,Visakhapatnam,17.95067,83.01363,2026-02-02 13:02:04,12.759,6.669,1014.579,83.708,SYNTHETIC_DEMO_DATA
3276,Lakshadweep,10.5111,72.56924,2026-02-02 15:56:55,18.461,13.951,1016.042,70.501,SYNTHETIC_DEMO_DATA
3277,Sundarbans,21.71479,89.02615,2026-02-02 18:51:46,5.955,11.929,1008.753,75.021,SYNTHETIC_DEMO_DATA
3278,Visakhapatnam,17.79528,83.34032,2026-02-02 21:46:37,21.184,7.691,1014.918,70.616,SYNTHETIC_DEMO_DATA
3279,Lakshadweep,10.54999,72.90294,2026-02-03 00:41:28,4.242,1.912,1008.816,71.424,SYNTHETIC_DEMO_DATA
3280,Goa Coast,15.41887,73.88181,2026-02-03 03:36:19,13.703,22.998,1014.289,65.477,SYNTHETIC_DEMO_DATA
3281,Sundarbans,21.95233,88.71566,2026-02-03 06:31:10,9.602,34.182,1002.548,78.593,SYNTHETIC_DEMO_DATA
3282,Goa Coast,15.21216,73.84283,2026-02-03 09:26:01,8.137,15.916,1003.96,75.122,SYNTHETIC_DEMO_DATA
3283,Lakshadweep,10.49759,72.61029,2026-02-03 12:20:53,5.899,1.74,989.01,92.518,SYNTHETIC_DEMO_DATA
3284,Sundarbans,22.35858,89.0383,2026-02-03 15:15:44,16.067,14.566,1020.757,59.817,SYNTHETIC_DEMO_DATA
3285,Kerala Coast,9.88482,76.11454,2026-02-03 18:10:35,6.625,26.071,1018.326,74.393,SYNTHETIC_DEMO_DATA
3286,Kerala Coast,9.74592,76.6484,2026-02-03 21:05:26,5.844,30.445,1015.751,67.998,SYNTHETIC_DEMO_DATA
3287,Odisha Coast,19.8292,85.89188,2026-02-04 00:00:17,16.847,24.456,1012.503,79.01,SYNTHETIC_DEMO_DATA
3288,Visakhapatnam,17.28101,82.97621,2026-02-04 02:55:08,9.706,0.0,1014.098,67.359,SYNTHETIC_DEMO_DATA
3289,Odisha Coast,19.73924,85.86982,2026-02-04 05:49:59,12.082,0.0,1017.501,77.366,SYNTHETIC_DEMO_DATA
3290,Odisha Coast,20.20286,85.46763,2026-02-04 08:44:50,13.21,24.431,1018.401,71.063,SYNTHETIC_DEMO_DATA
3291,Kerala Coast,9.7622,76.50761,2026-02-04 11:39:41,13.039,13.851,1013.149,69.615,SYNTHETIC_DEMO_DATA
3292,Kerala Coast,10.01687,76.48142,2026-02-04 14:34:32,9.807,13.451,996.525,70.809,SYNTHETIC_DEMO_DATA
3293,Visakhapatnam,17.6049,83.07782,2026-02-04 17:29:23,6.366,28.975,1016.527,84.239,SYNTHETIC_DEMO_DATA
3294,Visakhapatnam,17.84805,83.0768,2026-02-04 20:24:14,11.258,0.0,1016.139,73.299,SYNTHETIC_DEMO_DATA
3295,Odisha Coast,19.47482,86.05755,2026-02-04 23:19:05,21.004,9.535,1018.301,64.248,SYNTHETIC_DEMO_DATA
3296,Goa Coast,15.30814,73.77817,2026-02-05 02:13:56,15.28,13.484,1022.163,82.896,SYNTHETIC_DEMO_DATA
3297,Visakhapatnam,17.67031,83.276,2026-02-05 05:08:47,4.228,11.819,998.156,83.786,SYNTHETIC_DEMO_DATA
3298,Lakshadweep,10.3476,72.22683,2026-02-05 08:03:38,11.111,13.601,1013.629,74.698,SYNTHETIC_DEMO_DATA
3299,Mumbai Coast,18.78731,72.60663,2026-02-05 10:58:29,10.38,6.629,1007.695,66.231,SYNTHETIC_DEMO_DATA
3300,Andaman & Nicobar,11.77417,92.94692,2026-02-05 13:53:21,16.802,7.086,1021.558,75.882,SYNTHETIC_DEMO_DATA
3301,Gujarat Coast,22.38865,69.52659,2026-02-05 16:48:12,15.127,6.688,1030.344,68.966,SYNTHETIC_DEMO_DATA
3302,Visakhapatnam,17.62646,83.17748,2026-02-05 19:43:03,8.257,8.866,1006.593,68.609,SYNTHETIC_DEMO_DATA
3303,Gujarat Coast,22.36133,69.69644,2026-02-05 22:37:54,12.015,0.0,1016.476,66.145,SYNTHETIC_DEMO_DATA
3304,Visakhapatnam,17.88886,83.02114,2026-02-06 01:32:45,8.34,9.797,1020.825,83.025,SYNTHETIC_DEMO_DATA
3305,Odisha Coast,19.85608,85.84409,2026-02-06 04:27:36,12.163,4.805,1009.494,87.889,SYNTHETIC_DEMO_DATA
3306,Visakhapatnam,17.50712,83.34086,2026-02-06 07:22:27,15.006,18.617,1007.831,69.115,SYNTHETIC_DEMO_DATA
3307,Visakhapatnam,17.73376,83.38402,2026-02-06 10:17:18,14.779,0.0,1008.065,70.884,SYNTHETIC_DEMO_DATA
3308,Odisha Coast,19.79434,85.52215,2026-02-06 13:12:09,9.473,12.076,1013.602,72.478,SYNTHETIC_DEMO_DATA
3309,Sundarbans,21.69652,89.13954,2026-02-06 16:07:00,14.865,23.96,1010.021,81.777,SYNTHETIC_DEMO_DATA
3310,Lakshadweep,10.46269,72.74472,2026-02-06 19:01:51,4.909,0.0,1022.652,85.261,SYNTHETIC_DEMO_DATA
3311,Mumbai Coast,18.94267,72.94831,2026-02-06 21:56:42,27.542,16.235,1000.636,95.474,SYNTHETIC_DEMO_DATA
3312,Kerala Coast,10.10123,76.48056,2026-02-07 00:51:33,11.647,30.766,1005.554,88.137,SYNTHETIC_DEMO_DATA
3313,Lakshadweep,10.64093,72.8866,2026-02-07 03:46:24,7.57,1.903,1016.899,82.098,SYNTHETIC_DEMO_DATA
3314,Visakhapatnam,17.7238,83.13334,2026-02-07 06:41:15,21.789,0.0,1018.696,70.105,SYNTHETIC_DEMO_DATA
3315,Kerala Coast,9.25498,76.17589,2026-02-07 09:36:06,6.613,22.189,1011.28,69.931,SYNTHETIC_DEMO_DATA
3316,Andaman & Nicobar,11.90827,92.9522,2026-02-07 12:30:57,12.378,8.018,1011.672,100.0,SYNTHETIC_DEMO_DATA
3317,Gujarat Coast,22.17735,69.89466,2026-02-07 15:25:49,18.489,11.763,1018.76,51.273,SYNTHETIC_DEMO_DATA
3318,Chennai Coast,13.24511,80.37331,2026-02-07 18:20:40,15.699,15.817,1006.621,81.825,SYNTHETIC_DEMO_DATA
3319,Visakhapatnam,18.22593,83.55362,2026-02-07 21:15:31,14.245,17.245,1006.284,63.013,SYNTHETIC_DEMO_DATA
3320,Sundarbans,21.616,89.17418,2026-02-08 00:10:22,9.621,24.233,1000.126,89.991,SYNTHETIC_DEMO_DATA
3321,Sundarbans,21.84995,89.54485,2026-02-08 03:05:13,19.908,16.499,1006.989,59.509,SYNTHETIC_DEMO_DATA
3322,Odisha Coast,19.77907,85.94603,2026-02-08 06:00:04,16.568,4.391,1005.904,81.203,SYNTHETIC_DEMO_DATA
3323,Goa Coast,15.34185,73.66818,2026-02-08 08:54:55,12.099,9.627,1008.909,57.696,SYNTHETIC_DEMO_DATA
3324,Gujarat Coast,22.16449,69.49392,2026-02-08 11:49:46,9.622,8.608,1012.378,100.0,SYNTHETIC_DEMO_DATA
3325,Kerala Coast,9.9045,76.21037,2026-02-08 14:44:37,14.054,20.13,1010.467,80.337,SYNTHETIC_DEMO_DATA
3326,Goa Coast,15.52189,73.45961,2026-02-08 17:39:28,16.18,6.631,999.603,78.49,SYNTHETIC_DEMO_DATA
3327,Odisha Coast,19.74081,86.23681,2026-02-08 20:34:19,18.246,18.878,1013.213,67.937,SYNTHETIC_DEMO_DATA
3328,Visakhapatnam,17.57654,83.40167,2026-02-08 23:29:10,6.4,23.851,1010.367,70.12,SYNTHETIC_DEMO_DATA
3329,Chennai Coast,13.48988,80.19537,2026-02-09 02:24:01,13.256,14.579,999.674,74.03,SYNTHETIC_DEMO_DATA
3330,Lakshadweep,10.60303,72.59525,2026-02-09 05:18:52,1.0,9.274,1021.211,58.284,SYNTHETIC_DEMO_DATA
3331,Gujarat Coast,22.3508,69.61969,2026-02-09 08:13:43,20.531,4.672,1023.585,84.141,SYNTHETIC_DEMO_DATA
3332,Andaman & Nicobar,11.53635,92.93822,2026-02-09 11:08:34,19.163,7.396,1000.669,55.89,SYNTHETIC_DEMO_DATA
3333,Visakhapatnam,17.55497,83.14956,2026-02-09 14:03:25,18.772,7.285,1003.878,45.337,SYNTHETIC_DEMO_DATA
3334,Andaman & Nicobar,11.65043,92.42767,2026-02-09 16:58:17,11.906,2.392,1006.012,75.996,SYNTHETIC_DEMO_DATA
3335,Sundarbans,22.06413,89.22296,2026-02-09 19:53:08,14.085,31.122,1013.932,69.301,SYNTHETIC_DEMO_DATA
3336,Visakhapatnam,17.53082,83.0795,2026-02-09 22:47:59,15.075,6.714,1011.889,69.752,SYNTHETIC_DEMO_DATA
3337,Mumbai Coast,18.6959,72.69611,2026-02-10 01:42:50,14.12,11.788,1009.478,68.112,SYNTHETIC_DEMO_DATA
3338,Sundarbans,21.79253,88.76212,2026-02-10 04:37:41,13.878,17.377,1006.687,66.816,SYNTHETIC_DEMO_DATA
3339,Andaman & Nicobar,12.27727,92.64031,2026-02-10 07:32:32,10.427,20.674,1014.887,85.404,SYNTHETIC_DEMO_DATA
3340,Andaman & Nicobar,11.77097,92.66166,2026-02-10 10:27:23,10.918,20.226,1014.921,58.681,SYNTHETIC_DEMO_DATA
3341,Mumbai Coast,19.02204,72.86641,2026-02-10 13:22:14,7.252,3.508,1013.454,70.265,SYNTHETIC_DEMO_DATA
3342,Chennai Coast,13.05323,80.34933,2026-02-10 16:17:05,1.0,22.303,1010.359,83.153,SYNTHETIC_DEMO_DATA
3343,Sundarbans,21.84645,89.43307,2026-02-10 19:11:56,4.172,25.859,1014.352,87.77,SYNTHETIC_DEMO_DATA
3344,Gujarat Coast,22.36674,69.49364,2026-02-10 22:06:47,12.052,1.019,1017.309,77.342,SYNTHETIC_DEMO_DATA
3345,Mumbai Coast,19.01909,72.82685,2026-02-11 01:01:38,15.096,24.316,1016.681,83.973,SYNTHETIC_DEMO_DATA
3346,Goa Coast,15.82604,74.1376,2026-02-11 03:56:29,17.331,26.463,1014.804,69.625,SYNTHETIC_DEMO_DATA
3347,Gujarat Coast,22.25669,69.42225,2026-02-11 06:51:20,8.104,11.012,1005.041,89.029,SYNTHETIC_DEMO_DATA
3348,Odisha Coast,19.83187,85.90656,2026-02-11 09:46:11,10.537,13.33,1021.2,65.298,SYNTHETIC_DEMO_DATA
3349,Odisha Coast,19.79659,85.4325,2026-02-11 12:41:02,8.836,8.786,1011.418,71.828,SYNTHETIC_DEMO_DATA
3350,Goa Coast,15.76641,73.99626,2026-02-11 15:35:53,18.884,4.408,1013.204,59.546,SYNTHETIC_DEMO_DATA
3351,Odisha Coast,19.95558,85.8375,2026-02-11 18:30:45,13.975,19.832,999.172,100.0,SYNTHETIC_DEMO_DATA
3352,Lakshadweep,10.52546,72.57591,2026-02-11 21:25:36,11.709,12.172,1011.671,73.342,SYNTHETIC_DEMO_DATA
3353,Odisha Coast,20.0253,85.95497,2026-02-12 00:20:27,10.529,23.925,1012.19,69.915,SYNTHETIC_DEMO_DATA
3354,Goa Coast,15.42198,74.2549,2026-02-12 03:15:18,11.974,10.015,1012.555,79.632,SYNTHETIC_DEMO_DATA
3355,Lakshadweep,10.45934,72.82661,2026-02-12 06:10:09,18.255,6.595,1021.925,72.022,SYNTHETIC_DEMO_DATA
3356,Kerala Coast,10.18379,76.35012,2026-02-12 09:05:00,9.193,21.804,1007.667,75.663,SYNTHETIC_DEMO_DATA
3357,Sundarbans,21.94662,89.1849,2026-02-12 11:59:51,7.487,17.603,999.796,53.431,SYNTHETIC_DEMO_DATA
3358,Andaman & Nicobar,12.05024,92.70958,2026-02-12 14:54:42,9.353,5.726,1020.073,59.122,SYNTHETIC_DEMO_DATA
3359,Odisha Coast,19.76762,86.06046,2026-02-12 17:49:33,15.614,21.993,1004.5,81.371,SYNTHETIC_DEMO_DATA
3360,Mumbai Coast,19.09176,72.72058,2026-02-12 20:44:24,14.851,17.352,1004.443,68.44,SYNTHETIC_DEMO_DATA
3361,Lakshadweep,10.46165,72.60973,2026-02-12 23:39:15,16.174,22.847,1014.79,84.513,SYNTHETIC_DEMO_DATA
3362,Goa Coast,15.4686,73.92339,2026-02-13 02:34:06,27.4,16.843,1015.907,61.994,SYNTHETIC_DEMO_DATA
3363,Sundarbans,22.25672,89.30604,2026-02-13 05:28:57,9.969,17.192,1020.211,66.881,SYNTHETIC_DEMO_DATA
3364,Andaman & Nicobar,11.84326,92.58876,2026-02-13 08:23:48,13.981,18.832,1002.602,61.751,SYNTHETIC_DEMO_DATA
3365,Odisha Coast,20.05529,85.78125,2026-02-13 11:18:39,9.298,18.356,1003.278,82.126,SYNTHETIC_DEMO_DATA
3366,Goa Coast,15.96647,73.90087,2026-02-13 14:13:30,4.904,11.609,1013.913,73.869,SYNTHETIC_DEMO_DATA
3367,Gujarat Coast,22.63128,69.62248,2026-02-13 17:08:21,9.607,2.951,1016.8,62.186,SYNTHETIC_DEMO_DATA
3368,Visakhapatnam,17.67493,83.25475,2026-02-13 20:03:12,19.424,1.704,1013.816,74.004,SYNTHETIC_DEMO_DATA
3369,Kerala Coast,9.94163,76.41628,2026-02-13 22:58:04,11.148,18.327,1009.53,76.069,SYNTHETIC_DEMO_DATA
3370,Odisha Coast,19.4774,86.32502,2026-02-14 01:52:55,19.474,11.13,998.483,67.588,SYNTHETIC_DEMO_DATA
3371,Lakshadweep,10.2498,72.60657,2026-02-14 04:47:46,15.945,5.272,1007.334,97.086,SYNTHETIC_DEMO_DATA
3372,Visakhapatnam,17.83594,83.06639,2026-02-14 07:42:37,24.737,6.969,997.013,72.55,SYNTHETIC_DEMO_DATA
3373,Chennai Coast,12.93553,79.97021,2026-02-14 10:37:28,7.514,9.183,1013.668,83.671,SYNTHETIC_DEMO_DATA
3374,Mumbai Coast,18.9476,72.7112,2026-02-14 13:32:19,4.835,24.472,1013.864,82.977,SYNTHETIC_DEMO_DATA
3375,Gujarat Coast,22.37012,69.74306,2026-02-14 16:27:10,11.362,3.793,1024.222,81.788,SYNTHETIC_DEMO_DATA
3376,Mumbai Coast,18.96157,72.5906,2026-02-14 19:22:01,15.839,16.351,1006.239,79.562,SYNTHETIC_DEMO_DATA
3377,Mumbai Coast,18.88579,72.66596,2026-02-14 22:16:52,18.581,7.931,1006.331,79.39,SYNTHETIC_DEMO_DATA
3378,Mumbai Coast,18.69623,72.93761,2026-02-15 01:11:43,23.291,24.66,1034.726,81.151,SYNTHETIC_DEMO_DATA
3379,Andaman & Nicobar,11.923,92.55396,2026-02-15 04:06:34,10.905,0.0,1020.333,61.02,SYNTHETIC_DEMO_DATA
3380,Chennai Coast,13.19184,80.18729,2026-02-15 07:01:25,14.024,11.648,1015.722,85.47,SYNTHETIC_DEMO_DATA
3381,Andaman & Nicobar,12.4654,92.70401,2026-02-15 09:56:16,23.895,7.941,1017.346,76.418,SYNTHETIC_DEMO_DATA
3382,Goa Coast,15.47822,73.69143,2026-02-15 12:51:07,10.656,7.375,1017.539,63.718,SYNTHETIC_DEMO_DATA
3383,Lakshadweep,10.31373,72.62478,2026-02-15 15:45:58,13.626,0.0,1017.933,69.372,SYNTHETIC_DEMO_DATA
3384,Lakshadweep,10.81946,72.52375,2026-02-15 18:40:49,10.867,15.214,1002.934,67.315,SYNTHETIC_DEMO_DATA
3385,Goa Coast,15.36511,73.98536,2026-02-15 21:35:40,9.254,17.227,1021.918,58.563,SYNTHETIC_DEMO_DATA
3386,Visakhapatnam,17.65254,83.37401,2026-02-16 00:30:32,15.327,9.006,1019.748,70.876,SYNTHETIC_DEMO_DATA
3387,Goa Coast,15.71366,73.54782,2026-02-16 03:25:23,14.906,1.313,1008.941,74.052,SYNTHETIC_DEMO_DATA
3388,Goa Coast,15.37887,73.81643,2026-02-16 06:20:14,4.568,21.641,1017.954,98.628,SYNTHETIC_DEMO_DATA
3389,Visakhapatnam,17.75865,83.38183,2026-02-16 09:15:05,13.4,5.29,1003.761,45.523,SYNTHETIC_DEMO_DATA
3390,Gujarat Coast,22.40763,69.71738,2026-02-16 12:09:56,12.242,0.0,1004.488,83.296,SYNTHETIC_DEMO_DATA
3391,Visakhapatnam,17.86113,83.18321,2026-02-16 15:04:47,17.073,0.0,999.916,65.418,SYNTHETIC_DEMO_DATA
3392,Mumbai Coast,18.9268,72.83259,2026-02-16 17:59:38,15.428,6.321,1006.145,66.42,SYNTHETIC_DEMO_DATA
3393,Goa Coast,15.47587,73.68019,2026-02-16 20:54:29,25.419,21.015,1016.103,79.649,SYNTHETIC_DEMO_DATA
3394,Odisha Coast,19.95689,85.81108,2026-02-16 23:49:20,17.237,33.746,1009.861,84.84,SYNTHETIC_DEMO_DATA
3395,Chennai Coast,12.72896,80.42,2026-02-17 02:44:11,11.349,0.0,994.497,66.442,SYNTHETIC_DEMO_DATA
3396,Goa Coast,15.41807,73.89085,2026-02-17 05:39:02,17.875,25.086,1022.067,85.533,SYNTHETIC_DEMO_DATA
3397,Kerala Coast,9.80342,75.78006,2026-02-17 08:33:53,11.766,0.0,1013.464,69.516,SYNTHETIC_DEMO_DATA
3398,Lakshadweep,10.23189,72.69833,2026-02-17 11:28:44,5.314,6.579,1009.474,73.275,SYNTHETIC_DEMO_DATA
3399,Sundarbans,22.0893,89.27272,2026-02-17 14:23:35,11.201,21.467,1012.566,78.676,SYNTHETIC_DEMO_DATA
3400,Goa Coast,15.41687,73.92268,2026-02-17 17:18:26,13.183,25.804,1017.452,96.866,SYNTHETIC_DEMO_DATA
3401,Andaman & Nicobar,11.58894,92.4227,2026-02-17 20:13:17,11.239,13.482,1016.698,60.594,SYNTHETIC_DEMO_DATA
3402,Lakshadweep,10.53197,72.98006,2026-02-17 23:08:08,11.065,16.0,1015.397,65.06,SYNTHETIC_DEMO_DATA
3403,Odisha Coast,20.08584,85.85325,2026-02-18 02:03:00,9.198,8.445,1000.993,64.541,SYNTHETIC_DEMO_DATA
3404,Lakshadweep,10.6385,72.32355,2026-02-18 04:57:51,13.675,6.764,1009.368,95.46,SYNTHETIC_DEMO_DATA
3405,Chennai Coast,13.2147,80.25588,2026-02-18 07:52:42,8.383,11.205,1013.6,87.512,SYNTHETIC_DEMO_DATA
3406,Chennai Coast,12.97619,80.01781,2026-02-18 10:47:33,18.455,10.254,1004.007,77.948,SYNTHETIC_DEMO_DATA
3407,Chennai Coast,13.29954,80.40948,2026-02-18 13:42:24,16.912,3.196,1026.986,86.743,SYNTHETIC_DEMO_DATA
3408,Gujarat Coast,22.43815,69.72868,2026-02-18 16:37:15,7.772,10.688,1009.649,97.056,SYNTHETIC_DEMO_DATA
3409,Gujarat Coast,22.3597,69.57317,2026-02-18 19:32:06,22.264,21.74,1020.052,90.768,SYNTHETIC_DEMO_DATA
3410,Kerala Coast,9.84214,76.28181,2026-02-18 22:26:57,11.059,29.411,1001.334,100.0,SYNTHETIC_DEMO_DATA
3411,Sundarbans,22.29235,89.08971,2026-02-19 01:21:48,12.678,15.04,1000.026,72.711,SYNTHETIC_DEMO_DATA
3412,Lakshadweep,10.48593,72.42671,2026-02-19 04:16:39,18.853,6.587,1017.948,88.05,SYNTHETIC_DEMO_DATA
3413,Visakhapatnam,17.35964,83.0454,2026-02-19 07:11:30,16.661,13.981,1017.374,92.497,SYNTHETIC_DEMO_DATA
3414,Sundarbans,21.85257,88.86894,2026-02-19 10:06:21,8.188,15.812,1008.457,78.54,SYNTHETIC_DEMO_DATA
3415,Mumbai Coast,19.15962,72.76974,2026-02-19 13:01:12,8.261,31.228,1001.022,80.787,SYNTHETIC_DEMO_DATA
3416,Kerala Coast,10.15968,76.3282,2026-02-19 15:56:03,9.873,28.788,1015.186,79.137,SYNTHETIC_DEMO_DATA
3417,Gujarat Coast,22.38504,69.91849,2026-02-19 18:50:54,4.882,0.246,1009.736,66.224,SYNTHETIC_DEMO_DATA
3418,Andaman & Nicobar,11.58825,92.5609,2026-02-19 21:45:45,11.596,20.473,1003.283,87.453,SYNTHETIC_DEMO_DATA
3419,Sundarbans,21.67302,89.32756,2026-02-20 00:40:36,7.555,18.9,1009.492,85.992,SYNTHETIC_DEMO_DATA
3420,Visakhapatnam,17.82443,83.20912,2026-02-20 03:35:28,10.558,0.0,1007.703,71.526,SYNTHETIC_DEMO_DATA
3421,Mumbai Coast,19.07996,72.86365,2026-02-20 06:30:19,14.96,23.562,1022.834,65.451,SYNTHETIC_DEMO_DATA
3422,Goa Coast,15.2296,73.63057,2026-02-20 09:25:10,3.746,4.174,1020.37,73.608,SYNTHETIC_DEMO_DATA
3423,Gujarat Coast,22.41546,69.4713,2026-02-20 12:20:01,11.48,6.393,1011.993,84.732,SYNTHETIC_DEMO_DATA
3424,Chennai Coast,13.07648,80.33196,2026-02-20 15:14:52,12.414,11.125,1005.77,100.0,SYNTHETIC_DEMO_DATA
3425,Gujarat Coast,22.27019,69.4668,2026-02-20 18:09:43,6.541,7.363,1006.447,98.65,SYNTHETIC_DEMO_DATA
3426,Lakshadweep,10.41317,72.56128,2026-02-20 21:04:34,10.422,0.0,1000.679,90.536,SYNTHETIC_DEMO_DATA
3427,Kerala Coast,9.85367,76.01358,2026-02-20 23:59:25,5.223,15.607,1004.948,70.163,SYNTHETIC_DEMO_DATA
3428,Andaman & Nicobar,11.49593,92.44591,2026-02-21 02:54:16,16.303,23.796,1010.464,60.846,SYNTHETIC_DEMO_DATA
3429,Goa Coast,15.1493,73.57525,2026-02-21 05:49:07,14.075,0.0,1000.009,56.085,SYNTHETIC_DEMO_DATA
3430,Chennai Coast,12.78482,80.34778,2026-02-21 08:43:58,18.08,11.809,1003.316,67.059,SYNTHETIC_DEMO_DATA
3431,Visakhapatnam,17.50453,83.24214,2026-02-21 11:38:49,17.207,23.411,1013.455,67.093,SYNTHETIC_DEMO_DATA
3432,Goa Coast,15.6493,73.73524,2026-02-21 14:33:40,14.085,12.851,1020.793,60.566,SYNTHETIC_DEMO_DATA
3433,Visakhapatnam,17.58347,83.20314,2026-02-21 17:28:31,15.898,0.0,1012.199,98.862,SYNTHETIC_DEMO_DATA
3434,Chennai Coast,13.21226,80.25997,2026-02-21 20:23:22,11.761,13.978,1009.322,76.542,SYNTHETIC_DEMO_DATA
3435,Visakhapatnam,17.78383,83.14239,2026-02-21 23:18:13,11.914,3.161,1007.038,97.504,SYNTHETIC_DEMO_DATA
3436,Gujarat Coast,22.25638,69.84198,2026-02-22 02:13:04,15.226,2.766,999.439,61.473,SYNTHETIC_DEMO_DATA
3437,Visakhapatnam,17.81459,83.64982,2026-02-22 05:07:56,14.254,4.05,1023.349,56.182,SYNTHETIC_DEMO_DATA
3438,Gujarat Coast,22.26902,69.81443,2026-02-22 08:02:47,16.088,3.057,1005.843,54.504,SYNTHETIC_DEMO_DATA
3439,Lakshadweep,10.46876,72.7182,2026-02-22 10:57:38,16.189,0.0,1020.462,72.056,SYNTHETIC_DEMO_DATA
3440,Andaman & Nicobar,11.78196,92.64906,2026-02-22 13:52:29,11.771,7.872,1018.103,70.417,SYNTHETIC_DEMO_DATA
3441,Lakshadweep,10.63824,72.7669,2026-02-22 16:47:20,17.554,0.0,1010.968,56.748,SYNTHETIC_DEMO_DATA
3442,Sundarbans,21.85185,89.17433,2026-02-22 19:42:11,23.972,5.493,1005.925,75.896,SYNTHETIC_DEMO_DATA
3443,Kerala Coast,9.58312,76.14324,2026-02-22 22:37:02,15.743,12.742,1006.637,68.526,SYNTHETIC_DEMO_DATA
3444,Visakhapatnam,17.62525,83.20724,2026-02-23 01:31:53,23.571,2.55,1008.311,66.289,SYNTHETIC_DEMO_DATA
3445,Lakshadweep,10.52349,72.60716,2026-02-23 04:26:44,6.541,0.0,1016.06,55.007,SYNTHETIC_DEMO_DATA
3446,Goa Coast,15.39711,73.98565,2026-02-23 07:21:35,9.853,9.881,1011.102,74.774,SYNTHETIC_DEMO_DATA
3447,Chennai Coast,13.2437,80.12923,2026-02-23 10:16:26,14.145,22.142,1010.016,75.572,SYNTHETIC_DEMO_DATA
3448,Mumbai Coast,18.86529,72.57248,2026-02-23 13:11:17,14.458,16.482,1021.084,83.669,SYNTHETIC_DEMO_DATA
3449,Gujarat Coast,22.27032,69.54403,2026-02-23 16:06:08,7.132,13.802,1013.35,93.643,SYNTHETIC_DEMO_DATA
3450,Kerala Coast,9.6839,76.52944,2026-02-23 19:00:59,15.059,17.729,1025.865,82.766,SYNTHETIC_DEMO_DATA
3451,Kerala Coast,10.04589,76.50653,2026-02-23 21:55:50,9.1,22.482,994.876,97.542,SYNTHETIC_DEMO_DATA
3452,Sundarbans,21.99656,89.05167,2026-02-24 00:50:41,21.791,14.628,1004.553,73.457,SYNTHETIC_DEMO_DATA
3453,Kerala Coast,10.10108,76.36304,2026-02-24 03:45:32,9.748,19.863,1003.495,70.111,SYNTHETIC_DEMO_DATA
3454,Chennai Coast,13.026,80.45775,2026-02-24 06:40:24,12.353,9.084,1016.079,79.146,SYNTHETIC_DEMO_DATA
3455,Andaman & Nicobar,11.9013,92.5494,2026-02-24 09:35:15,9.272,14.951,1033.057,66.705,SYNTHETIC_DEMO_DATA
3456,Andaman & Nicobar,11.79325,92.87899,2026-02-24 12:30:06,19.003,0.0,1001.269,81.23,SYNTHETIC_DEMO_DATA
3457,Goa Coast,15.50522,73.9471,2026-02-24 15:24:57,8.041,18.967,1009.888,66.923,SYNTHETIC_DEMO_DATA
3458,Sundarbans,21.91051,89.064,2026-02-24 18:19:48,14.06,26.841,996.464,91.77,SYNTHETIC_DEMO_DATA
3459,Andaman & Nicobar,11.76547,92.72549,2026-02-24 21:14:39,7.174,8.037,993.938,77.606,SYNTHETIC_DEMO_DATA
3460,Chennai Coast,12.89012,80.3134,2026-02-25 00:09:30,10.242,4.654,1030.933,69.169,SYNTHETIC_DEMO_DATA
3461,Kerala Coast,9.98073,76.37886,2026-02-25 03:04:21,12.672,13.225,1002.788,73.752,SYNTHETIC_DEMO_DATA
3462,Lakshadweep,10.42764,72.44172,2026-02-25 05:59:12,12.456,13.198,1018.987,84.114,SYNTHETIC_DEMO_DATA
3463,Andaman & Nicobar,11.56331,92.62334,2026-02-25 08:54:03,7.612,10.684,1010.131,59.0,SYNTHETIC_DEMO_DATA
3464,Sundarbans,22.06327,89.24321,2026-02-25 11:48:54,12.204,34.676,1014.406,79.051,SYNTHETIC_DEMO_DATA
3465,Chennai Coast,12.97266,80.73541,2026-02-25 14:43:45,14.448,0.0,1011.923,62.643,SYNTHETIC_DEMO_DATA
3466,Goa Coast,15.43211,74.13895,2026-02-25 17:38:36,2.605,16.67,1013.069,75.958,SYNTHETIC_DEMO_DATA
3467,Mumbai Coast,18.61206,73.11147,2026-02-25 20:33:27,17.487,21.806,1007.845,77.302,SYNTHETIC_DEMO_DATA
3468,Visakhapatnam,18.04121,83.48844,2026-02-25 23:28:18,14.634,12.516,1008.479,84.396,SYNTHETIC_DEMO_DATA
3469,Mumbai Coast,18.94701,72.67064,2026-02-26 02:23:09,8.453,6.314,1003.455,52.441,SYNTHETIC_DEMO_DATA
3470,Andaman & Nicobar,11.75817,93.05283,2026-02-26 05:18:00,4.52,7.651,1018.692,86.457,SYNTHETIC_DEMO_DATA
3471,Visakhapatnam,17.94718,83.25728,2026-02-26 08:12:51,23.939,17.034,1003.678,74.391,SYNTHETIC_DEMO_DATA
3472,Goa Coast,15.32773,73.72587,2026-02-26 11:07:43,13.126,7.923,1013.989,66.344,SYNTHETIC_DEMO_DATA
3473,Goa Coast,15.62973,73.5858,2026-02-26 14:02:34,12.42,18.116,1006.384,81.879,SYNTHETIC_DEMO_DATA
3474,Andaman & Nicobar,11.74676,92.64533,2026-02-26 16:57:25,13.678,1.991,1008.905,89.009,SYNTHETIC_DEMO_DATA
3475,Visakhapatnam,17.4251,83.02586,2026-02-26 19:52:16,16.785,17.933,1001.449,58.881,SYNTHETIC_DEMO_DATA
3476,Visakhapatnam,17.59014,83.14435,2026-02-26 22:47:07,12.511,4.98,1011.013,71.062,SYNTHETIC_DEMO_DATA
3477,Mumbai Coast,18.85066,72.78322,2026-02-27 01:41:58,3.219,12.304,1009.916,92.264,SYNTHETIC_DEMO_DATA
3478,Mumbai Coast,19.01667,72.65001,2026-02-27 04:36:49,8.945,24.966,1013.79,68.924,SYNTHETIC_DEMO_DATA
3479,Kerala Coast,9.90589,76.14301,2026-02-27 07:31:40,5.346,27.552,1010.103,66.709,SYNTHETIC_DEMO_DATA
3480,Goa Coast,16.0552,73.89411,2026-02-27 10:26:31,8.495,11.909,1004.795,63.954,SYNTHETIC_DEMO_DATA
3481,Goa Coast,15.55419,73.73052,2026-02-27 13:21:22,13.237,22.629,1012.592,74.335,SYNTHETIC_DEMO_DATA
3482,Visakhapatnam,17.87363,83.15246,2026-02-27 16:16:13,1.0,1.796,1004.577,64.07,SYNTHETIC_DEMO_DATA
3483,Goa Coast,15.24698,73.79122,2026-02-27 19:11:04,7.771,9.104,1004.878,66.243,SYNTHETIC_DEMO_DATA
3484,Visakhapatnam,17.73986,82.78569,2026-02-27 22:05:55,14.858,7.186,1003.392,100.0,SYNTHETIC_DEMO_DATA
3485,Kerala Coast,10.03034,75.97088,2026-02-28 01:00:46,7.399,12.574,1010.876,72.203,SYNTHETIC_DEMO_DATA
3486,Sundarbans,22.19085,88.98008,2026-02-28 03:55:37,13.32,11.921,1007.143,69.756,SYNTHETIC_DEMO_DATA
3487,Chennai Coast,12.82502,80.19437,2026-02-28 06:50:28,1.0,9.961,1008.592,73.412,SYNTHETIC_DEMO_DATA
3488,Lakshadweep,10.56009,72.50356,2026-02-28 09:45:19,16.856,7.227,1024.401,87.933,SYNTHETIC_DEMO_DATA
3489,Kerala Coast,9.53129,76.22643,2026-02-28 12:40:11,7.386,10.022,1015.272,56.288,SYNTHETIC_DEMO_DATA
3490,Goa Coast,15.36334,73.88357,2026-02-28 15:35:02,10.003,4.834,1026.985,71.818,SYNTHETIC_DEMO_DATA
3491,Odisha Coast,19.82978,85.8411,2026-02-28 18:29:53,9.811,19.506,1008.851,81.607,SYNTHETIC_DEMO_DATA
3492,Gujarat Coast,22.28517,69.65323,2026-02-28 21:24:44,10.507,2.075,1022.892,70.364,SYNTHETIC_DEMO_DATA
3493,Chennai Coast,12.90319,80.3748,2026-03-01 00:19:35,9.121,15.994,1005.544,80.499,SYNTHETIC_DEMO_DATA
3494,Goa Coast,15.49309,73.73155,2026-03-01 03:14:26,10.848,10.405,1006.436,56.616,SYNTHETIC_DEMO_DATA
3495,Lakshadweep,10.27415,72.75752,2026-03-01 06:09:17,9.433,11.434,1022.072,73.888,SYNTHETIC_DEMO_DATA
3496,Mumbai Coast,19.00821,73.01192,2026-03-01 09:04:08,15.106,25.335,1000.605,60.181,SYNTHETIC_DEMO_DATA
3497,Odisha Coast,19.93582,85.91874,2026-03-01 11:58:59,16.499,7.072,1010.798,71.987,SYNTHETIC_DEMO_DATA
3498,Kerala Coast,10.20106,75.97017,2026-03-01 14:53:50,14.455,28.781,1024.818,84.336,SYNTHETIC_DEMO_DATA
3499,Odisha Coast,19.86451,86.12302,2026-03-01 17:48:41,7.25,8.109,1009.599,66.861,SYNTHETIC_DEMO_DATA
3500,Kerala Coast,9.82715,76.28422,2026-03-01 20:43:32,13.892,19.854,1011.957,68.202,SYNTHETIC_DEMO_DATA
3501,Sundarbans,21.64277,89.04889,2026-03-01 23:38:23,10.026,28.737,1006.01,83.194,SYNTHETIC_DEMO_DATA
3502,Gujarat Coast,22.00548,69.5896,2026-03-02 02:33:14,10.319,8.265,1014.824,63.739,SYNTHETIC_DEMO_DATA
3503,Chennai Coast,13.22833,80.10023,2026-03-02 05:28:05,9.734,3.371,1008.499,90.54,SYNTHETIC_DEMO_DATA
3504,Visakhapatnam,17.44285,83.35194,2026-03-02 08:22:56,10.471,4.848,989.648,86.142,SYNTHETIC_DEMO_DATA
3505,Sundarbans,22.07993,89.3275,2026-03-02 11:17:47,3.855,16.413,1019.388,82.785,SYNTHETIC_DEMO_DATA
3506,Andaman & Nicobar,11.25338,92.34341,2026-03-02 14:12:39,6.078,0.0,1025.728,82.871,SYNTHETIC_DEMO_DATA
3507,Andaman & Nicobar,11.54942,92.81832,2026-03-02 17:07:30,20.7,17.582,1014.082,55.122,SYNTHETIC_DEMO_DATA
3508,Andaman & Nicobar,11.84127,92.61125,2026-03-02 20:02:21,10.906,11.605,1032.911,75.444,SYNTHETIC_DEMO_DATA
3509,Sundarbans,22.17284,89.41316,2026-03-02 22:57:12,15.665,25.148,998.165,88.559,SYNTHETIC_DEMO_DATA
3510,Chennai Coast,13.04985,80.31241,2026-03-03 01:52:03,5.902,12.308,1007.751,84.387,SYNTHETIC_DEMO_DATA
3511,Lakshadweep,10.47767,72.58588,2026-03-03 04:46:54,14.823,4.735,1012.434,66.101,SYNTHETIC_DEMO_DATA
3512,Mumbai Coast,19.08368,72.80473,2026-03-03 07:41:45,15.158,17.097,1017.039,84.114,SYNTHETIC_DEMO_DATA
3513,Odisha Coast,19.69471,85.81824,2026-03-03 10:36:36,17.162,10.686,1012.959,83.576,SYNTHETIC_DEMO_DATA
3514,Odisha Coast,19.5163,85.92671,2026-03-03 13:31:27,14.772,4.826,986.649,51.431,SYNTHETIC_DEMO_DATA
3515,Visakhapatnam,17.89838,83.28913,2026-03-03 16:26:18,18.766,18.694,1010.827,75.423,SYNTHETIC_DEMO_DATA
3516,Lakshadweep,10.41685,72.18085,2026-03-03 19:21:09,10.455,12.356,1020.409,86.642,SYNTHETIC_DEMO_DATA
3517,Odisha Coast,19.62481,85.65254,2026-03-03 22:16:00,8.837,7.413,988.626,59.552,SYNTHETIC_DEMO_DATA
3518,Lakshadweep,10.95819,72.78018,2026-03-04 01:10:51,12.01,18.655,1016.598,86.734,SYNTHETIC_DEMO_DATA
3519,Gujarat Coast,21.7766,69.64697,2026-03-04 04:05:42,9.021,15.211,1002.585,60.334,SYNTHETIC_DEMO_DATA
3520,Lakshadweep,10.90626,72.53017,2026-03-04 07:00:33,4.625,13.023,1015.005,96.9,SYNTHETIC_DEMO_DATA
3521,Andaman & Nicobar,11.35151,92.64583,2026-03-04 09:55:24,3.345,1.768,1009.982,76.128,SYNTHETIC_DEMO_DATA
3522,Chennai Coast,13.24488,80.5327,2026-03-04 12:50:15,13.753,4.023,995.314,72.786,SYNTHETIC_DEMO_DATA
3523,Andaman & Nicobar,11.81931,92.72171,2026-03-04 15:45:07,22.424,19.785,1016.281,53.268,SYNTHETIC_DEMO_DATA
3524,Odisha Coast,19.91542,85.89109,2026-03-04 18:39:58,16.732,8.653,1011.422,72.526,SYNTHETIC_DEMO_DATA
3525,Visakhapatnam,17.59638,83.3782,2026-03-04 21:34:49,9.874,3.392,1020.6,60.516,SYNTHETIC_DEMO_DATA
3526,Visakhapatnam,17.75925,83.45939,2026-03-05 00:29:40,10.107,6.489,1011.069,77.166,SYNTHETIC_DEMO_DATA
3527,Odisha Coast,20.07344,86.09073,2026-03-05 03:24:31,11.0,27.822,993.059,48.921,SYNTHETIC_DEMO_DATA
3528,Sundarbans,21.9109,89.23811,2026-03-05 06:19:22,10.027,11.817,1013.515,80.159,SYNTHETIC_DEMO_DATA
3529,Odisha Coast,19.44661,85.7774,2026-03-05 09:14:13,19.21,26.797,1011.445,75.277,SYNTHETIC_DEMO_DATA
3530,Odisha Coast,19.82931,85.72115,2026-03-05 12:09:04,11.043,8.931,1000.929,68.92,SYNTHETIC_DEMO_DATA
3531,Chennai Coast,13.2817,80.71768,2026-03-05 15:03:55,14.916,0.0,1013.108,79.794,SYNTHETIC_DEMO_DATA
3532,Sundarbans,22.3743,89.30582,2026-03-05 17:58:46,10.979,23.611,1009.631,90.292,SYNTHETIC_DEMO_DATA
3533,Sundarbans,21.83838,89.40508,2026-03-05 20:53:37,19.846,15.845,1010.941,82.301,SYNTHETIC_DEMO_DATA
3534,Lakshadweep,10.66333,72.49423,2026-03-05 23:48:28,15.554,2.925,1004.915,61.914,SYNTHETIC_DEMO_DATA
3535,Sundarbans,21.71468,89.54199,2026-03-06 02:43:19,9.173,12.23,1019.334,75.483,SYNTHETIC_DEMO_DATA
3536,Sundarbans,21.71008,89.75993,2026-03-06 05:38:10,9.196,0.0,1016.113,80.759,SYNTHETIC_DEMO_DATA
3537,Sundarbans,21.81509,89.3418,2026-03-06 08:33:01,18.496,15.556,1003.103,62.22,SYNTHETIC_DEMO_DATA
3538,Odisha Coast,20.18127,85.9183,2026-03-06 11:27:52,9.507,19.392,1010.274,74.361,SYNTHETIC_DEMO_DATA
3539,Mumbai Coast,19.12443,72.81519,2026-03-06 14:22:43,15.161,10.708,1019.718,84.651,SYNTHETIC_DEMO_DATA
3540,Andaman & Nicobar,11.31527,92.80585,2026-03-06 17:17:35,15.761,13.663,1012.788,87.965,SYNTHETIC_DEMO_DATA
3541,Goa Coast,15.74856,74.02048,2026-03-06 20:12:26,7.865,13.425,994.891,69.512,SYNTHETIC_DEMO_DATA
3542,Mumbai Coast,18.6798,72.86473,2026-03-06 23:07:17,11.29,13.075,1019.366,79.738,SYNTHETIC_DEMO_DATA
3543,Sundarbans,21.57852,88.89133,2026-03-07 02:02:08,14.812,34.925,1030.561,60.235,SYNTHETIC_DEMO_DATA
3544,Goa Coast,15.58037,73.51151,2026-03-07 04:56:59,12.88,7.24,1008.24,60.629,SYNTHETIC_DEMO_DATA
3545,Sundarbans,22.14066,89.41535,2026-03-07 07:51:50,13.949,14.378,1016.733,90.648,SYNTHETIC_DEMO_DATA
3546,Gujarat Coast,22.34893,69.64266,2026-03-07 10:46:41,15.783,14.588,1007.388,81.755,SYNTHETIC_DEMO_DATA
3547,Kerala Coast,9.9996,75.87511,2026-03-07 13:41:32,15.236,19.189,1020.058,84.076,SYNTHETIC_DEMO_DATA
3548,Andaman & Nicobar,11.86241,92.48365,2026-03-07 16:36:23,13.303,11.409,1014.889,58.175,SYNTHETIC_DEMO_DATA
3549,Chennai Coast,13.34462,80.11127,2026-03-07 19:31:14,10.552,6.739,1010.208,72.174,SYNTHETIC_DEMO_DATA
3550,Gujarat Coast,21.85525,69.74866,2026-03-07 22:26:05,11.66,1.064,1012.852,83.308,SYNTHETIC_DEMO_DATA
3551,Kerala Coast,9.92003,76.2157,2026-03-08 01:20:56,14.302,21.695,1009.904,100.0,SYNTHETIC_DEMO_DATA
3552,Mumbai Coast,18.90006,72.73588,2026-03-08 04:15:47,5.056,16.795,1003.121,42.072,SYNTHETIC_DEMO_DATA
3553,Lakshadweep,10.52528,72.88192,2026-03-08 07:10:38,13.443,1.93,999.021,69.73,SYNTHETIC_DEMO_DATA
3554,Goa Coast,15.67203,73.67079,2026-03-08 10:05:29,11.482,10.336,999.027,82.817,SYNTHETIC_DEMO_DATA
3555,Kerala Coast,9.73503,76.49662,2026-03-08 13:00:20,4.628,17.317,1009.172,74.842,SYNTHETIC_DEMO_DATA
3556,Kerala Coast,9.95821,76.3857,2026-03-08 15:55:11,20.304,12.461,995.834,83.278,SYNTHETIC_DEMO_DATA
3557,Goa Coast,15.67254,73.82451,2026-03-08 18:50:03,13.65,19.802,1007.504,100.0,SYNTHETIC_DEMO_DATA
3558,Chennai Coast,12.66529,80.59181,2026-03-08 21:44:54,13.929,5.614,1027.047,84.963,SYNTHETIC_DEMO_DATA
3559,Odisha Coast,20.0493,86.05464,2026-03-09 00:39:45,18.637,14.407,1018.871,80.16,SYNTHETIC_DEMO_DATA
3560,Kerala Coast,10.16624,76.25737,2026-03-09 03:34:36,21.285,18.302,1009.434,70.003,SYNTHETIC_DEMO_DATA
3561,Sundarbans,21.88762,89.34173,2026-03-09 06:29:27,11.459,6.993,1024.82,70.18,SYNTHETIC_DEMO_DATA
3562,Odisha Coast,19.99742,85.82122,2026-03-09 09:24:18,7.378,4.712,1008.347,85.876,SYNTHETIC_DEMO_DATA
3563,Kerala Coast,10.06152,76.33041,2026-03-09 12:19:09,14.066,21.025,1008.389,56.798,SYNTHETIC_DEMO_DATA
3564,Goa Coast,15.44383,73.74257,2026-03-09 15:14:00,12.865,9.714,1013.469,68.264,SYNTHETIC_DEMO_DATA
3565,Goa Coast,15.08045,73.36416,2026-03-09 18:08:51,9.31,9.764,999.288,79.087,SYNTHETIC_DEMO_DATA
3566,Visakhapatnam,17.38289,83.09804,2026-03-09 21:03:42,14.327,5.536,1014.879,80.869,SYNTHETIC_DEMO_DATA
3567,Kerala Coast,10.13297,76.30024,2026-03-09 23:58:33,8.4,32.563,1001.116,72.298,SYNTHETIC_DEMO_DATA
3568,Odisha Coast,19.74935,85.67351,2026-03-10 02:53:24,11.583,26.516,1008.533,75.547,SYNTHETIC_DEMO_DATA
3569,Goa Coast,15.55439,73.7242,2026-03-10 05:48:15,15.193,4.279,1001.412,74.316,SYNTHETIC_DEMO_DATA
3570,Visakhapatnam,17.60824,83.25268,2026-03-10 08:43:06,9.103,16.854,999.475,70.877,SYNTHETIC_DEMO_DATA
3571,Goa Coast,15.19424,73.69701,2026-03-10 11:37:57,11.317,1.261,1006.56,88.184,SYNTHETIC_DEMO_DATA
3572,Andaman & Nicobar,12.18397,92.53899,2026-03-10 14:32:48,21.898,17.887,1018.236,84.726,SYNTHETIC_DEMO_DATA
3573,Gujarat Coast,22.04267,69.38938,2026-03-10 17:27:39,15.747,6.037,1008.87,58.591,SYNTHETIC_DEMO_DATA
3574,Chennai Coast,13.14343,80.51638,2026-03-10 20:22:30,11.641,13.94,1021.933,77.253,SYNTHETIC_DEMO_DATA
3575,Lakshadweep,10.56873,72.56979,2026-03-10 23:17:22,10.838,3.804,1014.397,76.926,SYNTHETIC_DEMO_DATA
3576,Gujarat Coast,22.32961,69.30904,2026-03-11 02:12:13,12.652,0.0,1016.634,62.474,SYNTHETIC_DEMO_DATA
3577,Gujarat Coast,22.13633,69.78294,2026-03-11 05:07:04,8.357,0.0,1014.33,89.14,SYNTHETIC_DEMO_DATA
3578,Andaman & Nicobar,12.02217,92.35026,2026-03-11 08:01:55,10.194,32.644,1004.874,89.432,SYNTHETIC_DEMO_DATA
3579,Andaman & Nicobar,12.02492,92.54481,2026-03-11 10:56:46,13.092,9.753,1010.175,61.389,SYNTHETIC_DEMO_DATA
3580,Sundarbans,21.90895,89.08711,2026-03-11 13:51:37,12.738,12.304,1021.157,76.504,SYNTHETIC_DEMO_DATA
3581,Andaman & Nicobar,12.06761,92.62856,2026-03-11 16:46:28,22.615,7.198,1004.831,86.36,SYNTHETIC_DEMO_DATA
3582,Goa Coast,15.29091,73.73721,2026-03-11 19:41:19,19.036,16.649,1011.572,78.733,SYNTHETIC_DEMO_DATA
3583,Visakhapatnam,17.7646,83.01956,2026-03-11 22:36:10,17.376,0.0,1013.563,74.065,SYNTHETIC_DEMO_DATA
3584,Chennai Coast,13.13712,80.19944,2026-03-12 01:31:01,7.357,16.204,1008.396,56.643,SYNTHETIC_DEMO_DATA
3585,Goa Coast,15.7127,73.89738,2026-03-12 04:25:52,6.176,0.557,1018.998,79.302,SYNTHETIC_DEMO_DATA
3586,Visakhapatnam,17.51972,83.26022,2026-03-12 07:20:43,14.35,1.589,1021.469,72.389,SYNTHETIC_DEMO_DATA
3587,Kerala Coast,9.68677,76.20138,2026-03-12 10:15:34,12.467,22.471,1000.329,80.609,SYNTHETIC_DEMO_DATA
3588,Gujarat Coast,22.25479,69.55249,2026-03-12 13:10:25,9.616,23.077,1026.72,88.131,SYNTHETIC_DEMO_DATA
3589,Gujarat Coast,22.82606,69.75567,2026-03-12 16:05:16,18.219,0.0,1011.385,90.297,SYNTHETIC_DEMO_DATA
3590,Lakshadweep,10.51432,72.72975,2026-03-12 19:00:07,9.401,22.832,1005.078,61.808,SYNTHETIC_DEMO_DATA
3591,Odisha Coast,19.62831,85.50828,2026-03-12 21:54:58,7.689,17.865,1023.46,87.83,SYNTHETIC_DEMO_DATA
3592,Visakhapatnam,17.72708,83.38201,2026-03-13 00:49:50,3.31,2.568,1008.197,64.275,SYNTHETIC_DEMO_DATA
3593,Lakshadweep,10.7078,72.65825,2026-03-13 03:44:41,5.094,28.115,1008.007,66.584,SYNTHETIC_DEMO_DATA
3594,Mumbai Coast,18.81918,72.83463,2026-03-13 06:39:32,4.894,17.332,1016.71,93.607,SYNTHETIC_DEMO_DATA
3595,Visakhapatnam,17.52973,83.16315,2026-03-13 09:34:23,2.755,12.745,1017.094,57.005,SYNTHETIC_DEMO_DATA
3596,Visakhapatnam,17.45349,83.29391,2026-03-13 12:29:14,11.827,12.857,1013.194,95.726,SYNTHETIC_DEMO_DATA
3597,Chennai Coast,12.87536,80.1474,2026-03-13 15:24:05,21.339,0.0,1009.536,71.891,SYNTHETIC_DEMO_DATA
3598,Mumbai Coast,18.74513,72.67444,2026-03-13 18:18:56,17.905,20.848,1024.912,81.689,SYNTHETIC_DEMO_DATA
3599,Visakhapatnam,17.92674,83.32121,2026-03-13 21:13:47,17.389,23.165,1010.985,79.562,SYNTHETIC_DEMO_DATA
3600,Gujarat Coast,22.15116,69.35449,2026-03-14 00:08:38,9.735,3.924,1002.172,69.785,SYNTHETIC_DEMO_DATA
3601,Kerala Coast,9.76969,76.27831,2026-03-14 03:03:29,7.974,19.596,1005.511,75.016,SYNTHETIC_DEMO_DATA
3602,Gujarat Coast,22.25328,69.73225,2026-03-14 05:58:20,8.208,6.434,1020.275,86.383,SYNTHETIC_DEMO_DATA
3603,Odisha Coast,19.62157,85.67982,2026-03-14 08:53:11,11.14,5.759,1014.397,78.247,SYNTHETIC_DEMO_DATA
3604,Gujarat Coast,22.01393,69.64356,2026-03-14 11:48:02,10.679,0.0,1011.893,100.0,SYNTHETIC_DEMO_DATA
3605,Lakshadweep,10.6781,72.15756,2026-03-14 14:42:53,19.659,4.483,1012.39,71.862,SYNTHETIC_DEMO_DATA
3606,Odisha Coast,19.75026,86.0524,2026-03-14 17:37:44,10.813,7.616,1011.435,73.044,SYNTHETIC_DEMO_DATA
3607,Chennai Coast,12.7334,80.58988,2026-03-14 20:32:35,13.113,5.38,1018.393,89.987,SYNTHETIC_DEMO_DATA
3608,Gujarat Coast,22.4105,69.88239,2026-03-14 23:27:26,11.087,0.0,1010.375,85.67,SYNTHETIC_DEMO_DATA
3609,Gujarat Coast,21.94104,69.37661,2026-03-15 02:22:18,3.98,7.417,1010.358,93.931,SYNTHETIC_DEMO_DATA
3610,Gujarat Coast,22.52208,69.64695,2026-03-15 05:17:09,4.283,14.27,1011.264,81.76,SYNTHETIC_DEMO_DATA
3611,Mumbai Coast,18.70114,72.76182,2026-03-15 08:12:00,6.396,9.424,1002.552,66.418,SYNTHETIC_DEMO_DATA
3612,Gujarat Coast,22.10151,69.59182,2026-03-15 11:06:51,25.493,1.302,1010.62,71.945,SYNTHETIC_DEMO_DATA
3613,Gujarat Coast,22.08588,69.55088,2026-03-15 14:01:42,4.748,5.886,1008.386,54.27,SYNTHETIC_DEMO_DATA
3614,Sundarbans,22.25949,88.96618,2026-03-15 16:56:33,2.988,20.805,1006.319,75.376,SYNTHETIC_DEMO_DATA
3615,Goa Coast,15.42491,74.29244,2026-03-15 19:51:24,15.783,9.155,1002.9,63.687,SYNTHETIC_DEMO_DATA
3616,Kerala Coast,10.04362,76.03584,2026-03-15 22:46:15,8.855,17.316,1017.663,63.633,SYNTHETIC_DEMO_DATA
3617,Sundarbans,21.68174,89.37595,2026-03-16 01:41:06,9.783,22.553,1018.581,81.373,SYNTHETIC_DEMO_DATA
3618,Kerala Coast,9.86972,76.1988,2026-03-16 04:35:57,14.043,18.677,1003.669,60.316,SYNTHETIC_DEMO_DATA
3619,Kerala Coast,9.86904,76.20165,2026-03-16 07:30:48,17.749,6.557,1012.578,73.581,SYNTHETIC_DEMO_DATA
3620,Sundarbans,21.92689,89.36936,2026-03-16 10:25:39,14.604,13.034,1013.713,75.256,SYNTHETIC_DEMO_DATA
3621,Lakshadweep,10.5777,72.70125,2026-03-16 13:20:30,2.16,13.154,1015.237,52.385,SYNTHETIC_DEMO_DATA
3622,Visakhapatnam,17.87389,83.12018,2026-03-16 16:15:21,15.12,13.88,1005.444,57.5,SYNTHETIC_DEMO_DATA
3623,Chennai Coast,12.90268,80.12454,2026-03-16 19:10:12,19.61,7.902,1012.877,71.233,SYNTHETIC_DEMO_DATA
3624,Kerala Coast,10.01378,76.31693,2026-03-16 22:05:03,18.952,40.366,1017.304,91.278,SYNTHETIC_DEMO_DATA
3625,Andaman & Nicobar,11.51447,92.92538,2026-03-17 00:59:54,25.575,20.207,1006.132,87.378,SYNTHETIC_DEMO_DATA
3626,Goa Coast,15.62356,73.7813,2026-03-17 03:54:46,15.518,0.0,1013.379,93.31,SYNTHETIC_DEMO_DATA
3627,Goa Coast,15.00048,73.62495,2026-03-17 06:49:37,9.747,15.163,1012.088,80.317,SYNTHETIC_DEMO_DATA
3628,Visakhapatnam,17.70444,83.26166,2026-03-17 09:44:28,16.192,4.273,1008.042,76.974,SYNTHETIC_DEMO_DATA
3629,Andaman & Nicobar,11.65044,92.53771,2026-03-17 12:39:19,13.136,22.048,1012.084,57.383,SYNTHETIC_DEMO_DATA
3630,Andaman & Nicobar,11.69112,92.67775,2026-03-17 15:34:10,15.389,6.711,1013.591,64.352,SYNTHETIC_DEMO_DATA
3631,Kerala Coast,9.7561,76.13546,2026-03-17 18:29:01,9.178,7.839,1006.944,70.798,SYNTHETIC_DEMO_DATA
3632,Mumbai Coast,18.6455,72.73409,2026-03-17 21:23:52,13.871,10.56,1008.793,59.321,SYNTHETIC_DEMO_DATA
3633,Sundarbans,21.69222,89.01729,2026-03-18 00:18:43,15.035,13.786,1006.419,76.766,SYNTHETIC_DEMO_DATA
3634,Goa Coast,15.46075,73.61906,2026-03-18 03:13:34,8.358,9.475,1008.925,76.692,SYNTHETIC_DEMO_DATA
3635,Lakshadweep,10.50909,72.93517,2026-03-18 06:08:25,17.416,5.049,1017.337,100.0,SYNTHETIC_DEMO_DATA
3636,Kerala Coast,9.79044,76.44785,2026-03-18 09:03:16,21.955,23.219,1020.675,86.633,SYNTHETIC_DEMO_DATA
3637,Mumbai Coast,18.75881,73.07224,2026-03-18 11:58:07,8.638,30.522,1011.939,84.899,SYNTHETIC_DEMO_DATA
3638,Kerala Coast,9.77505,76.36462,2026-03-18 14:52:58,6.663,20.332,1016.05,85.911,SYNTHETIC_DEMO_DATA
3639,Sundarbans,21.6754,89.41045,2026-03-18 17:47:49,12.299,20.665,1014.271,69.782,SYNTHETIC_DEMO_DATA
3640,Gujarat Coast,22.29291,69.20643,2026-03-18 20:42:40,7.851,0.803,999.87,62.033,SYNTHETIC_DEMO_DATA
3641,Goa Coast,15.2387,74.07191,2026-03-18 23:37:31,13.848,0.0,996.07,64.252,SYNTHETIC_DEMO_DATA
3642,Lakshadweep,10.39944,72.72884,2026-03-19 02:32:22,14.296,16.86,1010.299,98.919,SYNTHETIC_DEMO_DATA
3643,Lakshadweep,10.66054,72.77303,2026-03-19 05:27:14,20.516,12.934,1001.989,62.064,SYNTHETIC_DEMO_DATA
3644,Kerala Coast,9.67418,76.45629,2026-03-19 08:22:05,6.843,0.573,1008.214,84.788,SYNTHETIC_DEMO_DATA
3645,Lakshadweep,10.67579,72.71968,2026-03-19 11:16:56,9.382,8.24,1016.279,100.0,SYNTHETIC_DEMO_DATA
3646,Mumbai Coast,19.12303,73.03381,2026-03-19 14:11:47,14.353,0.0,1003.664,79.082,SYNTHETIC_DEMO_DATA
3647,Gujarat Coast,21.95145,69.54218,2026-03-19 17:06:38,14.561,1.357,1004.299,62.642,SYNTHETIC_DEMO_DATA
3648,Gujarat Coast,22.20586,69.69485,2026-03-19 20:01:29,10.466,13.453,999.2,72.645,SYNTHETIC_DEMO_DATA
3649,Lakshadweep,10.59486,72.44192,2026-03-19 22:56:20,6.795,0.0,1019.108,71.009,SYNTHETIC_DEMO_DATA
3650,Goa Coast,15.69868,73.60227,2026-03-20 01:51:11,11.76,1.268,1011.609,83.145,SYNTHETIC_DEMO_DATA
3651,Odisha Coast,19.64063,85.6356,2026-03-20 04:46:02,16.237,26.712,1011.763,72.441,SYNTHETIC_DEMO_DATA
3652,Sundarbans,21.96204,89.39259,2026-03-20 07:40:53,22.755,0.0,1021.071,92.243,SYNTHETIC_DEMO_DATA
3653,Kerala Coast,9.98377,76.11132,2026-03-20 10:35:44,8.563,31.98,1002.29,80.283,SYNTHETIC_DEMO_DATA
3654,Mumbai Coast,18.93971,72.88059,2026-03-20 13:30:35,21.63,11.551,1007.475,72.332,SYNTHETIC_DEMO_DATA
3655,Gujarat Coast,22.5048,69.16966,2026-03-20 16:25:26,5.895,4.29,1019.104,62.125,SYNTHETIC_DEMO_DATA
3656,Kerala Coast,9.92273,76.2152,2026-03-20 19:20:17,16.149,1.462,1018.299,65.073,SYNTHETIC_DEMO_DATA
3657,Mumbai Coast,18.80313,72.97191,2026-03-20 22:15:08,10.902,14.291,1008.545,79.983,SYNTHETIC_DEMO_DATA
3658,Lakshadweep,10.6066,72.57704,2026-03-21 01:09:59,18.98,4.146,997.614,72.398,SYNTHETIC_DEMO_DATA
3659,Chennai Coast,13.38413,79.9831,2026-03-21 04:04:50,17.663,0.0,1018.817,71.687,SYNTHETIC_DEMO_DATA
3660,Kerala Coast,9.93933,76.48594,2026-03-21 06:59:41,8.747,22.501,1001.985,68.393,SYNTHETIC_DEMO_DATA
3661,Mumbai Coast,18.79047,72.83698,2026-03-21 09:54:33,8.874,19.408,1015.161,93.767,SYNTHETIC_DEMO_DATA
3662,Kerala Coast,9.79911,76.59926,2026-03-21 12:49:24,13.846,21.417,1016.948,72.981,SYNTHETIC_DEMO_DATA
3663,Lakshadweep,10.78661,72.58758,2026-03-21 15:44:15,11.861,9.791,1010.465,58.612,SYNTHETIC_DEMO_DATA
3664,Lakshadweep,10.51439,73.01346,2026-03-21 18:39:06,15.999,0.0,991.681,90.075,SYNTHETIC_DEMO_DATA
3665,Mumbai Coast,18.68606,73.10432,2026-03-21 21:33:57,12.03,5.98,1006.2,74.4,SYNTHETIC_DEMO_DATA
3666,Kerala Coast,10.11619,76.23995,2026-03-22 00:28:48,7.947,24.918,1006.277,76.614,SYNTHETIC_DEMO_DATA
3667,Mumbai Coast,19.02866,72.40396,2026-03-22 03:23:39,12.681,30.118,1003.958,73.151,SYNTHETIC_DEMO_DATA
3668,Odisha Coast,19.97803,86.20314,2026-03-22 06:18:30,17.465,18.182,1017.608,71.986,SYNTHETIC_DEMO_DATA
3669,Kerala Coast,10.23996,76.03524,2026-03-22 09:13:21,14.993,25.797,1005.522,68.333,SYNTHETIC_DEMO_DATA
3670,Visakhapatnam,17.90529,83.17446,2026-03-22 12:08:12,14.383,5.83,1003.074,69.405,SYNTHETIC_DEMO_DATA
3671,Odisha Coast,19.7135,85.85584,2026-03-22 15:03:03,11.859,7.683,1020.031,67.034,SYNTHETIC_DEMO_DATA
3672,Sundarbans,21.97534,89.02924,2026-03-22 17:57:54,15.486,16.448,1013.747,84.058,SYNTHETIC_DEMO_DATA
3673,Mumbai Coast,19.01711,73.01453,2026-03-22 20:52:45,13.837,8.218,1015.756,91.787,SYNTHETIC_DEMO_DATA
3674,Sundarbans,21.83569,89.36061,2026-03-22 23:47:36,10.793,17.921,998.02,74.291,SYNTHETIC_DEMO_DATA
3675,Gujarat Coast,22.49141,69.46645,2026-03-23 02:42:27,17.496,10.143,1014.117,74.542,SYNTHETIC_DEMO_DATA
3676,Kerala Coast,9.77679,76.41697,2026-03-23 05:37:18,23.935,13.814,1006.923,64.321,SYNTHETIC_DEMO_DATA
3677,Chennai Coast,12.84261,80.13468,2026-03-23 08:32:09,4.403,13.584,1012.324,70.684,SYNTHETIC_DEMO_DATA
3678,Goa Coast,15.62677,73.95767,2026-03-23 11:27:01,11.529,16.607,992.25,56.539,SYNTHETIC_DEMO_DATA
3679,Mumbai Coast,19.02121,72.9024,2026-03-23 14:21:52,8.737,29.033,1001.794,73.624,SYNTHETIC_DEMO_DATA
3680,Goa Coast,15.42664,73.72322,2026-03-23 17:16:43,16.231,23.071,997.465,84.069,SYNTHETIC_DEMO_DATA
3681,Goa Coast,15.61596,73.6169,2026-03-23 20:11:34,12.133,7.579,999.201,68.426,SYNTHETIC_DEMO_DATA
3682,Sundarbans,22.12266,89.2939,2026-03-23 23:06:25,6.942,32.274,1006.999,92.225,SYNTHETIC_DEMO_DATA
3683,Visakhapatnam,17.56633,83.25775,2026-03-24 02:01:16,14.226,4.829,1014.285,50.214,SYNTHETIC_DEMO_DATA
3684,Mumbai Coast,19.10113,72.81034,2026-03-24 04:56:07,12.685,11.97,1013.946,75.016,SYNTHETIC_DEMO_DATA
3685,Lakshadweep,10.37583,72.82451,2026-03-24 07:50:58,13.216,7.005,1001.668,82.903,SYNTHETIC_DEMO_DATA
3686,Odisha Coast,19.5441,85.75706,2026-03-24 10:45:49,16.133,10.49,1018.697,71.978,SYNTHETIC_DEMO_DATA
3687,Odisha Coast,20.03496,85.76378,2026-03-24 13:40:40,3.901,9.468,1015.401,63.942,SYNTHETIC_DEMO_DATA
3688,Lakshadweep,10.24963,72.67265,2026-03-24 16:35:31,16.963,3.065,1006.721,49.49,SYNTHETIC_DEMO_DATA
3689,Lakshadweep,10.68574,72.47102,2026-03-24 19:30:22,3.729,9.876,1018.275,82.577,SYNTHETIC_DEMO_DATA
3690,Odisha Coast,19.68482,85.79035,2026-03-24 22:25:13,10.322,20.333,1007.951,84.053,SYNTHETIC_DEMO_DATA
3691,Kerala Coast,10.10791,76.19118,2026-03-25 01:20:04,7.223,12.711,1011.384,70.782,SYNTHETIC_DEMO_DATA
3692,Gujarat Coast,22.33852,69.77134,2026-03-25 04:14:55,15.834,11.885,1010.787,83.089,SYNTHETIC_DEMO_DATA
3693,Odisha Coast,19.97111,85.7346,2026-03-25 07:09:46,1.0,18.819,996.483,73.9,SYNTHETIC_DEMO_DATA
3694,Chennai Coast,12.65807,80.18472,2026-03-25 10:04:37,11.288,19.183,990.822,65.277,SYNTHETIC_DEMO_DATA
3695,Chennai Coast,13.13855,80.34043,2026-03-25 12:59:29,5.622,5.686,1015.327,83.477,SYNTHETIC_DEMO_DATA
3696,Gujarat Coast,22.21509,69.69202,2026-03-25 15:54:20,8.303,8.519,1005.641,74.903,SYNTHETIC_DEMO_DATA
3697,Chennai Coast,13.11469,79.78279,2026-03-25 18:49:11,10.964,25.125,1008.292,95.81,SYNTHETIC_DEMO_DATA
3698,Kerala Coast,9.74546,76.1908,2026-03-25 21:44:02,13.582,19.178,1018.644,94.437,SYNTHETIC_DEMO_DATA
3699,Visakhapatnam,17.61985,83.09175,2026-03-26 00:38:53,13.435,1.204,1016.978,94.148,SYNTHETIC_DEMO_DATA
3700,Goa Coast,15.37568,74.00672,2026-03-26 03:33:44,14.829,21.664,1014.629,70.668,SYNTHETIC_DEMO_DATA
3701,Odisha Coast,19.96505,85.3935,2026-03-26 06:28:35,14.386,28.637,1006.718,69.637,SYNTHETIC_DEMO_DATA
3702,Visakhapatnam,17.51685,83.29939,2026-03-26 09:23:26,6.099,7.715,1007.479,83.287,SYNTHETIC_DEMO_DATA
3703,Visakhapatnam,17.43889,83.19444,2026-03-26 12:18:17,8.36,22.377,1008.199,62.143,SYNTHETIC_DEMO_DATA
3704,Lakshadweep,10.61705,72.73098,2026-03-26 15:13:08,12.004,0.0,1010.888,63.684,SYNTHETIC_DEMO_DATA
3705,Lakshadweep,10.56457,72.64223,2026-03-26 18:07:59,13.701,4.974,1017.857,58.772,SYNTHETIC_DEMO_DATA
3706,Mumbai Coast,19.05377,72.98903,2026-03-26 21:02:50,16.647,21.897,1009.994,76.257,SYNTHETIC_DEMO_DATA
3707,Odisha Coast,19.80711,86.02362,2026-03-26 23:57:41,20.111,12.294,1006.737,74.221,SYNTHETIC_DEMO_DATA
3708,Goa Coast,15.78942,73.80686,2026-03-27 02:52:32,16.994,1.01,1017.08,75.104,SYNTHETIC_DEMO_DATA
3709,Kerala Coast,9.92206,76.26436,2026-03-27 05:47:23,14.797,20.581,1024.827,57.24,SYNTHETIC_DEMO_DATA
3710,Andaman & Nicobar,11.70234,92.40842,2026-03-27 08:42:14,6.642,14.137,1002.173,71.358,SYNTHETIC_DEMO_DATA
3711,Chennai Coast,12.94384,80.367,2026-03-27 11:37:05,4.164,2.803,1017.66,65.354,SYNTHETIC_DEMO_DATA
3712,Lakshadweep,10.49097,72.73793,2026-03-27 14:31:57,16.689,0.0,1005.276,77.172,SYNTHETIC_DEMO_DATA
3713,Andaman & Nicobar,11.83605,92.45854,2026-03-27 17:26:48,3.468,14.045,1010.998,75.458,SYNTHETIC_DEMO_DATA
3714,Visakhapatnam,17.56703,82.72024,2026-03-27 20:21:39,13.588,25.57,1014.599,74.598,SYNTHETIC_DEMO_DATA
3715,Goa Coast,15.43508,73.68851,2026-03-27 23:16:30,17.834,4.815,1008.125,64.04,SYNTHETIC_DEMO_DATA
3716,Visakhapatnam,17.84497,83.25137,2026-03-28 02:11:21,14.05,17.471,1009.393,86.822,SYNTHETIC_DEMO_DATA
3717,Chennai Coast,13.1549,80.44643,2026-03-28 05:06:12,8.986,11.023,1024.801,51.934,SYNTHETIC_DEMO_DATA
3718,Visakhapatnam,17.66476,83.2894,2026-03-28 08:01:03,15.874,5.901,1016.436,87.988,SYNTHETIC_DEMO_DATA
3719,Gujarat Coast,22.37249,69.95223,2026-03-28 10:55:54,4.873,12.119,1016.851,79.091,SYNTHETIC_DEMO_DATA
3720,Visakhapatnam,17.67872,82.74269,2026-03-28 13:50:45,17.661,16.978,1017.552,77.31,SYNTHETIC_DEMO_DATA
3721,Gujarat Coast,22.13935,70.02386,2026-03-28 16:45:36,10.885,0.0,1015.866,71.444,SYNTHETIC_DEMO_DATA
3722,Mumbai Coast,19.03149,72.92604,2026-03-28 19:40:27,10.286,15.548,1008.593,64.45,SYNTHETIC_DEMO_DATA
3723,Goa Coast,15.54405,73.86441,2026-03-28 22:35:18,8.565,0.456,1011.857,69.724,SYNTHETIC_DEMO_DATA
3724,Lakshadweep,10.56596,72.6205,2026-03-29 01:30:09,13.208,12.176,1011.193,71.423,SYNTHETIC_DEMO_DATA
3725,Sundarbans,21.86382,88.71914,2026-03-29 04:25:00,20.598,6.561,1024.958,56.624,SYNTHETIC_DEMO_DATA
3726,Lakshadweep,10.44006,72.6181,2026-03-29 07:19:51,11.507,15.596,1021.771,79.049,SYNTHETIC_DEMO_DATA
3727,Odisha Coast,20.03282,85.87118,2026-03-29 10:14:42,18.333,12.297,1008.311,77.242,SYNTHETIC_DEMO_DATA
3728,Mumbai Coast,19.04246,72.90581,2026-03-29 13:09:33,15.463,27.541,1002.709,70.847,SYNTHETIC_DEMO_DATA
3729,Chennai Coast,12.84307,80.40492,2026-03-29 16:04:25,8.751,3.802,998.288,93.524,SYNTHETIC_DEMO_DATA
3730,Gujarat Coast,22.5618,69.59798,2026-03-29 18:59:16,1.064,9.314,1008.075,82.715,SYNTHETIC_DEMO_DATA
3731,Goa Coast,15.19625,73.91761,2026-03-29 21:54:07,15.063,17.182,1016.813,69.13,SYNTHETIC_DEMO_DATA
3732,Andaman & Nicobar,12.0787,92.73209,2026-03-30 00:48:58,14.669,5.149,1010.304,74.929,SYNTHETIC_DEMO_DATA
3733,Kerala Coast,10.01331,76.25574,2026-03-30 03:43:49,9.848,2.187,1005.214,75.038,SYNTHETIC_DEMO_DATA
3734,Lakshadweep,10.71403,72.68502,2026-03-30 06:38:40,13.217,6.429,1016.712,96.815,SYNTHETIC_DEMO_DATA
3735,Chennai Coast,13.20156,80.74068,2026-03-30 09:33:31,6.249,10.997,1022.116,69.431,SYNTHETIC_DEMO_DATA
3736,Visakhapatnam,17.68134,83.38326,2026-03-30 12:28:22,11.153,10.159,1016.799,77.76,SYNTHETIC_DEMO_DATA
3737,Chennai Coast,13.09539,80.52807,2026-03-30 15:23:13,19.165,14.319,1013.608,53.863,SYNTHETIC_DEMO_DATA
3738,Mumbai Coast,18.81679,72.58469,2026-03-30 18:18:04,8.596,14.883,1012.443,69.538,SYNTHETIC_DEMO_DATA
3739,Gujarat Coast,22.48178,69.66935,2026-03-30 21:12:55,17.543,10.303,1017.192,83.31,SYNTHETIC_DEMO_DATA
3740,Andaman & Nicobar,11.60433,92.53164,2026-03-31 00:07:46,21.493,20.979,1011.006,82.566,SYNTHETIC_DEMO_DATA
3741,Visakhapatnam,17.67662,83.19219,2026-03-31 03:02:37,11.741,14.667,1005.589,77.716,SYNTHETIC_DEMO_DATA
3742,Chennai Coast,12.90165,80.41359,2026-03-31 05:57:28,6.625,9.26,1008.357,64.476,SYNTHETIC_DEMO_DATA
3743,Lakshadweep,10.48284,72.83011,2026-03-31 08:52:19,16.789,6.472,1023.616,88.72,SYNTHETIC_DEMO_DATA
3744,Kerala Coast,10.03104,76.25765,2026-03-31 11:47:10,8.136,25.959,1000.84,63.415,SYNTHETIC_DEMO_DATA
3745,Visakhapatnam,17.51184,83.32268,2026-03-31 14:42:01,5.246,14.947,1005.879,57.484,SYNTHETIC_DEMO_DATA
3746,Lakshadweep,10.56138,72.29952,2026-03-31 17:36:53,3.618,6.352,1011.556,76.198,SYNTHETIC_DEMO_DATA
3747,Kerala Coast,10.11304,75.75792,2026-03-31 20:31:44,19.379,17.326,1001.983,72.981,SYNTHETIC_DEMO_DATA
3748,Lakshadweep,10.62456,72.9499,2026-03-31 23:26:35,12.681,26.406,1006.495,88.601,SYNTHETIC_DEMO_DATA
3749,Lakshadweep,10.40818,72.45287,2026-04-01 02:21:26,9.66,2.515,1009.518,81.022,SYNTHETIC_DEMO_DATA
3750,Lakshadweep,10.74136,72.68319,2026-04-01 05:16:17,1.905,7.377,996.644,72.435,SYNTHETIC_DEMO_DATA
3751,Mumbai Coast,19.39813,72.75641,2026-04-01 08:11:08,1.0,23.208,1009.431,75.739,SYNTHETIC_DEMO_DATA
3752,Goa Coast,15.44078,73.79908,2026-04-01 11:05:59,1.0,9.811,995.944,84.723,SYNTHETIC_DEMO_DATA
3753,Lakshadweep,10.38409,72.26706,2026-04-01 14:00:50,12.417,2.572,1007.591,80.239,SYNTHETIC_DEMO_DATA
3754,Visakhapatnam,17.87114,83.4971,2026-04-01 16:55:41,12.077,1.675,1011.109,91.43,SYNTHETIC_DEMO_DATA
3755,Sundarbans,21.92367,88.99301,2026-04-01 19:50:32,8.358,36.075,1001.968,66.577,SYNTHETIC_DEMO_DATA
3756,Chennai Coast,12.68454,80.63318,2026-04-01 22:45:23,7.685,5.446,1013.203,62.548,SYNTHETIC_DEMO_DATA
3757,Gujarat Coast,22.59519,69.81651,2026-04-02 01:40:14,6.952,8.284,1014.885,68.383,SYNTHETIC_DEMO_DATA
3758,Mumbai Coast,19.1714,72.68959,2026-04-02 04:35:05,10.854,16.767,1005.164,74.259,SYNTHETIC_DEMO_DATA
3759,Sundarbans,21.88701,88.9547,2026-04-02 07:29:56,19.724,22.202,1001.187,90.091,SYNTHETIC_DEMO_DATA
3760,Mumbai Coast,19.23408,72.59663,2026-04-02 10:24:47,8.826,9.772,1010.5,76.382,SYNTHETIC_DEMO_DATA
3761,Odisha Coast,19.94057,85.54051,2026-04-02 13:19:38,9.018,21.526,1000.556,83.541,SYNTHETIC_DEMO_DATA
3762,Mumbai Coast,19.24556,72.62684,2026-04-02 16:14:29,5.58,12.307,1007.195,87.489,SYNTHETIC_DEMO_DATA
3763,Mumbai Coast,19.23079,73.11205,2026-04-02 19:09:20,14.04,23.802,1021.838,81.888,SYNTHETIC_DEMO_DATA
3764,Gujarat Coast,22.35871,69.20346,2026-04-02 22:04:12,11.196,3.645,1013.148,83.171,SYNTHETIC_DEMO_DATA
3765,Kerala Coast,9.81817,75.94122,2026-04-03 00:59:03,14.538,24.664,1025.307,77.669,SYNTHETIC_DEMO_DATA
3766,Kerala Coast,9.9933,76.12387,2026-04-03 03:53:54,5.939,41.584,1003.378,91.772,SYNTHETIC_DEMO_DATA
3767,Gujarat Coast,21.93916,69.24758,2026-04-03 06:48:45,5.182,6.241,1005.137,77.988,SYNTHETIC_DEMO_DATA
3768,Goa Coast,15.44476,73.68112,2026-04-03 09:43:36,9.932,11.101,1013.584,71.009,SYNTHETIC_DEMO_DATA
3769,Andaman & Nicobar,11.90989,92.51658,2026-04-03 12:38:27,16.786,17.659,1009.73,82.533,SYNTHETIC_DEMO_DATA
3770,Chennai Coast,13.08757,80.26215,2026-04-03 15:33:18,17.836,15.754,1011.708,71.466,SYNTHETIC_DEMO_DATA
3771,Kerala Coast,9.84951,76.13463,2026-04-03 18:28:09,11.495,15.647,998.943,90.082,SYNTHETIC_DEMO_DATA
3772,Chennai Coast,13.1833,80.5826,2026-04-03 21:23:00,22.457,0.0,1019.522,66.691,SYNTHETIC_DEMO_DATA
3773,Mumbai Coast,18.77009,72.77162,2026-04-04 00:17:51,13.199,24.494,1015.701,77.716,SYNTHETIC_DEMO_DATA
3774,Odisha Coast,19.99166,85.98381,2026-04-04 03:12:42,21.254,20.651,1013.169,76.241,SYNTHETIC_DEMO_DATA
3775,Kerala Coast,9.98717,76.51525,2026-04-04 06:07:33,1.0,21.746,1010.113,84.406,SYNTHETIC_DEMO_DATA
3776,Odisha Coast,19.61792,85.89666,2026-04-04 09:02:24,6.533,7.352,991.429,81.45,SYNTHETIC_DEMO_DATA
3777,Mumbai Coast,19.27937,73.04646,2026-04-04 11:57:15,16.51,28.825,1006.383,77.094,SYNTHETIC_DEMO_DATA
3778,Andaman & Nicobar,11.75907,92.45741,2026-04-04 14:52:06,9.391,36.281,1012.737,74.06,SYNTHETIC_DEMO_DATA
3779,Lakshadweep,10.86952,72.52575,2026-04-04 17:46:57,8.162,9.283,991.402,81.676,SYNTHETIC_DEMO_DATA
3780,Kerala Coast,9.90915,76.29347,2026-04-04 20:41:48,11.349,25.33,1004.539,73.584,SYNTHETIC_DEMO_DATA
3781,Sundarbans,21.90647,89.42387,2026-04-04 23:36:40,11.227,30.562,1020.099,94.918,SYNTHETIC_DEMO_DATA
3782,Visakhapatnam,17.69288,83.14941,2026-04-05 02:31:31,17.37,10.668,998.072,73.411,SYNTHETIC_DEMO_DATA
3783,Odisha Coast,19.76879,85.8898,2026-04-05 05:26:22,21.996,7.985,1001.871,58.536,SYNTHETIC_DEMO_DATA
3784,Goa Coast,15.56619,74.03974,2026-04-05 08:21:13,18.941,0.0,1011.479,66.558,SYNTHETIC_DEMO_DATA
3785,Lakshadweep,10.7831,72.87213,2026-04-05 11:16:04,13.853,8.577,1005.445,87.043,SYNTHETIC_DEMO_DATA
3786,Mumbai Coast,19.00983,73.04169,2026-04-05 14:10:55,9.536,24.279,1014.211,71.823,SYNTHETIC_DEMO_DATA
3787,Odisha Coast,19.89803,85.59176,2026-04-05 17:05:46,13.476,18.392,1010.336,71.368,SYNTHETIC_DEMO_DATA
3788,Sundarbans,22.00378,89.07971,2026-04-05 20:00:37,5.349,18.343,1007.089,45.248,SYNTHETIC_DEMO_DATA
3789,Lakshadweep,10.60671,72.4252,2026-04-05 22:55:28,17.299,5.049,1009.611,79.507,SYNTHETIC_DEMO_DATA
3790,Chennai Coast,13.09118,80.0537,2026-04-06 01:50:19,11.343,0.255,1017.952,97.266,SYNTHETIC_DEMO_DATA
3791,Odisha Coast,19.77817,85.72589,2026-04-06 04:45:10,16.039,16.605,1011.003,63.087,SYNTHETIC_DEMO_DATA
3792,Odisha Coast,19.73316,85.74819,2026-04-06 07:40:01,14.375,15.537,1013.328,86.34,SYNTHETIC_DEMO_DATA
3793,Visakhapatnam,17.31675,83.34573,2026-04-06 10:34:52,11.171,7.455,1016.945,74.27,SYNTHETIC_DEMO_DATA
3794,Gujarat Coast,22.18554,69.67011,2026-04-06 13:29:43,18.147,0.0,1018.172,63.045,SYNTHETIC_DEMO_DATA
3795,Andaman & Nicobar,11.99485,92.35838,2026-04-06 16:24:34,19.928,24.933,1009.04,73.772,SYNTHETIC_DEMO_DATA
3796,Visakhapatnam,18.21207,83.57183,2026-04-06 19:19:25,9.777,6.723,1003.99,75.196,SYNTHETIC_DEMO_DATA
3797,Gujarat Coast,22.32923,69.68932,2026-04-06 22:14:16,13.566,0.0,996.788,87.215,SYNTHETIC_DEMO_DATA
3798,Sundarbans,22.35788,88.95428,2026-04-07 01:09:08,9.222,25.895,1011.602,60.022,SYNTHETIC_DEMO_DATA
3799,Sundarbans,21.84991,89.44725,2026-04-07 04:03:59,13.354,14.242,1003.942,59.693,SYNTHETIC_DEMO_DATA
3800,Sundarbans,22.06014,89.12064,2026-04-07 06:58:50,14.638,34.338,1004.281,89.114,SYNTHETIC_DEMO_DATA
3801,Lakshadweep,10.75063,72.60414,2026-04-07 09:53:41,14.375,30.625,1028.762,88.79,SYNTHETIC_DEMO_DATA
3802,Mumbai Coast,19.34688,72.76477,2026-04-07 12:48:32,12.244,21.964,1008.206,73.381,SYNTHETIC_DEMO_DATA
3803,Andaman & Nicobar,11.9314,92.82718,2026-04-07 15:43:23,9.599,8.403,1027.295,87.66,SYNTHETIC_DEMO_DATA
3804,Sundarbans,22.18762,89.35694,2026-04-07 18:38:14,12.002,14.911,1013.508,83.775,SYNTHETIC_DEMO_DATA
3805,Sundarbans,22.05922,89.49251,2026-04-07 21:33:05,18.509,35.179,1012.81,77.738,SYNTHETIC_DEMO_DATA
3806,Andaman & Nicobar,11.79957,92.42236,2026-04-08 00:27:56,18.611,5.336,1019.523,77.707,SYNTHETIC_DEMO_DATA
3807,Odisha Coast,19.80608,85.81029,2026-04-08 03:22:47,7.879,8.12,1010.823,86.225,SYNTHETIC_DEMO_DATA
3808,Odisha Coast,19.83066,85.79943,2026-04-08 06:17:38,21.588,9.247,990.579,81.543,SYNTHETIC_DEMO_DATA
3809,Mumbai Coast,18.8637,72.6047,2026-04-08 09:12:29,12.634,2.912,1019.641,69.547,SYNTHETIC_DEMO_DATA
3810,Gujarat Coast,22.36918,69.83511,2026-04-08 12:07:20,9.112,0.0,1004.737,67.443,SYNTHETIC_DEMO_DATA
3811,Visakhapatnam,17.19422,83.20966,2026-04-08 15:02:11,17.354,3.046,1008.785,82.68,SYNTHETIC_DEMO_DATA
3812,Kerala Coast,9.88128,76.48509,2026-04-08 17:57:02,13.647,16.842,1017.954,76.866,SYNTHETIC_DEMO_DATA
3813,Gujarat Coast,22.34014,69.68439,2026-04-08 20:51:53,12.092,5.806,1007.1,77.783,SYNTHETIC_DEMO_DATA
3814,Kerala Coast,10.08749,76.37351,2026-04-08 23:46:44,17.651,28.303,1017.298,90.674,SYNTHETIC_DEMO_DATA
3815,Chennai Coast,13.02408,80.14856,2026-04-09 02:41:36,5.416,0.0,1019.292,75.923,SYNTHETIC_DEMO_DATA
3816,Sundarbans,21.8658,89.19621,2026-04-09 05:36:27,16.28,25.525,996.671,94.068,SYNTHETIC_DEMO_DATA
3817,Kerala Coast,9.93505,76.11255,2026-04-09 08:31:18,2.474,35.325,1003.841,73.947,SYNTHETIC_DEMO_DATA
3818,Andaman & Nicobar,11.95107,92.77604,2026-04-09 11:26:09,24.971,9.204,1002.687,80.899,SYNTHETIC_DEMO_DATA
3819,Gujarat Coast,22.10662,69.41774,2026-04-09 14:21:00,10.998,0.0,1006.709,68.515,SYNTHETIC_DEMO_DATA
3820,Andaman & Nicobar,11.24916,92.66549,2026-04-09 17:15:51,8.801,27.797,995.256,70.959,SYNTHETIC_DEMO_DATA
3821,Odisha Coast,19.71719,85.7249,2026-04-09 20:10:42,14.236,6.432,1005.945,62.189,SYNTHETIC_DEMO_DATA
3822,Sundarbans,22.24289,89.00043,2026-04-09 23:05:33,17.183,26.534,1013.873,57.057,SYNTHETIC_DEMO_DATA
3823,Mumbai Coast,19.15111,72.59748,2026-04-10 02:00:24,15.894,19.265,1003.98,56.694,SYNTHETIC_DEMO_DATA
3824,Odisha Coast,19.88233,86.02491,2026-04-10 04:55:15,6.344,24.212,1007.875,65.523,SYNTHETIC_DEMO_DATA
3825,Mumbai Coast,19.16317,72.52043,2026-04-10 07:50:06,6.219,6.068,1014.418,75.858,SYNTHETIC_DEMO_DATA
3826,Lakshadweep,10.53728,72.52284,2026-04-10 10:44:57,10.457,0.0,1013.469,80.829,SYNTHETIC_DEMO_DATA
3827,Chennai Coast,13.226,80.56694,2026-04-10 13:39:48,15.304,7.65,1005.568,76.51,SYNTHETIC_DEMO_DATA
3828,Mumbai Coast,18.80658,72.80903,2026-04-10 16:34:39,7.002,25.696,1019.076,96.046,SYNTHETIC_DEMO_DATA
3829,Gujarat Coast,22.10262,69.51106,2026-04-10 19:29:30,9.267,0.0,1020.138,66.242,SYNTHETIC_DEMO_DATA
3830,Odisha Coast,20.24282,85.87128,2026-04-10 22:24:21,12.863,0.0,1021.382,75.775,SYNTHETIC_DEMO_DATA
3831,Andaman & Nicobar,11.76914,92.48185,2026-04-11 01:19:12,11.751,16.655,1000.559,82.793,SYNTHETIC_DEMO_DATA
3832,Visakhapatnam,17.50782,83.16738,2026-04-11 04:14:04,19.109,8.187,1018.37,66.606,SYNTHETIC_DEMO_DATA
3833,Andaman & Nicobar,11.65383,92.07787,2026-04-11 07:08:55,11.615,10.397,1010.909,80.716,SYNTHETIC_DEMO_DATA
3834,Gujarat Coast,22.27738,69.49415,2026-04-11 10:03:46,10.909,5.998,1000.264,59.991,SYNTHETIC_DEMO_DATA
3835,Odisha Coast,19.85565,85.84844,2026-04-11 12:58:37,8.809,20.079,1034.32,78.915,SYNTHETIC_DEMO_DATA
3836,Goa Coast,15.52936,73.9076,2026-04-11 15:53:28,11.403,6.774,1016.84,57.292,SYNTHETIC_DEMO_DATA
3837,Odisha Coast,20.09556,85.91655,2026-04-11 18:48:19,10.768,17.83,1025.163,66.089,SYNTHETIC_DEMO_DATA
3838,Mumbai Coast,19.11315,73.0621,2026-04-11 21:43:10,3.715,18.284,1014.666,90.833,SYNTHETIC_DEMO_DATA
3839,Lakshadweep,10.90227,72.50268,2026-04-12 00:38:01,13.745,18.923,1013.322,56.689,SYNTHETIC_DEMO_DATA
3840,Lakshadweep,10.69821,72.69491,2026-04-12 03:32:52,3.791,5.051,1004.781,64.332,SYNTHETIC_DEMO_DATA
3841,Andaman & Nicobar,11.35473,92.5052,2026-04-12 06:27:43,12.342,15.135,1005.429,72.748,SYNTHETIC_DEMO_DATA
3842,Kerala Coast,9.94617,75.76122,2026-04-12 09:22:34,1.0,39.684,990.77,71.165,SYNTHETIC_DEMO_DATA
3843,Mumbai Coast,19.02755,72.94638,2026-04-12 12:17:25,10.052,29.449,1010.077,98.159,SYNTHETIC_DEMO_DATA
3844,Chennai Coast,13.09402,80.60176,2026-04-12 15:12:16,5.121,4.737,1020.275,74.965,SYNTHETIC_DEMO_DATA
3845,Lakshadweep,10.19347,72.7981,2026-04-12 18:07:07,12.708,0.0,1027.16,88.813,SYNTHETIC_DEMO_DATA
3846,Kerala Coast,9.99454,76.50503,2026-04-12 21:01:58,12.487,19.8,1015.29,68.833,SYNTHETIC_DEMO_DATA
3847,Goa Coast,15.4025,73.69334,2026-04-12 23:56:49,10.487,12.922,1002.977,81.623,SYNTHETIC_DEMO_DATA
3848,Chennai Coast,13.1993,80.11051,2026-04-13 02:51:40,15.841,18.121,1012.665,95.723,SYNTHETIC_DEMO_DATA
3849,Goa Coast,15.67926,73.98862,2026-04-13 05:46:31,17.616,9.288,1007.104,100.0,SYNTHETIC_DEMO_DATA
3850,Visakhapatnam,17.97699,83.3011,2026-04-13 08:41:23,13.153,0.799,1026.003,75.306,SYNTHETIC_DEMO_DATA
3851,Goa Coast,15.36626,73.797,2026-04-13 11:36:14,7.874,20.144,1003.484,85.859,SYNTHETIC_DEMO_DATA
3852,Sundarbans,21.84371,89.06089,2026-04-13 14:31:05,14.582,32.79,1014.713,92.204,SYNTHETIC_DEMO_DATA
3853,Odisha Coast,19.7445,85.70216,2026-04-13 17:25:56,20.08,12.76,1008.121,80.178,SYNTHETIC_DEMO_DATA
3854,Chennai Coast,12.79977,80.36202,2026-04-13 20:20:47,8.841,4.176,1026.087,87.473,SYNTHETIC_DEMO_DATA
3855,Kerala Coast,10.12618,76.17053,2026-04-13 23:15:38,12.35,10.79,1016.437,81.853,SYNTHETIC_DEMO_DATA
3856,Goa Coast,15.38206,73.87303,2026-04-14 02:10:29,8.023,15.694,1005.216,76.329,SYNTHETIC_DEMO_DATA
3857,Chennai Coast,13.13986,80.22979,2026-04-14 05:05:20,13.533,5.871,1016.609,64.135,SYNTHETIC_DEMO_DATA
3858,Sundarbans,21.85986,89.14477,2026-04-14 08:00:11,1.74,29.128,998.311,100.0,SYNTHETIC_DEMO_DATA
3859,Chennai Coast,13.15057,80.32379,2026-04-14 10:55:02,10.675,6.918,1007.292,56.162,SYNTHETIC_DEMO_DATA
3860,Kerala Coast,9.79371,75.78781,2026-04-14 13:49:53,12.293,27.01,1019.307,85.733,SYNTHETIC_DEMO_DATA
3861,Mumbai Coast,19.05291,72.48514,2026-04-14 16:44:44,19.357,18.585,1001.018,65.554,SYNTHETIC_DEMO_DATA
3862,Gujarat Coast,22.34856,69.54977,2026-04-14 19:39:35,15.018,0.925,1005.188,62.204,SYNTHETIC_DEMO_DATA
3863,Visakhapatnam,17.24883,82.9665,2026-04-14 22:34:26,14.443,16.213,1007.178,76.87,SYNTHETIC_DEMO_DATA
3864,Gujarat Coast,22.33792,69.32112,2026-04-15 01:29:17,9.372,2.832,1019.79,75.699,SYNTHETIC_DEMO_DATA
3865,Gujarat Coast,22.13534,69.83075,2026-04-15 04:24:08,7.975,8.973,1012.261,70.525,SYNTHETIC_DEMO_DATA
3866,Goa Coast,15.70096,73.73817,2026-04-15 07:18:59,15.827,9.403,1010.264,82.879,SYNTHETIC_DEMO_DATA
3867,Mumbai Coast,18.80267,72.55047,2026-04-15 10:13:51,6.526,15.591,1009.963,75.487,SYNTHETIC_DEMO_DATA
3868,Andaman & Nicobar,11.58517,92.66303,2026-04-15 13:08:42,13.318,12.857,1024.192,74.138,SYNTHETIC_DEMO_DATA
3869,Visakhapatnam,17.79683,83.08274,2026-04-15 16:03:33,7.033,19.009,1011.798,71.789,SYNTHETIC_DEMO_DATA
3870,Goa Coast,15.45575,74.02769,2026-04-15 18:58:24,12.464,8.926,998.271,64.299,SYNTHETIC_DEMO_DATA
3871,Sundarbans,21.99203,89.33489,2026-04-15 21:53:15,11.439,32.602,1006.164,79.266,SYNTHETIC_DEMO_DATA
3872,Odisha Coast,19.56683,85.79224,2026-04-16 00:48:06,5.647,27.906,998.682,87.924,SYNTHETIC_DEMO_DATA
3873,Andaman & Nicobar,11.72714,92.61197,2026-04-16 03:42:57,9.084,21.796,1013.342,77.458,SYNTHETIC_DEMO_DATA
3874,Kerala Coast,9.7417,76.22832,2026-04-16 06:37:48,9.221,9.792,1003.49,60.442,SYNTHETIC_DEMO_DATA
3875,Gujarat Coast,22.44701,69.48942,2026-04-16 09:32:39,14.984,2.956,1013.643,72.787,SYNTHETIC_DEMO_DATA
3876,Gujarat Coast,22.48872,69.30721,2026-04-16 12:27:30,4.203,13.53,1014.42,80.553,SYNTHETIC_DEMO_DATA
3877,Gujarat Coast,22.48184,69.49452,2026-04-16 15:22:21,16.329,0.0,1022.836,66.064,SYNTHETIC_DEMO_DATA
3878,Visakhapatnam,17.52493,83.22145,2026-04-16 18:17:12,27.484,13.161,1013.97,56.311,SYNTHETIC_DEMO_DATA
3879,Odisha Coast,19.84606,85.87567,2026-04-16 21:12:03,8.057,17.318,1017.709,73.163,SYNTHETIC_DEMO_DATA
3880,Sundarbans,21.8048,88.93742,2026-04-17 00:06:54,10.101,8.657,1002.973,72.709,SYNTHETIC_DEMO_DATA
3881,Andaman & Nicobar,11.96977,92.04346,2026-04-17 03:01:45,4.627,13.436,1015.349,94.773,SYNTHETIC_DEMO_DATA
3882,Visakhapatnam,17.69332,83.36362,2026-04-17 05:56:36,6.475,6.244,1019.186,68.277,SYNTHETIC_DEMO_DATA
3883,Mumbai Coast,19.10623,72.78393,2026-04-17 08:51:27,9.777,18.083,990.353,77.565,SYNTHETIC_DEMO_DATA
3884,Kerala Coast,9.72528,76.54736,2026-04-17 11:46:19,11.605,16.652,1011.969,67.951,SYNTHETIC_DEMO_DATA
3885,Odisha Coast,19.76685,85.45203,2026-04-17 14:41:10,21.841,15.003,1017.972,56.173,SYNTHETIC_DEMO_DATA
3886,Kerala Coast,9.93172,76.09825,2026-04-17 17:36:01,21.209,20.154,1002.988,55.949,SYNTHETIC_DEMO_DATA
3887,Sundarbans,21.91869,88.7516,2026-04-17 20:30:52,11.993,22.225,1015.059,62.433,SYNTHETIC_DEMO_DATA
3888,Odisha Coast,19.88493,85.73272,2026-04-17 23:25:43,18.657,7.933,1001.039,86.161,SYNTHETIC_DEMO_DATA
3889,Odisha Coast,19.84935,85.74606,2026-04-18 02:20:34,7.878,18.708,1008.083,71.724,SYNTHETIC_DEMO_DATA
3890,Andaman & Nicobar,11.80567,93.07314,2026-04-18 05:15:25,12.11,16.167,1010.841,75.355,SYNTHETIC_DEMO_DATA
3891,Mumbai Coast,18.75284,72.72281,2026-04-18 08:10:16,15.864,12.795,1005.801,91.898,SYNTHETIC_DEMO_DATA
3892,Lakshadweep,10.97095,72.26692,2026-04-18 11:05:07,11.319,9.823,1021.062,100.0,SYNTHETIC_DEMO_DATA
3893,Kerala Coast,9.86686,76.09619,2026-04-18 13:59:58,17.94,11.035,1015.34,59.145,SYNTHETIC_DEMO_DATA
3894,Visakhapatnam,18.15899,83.61779,2026-04-18 16:54:49,14.226,7.372,1012.403,68.237,SYNTHETIC_DEMO_DATA
3895,Gujarat Coast,21.94696,69.83654,2026-04-18 19:49:40,16.456,11.227,998.316,75.191,SYNTHETIC_DEMO_DATA
3896,Lakshadweep,10.21883,72.71475,2026-04-18 22:44:31,11.03,13.182,1009.901,70.214,SYNTHETIC_DEMO_DATA
3897,Mumbai Coast,18.8143,72.98434,2026-04-19 01:39:22,22.352,19.005,1002.576,87.934,SYNTHETIC_DEMO_DATA
3898,Sundarbans,21.62962,89.22614,2026-04-19 04:34:13,2.422,11.592,1014.224,60.403,SYNTHETIC_DEMO_DATA
3899,Chennai Coast,13.3413,79.92448,2026-04-19 07:29:04,15.252,6.996,1012.442,75.501,SYNTHETIC_DEMO_DATA
3900,Lakshadweep,10.68177,72.76892,2026-04-19 10:23:55,11.822,4.208,1020.97,89.921,SYNTHETIC_DEMO_DATA
3901,Mumbai Coast,18.96929,73.05478,2026-04-19 13:18:47,8.95,8.456,1018.798,76.357,SYNTHETIC_DEMO_DATA
3902,Lakshadweep,10.64738,72.55321,2026-04-19 16:13:38,7.518,12.649,1016.703,94.192,SYNTHETIC_DEMO_DATA
3903,Mumbai Coast,18.88955,73.05843,2026-04-19 19:08:29,13.677,16.845,1005.621,73.48,SYNTHETIC_DEMO_DATA
3904,Sundarbans,21.44325,89.25823,2026-04-19 22:03:20,9.445,25.299,1014.658,71.375,SYNTHETIC_DEMO_DATA
3905,Andaman & Nicobar,11.23863,92.70299,2026-04-20 00:58:11,10.318,2.604,1007.819,80.507,SYNTHETIC_DEMO_DATA
3906,Goa Coast,15.19108,73.92788,2026-04-20 03:53:02,15.89,16.933,1012.016,89.271,SYNTHETIC_DEMO_DATA
3907,Goa Coast,15.57584,74.09727,2026-04-20 06:47:53,5.736,9.16,1003.927,88.685,SYNTHETIC_DEMO_DATA
3908,Lakshadweep,10.44137,72.59945,2026-04-20 09:42:44,5.013,0.168,1015.55,52.655,SYNTHETIC_DEMO_DATA
3909,Odisha Coast,19.68882,85.89525,2026-04-20 12:37:35,16.809,8.962,1001.607,77.856,SYNTHETIC_DEMO_DATA
3910,Lakshadweep,10.77378,72.5565,2026-04-20 15:32:26,8.877,11.999,1010.143,89.951,SYNTHETIC_DEMO_DATA
3911,Visakhapatnam,17.75295,83.28691,2026-04-20 18:27:17,10.913,1.495,1003.683,84.528,SYNTHETIC_DEMO_DATA
3912,Lakshadweep,10.29089,72.85409,2026-04-20 21:22:08,11.572,1.635,1005.679,69.262,SYNTHETIC_DEMO_DATA
3913,Odisha Coast,20.02635,85.99128,2026-04-21 00:16:59,10.654,25.067,1000.756,84.482,SYNTHETIC_DEMO_DATA
3914,Mumbai Coast,19.06512,72.3569,2026-04-21 03:11:50,11.266,14.734,1020.518,74.695,SYNTHETIC_DEMO_DATA
3915,Goa Coast,15.75074,73.87229,2026-04-21 06:06:41,13.414,25.9,1014.393,81.564,SYNTHETIC_DEMO_DATA
3916,Sundarbans,21.96885,89.46007,2026-04-21 09:01:32,18.745,13.856,1018.382,83.883,SYNTHETIC_DEMO_DATA
3917,Sundarbans,21.68515,89.17807,2026-04-21 11:56:23,9.033,18.588,1010.539,67.444,SYNTHETIC_DEMO_DATA
3918,Andaman & Nicobar,11.68418,92.62167,2026-04-21 14:51:15,16.443,17.329,1009.21,78.459,SYNTHETIC_DEMO_DATA
3919,Sundarbans,21.49924,88.83872,2026-04-21 17:46:06,4.172,18.795,998.377,77.348,SYNTHETIC_DEMO_DATA
3920,Gujarat Coast,22.34623,69.47367,2026-04-21 20:40:57,9.704,8.601,1007.365,68.097,SYNTHETIC_DEMO_DATA
3921,Lakshadweep,10.99126,72.55949,2026-04-21 23:35:48,6.217,1.782,1018.919,61.454,SYNTHETIC_DEMO_DATA
3922,Gujarat Coast,22.3563,69.21952,2026-04-22 02:30:39,10.681,9.185,1007.96,74.227,SYNTHETIC_DEMO_DATA
3923,Kerala Coast,10.05117,76.39124,2026-04-22 05:25:30,18.813,29.364,998.223,95.15,SYNTHETIC_DEMO_DATA
3924,Kerala Coast,9.78382,76.2531,2026-04-22 08:20:21,5.438,16.085,1008.659,84.271,SYNTHETIC_DEMO_DATA
3925,Gujarat Coast,22.45092,69.60177,2026-04-22 11:15:12,12.188,0.0,1005.938,62.736,SYNTHETIC_DEMO_DATA
3926,Mumbai Coast,18.84022,72.9979,2026-04-22 14:10:03,11.888,8.024,1004.059,81.134,SYNTHETIC_DEMO_DATA
3927,Mumbai Coast,18.87225,72.67688,2026-04-22 17:04:54,9.602,8.001,1017.511,70.919,SYNTHETIC_DEMO_DATA
3928,Odisha Coast,19.88673,85.6211,2026-04-22 19:59:45,3.883,6.104,1020.732,87.74,SYNTHETIC_DEMO_DATA
3929,Gujarat Coast,22.16059,69.65132,2026-04-22 22:54:36,10.997,0.0,998.611,77.771,SYNTHETIC_DEMO_DATA
3930,Goa Coast,15.28556,73.829,2026-04-23 01:49:27,14.418,18.336,1010.977,59.824,SYNTHETIC_DEMO_DATA
3931,Goa Coast,15.65636,73.80427,2026-04-23 04:44:18,1.0,9.803,1017.492,54.973,SYNTHETIC_DEMO_DATA
3932,Sundarbans,21.91655,89.23156,2026-04-23 07:39:09,14.454,22.159,1008.79,100.0,SYNTHETIC_DEMO_DATA
3933,Goa Coast,14.9022,73.92755,2026-04-23 10:34:00,18.023,12.473,1005.896,71.829,SYNTHETIC_DEMO_DATA
3934,Goa Coast,15.17825,73.869,2026-04-23 13:28:51,5.382,16.131,1020.536,52.19,SYNTHETIC_DEMO_DATA
3935,Odisha Coast,19.60376,86.08023,2026-04-23 16:23:43,11.979,18.91,1019.432,86.007,SYNTHETIC_DEMO_DATA
3936,Andaman & Nicobar,11.83662,92.84739,2026-04-23 19:18:34,10.785,14.39,1000.218,46.421,SYNTHETIC_DEMO_DATA
3937,Mumbai Coast,18.64815,72.72173,2026-04-23 22:13:25,6.069,10.851,1005.255,100.0,SYNTHETIC_DEMO_DATA
3938,Kerala Coast,9.58246,76.08201,2026-04-24 01:08:16,9.645,23.853,1007.852,44.804,SYNTHETIC_DEMO_DATA
3939,Goa Coast,15.24408,73.47039,2026-04-24 04:03:07,10.717,0.0,1006.544,62.978,SYNTHETIC_DEMO_DATA
3940,Mumbai Coast,19.19779,72.78749,2026-04-24 06:57:58,22.499,12.412,1018.36,88.014,SYNTHETIC_DEMO_DATA
3941,Mumbai Coast,19.25011,72.99221,2026-04-24 09:52:49,11.573,8.496,1008.65,89.576,SYNTHETIC_DEMO_DATA
3942,Chennai Coast,12.97288,80.28476,2026-04-24 12:47:40,13.108,25.515,994.211,84.886,SYNTHETIC_DEMO_DATA
3943,Lakshadweep,10.64956,72.66886,2026-04-24 15:42:31,9.626,9.562,1011.257,76.863,SYNTHETIC_DEMO_DATA
3944,Lakshadweep,10.43768,72.55847,2026-04-24 18:37:22,11.178,0.0,1007.755,73.072,SYNTHETIC_DEMO_DATA
3945,Odisha Coast,19.82513,86.001,2026-04-24 21:32:13,4.52,12.283,995.728,65.205,SYNTHETIC_DEMO_DATA
3946,Goa Coast,15.16755,73.7866,2026-04-25 00:27:04,21.679,15.003,1006.462,90.078,SYNTHETIC_DEMO_DATA
3947,Sundarbans,22.13578,89.18388,2026-04-25 03:21:55,11.203,26.161,1009.724,75.209,SYNTHETIC_DEMO_DATA
3948,Chennai Coast,13.19119,80.2291,2026-04-25 06:16:46,18.676,2.851,1011.85,61.622,SYNTHETIC_DEMO_DATA
3949,Lakshadweep,10.26489,72.58308,2026-04-25 09:11:37,6.717,3.96,1021.273,69.7,SYNTHETIC_DEMO_DATA
3950,Odisha Coast,19.85873,85.79275,2026-04-25 12:06:28,7.543,23.454,1000.884,78.107,SYNTHETIC_DEMO_DATA
3951,Chennai Coast,13.22129,80.35448,2026-04-25 15:01:19,14.718,5.825,1023.279,74.94,SYNTHETIC_DEMO_DATA
3952,Visakhapatnam,17.84225,83.23134,2026-04-25 17:56:10,2.952,6.709,1015.137,90.417,SYNTHETIC_DEMO_DATA
3953,Goa Coast,15.6008,73.73538,2026-04-25 20:51:02,10.224,13.021,1017.954,80.213,SYNTHETIC_DEMO_DATA
3954,Kerala Coast,9.85553,76.33576,2026-04-25 23:45:53,14.619,21.344,1011.948,84.246,SYNTHETIC_DEMO_DATA
3955,Mumbai Coast,18.9837,72.61596,2026-04-26 02:40:44,1.0,18.712,1007.031,67.473,SYNTHETIC_DEMO_DATA
3956,Lakshadweep,10.70266,72.46904,2026-04-26 05:35:35,9.802,5.552,1012.868,80.726,SYNTHETIC_DEMO_DATA
3957,Mumbai Coast,18.94423,73.00234,2026-04-26 08:30:26,12.991,15.882,1023.673,61.492,SYNTHETIC_DEMO_DATA
3958,Goa Coast,15.70208,73.81591,2026-04-26 11:25:17,16.582,12.261,996.688,82.692,SYNTHETIC_DEMO_DATA
3959,Sundarbans,22.3429,89.3471,2026-04-26 14:20:08,9.743,21.284,1010.241,88.28,SYNTHETIC_DEMO_DATA
3960,Visakhapatnam,17.50316,83.30009,2026-04-26 17:14:59,4.383,0.091,1006.25,80.957,SYNTHETIC_DEMO_DATA
3961,Lakshadweep,10.39868,72.62595,2026-04-26 20:09:50,13.959,0.0,1028.97,63.823,SYNTHETIC_DEMO_DATA
3962,Andaman & Nicobar,11.62617,92.9077,2026-04-26 23:04:41,19.082,12.445,1008.038,66.652,SYNTHETIC_DEMO_DATA
3963,Gujarat Coast,22.13733,69.60934,2026-04-27 01:59:32,18.302,0.0,1008.417,71.378,SYNTHETIC_DEMO_DATA
3964,Chennai Coast,13.13944,80.1816,2026-04-27 04:54:23,20.179,0.0,1016.433,78.406,SYNTHETIC_DEMO_DATA
3965,Odisha Coast,19.93763,85.80059,2026-04-27 07:49:14,11.583,22.389,1023.537,100.0,SYNTHETIC_DEMO_DATA
3966,Andaman & Nicobar,11.67977,92.62837,2026-04-27 10:44:05,13.207,13.31,1004.198,58.3,SYNTHETIC_DEMO_DATA
3967,Goa Coast,15.61418,74.05225,2026-04-27 13:38:56,12.348,11.408,1008.747,73.578,SYNTHETIC_DEMO_DATA
3968,Visakhapatnam,17.4601,83.31466,2026-04-27 16:33:47,18.87,18.285,1014.442,86.656,SYNTHETIC_DEMO_DATA
3969,Mumbai Coast,18.81913,72.78858,2026-04-27 19:28:38,13.398,24.812,1008.963,66.891,SYNTHETIC_DEMO_DATA
3970,Gujarat Coast,22.31845,69.84089,2026-04-27 22:23:30,13.668,12.233,1021.649,91.49,SYNTHETIC_DEMO_DATA
3971,Kerala Coast,10.05778,76.05815,2026-04-28 01:18:21,8.503,16.612,1002.702,86.56,SYNTHETIC_DEMO_DATA
3972,Lakshadweep,10.47073,72.64742,2026-04-28 04:13:12,23.342,3.552,1014.86,79.84,SYNTHETIC_DEMO_DATA
3973,Odisha Coast,19.7751,86.0206,2026-04-28 07:08:03,10.072,14.31,999.353,88.046,SYNTHETIC_DEMO_DATA
3974,Visakhapatnam,17.48906,83.27582,2026-04-28 10:02:54,13.517,0.0,1004.796,80.503,SYNTHETIC_DEMO_DATA
3975,Sundarbans,21.88278,89.10147,2026-04-28 12:57:45,5.604,13.201,1007.883,76.875,SYNTHETIC_DEMO_DATA
3976,Gujarat Coast,21.69191,69.56203,2026-04-28 15:52:36,14.055,4.279,1008.218,82.967,SYNTHETIC_DEMO_DATA
3977,Gujarat Coast,22.00646,69.47747,2026-04-28 18:47:27,15.411,0.0,1000.607,77.229,SYNTHETIC_DEMO_DATA
3978,Lakshadweep,10.65831,72.62435,2026-04-28 21:42:18,11.578,3.497,1006.839,89.283,SYNTHETIC_DEMO_DATA
3979,Mumbai Coast,18.90414,72.94477,2026-04-29 00:37:09,9.23,13.845,1005.378,66.518,SYNTHETIC_DEMO_DATA
3980,Odisha Coast,19.63941,85.53571,2026-04-29 03:32:00,12.916,22.828,1007.716,88.096,SYNTHETIC_DEMO_DATA
3981,Kerala Coast,9.88561,76.13731,2026-04-29 06:26:51,7.744,9.685,1007.068,81.868,SYNTHETIC_DEMO_DATA
3982,Sundarbans,22.18178,88.98822,2026-04-29 09:21:42,5.101,17.96,1019.251,73.007,SYNTHETIC_DEMO_DATA
3983,Gujarat Coast,22.23088,69.36437,2026-04-29 12:16:33,11.981,0.0,1018.978,68.545,SYNTHETIC_DEMO_DATA
3984,Gujarat Coast,22.21278,69.79453,2026-04-29 15:11:24,13.357,0.0,1007.75,83.07,SYNTHETIC_DEMO_DATA
3985,Andaman & Nicobar,11.62232,92.44723,2026-04-29 18:06:15,9.55,0.392,1005.52,54.505,SYNTHETIC_DEMO_DATA
3986,Chennai Coast,13.0159,80.28765,2026-04-29 21:01:06,10.202,5.858,1000.339,67.598,SYNTHETIC_DEMO_DATA
3987,Chennai Coast,12.94391,80.21127,2026-04-29 23:55:58,9.518,4.907,1010.034,90.476,SYNTHETIC_DEMO_DATA
3988,Sundarbans,21.80601,89.52162,2026-04-30 02:50:49,17.304,17.382,1013.146,83.244,SYNTHETIC_DEMO_DATA
3989,Kerala Coast,10.39432,76.24771,2026-04-30 05:45:40,16.258,16.646,1029.594,79.362,SYNTHETIC_DEMO_DATA
3990,Kerala Coast,10.13339,76.22223,2026-04-30 08:40:31,13.034,25.758,1010.648,37.791,SYNTHETIC_DEMO_DATA
3991,Goa Coast,15.44676,73.73277,2026-04-30 11:35:22,20.077,19.062,1009.152,83.31,SYNTHETIC_DEMO_DATA
3992,Goa Coast,15.43716,74.12184,2026-04-30 14:30:13,18.27,19.942,1016.712,77.29,SYNTHETIC_DEMO_DATA
3993,Odisha Coast,19.79422,85.98494,2026-04-30 17:25:04,12.238,15.893,1023.482,65.442,SYNTHETIC_DEMO_DATA
3994,Visakhapatnam,17.62342,83.22388,2026-04-30 20:19:55,1.0,9.359,1010.696,88.118,SYNTHETIC_DEMO_DATA
3995,Mumbai Coast,19.13887,72.81078,2026-04-30 23:14:46,16.976,14.365,1022.836,69.214,SYNTHETIC_DEMO_DATA
3996,Chennai Coast,13.00946,80.31091,2026-05-01 02:09:37,12.103,3.327,1007.307,76.682,SYNTHETIC_DEMO_DATA
3997,Sundarbans,21.8241,88.85038,2026-05-01 05:04:28,13.242,19.572,1011.874,75.679,SYNTHETIC_DEMO_DATA
3998,Andaman & Nicobar,11.43027,92.72649,2026-05-01 07:59:19,11.518,11.175,1018.896,59.697,SYNTHETIC_DEMO_DATA
3999,Goa Coast,15.57946,74.26666,2026-05-01 10:54:10,20.085,6.295,1004.601,80.115,SYNTHETIC_DEMO_DATA
4000,Mumbai Coast,18.69429,72.64681,2026-05-01 13:49:01,10.251,12.307,1004.086,66.078,SYNTHETIC_DEMO_DATA
4001,Chennai Coast,13.08567,80.3068,2026-05-01 16:43:52,14.749,19.978,996.038,80.741,SYNTHETIC_DEMO_DATA
4002,Andaman & Nicobar,11.89445,92.99311,2026-05-01 19:38:43,5.739,15.478,1004.589,77.52,SYNTHETIC_DEMO_DATA
4003,Sundarbans,22.31305,89.22134,2026-05-01 22:33:34,5.143,20.184,1016.281,70.095,SYNTHETIC_DEMO_DATA
4004,Kerala Coast,10.08994,76.0963,2026-05-02 01:28:26,8.452,20.244,998.948,80.789,SYNTHETIC_DEMO_DATA
4005,Andaman & Nicobar,11.67211,92.74205,2026-05-02 04:23:17,6.968,0.0,1012.305,50.943,SYNTHETIC_DEMO_DATA
4006,Lakshadweep,10.45905,72.79008,2026-05-02 07:18:08,14.809,10.052,1013.515,83.076,SYNTHETIC_DEMO_DATA
4007,Visakhapatnam,17.48114,83.1681,2026-05-02 10:12:59,8.641,1.347,1017.716,58.074,SYNTHETIC_DEMO_DATA
4008,Gujarat Coast,21.96017,69.22331,2026-05-02 13:07:50,10.212,13.876,996.843,70.264,SYNTHETIC_DEMO_DATA
4009,Odisha Coast,19.69662,85.81819,2026-05-02 16:02:41,10.801,25.383,1020.078,77.299,SYNTHETIC_DEMO_DATA
4010,Odisha Coast,19.64487,85.80344,2026-05-02 18:57:32,5.619,17.727,1021.057,73.352,SYNTHETIC_DEMO_DATA
4011,Chennai Coast,12.98237,80.108,2026-05-02 21:52:23,1.518,18.657,1025.854,83.629,SYNTHETIC_DEMO_DATA
4012,Andaman & Nicobar,11.6932,92.65416,2026-05-03 00:47:14,12.314,31.105,1007.802,78.994,SYNTHETIC_DEMO_DATA
4013,Gujarat Coast,22.4079,69.74723,2026-05-03 03:42:05,9.081,0.0,1008.216,54.948,SYNTHETIC_DEMO_DATA
4014,Kerala Coast,9.8013,75.97687,2026-05-03 06:36:56,12.742,25.369,1014.4,95.328,SYNTHETIC_DEMO_DATA
4015,Visakhapatnam,17.63889,82.77798,2026-05-03 09:31:47,16.842,3.81,1004.512,100.0,SYNTHETIC_DEMO_DATA
4016,Odisha Coast,19.54988,85.84117,2026-05-03 12:26:38,11.163,5.421,1023.091,68.825,SYNTHETIC_DEMO_DATA
4017,Visakhapatnam,18.15519,83.3425,2026-05-03 15:21:29,6.673,10.258,1020.012,68.875,SYNTHETIC_DEMO_DATA
4018,Odisha Coast,19.84971,85.79512,2026-05-03 18:16:20,9.446,13.431,1019.089,60.418,SYNTHETIC_DEMO_DATA
4019,Odisha Coast,19.65472,85.6479,2026-05-03 21:11:11,8.635,18.794,1002.955,92.52,SYNTHETIC_DEMO_DATA
4020,Gujarat Coast,22.57744,69.24984,2026-05-04 00:06:02,17.673,14.042,1006.545,71.046,SYNTHETIC_DEMO_DATA
4021,Odisha Coast,19.6484,86.22171,2026-05-04 03:00:54,12.799,18.574,1009.456,68.545,SYNTHETIC_DEMO_DATA
4022,Sundarbans,21.69844,89.46998,2026-05-04 05:55:45,11.669,17.808,998.932,80.101,SYNTHETIC_DEMO_DATA
4023,Mumbai Coast,18.61676,72.6685,2026-05-04 08:50:36,7.586,25.609,1003.329,82.686,SYNTHETIC_DEMO_DATA
4024,Visakhapatnam,17.53311,83.21573,2026-05-04 11:45:27,13.619,18.936,1018.034,76.048,SYNTHETIC_DEMO_DATA
4025,Kerala Coast,9.75871,76.36422,2026-05-04 14:40:18,25.46,18.436,1002.269,95.385,SYNTHETIC_DEMO_DATA
4026,Odisha Coast,19.35446,85.88508,2026-05-04 17:35:09,12.181,7.909,1005.027,65.808,SYNTHETIC_DEMO_DATA
4027,Visakhapatnam,17.68075,82.88175,2026-05-04 20:30:00,12.33,20.936,1029.823,67.383,SYNTHETIC_DEMO_DATA
4028,Kerala Coast,9.96177,76.5358,2026-05-04 23:24:51,12.664,34.777,1012.676,87.699,SYNTHETIC_DEMO_DATA
4029,Gujarat Coast,22.0334,69.44127,2026-05-05 02:19:42,19.077,0.0,1007.965,59.64,SYNTHETIC_DEMO_DATA
4030,Kerala Coast,10.11225,76.34845,2026-05-05 05:14:33,10.188,22.35,1010.199,68.819,SYNTHETIC_DEMO_DATA
4031,Mumbai Coast,19.01371,72.6245,2026-05-05 08:09:24,10.409,29.82,1006.743,75.942,SYNTHETIC_DEMO_DATA
4032,Mumbai Coast,19.06677,73.01834,2026-05-05 11:04:15,14.511,20.945,1005.26,80.28,SYNTHETIC_DEMO_DATA
4033,Visakhapatnam,17.71832,83.0453,2026-05-05 13:59:06,22.872,0.0,1021.418,96.974,SYNTHETIC_DEMO_DATA
4034,Visakhapatnam,17.40124,82.91558,2026-05-05 16:53:57,4.839,4.421,1011.518,62.686,SYNTHETIC_DEMO_DATA
4035,Kerala Coast,9.84157,75.98154,2026-05-05 19:48:48,13.832,16.061,1009.804,75.394,SYNTHETIC_DEMO_DATA
4036,Sundarbans,21.68986,89.01741,2026-05-05 22:43:39,8.622,9.423,1009.361,92.156,SYNTHETIC_DEMO_DATA
4037,Gujarat Coast,22.1661,69.48846,2026-05-06 01:38:30,12.815,0.0,1018.21,90.809,SYNTHETIC_DEMO_DATA
4038,Gujarat Coast,22.50817,69.57466,2026-05-06 04:33:22,16.834,4.881,1009.492,72.191,SYNTHETIC_DEMO_DATA
4039,Chennai Coast,13.29734,80.28192,2026-05-06 07:28:13,3.775,0.0,1015.321,71.668,SYNTHETIC_DEMO_DATA
4040,Chennai Coast,13.3205,80.80147,2026-05-06 10:23:04,22.356,6.319,1016.96,61.819,SYNTHETIC_DEMO_DATA
4041,Chennai Coast,13.06246,80.40016,2026-05-06 13:17:55,24.313,17.326,1005.022,76.315,SYNTHETIC_DEMO_DATA
4042,Gujarat Coast,22.45715,69.33369,2026-05-06 16:12:46,12.165,0.0,1016.826,94.845,SYNTHETIC_DEMO_DATA
4043,Goa Coast,15.43909,73.93787,2026-05-06 19:07:37,8.204,21.238,1006.834,92.662,SYNTHETIC_DEMO_DATA
4044,Odisha Coast,19.73849,85.83842,2026-05-06 22:02:28,16.85,10.182,1002.113,76.328,SYNTHETIC_DEMO_DATA
4045,Kerala Coast,9.56045,75.86732,2026-05-07 00:57:19,11.099,8.338,1017.585,62.003,SYNTHETIC_DEMO_DATA
4046,Sundarbans,21.90455,88.91953,2026-05-07 03:52:10,16.606,25.007,996.308,71.052,SYNTHETIC_DEMO_DATA
4047,Kerala Coast,10.26827,76.1926,2026-05-07 06:47:01,8.705,17.004,1030.157,94.664,SYNTHETIC_DEMO_DATA
4048,Visakhapatnam,17.55523,83.19022,2026-05-07 09:41:52,5.731,15.409,1010.8,76.318,SYNTHETIC_DEMO_DATA
4049,Chennai Coast,12.93307,80.12402,2026-05-07 12:36:43,15.903,0.759,1004.255,88.905,SYNTHETIC_DEMO_DATA
4050,Kerala Coast,9.8287,76.10084,2026-05-07 15:31:34,7.379,14.194,1010.771,74.23,SYNTHETIC_DEMO_DATA
4051,Chennai Coast,12.96528,80.44791,2026-05-07 18:26:25,12.175,4.986,1010.424,64.56,SYNTHETIC_DEMO_DATA
4052,Chennai Coast,12.89591,80.18113,2026-05-07 21:21:16,11.111,0.0,1010.825,46.145,SYNTHETIC_DEMO_DATA
4053,Goa Coast,15.54674,73.67032,2026-05-08 00:16:07,17.088,2.568,1019.536,85.768,SYNTHETIC_DEMO_DATA
4054,Andaman & Nicobar,11.61203,92.97998,2026-05-08 03:10:58,10.963,12.562,1010.026,69.648,SYNTHETIC_DEMO_DATA
4055,Sundarbans,21.67233,89.38963,2026-05-08 06:05:49,5.154,26.559,994.065,74.981,SYNTHETIC_DEMO_DATA
4056,Chennai Coast,13.2066,80.05207,2026-05-08 09:00:41,14.893,17.249,1002.425,84.779,SYNTHETIC_DEMO_DATA
4057,Andaman & Nicobar,12.03649,93.08403,2026-05-08 11:55:32,10.227,26.59,1015.238,67.551,SYNTHETIC_DEMO_DATA
4058,Mumbai Coast,18.85096,72.65542,2026-05-08 14:50:23,19.065,24.255,1003.162,77.471,SYNTHETIC_DEMO_DATA
4059,Visakhapatnam,17.75615,83.4319,2026-05-08 17:45:14,6.258,20.848,1022.039,100.0,SYNTHETIC_DEMO_DATA
4060,Mumbai Coast,18.96516,72.80379,2026-05-08 20:40:05,16.811,17.131,997.067,99.38,SYNTHETIC_DEMO_DATA
4061,Odisha Coast,20.19935,85.76572,2026-05-08 23:34:56,18.443,21.173,1000.488,95.701,SYNTHETIC_DEMO_DATA
4062,Sundarbans,21.91511,89.19959,2026-05-09 02:29:47,7.439,30.317,1003.267,53.091,SYNTHETIC_DEMO_DATA
4063,Gujarat Coast,22.37835,69.30508,2026-05-09 05:24:38,17.806,5.758,1008.741,87.132,SYNTHETIC_DEMO_DATA
4064,Mumbai Coast,19.37052,72.87055,2026-05-09 08:19:29,4.068,26.716,990.461,68.675,SYNTHETIC_DEMO_DATA
4065,Goa Coast,15.32987,73.96922,2026-05-09 11:14:20,17.569,21.312,1013.257,76.241,SYNTHETIC_DEMO_DATA
4066,Chennai Coast,13.1361,80.17937,2026-05-09 14:09:11,6.257,4.219,1007.549,49.491,SYNTHETIC_DEMO_DATA
4067,Andaman & Nicobar,11.8362,92.46381,2026-05-09 17:04:02,4.774,21.869,1014.257,81.166,SYNTHETIC_DEMO_DATA
4068,Kerala Coast,10.26561,76.1004,2026-05-09 19:58:53,10.862,11.617,1005.877,83.751,SYNTHETIC_DEMO_DATA
4069,Goa Coast,15.60376,73.80402,2026-05-09 22:53:44,15.392,13.472,1023.112,70.162,SYNTHETIC_DEMO_DATA
4070,Odisha Coast,19.67651,85.77863,2026-05-10 01:48:35,16.797,16.039,1009.596,81.341,SYNTHETIC_DEMO_DATA
4071,Sundarbans,22.14922,88.82233,2026-05-10 04:43:26,6.408,17.12,1017.244,86.361,SYNTHETIC_DEMO_DATA
4072,Goa Coast,15.67463,73.72303,2026-05-10 07:38:17,8.296,16.092,1017.175,90.272,SYNTHETIC_DEMO_DATA
4073,Andaman & Nicobar,11.5949,92.84159,2026-05-10 10:33:09,8.05,12.634,1013.058,89.614,SYNTHETIC_DEMO_DATA
4074,Lakshadweep,10.70809,72.77852,2026-05-10 13:28:00,10.063,2.952,1018.198,53.064,SYNTHETIC_DEMO_DATA
4075,Chennai Coast,12.9327,80.29668,2026-05-10 16:22:51,14.904,14.369,1021.421,70.192,SYNTHETIC_DEMO_DATA
4076,Sundarbans,21.82516,89.62467,2026-05-10 19:17:42,7.249,25.329,1027.718,85.265,SYNTHETIC_DEMO_DATA
4077,Lakshadweep,10.17824,72.39428,2026-05-10 22:12:33,12.699,9.338,1022.383,88.429,SYNTHETIC_DEMO_DATA
4078,Gujarat Coast,22.10232,69.81143,2026-05-11 01:07:24,8.554,0.0,1015.974,80.56,SYNTHETIC_DEMO_DATA
4079,Visakhapatnam,17.99689,83.14913,2026-05-11 04:02:15,17.263,15.197,1022.867,75.115,SYNTHETIC_DEMO_DATA
4080,Goa Coast,15.32093,73.70787,2026-05-11 06:57:06,7.532,4.659,997.732,100.0,SYNTHETIC_DEMO_DATA
4081,Lakshadweep,10.44155,72.7758,2026-05-11 09:51:57,11.133,0.0,1002.247,66.166,SYNTHETIC_DEMO_DATA
4082,Visakhapatnam,17.56037,82.95541,2026-05-11 12:46:48,5.26,7.873,1010.575,77.806,SYNTHETIC_DEMO_DATA
4083,Goa Coast,15.40427,73.96677,2026-05-11 15:41:39,16.7,4.417,1015.02,92.958,SYNTHETIC_DEMO_DATA
4084,Goa Coast,15.76309,73.64178,2026-05-11 18:36:30,13.403,9.534,1015.441,73.059,SYNTHETIC_DEMO_DATA
4085,Mumbai Coast,18.89573,72.89522,2026-05-11 21:31:21,6.69,21.125,1011.741,87.431,SYNTHETIC_DEMO_DATA
4086,Gujarat Coast,22.27599,69.52316,2026-05-12 00:26:12,9.011,11.255,1018.263,65.209,SYNTHETIC_DEMO_DATA
4087,Visakhapatnam,17.76014,83.19575,2026-05-12 03:21:03,12.836,0.0,1010.673,68.007,SYNTHETIC_DEMO_DATA
4088,Lakshadweep,10.7528,72.82885,2026-05-12 06:15:54,17.709,13.972,1003.471,71.345,SYNTHETIC_DEMO_DATA
4089,Lakshadweep,10.34127,72.45793,2026-05-12 09:10:45,7.647,24.829,1010.757,48.362,SYNTHETIC_DEMO_DATA
4090,Lakshadweep,11.06411,73.01581,2026-05-12 12:05:37,13.283,12.984,1023.231,94.52,SYNTHETIC_DEMO_DATA
4091,Goa Coast,15.64195,73.64517,2026-05-12 15:00:28,9.696,4.56,1017.771,73.726,SYNTHETIC_DEMO_DATA
4092,Sundarbans,21.8797,88.93652,2026-05-12 17:55:19,16.454,32.295,1029.093,81.295,SYNTHETIC_DEMO_DATA
4093,Chennai Coast,13.07066,80.35253,2026-05-12 20:50:10,10.125,13.377,1002.375,58.949,SYNTHETIC_DEMO_DATA
4094,Kerala Coast,9.98166,76.06997,2026-05-12 23:45:01,15.625,27.041,1021.795,91.918,SYNTHETIC_DEMO_DATA
4095,Lakshadweep,10.55836,72.37503,2026-05-13 02:39:52,10.962,10.929,1015.322,66.162,SYNTHETIC_DEMO_DATA
4096,Mumbai Coast,19.02106,73.10375,2026-05-13 05:34:43,6.98,14.569,1018.522,71.388,SYNTHETIC_DEMO_DATA
4097,Mumbai Coast,18.8727,72.84243,2026-05-13 08:29:34,18.098,12.699,1005.434,80.684,SYNTHETIC_DEMO_DATA
4098,Odisha Coast,19.69815,85.64824,2026-05-13 11:24:25,14.594,9.145,1010.116,73.679,SYNTHETIC_DEMO_DATA
4099,Goa Coast,15.2097,73.88388,2026-05-13 14:19:16,7.853,0.0,1011.464,73.699,SYNTHETIC_DEMO_DATA
4100,Chennai Coast,13.18441,80.18783,2026-05-13 17:14:07,1.842,4.02,1013.354,78.659,SYNTHETIC_DEMO_DATA
4101,Sundarbans,22.10582,89.19538,2026-05-13 20:08:58,9.562,18.709,999.919,78.806,SYNTHETIC_DEMO_DATA
4102,Lakshadweep,10.83213,72.69049,2026-05-13 23:03:49,17.417,3.73,1003.652,68.236,SYNTHETIC_DEMO_DATA
4103,Odisha Coast,19.79188,85.84123,2026-05-14 01:58:40,17.08,16.526,1014.457,76.17,SYNTHETIC_DEMO_DATA
4104,Sundarbans,22.05467,89.20497,2026-05-14 04:53:31,7.18,19.689,1024.853,63.868,SYNTHETIC_DEMO_DATA
4105,Sundarbans,21.79347,89.23231,2026-05-14 07:48:22,11.911,27.067,1008.397,70.07,SYNTHETIC_DEMO_DATA
4106,Kerala Coast,10.07607,76.33341,2026-05-14 10:43:13,9.077,11.504,1006.298,70.84,SYNTHETIC_DEMO_DATA
4107,Odisha Coast,19.86047,86.19867,2026-05-14 13:38:05,15.994,16.286,1007.657,66.037,SYNTHETIC_DEMO_DATA
4108,Andaman & Nicobar,11.89659,92.42423,2026-05-14 16:32:56,9.169,20.001,1008.369,64.947,SYNTHETIC_DEMO_DATA
4109,Mumbai Coast,19.13056,72.7093,2026-05-14 19:27:47,8.615,0.216,1004.397,64.77,SYNTHETIC_DEMO_DATA
4110,Chennai Coast,13.22651,80.4465,2026-05-14 22:22:38,10.685,0.0,1005.033,82.861,SYNTHETIC_DEMO_DATA
4111,Sundarbans,22.01717,89.20256,2026-05-15 01:17:29,20.049,12.822,1001.372,70.183,SYNTHETIC_DEMO_DATA
4112,Kerala Coast,9.94764,76.22708,2026-05-15 04:12:20,10.794,22.193,997.332,83.045,SYNTHETIC_DEMO_DATA
4113,Odisha Coast,19.77264,85.95938,2026-05-15 07:07:11,7.856,23.617,1009.829,71.558,SYNTHETIC_DEMO_DATA
4114,Lakshadweep,10.90444,72.32912,2026-05-15 10:02:02,17.906,16.273,996.989,68.531,SYNTHETIC_DEMO_DATA
4115,Visakhapatnam,17.58894,83.52829,2026-05-15 12:56:53,9.433,2.732,997.949,62.063,SYNTHETIC_DEMO_DATA
4116,Kerala Coast,9.61499,76.72476,2026-05-15 15:51:44,18.508,30.102,1021.09,86.064,SYNTHETIC_DEMO_DATA
4117,Sundarbans,21.81712,88.84537,2026-05-15 18:46:35,1.0,28.236,1012.991,78.493,SYNTHETIC_DEMO_DATA
4118,Odisha Coast,19.84479,85.55867,2026-05-15 21:41:26,14.489,14.255,1007.364,70.931,SYNTHETIC_DEMO_DATA
4119,Visakhapatnam,17.22604,83.08406,2026-05-16 00:36:17,10.873,10.19,1019.847,61.002,SYNTHETIC_DEMO_DATA
4120,Sundarbans,22.1039,89.02772,2026-05-16 03:31:08,9.611,10.436,1007.76,59.852,SYNTHETIC_DEMO_DATA
4121,Goa Coast,15.22124,73.47307,2026-05-16 06:25:59,10.127,0.0,1014.53,59.161,SYNTHETIC_DEMO_DATA
4122,Lakshadweep,10.52148,72.81107,2026-05-16 09:20:50,5.435,2.46,1009.491,60.398,SYNTHETIC_DEMO_DATA
4123,Lakshadweep,10.59367,72.45136,2026-05-16 12:15:41,12.641,6.942,1004.927,79.739,SYNTHETIC_DEMO_DATA
4124,Visakhapatnam,17.7607,83.33609,2026-05-16 15:10:33,6.088,0.0,1023.364,75.183,SYNTHETIC_DEMO_DATA
4125,Goa Coast,15.64258,73.3999,2026-05-16 18:05:24,9.499,14.873,1006.284,72.866,SYNTHETIC_DEMO_DATA
4126,Mumbai Coast,18.79184,73.19185,2026-05-16 21:00:15,7.089,4.668,1018.701,93.551,SYNTHETIC_DEMO_DATA
4127,Sundarbans,21.86511,89.08343,2026-05-16 23:55:06,21.356,14.017,1011.033,79.67,SYNTHETIC_DEMO_DATA
4128,Sundarbans,21.72437,89.53089,2026-05-17 02:49:57,8.111,23.011,1012.204,96.216,SYNTHETIC_DEMO_DATA
4129,Mumbai Coast,18.71427,72.90019,2026-05-17 05:44:48,6.616,14.788,1008.984,65.345,SYNTHETIC_DEMO_DATA
4130,Kerala Coast,9.52131,76.17332,2026-05-17 08:39:39,16.402,23.654,1009.118,93.086,SYNTHETIC_DEMO_DATA
4131,Sundarbans,21.93765,89.21386,2026-05-17 11:34:30,14.125,18.182,1021.968,88.244,SYNTHETIC_DEMO_DATA
4132,Lakshadweep,10.47834,72.43765,2026-05-17 14:29:21,13.629,9.312,999.472,83.856,SYNTHETIC_DEMO_DATA
4133,Goa Coast,15.77482,73.73103,2026-05-17 17:24:12,4.393,11.259,1003.4,70.328,SYNTHETIC_DEMO_DATA
4134,Mumbai Coast,19.23492,72.94489,2026-05-17 20:19:03,7.198,13.863,1012.188,59.884,SYNTHETIC_DEMO_DATA
4135,Lakshadweep,10.61524,72.42686,2026-05-17 23:13:54,16.354,10.986,1002.932,57.092,SYNTHETIC_DEMO_DATA
4136,Lakshadweep,10.63421,72.6208,2026-05-18 02:08:45,11.351,8.265,1009.846,73.914,SYNTHETIC_DEMO_DATA
4137,Lakshadweep,10.38685,72.71961,2026-05-18 05:03:36,12.667,6.279,1014.369,58.08,SYNTHETIC_DEMO_DATA
4138,Visakhapatnam,17.86599,82.99029,2026-05-18 07:58:27,10.731,13.876,1006.633,96.574,SYNTHETIC_DEMO_DATA
4139,Andaman & Nicobar,11.48471,92.64091,2026-05-18 10:53:18,13.691,17.657,1007.099,81.494,SYNTHETIC_DEMO_DATA
4140,Mumbai Coast,19.21427,73.04144,2026-05-18 13:48:09,10.99,29.042,1000.429,77.964,SYNTHETIC_DEMO_DATA
4141,Goa Coast,15.50159,74.07049,2026-05-18 16:43:00,1.0,9.086,1018.611,41.814,SYNTHETIC_DEMO_DATA
4142,Andaman & Nicobar,11.90971,92.87716,2026-05-18 19:37:52,1.0,12.703,1012.702,38.727,SYNTHETIC_DEMO_DATA
4143,Odisha Coast,19.92815,85.63967,2026-05-18 22:32:43,12.255,15.905,1005.001,78.632,SYNTHETIC_DEMO_DATA
4144,Kerala Coast,9.92853,76.20548,2026-05-19 01:27:34,8.821,14.028,1012.899,72.24,SYNTHETIC_DEMO_DATA
4145,Odisha Coast,20.02689,85.63603,2026-05-19 04:22:25,14.924,28.958,1007.393,90.173,SYNTHETIC_DEMO_DATA
4146,Visakhapatnam,17.69283,83.38689,2026-05-19 07:17:16,16.093,7.868,1018.902,95.692,SYNTHETIC_DEMO_DATA
4147,Kerala Coast,9.81301,76.15003,2026-05-19 10:12:07,6.121,13.502,993.584,85.479,SYNTHETIC_DEMO_DATA
4148,Andaman & Nicobar,11.42496,92.91872,2026-05-19 13:06:58,6.691,5.7,1009.819,77.472,SYNTHETIC_DEMO_DATA
4149,Andaman & Nicobar,11.71633,92.49687,2026-05-19 16:01:49,15.728,5.533,1003.629,50.869,SYNTHETIC_DEMO_DATA
4150,Chennai Coast,13.25367,80.45522,2026-05-19 18:56:40,7.801,9.49,1011.16,81.016,SYNTHETIC_DEMO_DATA
4151,Chennai Coast,13.22478,80.36005,2026-05-19 21:51:31,7.709,7.695,1000.894,73.266,SYNTHETIC_DEMO_DATA
4152,Mumbai Coast,19.28035,73.16071,2026-05-20 00:46:22,7.012,26.395,1009.921,100.0,SYNTHETIC_DEMO_DATA
4153,Lakshadweep,10.63511,72.57785,2026-05-20 03:41:13,4.925,0.289,1018.899,66.763,SYNTHETIC_DEMO_DATA
4154,Lakshadweep,10.49549,72.37509,2026-05-20 06:36:04,12.521,30.061,1002.619,60.556,SYNTHETIC_DEMO_DATA
4155,Visakhapatnam,17.66522,83.29152,2026-05-20 09:30:55,7.421,0.0,1004.531,69.75,SYNTHETIC_DEMO_DATA
4156,Odisha Coast,19.87232,85.74089,2026-05-20 12:25:46,17.278,9.817,1016.319,72.866,SYNTHETIC_DEMO_DATA
4157,Goa Coast,15.51385,73.92696,2026-05-20 15:20:37,14.342,3.837,1021.422,92.761,SYNTHETIC_DEMO_DATA
4158,Chennai Coast,12.70474,80.17001,2026-05-20 18:15:28,6.4,0.0,1011.716,63.942,SYNTHETIC_DEMO_DATA
4159,Odisha Coast,19.73731,86.01339,2026-05-20 21:10:20,11.743,23.369,1015.091,83.309,SYNTHETIC_DEMO_DATA
4160,Sundarbans,22.42571,88.91647,2026-05-21 00:05:11,16.859,10.187,1012.696,77.853,SYNTHETIC_DEMO_DATA
4161,Kerala Coast,10.19214,76.04366,2026-05-21 03:00:02,7.083,13.087,993.759,66.674,SYNTHETIC_DEMO_DATA
4162,Chennai Coast,13.13139,80.22878,2026-05-21 05:54:53,3.696,4.56,1027.395,79.656,SYNTHETIC_DEMO_DATA
4163,Mumbai Coast,18.79147,72.675,2026-05-21 08:49:44,7.934,11.238,1023.259,71.737,SYNTHETIC_DEMO_DATA
4164,Visakhapatnam,17.52366,83.23229,2026-05-21 11:44:35,15.421,10.06,1015.601,77.416,SYNTHETIC_DEMO_DATA
4165,Goa Coast,15.22988,73.55044,2026-05-21 14:39:26,20.015,16.524,1016.829,66.976,SYNTHETIC_DEMO_DATA
4166,Gujarat Coast,22.29785,69.90491,2026-05-21 17:34:17,9.532,4.966,1018.023,67.376,SYNTHETIC_DEMO_DATA
4167,Kerala Coast,10.18198,76.13527,2026-05-21 20:29:08,11.288,19.066,1015.436,69.693,SYNTHETIC_DEMO_DATA
4168,Odisha Coast,19.74146,86.05931,2026-05-21 23:23:59,11.612,14.548,1025.499,50.738,SYNTHETIC_DEMO_DATA
4169,Mumbai Coast,18.92333,72.70415,2026-05-22 02:18:50,3.343,11.311,1007.843,75.337,SYNTHETIC_DEMO_DATA
4170,Gujarat Coast,22.29027,69.55662,2026-05-22 05:13:41,12.427,0.0,1005.003,88.679,SYNTHETIC_DEMO_DATA
4171,Chennai Coast,13.18144,80.21046,2026-05-22 08:08:32,11.663,18.377,1004.715,71.487,SYNTHETIC_DEMO_DATA
4172,Visakhapatnam,17.86899,83.25417,2026-05-22 11:03:23,10.91,12.103,1011.348,74.508,SYNTHETIC_DEMO_DATA
4173,Mumbai Coast,19.1803,72.87838,2026-05-22 13:58:14,9.744,14.82,1011.945,70.008,SYNTHETIC_DEMO_DATA
4174,Chennai Coast,13.10412,80.34359,2026-05-22 16:53:05,5.735,10.711,1004.815,71.754,SYNTHETIC_DEMO_DATA
4175,Kerala Coast,9.5951,76.3554,2026-05-22 19:47:56,20.033,26.591,1007.78,78.698,SYNTHETIC_DEMO_DATA
4176,Chennai Coast,13.25086,80.28399,2026-05-22 22:42:48,14.825,9.41,1010.828,54.489,SYNTHETIC_DEMO_DATA
4177,Chennai Coast,13.00611,80.24968,2026-05-23 01:37:39,15.192,16.093,1016.169,52.759,SYNTHETIC_DEMO_DATA
4178,Goa Coast,15.29726,73.7788,2026-05-23 04:32:30,12.36,4.203,1021.239,54.11,SYNTHETIC_DEMO_DATA
4179,Kerala Coast,10.12661,76.72487,2026-05-23 07:27:21,12.696,14.547,1019.438,91.61,SYNTHETIC_DEMO_DATA
4180,Kerala Coast,9.72075,76.29218,2026-05-23 10:22:12,19.555,19.419,1010.241,76.839,SYNTHETIC_DEMO_DATA
4181,Gujarat Coast,22.08897,69.67785,2026-05-23 13:17:03,8.527,19.222,1009.797,79.095,SYNTHETIC_DEMO_DATA
4182,Chennai Coast,13.03233,80.03162,2026-05-23 16:11:54,3.886,3.742,1005.467,63.228,SYNTHETIC_DEMO_DATA
4183,Odisha Coast,19.54939,85.80978,2026-05-23 19:06:45,13.567,0.0,1008.602,69.28,SYNTHETIC_DEMO_DATA
4184,Andaman & Nicobar,11.869,92.86053,2026-05-23 22:01:36,7.005,32.238,1013.562,79.869,SYNTHETIC_DEMO_DATA
4185,Sundarbans,21.78498,89.30584,2026-05-24 00:56:27,15.951,15.9,1008.145,70.359,SYNTHETIC_DEMO_DATA
4186,Mumbai Coast,19.0107,72.8607,2026-05-24 03:51:18,14.908,7.945,1015.976,62.613,SYNTHETIC_DEMO_DATA
4187,Visakhapatnam,17.48408,83.37652,2026-05-24 06:46:09,11.26,1.239,1004.793,89.662,SYNTHETIC_DEMO_DATA
4188,Visakhapatnam,18.12957,82.94769,2026-05-24 09:41:00,22.864,1.848,1020.488,50.528,SYNTHETIC_DEMO_DATA
4189,Sundarbans,22.32129,88.99508,2026-05-24 12:35:51,13.059,3.606,1013.209,70.888,SYNTHETIC_DEMO_DATA
4190,Lakshadweep,10.81859,72.64489,2026-05-24 15:30:42,9.9,10.429,996.764,94.609,SYNTHETIC_DEMO_DATA
4191,Kerala Coast,9.92589,76.33611,2026-05-24 18:25:33,12.052,14.885,1005.987,77.241,SYNTHETIC_DEMO_DATA
4192,Chennai Coast,13.14574,80.38363,2026-05-24 21:20:24,16.666,2.46,1011.183,70.324,SYNTHETIC_DEMO_DATA
4193,Goa Coast,15.46474,73.60266,2026-05-25 00:15:16,25.298,0.0,1012.294,100.0,SYNTHETIC_DEMO_DATA
4194,Sundarbans,22.17513,89.21789,2026-05-25 03:10:07,16.705,22.511,993.687,78.171,SYNTHETIC_DEMO_DATA
4195,Mumbai Coast,18.909,72.56226,2026-05-25 06:04:58,12.273,29.842,1005.771,73.885,SYNTHETIC_DEMO_DATA
4196,Kerala Coast,9.86762,76.22546,2026-05-25 08:59:49,12.298,30.099,1007.448,77.456,SYNTHETIC_DEMO_DATA
4197,Mumbai Coast,19.34589,72.66508,2026-05-25 11:54:40,7.827,11.843,1020.236,63.936,SYNTHETIC_DEMO_DATA
4198,Odisha Coast,19.7876,85.55924,2026-05-25 14:49:31,1.651,12.492,1010.76,66.013,SYNTHETIC_DEMO_DATA
4199,Lakshadweep,10.51782,72.65557,2026-05-25 17:44:22,8.012,9.584,1011.942,57.498,SYNTHETIC_DEMO_DATA
4200,Visakhapatnam,17.79675,83.3441,2026-05-25 20:39:13,13.571,8.377,1012.02,66.402,SYNTHETIC_DEMO_DATA
4201,Gujarat Coast,22.25109,69.23313,2026-05-25 23:34:04,6.44,17.015,1004.609,85.421,SYNTHETIC_DEMO_DATA
4202,Goa Coast,15.3656,74.04081,2026-05-26 02:28:55,19.765,16.426,1012.754,82.513,SYNTHETIC_DEMO_DATA
4203,Chennai Coast,13.19601,80.61201,2026-05-26 05:23:46,10.919,2.4,1020.806,68.504,SYNTHETIC_DEMO_DATA
4204,Odisha Coast,19.83821,85.83258,2026-05-26 08:18:37,9.613,20.186,998.543,88.162,SYNTHETIC_DEMO_DATA
4205,Visakhapatnam,17.61046,83.29486,2026-05-26 11:13:28,15.331,6.956,1015.569,63.953,SYNTHETIC_DEMO_DATA
4206,Andaman & Nicobar,11.41907,92.51022,2026-05-26 14:08:19,12.579,17.745,1004.077,71.168,SYNTHETIC_DEMO_DATA
4207,Lakshadweep,10.50412,72.31823,2026-05-26 17:03:10,18.968,13.619,1002.85,56.423,SYNTHETIC_DEMO_DATA
4208,Lakshadweep,10.67362,72.497,2026-05-26 19:58:01,6.295,7.991,1021.801,63.244,SYNTHETIC_DEMO_DATA
4209,Visakhapatnam,17.84234,83.24712,2026-05-26 22:52:52,1.0,24.22,988.576,75.062,SYNTHETIC_DEMO_DATA
4210,Gujarat Coast,22.05478,69.67485,2026-05-27 01:47:44,15.262,0.0,1007.79,58.349,SYNTHETIC_DEMO_DATA
4211,Odisha Coast,19.98553,86.04847,2026-05-27 04:42:35,1.0,22.986,1005.933,74.129,SYNTHETIC_DEMO_DATA
4212,Goa Coast,15.61216,73.83639,2026-05-27 07:37:26,2.232,10.739,1017.298,85.664,SYNTHETIC_DEMO_DATA
4213,Kerala Coast,9.47703,76.14327,2026-05-27 10:32:17,1.0,28.96,1007.757,78.335,SYNTHETIC_DEMO_DATA
4214,Goa Coast,15.5837,73.87926,2026-05-27 13:27:08,19.21,16.886,1009.722,58.461,SYNTHETIC_DEMO_DATA
4215,Gujarat Coast,22.32758,69.91974,2026-05-27 16:21:59,9.773,9.87,997.009,78.144,SYNTHETIC_DEMO_DATA
4216,Lakshadweep,10.55229,72.70997,2026-05-27 19:16:50,16.482,17.242,1013.249,84.564,SYNTHETIC_DEMO_DATA
4217,Kerala Coast,10.16392,75.94822,2026-05-27 22:11:41,1.884,19.082,1013.68,69.079,SYNTHETIC_DEMO_DATA
4218,Chennai Coast,13.29191,79.82317,2026-05-28 01:06:32,12.347,4.282,1013.61,76.456,SYNTHETIC_DEMO_DATA
4219,Mumbai Coast,19.54493,72.79146,2026-05-28 04:01:23,15.83,10.07,1000.514,66.189,SYNTHETIC_DEMO_DATA
4220,Odisha Coast,19.94136,85.96086,2026-05-28 06:56:14,15.849,38.705,1020.499,82.428,SYNTHETIC_DEMO_DATA
4221,Odisha Coast,19.87334,85.92768,2026-05-28 09:51:05,13.642,12.251,1005.442,74.92,SYNTHETIC_DEMO_DATA
4222,Mumbai Coast,18.7587,72.7134,2026-05-28 12:45:56,15.073,14.436,1012.555,67.915,SYNTHETIC_DEMO_DATA
4223,Andaman & Nicobar,11.61472,92.44259,2026-05-28 15:40:47,9.514,5.062,1009.472,78.264,SYNTHETIC_DEMO_DATA
4224,Mumbai Coast,19.14578,72.78782,2026-05-28 18:35:38,2.352,20.778,1005.885,79.191,SYNTHETIC_DEMO_DATA
4225,Goa Coast,15.41201,73.98072,2026-05-28 21:30:29,13.419,7.214,1005.983,79.67,SYNTHETIC_DEMO_DATA
4226,Odisha Coast,19.53007,85.75209,2026-05-29 00:25:20,14.146,8.735,1020.001,60.333,SYNTHETIC_DEMO_DATA
4227,Kerala Coast,9.75921,76.40212,2026-05-29 03:20:12,21.304,17.966,1010.55,74.311,SYNTHETIC_DEMO_DATA
4228,Gujarat Coast,22.21536,69.56886,2026-05-29 06:15:03,17.365,18.302,1018.021,65.351,SYNTHETIC_DEMO_DATA
4229,Chennai Coast,13.13856,79.86026,2026-05-29 09:09:54,14.38,0.0,1015.666,80.58,SYNTHETIC_DEMO_DATA
4230,Sundarbans,21.97631,89.21687,2026-05-29 12:04:45,13.281,25.657,1004.113,72.942,SYNTHETIC_DEMO_DATA
4231,Sundarbans,21.99011,89.15885,2026-05-29 14:59:36,19.322,9.979,1012.46,69.465,SYNTHETIC_DEMO_DATA
4232,Lakshadweep,10.62058,72.65594,2026-05-29 17:54:27,17.205,2.291,1014.357,62.149,SYNTHETIC_DEMO_DATA
4233,Gujarat Coast,22.42082,69.50292,2026-05-29 20:49:18,5.333,0.0,1023.643,72.882,SYNTHETIC_DEMO_DATA
4234,Visakhapatnam,17.6935,83.17447,2026-05-29 23:44:09,15.39,1.432,992.854,73.553,SYNTHETIC_DEMO_DATA
4235,Visakhapatnam,18.02856,83.05831,2026-05-30 02:39:00,4.128,7.869,1012.631,96.552,SYNTHETIC_DEMO_DATA
4236,Sundarbans,21.6254,89.06072,2026-05-30 05:33:51,12.661,16.263,1002.562,59.44,SYNTHETIC_DEMO_DATA
4237,Lakshadweep,10.77069,73.08106,2026-05-30 08:28:42,7.012,18.184,997.78,92.07,SYNTHETIC_DEMO_DATA
4238,Odisha Coast,19.66866,85.45551,2026-05-30 11:23:33,5.745,12.379,1010.798,85.506,SYNTHETIC_DEMO_DATA
4239,Goa Coast,15.65255,73.65874,2026-05-30 14:18:24,13.742,17.071,1014.331,73.163,SYNTHETIC_DEMO_DATA
4240,Visakhapatnam,17.69349,83.52095,2026-05-30 17:13:15,7.217,11.861,1008.703,88.796,SYNTHETIC_DEMO_DATA
4241,Chennai Coast,13.23925,80.43385,2026-05-30 20:08:06,10.514,0.0,1002.734,67.598,SYNTHETIC_DEMO_DATA
4242,Visakhapatnam,17.29375,83.15839,2026-05-30 23:02:57,11.873,9.329,1018.702,100.0,SYNTHETIC_DEMO_DATA
4243,Andaman & Nicobar,11.99297,92.54799,2026-05-31 01:57:48,9.467,14.31,1007.391,95.852,SYNTHETIC_DEMO_DATA
4244,Sundarbans,21.89303,89.57945,2026-05-31 04:52:39,19.352,15.035,1024.984,72.054,SYNTHETIC_DEMO_DATA
4245,Chennai Coast,12.89538,80.44549,2026-05-31 07:47:31,10.98,4.028,1012.31,66.7,SYNTHETIC_DEMO_DATA
4246,Visakhapatnam,17.78764,83.08578,2026-05-31 10:42:22,5.347,11.022,1005.271,86.181,SYNTHETIC_DEMO_DATA
4247,Visakhapatnam,17.55635,83.11417,2026-05-31 13:37:13,12.617,9.13,1010.861,78.895,SYNTHETIC_DEMO_DATA
4248,Odisha Coast,19.71705,86.0849,2026-05-31 16:32:04,10.53,9.078,1003.506,84.503,SYNTHETIC_DEMO_DATA
4249,Lakshadweep,10.61439,72.48663,2026-05-31 19:26:55,7.472,0.0,1020.867,40.927,SYNTHETIC_DEMO_DATA
4250,Chennai Coast,13.0979,80.37535,2026-05-31 22:21:46,12.527,8.607,1027.135,50.808,SYNTHETIC_DEMO_DATA
4251,Kerala Coast,10.04611,76.24417,2026-06-01 01:16:37,25.233,49.727,995.496,93.057,SYNTHETIC_DEMO_DATA
4252,Chennai Coast,12.98668,80.27583,2026-06-01 04:11:28,26.031,33.818,1012.938,79.762,SYNTHETIC_DEMO_DATA
4253,Lakshadweep,10.61196,72.86829,2026-06-01 07:06:19,20.594,21.202,1000.296,74.861,SYNTHETIC_DEMO_DATA
4254,Chennai Coast,12.88849,80.14084,2026-06-01 10:01:10,14.727,32.423,1008.717,71.262,SYNTHETIC_DEMO_DATA
4255,Chennai Coast,13.01709,80.25267,2026-06-01 12:56:01,24.539,42.421,1007.998,77.923,SYNTHETIC_DEMO_DATA
4256,Chennai Coast,12.95576,79.91693,2026-06-01 15:50:52,8.637,22.897,1019.952,69.835,SYNTHETIC_DEMO_DATA
4257,Chennai Coast,12.91263,80.1257,2026-06-01 18:45:43,17.805,44.868,1013.712,86.423,SYNTHETIC_DEMO_DATA
4258,Sundarbans,22.00579,89.4206,2026-06-01 21:40:34,13.407,38.811,1013.912,72.084,SYNTHETIC_DEMO_DATA
4259,Gujarat Coast,22.25423,69.90731,2026-06-02 00:35:25,13.763,36.984,1010.213,88.799,SYNTHETIC_DEMO_DATA
4260,Sundarbans,21.9767,89.26953,2026-06-02 03:30:16,20.616,45.633,1003.422,78.069,SYNTHETIC_DEMO_DATA
4261,Visakhapatnam,17.67847,83.16899,2026-06-02 06:25:07,13.149,38.496,1012.886,100.0,SYNTHETIC_DEMO_DATA
4262,Visakhapatnam,17.81728,83.37721,2026-06-02 09:19:59,15.159,36.598,1015.933,100.0,SYNTHETIC_DEMO_DATA
4263,Visakhapatnam,17.50473,82.9815,2026-06-02 12:14:50,14.844,46.87,1012.175,78.002,SYNTHETIC_DEMO_DATA
4264,Goa Coast,15.5061,73.76258,2026-06-02 15:09:41,14.16,37.559,1009.288,100.0,SYNTHETIC_DEMO_DATA
4265,Mumbai Coast,18.99699,72.60213,2026-06-02 18:04:32,16.162,53.901,1006.461,95.884,SYNTHETIC_DEMO_DATA
4266,Lakshadweep,10.35673,72.68598,2026-06-02 20:59:23,17.477,29.862,1012.789,87.382,SYNTHETIC_DEMO_DATA
4267,Chennai Coast,12.93992,80.20178,2026-06-02 23:54:14,14.499,50.58,1013.687,100.0,SYNTHETIC_DEMO_DATA
4268,Lakshadweep,10.69028,72.23003,2026-06-03 02:49:05,19.742,39.458,1008.19,88.17,SYNTHETIC_DEMO_DATA
4269,Sundarbans,21.59594,89.26785,2026-06-03 05:43:56,11.24,41.331,1007.678,67.3,SYNTHETIC_DEMO_DATA
4270,Mumbai Coast,19.06692,72.69418,2026-06-03 08:38:47,17.581,51.698,992.915,83.264,SYNTHETIC_DEMO_DATA
4271,Goa Coast,15.29191,73.61842,2026-06-03 11:33:38,8.749,53.066,1012.376,91.69,SYNTHETIC_DEMO_DATA
4272,Mumbai Coast,19.08658,72.61351,2026-06-03 14:28:29,16.315,30.673,1017.846,66.032,SYNTHETIC_DEMO_DATA
4273,Lakshadweep,10.85628,72.82146,2026-06-03 17:23:20,17.288,43.909,1004.173,59.76,SYNTHETIC_DEMO_DATA
4274,Chennai Coast,12.94269,80.04451,2026-06-03 20:18:11,10.257,50.936,997.429,57.345,SYNTHETIC_DEMO_DATA
4275,Sundarbans,21.87452,89.46208,2026-06-03 23:13:02,10.901,55.381,1010.386,75.024,SYNTHETIC_DEMO_DATA
4276,Goa Coast,15.32851,74.08861,2026-06-04 02:07:53,21.903,49.721,1026.277,89.488,SYNTHETIC_DEMO_DATA
4277,Sundarbans,21.84573,89.24001,2026-06-04 05:02:44,29.971,52.005,1019.544,100.0,SYNTHETIC_DEMO_DATA
4278,Goa Coast,15.11795,73.83143,2026-06-04 07:57:35,17.03,45.424,1007.327,81.781,SYNTHETIC_DEMO_DATA
4279,Goa Coast,15.41872,73.96191,2026-06-04 10:52:27,12.287,52.587,1010.158,100.0,SYNTHETIC_DEMO_DATA
4280,Andaman & Nicobar,12.07309,92.8848,2026-06-04 13:47:18,13.9,40.575,1009.663,94.072,SYNTHETIC_DEMO_DATA
4281,Kerala Coast,9.80948,76.32526,2026-06-04 16:42:09,19.401,62.903,1012.765,100.0,SYNTHETIC_DEMO_DATA
4282,Andaman & Nicobar,11.85804,92.69646,2026-06-04 19:37:00,9.864,49.984,1011.948,64.828,SYNTHETIC_DEMO_DATA
4283,Odisha Coast,19.99168,85.9029,2026-06-04 22:31:51,27.464,44.732,1011.0,84.214,SYNTHETIC_DEMO_DATA
4284,Kerala Coast,9.67319,76.08379,2026-06-05 01:26:42,14.847,52.77,998.469,81.425,SYNTHETIC_DEMO_DATA
4285,Odisha Coast,20.00125,85.90832,2026-06-05 04:21:33,12.277,50.262,1010.72,84.621,SYNTHETIC_DEMO_DATA
4286,Goa Coast,15.60003,74.04594,2026-06-05 07:16:24,11.29,44.415,1012.66,100.0,SYNTHETIC_DEMO_DATA
4287,Goa Coast,15.29322,73.96432,2026-06-05 10:11:15,16.181,48.737,1017.936,95.457,SYNTHETIC_DEMO_DATA
4288,Andaman & Nicobar,11.82283,92.69661,2026-06-05 13:06:06,14.944,45.802,1000.796,83.554,SYNTHETIC_DEMO_DATA
4289,Goa Coast,15.48423,73.81154,2026-06-05 16:00:57,13.021,38.848,995.564,86.317,SYNTHETIC_DEMO_DATA
4290,Chennai Coast,13.0779,80.50026,2026-06-05 18:55:48,15.941,52.117,996.788,77.953,SYNTHETIC_DEMO_DATA
4291,Sundarbans,21.91083,89.21709,2026-06-05 21:50:39,15.959,55.71,1005.589,95.394,SYNTHETIC_DEMO_DATA
4292,Lakshadweep,10.84741,72.7438,2026-06-06 00:45:30,14.858,37.886,1007.77,85.624,SYNTHETIC_DEMO_DATA
4293,Kerala Coast,10.08777,76.45515,2026-06-06 03:40:21,21.01,40.968,1010.234,79.966,SYNTHETIC_DEMO_DATA
4294,Sundarbans,21.99166,89.09014,2026-06-06 06:35:12,16.934,53.075,1010.589,100.0,SYNTHETIC_DEMO_DATA
4295,Lakshadweep,10.37551,72.53983,2026-06-06 09:30:03,21.249,28.046,1014.16,75.406,SYNTHETIC_DEMO_DATA
4296,Lakshadweep,10.62163,72.61453,2026-06-06 12:24:55,13.332,33.254,995.595,97.606,SYNTHETIC_DEMO_DATA
4297,Kerala Coast,9.90988,76.79332,2026-06-06 15:19:46,15.899,53.273,1000.323,71.257,SYNTHETIC_DEMO_DATA
4298,Goa Coast,15.11579,73.76489,2026-06-06 18:14:37,16.662,36.819,1009.405,99.459,SYNTHETIC_DEMO_DATA
4299,Sundarbans,21.69303,89.10172,2026-06-06 21:09:28,14.423,47.451,1017.469,98.667,SYNTHETIC_DEMO_DATA
4300,Sundarbans,21.81085,89.18155,2026-06-07 00:04:19,12.806,51.907,997.299,93.472,SYNTHETIC_DEMO_DATA
4301,Visakhapatnam,17.51477,83.54708,2026-06-07 02:59:10,16.393,22.565,1012.324,73.392,SYNTHETIC_DEMO_DATA
4302,Gujarat Coast,22.1813,70.0819,2026-06-07 05:54:01,14.697,31.27,1020.022,91.546,SYNTHETIC_DEMO_DATA
4303,Odisha Coast,19.7469,85.93062,2026-06-07 08:48:52,15.354,58.165,1010.603,71.919,SYNTHETIC_DEMO_DATA
4304,Sundarbans,22.5416,89.074,2026-06-07 11:43:43,16.006,35.706,1027.353,85.293,SYNTHETIC_DEMO_DATA
4305,Gujarat Coast,22.26637,69.5899,2026-06-07 14:38:34,19.378,36.271,994.713,84.825,SYNTHETIC_DEMO_DATA
4306,Goa Coast,15.4998,73.85574,2026-06-07 17:33:25,21.035,48.292,999.964,69.072,SYNTHETIC_DEMO_DATA
4307,Goa Coast,15.76875,74.14258,2026-06-07 20:28:16,11.067,29.921,998.009,90.301,SYNTHETIC_DEMO_DATA
4308,Goa Coast,15.6743,73.49695,2026-06-07 23:23:07,21.17,29.143,1004.506,57.479,SYNTHETIC_DEMO_DATA
4309,Andaman & Nicobar,11.48652,92.63031,2026-06-08 02:17:58,19.336,41.461,1024.159,87.179,SYNTHETIC_DEMO_DATA
4310,Gujarat Coast,22.02626,69.52308,2026-06-08 05:12:49,24.622,27.234,1019.746,69.725,SYNTHETIC_DEMO_DATA
4311,Mumbai Coast,18.61299,73.07416,2026-06-08 08:07:40,15.796,56.682,998.545,91.929,SYNTHETIC_DEMO_DATA
4312,Andaman & Nicobar,11.72713,92.432,2026-06-08 11:02:31,17.724,43.923,1011.056,86.152,SYNTHETIC_DEMO_DATA
4313,Chennai Coast,13.09982,80.28306,2026-06-08 13:57:23,16.351,41.86,1003.664,98.701,SYNTHETIC_DEMO_DATA
4314,Sundarbans,22.19987,89.1245,2026-06-08 16:52:14,9.888,34.156,1004.604,94.633,SYNTHETIC_DEMO_DATA
4315,Goa Coast,15.46912,73.63424,2026-06-08 19:47:05,24.223,49.275,1002.992,82.817,SYNTHETIC_DEMO_DATA
4316,Visakhapatnam,17.66901,83.11438,2026-06-08 22:41:56,6.082,43.967,1028.531,77.639,SYNTHETIC_DEMO_DATA
4317,Lakshadweep,10.65407,72.54104,2026-06-09 01:36:47,18.268,29.93,1012.433,80.873,SYNTHETIC_DEMO_DATA
4318,Kerala Coast,9.84924,76.33773,2026-06-09 04:31:38,16.054,55.879,1005.504,76.564,SYNTHETIC_DEMO_DATA
4319,Andaman & Nicobar,11.99492,92.65414,2026-06-09 07:26:29,16.144,53.336,1011.032,77.665,SYNTHETIC_DEMO_DATA
4320,Sundarbans,22.08847,89.46755,2026-06-09 10:21:20,15.852,42.898,1003.139,87.111,SYNTHETIC_DEMO_DATA
4321,Gujarat Coast,22.5751,69.76695,2026-06-09 13:16:11,11.401,52.646,1003.575,84.375,SYNTHETIC_DEMO_DATA
4322,Kerala Coast,9.78711,76.50956,2026-06-09 16:11:02,19.48,60.236,992.82,74.38,SYNTHETIC_DEMO_DATA
4323,Kerala Coast,10.03658,76.30795,2026-06-09 19:05:53,12.943,45.502,1011.408,90.906,SYNTHETIC_DEMO_DATA
4324,Visakhapatnam,18.11236,83.29402,2026-06-09 22:00:44,12.023,27.876,1022.291,94.504,SYNTHETIC_DEMO_DATA
4325,Lakshadweep,10.31551,72.72651,2026-06-10 00:55:35,14.449,28.192,1011.812,63.827,SYNTHETIC_DEMO_DATA
4326,Chennai Coast,13.14105,80.08892,2026-06-10 03:50:26,14.483,30.904,1013.349,83.259,SYNTHETIC_DEMO_DATA
4327,Andaman & Nicobar,11.64956,92.64415,2026-06-10 06:45:17,12.925,38.921,996.572,68.826,SYNTHETIC_DEMO_DATA
4328,Kerala Coast,9.52863,76.07986,2026-06-10 09:40:08,19.993,55.798,1029.331,87.701,SYNTHETIC_DEMO_DATA
4329,Sundarbans,21.52909,89.55743,2026-06-10 12:34:59,18.263,51.608,996.419,84.88,SYNTHETIC_DEMO_DATA
4330,Andaman & Nicobar,11.94438,93.00596,2026-06-10 15:29:50,10.64,25.314,1009.439,86.049,SYNTHETIC_DEMO_DATA
4331,Odisha Coast,19.67111,85.85453,2026-06-10 18:24:42,15.179,58.079,998.977,96.578,SYNTHETIC_DEMO_DATA
4332,Visakhapatnam,17.50474,83.53953,2026-06-10 21:19:33,11.747,37.909,1019.679,82.853,SYNTHETIC_DEMO_DATA
4333,Andaman & Nicobar,11.73651,92.53356,2026-06-11 00:14:24,12.921,51.604,1010.839,76.991,SYNTHETIC_DEMO_DATA
4334,Andaman & Nicobar,11.8076,92.85386,2026-06-11 03:09:15,11.988,24.678,1013.55,78.239,SYNTHETIC_DEMO_DATA
4335,Lakshadweep,10.38925,72.93626,2026-06-11 06:04:06,10.503,43.546,1014.223,76.587,SYNTHETIC_DEMO_DATA
4336,Kerala Coast,10.06969,76.11094,2026-06-11 08:58:57,7.867,54.365,1015.457,99.721,SYNTHETIC_DEMO_DATA
4337,Goa Coast,15.498,73.64009,2026-06-11 11:53:48,26.564,35.464,1002.001,81.063,SYNTHETIC_DEMO_DATA
4338,Chennai Coast,12.97343,80.19318,2026-06-11 14:48:39,10.471,32.346,1003.225,73.57,SYNTHETIC_DEMO_DATA
4339,Goa Coast,15.80604,73.75345,2026-06-11 17:43:30,26.301,34.219,1018.49,58.216,SYNTHETIC_DEMO_DATA
4340,Mumbai Coast,18.92279,72.86159,2026-06-11 20:38:21,15.004,43.538,1012.578,71.631,SYNTHETIC_DEMO_DATA
4341,Sundarbans,21.81025,89.03311,2026-06-11 23:33:12,19.317,45.513,1019.998,82.836,SYNTHETIC_DEMO_DATA
4342,Kerala Coast,9.98284,76.56902,2026-06-12 02:28:03,16.777,45.251,1007.177,76.804,SYNTHETIC_DEMO_DATA
4343,Kerala Coast,10.03357,76.07613,2026-06-12 05:22:54,18.146,55.853,994.851,95.773,SYNTHETIC_DEMO_DATA
4344,Visakhapatnam,17.51726,83.58886,2026-06-12 08:17:45,19.974,43.583,1013.385,90.237,SYNTHETIC_DEMO_DATA
4345,Chennai Coast,12.92007,80.31164,2026-06-12 11:12:36,24.621,33.673,1008.195,72.963,SYNTHETIC_DEMO_DATA
4346,Mumbai Coast,18.80085,73.17744,2026-06-12 14:07:27,7.536,44.346,1007.14,97.133,SYNTHETIC_DEMO_DATA
4347,Sundarbans,21.84572,89.27067,2026-06-12 17:02:18,13.253,46.121,1012.277,89.356,SYNTHETIC_DEMO_DATA
4348,Odisha Coast,20.01164,85.95696,2026-06-12 19:57:10,19.96,64.825,999.615,97.09,SYNTHETIC_DEMO_DATA
4349,Goa Coast,15.28345,73.78463,2026-06-12 22:52:01,18.127,34.588,1011.908,65.187,SYNTHETIC_DEMO_DATA
4350,Chennai Coast,13.16186,80.35663,2026-06-13 01:46:52,9.085,37.357,1004.987,96.184,SYNTHETIC_DEMO_DATA
4351,Gujarat Coast,22.54951,69.41961,2026-06-13 04:41:43,23.377,47.907,1009.205,73.835,SYNTHETIC_DEMO_DATA
4352,Mumbai Coast,18.90807,72.49861,2026-06-13 07:36:34,17.795,44.892,1002.187,55.013,SYNTHETIC_DEMO_DATA
4353,Mumbai Coast,18.77314,72.64122,2026-06-13 10:31:25,7.605,41.522,1001.598,87.912,SYNTHETIC_DEMO_DATA
4354,Kerala Coast,10.02881,76.40194,2026-06-13 13:26:16,19.471,43.88,1002.535,63.888,SYNTHETIC_DEMO_DATA
4355,Kerala Coast,9.3013,76.43241,2026-06-13 16:21:07,26.002,59.055,1017.466,91.577,SYNTHETIC_DEMO_DATA
4356,Andaman & Nicobar,11.68259,92.55778,2026-06-13 19:15:58,8.645,42.379,996.061,91.839,SYNTHETIC_DEMO_DATA
4357,Lakshadweep,10.55586,72.49833,2026-06-13 22:10:49,14.817,48.664,1010.667,87.825,SYNTHETIC_DEMO_DATA
4358,Visakhapatnam,17.75556,83.12813,2026-06-14 01:05:40,13.36,45.616,1018.355,66.735,SYNTHETIC_DEMO_DATA
4359,Gujarat Coast,22.40244,69.66991,2026-06-14 04:00:31,19.583,50.816,1015.015,83.259,SYNTHETIC_DEMO_DATA
4360,Lakshadweep,10.41064,72.5127,2026-06-14 06:55:22,13.137,45.554,1015.381,72.148,SYNTHETIC_DEMO_DATA
4361,Sundarbans,21.69243,89.30474,2026-06-14 09:50:13,7.581,49.761,1023.537,91.27,SYNTHETIC_DEMO_DATA
4362,Goa Coast,15.33304,73.90456,2026-06-14 12:45:04,7.518,36.115,1007.595,100.0,SYNTHETIC_DEMO_DATA
4363,Kerala Coast,9.8383,76.13391,2026-06-14 15:39:55,21.376,57.634,1006.01,68.901,SYNTHETIC_DEMO_DATA
4364,Lakshadweep,10.47174,72.43752,2026-06-14 18:34:46,20.324,32.865,1008.501,79.766,SYNTHETIC_DEMO_DATA
4365,Mumbai Coast,18.87773,73.03677,2026-06-14 21:29:38,18.308,36.005,1003.055,95.977,SYNTHETIC_DEMO_DATA
4366,Andaman & Nicobar,11.74891,92.37061,2026-06-15 00:24:29,17.875,39.758,1015.069,70.065,SYNTHETIC_DEMO_DATA
4367,Odisha Coast,19.78712,86.05532,2026-06-15 03:19:20,14.115,45.309,1006.308,92.402,SYNTHETIC_DEMO_DATA
4368,Odisha Coast,19.95002,85.84761,2026-06-15 06:14:11,16.977,44.462,1006.609,95.003,SYNTHETIC_DEMO_DATA
4369,Lakshadweep,10.56098,72.56794,2026-06-15 09:09:02,11.985,37.508,1016.445,81.698,SYNTHETIC_DEMO_DATA
4370,Mumbai Coast,19.06042,72.81468,2026-06-15 12:03:53,9.873,46.996,1007.901,95.19,SYNTHETIC_DEMO_DATA
4371,Mumbai Coast,19.24297,72.90338,2026-06-15 14:58:44,16.729,56.604,1012.585,94.71,SYNTHETIC_DEMO_DATA
4372,Odisha Coast,19.67194,86.05687,2026-06-15 17:53:35,24.446,37.165,1001.576,92.964,SYNTHETIC_DEMO_DATA
4373,Visakhapatnam,17.56394,83.04309,2026-06-15 20:48:26,17.086,38.002,988.759,84.566,SYNTHETIC_DEMO_DATA
4374,Andaman & Nicobar,11.603,92.95192,2026-06-15 23:43:17,8.175,55.728,1003.547,97.055,SYNTHETIC_DEMO_DATA
4375,Chennai Coast,13.0152,80.14915,2026-06-16 02:38:08,26.596,48.112,1016.031,100.0,SYNTHETIC_DEMO_DATA
4376,Mumbai Coast,18.63394,72.60463,2026-06-16 05:32:59,6.144,44.558,1012.94,88.138,SYNTHETIC_DEMO_DATA
4377,Chennai Coast,13.06504,80.38184,2026-06-16 08:27:50,20.046,28.879,1012.84,73.8,SYNTHETIC_DEMO_DATA
4378,Visakhapatnam,17.47802,83.42103,2026-06-16 11:22:41,10.96,33.009,1025.373,100.0,SYNTHETIC_DEMO_DATA
4379,Odisha Coast,19.81409,86.08111,2026-06-16 14:17:32,16.672,48.006,1013.611,74.505,SYNTHETIC_DEMO_DATA
4380,Lakshadweep,10.56748,72.3686,2026-06-16 17:12:23,18.508,51.579,1003.308,100.0,SYNTHETIC_DEMO_DATA
4381,Lakshadweep,10.59739,72.20075,2026-06-16 20:07:14,21.899,43.758,1012.252,90.028,SYNTHETIC_DEMO_DATA
4382,Odisha Coast,19.74335,85.87365,2026-06-16 23:02:06,17.218,25.583,1002.712,75.272,SYNTHETIC_DEMO_DATA
4383,Chennai Coast,13.04498,80.0875,2026-06-17 01:56:57,13.643,43.006,1004.114,81.34,SYNTHETIC_DEMO_DATA
4384,Mumbai Coast,18.6962,72.81918,2026-06-17 04:51:48,4.816,58.995,1004.979,78.857,SYNTHETIC_DEMO_DATA
4385,Chennai Coast,13.23804,80.42383,2026-06-17 07:46:39,24.328,49.11,1008.636,64.925,SYNTHETIC_DEMO_DATA
4386,Goa Coast,15.36983,73.62414,2026-06-17 10:41:30,15.695,33.323,1005.205,64.904,SYNTHETIC_DEMO_DATA
4387,Visakhapatnam,17.59878,83.49041,2026-06-17 13:36:21,18.541,44.17,1005.056,100.0,SYNTHETIC_DEMO_DATA
4388,Sundarbans,21.91836,89.41141,2026-06-17 16:31:12,17.698,53.386,999.974,74.945,SYNTHETIC_DEMO_DATA
4389,Chennai Coast,13.11824,80.6624,2026-06-17 19:26:03,18.185,45.013,996.585,68.642,SYNTHETIC_DEMO_DATA
4390,Mumbai Coast,18.69544,72.71998,2026-06-17 22:20:54,15.341,41.666,1019.624,95.311,SYNTHETIC_DEMO_DATA
4391,Odisha Coast,19.68522,85.82107,2026-06-18 01:15:45,17.577,58.42,989.797,73.795,SYNTHETIC_DEMO_DATA
4392,Andaman & Nicobar,11.50693,92.72775,2026-06-18 04:10:36,15.718,44.039,1024.409,90.547,SYNTHETIC_DEMO_DATA
4393,Sundarbans,21.88794,88.84853,2026-06-18 07:05:27,11.02,47.064,1005.499,87.893,SYNTHETIC_DEMO_DATA
4394,Sundarbans,22.0432,89.27975,2026-06-18 10:00:18,1.5,58.464,1012.89,76.842,SYNTHETIC_DEMO_DATA
4395,Mumbai Coast,19.12909,72.83262,2026-06-18 12:55:09,27.838,40.782,1018.626,79.628,SYNTHETIC_DEMO_DATA
4396,Mumbai Coast,18.8982,72.70813,2026-06-18 15:50:00,10.276,39.962,1010.717,73.565,SYNTHETIC_DEMO_DATA
4397,Visakhapatnam,17.68956,83.34513,2026-06-18 18:44:51,22.98,21.038,1013.687,55.3,SYNTHETIC_DEMO_DATA
4398,Visakhapatnam,17.85604,83.46621,2026-06-18 21:39:42,12.887,46.952,994.63,89.438,SYNTHETIC_DEMO_DATA
4399,Sundarbans,21.92523,89.03655,2026-06-19 00:34:34,19.342,62.449,995.864,89.358,SYNTHETIC_DEMO_DATA
4400,Gujarat Coast,21.97726,69.84557,2026-06-19 03:29:25,18.04,43.882,1018.518,91.881,SYNTHETIC_DEMO_DATA
4401,Chennai Coast,12.9557,79.70205,2026-06-19 06:24:16,18.563,44.225,1011.806,90.681,SYNTHETIC_DEMO_DATA
4402,Odisha Coast,20.14665,85.73779,2026-06-19 09:19:07,22.153,47.918,1010.476,85.469,SYNTHETIC_DEMO_DATA
4403,Chennai Coast,13.09853,80.11112,2026-06-19 12:13:58,18.714,36.62,1006.454,70.725,SYNTHETIC_DEMO_DATA
4404,Lakshadweep,10.34765,72.68253,2026-06-19 15:08:49,7.482,29.451,1000.362,93.007,SYNTHETIC_DEMO_DATA
4405,Visakhapatnam,18.41698,83.38806,2026-06-19 18:03:40,22.136,41.997,1017.976,86.517,SYNTHETIC_DEMO_DATA
4406,Andaman & Nicobar,11.65574,92.46607,2026-06-19 20:58:31,24.48,44.659,1002.166,66.655,SYNTHETIC_DEMO_DATA
4407,Visakhapatnam,17.42502,83.08176,2026-06-19 23:53:22,9.877,45.067,1008.478,85.067,SYNTHETIC_DEMO_DATA
4408,Odisha Coast,20.00659,85.86343,2026-06-20 02:48:13,17.364,36.028,1014.901,68.51,SYNTHETIC_DEMO_DATA
4409,Visakhapatnam,17.41134,83.09418,2026-06-20 05:43:04,12.958,35.66,1010.318,98.815,SYNTHETIC_DEMO_DATA
4410,Chennai Coast,13.21649,79.95819,2026-06-20 08:37:55,21.802,45.366,1015.571,94.624,SYNTHETIC_DEMO_DATA
4411,Odisha Coast,19.45776,85.84884,2026-06-20 11:32:46,16.777,46.568,1018.115,75.908,SYNTHETIC_DEMO_DATA
4412,Mumbai Coast,19.15022,73.09639,2026-06-20 14:27:37,15.247,49.989,1017.631,99.249,SYNTHETIC_DEMO_DATA
4413,Chennai Coast,13.15414,80.23009,2026-06-20 17:22:28,12.491,41.632,1010.097,62.914,SYNTHETIC_DEMO_DATA
4414,Goa Coast,15.73129,73.75518,2026-06-20 20:17:19,15.902,40.23,999.837,91.513,SYNTHETIC_DEMO_DATA
4415,Kerala Coast,9.39695,76.13538,2026-06-20 23:12:10,18.627,53.086,1001.28,100.0,SYNTHETIC_DEMO_DATA
4416,Kerala Coast,9.97227,76.43063,2026-06-21 02:07:02,19.762,40.359,1007.17,92.371,SYNTHETIC_DEMO_DATA
4417,Kerala Coast,9.58472,76.1255,2026-06-21 05:01:53,19.819,36.962,1009.856,83.779,SYNTHETIC_DEMO_DATA
4418,Odisha Coast,19.95546,85.79488,2026-06-21 07:56:44,20.535,29.267,992.723,77.183,SYNTHETIC_DEMO_DATA
4419,Goa Coast,15.60101,73.53673,2026-06-21 10:51:35,5.442,38.092,1008.092,78.961,SYNTHETIC_DEMO_DATA
4420,Odisha Coast,19.76227,85.91931,2026-06-21 13:46:26,11.724,32.104,1023.24,97.599,SYNTHETIC_DEMO_DATA
4421,Goa Coast,15.41612,73.77013,2026-06-21 16:41:17,20.141,48.722,1004.093,85.442,SYNTHETIC_DEMO_DATA
4422,Lakshadweep,10.75352,72.39611,2026-06-21 19:36:08,15.048,26.981,1014.101,85.577,SYNTHETIC_DEMO_DATA
4423,Goa Coast,15.40273,73.76705,2026-06-21 22:30:59,9.031,41.985,1005.995,78.773,SYNTHETIC_DEMO_DATA
4424,Kerala Coast,9.94314,75.91035,2026-06-22 01:25:50,10.13,57.433,996.84,73.797,SYNTHETIC_DEMO_DATA
4425,Chennai Coast,12.64869,80.37386,2026-06-22 04:20:41,12.803,35.997,996.586,83.674,SYNTHETIC_DEMO_DATA
4426,Andaman & Nicobar,11.27464,92.53791,2026-06-22 07:15:32,17.449,46.376,1004.914,96.486,SYNTHETIC_DEMO_DATA
4427,Visakhapatnam,17.38278,82.87358,2026-06-22 10:10:23,12.663,31.963,1011.764,73.092,SYNTHETIC_DEMO_DATA
4428,Kerala Coast,9.93715,76.18772,2026-06-22 13:05:14,14.934,44.376,1010.169,97.082,SYNTHETIC_DEMO_DATA
4429,Goa Coast,15.80997,74.05914,2026-06-22 16:00:05,18.731,47.397,994.559,72.65,SYNTHETIC_DEMO_DATA
4430,Lakshadweep,10.94104,72.83384,2026-06-22 18:54:56,12.63,42.413,1004.597,89.549,SYNTHETIC_DEMO_DATA
4431,Lakshadweep,10.31058,72.71204,2026-06-22 21:49:47,21.019,39.652,1005.983,96.787,SYNTHETIC_DEMO_DATA
4432,Sundarbans,21.65398,89.3626,2026-06-23 00:44:38,13.801,42.601,1017.187,84.738,SYNTHETIC_DEMO_DATA
4433,Andaman & Nicobar,11.97731,92.27335,2026-06-23 03:39:29,18.172,42.771,1006.017,62.335,SYNTHETIC_DEMO_DATA
4434,Odisha Coast,20.03978,86.29416,2026-06-23 06:34:21,15.479,49.602,1017.505,61.169,SYNTHETIC_DEMO_DATA
4435,Mumbai Coast,19.02911,72.65598,2026-06-23 09:29:12,3.737,49.621,1021.67,77.691,SYNTHETIC_DEMO_DATA
4436,Lakshadweep,10.69211,72.75367,2026-06-23 12:24:03,15.484,31.784,1017.605,100.0,SYNTHETIC_DEMO_DATA
4437,Gujarat Coast,22.23443,69.57886,2026-06-23 15:18:54,17.567,37.63,1002.559,75.571,SYNTHETIC_DEMO_DATA
4438,Lakshadweep,10.25546,72.6723,2026-06-23 18:13:45,10.178,42.095,1000.356,81.408,SYNTHETIC_DEMO_DATA
4439,Chennai Coast,13.48798,80.18566,2026-06-23 21:08:36,13.035,30.033,1006.09,76.54,SYNTHETIC_DEMO_DATA
4440,Chennai Coast,13.03895,80.49182,2026-06-24 00:03:27,23.069,34.555,1007.34,80.865,SYNTHETIC_DEMO_DATA
4441,Chennai Coast,13.33265,80.03338,2026-06-24 02:58:18,12.545,27.415,994.301,71.527,SYNTHETIC_DEMO_DATA
4442,Chennai Coast,13.18959,80.31008,2026-06-24 05:53:09,25.412,37.751,1017.644,97.91,SYNTHETIC_DEMO_DATA
4443,Gujarat Coast,21.88847,69.94372,2026-06-24 08:48:00,24.54,28.557,1001.412,67.522,SYNTHETIC_DEMO_DATA
4444,Kerala Coast,9.92001,76.29092,2026-06-24 11:42:51,25.997,50.586,999.463,76.581,SYNTHETIC_DEMO_DATA
4445,Goa Coast,14.81195,73.82152,2026-06-24 14:37:42,26.298,40.115,1006.812,45.665,SYNTHETIC_DEMO_DATA
4446,Kerala Coast,9.55709,76.47749,2026-06-24 17:32:33,17.655,43.312,1003.694,86.963,SYNTHETIC_DEMO_DATA
4447,Chennai Coast,12.98165,80.09999,2026-06-24 20:27:24,16.105,36.435,1016.946,91.52,SYNTHETIC_DEMO_DATA
4448,Odisha Coast,19.84396,85.85758,2026-06-24 23:22:15,20.21,34.753,1001.343,82.726,SYNTHETIC_DEMO_DATA
4449,Mumbai Coast,19.14188,72.98296,2026-06-25 02:17:06,26.381,40.811,1016.546,84.962,SYNTHETIC_DEMO_DATA
4450,Andaman & Nicobar,11.62593,92.77399,2026-06-25 05:11:57,15.101,46.401,1017.788,80.64,SYNTHETIC_DEMO_DATA
4451,Andaman & Nicobar,11.40323,92.39951,2026-06-25 08:06:49,14.931,43.04,1007.582,100.0,SYNTHETIC_DEMO_DATA
4452,Visakhapatnam,17.65442,83.35072,2026-06-25 11:01:40,12.618,31.231,1015.69,100.0,SYNTHETIC_DEMO_DATA
4453,Kerala Coast,9.66669,76.41147,2026-06-25 13:56:31,13.765,50.662,1010.461,89.936,SYNTHETIC_DEMO_DATA
4454,Goa Coast,15.47227,73.62376,2026-06-25 16:51:22,14.808,51.919,997.453,81.125,SYNTHETIC_DEMO_DATA
4455,Gujarat Coast,22.22097,69.44697,2026-06-25 19:46:13,15.839,10.968,1010.483,87.515,SYNTHETIC_DEMO_DATA
4456,Sundarbans,21.66136,89.64394,2026-06-25 22:41:04,6.374,34.314,1016.322,75.546,SYNTHETIC_DEMO_DATA
4457,Mumbai Coast,18.71826,72.63354,2026-06-26 01:35:55,12.149,28.746,1005.508,83.217,SYNTHETIC_DEMO_DATA
4458,Sundarbans,21.9611,89.04107,2026-06-26 04:30:46,21.258,48.272,1006.262,72.299,SYNTHETIC_DEMO_DATA
4459,Odisha Coast,19.53752,85.57963,2026-06-26 07:25:37,22.901,43.781,1007.098,72.606,SYNTHETIC_DEMO_DATA
4460,Gujarat Coast,22.25973,69.45849,2026-06-26 10:20:28,23.795,34.869,1015.7,75.858,SYNTHETIC_DEMO_DATA
4461,Odisha Coast,20.02299,85.48432,2026-06-26 13:15:19,21.018,58.102,1016.742,88.083,SYNTHETIC_DEMO_DATA
4462,Chennai Coast,13.00453,80.34372,2026-06-26 16:10:10,15.315,31.026,1020.247,83.733,SYNTHETIC_DEMO_DATA
4463,Mumbai Coast,18.88093,72.8414,2026-06-26 19:05:01,17.165,61.172,992.229,93.109,SYNTHETIC_DEMO_DATA
4464,Gujarat Coast,22.0131,69.28601,2026-06-26 21:59:52,19.113,27.476,1011.694,88.87,SYNTHETIC_DEMO_DATA
4465,Kerala Coast,9.72005,76.29806,2026-06-27 00:54:43,16.808,49.681,999.349,98.858,SYNTHETIC_DEMO_DATA
4466,Sundarbans,22.22425,89.20498,2026-06-27 03:49:34,15.309,61.653,1015.152,85.507,SYNTHETIC_DEMO_DATA
4467,Goa Coast,15.43361,73.83009,2026-06-27 06:44:25,4.727,35.639,1003.103,64.295,SYNTHETIC_DEMO_DATA
4468,Lakshadweep,10.72837,72.60722,2026-06-27 09:39:17,11.407,25.68,999.006,67.988,SYNTHETIC_DEMO_DATA
4469,Andaman & Nicobar,11.75377,92.5376,2026-06-27 12:34:08,23.816,31.027,1014.369,95.059,SYNTHETIC_DEMO_DATA
4470,Goa Coast,15.27058,73.66036,2026-06-27 15:28:59,24.518,38.468,1008.378,71.026,SYNTHETIC_DEMO_DATA
4471,Kerala Coast,10.05962,76.05412,2026-06-27 18:23:50,14.593,42.319,1028.082,88.5,SYNTHETIC_DEMO_DATA
4472,Andaman & Nicobar,11.49998,92.64374,2026-06-27 21:18:41,19.345,31.638,1023.934,92.221,SYNTHETIC_DEMO_DATA
4473,Kerala Coast,10.07396,76.48205,2026-06-28 00:13:32,15.164,55.427,1010.317,90.573,SYNTHETIC_DEMO_DATA
4474,Odisha Coast,19.53957,85.73674,2026-06-28 03:08:23,22.098,40.102,1006.039,62.537,SYNTHETIC_DEMO_DATA
4475,Andaman & Nicobar,11.96606,92.70231,2026-06-28 06:03:14,19.025,44.5,1002.849,56.909,SYNTHETIC_DEMO_DATA
4476,Chennai Coast,13.25211,80.30853,2026-06-28 08:58:05,18.146,46.733,1004.874,86.954,SYNTHETIC_DEMO_DATA
4477,Lakshadweep,10.87552,72.55604,2026-06-28 11:52:56,15.727,34.606,1013.276,74.938,SYNTHETIC_DEMO_DATA
4478,Chennai Coast,13.21708,80.13479,2026-06-28 14:47:47,11.752,45.384,1002.017,81.455,SYNTHETIC_DEMO_DATA
4479,Andaman & Nicobar,11.71381,92.85044,2026-06-28 17:42:38,23.35,40.655,1005.941,93.291,SYNTHETIC_DEMO_DATA
4480,Mumbai Coast,19.13492,72.85211,2026-06-28 20:37:29,11.007,48.297,1001.294,67.767,SYNTHETIC_DEMO_DATA
4481,Kerala Coast,9.74019,76.22978,2026-06-28 23:32:20,14.003,40.334,1007.407,93.849,SYNTHETIC_DEMO_DATA
4482,Visakhapatnam,17.55496,83.40969,2026-06-29 02:27:11,16.929,39.851,1004.96,85.317,SYNTHETIC_DEMO_DATA
4483,Andaman & Nicobar,11.55545,92.73785,2026-06-29 05:22:02,16.959,47.418,1002.418,77.046,SYNTHETIC_DEMO_DATA
4484,Sundarbans,21.86596,89.56806,2026-06-29 08:16:53,13.22,56.565,1017.776,90.691,SYNTHETIC_DEMO_DATA
4485,Kerala Coast,10.28259,76.35044,2026-06-29 11:11:45,11.142,48.363,999.994,68.523,SYNTHETIC_DEMO_DATA
4486,Chennai Coast,12.80184,80.2776,2026-06-29 14:06:36,20.4,37.484,1007.231,89.782,SYNTHETIC_DEMO_DATA
4487,Mumbai Coast,18.89969,72.78669,2026-06-29 17:01:27,13.766,45.716,1002.91,78.174,SYNTHETIC_DEMO_DATA
4488,Visakhapatnam,17.55923,83.29511,2026-06-29 19:56:18,7.868,46.316,1009.705,100.0,SYNTHETIC_DEMO_DATA
4489,Gujarat Coast,22.34759,69.60682,2026-06-29 22:51:09,24.668,42.287,1026.804,72.448,SYNTHETIC_DEMO_DATA
4490,Chennai Coast,13.25673,80.11868,2026-06-30 01:46:00,18.322,17.977,1031.204,67.139,SYNTHETIC_DEMO_DATA
4491,Odisha Coast,20.14829,85.74693,2026-06-30 04:40:51,20.095,44.23,1000.54,100.0,SYNTHETIC_DEMO_DATA
4492,Odisha Coast,19.64439,85.80074,2026-06-30 07:35:42,8.2,42.582,1004.46,89.356,SYNTHETIC_DEMO_DATA
4493,Gujarat Coast,22.07651,69.48372,2026-06-30 10:30:33,26.28,21.215,1000.102,91.152,SYNTHETIC_DEMO_DATA
4494,Visakhapatnam,17.62748,82.97242,2026-06-30 13:25:24,17.405,43.621,1018.589,100.0,SYNTHETIC_DEMO_DATA
4495,Chennai Coast,13.2054,80.19901,2026-06-30 16:20:15,12.179,35.21,1000.365,74.239,SYNTHETIC_DEMO_DATA
4496,Gujarat Coast,22.52295,69.29796,2026-06-30 19:15:06,13.835,29.554,1010.102,82.805,SYNTHETIC_DEMO_DATA
4497,Chennai Coast,12.97056,80.13387,2026-06-30 22:09:57,17.844,47.673,1004.193,100.0,SYNTHETIC_DEMO_DATA
4498,Chennai Coast,13.31708,79.70439,2026-07-01 01:04:48,15.877,40.111,1003.602,60.949,SYNTHETIC_DEMO_DATA
4499,Visakhapatnam,17.65122,83.48209,2026-07-01 03:59:39,15.533,34.582,1006.296,86.418,SYNTHETIC_DEMO_DATA
4500,Chennai Coast,12.80861,80.05371,2026-07-01 06:54:30,10.868,30.991,1008.654,80.005,SYNTHETIC_DEMO_DATA
4501,Gujarat Coast,22.74459,69.78037,2026-07-01 09:49:21,17.783,33.811,1013.851,65.272,SYNTHETIC_DEMO_DATA
4502,Mumbai Coast,19.07997,73.17291,2026-07-01 12:44:13,19.261,43.226,1006.457,71.411,SYNTHETIC_DEMO_DATA
4503,Lakshadweep,10.47174,72.70651,2026-07-01 15:39:04,11.966,28.139,1006.299,99.004,SYNTHETIC_DEMO_DATA
4504,Goa Coast,15.20865,73.89472,2026-07-01 18:33:55,12.003,45.634,1009.542,86.995,SYNTHETIC_DEMO_DATA
4505,Sundarbans,22.21311,89.21099,2026-07-01 21:28:46,24.113,60.457,1008.398,79.781,SYNTHETIC_DEMO_DATA
4506,Chennai Coast,13.32934,80.70477,2026-07-02 00:23:37,17.78,37.097,1012.937,74.243,SYNTHETIC_DEMO_DATA
4507,Visakhapatnam,17.18762,83.11027,2026-07-02 03:18:28,19.431,30.004,999.316,87.438,SYNTHETIC_DEMO_DATA
4508,Mumbai Coast,18.83428,72.62312,2026-07-02 06:13:19,13.471,50.827,1019.476,100.0,SYNTHETIC_DEMO_DATA
4509,Visakhapatnam,17.85026,83.34285,2026-07-02 09:08:10,16.018,41.753,1026.531,68.176,SYNTHETIC_DEMO_DATA
4510,Lakshadweep,10.55096,72.345,2026-07-02 12:03:01,24.705,45.641,1020.282,89.419,SYNTHETIC_DEMO_DATA
4511,Visakhapatnam,17.55939,83.46546,2026-07-02 14:57:52,6.592,32.979,1033.429,83.81,SYNTHETIC_DEMO_DATA
4512,Mumbai Coast,18.81144,72.8798,2026-07-02 17:52:43,16.411,42.368,1003.54,60.884,SYNTHETIC_DEMO_DATA
4513,Odisha Coast,20.07671,85.98341,2026-07-02 20:47:34,17.243,45.932,1014.322,76.759,SYNTHETIC_DEMO_DATA
4514,Lakshadweep,10.72354,72.82759,2026-07-02 23:42:25,21.81,25.073,1008.292,61.833,SYNTHETIC_DEMO_DATA
4515,Lakshadweep,10.65222,72.87224,2026-07-03 02:37:16,20.378,37.144,996.578,74.733,SYNTHETIC_DEMO_DATA
4516,Goa Coast,15.43812,74.04924,2026-07-03 05:32:07,22.906,32.874,1019.922,75.507,SYNTHETIC_DEMO_DATA
4517,Chennai Coast,12.70695,80.64876,2026-07-03 08:26:58,19.65,58.911,1012.481,92.339,SYNTHETIC_DEMO_DATA
4518,Sundarbans,21.78085,89.18158,2026-07-03 11:21:49,19.018,45.325,1007.243,62.56,SYNTHETIC_DEMO_DATA
4519,Goa Coast,15.37842,73.54477,2026-07-03 14:16:41,20.424,40.819,1008.561,74.805,SYNTHETIC_DEMO_DATA
4520,Kerala Coast,9.78094,76.48662,2026-07-03 17:11:32,13.318,59.79,997.993,61.331,SYNTHETIC_DEMO_DATA
4521,Lakshadweep,10.40407,72.64363,2026-07-03 20:06:23,16.315,43.694,1005.644,94.983,SYNTHETIC_DEMO_DATA
4522,Gujarat Coast,22.60183,69.71683,2026-07-03 23:01:14,8.349,31.722,1014.448,80.576,SYNTHETIC_DEMO_DATA
4523,Mumbai Coast,19.14387,73.00919,2026-07-04 01:56:05,10.405,44.082,1020.768,86.908,SYNTHETIC_DEMO_DATA
4524,Lakshadweep,10.41469,72.61249,2026-07-04 04:50:56,19.593,26.182,1003.071,73.081,SYNTHETIC_DEMO_DATA
4525,Andaman & Nicobar,12.04452,92.29787,2026-07-04 07:45:47,16.099,45.563,1014.412,74.785,SYNTHETIC_DEMO_DATA
4526,Kerala Coast,9.90907,76.22395,2026-07-04 10:40:38,17.794,51.291,1000.688,85.213,SYNTHETIC_DEMO_DATA
4527,Sundarbans,22.03099,88.96901,2026-07-04 13:35:29,3.425,46.422,1008.481,85.523,SYNTHETIC_DEMO_DATA
4528,Sundarbans,21.99514,89.07174,2026-07-04 16:30:20,20.219,64.093,997.341,92.939,SYNTHETIC_DEMO_DATA
4529,Kerala Coast,9.81435,76.26162,2026-07-04 19:25:11,11.273,50.278,1009.548,58.095,SYNTHETIC_DEMO_DATA
4530,Mumbai Coast,18.91202,73.06454,2026-07-04 22:20:02,21.409,56.19,1010.834,91.184,SYNTHETIC_DEMO_DATA
4531,Sundarbans,21.85831,89.29433,2026-07-05 01:14:53,15.785,49.538,1011.538,89.789,SYNTHETIC_DEMO_DATA
4532,Odisha Coast,20.12482,85.69007,2026-07-05 04:09:44,19.844,42.375,1023.038,84.835,SYNTHETIC_DEMO_DATA
4533,Goa Coast,15.53102,73.57107,2026-07-05 07:04:35,18.857,46.448,1003.908,67.453,SYNTHETIC_DEMO_DATA
4534,Goa Coast,15.5467,73.8138,2026-07-05 09:59:26,24.823,42.402,999.447,84.228,SYNTHETIC_DEMO_DATA
4535,Sundarbans,22.16609,89.01325,2026-07-05 12:54:17,16.616,45.974,1007.292,90.555,SYNTHETIC_DEMO_DATA
4536,Mumbai Coast,19.17602,72.84302,2026-07-05 15:49:08,7.567,46.456,1007.243,98.646,SYNTHETIC_DEMO_DATA
4537,Sundarbans,21.99109,89.28812,2026-07-05 18:44:00,19.79,38.342,1007.633,95.217,SYNTHETIC_DEMO_DATA
4538,Goa Coast,15.43543,73.83356,2026-07-05 21:38:51,22.71,39.063,1021.937,83.653,SYNTHETIC_DEMO_DATA
4539,Andaman & Nicobar,11.60088,92.43921,2026-07-06 00:33:42,17.818,51.194,1012.989,100.0,SYNTHETIC_DEMO_DATA
4540,Andaman & Nicobar,11.69954,92.57792,2026-07-06 03:28:33,22.456,46.892,1019.243,78.121,SYNTHETIC_DEMO_DATA
4541,Mumbai Coast,19.03632,72.99929,2026-07-06 06:23:24,19.766,48.464,1006.036,93.862,SYNTHETIC_DEMO_DATA
4542,Gujarat Coast,22.30582,69.9193,2026-07-06 09:18:15,7.464,35.912,1014.049,82.269,SYNTHETIC_DEMO_DATA
4543,Lakshadweep,10.45404,72.80147,2026-07-06 12:13:06,17.932,48.805,1000.489,75.145,SYNTHETIC_DEMO_DATA
4544,Gujarat Coast,22.37333,69.6839,2026-07-06 15:07:57,18.707,27.876,993.334,86.816,SYNTHETIC_DEMO_DATA
4545,Kerala Coast,9.8812,76.12672,2026-07-06 18:02:48,1.586,52.489,1018.0,92.52,SYNTHETIC_DEMO_DATA
4546,Goa Coast,15.5629,73.76716,2026-07-06 20:57:39,15.077,32.584,1000.909,82.346,SYNTHETIC_DEMO_DATA
4547,Mumbai Coast,18.77097,73.18456,2026-07-06 23:52:30,23.256,40.552,1006.693,96.906,SYNTHETIC_DEMO_DATA
4548,Andaman & Nicobar,11.42529,92.69666,2026-07-07 02:47:21,17.403,19.571,1010.019,76.132,SYNTHETIC_DEMO_DATA
4549,Mumbai Coast,19.21411,72.8752,2026-07-07 05:42:12,13.538,37.971,1007.486,73.043,SYNTHETIC_DEMO_DATA
4550,Andaman & Nicobar,12.15391,92.66338,2026-07-07 08:37:03,12.11,41.008,1003.663,62.934,SYNTHETIC_DEMO_DATA
4551,Sundarbans,22.03527,89.33923,2026-07-07 11:31:54,14.826,62.1,1017.918,80.92,SYNTHETIC_DEMO_DATA
4552,Sundarbans,22.09967,89.14965,2026-07-07 14:26:45,14.598,37.765,1008.247,73.24,SYNTHETIC_DEMO_DATA
4553,Sundarbans,21.75613,89.19738,2026-07-07 17:21:36,19.213,45.875,1015.271,86.265,SYNTHETIC_DEMO_DATA
4554,Mumbai Coast,19.20596,73.03662,2026-07-07 20:16:28,16.639,49.551,1006.253,74.621,SYNTHETIC_DEMO_DATA
4555,Goa Coast,15.35782,73.84975,2026-07-07 23:11:19,19.009,33.721,1019.324,83.876,SYNTHETIC_DEMO_DATA
4556,Visakhapatnam,17.70509,83.27591,2026-07-08 02:06:10,12.224,35.391,1005.194,91.609,SYNTHETIC_DEMO_DATA
4557,Odisha Coast,20.0542,86.13178,2026-07-08 05:01:01,14.811,39.929,995.431,62.652,SYNTHETIC_DEMO_DATA
4558,Andaman & Nicobar,11.51563,92.44805,2026-07-08 07:55:52,10.747,50.94,1019.414,94.866,SYNTHETIC_DEMO_DATA
4559,Goa Coast,15.32665,73.71347,2026-07-08 10:50:43,22.948,43.247,1013.566,97.964,SYNTHETIC_DEMO_DATA
4560,Gujarat Coast,22.12529,69.47927,2026-07-08 13:45:34,13.112,32.821,1010.602,61.84,SYNTHETIC_DEMO_DATA
4561,Kerala Coast,9.88564,76.11711,2026-07-08 16:40:25,15.234,53.821,1001.924,73.113,SYNTHETIC_DEMO_DATA
4562,Kerala Coast,10.12895,76.5143,2026-07-08 19:35:16,24.136,51.748,1003.51,95.969,SYNTHETIC_DEMO_DATA
4563,Sundarbans,22.20042,89.39188,2026-07-08 22:30:07,25.996,58.73,998.039,74.131,SYNTHETIC_DEMO_DATA
4564,Odisha Coast,19.56997,85.91143,2026-07-09 01:24:58,15.67,43.5,1011.387,62.383,SYNTHETIC_DEMO_DATA
4565,Andaman & Nicobar,11.62295,92.54797,2026-07-09 04:19:49,25.373,49.005,1016.858,73.472,SYNTHETIC_DEMO_DATA
4566,Chennai Coast,12.73923,80.17416,2026-07-09 07:14:40,19.059,29.871,1006.834,88.071,SYNTHETIC_DEMO_DATA
4567,Goa Coast,15.20835,73.78645,2026-07-09 10:09:31,20.162,29.845,1011.397,90.898,SYNTHETIC_DEMO_DATA
4568,Goa Coast,15.4062,73.73044,2026-07-09 13:04:22,9.213,28.568,1018.812,54.831,SYNTHETIC_DEMO_DATA
4569,Chennai Coast,13.09206,80.39064,2026-07-09 15:59:13,14.475,42.863,1010.253,65.286,SYNTHETIC_DEMO_DATA
4570,Visakhapatnam,17.39543,83.29268,2026-07-09 18:54:04,10.655,40.453,1015.731,66.103,SYNTHETIC_DEMO_DATA
4571,Gujarat Coast,22.66563,69.82492,2026-07-09 21:48:56,19.279,43.546,1001.664,70.755,SYNTHETIC_DEMO_DATA
4572,Sundarbans,21.98741,89.33356,2026-07-10 00:43:47,14.39,40.249,995.624,88.841,SYNTHETIC_DEMO_DATA
4573,Kerala Coast,9.84338,76.34756,2026-07-10 03:38:38,17.844,51.512,996.663,93.31,SYNTHETIC_DEMO_DATA
4574,Andaman & Nicobar,11.96989,92.73596,2026-07-10 06:33:29,4.715,27.286,1008.426,99.997,SYNTHETIC_DEMO_DATA
4575,Goa Coast,15.74177,73.66102,2026-07-10 09:28:20,18.999,44.12,998.26,75.516,SYNTHETIC_DEMO_DATA
4576,Goa Coast,15.7406,73.89286,2026-07-10 12:23:11,11.568,38.266,998.215,58.028,SYNTHETIC_DEMO_DATA
4577,Sundarbans,21.96838,89.12466,2026-07-10 15:18:02,28.401,56.09,1010.444,76.649,SYNTHETIC_DEMO_DATA
4578,Odisha Coast,19.81368,85.94602,2026-07-10 18:12:53,17.661,33.26,1018.029,72.614,SYNTHETIC_DEMO_DATA
4579,Visakhapatnam,17.99535,83.39787,2026-07-10 21:07:44,16.094,42.154,1005.78,79.82,SYNTHETIC_DEMO_DATA
4580,Visakhapatnam,17.70868,83.15491,2026-07-11 00:02:35,12.609,35.348,1005.169,75.569,SYNTHETIC_DEMO_DATA
4581,Odisha Coast,19.86369,85.65739,2026-07-11 02:57:26,11.493,40.913,1013.904,90.503,SYNTHETIC_DEMO_DATA
4582,Lakshadweep,10.5826,72.45457,2026-07-11 05:52:17,18.448,45.736,1024.595,100.0,SYNTHETIC_DEMO_DATA
4583,Odisha Coast,20.14051,85.71174,2026-07-11 08:47:08,15.35,59.816,1000.527,92.086,SYNTHETIC_DEMO_DATA
4584,Goa Coast,15.5948,74.09149,2026-07-11 11:41:59,17.463,39.729,1013.765,86.011,SYNTHETIC_DEMO_DATA
4585,Mumbai Coast,18.91502,72.72387,2026-07-11 14:36:50,6.459,49.316,1008.822,82.226,SYNTHETIC_DEMO_DATA
4586,Gujarat Coast,22.43342,69.58738,2026-07-11 17:31:41,11.58,42.82,1014.944,82.804,SYNTHETIC_DEMO_DATA
4587,Visakhapatnam,17.59539,83.23691,2026-07-11 20:26:32,14.319,37.035,1016.262,63.536,SYNTHETIC_DEMO_DATA
4588,Chennai Coast,12.91116,80.74606,2026-07-11 23:21:24,18.27,26.254,1010.681,71.208,SYNTHETIC_DEMO_DATA
4589,Gujarat Coast,22.41664,69.49469,2026-07-12 02:16:15,22.811,28.937,1012.726,85.101,SYNTHETIC_DEMO_DATA
4590,Visakhapatnam,17.92517,83.14882,2026-07-12 05:11:06,14.922,25.797,1006.3,85.897,SYNTHETIC_DEMO_DATA
4591,Gujarat Coast,22.27112,69.61106,2026-07-12 08:05:57,18.485,45.675,1008.996,92.326,SYNTHETIC_DEMO_DATA
4592,Sundarbans,21.85037,89.2929,2026-07-12 11:00:48,24.068,51.65,1010.127,91.39,SYNTHETIC_DEMO_DATA
4593,Sundarbans,21.75225,89.39191,2026-07-12 13:55:39,13.101,49.667,1020.371,91.732,SYNTHETIC_DEMO_DATA
4594,Goa Coast,15.5034,74.0728,2026-07-12 16:50:30,17.744,39.155,1007.133,70.44,SYNTHETIC_DEMO_DATA
4595,Gujarat Coast,22.34039,69.42326,2026-07-12 19:45:21,16.142,42.286,1011.453,75.102,SYNTHETIC_DEMO_DATA
4596,Sundarbans,21.81732,89.12628,2026-07-12 22:40:12,9.507,35.532,1002.311,65.638,SYNTHETIC_DEMO_DATA
4597,Andaman & Nicobar,11.44823,92.91798,2026-07-13 01:35:03,11.289,50.826,993.47,85.043,SYNTHETIC_DEMO_DATA
4598,Sundarbans,22.12077,89.27187,2026-07-13 04:29:54,15.381,41.481,1007.976,88.802,SYNTHETIC_DEMO_DATA
4599,Lakshadweep,10.52877,72.46787,2026-07-13 07:24:45,19.093,38.887,1019.518,80.327,SYNTHETIC_DEMO_DATA
4600,Goa Coast,15.76825,74.05724,2026-07-13 10:19:36,12.336,42.492,1000.636,89.145,SYNTHETIC_DEMO_DATA
4601,Lakshadweep,10.44556,72.52669,2026-07-13 13:14:27,3.612,32.104,1000.472,67.218,SYNTHETIC_DEMO_DATA
4602,Lakshadweep,10.82302,72.47004,2026-07-13 16:09:18,16.07,30.63,1021.521,85.517,SYNTHETIC_DEMO_DATA
4603,Chennai Coast,13.21852,80.144,2026-07-13 19:04:09,9.369,43.718,1011.078,80.44,SYNTHETIC_DEMO_DATA
4604,Goa Coast,15.53348,73.60043,2026-07-13 21:59:00,13.234,31.926,1005.789,75.496,SYNTHETIC_DEMO_DATA
4605,Visakhapatnam,17.63849,83.1177,2026-07-14 00:53:52,14.693,35.11,1006.199,80.189,SYNTHETIC_DEMO_DATA
4606,Kerala Coast,10.12103,76.3768,2026-07-14 03:48:43,20.569,61.287,988.462,70.346,SYNTHETIC_DEMO_DATA
4607,Visakhapatnam,17.632,83.09837,2026-07-14 06:43:34,21.077,44.962,1019.936,83.876,SYNTHETIC_DEMO_DATA
4608,Kerala Coast,9.89722,76.11536,2026-07-14 09:38:25,15.303,52.053,1005.432,81.059,SYNTHETIC_DEMO_DATA
4609,Andaman & Nicobar,11.41884,92.65076,2026-07-14 12:33:16,16.939,30.567,1009.83,88.13,SYNTHETIC_DEMO_DATA
4610,Kerala Coast,10.35391,76.1595,2026-07-14 15:28:07,18.476,50.248,1004.981,87.684,SYNTHETIC_DEMO_DATA
4611,Sundarbans,21.69727,89.05472,2026-07-14 18:22:58,9.349,53.523,1004.92,88.636,SYNTHETIC_DEMO_DATA
4612,Chennai Coast,13.21582,80.02943,2026-07-14 21:17:49,16.479,34.217,1013.739,76.485,SYNTHETIC_DEMO_DATA
4613,Goa Coast,15.602,74.07069,2026-07-15 00:12:40,16.759,45.625,1003.113,88.601,SYNTHETIC_DEMO_DATA
4614,Mumbai Coast,19.01728,72.79644,2026-07-15 03:07:31,15.723,31.755,1007.233,77.884,SYNTHETIC_DEMO_DATA
4615,Mumbai Coast,18.88935,72.90647,2026-07-15 06:02:22,12.254,42.78,1029.481,81.57,SYNTHETIC_DEMO_DATA
4616,Kerala Coast,9.66646,76.37191,2026-07-15 08:57:13,16.5,56.637,1002.48,82.986,SYNTHETIC_DEMO_DATA
4617,Visakhapatnam,17.88706,83.20875,2026-07-15 11:52:04,17.963,34.314,998.144,75.46,SYNTHETIC_DEMO_DATA
4618,Mumbai Coast,18.94176,72.94707,2026-07-15 14:46:55,10.269,47.107,1005.149,87.753,SYNTHETIC_DEMO_DATA
4619,Gujarat Coast,22.18379,69.53936,2026-07-15 17:41:46,25.937,28.375,1013.137,94.818,SYNTHETIC_DEMO_DATA
4620,Andaman & Nicobar,11.44929,92.83794,2026-07-15 20:36:37,11.815,40.37,1010.247,100.0,SYNTHETIC_DEMO_DATA
4621,Gujarat Coast,22.38137,69.47677,2026-07-15 23:31:28,15.947,26.984,1005.744,98.422,SYNTHETIC_DEMO_DATA
4622,Lakshadweep,10.46055,72.59319,2026-07-16 02:26:19,19.856,48.47,1010.434,71.943,SYNTHETIC_DEMO_DATA
4623,Andaman & Nicobar,11.74291,93.02068,2026-07-16 05:21:11,23.751,50.587,1011.384,85.372,SYNTHETIC_DEMO_DATA
4624,Sundarbans,22.01059,88.92885,2026-07-16 08:16:02,14.439,41.167,1005.96,83.847,SYNTHETIC_DEMO_DATA
4625,Chennai Coast,13.21547,79.91227,2026-07-16 11:10:53,15.466,38.603,1008.981,85.714,SYNTHETIC_DEMO_DATA
4626,Chennai Coast,13.08587,80.51974,2026-07-16 14:05:44,15.766,26.18,1002.816,86.207,SYNTHETIC_DEMO_DATA
4627,Sundarbans,21.79666,89.2009,2026-07-16 17:00:35,18.108,53.6,1015.076,81.354,SYNTHETIC_DEMO_DATA
4628,Odisha Coast,19.88592,85.2601,2026-07-16 19:55:26,20.357,48.884,1013.971,92.515,SYNTHETIC_DEMO_DATA
4629,Goa Coast,15.31249,74.17916,2026-07-16 22:50:17,20.01,53.428,1016.099,88.072,SYNTHETIC_DEMO_DATA
4630,Chennai Coast,12.76059,80.15379,2026-07-17 01:45:08,18.279,32.825,1005.545,75.79,SYNTHETIC_DEMO_DATA
4631,Odisha Coast,19.61302,85.77753,2026-07-17 04:39:59,10.173,19.076,1003.512,64.048,SYNTHETIC_DEMO_DATA
4632,Visakhapatnam,17.47198,83.00345,2026-07-17 07:34:50,14.117,14.174,1014.65,88.191,SYNTHETIC_DEMO_DATA
4633,Visakhapatnam,17.51059,83.53221,2026-07-17 10:29:41,21.519,48.702,1011.252,94.658,SYNTHETIC_DEMO_DATA
4634,Odisha Coast,19.55256,85.81837,2026-07-17 13:24:32,20.853,35.277,1006.294,81.94,SYNTHETIC_DEMO_DATA
4635,Odisha Coast,19.79779,85.72285,2026-07-17 16:19:23,15.059,50.785,1016.838,98.428,SYNTHETIC_DEMO_DATA
4636,Goa Coast,15.50187,73.71473,2026-07-17 19:14:14,11.225,41.314,1006.823,100.0,SYNTHETIC_DEMO_DATA
4637,Andaman & Nicobar,11.9589,92.55025,2026-07-17 22:09:05,11.992,47.379,1016.899,94.428,SYNTHETIC_DEMO_DATA
4638,Kerala Coast,10.48546,76.16725,2026-07-18 01:03:56,9.439,55.749,1004.574,93.079,SYNTHETIC_DEMO_DATA
4639,Gujarat Coast,22.35689,69.3669,2026-07-18 03:58:47,11.97,19.806,1020.706,66.702,SYNTHETIC_DEMO_DATA
4640,Lakshadweep,10.35035,72.5132,2026-07-18 06:53:39,17.06,45.093,1009.307,67.869,SYNTHETIC_DEMO_DATA
4641,Andaman & Nicobar,11.84052,92.57775,2026-07-18 09:48:30,19.887,35.391,1012.599,72.161,SYNTHETIC_DEMO_DATA
4642,Sundarbans,22.18418,89.26929,2026-07-18 12:43:21,15.117,32.731,1009.527,70.533,SYNTHETIC_DEMO_DATA
4643,Lakshadweep,10.50009,72.80552,2026-07-18 15:38:12,9.295,35.494,1013.843,74.468,SYNTHETIC_DEMO_DATA
4644,Sundarbans,21.58088,89.64098,2026-07-18 18:33:03,18.241,48.842,1007.173,87.38,SYNTHETIC_DEMO_DATA
4645,Sundarbans,21.59327,89.2249,2026-07-18 21:27:54,16.458,35.775,1014.174,85.414,SYNTHETIC_DEMO_DATA
4646,Kerala Coast,10.11832,76.4332,2026-07-19 00:22:45,15.488,36.867,1005.761,73.64,SYNTHETIC_DEMO_DATA
4647,Goa Coast,15.58714,73.88147,2026-07-19 03:17:36,17.301,42.221,1008.687,98.487,SYNTHETIC_DEMO_DATA
4648,Sundarbans,21.73857,89.06748,2026-07-19 06:12:27,15.294,62.131,1008.494,85.394,SYNTHETIC_DEMO_DATA
4649,Visakhapatnam,17.79841,83.16465,2026-07-19 09:07:18,22.207,34.549,1003.73,74.727,SYNTHETIC_DEMO_DATA
4650,Visakhapatnam,17.50129,82.89609,2026-07-19 12:02:09,14.489,29.643,1019.738,69.018,SYNTHETIC_DEMO_DATA
4651,Chennai Coast,12.86214,80.33943,2026-07-19 14:57:00,15.675,45.388,1014.053,70.763,SYNTHETIC_DEMO_DATA
4652,Lakshadweep,10.46156,72.67878,2026-07-19 17:51:51,12.184,39.898,1015.684,76.656,SYNTHETIC_DEMO_DATA
4653,Chennai Coast,13.21311,80.33399,2026-07-19 20:46:42,16.326,28.513,1005.111,75.96,SYNTHETIC_DEMO_DATA
4654,Visakhapatnam,17.5841,83.01714,2026-07-19 23:41:33,7.92,36.726,1019.463,87.102,SYNTHETIC_DEMO_DATA
4655,Odisha Coast,20.00599,86.11759,2026-07-20 02:36:24,19.936,48.453,1011.194,84.918,SYNTHETIC_DEMO_DATA
4656,Odisha Coast,20.11742,86.22805,2026-07-20 05:31:15,11.412,50.363,993.244,92.628,SYNTHETIC_DEMO_DATA
4657,Odisha Coast,19.66345,85.99154,2026-07-20 08:26:07,10.943,61.527,1005.968,90.586,SYNTHETIC_DEMO_DATA
4658,Mumbai Coast,19.03324,73.22022,2026-07-20 11:20:58,24.419,31.115,1004.624,62.417,SYNTHETIC_DEMO_DATA
4659,Kerala Coast,9.96065,76.03663,2026-07-20 14:15:49,22.839,41.715,1009.4,79.283,SYNTHETIC_DEMO_DATA
4660,Kerala Coast,9.95775,76.36882,2026-07-20 17:10:40,20.028,66.891,1001.096,100.0,SYNTHETIC_DEMO_DATA
4661,Andaman & Nicobar,11.78267,92.85177,2026-07-20 20:05:31,27.324,53.525,1011.471,81.59,SYNTHETIC_DEMO_DATA
4662,Mumbai Coast,18.71214,72.64734,2026-07-20 23:00:22,21.002,64.671,1002.994,100.0,SYNTHETIC_DEMO_DATA
4663,Odisha Coast,19.9947,85.80148,2026-07-21 01:55:13,16.465,47.612,998.955,76.92,SYNTHETIC_DEMO_DATA
4664,Chennai Coast,13.01234,80.48153,2026-07-21 04:50:04,13.314,36.064,993.563,74.608,SYNTHETIC_DEMO_DATA
4665,Chennai Coast,12.84728,80.25281,2026-07-21 07:44:55,10.798,37.255,1000.443,78.74,SYNTHETIC_DEMO_DATA
4666,Andaman & Nicobar,11.28945,92.79823,2026-07-21 10:39:46,22.328,51.489,1010.711,68.778,SYNTHETIC_DEMO_DATA
4667,Chennai Coast,12.95225,80.36371,2026-07-21 13:34:37,13.006,34.908,1008.134,96.085,SYNTHETIC_DEMO_DATA
4668,Odisha Coast,20.10516,85.56982,2026-07-21 16:29:28,15.204,55.858,1009.911,94.319,SYNTHETIC_DEMO_DATA
4669,Goa Coast,15.82447,73.84271,2026-07-21 19:24:19,16.524,43.091,1008.44,82.67,SYNTHETIC_DEMO_DATA
4670,Kerala Coast,9.96586,76.56107,2026-07-21 22:19:10,15.271,46.618,1010.969,81.663,SYNTHETIC_DEMO_DATA
4671,Sundarbans,21.98641,89.17489,2026-07-22 01:14:01,20.07,54.273,995.359,100.0,SYNTHETIC_DEMO_DATA
4672,Gujarat Coast,22.22173,69.46212,2026-07-22 04:08:52,16.01,33.586,997.319,83.726,SYNTHETIC_DEMO_DATA
4673,Visakhapatnam,17.86229,83.14235,2026-07-22 07:03:43,24.509,29.543,1007.474,75.443,SYNTHETIC_DEMO_DATA
4674,Andaman & Nicobar,11.90107,92.53415,2026-07-22 09:58:35,16.578,37.546,1004.542,97.707,SYNTHETIC_DEMO_DATA
4675,Andaman & Nicobar,11.37392,92.91757,2026-07-22 12:53:26,10.816,50.617,998.21,100.0,SYNTHETIC_DEMO_DATA
4676,Chennai Coast,13.02367,80.21121,2026-07-22 15:48:17,13.754,43.844,1007.409,77.714,SYNTHETIC_DEMO_DATA
4677,Mumbai Coast,19.53169,72.65642,2026-07-22 18:43:08,15.819,62.229,999.366,86.626,SYNTHETIC_DEMO_DATA
4678,Mumbai Coast,18.71647,72.8496,2026-07-22 21:37:59,9.169,41.215,1007.415,80.695,SYNTHETIC_DEMO_DATA
4679,Gujarat Coast,22.48432,69.55543,2026-07-23 00:32:50,20.756,30.634,1024.869,52.329,SYNTHETIC_DEMO_DATA
4680,Sundarbans,21.52443,89.3983,2026-07-23 03:27:41,23.347,46.898,1017.026,65.306,SYNTHETIC_DEMO_DATA
4681,Chennai Coast,13.21583,80.3154,2026-07-23 06:22:32,11.734,32.496,1009.253,76.89,SYNTHETIC_DEMO_DATA
4682,Odisha Coast,19.66213,85.99369,2026-07-23 09:17:23,12.951,49.579,1000.873,87.815,SYNTHETIC_DEMO_DATA
4683,Gujarat Coast,22.368,69.82762,2026-07-23 12:12:14,21.815,52.462,1010.211,63.034,SYNTHETIC_DEMO_DATA
4684,Sundarbans,21.58192,89.39261,2026-07-23 15:07:05,18.825,53.241,1008.126,88.015,SYNTHETIC_DEMO_DATA
4685,Mumbai Coast,18.75355,72.62277,2026-07-23 18:01:56,22.538,40.204,1009.149,91.531,SYNTHETIC_DEMO_DATA
4686,Goa Coast,15.42938,74.1845,2026-07-23 20:56:47,22.747,46.052,997.018,64.5,SYNTHETIC_DEMO_DATA
4687,Lakshadweep,10.64327,72.68841,2026-07-23 23:51:38,11.937,42.935,997.718,83.932,SYNTHETIC_DEMO_DATA
4688,Visakhapatnam,17.83366,83.32838,2026-07-24 02:46:29,20.392,45.658,1002.475,91.128,SYNTHETIC_DEMO_DATA
4689,Sundarbans,22.14688,89.47613,2026-07-24 05:41:20,27.71,47.618,1010.262,81.393,SYNTHETIC_DEMO_DATA
4690,Goa Coast,15.47295,73.89902,2026-07-24 08:36:11,10.185,30.811,1008.741,76.453,SYNTHETIC_DEMO_DATA
4691,Sundarbans,21.77116,89.66041,2026-07-24 11:31:03,10.543,59.078,1005.996,100.0,SYNTHETIC_DEMO_DATA
4692,Sundarbans,21.67883,89.35088,2026-07-24 14:25:54,27.535,56.286,1002.502,100.0,SYNTHETIC_DEMO_DATA
4693,Lakshadweep,10.45004,72.72272,2026-07-24 17:20:45,19.189,45.259,1015.377,81.328,SYNTHETIC_DEMO_DATA
4694,Andaman & Nicobar,11.65953,92.70163,2026-07-24 20:15:36,14.635,42.571,1002.44,86.576,SYNTHETIC_DEMO_DATA
4695,Goa Coast,15.62092,73.76749,2026-07-24 23:10:27,16.753,40.214,1006.735,97.711,SYNTHETIC_DEMO_DATA
4696,Andaman & Nicobar,12.27953,92.44141,2026-07-25 02:05:18,15.343,39.483,1010.215,90.126,SYNTHETIC_DEMO_DATA
4697,Sundarbans,22.08585,89.14168,2026-07-25 05:00:09,25.794,46.057,1001.371,91.284,SYNTHETIC_DEMO_DATA
4698,Sundarbans,21.85266,89.11889,2026-07-25 07:55:00,23.134,53.943,1011.845,96.868,SYNTHETIC_DEMO_DATA
4699,Chennai Coast,13.10322,80.02148,2026-07-25 10:49:51,13.928,51.076,1001.42,90.396,SYNTHETIC_DEMO_DATA
4700,Sundarbans,21.6035,89.52426,2026-07-25 13:44:42,19.163,44.014,1004.977,72.158,SYNTHETIC_DEMO_DATA
4701,Andaman & Nicobar,11.62791,92.3521,2026-07-25 16:39:33,10.93,59.971,999.516,83.489,SYNTHETIC_DEMO_DATA
4702,Sundarbans,21.94636,89.09215,2026-07-25 19:34:24,21.218,62.385,993.739,99.701,SYNTHETIC_DEMO_DATA
4703,Mumbai Coast,18.86872,72.556,2026-07-25 22:29:15,14.176,44.046,1006.707,64.148,SYNTHETIC_DEMO_DATA
4704,Andaman & Nicobar,11.56092,92.53403,2026-07-26 01:24:06,8.293,33.209,1017.877,91.278,SYNTHETIC_DEMO_DATA
4705,Goa Coast,15.51989,73.97717,2026-07-26 04:18:57,24.911,43.144,1005.552,95.442,SYNTHETIC_DEMO_DATA
4706,Visakhapatnam,17.46464,83.2759,2026-07-26 07:13:48,16.289,32.201,1009.043,50.182,SYNTHETIC_DEMO_DATA
4707,Kerala Coast,9.66608,75.84779,2026-07-26 10:08:39,20.506,33.5,1005.082,77.1,SYNTHETIC_DEMO_DATA
4708,Mumbai Coast,19.02844,72.91164,2026-07-26 13:03:31,20.566,51.571,1023.938,77.163,SYNTHETIC_DEMO_DATA
4709,Goa Coast,15.25244,73.74026,2026-07-26 15:58:22,17.967,37.185,1005.646,95.347,SYNTHETIC_DEMO_DATA
4710,Kerala Coast,9.76804,76.54213,2026-07-26 18:53:13,11.271,48.448,1001.185,100.0,SYNTHETIC_DEMO_DATA
4711,Visakhapatnam,17.50084,83.29879,2026-07-26 21:48:04,18.202,41.518,1005.27,70.369,SYNTHETIC_DEMO_DATA
4712,Goa Coast,15.22239,73.81352,2026-07-27 00:42:55,17.523,28.46,999.458,94.572,SYNTHETIC_DEMO_DATA
4713,Andaman & Nicobar,11.781,92.71943,2026-07-27 03:37:46,15.891,47.062,1006.827,98.238,SYNTHETIC_DEMO_DATA
4714,Kerala Coast,10.10111,76.30443,2026-07-27 06:32:37,16.837,64.228,1008.917,82.466,SYNTHETIC_DEMO_DATA
4715,Sundarbans,21.59853,89.02754,2026-07-27 09:27:28,21.632,56.507,1010.882,100.0,SYNTHETIC_DEMO_DATA
4716,Mumbai Coast,18.8942,72.76255,2026-07-27 12:22:19,9.63,30.172,1024.387,93.272,SYNTHETIC_DEMO_DATA
4717,Andaman & Nicobar,11.82863,92.73078,2026-07-27 15:17:10,9.864,37.162,998.202,70.277,SYNTHETIC_DEMO_DATA
4718,Lakshadweep,10.46317,72.44747,2026-07-27 18:12:01,22.998,27.878,1004.708,79.135,SYNTHETIC_DEMO_DATA
4719,Kerala Coast,10.03462,76.26174,2026-07-27 21:06:52,23.323,44.729,1014.909,75.975,SYNTHETIC_DEMO_DATA
4720,Odisha Coast,19.97971,85.96909,2026-07-28 00:01:43,21.306,54.063,1002.573,87.398,SYNTHETIC_DEMO_DATA
4721,Mumbai Coast,19.09909,72.72557,2026-07-28 02:56:34,21.55,55.901,1015.557,93.806,SYNTHETIC_DEMO_DATA
4722,Andaman & Nicobar,11.80588,92.7751,2026-07-28 05:51:25,10.937,61.506,1013.126,87.146,SYNTHETIC_DEMO_DATA
4723,Lakshadweep,10.20696,73.1103,2026-07-28 08:46:16,21.11,35.622,1006.967,83.794,SYNTHETIC_DEMO_DATA
4724,Sundarbans,22.22009,89.1874,2026-07-28 11:41:07,13.824,36.331,1010.807,89.132,SYNTHETIC_DEMO_DATA
4725,Visakhapatnam,17.60762,83.39255,2026-07-28 14:35:58,25.982,31.213,999.257,68.126,SYNTHETIC_DEMO_DATA
4726,Kerala Coast,10.03012,76.45114,2026-07-28 17:30:50,15.84,38.583,1000.957,85.805,SYNTHETIC_DEMO_DATA
4727,Sundarbans,22.21528,89.06978,2026-07-28 20:25:41,10.656,53.227,1013.392,64.609,SYNTHETIC_DEMO_DATA
4728,Andaman & Nicobar,11.65696,92.89129,2026-07-28 23:20:32,13.566,43.387,1017.622,73.049,SYNTHETIC_DEMO_DATA
4729,Odisha Coast,19.91184,85.69915,2026-07-29 02:15:23,22.257,47.356,1007.377,72.657,SYNTHETIC_DEMO_DATA
4730,Gujarat Coast,22.62528,69.44838,2026-07-29 05:10:14,6.338,27.301,1005.83,84.701,SYNTHETIC_DEMO_DATA
4731,Lakshadweep,10.71658,72.74281,2026-07-29 08:05:05,12.992,40.219,1013.456,100.0,SYNTHETIC_DEMO_DATA
4732,Gujarat Coast,22.29823,69.54007,2026-07-29 10:59:56,21.819,26.712,1014.891,81.336,SYNTHETIC_DEMO_DATA
4733,Goa Coast,15.37732,73.87966,2026-07-29 13:54:47,22.349,33.775,1026.149,82.253,SYNTHETIC_DEMO_DATA
4734,Visakhapatnam,17.53266,83.16092,2026-07-29 16:49:38,16.295,36.167,1023.481,79.382,SYNTHETIC_DEMO_DATA
4735,Andaman & Nicobar,11.83356,92.56032,2026-07-29 19:44:29,11.024,48.317,1003.989,88.684,SYNTHETIC_DEMO_DATA
4736,Kerala Coast,9.79257,76.44963,2026-07-29 22:39:20,22.421,41.844,1001.833,90.284,SYNTHETIC_DEMO_DATA
4737,Sundarbans,21.90852,88.67312,2026-07-30 01:34:11,12.18,50.644,1006.959,74.957,SYNTHETIC_DEMO_DATA
4738,Chennai Coast,12.93852,80.2625,2026-07-30 04:29:02,13.233,40.293,1009.363,84.298,SYNTHETIC_DEMO_DATA
4739,Chennai Coast,13.3773,80.06119,2026-07-30 07:23:53,21.195,54.951,1020.042,86.607,SYNTHETIC_DEMO_DATA
4740,Mumbai Coast,18.87849,73.06717,2026-07-30 10:18:44,16.289,41.774,1006.492,77.26,SYNTHETIC_DEMO_DATA
4741,Visakhapatnam,18.01536,83.19438,2026-07-30 13:13:35,12.501,44.25,1005.14,86.405,SYNTHETIC_DEMO_DATA
4742,Kerala Coast,9.82874,76.48715,2026-07-30 16:08:26,16.295,47.919,1006.132,76.834,SYNTHETIC_DEMO_DATA
4743,Kerala Coast,9.71601,76.06586,2026-07-30 19:03:18,13.568,44.398,1013.104,92.946,SYNTHETIC_DEMO_DATA
4744,Chennai Coast,13.03843,79.94759,2026-07-30 21:58:09,17.511,37.808,1020.191,87.26,SYNTHETIC_DEMO_DATA
4745,Gujarat Coast,22.34509,69.35132,2026-07-31 00:53:00,12.519,29.045,991.059,76.884,SYNTHETIC_DEMO_DATA
4746,Chennai Coast,12.85844,80.41631,2026-07-31 03:47:51,20.037,57.174,1006.607,67.856,SYNTHETIC_DEMO_DATA
4747,Goa Coast,15.51293,73.90939,2026-07-31 06:42:42,12.678,42.518,1011.21,88.064,SYNTHETIC_DEMO_DATA
4748,Visakhapatnam,17.87742,83.53258,2026-07-31 09:37:33,14.235,37.008,1016.882,79.942,SYNTHETIC_DEMO_DATA
4749,Andaman & Nicobar,11.74441,92.55242,2026-07-31 12:32:24,19.812,51.079,1003.574,89.394,SYNTHETIC_DEMO_DATA
4750,Chennai Coast,13.06608,80.28461,2026-07-31 15:27:15,23.953,26.569,1012.63,58.813,SYNTHETIC_DEMO_DATA
4751,Sundarbans,21.70958,89.17104,2026-07-31 18:22:06,18.9,63.494,1012.179,58.189,SYNTHETIC_DEMO_DATA
4752,Odisha Coast,19.73416,86.015,2026-07-31 21:16:57,25.873,33.24,1026.442,88.8,SYNTHETIC_DEMO_DATA
4753,Andaman & Nicobar,11.98077,92.43514,2026-08-01 00:11:48,21.484,38.174,995.652,74.921,SYNTHETIC_DEMO_DATA
4754,Andaman & Nicobar,11.75906,92.64643,2026-08-01 03:06:39,14.267,44.772,1011.144,85.398,SYNTHETIC_DEMO_DATA
4755,Visakhapatnam,17.72384,83.25665,2026-08-01 06:01:30,21.459,37.497,999.315,85.34,SYNTHETIC_DEMO_DATA
4756,Gujarat Coast,22.50662,69.90844,2026-08-01 08:56:21,8.097,36.291,1008.293,79.135,SYNTHETIC_DEMO_DATA
4757,Mumbai Coast,18.7037,72.78742,2026-08-01 11:51:12,17.532,45.052,1003.759,70.929,SYNTHETIC_DEMO_DATA
4758,Odisha Coast,19.91972,85.91227,2026-08-01 14:46:03,14.463,54.551,1010.78,70.385,SYNTHETIC_DEMO_DATA
4759,Kerala Coast,9.96642,76.20299,2026-08-01 17:40:54,11.164,65.267,1014.741,84.137,SYNTHETIC_DEMO_DATA
4760,Gujarat Coast,22.41882,69.16829,2026-08-01 20:35:46,15.924,27.569,1006.56,79.558,SYNTHETIC_DEMO_DATA
4761,Lakshadweep,10.24406,72.58774,2026-08-01 23:30:37,24.157,35.475,999.454,58.189,SYNTHETIC_DEMO_DATA
4762,Andaman & Nicobar,11.22585,92.96411,2026-08-02 02:25:28,14.712,35.132,1017.767,75.312,SYNTHETIC_DEMO_DATA
4763,Sundarbans,22.01795,89.40846,2026-08-02 05:20:19,13.979,36.595,992.098,80.451,SYNTHETIC_DEMO_DATA
4764,Visakhapatnam,17.78367,83.18401,2026-08-02 08:15:10,23.904,50.642,1002.048,100.0,SYNTHETIC_DEMO_DATA
4765,Kerala Coast,10.21121,76.18594,2026-08-02 11:10:01,25.96,51.384,1003.872,96.48,SYNTHETIC_DEMO_DATA
4766,Odisha Coast,19.78491,85.62367,2026-08-02 14:04:52,7.484,42.084,1017.904,90.896,SYNTHETIC_DEMO_DATA
4767,Mumbai Coast,18.74507,72.64673,2026-08-02 16:59:43,15.575,33.791,1003.41,100.0,SYNTHETIC_DEMO_DATA
4768,Sundarbans,21.83078,89.39348,2026-08-02 19:54:34,14.997,53.562,1002.884,100.0,SYNTHETIC_DEMO_DATA
4769,Odisha Coast,20.12681,86.33424,2026-08-02 22:49:25,20.744,47.216,1023.521,89.551,SYNTHETIC_DEMO_DATA
4770,Sundarbans,21.5797,89.16689,2026-08-03 01:44:16,14.207,49.686,1006.354,95.659,SYNTHETIC_DEMO_DATA
4771,Visakhapatnam,17.45691,82.96887,2026-08-03 04:39:07,16.669,38.64,1026.383,73.823,SYNTHETIC_DEMO_DATA
4772,Goa Coast,15.47874,73.88174,2026-08-03 07:33:58,17.617,41.742,995.654,93.749,SYNTHETIC_DEMO_DATA
4773,Odisha Coast,19.96359,85.74115,2026-08-03 10:28:49,18.599,52.212,1003.424,98.398,SYNTHETIC_DEMO_DATA
4774,Lakshadweep,10.28951,72.7309,2026-08-03 13:23:40,15.611,33.551,1014.007,95.221,SYNTHETIC_DEMO_DATA
4775,Visakhapatnam,17.83158,83.12257,2026-08-03 16:18:31,15.517,64.273,1000.903,100.0,SYNTHETIC_DEMO_DATA
4776,Sundarbans,22.2422,88.80748,2026-08-03 19:13:22,8.409,38.44,1015.178,100.0,SYNTHETIC_DEMO_DATA
4777,Chennai Coast,13.06554,80.64815,2026-08-03 22:08:14,13.231,38.072,996.516,77.546,SYNTHETIC_DEMO_DATA
4778,Goa Coast,15.76712,73.79032,2026-08-04 01:03:05,29.19,34.755,1017.218,79.033,SYNTHETIC_DEMO_DATA
4779,Odisha Coast,19.77356,85.81541,2026-08-04 03:57:56,6.422,43.284,1012.067,85.772,SYNTHETIC_DEMO_DATA
4780,Sundarbans,21.97962,89.19379,2026-08-04 06:52:47,27.093,53.163,1019.199,79.901,SYNTHETIC_DEMO_DATA
4781,Andaman & Nicobar,12.36334,92.38797,2026-08-04 09:47:38,10.676,37.332,1005.874,40.641,SYNTHETIC_DEMO_DATA
4782,Mumbai Coast,19.15564,72.61298,2026-08-04 12:42:29,17.193,54.426,1005.676,77.827,SYNTHETIC_DEMO_DATA
4783,Chennai Coast,13.17084,80.36856,2026-08-04 15:37:20,18.329,53.027,1014.726,96.684,SYNTHETIC_DEMO_DATA
4784,Goa Coast,15.72309,73.85242,2026-08-04 18:32:11,15.613,31.39,1011.639,89.566,SYNTHETIC_DEMO_DATA
4785,Andaman & Nicobar,11.97976,92.35295,2026-08-04 21:27:02,17.094,48.605,1010.249,93.753,SYNTHETIC_DEMO_DATA
4786,Chennai Coast,13.01461,80.24481,2026-08-05 00:21:53,13.852,39.836,1000.568,79.122,SYNTHETIC_DEMO_DATA
4787,Mumbai Coast,18.67738,72.83192,2026-08-05 03:16:44,17.22,56.534,1016.917,54.883,SYNTHETIC_DEMO_DATA
4788,Sundarbans,21.85079,88.88693,2026-08-05 06:11:35,19.899,52.05,1020.676,88.743,SYNTHETIC_DEMO_DATA
4789,Chennai Coast,13.42314,80.19203,2026-08-05 09:06:26,17.089,26.331,1006.844,100.0,SYNTHETIC_DEMO_DATA
4790,Mumbai Coast,18.93138,72.86857,2026-08-05 12:01:17,12.344,57.102,1006.001,100.0,SYNTHETIC_DEMO_DATA
4791,Odisha Coast,19.54102,85.90519,2026-08-05 14:56:08,17.295,36.312,1015.959,60.519,SYNTHETIC_DEMO_DATA
4792,Lakshadweep,10.49796,72.79614,2026-08-05 17:50:59,15.678,26.908,1019.616,82.537,SYNTHETIC_DEMO_DATA
4793,Lakshadweep,10.30205,72.38714,2026-08-05 20:45:50,17.927,36.336,1016.204,80.016,SYNTHETIC_DEMO_DATA
4794,Visakhapatnam,17.98722,82.85466,2026-08-05 23:40:42,26.223,52.553,998.257,72.565,SYNTHETIC_DEMO_DATA
4795,Chennai Coast,13.32638,80.46841,2026-08-06 02:35:33,17.552,37.85,997.381,77.159,SYNTHETIC_DEMO_DATA
4796,Odisha Coast,19.9141,85.85079,2026-08-06 05:30:24,18.66,34.481,1010.387,58.339,SYNTHETIC_DEMO_DATA
4797,Mumbai Coast,18.53522,72.67529,2026-08-06 08:25:15,16.338,49.273,1004.559,90.783,SYNTHETIC_DEMO_DATA
4798,Odisha Coast,19.59003,86.01956,2026-08-06 11:20:06,10.522,39.708,1008.959,84.345,SYNTHETIC_DEMO_DATA
4799,Chennai Coast,12.6961,80.13552,2026-08-06 14:14:57,25.025,37.312,1005.165,60.609,SYNTHETIC_DEMO_DATA
4800,Mumbai Coast,18.70628,72.71275,2026-08-06 17:09:48,13.724,40.472,1009.385,76.757,SYNTHETIC_DEMO_DATA
4801,Gujarat Coast,22.08336,69.74428,2026-08-06 20:04:39,12.073,28.274,1007.228,62.202,SYNTHETIC_DEMO_DATA
4802,Mumbai Coast,18.88376,72.78873,2026-08-06 22:59:30,13.923,47.013,988.343,73.686,SYNTHETIC_DEMO_DATA
4803,Visakhapatnam,17.64797,83.44149,2026-08-07 01:54:21,15.296,37.301,1013.199,60.71,SYNTHETIC_DEMO_DATA
4804,Goa Coast,15.62919,73.62563,2026-08-07 04:49:12,17.806,49.637,1016.193,85.407,SYNTHETIC_DEMO_DATA
4805,Gujarat Coast,22.21841,69.32178,2026-08-07 07:44:03,11.474,24.465,1006.532,64.977,SYNTHETIC_DEMO_DATA
4806,Goa Coast,15.72246,73.75908,2026-08-07 10:38:54,18.227,49.488,1012.045,94.15,SYNTHETIC_DEMO_DATA
4807,Kerala Coast,10.40638,76.2422,2026-08-07 13:33:45,19.174,44.216,1013.892,88.825,SYNTHETIC_DEMO_DATA
4808,Andaman & Nicobar,11.81057,92.45785,2026-08-07 16:28:36,15.484,32.355,1005.248,86.583,SYNTHETIC_DEMO_DATA
4809,Chennai Coast,12.9236,80.0315,2026-08-07 19:23:27,16.081,34.609,1008.392,100.0,SYNTHETIC_DEMO_DATA
4810,Andaman & Nicobar,11.69282,92.66689,2026-08-07 22:18:18,16.03,44.92,997.179,96.308,SYNTHETIC_DEMO_DATA
4811,Visakhapatnam,17.57608,83.06504,2026-08-08 01:13:09,15.441,35.378,1006.922,82.482,SYNTHETIC_DEMO_DATA
4812,Visakhapatnam,17.42656,83.01196,2026-08-08 04:08:01,14.566,37.954,1008.545,100.0,SYNTHETIC_DEMO_DATA
4813,Mumbai Coast,18.96735,72.83387,2026-08-08 07:02:52,22.534,44.021,1002.882,86.388,SYNTHETIC_DEMO_DATA
4814,Mumbai Coast,19.03926,72.9128,2026-08-08 09:57:43,16.868,49.294,1020.739,70.587,SYNTHETIC_DEMO_DATA
4815,Goa Coast,15.51039,73.82343,2026-08-08 12:52:34,22.188,41.193,1000.502,82.401,SYNTHETIC_DEMO_DATA
4816,Visakhapatnam,17.58338,83.21373,2026-08-08 15:47:25,16.55,45.0,1016.21,82.839,SYNTHETIC_DEMO_DATA
4817,Andaman & Nicobar,12.00102,92.79885,2026-08-08 18:42:16,21.805,52.285,1004.581,100.0,SYNTHETIC_DEMO_DATA
4818,Chennai Coast,12.87609,80.32854,2026-08-08 21:37:07,20.662,33.126,1007.698,91.596,SYNTHETIC_DEMO_DATA
4819,Mumbai Coast,18.76893,72.98817,2026-08-09 00:31:58,14.05,52.62,1019.591,96.053,SYNTHETIC_DEMO_DATA
4820,Lakshadweep,10.601,72.85797,2026-08-09 03:26:49,16.377,32.553,1001.045,88.061,SYNTHETIC_DEMO_DATA
4821,Mumbai Coast,19.27713,72.70563,2026-08-09 06:21:40,17.18,37.034,1007.481,78.606,SYNTHETIC_DEMO_DATA
4822,Gujarat Coast,22.52929,69.57864,2026-08-09 09:16:31,21.256,30.616,993.609,88.742,SYNTHETIC_DEMO_DATA
4823,Lakshadweep,10.21451,72.49316,2026-08-09 12:11:22,15.822,50.385,1009.831,64.563,SYNTHETIC_DEMO_DATA
4824,Lakshadweep,10.66871,72.61442,2026-08-09 15:06:13,24.498,26.664,1010.656,84.057,SYNTHETIC_DEMO_DATA
4825,Kerala Coast,9.94188,76.32623,2026-08-09 18:01:04,21.946,58.56,1014.26,74.456,SYNTHETIC_DEMO_DATA
4826,Kerala Coast,10.15836,76.38407,2026-08-09 20:55:55,24.129,26.931,1009.966,78.286,SYNTHETIC_DEMO_DATA
4827,Odisha Coast,19.74861,85.74178,2026-08-09 23:50:46,17.211,57.599,1018.997,69.406,SYNTHETIC_DEMO_DATA
4828,Mumbai Coast,18.88587,72.81617,2026-08-10 02:45:37,17.341,48.502,1003.654,85.304,SYNTHETIC_DEMO_DATA
4829,Lakshadweep,10.76353,72.82408,2026-08-10 05:40:29,23.82,32.612,1005.924,83.486,SYNTHETIC_DEMO_DATA
4830,Kerala Coast,9.70883,76.29479,2026-08-10 08:35:20,16.819,60.184,1019.851,74.229,SYNTHETIC_DEMO_DATA
4831,Chennai Coast,12.86114,80.2264,2026-08-10 11:30:11,28.396,38.208,1015.219,83.347,SYNTHETIC_DEMO_DATA
4832,Odisha Coast,19.5156,86.47748,2026-08-10 14:25:02,14.268,24.841,1011.859,93.582,SYNTHETIC_DEMO_DATA
4833,Chennai Coast,13.07129,79.77979,2026-08-10 17:19:53,19.434,29.152,1010.836,91.898,SYNTHETIC_DEMO_DATA
4834,Visakhapatnam,17.303,83.29579,2026-08-10 20:14:44,16.422,38.345,1004.237,63.05,SYNTHETIC_DEMO_DATA
4835,Lakshadweep,10.6537,72.30502,2026-08-10 23:09:35,14.208,28.804,1009.678,87.221,SYNTHETIC_DEMO_DATA
4836,Mumbai Coast,19.0074,72.69116,2026-08-11 02:04:26,21.867,44.42,1011.972,82.868,SYNTHETIC_DEMO_DATA
4837,Odisha Coast,19.74063,85.81549,2026-08-11 04:59:17,17.537,41.322,998.046,85.569,SYNTHETIC_DEMO_DATA
4838,Sundarbans,21.6925,88.91165,2026-08-11 07:54:08,19.746,41.81,1012.149,62.878,SYNTHETIC_DEMO_DATA
4839,Andaman & Nicobar,11.76587,92.81525,2026-08-11 10:48:59,16.58,49.369,1015.224,92.887,SYNTHETIC_DEMO_DATA
4840,Lakshadweep,10.54956,72.59384,2026-08-11 13:43:50,20.845,42.883,1003.075,83.472,SYNTHETIC_DEMO_DATA
4841,Goa Coast,15.46474,73.61116,2026-08-11 16:38:41,16.96,57.283,1016.614,56.925,SYNTHETIC_DEMO_DATA
4842,Odisha Coast,19.7168,86.22705,2026-08-11 19:33:32,15.824,44.139,999.568,76.371,SYNTHETIC_DEMO_DATA
4843,Sundarbans,21.83211,88.94249,2026-08-11 22:28:23,17.579,47.032,1012.547,85.082,SYNTHETIC_DEMO_DATA
4844,Odisha Coast,20.23709,85.94376,2026-08-12 01:23:14,16.711,44.638,991.049,67.898,SYNTHETIC_DEMO_DATA
4845,Goa Coast,15.49744,73.5624,2026-08-12 04:18:05,13.485,31.912,1018.859,97.56,SYNTHETIC_DEMO_DATA
4846,Goa Coast,15.30008,73.94576,2026-08-12 07:12:57,19.954,61.566,1011.515,80.051,SYNTHETIC_DEMO_DATA
4847,Andaman & Nicobar,11.64935,92.45012,2026-08-12 10:07:48,17.798,47.832,1015.134,65.736,SYNTHETIC_DEMO_DATA
4848,Sundarbans,21.92389,89.114,2026-08-12 13:02:39,17.058,50.0,1013.91,84.351,SYNTHETIC_DEMO_DATA
4849,Odisha Coast,19.54082,85.89669,2026-08-12 15:57:30,14.849,51.905,1002.592,99.102,SYNTHETIC_DEMO_DATA
4850,Lakshadweep,10.16155,72.61497,2026-08-12 18:52:21,19.371,21.249,1009.857,95.162,SYNTHETIC_DEMO_DATA
4851,Lakshadweep,10.65923,72.35401,2026-08-12 21:47:12,15.687,44.347,1007.324,82.859,SYNTHETIC_DEMO_DATA
4852,Goa Coast,15.61478,74.12927,2026-08-13 00:42:03,14.06,38.221,1004.117,96.388,SYNTHETIC_DEMO_DATA
4853,Odisha Coast,19.84274,85.7693,2026-08-13 03:36:54,21.075,50.804,1004.046,86.817,SYNTHETIC_DEMO_DATA
4854,Sundarbans,22.14651,89.43448,2026-08-13 06:31:45,17.671,40.59,1017.267,97.778,SYNTHETIC_DEMO_DATA
4855,Sundarbans,21.82849,89.28277,2026-08-13 09:26:36,20.235,47.919,1008.372,87.19,SYNTHETIC_DEMO_DATA
4856,Gujarat Coast,22.8856,69.53249,2026-08-13 12:21:27,11.914,34.812,1008.269,92.388,SYNTHETIC_DEMO_DATA
4857,Andaman & Nicobar,11.36076,92.62389,2026-08-13 15:16:18,10.39,48.986,1020.779,80.132,SYNTHETIC_DEMO_DATA
4858,Gujarat Coast,22.36925,69.83105,2026-08-13 18:11:09,18.968,43.94,1004.041,85.143,SYNTHETIC_DEMO_DATA
4859,Visakhapatnam,17.80906,83.20583,2026-08-13 21:06:00,14.853,43.345,1010.368,97.755,SYNTHETIC_DEMO_DATA
4860,Goa Coast,15.41961,73.83207,2026-08-14 00:00:51,21.884,41.064,1028.188,82.347,SYNTHETIC_DEMO_DATA
4861,Sundarbans,21.63613,89.24707,2026-08-14 02:55:42,15.703,28.03,997.296,70.276,SYNTHETIC_DEMO_DATA
4862,Andaman & Nicobar,11.93231,92.68823,2026-08-14 05:50:33,13.657,53.869,1005.597,79.01,SYNTHETIC_DEMO_DATA
4863,Andaman & Nicobar,11.91473,92.33954,2026-08-14 08:45:25,14.238,48.247,1003.013,91.065,SYNTHETIC_DEMO_DATA
4864,Goa Coast,15.31681,73.71536,2026-08-14 11:40:16,17.11,50.59,1017.049,72.816,SYNTHETIC_DEMO_DATA
4865,Andaman & Nicobar,11.4842,92.84785,2026-08-14 14:35:07,16.484,44.381,1004.919,89.719,SYNTHETIC_DEMO_DATA
4866,Mumbai Coast,18.59731,72.65371,2026-08-14 17:29:58,28.648,35.262,1004.739,74.162,SYNTHETIC_DEMO_DATA
4867,Kerala Coast,10.12629,76.24266,2026-08-14 20:24:49,15.57,58.414,1015.494,99.162,SYNTHETIC_DEMO_DATA
4868,Chennai Coast,12.9323,80.55486,2026-08-14 23:19:40,11.939,38.428,1015.702,91.325,SYNTHETIC_DEMO_DATA
4869,Lakshadweep,10.64602,72.73081,2026-08-15 02:14:31,15.062,41.172,1012.595,81.941,SYNTHETIC_DEMO_DATA
4870,Gujarat Coast,22.10767,69.40456,2026-08-15 05:09:22,16.401,45.459,996.933,71.409,SYNTHETIC_DEMO_DATA
4871,Odisha Coast,20.22648,85.90593,2026-08-15 08:04:13,19.361,44.046,1013.699,86.942,SYNTHETIC_DEMO_DATA
4872,Lakshadweep,10.77111,72.68659,2026-08-15 10:59:04,15.989,29.536,1002.543,75.974,SYNTHETIC_DEMO_DATA
4873,Sundarbans,21.68537,89.13301,2026-08-15 13:53:55,20.05,47.855,1004.471,80.931,SYNTHETIC_DEMO_DATA
4874,Mumbai Coast,18.59374,72.85277,2026-08-15 16:48:46,16.703,59.845,1017.277,99.751,SYNTHETIC_DEMO_DATA
4875,Odisha Coast,19.59569,85.65236,2026-08-15 19:43:37,8.816,45.327,1002.433,55.165,SYNTHETIC_DEMO_DATA
4876,Gujarat Coast,22.16559,69.8197,2026-08-15 22:38:28,19.485,35.855,1010.918,77.772,SYNTHETIC_DEMO_DATA
4877,Kerala Coast,9.68361,76.61387,2026-08-16 01:33:19,15.554,58.065,1007.808,96.662,SYNTHETIC_DEMO_DATA
4878,Kerala Coast,9.73403,76.73787,2026-08-16 04:28:10,18.324,43.271,1015.684,79.098,SYNTHETIC_DEMO_DATA
4879,Gujarat Coast,22.38347,69.47553,2026-08-16 07:23:01,20.358,24.39,1022.227,82.544,SYNTHETIC_DEMO_DATA
4880,Goa Coast,15.56741,73.86918,2026-08-16 10:17:53,21.44,39.205,988.163,88.869,SYNTHETIC_DEMO_DATA
4881,Chennai Coast,13.01928,80.25726,2026-08-16 13:12:44,17.206,38.198,1008.468,73.173,SYNTHETIC_DEMO_DATA
4882,Lakshadweep,10.98984,72.46375,2026-08-16 16:07:35,31.185,27.846,1008.485,69.021,SYNTHETIC_DEMO_DATA
4883,Kerala Coast,9.74115,76.23719,2026-08-16 19:02:26,12.953,49.767,1004.037,89.242,SYNTHETIC_DEMO_DATA
4884,Odisha Coast,19.57595,85.70991,2026-08-16 21:57:17,23.741,27.932,1005.873,100.0,SYNTHETIC_DEMO_DATA
4885,Sundarbans,21.81155,89.07445,2026-08-17 00:52:08,22.724,38.594,1004.527,67.018,SYNTHETIC_DEMO_DATA
4886,Visakhapatnam,17.53989,83.15697,2026-08-17 03:46:59,20.687,37.833,995.277,86.002,SYNTHETIC_DEMO_DATA
4887,Gujarat Coast,22.39344,69.60629,2026-08-17 06:41:50,20.811,28.365,997.932,92.296,SYNTHETIC_DEMO_DATA
4888,Mumbai Coast,18.91769,72.84959,2026-08-17 09:36:41,9.863,47.953,1003.041,95.815,SYNTHETIC_DEMO_DATA
4889,Chennai Coast,13.22336,80.15065,2026-08-17 12:31:32,25.156,57.128,1012.057,99.718,SYNTHETIC_DEMO_DATA
4890,Kerala Coast,10.11253,76.47543,2026-08-17 15:26:23,17.459,50.715,1007.782,88.509,SYNTHETIC_DEMO_DATA
4891,Andaman & Nicobar,12.06729,92.67913,2026-08-17 18:21:14,12.864,27.304,993.132,72.973,SYNTHETIC_DEMO_DATA
4892,Mumbai Coast,18.65924,72.92963,2026-08-17 21:16:05,17.398,39.314,1018.801,83.538,SYNTHETIC_DEMO_DATA
4893,Sundarbans,21.96498,89.09358,2026-08-18 00:10:56,20.39,44.772,997.366,97.768,SYNTHETIC_DEMO_DATA
4894,Sundarbans,21.95945,89.16353,2026-08-18 03:05:47,24.309,56.203,999.907,86.275,SYNTHETIC_DEMO_DATA
4895,Kerala Coast,9.98108,76.5294,2026-08-18 06:00:38,21.61,46.474,1011.974,97.879,SYNTHETIC_DEMO_DATA
4896,Kerala Coast,9.88605,75.89479,2026-08-18 08:55:29,29.225,54.848,1007.971,90.216,SYNTHETIC_DEMO_DATA
4897,Andaman & Nicobar,11.55396,92.51273,2026-08-18 11:50:21,6.709,45.002,1007.285,77.766,SYNTHETIC_DEMO_DATA
4898,Mumbai Coast,19.0861,72.56069,2026-08-18 14:45:12,23.659,41.498,1009.767,90.112,SYNTHETIC_DEMO_DATA
4899,Goa Coast,15.66161,73.8477,2026-08-18 17:40:03,17.384,36.504,995.297,59.347,SYNTHETIC_DEMO_DATA
4900,Mumbai Coast,18.69607,73.00015,2026-08-18 20:34:54,27.969,39.222,1006.171,85.757,SYNTHETIC_DEMO_DATA
4901,Chennai Coast,13.02975,79.98916,2026-08-18 23:29:45,16.574,34.702,1006.041,94.783,SYNTHETIC_DEMO_DATA
4902,Gujarat Coast,22.38744,69.73353,2026-08-19 02:24:36,17.02,37.652,1007.309,91.716,SYNTHETIC_DEMO_DATA
4903,Gujarat Coast,21.95812,69.52638,2026-08-19 05:19:27,10.562,35.754,1008.095,98.158,SYNTHETIC_DEMO_DATA
4904,Goa Coast,15.72919,73.66397,2026-08-19 08:14:18,19.139,29.028,1016.829,91.364,SYNTHETIC_DEMO_DATA
4905,Odisha Coast,19.88788,85.65672,2026-08-19 11:09:09,16.249,37.103,1008.426,97.881,SYNTHETIC_DEMO_DATA
4906,Gujarat Coast,22.37983,69.702,2026-08-19 14:04:00,10.946,31.465,1002.598,81.994,SYNTHETIC_DEMO_DATA
4907,Visakhapatnam,17.8005,83.42182,2026-08-19 16:58:51,14.582,39.271,998.154,92.711,SYNTHETIC_DEMO_DATA
4908,Goa Coast,15.39884,73.92936,2026-08-19 19:53:42,13.218,26.865,1019.174,92.713,SYNTHETIC_DEMO_DATA
4909,Goa Coast,15.44116,73.74827,2026-08-19 22:48:33,16.158,39.531,1004.307,95.284,SYNTHETIC_DEMO_DATA
4910,Gujarat Coast,22.28815,69.77821,2026-08-20 01:43:24,15.003,42.457,1014.712,94.09,SYNTHETIC_DEMO_DATA
4911,Lakshadweep,10.22613,72.1007,2026-08-20 04:38:15,18.811,44.415,1012.575,72.948,SYNTHETIC_DEMO_DATA
4912,Mumbai Coast,18.82505,72.4884,2026-08-20 07:33:06,17.976,50.448,1008.586,72.049,SYNTHETIC_DEMO_DATA
4913,Sundarbans,22.15446,88.9657,2026-08-20 10:27:57,24.102,34.133,1019.613,92.683,SYNTHETIC_DEMO_DATA
4914,Gujarat Coast,22.23604,69.63333,2026-08-20 13:22:48,16.877,31.439,998.097,94.38,SYNTHETIC_DEMO_DATA
4915,Goa Coast,15.2466,74.2452,2026-08-20 16:17:40,14.947,37.05,1003.083,83.177,SYNTHETIC_DEMO_DATA
4916,Odisha Coast,19.59351,85.89633,2026-08-20 19:12:31,13.207,39.932,1012.883,97.971,SYNTHETIC_DEMO_DATA
4917,Odisha Coast,19.84171,85.65424,2026-08-20 22:07:22,15.054,35.094,995.304,76.607,SYNTHETIC_DEMO_DATA
4918,Visakhapatnam,17.99332,83.31183,2026-08-21 01:02:13,16.148,28.836,1005.721,79.06,SYNTHETIC_DEMO_DATA
4919,Andaman & Nicobar,11.69157,92.7513,2026-08-21 03:57:04,5.67,38.14,1015.834,84.05,SYNTHETIC_DEMO_DATA
4920,Mumbai Coast,18.71652,72.42517,2026-08-21 06:51:55,18.198,50.591,1004.006,79.207,SYNTHETIC_DEMO_DATA
4921,Lakshadweep,10.70484,72.61887,2026-08-21 09:46:46,21.976,41.973,1010.409,84.166,SYNTHETIC_DEMO_DATA
4922,Andaman & Nicobar,11.99802,92.88017,2026-08-21 12:41:37,19.101,26.564,1019.181,76.086,SYNTHETIC_DEMO_DATA
4923,Mumbai Coast,19.11033,72.88123,2026-08-21 15:36:28,7.04,49.835,1013.241,71.189,SYNTHETIC_DEMO_DATA
4924,Gujarat Coast,22.17387,69.71193,2026-08-21 18:31:19,8.813,30.52,1017.263,68.476,SYNTHETIC_DEMO_DATA
4925,Chennai Coast,12.92427,79.98717,2026-08-21 21:26:10,20.541,46.496,1007.067,89.78,SYNTHETIC_DEMO_DATA
4926,Sundarbans,21.8531,89.27018,2026-08-22 00:21:01,19.158,51.188,1000.383,95.953,SYNTHETIC_DEMO_DATA
4927,Chennai Coast,13.21681,80.73889,2026-08-22 03:15:52,16.808,31.068,1023.736,86.136,SYNTHETIC_DEMO_DATA
4928,Mumbai Coast,19.14687,72.56462,2026-08-22 06:10:43,6.926,35.913,1012.027,89.119,SYNTHETIC_DEMO_DATA
4929,Odisha Coast,19.79517,85.99726,2026-08-22 09:05:34,21.373,44.106,1002.532,88.383,SYNTHETIC_DEMO_DATA
4930,Visakhapatnam,18.19182,83.10833,2026-08-22 12:00:25,23.068,41.762,996.709,86.878,SYNTHETIC_DEMO_DATA
4931,Sundarbans,21.99596,89.51147,2026-08-22 14:55:16,12.25,61.72,998.961,79.661,SYNTHETIC_DEMO_DATA
4932,Goa Coast,15.42892,73.62879,2026-08-22 17:50:08,13.59,40.42,1009.15,85.1,SYNTHETIC_DEMO_DATA
4933,Andaman & Nicobar,11.9161,92.62053,2026-08-22 20:44:59,21.103,39.37,1019.989,84.0,SYNTHETIC_DEMO_DATA
4934,Andaman & Nicobar,11.794,92.60345,2026-08-22 23:39:50,18.2,48.056,1014.357,91.296,SYNTHETIC_DEMO_DATA
4935,Chennai Coast,12.91006,79.95054,2026-08-23 02:34:41,17.003,22.872,1017.585,81.366,SYNTHETIC_DEMO_DATA
4936,Mumbai Coast,19.10366,72.76658,2026-08-23 05:29:32,20.983,41.174,998.575,73.897,SYNTHETIC_DEMO_DATA
4937,Lakshadweep,10.82163,72.19859,2026-08-23 08:24:23,14.54,42.623,1014.463,77.601,SYNTHETIC_DEMO_DATA
4938,Mumbai Coast,18.83772,73.09286,2026-08-23 11:19:14,12.97,36.226,1009.726,68.771,SYNTHETIC_DEMO_DATA
4939,Visakhapatnam,17.5237,82.81767,2026-08-23 14:14:05,11.993,41.066,1008.071,85.61,SYNTHETIC_DEMO_DATA
4940,Chennai Coast,13.16573,80.29754,2026-08-23 17:08:56,17.222,48.069,996.256,84.426,SYNTHETIC_DEMO_DATA
4941,Goa Coast,15.26166,74.09674,2026-08-23 20:03:47,17.856,28.261,1004.583,78.451,SYNTHETIC_DEMO_DATA
4942,Kerala Coast,10.2383,76.01547,2026-08-23 22:58:38,23.309,45.31,1003.907,91.514,SYNTHETIC_DEMO_DATA
4943,Andaman & Nicobar,11.33345,92.41522,2026-08-24 01:53:29,17.692,52.844,1016.552,83.462,SYNTHETIC_DEMO_DATA
4944,Andaman & Nicobar,11.58018,92.69657,2026-08-24 04:48:20,19.555,46.93,1022.07,82.698,SYNTHETIC_DEMO_DATA
4945,Sundarbans,21.70943,89.08289,2026-08-24 07:43:11,15.485,55.076,995.589,74.765,SYNTHETIC_DEMO_DATA
4946,Goa Coast,15.47354,73.64931,2026-08-24 10:38:02,17.648,40.135,1018.61,86.235,SYNTHETIC_DEMO_DATA
4947,Chennai Coast,13.10372,79.98795,2026-08-24 13:32:53,17.773,45.516,1013.04,96.803,SYNTHETIC_DEMO_DATA
4948,Mumbai Coast,18.83206,72.71762,2026-08-24 16:27:44,18.002,48.366,1009.322,76.066,SYNTHETIC_DEMO_DATA
4949,Visakhapatnam,17.43508,83.11645,2026-08-24 19:22:36,22.753,51.01,1014.02,58.702,SYNTHETIC_DEMO_DATA
4950,Chennai Coast,12.90647,80.0261,2026-08-24 22:17:27,14.367,45.418,1010.247,65.816,SYNTHETIC_DEMO_DATA
4951,Chennai Coast,13.10333,80.19495,2026-08-25 01:12:18,8.957,41.575,1010.586,76.279,SYNTHETIC_DEMO_DATA
4952,Sundarbans,22.03567,89.0775,2026-08-25 04:07:09,15.076,55.606,1006.052,84.247,SYNTHETIC_DEMO_DATA
4953,Goa Coast,15.23439,73.70199,2026-08-25 07:02:00,15.768,23.535,1006.791,72.216,SYNTHETIC_DEMO_DATA
4954,Odisha Coast,19.49453,86.06005,2026-08-25 09:56:51,22.351,47.017,1000.026,87.035,SYNTHETIC_DEMO_DATA
4955,Chennai Coast,12.74038,80.03545,2026-08-25 12:51:42,20.485,33.879,992.882,89.177,SYNTHETIC_DEMO_DATA
4956,Odisha Coast,19.61115,85.49617,2026-08-25 15:46:33,14.535,48.067,1007.978,70.962,SYNTHETIC_DEMO_DATA
4957,Odisha Coast,20.01979,85.96457,2026-08-25 18:41:24,16.221,28.351,1004.278,60.684,SYNTHETIC_DEMO_DATA
4958,Chennai Coast,12.99468,80.14863,2026-08-25 21:36:15,20.583,26.429,1007.107,56.725,SYNTHETIC_DEMO_DATA
4959,Lakshadweep,10.82352,72.35823,2026-08-26 00:31:06,20.86,46.483,1012.965,91.995,SYNTHETIC_DEMO_DATA
4960,Lakshadweep,10.34464,72.59479,2026-08-26 03:25:57,10.969,39.274,1015.011,68.255,SYNTHETIC_DEMO_DATA
4961,Chennai Coast,13.10997,80.13599,2026-08-26 06:20:48,17.665,21.149,1000.508,78.572,SYNTHETIC_DEMO_DATA
4962,Mumbai Coast,18.7465,72.97326,2026-08-26 09:15:39,15.98,42.876,999.261,87.184,SYNTHETIC_DEMO_DATA
4963,Lakshadweep,10.64273,72.65819,2026-08-26 12:10:30,13.306,39.883,1015.557,84.217,SYNTHETIC_DEMO_DATA
4964,Visakhapatnam,17.74969,83.4993,2026-08-26 15:05:21,24.091,39.512,991.552,68.503,SYNTHETIC_DEMO_DATA
4965,Lakshadweep,10.4924,72.79912,2026-08-26 18:00:12,21.647,40.181,1012.798,81.675,SYNTHETIC_DEMO_DATA
4966,Odisha Coast,20.00079,85.98431,2026-08-26 20:55:04,14.228,57.461,1003.123,87.164,SYNTHETIC_DEMO_DATA
4967,Visakhapatnam,17.88169,83.40886,2026-08-26 23:49:55,16.292,28.931,993.644,85.564,SYNTHETIC_DEMO_DATA
4968,Chennai Coast,12.9079,80.19198,2026-08-27 02:44:46,13.839,44.867,1021.08,89.476,SYNTHETIC_DEMO_DATA
4969,Sundarbans,22.01139,89.43631,2026-08-27 05:39:37,12.17,51.917,993.79,100.0,SYNTHETIC_DEMO_DATA
4970,Andaman & Nicobar,11.57551,92.62951,2026-08-27 08:34:28,16.757,50.875,1005.746,91.745,SYNTHETIC_DEMO_DATA
4971,Andaman & Nicobar,11.55359,92.64325,2026-08-27 11:29:19,16.975,52.331,1009.133,80.487,SYNTHETIC_DEMO_DATA
4972,Chennai Coast,12.95274,80.31678,2026-08-27 14:24:10,23.652,28.42,1011.496,93.982,SYNTHETIC_DEMO_DATA
4973,Andaman & Nicobar,11.75654,92.5685,2026-08-27 17:19:01,16.898,51.834,1001.687,85.036,SYNTHETIC_DEMO_DATA
4974,Goa Coast,15.54915,74.06927,2026-08-27 20:13:52,12.776,42.584,1010.346,53.405,SYNTHETIC_DEMO_DATA
4975,Andaman & Nicobar,11.90291,92.68777,2026-08-27 23:08:43,19.411,44.348,1006.946,73.903,SYNTHETIC_DEMO_DATA
4976,Andaman & Nicobar,11.80754,92.61502,2026-08-28 02:03:34,16.861,55.221,1004.946,82.245,SYNTHETIC_DEMO_DATA
4977,Mumbai Coast,18.98815,73.16183,2026-08-28 04:58:25,12.511,41.086,1010.737,69.904,SYNTHETIC_DEMO_DATA
4978,Odisha Coast,19.92244,85.755,2026-08-28 07:53:16,20.52,41.931,1003.691,84.66,SYNTHETIC_DEMO_DATA
4979,Lakshadweep,10.54028,72.99821,2026-08-28 10:48:07,13.951,31.019,1014.041,96.728,SYNTHETIC_DEMO_DATA
4980,Gujarat Coast,22.66188,69.48445,2026-08-28 13:42:58,21.077,37.572,1021.5,79.896,SYNTHETIC_DEMO_DATA
4981,Lakshadweep,10.6401,72.42398,2026-08-28 16:37:49,14.355,38.639,1016.391,84.745,SYNTHETIC_DEMO_DATA
4982,Lakshadweep,10.22936,72.74306,2026-08-28 19:32:40,11.775,42.84,1004.981,70.774,SYNTHETIC_DEMO_DATA
4983,Odisha Coast,19.73479,85.83416,2026-08-28 22:27:32,24.063,52.833,1018.884,87.143,SYNTHETIC_DEMO_DATA
4984,Kerala Coast,10.09137,76.4031,2026-08-29 01:22:23,14.427,47.414,1010.809,86.722,SYNTHETIC_DEMO_DATA
4985,Odisha Coast,19.75193,85.65993,2026-08-29 04:17:14,11.7,25.331,1001.931,92.055,SYNTHETIC_DEMO_DATA
4986,Sundarbans,21.83418,89.1398,2026-08-29 07:12:05,18.843,47.467,1005.055,100.0,SYNTHETIC_DEMO_DATA
4987,Lakshadweep,10.53631,72.55385,2026-08-29 10:06:56,16.01,35.761,1011.448,73.244,SYNTHETIC_DEMO_DATA
4988,Lakshadweep,10.1855,72.65545,2026-08-29 13:01:47,12.65,18.45,1010.505,56.865,SYNTHETIC_DEMO_DATA
4989,Lakshadweep,10.68368,72.46896,2026-08-29 15:56:38,18.649,44.342,1016.822,78.78,SYNTHETIC_DEMO_DATA
4990,Andaman & Nicobar,11.70436,92.24436,2026-08-29 18:51:29,14.516,40.215,1005.953,69.792,SYNTHETIC_DEMO_DATA
4991,Gujarat Coast,21.80562,69.63201,2026-08-29 21:46:20,10.675,18.306,1020.707,91.981,SYNTHETIC_DEMO_DATA
4992,Mumbai Coast,18.7363,72.88143,2026-08-30 00:41:11,10.417,55.379,1012.46,85.656,SYNTHETIC_DEMO_DATA
4993,Lakshadweep,10.39055,72.58274,2026-08-30 03:36:02,14.207,45.592,1009.694,73.315,SYNTHETIC_DEMO_DATA
4994,Mumbai Coast,19.16552,72.78825,2026-08-30 06:30:53,10.959,46.006,1004.503,98.904,SYNTHETIC_DEMO_DATA
4995,Gujarat Coast,22.34084,69.53011,2026-08-30 09:25:44,26.898,15.227,1019.306,70.325,SYNTHETIC_DEMO_DATA
4996,Visakhapatnam,17.83383,83.08518,2026-08-30 12:20:35,19.563,31.004,1020.985,90.572,SYNTHETIC_DEMO_DATA
4997,Goa Coast,15.36387,73.70652,2026-08-30 15:15:26,12.441,45.687,1011.012,80.543,SYNTHETIC_DEMO_DATA
4998,Andaman & Nicobar,12.03937,92.37986,2026-08-30 18:10:17,9.56,44.656,1017.774,91.949,SYNTHETIC_DEMO_DATA
4999,Gujarat Coast,21.98357,69.60495,2026-08-30 21:05:08,24.473,40.593,996.245,87.536,SYNTHETIC_DEMO_DATA
5000,Kerala Coast,9.94659,75.96627,2026-08-31 00:00:00,18.05,47.727,1003.945,98.819,SYNTHETIC_DEMO_DATA
